word,pronunciation_romaji,cat_bit,dom_bit,pol_code,int_bit,tone_code,morph_bit,stem_bit,ipa_clean,x1,x2,x3,x4,x5,x6,x7_hz,x7_norm,x8,x9_re,x9_norm,x10,x11,x11_ord,x12,L,a,b,x13_accent,x14_contour,x15_meter,x16_regularity,morph_type
달랑,dalrang,4,8,0,1,1,8,1,talraŋ,1,8,7,5,2,5,2100.0,6.25,9,800.0,3.53,3,0,2,#FFD700,86.9,-1.9,87.1,5,5,0,0,SINGLE(단발)
달랑달랑,dalrangdalrang,4,8,0,1,1,1,1,talraŋtalraŋ,1,7,7,5,2,5,2100.0,6.25,8,3200.0,5.89,3,0,2,#FFD700,86.9,-1.9,87.1,5,5,5,1,REDUP(첩어・동일)
달랑달랑달랑,dalrangdalrangdalrang,4,8,0,1,1,1,1,talraŋtalraŋtalraŋ,1,7,7,5,2,5,2100.0,6.25,8,3200.0,5.89,3,0,2,#FFD700,86.9,-1.9,87.1,5,5,5,1,REDUP(첩어・동일)
달랑거리다,dalranggeorida,4,8,0,1,1,32,1,talraŋkʌrita,1,2,5,5,2,5,2100.0,6.25,8,1800.0,4.91,3,0,2,#FFD700,86.9,-1.9,87.1,5,5,5,8,STEM+GEORIDA
달랑달랑거리다,dalrangdalranggeorida,4,8,0,1,1,33,1,talraŋtalraŋkʌrita,1,4,5,5,2,5,2100.0,6.25,8,3200.0,5.89,3,0,2,#FFD700,86.9,-1.9,87.1,5,5,5,1,STEM+GEORIDA
달랑대다,dalrangdaeda,4,8,0,1,1,32,1,talraŋtɛta,1,2,5,5,2,5,2100.0,6.25,8,1800.0,4.91,3,0,2,#FFD700,86.9,-1.9,87.1,5,5,5,8,STEM+DAEDA
달랑달랑대다,dalrangdalrangdaeda,4,8,0,1,1,33,1,talraŋtalraŋtɛta,1,4,5,5,2,5,2100.0,6.25,8,3200.0,5.89,3,0,2,#FFD700,86.9,-1.9,87.1,5,5,5,1,STEM+DAEDA
달랑이다,dalrangida,4,8,0,1,1,32,1,talraŋita,1,2,5,5,2,5,2100.0,6.25,8,1800.0,4.91,3,0,2,#FFD700,86.9,-1.9,87.1,5,5,5,8,STEM+IDA
달랑달랑이다,dalrangdalrangida,4,8,0,1,1,33,1,talraŋtalraŋita,1,4,5,5,2,5,2100.0,6.25,8,3200.0,5.89,3,0,2,#FFD700,86.9,-1.9,87.1,5,5,5,1,STEM+IDA
달랑하다,dalranghada,4,8,0,1,1,32,1,talraŋhata,1,2,5,7,2,5,2100.0,6.25,8,1800.0,4.91,3,0,2,#FFD700,86.9,-1.9,87.1,5,5,5,8,STEM+HADA
달랑달랑하다,dalrangdalranghada,4,8,0,1,1,33,1,talraŋtalraŋhata,1,4,5,7,2,5,2100.0,6.25,8,3200.0,5.89,3,0,2,#FFD700,86.9,-1.9,87.1,5,5,5,1,STEM+HADA
달랑스럽다,dalrangseureopda,4,8,0,1,1,32,1,talraŋsɯrʌp̚ta,1,2,5,7,5,5,2100.0,6.25,8,1800.0,4.91,3,0,3,#FFD700,86.9,-1.9,87.1,5,5,5,8,SUFFIX(어미변화)
달랑달랑스럽다,dalrangdalrangseureopda,4,8,0,1,1,33,1,talraŋtalraŋsɯrʌp̚ta,1,4,5,7,5,5,2100.0,6.25,8,3200.0,5.89,3,0,3,#FFD700,86.9,-1.9,87.1,5,5,5,1,REDUP(첩어・동일)
달랑맞다,dalrangmajda,4,8,0,1,1,32,1,talraŋmat̚ta,1,2,5,5,2,5,2100.0,6.25,8,1800.0,4.91,3,0,2,#FFD700,86.9,-1.9,87.1,5,5,5,8,SUFFIX(어미변화)
달랑달랑맞다,dalrangdalrangmajda,4,8,0,1,1,33,1,talraŋtalraŋmat̚ta,1,4,5,5,2,5,2100.0,6.25,8,3200.0,5.89,3,0,2,#FFD700,86.9,-1.9,87.1,5,5,5,1,REDUP(첩어・동일)
달랑거리며,dalranggeorimyeo,4,8,0,1,1,32,1,talraŋkʌrimjʌ,1,2,5,5,2,5,2100.0,6.25,8,1800.0,4.91,3,0,2,#FFD700,86.9,-1.9,87.1,5,5,5,8,SUFFIX(어미변화)
달랑달랑거리며,dalrangdalranggeorimyeo,4,8,0,1,1,33,1,talraŋtalraŋkʌrimjʌ,1,4,5,5,2,5,2100.0,6.25,8,3200.0,5.89,3,0,2,#FFD700,86.9,-1.9,87.1,5,5,5,1,REDUP(첩어・동일)
달랑대며,dalrangdaemyeo,4,8,0,1,1,32,1,talraŋtɛmjʌ,1,2,5,5,2,5,2100.0,6.25,8,1800.0,4.91,3,0,2,#FFD700,86.9,-1.9,87.1,5,5,5,8,SUFFIX(어미변화)
달랑달랑대며,dalrangdalrangdaemyeo,4,8,0,1,1,33,1,talraŋtalraŋtɛmjʌ,1,4,5,5,2,5,2100.0,6.25,8,3200.0,5.89,3,0,2,#FFD700,86.9,-1.9,87.1,5,5,5,1,REDUP(첩어・동일)
달랑하게,dalranghage,4,8,0,1,1,32,1,talraŋhake,1,2,5,7,2,5,2100.0,6.25,8,1800.0,4.91,3,0,2,#FFD700,86.9,-1.9,87.1,5,5,5,8,SUFFIX(어미변화)
달랑달랑하게,dalrangdalranghage,4,8,0,1,1,33,1,talraŋtalraŋhake,1,4,5,7,2,5,2100.0,6.25,8,3200.0,5.89,3,0,2,#FFD700,86.9,-1.9,87.1,5,5,5,1,REDUP(첩어・동일)
달랑한,dalranghan,4,8,0,1,1,32,1,talraŋhan,1,2,5,7,2,5,2100.0,6.25,8,1800.0,4.91,3,0,2,#FFD700,86.9,-1.9,87.1,5,5,5,8,SUFFIX(어미변화)
달랑달랑한,dalrangdalranghan,4,8,0,1,1,33,1,talraŋtalraŋhan,1,4,5,7,2,5,2100.0,6.25,8,3200.0,5.89,3,0,2,#FFD700,86.9,-1.9,87.1,5,5,5,1,REDUP(첩어・동일)
달랑스럽게,dalrangseureopge,4,8,0,1,1,32,1,talraŋsɯrʌp̚ke,1,2,5,7,5,5,2100.0,6.25,8,1800.0,4.91,3,0,3,#FFD700,86.9,-1.9,87.1,5,5,5,8,SUFFIX(어미변화)
달랑달랑스럽게,dalrangdalrangseureopge,4,8,0,1,1,33,1,talraŋtalraŋsɯrʌp̚ke,1,4,5,7,5,5,2100.0,6.25,8,3200.0,5.89,3,0,3,#FFD700,86.9,-1.9,87.1,5,5,5,1,REDUP(첩어・동일)
달랑스러운,dalrangseureoun,4,8,0,1,1,32,1,talraŋsɯrʌun,1,2,5,7,2,5,2100.0,6.25,8,1800.0,4.91,3,0,2,#FFD700,86.9,-1.9,87.1,5,5,5,8,SUFFIX(어미변화)
달랑달랑스러운,dalrangdalrangseureoun,4,8,0,1,1,33,1,talraŋtalraŋsɯrʌun,1,4,5,7,2,5,2100.0,6.25,8,3200.0,5.89,3,0,2,#FFD700,86.9,-1.9,87.1,5,5,5,1,REDUP(첩어・동일)
달랑해서,dalranghaeseo,4,8,0,1,1,32,1,talraŋhɛsʌ,1,2,5,7,2,5,2100.0,6.25,8,1800.0,4.91,3,0,2,#FFD700,86.9,-1.9,87.1,5,5,5,8,SUFFIX(어미변화)
달랑달랑해서,dalrangdalranghaeseo,4,8,0,1,1,33,1,talraŋtalraŋhɛsʌ,1,4,5,7,2,5,2100.0,6.25,8,3200.0,5.89,3,0,2,#FFD700,86.9,-1.9,87.1,5,5,5,1,REDUP(첩어・동일)
달랑하고,dalranghago,4,8,0,1,1,32,1,talraŋhako,1,2,5,7,2,5,2100.0,6.25,8,1800.0,4.91,3,0,2,#FFD700,86.9,-1.9,87.1,5,5,5,8,SUFFIX(어미변화)
달랑달랑하고,dalrangdalranghago,4,8,0,1,1,33,1,talraŋtalraŋhako,1,4,5,7,2,5,2100.0,6.25,8,3200.0,5.89,3,0,2,#FFD700,86.9,-1.9,87.1,5,5,5,1,REDUP(첩어・동일)
찰랑,chalrang,4,2,1,2,1,8,1,tɕʰalraŋ,3,8,8,7,3,8,2900.0,6.92,9,800.0,3.53,5,0,2,#FFD700,86.9,-1.9,87.1,5,5,0,0,SINGLE(단발)
찰랑찰랑,chalrangchalrang,4,2,1,2,1,1,1,tɕʰalraŋtɕʰalraŋ,3,7,8,7,3,8,2900.0,6.92,8,3200.0,5.89,5,0,2,#FFD700,86.9,-1.9,87.1,5,5,5,1,REDUP(첩어・동일)
찰랑찰랑찰랑,chalrangchalrangchalrang,4,2,1,2,1,1,1,tɕʰalraŋtɕʰalraŋtɕʰalraŋ,3,7,8,7,3,8,2900.0,6.92,8,3200.0,5.89,5,0,2,#FFD700,86.9,-1.9,87.1,5,5,5,1,REDUP(첩어・동일)
찰랑거리다,chalranggeorida,4,2,1,2,1,32,1,tɕʰalraŋkʌrita,3,2,6,7,3,8,2900.0,6.92,8,1800.0,4.91,5,0,2,#FFD700,86.9,-1.9,87.1,5,5,5,8,STEM+GEORIDA
찰랑찰랑거리다,chalrangchalranggeorida,4,2,1,2,1,33,1,tɕʰalraŋtɕʰalraŋkʌrita,3,4,6,7,3,8,2900.0,6.92,8,3200.0,5.89,5,0,2,#FFD700,86.9,-1.9,87.1,5,5,5,1,STEM+GEORIDA
찰랑대다,chalrangdaeda,4,2,1,2,1,32,1,tɕʰalraŋtɛta,3,2,6,7,3,8,2900.0,6.92,8,1800.0,4.91,5,0,2,#FFD700,86.9,-1.9,87.1,5,5,5,8,STEM+DAEDA
찰랑찰랑대다,chalrangchalrangdaeda,4,2,1,2,1,33,1,tɕʰalraŋtɕʰalraŋtɛta,3,4,6,7,3,8,2900.0,6.92,8,3200.0,5.89,5,0,2,#FFD700,86.9,-1.9,87.1,5,5,5,1,STEM+DAEDA
찰랑이다,chalrangida,4,2,1,2,1,32,1,tɕʰalraŋita,3,2,6,7,3,8,2900.0,6.92,8,1800.0,4.91,5,0,2,#FFD700,86.9,-1.9,87.1,5,5,5,8,STEM+IDA
찰랑찰랑이다,chalrangchalrangida,4,2,1,2,1,33,1,tɕʰalraŋtɕʰalraŋita,3,4,6,7,3,8,2900.0,6.92,8,3200.0,5.89,5,0,2,#FFD700,86.9,-1.9,87.1,5,5,5,1,STEM+IDA
찰랑하다,chalranghada,4,2,1,2,1,32,1,tɕʰalraŋhata,3,2,6,7,3,8,2900.0,6.92,8,1800.0,4.91,5,0,2,#FFD700,86.9,-1.9,87.1,5,5,5,8,STEM+HADA
찰랑찰랑하다,chalrangchalranghada,4,2,1,2,1,33,1,tɕʰalraŋtɕʰalraŋhata,3,4,6,7,3,8,2900.0,6.92,8,3200.0,5.89,5,0,2,#FFD700,86.9,-1.9,87.1,5,5,5,1,STEM+HADA
찰랑스럽다,chalrangseureopda,4,2,1,2,1,32,1,tɕʰalraŋsɯrʌp̚ta,3,2,6,7,5,8,2900.0,6.92,8,1800.0,4.91,5,0,3,#FFD700,86.9,-1.9,87.1,5,5,5,8,SUFFIX(어미변화)
찰랑찰랑스럽다,chalrangchalrangseureopda,4,2,1,2,1,33,1,tɕʰalraŋtɕʰalraŋsɯrʌp̚ta,3,4,6,7,5,8,2900.0,6.92,8,3200.0,5.89,5,0,3,#FFD700,86.9,-1.9,87.1,5,5,5,1,REDUP(첩어・동일)
찰랑맞다,chalrangmajda,4,2,1,2,1,32,1,tɕʰalraŋmat̚ta,3,2,6,7,3,8,2900.0,6.92,8,1800.0,4.91,5,0,2,#FFD700,86.9,-1.9,87.1,5,5,5,8,SUFFIX(어미변화)
찰랑찰랑맞다,chalrangchalrangmajda,4,2,1,2,1,33,1,tɕʰalraŋtɕʰalraŋmat̚ta,3,4,6,7,3,8,2900.0,6.92,8,3200.0,5.89,5,0,2,#FFD700,86.9,-1.9,87.1,5,5,5,1,REDUP(첩어・동일)
찰랑거리며,chalranggeorimyeo,4,2,1,2,1,32,1,tɕʰalraŋkʌrimjʌ,3,2,6,7,3,8,2900.0,6.92,8,1800.0,4.91,5,0,2,#FFD700,86.9,-1.9,87.1,5,5,5,8,SUFFIX(어미변화)
찰랑찰랑거리며,chalrangchalranggeorimyeo,4,2,1,2,1,33,1,tɕʰalraŋtɕʰalraŋkʌrimjʌ,3,4,6,7,3,8,2900.0,6.92,8,3200.0,5.89,5,0,2,#FFD700,86.9,-1.9,87.1,5,5,5,1,REDUP(첩어・동일)
찰랑대며,chalrangdaemyeo,4,2,1,2,1,32,1,tɕʰalraŋtɛmjʌ,3,2,6,7,3,8,2900.0,6.92,8,1800.0,4.91,5,0,2,#FFD700,86.9,-1.9,87.1,5,5,5,8,SUFFIX(어미변화)
찰랑찰랑대며,chalrangchalrangdaemyeo,4,2,1,2,1,33,1,tɕʰalraŋtɕʰalraŋtɛmjʌ,3,4,6,7,3,8,2900.0,6.92,8,3200.0,5.89,5,0,2,#FFD700,86.9,-1.9,87.1,5,5,5,1,REDUP(첩어・동일)
찰랑하게,chalranghage,4,2,1,2,1,32,1,tɕʰalraŋhake,3,2,6,7,3,8,2900.0,6.92,8,1800.0,4.91,5,0,2,#FFD700,86.9,-1.9,87.1,5,5,5,8,SUFFIX(어미변화)
찰랑찰랑하게,chalrangchalranghage,4,2,1,2,1,33,1,tɕʰalraŋtɕʰalraŋhake,3,4,6,7,3,8,2900.0,6.92,8,3200.0,5.89,5,0,2,#FFD700,86.9,-1.9,87.1,5,5,5,1,REDUP(첩어・동일)
찰랑한,chalranghan,4,2,1,2,1,32,1,tɕʰalraŋhan,3,2,6,7,3,8,2900.0,6.92,8,1800.0,4.91,5,0,2,#FFD700,86.9,-1.9,87.1,5,5,5,8,SUFFIX(어미변화)
찰랑찰랑한,chalrangchalranghan,4,2,1,2,1,33,1,tɕʰalraŋtɕʰalraŋhan,3,4,6,7,3,8,2900.0,6.92,8,3200.0,5.89,5,0,2,#FFD700,86.9,-1.9,87.1,5,5,5,1,REDUP(첩어・동일)
찰랑스럽게,chalrangseureopge,4,2,1,2,1,32,1,tɕʰalraŋsɯrʌp̚ke,3,2,6,7,5,8,2900.0,6.92,8,1800.0,4.91,5,0,3,#FFD700,86.9,-1.9,87.1,5,5,5,8,SUFFIX(어미변화)
찰랑찰랑스럽게,chalrangchalrangseureopge,4,2,1,2,1,33,1,tɕʰalraŋtɕʰalraŋsɯrʌp̚ke,3,4,6,7,5,8,2900.0,6.92,8,3200.0,5.89,5,0,3,#FFD700,86.9,-1.9,87.1,5,5,5,1,REDUP(첩어・동일)
찰랑스러운,chalrangseureoun,4,2,1,2,1,32,1,tɕʰalraŋsɯrʌun,3,2,6,7,3,8,2900.0,6.92,8,1800.0,4.91,5,0,2,#FFD700,86.9,-1.9,87.1,5,5,5,8,SUFFIX(어미변화)
찰랑찰랑스러운,chalrangchalrangseureoun,4,2,1,2,1,33,1,tɕʰalraŋtɕʰalraŋsɯrʌun,3,4,6,7,3,8,2900.0,6.92,8,3200.0,5.89,5,0,2,#FFD700,86.9,-1.9,87.1,5,5,5,1,REDUP(첩어・동일)
찰랑해서,chalranghaeseo,4,2,1,2,1,32,1,tɕʰalraŋhɛsʌ,3,2,6,7,3,8,2900.0,6.92,8,1800.0,4.91,5,0,2,#FFD700,86.9,-1.9,87.1,5,5,5,8,SUFFIX(어미변화)
찰랑찰랑해서,chalrangchalranghaeseo,4,2,1,2,1,33,1,tɕʰalraŋtɕʰalraŋhɛsʌ,3,4,6,7,3,8,2900.0,6.92,8,3200.0,5.89,5,0,2,#FFD700,86.9,-1.9,87.1,5,5,5,1,REDUP(첩어・동일)
찰랑하고,chalranghago,4,2,1,2,1,32,1,tɕʰalraŋhako,3,2,6,7,3,8,2900.0,6.92,8,1800.0,4.91,5,0,2,#FFD700,86.9,-1.9,87.1,5,5,5,8,SUFFIX(어미변화)
찰랑찰랑하고,chalrangchalranghago,4,2,1,2,1,33,1,tɕʰalraŋtɕʰalraŋhako,3,4,6,7,3,8,2900.0,6.92,8,3200.0,5.89,5,0,2,#FFD700,86.9,-1.9,87.1,5,5,5,1,REDUP(첩어・동일)
퐁당,pongdang,2,2,1,2,1,8,1,pʰoŋtaŋ,3,8,8,7,3,8,2900.0,6.92,9,800.0,3.53,5,0,2,#FFD700,86.9,-1.9,87.1,5,5,0,0,SINGLE(단발)
퐁당퐁당,pongdangpongdang,2,2,1,2,1,1,1,pʰoŋtaŋpʰoŋtaŋ,3,7,8,7,3,8,2900.0,6.92,8,3200.0,5.89,5,0,2,#FFD700,86.9,-1.9,87.1,5,5,5,1,REDUP(첩어・동일)
퐁당퐁당퐁당,pongdangpongdangpongdang,2,2,1,2,1,1,1,pʰoŋtaŋpʰoŋtaŋpʰoŋtaŋ,3,7,8,7,3,8,2900.0,6.92,8,3200.0,5.89,5,0,2,#FFD700,86.9,-1.9,87.1,5,5,5,1,REDUP(첩어・동일)
퐁당거리다,pongdanggeorida,2,2,1,2,1,32,1,pʰoŋtaŋkʌrita,3,2,6,7,3,8,2900.0,6.92,8,1800.0,4.91,5,0,2,#FFD700,86.9,-1.9,87.1,5,5,5,8,STEM+GEORIDA
퐁당퐁당거리다,pongdangpongdanggeorida,2,2,1,2,1,33,1,pʰoŋtaŋpʰoŋtaŋkʌrita,3,4,6,7,3,8,2900.0,6.92,8,3200.0,5.89,5,0,2,#FFD700,86.9,-1.9,87.1,5,5,5,1,STEM+GEORIDA
퐁당대다,pongdangdaeda,2,2,1,2,1,32,1,pʰoŋtaŋtɛta,3,2,6,7,3,8,2900.0,6.92,8,1800.0,4.91,5,0,2,#FFD700,86.9,-1.9,87.1,5,5,5,8,STEM+DAEDA
퐁당퐁당대다,pongdangpongdangdaeda,2,2,1,2,1,33,1,pʰoŋtaŋpʰoŋtaŋtɛta,3,4,6,7,3,8,2900.0,6.92,8,3200.0,5.89,5,0,2,#FFD700,86.9,-1.9,87.1,5,5,5,1,STEM+DAEDA
퐁당이다,pongdangida,2,2,1,2,1,32,1,pʰoŋtaŋita,3,2,6,7,3,8,2900.0,6.92,8,1800.0,4.91,5,0,2,#FFD700,86.9,-1.9,87.1,5,5,5,8,STEM+IDA
퐁당퐁당이다,pongdangpongdangida,2,2,1,2,1,33,1,pʰoŋtaŋpʰoŋtaŋita,3,4,6,7,3,8,2900.0,6.92,8,3200.0,5.89,5,0,2,#FFD700,86.9,-1.9,87.1,5,5,5,1,STEM+IDA
퐁당하다,pongdanghada,2,2,1,2,1,32,1,pʰoŋtaŋhata,3,2,6,7,3,8,2900.0,6.92,8,1800.0,4.91,5,0,2,#FFD700,86.9,-1.9,87.1,5,5,5,8,STEM+HADA
퐁당퐁당하다,pongdangpongdanghada,2,2,1,2,1,33,1,pʰoŋtaŋpʰoŋtaŋhata,3,4,6,7,3,8,2900.0,6.92,8,3200.0,5.89,5,0,2,#FFD700,86.9,-1.9,87.1,5,5,5,1,STEM+HADA
퐁당스럽다,pongdangseureopda,2,2,1,2,1,32,1,pʰoŋtaŋsɯrʌp̚ta,3,2,6,7,5,8,2900.0,6.92,8,1800.0,4.91,5,0,3,#FFD700,86.9,-1.9,87.1,5,5,5,8,SUFFIX(어미변화)
퐁당퐁당스럽다,pongdangpongdangseureopda,2,2,1,2,1,33,1,pʰoŋtaŋpʰoŋtaŋsɯrʌp̚ta,3,4,6,7,5,8,2900.0,6.92,8,3200.0,5.89,5,0,3,#FFD700,86.9,-1.9,87.1,5,5,5,1,REDUP(첩어・동일)
퐁당맞다,pongdangmajda,2,2,1,2,1,32,1,pʰoŋtaŋmat̚ta,3,2,6,7,3,8,2900.0,6.92,8,1800.0,4.91,5,0,2,#FFD700,86.9,-1.9,87.1,5,5,5,8,SUFFIX(어미변화)
퐁당퐁당맞다,pongdangpongdangmajda,2,2,1,2,1,33,1,pʰoŋtaŋpʰoŋtaŋmat̚ta,3,4,6,7,3,8,2900.0,6.92,8,3200.0,5.89,5,0,2,#FFD700,86.9,-1.9,87.1,5,5,5,1,REDUP(첩어・동일)
퐁당거리며,pongdanggeorimyeo,2,2,1,2,1,32,1,pʰoŋtaŋkʌrimjʌ,3,2,6,7,3,8,2900.0,6.92,8,1800.0,4.91,5,0,2,#FFD700,86.9,-1.9,87.1,5,5,5,8,SUFFIX(어미변화)
퐁당퐁당거리며,pongdangpongdanggeorimyeo,2,2,1,2,1,33,1,pʰoŋtaŋpʰoŋtaŋkʌrimjʌ,3,4,6,7,3,8,2900.0,6.92,8,3200.0,5.89,5,0,2,#FFD700,86.9,-1.9,87.1,5,5,5,1,REDUP(첩어・동일)
퐁당대며,pongdangdaemyeo,2,2,1,2,1,32,1,pʰoŋtaŋtɛmjʌ,3,2,6,7,3,8,2900.0,6.92,8,1800.0,4.91,5,0,2,#FFD700,86.9,-1.9,87.1,5,5,5,8,SUFFIX(어미변화)
퐁당퐁당대며,pongdangpongdangdaemyeo,2,2,1,2,1,33,1,pʰoŋtaŋpʰoŋtaŋtɛmjʌ,3,4,6,7,3,8,2900.0,6.92,8,3200.0,5.89,5,0,2,#FFD700,86.9,-1.9,87.1,5,5,5,1,REDUP(첩어・동일)
퐁당하게,pongdanghage,2,2,1,2,1,32,1,pʰoŋtaŋhake,3,2,6,7,3,8,2900.0,6.92,8,1800.0,4.91,5,0,2,#FFD700,86.9,-1.9,87.1,5,5,5,8,SUFFIX(어미변화)
퐁당퐁당하게,pongdangpongdanghage,2,2,1,2,1,33,1,pʰoŋtaŋpʰoŋtaŋhake,3,4,6,7,3,8,2900.0,6.92,8,3200.0,5.89,5,0,2,#FFD700,86.9,-1.9,87.1,5,5,5,1,REDUP(첩어・동일)
퐁당한,pongdanghan,2,2,1,2,1,32,1,pʰoŋtaŋhan,3,2,6,7,3,8,2900.0,6.92,8,1800.0,4.91,5,0,2,#FFD700,86.9,-1.9,87.1,5,5,5,8,SUFFIX(어미변화)
퐁당퐁당한,pongdangpongdanghan,2,2,1,2,1,33,1,pʰoŋtaŋpʰoŋtaŋhan,3,4,6,7,3,8,2900.0,6.92,8,3200.0,5.89,5,0,2,#FFD700,86.9,-1.9,87.1,5,5,5,1,REDUP(첩어・동일)
퐁당스럽게,pongdangseureopge,2,2,1,2,1,32,1,pʰoŋtaŋsɯrʌp̚ke,3,2,6,7,5,8,2900.0,6.92,8,1800.0,4.91,5,0,3,#FFD700,86.9,-1.9,87.1,5,5,5,8,SUFFIX(어미변화)
퐁당퐁당스럽게,pongdangpongdangseureopge,2,2,1,2,1,33,1,pʰoŋtaŋpʰoŋtaŋsɯrʌp̚ke,3,4,6,7,5,8,2900.0,6.92,8,3200.0,5.89,5,0,3,#FFD700,86.9,-1.9,87.1,5,5,5,1,REDUP(첩어・동일)
퐁당스러운,pongdangseureoun,2,2,1,2,1,32,1,pʰoŋtaŋsɯrʌun,3,2,6,7,3,8,2900.0,6.92,8,1800.0,4.91,5,0,2,#FFD700,86.9,-1.9,87.1,5,5,5,8,SUFFIX(어미변화)
퐁당퐁당스러운,pongdangpongdangseureoun,2,2,1,2,1,33,1,pʰoŋtaŋpʰoŋtaŋsɯrʌun,3,4,6,7,3,8,2900.0,6.92,8,3200.0,5.89,5,0,2,#FFD700,86.9,-1.9,87.1,5,5,5,1,REDUP(첩어・동일)
퐁당해서,pongdanghaeseo,2,2,1,2,1,32,1,pʰoŋtaŋhɛsʌ,3,2,6,7,3,8,2900.0,6.92,8,1800.0,4.91,5,0,2,#FFD700,86.9,-1.9,87.1,5,5,5,8,SUFFIX(어미변화)
퐁당퐁당해서,pongdangpongdanghaeseo,2,2,1,2,1,33,1,pʰoŋtaŋpʰoŋtaŋhɛsʌ,3,4,6,7,3,8,2900.0,6.92,8,3200.0,5.89,5,0,2,#FFD700,86.9,-1.9,87.1,5,5,5,1,REDUP(첩어・동일)
퐁당하고,pongdanghago,2,2,1,2,1,32,1,pʰoŋtaŋhako,3,2,6,7,3,8,2900.0,6.92,8,1800.0,4.91,5,0,2,#FFD700,86.9,-1.9,87.1,5,5,5,8,SUFFIX(어미변화)
퐁당퐁당하고,pongdangpongdanghago,2,2,1,2,1,33,1,pʰoŋtaŋpʰoŋtaŋhako,3,4,6,7,3,8,2900.0,6.92,8,3200.0,5.89,5,0,2,#FFD700,86.9,-1.9,87.1,5,5,5,1,REDUP(첩어・동일)
반짝,banjjag,4,16,1,1,1,8,1,pantɕ͈ak̚,4,8,6,6,5,5,2600.0,6.69,9,800.0,3.53,5,0,3,#FFD700,86.9,-1.9,87.1,5,5,0,0,SINGLE(단발)
반짝반짝,banjjagbanjjag,4,16,1,1,1,1,1,pantɕ͈ak̚pantɕ͈ak̚,4,7,6,6,5,5,2600.0,6.69,8,3200.0,5.89,5,0,3,#FFD700,86.9,-1.9,87.1,5,5,5,1,REDUP(첩어・동일)
반짝반짝반짝,banjjagbanjjagbanjjag,4,16,1,1,1,1,1,pantɕ͈ak̚pantɕ͈ak̚pantɕ͈ak̚,4,7,6,6,5,5,2600.0,6.69,8,3200.0,5.89,5,0,3,#FFD700,86.9,-1.9,87.1,5,5,5,1,REDUP(첩어・동일)
반짝거리다,banjjaggeorida,4,16,1,1,1,32,1,pantɕ͈ak̚kʌrita,4,2,4,6,5,5,2600.0,6.69,8,1800.0,4.91,5,0,3,#FFD700,86.9,-1.9,87.1,5,5,5,8,STEM+GEORIDA
반짝반짝거리다,banjjagbanjjaggeorida,4,16,1,1,1,33,1,pantɕ͈ak̚pantɕ͈ak̚kʌrita,4,4,4,6,5,5,2600.0,6.69,8,3200.0,5.89,5,0,3,#FFD700,86.9,-1.9,87.1,5,5,5,1,STEM+GEORIDA
반짝대다,banjjagdaeda,4,16,1,1,1,32,1,pantɕ͈ak̚tɛta,4,2,4,6,5,5,2600.0,6.69,8,1800.0,4.91,5,0,3,#FFD700,86.9,-1.9,87.1,5,5,5,8,STEM+DAEDA
반짝반짝대다,banjjagbanjjagdaeda,4,16,1,1,1,33,1,pantɕ͈ak̚pantɕ͈ak̚tɛta,4,4,4,6,5,5,2600.0,6.69,8,3200.0,5.89,5,0,3,#FFD700,86.9,-1.9,87.1,5,5,5,1,STEM+DAEDA
반짝이다,banjjagida,4,16,1,1,1,32,1,pantɕ͈ak̚ita,4,2,4,6,5,5,2600.0,6.69,8,1800.0,4.91,5,0,3,#FFD700,86.9,-1.9,87.1,5,5,5,8,STEM+IDA
반짝반짝이다,banjjagbanjjagida,4,16,1,1,1,33,1,pantɕ͈ak̚pantɕ͈ak̚ita,4,4,4,6,5,5,2600.0,6.69,8,3200.0,5.89,5,0,3,#FFD700,86.9,-1.9,87.1,5,5,5,1,STEM+IDA
반짝하다,banjjaghada,4,16,1,1,1,32,1,pantɕ͈ak̚hata,4,2,4,8,5,5,2600.0,6.69,8,1800.0,4.91,5,0,3,#FFD700,86.9,-1.9,87.1,5,5,5,8,STEM+HADA
반짝반짝하다,banjjagbanjjaghada,4,16,1,1,1,33,1,pantɕ͈ak̚pantɕ͈ak̚hata,4,4,4,8,5,5,2600.0,6.69,8,3200.0,5.89,5,0,3,#FFD700,86.9,-1.9,87.1,5,5,5,1,STEM+HADA
반짝스럽다,banjjagseureopda,4,16,1,1,1,32,1,pantɕ͈ak̚sɯrʌp̚ta,4,2,4,8,5,5,2600.0,6.69,8,1800.0,4.91,5,0,3,#FFD700,86.9,-1.9,87.1,5,5,5,8,SUFFIX(어미변화)
반짝반짝스럽다,banjjagbanjjagseureopda,4,16,1,1,1,33,1,pantɕ͈ak̚pantɕ͈ak̚sɯrʌp̚ta,4,4,4,8,5,5,2600.0,6.69,8,3200.0,5.89,5,0,3,#FFD700,86.9,-1.9,87.1,5,5,5,1,REDUP(첩어・동일)
반짝맞다,banjjagmajda,4,16,1,1,1,32,1,pantɕ͈ak̚mat̚ta,4,2,4,6,5,5,2600.0,6.69,8,1800.0,4.91,5,0,3,#FFD700,86.9,-1.9,87.1,5,5,5,8,SUFFIX(어미변화)
반짝반짝맞다,banjjagbanjjagmajda,4,16,1,1,1,33,1,pantɕ͈ak̚pantɕ͈ak̚mat̚ta,4,4,4,6,5,5,2600.0,6.69,8,3200.0,5.89,5,0,3,#FFD700,86.9,-1.9,87.1,5,5,5,1,REDUP(첩어・동일)
반짝거리며,banjjaggeorimyeo,4,16,1,1,1,32,1,pantɕ͈ak̚kʌrimjʌ,4,2,4,6,5,5,2600.0,6.69,8,1800.0,4.91,5,0,3,#FFD700,86.9,-1.9,87.1,5,5,5,8,SUFFIX(어미변화)
반짝반짝거리며,banjjagbanjjaggeorimyeo,4,16,1,1,1,33,1,pantɕ͈ak̚pantɕ͈ak̚kʌrimjʌ,4,4,4,6,5,5,2600.0,6.69,8,3200.0,5.89,5,0,3,#FFD700,86.9,-1.9,87.1,5,5,5,1,REDUP(첩어・동일)
반짝대며,banjjagdaemyeo,4,16,1,1,1,32,1,pantɕ͈ak̚tɛmjʌ,4,2,4,6,5,5,2600.0,6.69,8,1800.0,4.91,5,0,3,#FFD700,86.9,-1.9,87.1,5,5,5,8,SUFFIX(어미변화)
반짝반짝대며,banjjagbanjjagdaemyeo,4,16,1,1,1,33,1,pantɕ͈ak̚pantɕ͈ak̚tɛmjʌ,4,4,4,6,5,5,2600.0,6.69,8,3200.0,5.89,5,0,3,#FFD700,86.9,-1.9,87.1,5,5,5,1,REDUP(첩어・동일)
반짝하게,banjjaghage,4,16,1,1,1,32,1,pantɕ͈ak̚hake,4,2,4,8,5,5,2600.0,6.69,8,1800.0,4.91,5,0,3,#FFD700,86.9,-1.9,87.1,5,5,5,8,SUFFIX(어미변화)
반짝반짝하게,banjjagbanjjaghage,4,16,1,1,1,33,1,pantɕ͈ak̚pantɕ͈ak̚hake,4,4,4,8,5,5,2600.0,6.69,8,3200.0,5.89,5,0,3,#FFD700,86.9,-1.9,87.1,5,5,5,1,REDUP(첩어・동일)
반짝한,banjjaghan,4,16,1,1,1,32,1,pantɕ͈ak̚han,4,2,4,8,5,5,2600.0,6.69,8,1800.0,4.91,5,0,3,#FFD700,86.9,-1.9,87.1,5,5,5,8,SUFFIX(어미변화)
반짝반짝한,banjjagbanjjaghan,4,16,1,1,1,33,1,pantɕ͈ak̚pantɕ͈ak̚han,4,4,4,8,5,5,2600.0,6.69,8,3200.0,5.89,5,0,3,#FFD700,86.9,-1.9,87.1,5,5,5,1,REDUP(첩어・동일)
반짝스럽게,banjjagseureopge,4,16,1,1,1,32,1,pantɕ͈ak̚sɯrʌp̚ke,4,2,4,8,5,5,2600.0,6.69,8,1800.0,4.91,5,0,3,#FFD700,86.9,-1.9,87.1,5,5,5,8,SUFFIX(어미변화)
반짝반짝스럽게,banjjagbanjjagseureopge,4,16,1,1,1,33,1,pantɕ͈ak̚pantɕ͈ak̚sɯrʌp̚ke,4,4,4,8,5,5,2600.0,6.69,8,3200.0,5.89,5,0,3,#FFD700,86.9,-1.9,87.1,5,5,5,1,REDUP(첩어・동일)
반짝스러운,banjjagseureoun,4,16,1,1,1,32,1,pantɕ͈ak̚sɯrʌun,4,2,4,8,5,5,2600.0,6.69,8,1800.0,4.91,5,0,3,#FFD700,86.9,-1.9,87.1,5,5,5,8,SUFFIX(어미변화)
반짝반짝스러운,banjjagbanjjagseureoun,4,16,1,1,1,33,1,pantɕ͈ak̚pantɕ͈ak̚sɯrʌun,4,4,4,8,5,5,2600.0,6.69,8,3200.0,5.89,5,0,3,#FFD700,86.9,-1.9,87.1,5,5,5,1,REDUP(첩어・동일)
반짝해서,banjjaghaeseo,4,16,1,1,1,32,1,pantɕ͈ak̚hɛsʌ,4,2,4,8,5,5,2600.0,6.69,8,1800.0,4.91,5,0,3,#FFD700,86.9,-1.9,87.1,5,5,5,8,SUFFIX(어미변화)
반짝반짝해서,banjjagbanjjaghaeseo,4,16,1,1,1,33,1,pantɕ͈ak̚pantɕ͈ak̚hɛsʌ,4,4,4,8,5,5,2600.0,6.69,8,3200.0,5.89,5,0,3,#FFD700,86.9,-1.9,87.1,5,5,5,1,REDUP(첩어・동일)
반짝하고,banjjaghago,4,16,1,1,1,32,1,pantɕ͈ak̚hako,4,2,4,8,5,5,2600.0,6.69,8,1800.0,4.91,5,0,3,#FFD700,86.9,-1.9,87.1,5,5,5,8,SUFFIX(어미변화)
반짝반짝하고,banjjagbanjjaghago,4,16,1,1,1,33,1,pantɕ͈ak̚pantɕ͈ak̚hako,4,4,4,8,5,5,2600.0,6.69,8,3200.0,5.89,5,0,3,#FFD700,86.9,-1.9,87.1,5,5,5,1,REDUP(첩어・동일)
말랑,malrang,4,1,1,1,1,8,1,malraŋ,1,8,5,7,2,5,2100.0,6.25,9,800.0,3.53,3,0,2,#FFD700,86.9,-1.9,87.1,5,5,0,0,SINGLE(단발)
말랑말랑,malrangmalrang,4,1,1,1,1,1,1,malraŋmalraŋ,1,7,5,7,2,5,2100.0,6.25,8,3200.0,5.89,3,0,2,#FFD700,86.9,-1.9,87.1,5,5,5,1,REDUP(첩어・동일)
말랑말랑말랑,malrangmalrangmalrang,4,1,1,1,1,1,1,malraŋmalraŋmalraŋ,1,7,5,7,2,5,2100.0,6.25,8,3200.0,5.89,3,0,2,#FFD700,86.9,-1.9,87.1,5,5,5,1,REDUP(첩어・동일)
말랑거리다,malranggeorida,4,1,1,1,1,32,1,malraŋkʌrita,1,2,3,7,2,5,2100.0,6.25,8,1800.0,4.91,3,0,2,#FFD700,86.9,-1.9,87.1,5,5,5,8,STEM+GEORIDA
말랑말랑거리다,malrangmalranggeorida,4,1,1,1,1,33,1,malraŋmalraŋkʌrita,1,4,3,7,2,5,2100.0,6.25,8,3200.0,5.89,3,0,2,#FFD700,86.9,-1.9,87.1,5,5,5,1,STEM+GEORIDA
말랑대다,malrangdaeda,4,1,1,1,1,32,1,malraŋtɛta,1,2,3,7,2,5,2100.0,6.25,8,1800.0,4.91,3,0,2,#FFD700,86.9,-1.9,87.1,5,5,5,8,STEM+DAEDA
말랑말랑대다,malrangmalrangdaeda,4,1,1,1,1,33,1,malraŋmalraŋtɛta,1,4,3,7,2,5,2100.0,6.25,8,3200.0,5.89,3,0,2,#FFD700,86.9,-1.9,87.1,5,5,5,1,STEM+DAEDA
말랑이다,malrangida,4,1,1,1,1,32,1,malraŋita,1,2,3,7,2,5,2100.0,6.25,8,1800.0,4.91,3,0,2,#FFD700,86.9,-1.9,87.1,5,5,5,8,STEM+IDA
말랑말랑이다,malrangmalrangida,4,1,1,1,1,33,1,malraŋmalraŋita,1,4,3,7,2,5,2100.0,6.25,8,3200.0,5.89,3,0,2,#FFD700,86.9,-1.9,87.1,5,5,5,1,STEM+IDA
말랑하다,malranghada,4,1,1,1,1,32,1,malraŋhata,1,2,3,7,2,5,2100.0,6.25,8,1800.0,4.91,3,0,2,#FFD700,86.9,-1.9,87.1,5,5,5,8,STEM+HADA
말랑말랑하다,malrangmalranghada,4,1,1,1,1,33,1,malraŋmalraŋhata,1,4,3,7,2,5,2100.0,6.25,8,3200.0,5.89,3,0,2,#FFD700,86.9,-1.9,87.1,5,5,5,1,STEM+HADA
말랑스럽다,malrangseureopda,4,1,1,1,1,32,1,malraŋsɯrʌp̚ta,1,2,3,7,5,5,2100.0,6.25,8,1800.0,4.91,3,0,3,#FFD700,86.9,-1.9,87.1,5,5,5,8,SUFFIX(어미변화)
말랑말랑스럽다,malrangmalrangseureopda,4,1,1,1,1,33,1,malraŋmalraŋsɯrʌp̚ta,1,4,3,7,5,5,2100.0,6.25,8,3200.0,5.89,3,0,3,#FFD700,86.9,-1.9,87.1,5,5,5,1,REDUP(첩어・동일)
말랑맞다,malrangmajda,4,1,1,1,1,32,1,malraŋmat̚ta,1,2,3,7,2,5,2100.0,6.25,8,1800.0,4.91,3,0,2,#FFD700,86.9,-1.9,87.1,5,5,5,8,SUFFIX(어미변화)
말랑말랑맞다,malrangmalrangmajda,4,1,1,1,1,33,1,malraŋmalraŋmat̚ta,1,4,3,7,2,5,2100.0,6.25,8,3200.0,5.89,3,0,2,#FFD700,86.9,-1.9,87.1,5,5,5,1,REDUP(첩어・동일)
말랑거리며,malranggeorimyeo,4,1,1,1,1,32,1,malraŋkʌrimjʌ,1,2,3,7,2,5,2100.0,6.25,8,1800.0,4.91,3,0,2,#FFD700,86.9,-1.9,87.1,5,5,5,8,SUFFIX(어미변화)
말랑말랑거리며,malrangmalranggeorimyeo,4,1,1,1,1,33,1,malraŋmalraŋkʌrimjʌ,1,4,3,7,2,5,2100.0,6.25,8,3200.0,5.89,3,0,2,#FFD700,86.9,-1.9,87.1,5,5,5,1,REDUP(첩어・동일)
말랑대며,malrangdaemyeo,4,1,1,1,1,32,1,malraŋtɛmjʌ,1,2,3,7,2,5,2100.0,6.25,8,1800.0,4.91,3,0,2,#FFD700,86.9,-1.9,87.1,5,5,5,8,SUFFIX(어미변화)
말랑말랑대며,malrangmalrangdaemyeo,4,1,1,1,1,33,1,malraŋmalraŋtɛmjʌ,1,4,3,7,2,5,2100.0,6.25,8,3200.0,5.89,3,0,2,#FFD700,86.9,-1.9,87.1,5,5,5,1,REDUP(첩어・동일)
말랑하게,malranghage,4,1,1,1,1,32,1,malraŋhake,1,2,3,7,2,5,2100.0,6.25,8,1800.0,4.91,3,0,2,#FFD700,86.9,-1.9,87.1,5,5,5,8,SUFFIX(어미변화)
말랑말랑하게,malrangmalranghage,4,1,1,1,1,33,1,malraŋmalraŋhake,1,4,3,7,2,5,2100.0,6.25,8,3200.0,5.89,3,0,2,#FFD700,86.9,-1.9,87.1,5,5,5,1,REDUP(첩어・동일)
말랑한,malranghan,4,1,1,1,1,32,1,malraŋhan,1,2,3,7,2,5,2100.0,6.25,8,1800.0,4.91,3,0,2,#FFD700,86.9,-1.9,87.1,5,5,5,8,SUFFIX(어미변화)
말랑말랑한,malrangmalranghan,4,1,1,1,1,33,1,malraŋmalraŋhan,1,4,3,7,2,5,2100.0,6.25,8,3200.0,5.89,3,0,2,#FFD700,86.9,-1.9,87.1,5,5,5,1,REDUP(첩어・동일)
말랑스럽게,malrangseureopge,4,1,1,1,1,32,1,malraŋsɯrʌp̚ke,1,2,3,7,5,5,2100.0,6.25,8,1800.0,4.91,3,0,3,#FFD700,86.9,-1.9,87.1,5,5,5,8,SUFFIX(어미변화)
말랑말랑스럽게,malrangmalrangseureopge,4,1,1,1,1,33,1,malraŋmalraŋsɯrʌp̚ke,1,4,3,7,5,5,2100.0,6.25,8,3200.0,5.89,3,0,3,#FFD700,86.9,-1.9,87.1,5,5,5,1,REDUP(첩어・동일)
말랑스러운,malrangseureoun,4,1,1,1,1,32,1,malraŋsɯrʌun,1,2,3,7,2,5,2100.0,6.25,8,1800.0,4.91,3,0,2,#FFD700,86.9,-1.9,87.1,5,5,5,8,SUFFIX(어미변화)
말랑말랑스러운,malrangmalrangseureoun,4,1,1,1,1,33,1,malraŋmalraŋsɯrʌun,1,4,3,7,2,5,2100.0,6.25,8,3200.0,5.89,3,0,2,#FFD700,86.9,-1.9,87.1,5,5,5,1,REDUP(첩어・동일)
말랑해서,malranghaeseo,4,1,1,1,1,32,1,malraŋhɛsʌ,1,2,3,7,2,5,2100.0,6.25,8,1800.0,4.91,3,0,2,#FFD700,86.9,-1.9,87.1,5,5,5,8,SUFFIX(어미변화)
말랑말랑해서,malrangmalranghaeseo,4,1,1,1,1,33,1,malraŋmalraŋhɛsʌ,1,4,3,7,2,5,2100.0,6.25,8,3200.0,5.89,3,0,2,#FFD700,86.9,-1.9,87.1,5,5,5,1,REDUP(첩어・동일)
말랑하고,malranghago,4,1,1,1,1,32,1,malraŋhako,1,2,3,7,2,5,2100.0,6.25,8,1800.0,4.91,3,0,2,#FFD700,86.9,-1.9,87.1,5,5,5,8,SUFFIX(어미변화)
말랑말랑하고,malrangmalranghago,4,1,1,1,1,33,1,malraŋmalraŋhako,1,4,3,7,2,5,2100.0,6.25,8,3200.0,5.89,3,0,2,#FFD700,86.9,-1.9,87.1,5,5,5,1,REDUP(첩어・동일)
쫀득,jjondeuk,4,256,1,4,1,8,1,tɕ͈ontɯk̚,4,8,6,4,5,5,2600.0,6.69,9,800.0,3.53,5,0,3,#FFD700,86.9,-1.9,87.1,5,5,0,0,SINGLE(단발)
쫀득쫀득,jjondeukjjondeuk,4,256,1,4,1,1,1,tɕ͈ontɯk̚tɕ͈ontɯk̚,4,7,6,4,5,5,2600.0,6.69,8,3200.0,5.89,5,0,3,#FFD700,86.9,-1.9,87.1,5,5,5,1,REDUP(첩어・동일)
쫀득쫀득쫀득,jjondeukjjondeukjjondeuk,4,256,1,4,1,1,1,tɕ͈ontɯk̚tɕ͈ontɯk̚tɕ͈ontɯk̚,4,7,6,4,5,5,2600.0,6.69,8,3200.0,5.89,5,0,3,#FFD700,86.9,-1.9,87.1,5,5,5,1,REDUP(첩어・동일)
쫀득거리다,jjondeukgeorida,4,256,1,4,1,32,1,tɕ͈ontɯk̚kʌrita,4,2,4,4,5,5,2600.0,6.69,8,1800.0,4.91,5,0,3,#FFD700,86.9,-1.9,87.1,5,5,5,8,STEM+GEORIDA
쫀득쫀득거리다,jjondeukjjondeukgeorida,4,256,1,4,1,33,1,tɕ͈ontɯk̚tɕ͈ontɯk̚kʌrita,4,4,4,4,5,5,2600.0,6.69,8,3200.0,5.89,5,0,3,#FFD700,86.9,-1.9,87.1,5,5,5,1,STEM+GEORIDA
쫀득대다,jjondeukdaeda,4,256,1,4,1,32,1,tɕ͈ontɯk̚tɛta,4,2,4,4,5,5,2600.0,6.69,8,1800.0,4.91,5,0,3,#FFD700,86.9,-1.9,87.1,5,5,5,8,STEM+DAEDA
쫀득쫀득대다,jjondeukjjondeukdaeda,4,256,1,4,1,33,1,tɕ͈ontɯk̚tɕ͈ontɯk̚tɛta,4,4,4,4,5,5,2600.0,6.69,8,3200.0,5.89,5,0,3,#FFD700,86.9,-1.9,87.1,5,5,5,1,STEM+DAEDA
쫀득이다,jjondeukida,4,256,1,4,1,32,1,tɕ͈ontɯk̚ita,4,2,4,4,5,5,2600.0,6.69,8,1800.0,4.91,5,0,3,#FFD700,86.9,-1.9,87.1,5,5,5,8,STEM+IDA
쫀득쫀득이다,jjondeukjjondeukida,4,256,1,4,1,33,1,tɕ͈ontɯk̚tɕ͈ontɯk̚ita,4,4,4,4,5,5,2600.0,6.69,8,3200.0,5.89,5,0,3,#FFD700,86.9,-1.9,87.1,5,5,5,1,STEM+IDA
쫀득하다,jjondeukhada,4,256,1,4,1,32,1,tɕ͈ontɯk̚hata,4,2,4,6,5,5,2600.0,6.69,8,1800.0,4.91,5,0,3,#FFD700,86.9,-1.9,87.1,5,5,5,8,STEM+HADA
쫀득쫀득하다,jjondeukjjondeukhada,4,256,1,4,1,33,1,tɕ͈ontɯk̚tɕ͈ontɯk̚hata,4,4,4,6,5,5,2600.0,6.69,8,3200.0,5.89,5,0,3,#FFD700,86.9,-1.9,87.1,5,5,5,1,STEM+HADA
쫀득스럽다,jjondeukseureopda,4,256,1,4,1,32,1,tɕ͈ontɯk̚sɯrʌp̚ta,4,2,4,6,5,5,2600.0,6.69,8,1800.0,4.91,5,0,3,#FFD700,86.9,-1.9,87.1,5,5,5,8,SUFFIX(어미변화)
쫀득쫀득스럽다,jjondeukjjondeukseureopda,4,256,1,4,1,33,1,tɕ͈ontɯk̚tɕ͈ontɯk̚sɯrʌp̚ta,4,4,4,6,5,5,2600.0,6.69,8,3200.0,5.89,5,0,3,#FFD700,86.9,-1.9,87.1,5,5,5,1,REDUP(첩어・동일)
쫀득맞다,jjondeukmajda,4,256,1,4,1,32,1,tɕ͈ontɯk̚mat̚ta,4,2,4,4,5,5,2600.0,6.69,8,1800.0,4.91,5,0,3,#FFD700,86.9,-1.9,87.1,5,5,5,8,SUFFIX(어미변화)
쫀득쫀득맞다,jjondeukjjondeukmajda,4,256,1,4,1,33,1,tɕ͈ontɯk̚tɕ͈ontɯk̚mat̚ta,4,4,4,4,5,5,2600.0,6.69,8,3200.0,5.89,5,0,3,#FFD700,86.9,-1.9,87.1,5,5,5,1,REDUP(첩어・동일)
쫀득거리며,jjondeukgeorimyeo,4,256,1,4,1,32,1,tɕ͈ontɯk̚kʌrimjʌ,4,2,4,4,5,5,2600.0,6.69,8,1800.0,4.91,5,0,3,#FFD700,86.9,-1.9,87.1,5,5,5,8,SUFFIX(어미변화)
쫀득쫀득거리며,jjondeukjjondeukgeorimyeo,4,256,1,4,1,33,1,tɕ͈ontɯk̚tɕ͈ontɯk̚kʌrimjʌ,4,4,4,4,5,5,2600.0,6.69,8,3200.0,5.89,5,0,3,#FFD700,86.9,-1.9,87.1,5,5,5,1,REDUP(첩어・동일)
쫀득대며,jjondeukdaemyeo,4,256,1,4,1,32,1,tɕ͈ontɯk̚tɛmjʌ,4,2,4,4,5,5,2600.0,6.69,8,1800.0,4.91,5,0,3,#FFD700,86.9,-1.9,87.1,5,5,5,8,SUFFIX(어미변화)
쫀득쫀득대며,jjondeukjjondeukdaemyeo,4,256,1,4,1,33,1,tɕ͈ontɯk̚tɕ͈ontɯk̚tɛmjʌ,4,4,4,4,5,5,2600.0,6.69,8,3200.0,5.89,5,0,3,#FFD700,86.9,-1.9,87.1,5,5,5,1,REDUP(첩어・동일)
쫀득하게,jjondeukhage,4,256,1,4,1,32,1,tɕ͈ontɯk̚hake,4,2,4,6,5,5,2600.0,6.69,8,1800.0,4.91,5,0,3,#FFD700,86.9,-1.9,87.1,5,5,5,8,SUFFIX(어미변화)
쫀득쫀득하게,jjondeukjjondeukhage,4,256,1,4,1,33,1,tɕ͈ontɯk̚tɕ͈ontɯk̚hake,4,4,4,6,5,5,2600.0,6.69,8,3200.0,5.89,5,0,3,#FFD700,86.9,-1.9,87.1,5,5,5,1,REDUP(첩어・동일)
쫀득한,jjondeukhan,4,256,1,4,1,32,1,tɕ͈ontɯk̚han,4,2,4,6,5,5,2600.0,6.69,8,1800.0,4.91,5,0,3,#FFD700,86.9,-1.9,87.1,5,5,5,8,SUFFIX(어미변화)
쫀득쫀득한,jjondeukjjondeukhan,4,256,1,4,1,33,1,tɕ͈ontɯk̚tɕ͈ontɯk̚han,4,4,4,6,5,5,2600.0,6.69,8,3200.0,5.89,5,0,3,#FFD700,86.9,-1.9,87.1,5,5,5,1,REDUP(첩어・동일)
쫀득스럽게,jjondeukseureopge,4,256,1,4,1,32,1,tɕ͈ontɯk̚sɯrʌp̚ke,4,2,4,6,5,5,2600.0,6.69,8,1800.0,4.91,5,0,3,#FFD700,86.9,-1.9,87.1,5,5,5,8,SUFFIX(어미변화)
쫀득쫀득스럽게,jjondeukjjondeukseureopge,4,256,1,4,1,33,1,tɕ͈ontɯk̚tɕ͈ontɯk̚sɯrʌp̚ke,4,4,4,6,5,5,2600.0,6.69,8,3200.0,5.89,5,0,3,#FFD700,86.9,-1.9,87.1,5,5,5,1,REDUP(첩어・동일)
쫀득스러운,jjondeukseureoun,4,256,1,4,1,32,1,tɕ͈ontɯk̚sɯrʌun,4,2,4,6,5,5,2600.0,6.69,8,1800.0,4.91,5,0,3,#FFD700,86.9,-1.9,87.1,5,5,5,8,SUFFIX(어미변화)
쫀득쫀득스러운,jjondeukjjondeukseureoun,4,256,1,4,1,33,1,tɕ͈ontɯk̚tɕ͈ontɯk̚sɯrʌun,4,4,4,6,5,5,2600.0,6.69,8,3200.0,5.89,5,0,3,#FFD700,86.9,-1.9,87.1,5,5,5,1,REDUP(첩어・동일)
쫀득해서,jjondeukhaeseo,4,256,1,4,1,32,1,tɕ͈ontɯk̚hɛsʌ,4,2,4,6,5,5,2600.0,6.69,8,1800.0,4.91,5,0,3,#FFD700,86.9,-1.9,87.1,5,5,5,8,SUFFIX(어미변화)
쫀득쫀득해서,jjondeukjjondeukhaeseo,4,256,1,4,1,33,1,tɕ͈ontɯk̚tɕ͈ontɯk̚hɛsʌ,4,4,4,6,5,5,2600.0,6.69,8,3200.0,5.89,5,0,3,#FFD700,86.9,-1.9,87.1,5,5,5,1,REDUP(첩어・동일)
쫀득하고,jjondeukhago,4,256,1,4,1,32,1,tɕ͈ontɯk̚hako,4,2,4,6,5,5,2600.0,6.69,8,1800.0,4.91,5,0,3,#FFD700,86.9,-1.9,87.1,5,5,5,8,SUFFIX(어미변화)
쫀득쫀득하고,jjondeukjjondeukhago,4,256,1,4,1,33,1,tɕ͈ontɯk̚tɕ͈ontɯk̚hako,4,4,4,6,5,5,2600.0,6.69,8,3200.0,5.89,5,0,3,#FFD700,86.9,-1.9,87.1,5,5,5,1,REDUP(첩어・동일)
따끈,ttakkeun,4,4,1,4,1,8,1,t͈ak͈ɯn,4,8,6,6,5,5,2600.0,6.69,9,800.0,3.53,5,0,3,#FFD700,86.9,-1.9,87.1,5,5,0,0,SINGLE(단발)
따끈따끈,ttakkeunttakkeun,4,4,1,4,1,1,1,t͈ak͈ɯnt͈ak͈ɯn,4,7,6,6,5,5,2600.0,6.69,8,3200.0,5.89,5,0,3,#FFD700,86.9,-1.9,87.1,5,5,5,1,REDUP(첩어・동일)
따끈따끈따끈,ttakkeunttakkeunttakkeun,4,4,1,4,1,1,1,t͈ak͈ɯnt͈ak͈ɯnt͈ak͈ɯn,4,7,6,6,5,5,2600.0,6.69,8,3200.0,5.89,5,0,3,#FFD700,86.9,-1.9,87.1,5,5,5,1,REDUP(첩어・동일)
따끈거리다,ttakkeungeorida,4,4,1,4,1,32,1,t͈ak͈ɯnkʌrita,4,2,4,6,5,5,2600.0,6.69,8,1800.0,4.91,5,0,3,#FFD700,86.9,-1.9,87.1,5,5,5,8,STEM+GEORIDA
따끈따끈거리다,ttakkeunttakkeungeorida,4,4,1,4,1,33,1,t͈ak͈ɯnt͈ak͈ɯnkʌrita,4,4,4,6,5,5,2600.0,6.69,8,3200.0,5.89,5,0,3,#FFD700,86.9,-1.9,87.1,5,5,5,1,STEM+GEORIDA
따끈대다,ttakkeundaeda,4,4,1,4,1,32,1,t͈ak͈ɯntɛta,4,2,4,6,5,5,2600.0,6.69,8,1800.0,4.91,5,0,3,#FFD700,86.9,-1.9,87.1,5,5,5,8,STEM+DAEDA
따끈따끈대다,ttakkeunttakkeundaeda,4,4,1,4,1,33,1,t͈ak͈ɯnt͈ak͈ɯntɛta,4,4,4,6,5,5,2600.0,6.69,8,3200.0,5.89,5,0,3,#FFD700,86.9,-1.9,87.1,5,5,5,1,STEM+DAEDA
따끈이다,ttakkeunida,4,4,1,4,1,32,1,t͈ak͈ɯnita,4,2,4,6,5,5,2600.0,6.69,8,1800.0,4.91,5,0,3,#FFD700,86.9,-1.9,87.1,5,5,5,8,STEM+IDA
따끈따끈이다,ttakkeunttakkeunida,4,4,1,4,1,33,1,t͈ak͈ɯnt͈ak͈ɯnita,4,4,4,6,5,5,2600.0,6.69,8,3200.0,5.89,5,0,3,#FFD700,86.9,-1.9,87.1,5,5,5,1,STEM+IDA
따끈하다,ttakkeunhada,4,4,1,4,1,32,1,t͈ak͈ɯnhata,4,2,4,8,5,5,2600.0,6.69,8,1800.0,4.91,5,0,3,#FFD700,86.9,-1.9,87.1,5,5,5,8,STEM+HADA
따끈따끈하다,ttakkeunttakkeunhada,4,4,1,4,1,33,1,t͈ak͈ɯnt͈ak͈ɯnhata,4,4,4,8,5,5,2600.0,6.69,8,3200.0,5.89,5,0,3,#FFD700,86.9,-1.9,87.1,5,5,5,1,STEM+HADA
따끈스럽다,ttakkeunseureopda,4,4,1,4,1,32,1,t͈ak͈ɯnsɯrʌp̚ta,4,2,4,8,5,5,2600.0,6.69,8,1800.0,4.91,5,0,3,#FFD700,86.9,-1.9,87.1,5,5,5,8,SUFFIX(어미변화)
따끈따끈스럽다,ttakkeunttakkeunseureopda,4,4,1,4,1,33,1,t͈ak͈ɯnt͈ak͈ɯnsɯrʌp̚ta,4,4,4,8,5,5,2600.0,6.69,8,3200.0,5.89,5,0,3,#FFD700,86.9,-1.9,87.1,5,5,5,1,REDUP(첩어・동일)
따끈맞다,ttakkeunmajda,4,4,1,4,1,32,1,t͈ak͈ɯnmat̚ta,4,2,4,6,5,5,2600.0,6.69,8,1800.0,4.91,5,0,3,#FFD700,86.9,-1.9,87.1,5,5,5,8,SUFFIX(어미변화)
따끈따끈맞다,ttakkeunttakkeunmajda,4,4,1,4,1,33,1,t͈ak͈ɯnt͈ak͈ɯnmat̚ta,4,4,4,6,5,5,2600.0,6.69,8,3200.0,5.89,5,0,3,#FFD700,86.9,-1.9,87.1,5,5,5,1,REDUP(첩어・동일)
따끈거리며,ttakkeungeorimyeo,4,4,1,4,1,32,1,t͈ak͈ɯnkʌrimjʌ,4,2,4,6,5,5,2600.0,6.69,8,1800.0,4.91,5,0,3,#FFD700,86.9,-1.9,87.1,5,5,5,8,SUFFIX(어미변화)
따끈따끈거리며,ttakkeunttakkeungeorimyeo,4,4,1,4,1,33,1,t͈ak͈ɯnt͈ak͈ɯnkʌrimjʌ,4,4,4,6,5,5,2600.0,6.69,8,3200.0,5.89,5,0,3,#FFD700,86.9,-1.9,87.1,5,5,5,1,REDUP(첩어・동일)
따끈대며,ttakkeundaemyeo,4,4,1,4,1,32,1,t͈ak͈ɯntɛmjʌ,4,2,4,6,5,5,2600.0,6.69,8,1800.0,4.91,5,0,3,#FFD700,86.9,-1.9,87.1,5,5,5,8,SUFFIX(어미변화)
따끈따끈대며,ttakkeunttakkeundaemyeo,4,4,1,4,1,33,1,t͈ak͈ɯnt͈ak͈ɯntɛmjʌ,4,4,4,6,5,5,2600.0,6.69,8,3200.0,5.89,5,0,3,#FFD700,86.9,-1.9,87.1,5,5,5,1,REDUP(첩어・동일)
따끈하게,ttakkeunhage,4,4,1,4,1,32,1,t͈ak͈ɯnhake,4,2,4,8,5,5,2600.0,6.69,8,1800.0,4.91,5,0,3,#FFD700,86.9,-1.9,87.1,5,5,5,8,SUFFIX(어미변화)
따끈따끈하게,ttakkeunttakkeunhage,4,4,1,4,1,33,1,t͈ak͈ɯnt͈ak͈ɯnhake,4,4,4,8,5,5,2600.0,6.69,8,3200.0,5.89,5,0,3,#FFD700,86.9,-1.9,87.1,5,5,5,1,REDUP(첩어・동일)
따끈한,ttakkeunhan,4,4,1,4,1,32,1,t͈ak͈ɯnhan,4,2,4,8,5,5,2600.0,6.69,8,1800.0,4.91,5,0,3,#FFD700,86.9,-1.9,87.1,5,5,5,8,SUFFIX(어미변화)
따끈따끈한,ttakkeunttakkeunhan,4,4,1,4,1,33,1,t͈ak͈ɯnt͈ak͈ɯnhan,4,4,4,8,5,5,2600.0,6.69,8,3200.0,5.89,5,0,3,#FFD700,86.9,-1.9,87.1,5,5,5,1,REDUP(첩어・동일)
따끈스럽게,ttakkeunseureopge,4,4,1,4,1,32,1,t͈ak͈ɯnsɯrʌp̚ke,4,2,4,8,5,5,2600.0,6.69,8,1800.0,4.91,5,0,3,#FFD700,86.9,-1.9,87.1,5,5,5,8,SUFFIX(어미변화)
따끈따끈스럽게,ttakkeunttakkeunseureopge,4,4,1,4,1,33,1,t͈ak͈ɯnt͈ak͈ɯnsɯrʌp̚ke,4,4,4,8,5,5,2600.0,6.69,8,3200.0,5.89,5,0,3,#FFD700,86.9,-1.9,87.1,5,5,5,1,REDUP(첩어・동일)
따끈스러운,ttakkeunseureoun,4,4,1,4,1,32,1,t͈ak͈ɯnsɯrʌun,4,2,4,8,5,5,2600.0,6.69,8,1800.0,4.91,5,0,3,#FFD700,86.9,-1.9,87.1,5,5,5,8,SUFFIX(어미변화)
따끈따끈스러운,ttakkeunttakkeunseureoun,4,4,1,4,1,33,1,t͈ak͈ɯnt͈ak͈ɯnsɯrʌun,4,4,4,8,5,5,2600.0,6.69,8,3200.0,5.89,5,0,3,#FFD700,86.9,-1.9,87.1,5,5,5,1,REDUP(첩어・동일)
따끈해서,ttakkeunhaeseo,4,4,1,4,1,32,1,t͈ak͈ɯnhɛsʌ,4,2,4,8,5,5,2600.0,6.69,8,1800.0,4.91,5,0,3,#FFD700,86.9,-1.9,87.1,5,5,5,8,SUFFIX(어미변화)
따끈따끈해서,ttakkeunttakkeunhaeseo,4,4,1,4,1,33,1,t͈ak͈ɯnt͈ak͈ɯnhɛsʌ,4,4,4,8,5,5,2600.0,6.69,8,3200.0,5.89,5,0,3,#FFD700,86.9,-1.9,87.1,5,5,5,1,REDUP(첩어・동일)
따끈하고,ttakkeunhago,4,4,1,4,1,32,1,t͈ak͈ɯnhako,4,2,4,8,5,5,2600.0,6.69,8,1800.0,4.91,5,0,3,#FFD700,86.9,-1.9,87.1,5,5,5,8,SUFFIX(어미변화)
따끈따끈하고,ttakkeunttakkeunhago,4,4,1,4,1,33,1,t͈ak͈ɯnt͈ak͈ɯnhako,4,4,4,8,5,5,2600.0,6.69,8,3200.0,5.89,5,0,3,#FFD700,86.9,-1.9,87.1,5,5,5,1,REDUP(첩어・동일)
싱글,singgeul,4,2048,1,1,2,8,1,siŋkɯl,5,8,5,7,2,5,450.0,3.09,3,800.0,3.53,7,0,2,#2F4F4F,31.3,-11.7,-3.7,5,5,0,0,SINGLE(단발)
싱글싱글,singgeulsinggeul,4,2048,1,1,2,1,1,siŋkɯlsiŋkɯl,5,7,5,7,2,5,450.0,3.09,2,3200.0,5.89,7,0,2,#2F4F4F,31.3,-11.7,-3.7,5,5,5,1,REDUP(첩어・동일)
싱글싱글싱글,singgeulsinggeulsinggeul,4,2048,1,1,2,1,1,siŋkɯlsiŋkɯlsiŋkɯl,5,7,5,7,2,5,450.0,3.09,2,3200.0,5.89,7,0,2,#2F4F4F,31.3,-11.7,-3.7,5,5,5,1,REDUP(첩어・동일)
싱글거리다,singgeulgeorida,4,2048,1,1,2,32,1,siŋkɯlkʌrita,5,2,3,7,2,5,450.0,3.09,2,1800.0,4.91,7,0,2,#2F4F4F,31.3,-11.7,-3.7,5,5,5,8,STEM+GEORIDA
싱글싱글거리다,singgeulsinggeulgeorida,4,2048,1,1,2,33,1,siŋkɯlsiŋkɯlkʌrita,5,4,3,7,2,5,450.0,3.09,2,3200.0,5.89,7,0,2,#2F4F4F,31.3,-11.7,-3.7,5,5,5,1,STEM+GEORIDA
싱글대다,singgeuldaeda,4,2048,1,1,2,32,1,siŋkɯltɛta,5,2,3,7,2,5,450.0,3.09,2,1800.0,4.91,7,0,2,#2F4F4F,31.3,-11.7,-3.7,5,5,5,8,STEM+DAEDA
싱글싱글대다,singgeulsinggeuldaeda,4,2048,1,1,2,33,1,siŋkɯlsiŋkɯltɛta,5,4,3,7,2,5,450.0,3.09,2,3200.0,5.89,7,0,2,#2F4F4F,31.3,-11.7,-3.7,5,5,5,1,STEM+DAEDA
싱글이다,singgeulida,4,2048,1,1,2,32,1,siŋkɯlita,5,2,3,7,2,5,450.0,3.09,2,1800.0,4.91,7,0,2,#2F4F4F,31.3,-11.7,-3.7,5,5,5,8,STEM+IDA
싱글싱글이다,singgeulsinggeulida,4,2048,1,1,2,33,1,siŋkɯlsiŋkɯlita,5,4,3,7,2,5,450.0,3.09,2,3200.0,5.89,7,0,2,#2F4F4F,31.3,-11.7,-3.7,5,5,5,1,STEM+IDA
싱글하다,singgeulhada,4,2048,1,1,2,32,1,siŋkɯlhata,5,2,3,7,2,5,450.0,3.09,2,1800.0,4.91,7,0,2,#2F4F4F,31.3,-11.7,-3.7,5,5,5,8,STEM+HADA
싱글싱글하다,singgeulsinggeulhada,4,2048,1,1,2,33,1,siŋkɯlsiŋkɯlhata,5,4,3,7,2,5,450.0,3.09,2,3200.0,5.89,7,0,2,#2F4F4F,31.3,-11.7,-3.7,5,5,5,1,STEM+HADA
싱글스럽다,singgeulseureopda,4,2048,1,1,2,32,1,siŋkɯlsɯrʌp̚ta,5,2,3,7,5,5,450.0,3.09,2,1800.0,4.91,7,0,3,#2F4F4F,31.3,-11.7,-3.7,5,5,5,8,SUFFIX(어미변화)
싱글싱글스럽다,singgeulsinggeulseureopda,4,2048,1,1,2,33,1,siŋkɯlsiŋkɯlsɯrʌp̚ta,5,4,3,7,5,5,450.0,3.09,2,3200.0,5.89,7,0,3,#2F4F4F,31.3,-11.7,-3.7,5,5,5,1,REDUP(첩어・동일)
싱글맞다,singgeulmajda,4,2048,1,1,2,32,1,siŋkɯlmat̚ta,5,2,3,7,2,5,450.0,3.09,2,1800.0,4.91,7,0,2,#2F4F4F,31.3,-11.7,-3.7,5,5,5,8,SUFFIX(어미변화)
싱글싱글맞다,singgeulsinggeulmajda,4,2048,1,1,2,33,1,siŋkɯlsiŋkɯlmat̚ta,5,4,3,7,2,5,450.0,3.09,2,3200.0,5.89,7,0,2,#2F4F4F,31.3,-11.7,-3.7,5,5,5,1,REDUP(첩어・동일)
싱글거리며,singgeulgeorimyeo,4,2048,1,1,2,32,1,siŋkɯlkʌrimjʌ,5,2,3,7,2,5,450.0,3.09,2,1800.0,4.91,7,0,2,#2F4F4F,31.3,-11.7,-3.7,5,5,5,8,SUFFIX(어미변화)
싱글싱글거리며,singgeulsinggeulgeorimyeo,4,2048,1,1,2,33,1,siŋkɯlsiŋkɯlkʌrimjʌ,5,4,3,7,2,5,450.0,3.09,2,3200.0,5.89,7,0,2,#2F4F4F,31.3,-11.7,-3.7,5,5,5,1,REDUP(첩어・동일)
싱글대며,singgeuldaemyeo,4,2048,1,1,2,32,1,siŋkɯltɛmjʌ,5,2,3,7,2,5,450.0,3.09,2,1800.0,4.91,7,0,2,#2F4F4F,31.3,-11.7,-3.7,5,5,5,8,SUFFIX(어미변화)
싱글싱글대며,singgeulsinggeuldaemyeo,4,2048,1,1,2,33,1,siŋkɯlsiŋkɯltɛmjʌ,5,4,3,7,2,5,450.0,3.09,2,3200.0,5.89,7,0,2,#2F4F4F,31.3,-11.7,-3.7,5,5,5,1,REDUP(첩어・동일)
싱글하게,singgeulhage,4,2048,1,1,2,32,1,siŋkɯlhake,5,2,3,7,2,5,450.0,3.09,2,1800.0,4.91,7,0,2,#2F4F4F,31.3,-11.7,-3.7,5,5,5,8,SUFFIX(어미변화)
싱글싱글하게,singgeulsinggeulhage,4,2048,1,1,2,33,1,siŋkɯlsiŋkɯlhake,5,4,3,7,2,5,450.0,3.09,2,3200.0,5.89,7,0,2,#2F4F4F,31.3,-11.7,-3.7,5,5,5,1,REDUP(첩어・동일)
싱글한,singgeulhan,4,2048,1,1,2,32,1,siŋkɯlhan,5,2,3,7,2,5,450.0,3.09,2,1800.0,4.91,7,0,2,#2F4F4F,31.3,-11.7,-3.7,5,5,5,8,SUFFIX(어미변화)
싱글싱글한,singgeulsinggeulhan,4,2048,1,1,2,33,1,siŋkɯlsiŋkɯlhan,5,4,3,7,2,5,450.0,3.09,2,3200.0,5.89,7,0,2,#2F4F4F,31.3,-11.7,-3.7,5,5,5,1,REDUP(첩어・동일)
싱글스럽게,singgeulseureopge,4,2048,1,1,2,32,1,siŋkɯlsɯrʌp̚ke,5,2,3,7,5,5,450.0,3.09,2,1800.0,4.91,7,0,3,#2F4F4F,31.3,-11.7,-3.7,5,5,5,8,SUFFIX(어미변화)
싱글싱글스럽게,singgeulsinggeulseureopge,4,2048,1,1,2,33,1,siŋkɯlsiŋkɯlsɯrʌp̚ke,5,4,3,7,5,5,450.0,3.09,2,3200.0,5.89,7,0,3,#2F4F4F,31.3,-11.7,-3.7,5,5,5,1,REDUP(첩어・동일)
싱글스러운,singgeulseureoun,4,2048,1,1,2,32,1,siŋkɯlsɯrʌun,5,2,3,7,2,5,450.0,3.09,2,1800.0,4.91,7,0,2,#2F4F4F,31.3,-11.7,-3.7,5,5,5,8,SUFFIX(어미변화)
싱글싱글스러운,singgeulsinggeulseureoun,4,2048,1,1,2,33,1,siŋkɯlsiŋkɯlsɯrʌun,5,4,3,7,2,5,450.0,3.09,2,3200.0,5.89,7,0,2,#2F4F4F,31.3,-11.7,-3.7,5,5,5,1,REDUP(첩어・동일)
싱글해서,singgeulhaeseo,4,2048,1,1,2,32,1,siŋkɯlhɛsʌ,5,2,3,7,2,5,450.0,3.09,2,1800.0,4.91,7,0,2,#2F4F4F,31.3,-11.7,-3.7,5,5,5,8,SUFFIX(어미변화)
싱글싱글해서,singgeulsinggeulhaeseo,4,2048,1,1,2,33,1,siŋkɯlsiŋkɯlhɛsʌ,5,4,3,7,2,5,450.0,3.09,2,3200.0,5.89,7,0,2,#2F4F4F,31.3,-11.7,-3.7,5,5,5,1,REDUP(첩어・동일)
싱글하고,singgeulhago,4,2048,1,1,2,32,1,siŋkɯlhako,5,2,3,7,2,5,450.0,3.09,2,1800.0,4.91,7,0,2,#2F4F4F,31.3,-11.7,-3.7,5,5,5,8,SUFFIX(어미변화)
싱글싱글하고,singgeulsinggeulhago,4,2048,1,1,2,33,1,siŋkɯlsiŋkɯlhako,5,4,3,7,2,5,450.0,3.09,2,3200.0,5.89,7,0,2,#2F4F4F,31.3,-11.7,-3.7,5,5,5,1,REDUP(첩어・동일)
방글,banggeul,4,2048,1,1,1,8,1,paŋkɯl,1,8,5,5,2,5,2100.0,6.25,9,800.0,3.53,7,0,2,#FFD700,86.9,-1.9,87.1,5,5,0,0,SINGLE(단발)
방글방글,banggeulbanggeul,4,2048,1,1,1,1,1,paŋkɯlpaŋkɯl,1,7,5,5,2,5,2100.0,6.25,8,3200.0,5.89,7,0,2,#FFD700,86.9,-1.9,87.1,5,5,5,1,REDUP(첩어・동일)
방글방글방글,banggeulbanggeulbanggeul,4,2048,1,1,1,1,1,paŋkɯlpaŋkɯlpaŋkɯl,1,7,5,5,2,5,2100.0,6.25,8,3200.0,5.89,7,0,2,#FFD700,86.9,-1.9,87.1,5,5,5,1,REDUP(첩어・동일)
방글거리다,banggeulgeorida,4,2048,1,1,1,32,1,paŋkɯlkʌrita,1,2,3,5,2,5,2100.0,6.25,8,1800.0,4.91,7,0,2,#FFD700,86.9,-1.9,87.1,5,5,5,8,STEM+GEORIDA
방글방글거리다,banggeulbanggeulgeorida,4,2048,1,1,1,33,1,paŋkɯlpaŋkɯlkʌrita,1,4,3,5,2,5,2100.0,6.25,8,3200.0,5.89,7,0,2,#FFD700,86.9,-1.9,87.1,5,5,5,1,STEM+GEORIDA
방글대다,banggeuldaeda,4,2048,1,1,1,32,1,paŋkɯltɛta,1,2,3,5,2,5,2100.0,6.25,8,1800.0,4.91,7,0,2,#FFD700,86.9,-1.9,87.1,5,5,5,8,STEM+DAEDA
방글방글대다,banggeulbanggeuldaeda,4,2048,1,1,1,33,1,paŋkɯlpaŋkɯltɛta,1,4,3,5,2,5,2100.0,6.25,8,3200.0,5.89,7,0,2,#FFD700,86.9,-1.9,87.1,5,5,5,1,STEM+DAEDA
방글이다,banggeulida,4,2048,1,1,1,32,1,paŋkɯlita,1,2,3,5,2,5,2100.0,6.25,8,1800.0,4.91,7,0,2,#FFD700,86.9,-1.9,87.1,5,5,5,8,STEM+IDA
방글방글이다,banggeulbanggeulida,4,2048,1,1,1,33,1,paŋkɯlpaŋkɯlita,1,4,3,5,2,5,2100.0,6.25,8,3200.0,5.89,7,0,2,#FFD700,86.9,-1.9,87.1,5,5,5,1,STEM+IDA
방글하다,banggeulhada,4,2048,1,1,1,32,1,paŋkɯlhata,1,2,3,7,2,5,2100.0,6.25,8,1800.0,4.91,7,0,2,#FFD700,86.9,-1.9,87.1,5,5,5,8,STEM+HADA
방글방글하다,banggeulbanggeulhada,4,2048,1,1,1,33,1,paŋkɯlpaŋkɯlhata,1,4,3,7,2,5,2100.0,6.25,8,3200.0,5.89,7,0,2,#FFD700,86.9,-1.9,87.1,5,5,5,1,STEM+HADA
방글스럽다,banggeulseureopda,4,2048,1,1,1,32,1,paŋkɯlsɯrʌp̚ta,1,2,3,7,5,5,2100.0,6.25,8,1800.0,4.91,7,0,3,#FFD700,86.9,-1.9,87.1,5,5,5,8,SUFFIX(어미변화)
방글방글스럽다,banggeulbanggeulseureopda,4,2048,1,1,1,33,1,paŋkɯlpaŋkɯlsɯrʌp̚ta,1,4,3,7,5,5,2100.0,6.25,8,3200.0,5.89,7,0,3,#FFD700,86.9,-1.9,87.1,5,5,5,1,REDUP(첩어・동일)
방글맞다,banggeulmajda,4,2048,1,1,1,32,1,paŋkɯlmat̚ta,1,2,3,5,2,5,2100.0,6.25,8,1800.0,4.91,7,0,2,#FFD700,86.9,-1.9,87.1,5,5,5,8,SUFFIX(어미변화)
방글방글맞다,banggeulbanggeulmajda,4,2048,1,1,1,33,1,paŋkɯlpaŋkɯlmat̚ta,1,4,3,5,2,5,2100.0,6.25,8,3200.0,5.89,7,0,2,#FFD700,86.9,-1.9,87.1,5,5,5,1,REDUP(첩어・동일)
방글거리며,banggeulgeorimyeo,4,2048,1,1,1,32,1,paŋkɯlkʌrimjʌ,1,2,3,5,2,5,2100.0,6.25,8,1800.0,4.91,7,0,2,#FFD700,86.9,-1.9,87.1,5,5,5,8,SUFFIX(어미변화)
방글방글거리며,banggeulbanggeulgeorimyeo,4,2048,1,1,1,33,1,paŋkɯlpaŋkɯlkʌrimjʌ,1,4,3,5,2,5,2100.0,6.25,8,3200.0,5.89,7,0,2,#FFD700,86.9,-1.9,87.1,5,5,5,1,REDUP(첩어・동일)
방글대며,banggeuldaemyeo,4,2048,1,1,1,32,1,paŋkɯltɛmjʌ,1,2,3,5,2,5,2100.0,6.25,8,1800.0,4.91,7,0,2,#FFD700,86.9,-1.9,87.1,5,5,5,8,SUFFIX(어미변화)
방글방글대며,banggeulbanggeuldaemyeo,4,2048,1,1,1,33,1,paŋkɯlpaŋkɯltɛmjʌ,1,4,3,5,2,5,2100.0,6.25,8,3200.0,5.89,7,0,2,#FFD700,86.9,-1.9,87.1,5,5,5,1,REDUP(첩어・동일)
방글하게,banggeulhage,4,2048,1,1,1,32,1,paŋkɯlhake,1,2,3,7,2,5,2100.0,6.25,8,1800.0,4.91,7,0,2,#FFD700,86.9,-1.9,87.1,5,5,5,8,SUFFIX(어미변화)
방글방글하게,banggeulbanggeulhage,4,2048,1,1,1,33,1,paŋkɯlpaŋkɯlhake,1,4,3,7,2,5,2100.0,6.25,8,3200.0,5.89,7,0,2,#FFD700,86.9,-1.9,87.1,5,5,5,1,REDUP(첩어・동일)
방글한,banggeulhan,4,2048,1,1,1,32,1,paŋkɯlhan,1,2,3,7,2,5,2100.0,6.25,8,1800.0,4.91,7,0,2,#FFD700,86.9,-1.9,87.1,5,5,5,8,SUFFIX(어미변화)
방글방글한,banggeulbanggeulhan,4,2048,1,1,1,33,1,paŋkɯlpaŋkɯlhan,1,4,3,7,2,5,2100.0,6.25,8,3200.0,5.89,7,0,2,#FFD700,86.9,-1.9,87.1,5,5,5,1,REDUP(첩어・동일)
방글스럽게,banggeulseureopge,4,2048,1,1,1,32,1,paŋkɯlsɯrʌp̚ke,1,2,3,7,5,5,2100.0,6.25,8,1800.0,4.91,7,0,3,#FFD700,86.9,-1.9,87.1,5,5,5,8,SUFFIX(어미변화)
방글방글스럽게,banggeulbanggeulseureopge,4,2048,1,1,1,33,1,paŋkɯlpaŋkɯlsɯrʌp̚ke,1,4,3,7,5,5,2100.0,6.25,8,3200.0,5.89,7,0,3,#FFD700,86.9,-1.9,87.1,5,5,5,1,REDUP(첩어・동일)
방글스러운,banggeulseureoun,4,2048,1,1,1,32,1,paŋkɯlsɯrʌun,1,2,3,7,2,5,2100.0,6.25,8,1800.0,4.91,7,0,2,#FFD700,86.9,-1.9,87.1,5,5,5,8,SUFFIX(어미변화)
방글방글스러운,banggeulbanggeulseureoun,4,2048,1,1,1,33,1,paŋkɯlpaŋkɯlsɯrʌun,1,4,3,7,2,5,2100.0,6.25,8,3200.0,5.89,7,0,2,#FFD700,86.9,-1.9,87.1,5,5,5,1,REDUP(첩어・동일)
방글해서,banggeulhaeseo,4,2048,1,1,1,32,1,paŋkɯlhɛsʌ,1,2,3,7,2,5,2100.0,6.25,8,1800.0,4.91,7,0,2,#FFD700,86.9,-1.9,87.1,5,5,5,8,SUFFIX(어미변화)
방글방글해서,banggeulbanggeulhaeseo,4,2048,1,1,1,33,1,paŋkɯlpaŋkɯlhɛsʌ,1,4,3,7,2,5,2100.0,6.25,8,3200.0,5.89,7,0,2,#FFD700,86.9,-1.9,87.1,5,5,5,1,REDUP(첩어・동일)
방글하고,banggeulhago,4,2048,1,1,1,32,1,paŋkɯlhako,1,2,3,7,2,5,2100.0,6.25,8,1800.0,4.91,7,0,2,#FFD700,86.9,-1.9,87.1,5,5,5,8,SUFFIX(어미변화)
방글방글하고,banggeulbanggeulhago,4,2048,1,1,1,33,1,paŋkɯlpaŋkɯlhako,1,4,3,7,2,5,2100.0,6.25,8,3200.0,5.89,7,0,2,#FFD700,86.9,-1.9,87.1,5,5,5,1,REDUP(첩어・동일)
두근,dugeun,8,2048,1,1,2,8,1,tukɯn,5,8,5,5,2,5,450.0,3.09,3,800.0,3.53,7,0,2,#2F4F4F,31.3,-11.7,-3.7,5,5,0,0,SINGLE(단발)
두근두근,dugeundugeun,8,2048,1,1,2,1,1,tukɯntukɯn,5,7,5,5,2,5,450.0,3.09,2,3200.0,5.89,7,0,2,#2F4F4F,31.3,-11.7,-3.7,5,5,5,1,REDUP(첩어・동일)
두근두근두근,dugeundugeundugeun,8,2048,1,1,2,1,1,tukɯntukɯntukɯn,5,7,5,5,2,5,450.0,3.09,2,3200.0,5.89,7,0,2,#2F4F4F,31.3,-11.7,-3.7,5,5,5,1,REDUP(첩어・동일)
두근거리다,dugeungeorida,8,2048,1,1,2,32,1,tukɯnkʌrita,5,2,3,5,2,5,450.0,3.09,2,1800.0,4.91,7,0,2,#2F4F4F,31.3,-11.7,-3.7,5,5,5,8,STEM+GEORIDA
두근두근거리다,dugeundugeungeorida,8,2048,1,1,2,33,1,tukɯntukɯnkʌrita,5,4,3,5,2,5,450.0,3.09,2,3200.0,5.89,7,0,2,#2F4F4F,31.3,-11.7,-3.7,5,5,5,1,STEM+GEORIDA
두근대다,dugeundaeda,8,2048,1,1,2,32,1,tukɯntɛta,5,2,3,5,2,5,450.0,3.09,2,1800.0,4.91,7,0,2,#2F4F4F,31.3,-11.7,-3.7,5,5,5,8,STEM+DAEDA
두근두근대다,dugeundugeundaeda,8,2048,1,1,2,33,1,tukɯntukɯntɛta,5,4,3,5,2,5,450.0,3.09,2,3200.0,5.89,7,0,2,#2F4F4F,31.3,-11.7,-3.7,5,5,5,1,STEM+DAEDA
두근이다,dugeunida,8,2048,1,1,2,32,1,tukɯnita,5,2,3,5,2,5,450.0,3.09,2,1800.0,4.91,7,0,2,#2F4F4F,31.3,-11.7,-3.7,5,5,5,8,STEM+IDA
두근두근이다,dugeundugeunida,8,2048,1,1,2,33,1,tukɯntukɯnita,5,4,3,5,2,5,450.0,3.09,2,3200.0,5.89,7,0,2,#2F4F4F,31.3,-11.7,-3.7,5,5,5,1,STEM+IDA
두근하다,dugeunhada,8,2048,1,1,2,32,1,tukɯnhata,5,2,3,7,2,5,450.0,3.09,2,1800.0,4.91,7,0,2,#2F4F4F,31.3,-11.7,-3.7,5,5,5,8,STEM+HADA
두근두근하다,dugeundugeunhada,8,2048,1,1,2,33,1,tukɯntukɯnhata,5,4,3,7,2,5,450.0,3.09,2,3200.0,5.89,7,0,2,#2F4F4F,31.3,-11.7,-3.7,5,5,5,1,STEM+HADA
두근스럽다,dugeunseureopda,8,2048,1,1,2,32,1,tukɯnsɯrʌp̚ta,5,2,3,7,5,5,450.0,3.09,2,1800.0,4.91,7,0,3,#2F4F4F,31.3,-11.7,-3.7,5,5,5,8,SUFFIX(어미변화)
두근두근스럽다,dugeundugeunseureopda,8,2048,1,1,2,33,1,tukɯntukɯnsɯrʌp̚ta,5,4,3,7,5,5,450.0,3.09,2,3200.0,5.89,7,0,3,#2F4F4F,31.3,-11.7,-3.7,5,5,5,1,REDUP(첩어・동일)
두근맞다,dugeunmajda,8,2048,1,1,2,32,1,tukɯnmat̚ta,5,2,3,5,2,5,450.0,3.09,2,1800.0,4.91,7,0,2,#2F4F4F,31.3,-11.7,-3.7,5,5,5,8,SUFFIX(어미변화)
두근두근맞다,dugeundugeunmajda,8,2048,1,1,2,33,1,tukɯntukɯnmat̚ta,5,4,3,5,2,5,450.0,3.09,2,3200.0,5.89,7,0,2,#2F4F4F,31.3,-11.7,-3.7,5,5,5,1,REDUP(첩어・동일)
두근거리며,dugeungeorimyeo,8,2048,1,1,2,32,1,tukɯnkʌrimjʌ,5,2,3,5,2,5,450.0,3.09,2,1800.0,4.91,7,0,2,#2F4F4F,31.3,-11.7,-3.7,5,5,5,8,SUFFIX(어미변화)
두근두근거리며,dugeundugeungeorimyeo,8,2048,1,1,2,33,1,tukɯntukɯnkʌrimjʌ,5,4,3,5,2,5,450.0,3.09,2,3200.0,5.89,7,0,2,#2F4F4F,31.3,-11.7,-3.7,5,5,5,1,REDUP(첩어・동일)
두근대며,dugeundaemyeo,8,2048,1,1,2,32,1,tukɯntɛmjʌ,5,2,3,5,2,5,450.0,3.09,2,1800.0,4.91,7,0,2,#2F4F4F,31.3,-11.7,-3.7,5,5,5,8,SUFFIX(어미변화)
두근두근대며,dugeundugeundaemyeo,8,2048,1,1,2,33,1,tukɯntukɯntɛmjʌ,5,4,3,5,2,5,450.0,3.09,2,3200.0,5.89,7,0,2,#2F4F4F,31.3,-11.7,-3.7,5,5,5,1,REDUP(첩어・동일)
두근하게,dugeunhage,8,2048,1,1,2,32,1,tukɯnhake,5,2,3,7,2,5,450.0,3.09,2,1800.0,4.91,7,0,2,#2F4F4F,31.3,-11.7,-3.7,5,5,5,8,SUFFIX(어미변화)
두근두근하게,dugeundugeunhage,8,2048,1,1,2,33,1,tukɯntukɯnhake,5,4,3,7,2,5,450.0,3.09,2,3200.0,5.89,7,0,2,#2F4F4F,31.3,-11.7,-3.7,5,5,5,1,REDUP(첩어・동일)
두근한,dugeunhan,8,2048,1,1,2,32,1,tukɯnhan,5,2,3,7,2,5,450.0,3.09,2,1800.0,4.91,7,0,2,#2F4F4F,31.3,-11.7,-3.7,5,5,5,8,SUFFIX(어미변화)
두근두근한,dugeundugeunhan,8,2048,1,1,2,33,1,tukɯntukɯnhan,5,4,3,7,2,5,450.0,3.09,2,3200.0,5.89,7,0,2,#2F4F4F,31.3,-11.7,-3.7,5,5,5,1,REDUP(첩어・동일)
두근스럽게,dugeunseureopge,8,2048,1,1,2,32,1,tukɯnsɯrʌp̚ke,5,2,3,7,5,5,450.0,3.09,2,1800.0,4.91,7,0,3,#2F4F4F,31.3,-11.7,-3.7,5,5,5,8,SUFFIX(어미변화)
두근두근스럽게,dugeundugeunseureopge,8,2048,1,1,2,33,1,tukɯntukɯnsɯrʌp̚ke,5,4,3,7,5,5,450.0,3.09,2,3200.0,5.89,7,0,3,#2F4F4F,31.3,-11.7,-3.7,5,5,5,1,REDUP(첩어・동일)
두근스러운,dugeunseureoun,8,2048,1,1,2,32,1,tukɯnsɯrʌun,5,2,3,7,2,5,450.0,3.09,2,1800.0,4.91,7,0,2,#2F4F4F,31.3,-11.7,-3.7,5,5,5,8,SUFFIX(어미변화)
두근두근스러운,dugeundugeunseureoun,8,2048,1,1,2,33,1,tukɯntukɯnsɯrʌun,5,4,3,7,2,5,450.0,3.09,2,3200.0,5.89,7,0,2,#2F4F4F,31.3,-11.7,-3.7,5,5,5,1,REDUP(첩어・동일)
두근해서,dugeunhaeseo,8,2048,1,1,2,32,1,tukɯnhɛsʌ,5,2,3,7,2,5,450.0,3.09,2,1800.0,4.91,7,0,2,#2F4F4F,31.3,-11.7,-3.7,5,5,5,8,SUFFIX(어미변화)
두근두근해서,dugeundugeunhaeseo,8,2048,1,1,2,33,1,tukɯntukɯnhɛsʌ,5,4,3,7,2,5,450.0,3.09,2,3200.0,5.89,7,0,2,#2F4F4F,31.3,-11.7,-3.7,5,5,5,1,REDUP(첩어・동일)
두근하고,dugeunhago,8,2048,1,1,2,32,1,tukɯnhako,5,2,3,7,2,5,450.0,3.09,2,1800.0,4.91,7,0,2,#2F4F4F,31.3,-11.7,-3.7,5,5,5,8,SUFFIX(어미변화)
두근두근하고,dugeundugeunhago,8,2048,1,1,2,33,1,tukɯntukɯnhako,5,4,3,7,2,5,450.0,3.09,2,3200.0,5.89,7,0,2,#2F4F4F,31.3,-11.7,-3.7,5,5,5,1,REDUP(첩어・동일)
콩닥,kongdak,8,2048,1,2,1,8,1,kʰoŋtak̚,3,8,6,7,5,5,2900.0,6.92,9,800.0,3.53,9,0,3,#FFD700,86.9,-1.9,87.1,5,5,0,0,SINGLE(단발)
콩닥콩닥,kongdakkongdak,8,2048,1,2,1,1,1,kʰoŋtak̚kʰoŋtak̚,3,7,6,7,5,5,2900.0,6.92,8,3200.0,5.89,9,0,3,#FFD700,86.9,-1.9,87.1,5,5,5,1,REDUP(첩어・동일)
콩닥콩닥콩닥,kongdakkongdakkongdak,8,2048,1,2,1,1,1,kʰoŋtak̚kʰoŋtak̚kʰoŋtak̚,3,7,6,7,5,5,2900.0,6.92,8,3200.0,5.89,9,0,3,#FFD700,86.9,-1.9,87.1,5,5,5,1,REDUP(첩어・동일)
콩닥거리다,kongdakgeorida,8,2048,1,2,1,32,1,kʰoŋtak̚kʌrita,3,2,4,7,5,5,2900.0,6.92,8,1800.0,4.91,9,0,3,#FFD700,86.9,-1.9,87.1,5,5,5,8,STEM+GEORIDA
콩닥콩닥거리다,kongdakkongdakgeorida,8,2048,1,2,1,33,1,kʰoŋtak̚kʰoŋtak̚kʌrita,3,4,4,7,5,5,2900.0,6.92,8,3200.0,5.89,9,0,3,#FFD700,86.9,-1.9,87.1,5,5,5,1,STEM+GEORIDA
콩닥대다,kongdakdaeda,8,2048,1,2,1,32,1,kʰoŋtak̚tɛta,3,2,4,7,5,5,2900.0,6.92,8,1800.0,4.91,9,0,3,#FFD700,86.9,-1.9,87.1,5,5,5,8,STEM+DAEDA
콩닥콩닥대다,kongdakkongdakdaeda,8,2048,1,2,1,33,1,kʰoŋtak̚kʰoŋtak̚tɛta,3,4,4,7,5,5,2900.0,6.92,8,3200.0,5.89,9,0,3,#FFD700,86.9,-1.9,87.1,5,5,5,1,STEM+DAEDA
콩닥이다,kongdakida,8,2048,1,2,1,32,1,kʰoŋtak̚ita,3,2,4,7,5,5,2900.0,6.92,8,1800.0,4.91,9,0,3,#FFD700,86.9,-1.9,87.1,5,5,5,8,STEM+IDA
콩닥콩닥이다,kongdakkongdakida,8,2048,1,2,1,33,1,kʰoŋtak̚kʰoŋtak̚ita,3,4,4,7,5,5,2900.0,6.92,8,3200.0,5.89,9,0,3,#FFD700,86.9,-1.9,87.1,5,5,5,1,STEM+IDA
콩닥하다,kongdakhada,8,2048,1,2,1,32,1,kʰoŋtak̚hata,3,2,4,7,5,5,2900.0,6.92,8,1800.0,4.91,9,0,3,#FFD700,86.9,-1.9,87.1,5,5,5,8,STEM+HADA
콩닥콩닥하다,kongdakkongdakhada,8,2048,1,2,1,33,1,kʰoŋtak̚kʰoŋtak̚hata,3,4,4,7,5,5,2900.0,6.92,8,3200.0,5.89,9,0,3,#FFD700,86.9,-1.9,87.1,5,5,5,1,STEM+HADA
콩닥스럽다,kongdakseureopda,8,2048,1,2,1,32,1,kʰoŋtak̚sɯrʌp̚ta,3,2,4,7,5,5,2900.0,6.92,8,1800.0,4.91,9,0,3,#FFD700,86.9,-1.9,87.1,5,5,5,8,SUFFIX(어미변화)
콩닥콩닥스럽다,kongdakkongdakseureopda,8,2048,1,2,1,33,1,kʰoŋtak̚kʰoŋtak̚sɯrʌp̚ta,3,4,4,7,5,5,2900.0,6.92,8,3200.0,5.89,9,0,3,#FFD700,86.9,-1.9,87.1,5,5,5,1,REDUP(첩어・동일)
콩닥맞다,kongdakmajda,8,2048,1,2,1,32,1,kʰoŋtak̚mat̚ta,3,2,4,7,5,5,2900.0,6.92,8,1800.0,4.91,9,0,3,#FFD700,86.9,-1.9,87.1,5,5,5,8,SUFFIX(어미변화)
콩닥콩닥맞다,kongdakkongdakmajda,8,2048,1,2,1,33,1,kʰoŋtak̚kʰoŋtak̚mat̚ta,3,4,4,7,5,5,2900.0,6.92,8,3200.0,5.89,9,0,3,#FFD700,86.9,-1.9,87.1,5,5,5,1,REDUP(첩어・동일)
콩닥거리며,kongdakgeorimyeo,8,2048,1,2,1,32,1,kʰoŋtak̚kʌrimjʌ,3,2,4,7,5,5,2900.0,6.92,8,1800.0,4.91,9,0,3,#FFD700,86.9,-1.9,87.1,5,5,5,8,SUFFIX(어미변화)
콩닥콩닥거리며,kongdakkongdakgeorimyeo,8,2048,1,2,1,33,1,kʰoŋtak̚kʰoŋtak̚kʌrimjʌ,3,4,4,7,5,5,2900.0,6.92,8,3200.0,5.89,9,0,3,#FFD700,86.9,-1.9,87.1,5,5,5,1,REDUP(첩어・동일)
콩닥대며,kongdakdaemyeo,8,2048,1,2,1,32,1,kʰoŋtak̚tɛmjʌ,3,2,4,7,5,5,2900.0,6.92,8,1800.0,4.91,9,0,3,#FFD700,86.9,-1.9,87.1,5,5,5,8,SUFFIX(어미변화)
콩닥콩닥대며,kongdakkongdakdaemyeo,8,2048,1,2,1,33,1,kʰoŋtak̚kʰoŋtak̚tɛmjʌ,3,4,4,7,5,5,2900.0,6.92,8,3200.0,5.89,9,0,3,#FFD700,86.9,-1.9,87.1,5,5,5,1,REDUP(첩어・동일)
콩닥하게,kongdakhage,8,2048,1,2,1,32,1,kʰoŋtak̚hake,3,2,4,7,5,5,2900.0,6.92,8,1800.0,4.91,9,0,3,#FFD700,86.9,-1.9,87.1,5,5,5,8,SUFFIX(어미변화)
콩닥콩닥하게,kongdakkongdakhage,8,2048,1,2,1,33,1,kʰoŋtak̚kʰoŋtak̚hake,3,4,4,7,5,5,2900.0,6.92,8,3200.0,5.89,9,0,3,#FFD700,86.9,-1.9,87.1,5,5,5,1,REDUP(첩어・동일)
콩닥한,kongdakhan,8,2048,1,2,1,32,1,kʰoŋtak̚han,3,2,4,7,5,5,2900.0,6.92,8,1800.0,4.91,9,0,3,#FFD700,86.9,-1.9,87.1,5,5,5,8,SUFFIX(어미변화)
콩닥콩닥한,kongdakkongdakhan,8,2048,1,2,1,33,1,kʰoŋtak̚kʰoŋtak̚han,3,4,4,7,5,5,2900.0,6.92,8,3200.0,5.89,9,0,3,#FFD700,86.9,-1.9,87.1,5,5,5,1,REDUP(첩어・동일)
콩닥스럽게,kongdakseureopge,8,2048,1,2,1,32,1,kʰoŋtak̚sɯrʌp̚ke,3,2,4,7,5,5,2900.0,6.92,8,1800.0,4.91,9,0,3,#FFD700,86.9,-1.9,87.1,5,5,5,8,SUFFIX(어미변화)
콩닥콩닥스럽게,kongdakkongdakseureopge,8,2048,1,2,1,33,1,kʰoŋtak̚kʰoŋtak̚sɯrʌp̚ke,3,4,4,7,5,5,2900.0,6.92,8,3200.0,5.89,9,0,3,#FFD700,86.9,-1.9,87.1,5,5,5,1,REDUP(첩어・동일)
콩닥스러운,kongdakseureoun,8,2048,1,2,1,32,1,kʰoŋtak̚sɯrʌun,3,2,4,7,5,5,2900.0,6.92,8,1800.0,4.91,9,0,3,#FFD700,86.9,-1.9,87.1,5,5,5,8,SUFFIX(어미변화)
콩닥콩닥스러운,kongdakkongdakseureoun,8,2048,1,2,1,33,1,kʰoŋtak̚kʰoŋtak̚sɯrʌun,3,4,4,7,5,5,2900.0,6.92,8,3200.0,5.89,9,0,3,#FFD700,86.9,-1.9,87.1,5,5,5,1,REDUP(첩어・동일)
콩닥해서,kongdakhaeseo,8,2048,1,2,1,32,1,kʰoŋtak̚hɛsʌ,3,2,4,7,5,5,2900.0,6.92,8,1800.0,4.91,9,0,3,#FFD700,86.9,-1.9,87.1,5,5,5,8,SUFFIX(어미변화)
콩닥콩닥해서,kongdakkongdakhaeseo,8,2048,1,2,1,33,1,kʰoŋtak̚kʰoŋtak̚hɛsʌ,3,4,4,7,5,5,2900.0,6.92,8,3200.0,5.89,9,0,3,#FFD700,86.9,-1.9,87.1,5,5,5,1,REDUP(첩어・동일)
콩닥하고,kongdakhago,8,2048,1,2,1,32,1,kʰoŋtak̚hako,3,2,4,7,5,5,2900.0,6.92,8,1800.0,4.91,9,0,3,#FFD700,86.9,-1.9,87.1,5,5,5,8,SUFFIX(어미변화)
콩닥콩닥하고,kongdakkongdakhago,8,2048,1,2,1,33,1,kʰoŋtak̚kʰoŋtak̚hako,3,4,4,7,5,5,2900.0,6.92,8,3200.0,5.89,9,0,3,#FFD700,86.9,-1.9,87.1,5,5,5,1,REDUP(첩어・동일)
찌릿,jjiris,16,16384,2,4,1,8,1,tɕ͈iris̚,4,8,6,6,7,5,2600.0,6.69,9,800.0,3.53,9,0,4,#FFD700,86.9,-1.9,87.1,5,5,0,0,SINGLE(단발)
찌릿찌릿,jjirisjjiris,16,16384,2,4,1,1,1,tɕ͈iris̚tɕ͈iris̚,4,7,6,6,7,5,2600.0,6.69,8,3200.0,5.89,9,0,4,#FFD700,86.9,-1.9,87.1,5,5,5,1,REDUP(첩어・동일)
찌릿찌릿찌릿,jjirisjjirisjjiris,16,16384,2,4,1,1,1,tɕ͈iris̚tɕ͈iris̚tɕ͈iris̚,4,7,6,6,7,5,2600.0,6.69,8,3200.0,5.89,9,0,4,#FFD700,86.9,-1.9,87.1,5,5,5,1,REDUP(첩어・동일)
찌릿거리다,jjirisgeorida,16,16384,2,4,1,32,1,tɕ͈iris̚kʌrita,4,2,4,6,7,5,2600.0,6.69,8,1800.0,4.91,9,0,4,#FFD700,86.9,-1.9,87.1,5,5,5,8,STEM+GEORIDA
찌릿찌릿거리다,jjirisjjirisgeorida,16,16384,2,4,1,33,1,tɕ͈iris̚tɕ͈iris̚kʌrita,4,4,4,6,7,5,2600.0,6.69,8,3200.0,5.89,9,0,4,#FFD700,86.9,-1.9,87.1,5,5,5,1,STEM+GEORIDA
찌릿대다,jjirisdaeda,16,16384,2,4,1,32,1,tɕ͈iris̚tɛta,4,2,4,6,7,5,2600.0,6.69,8,1800.0,4.91,9,0,4,#FFD700,86.9,-1.9,87.1,5,5,5,8,STEM+DAEDA
찌릿찌릿대다,jjirisjjirisdaeda,16,16384,2,4,1,33,1,tɕ͈iris̚tɕ͈iris̚tɛta,4,4,4,6,7,5,2600.0,6.69,8,3200.0,5.89,9,0,4,#FFD700,86.9,-1.9,87.1,5,5,5,1,STEM+DAEDA
찌릿이다,jjirisida,16,16384,2,4,1,32,1,tɕ͈iris̚ita,4,2,4,6,7,5,2600.0,6.69,8,1800.0,4.91,9,0,4,#FFD700,86.9,-1.9,87.1,5,5,5,8,STEM+IDA
찌릿찌릿이다,jjirisjjirisida,16,16384,2,4,1,33,1,tɕ͈iris̚tɕ͈iris̚ita,4,4,4,6,7,5,2600.0,6.69,8,3200.0,5.89,9,0,4,#FFD700,86.9,-1.9,87.1,5,5,5,1,STEM+IDA
찌릿하다,jjirishada,16,16384,2,4,1,32,1,tɕ͈iris̚hata,4,2,4,8,7,5,2600.0,6.69,8,1800.0,4.91,9,0,4,#FFD700,86.9,-1.9,87.1,5,5,5,8,STEM+HADA
찌릿찌릿하다,jjirisjjirishada,16,16384,2,4,1,33,1,tɕ͈iris̚tɕ͈iris̚hata,4,4,4,8,7,5,2600.0,6.69,8,3200.0,5.89,9,0,4,#FFD700,86.9,-1.9,87.1,5,5,5,1,STEM+HADA
찌릿스럽다,jjirisseureopda,16,16384,2,4,1,32,1,tɕ͈iris̚sɯrʌp̚ta,4,2,4,8,7,5,2600.0,6.69,8,1800.0,4.91,9,0,4,#FFD700,86.9,-1.9,87.1,5,5,5,8,SUFFIX(어미변화)
찌릿찌릿스럽다,jjirisjjirisseureopda,16,16384,2,4,1,33,1,tɕ͈iris̚tɕ͈iris̚sɯrʌp̚ta,4,4,4,8,7,5,2600.0,6.69,8,3200.0,5.89,9,0,4,#FFD700,86.9,-1.9,87.1,5,5,5,1,REDUP(첩어・동일)
찌릿맞다,jjirismajda,16,16384,2,4,1,32,1,tɕ͈iris̚mat̚ta,4,2,4,6,7,5,2600.0,6.69,8,1800.0,4.91,9,0,4,#FFD700,86.9,-1.9,87.1,5,5,5,8,SUFFIX(어미변화)
찌릿찌릿맞다,jjirisjjirismajda,16,16384,2,4,1,33,1,tɕ͈iris̚tɕ͈iris̚mat̚ta,4,4,4,6,7,5,2600.0,6.69,8,3200.0,5.89,9,0,4,#FFD700,86.9,-1.9,87.1,5,5,5,1,REDUP(첩어・동일)
찌릿거리며,jjirisgeorimyeo,16,16384,2,4,1,32,1,tɕ͈iris̚kʌrimjʌ,4,2,4,6,7,5,2600.0,6.69,8,1800.0,4.91,9,0,4,#FFD700,86.9,-1.9,87.1,5,5,5,8,SUFFIX(어미변화)
찌릿찌릿거리며,jjirisjjirisgeorimyeo,16,16384,2,4,1,33,1,tɕ͈iris̚tɕ͈iris̚kʌrimjʌ,4,4,4,6,7,5,2600.0,6.69,8,3200.0,5.89,9,0,4,#FFD700,86.9,-1.9,87.1,5,5,5,1,REDUP(첩어・동일)
찌릿대며,jjirisdaemyeo,16,16384,2,4,1,32,1,tɕ͈iris̚tɛmjʌ,4,2,4,6,7,5,2600.0,6.69,8,1800.0,4.91,9,0,4,#FFD700,86.9,-1.9,87.1,5,5,5,8,SUFFIX(어미변화)
찌릿찌릿대며,jjirisjjirisdaemyeo,16,16384,2,4,1,33,1,tɕ͈iris̚tɕ͈iris̚tɛmjʌ,4,4,4,6,7,5,2600.0,6.69,8,3200.0,5.89,9,0,4,#FFD700,86.9,-1.9,87.1,5,5,5,1,REDUP(첩어・동일)
찌릿하게,jjirishage,16,16384,2,4,1,32,1,tɕ͈iris̚hake,4,2,4,8,7,5,2600.0,6.69,8,1800.0,4.91,9,0,4,#FFD700,86.9,-1.9,87.1,5,5,5,8,SUFFIX(어미변화)
찌릿찌릿하게,jjirisjjirishage,16,16384,2,4,1,33,1,tɕ͈iris̚tɕ͈iris̚hake,4,4,4,8,7,5,2600.0,6.69,8,3200.0,5.89,9,0,4,#FFD700,86.9,-1.9,87.1,5,5,5,1,REDUP(첩어・동일)
찌릿한,jjirishan,16,16384,2,4,1,32,1,tɕ͈iris̚han,4,2,4,8,5,5,2600.0,6.69,8,1800.0,4.91,9,0,3,#FFD700,86.9,-1.9,87.1,5,5,5,8,SUFFIX(어미변화)
찌릿찌릿한,jjirisjjirishan,16,16384,2,4,1,33,1,tɕ͈iris̚tɕ͈iris̚han,4,4,4,8,5,5,2600.0,6.69,8,3200.0,5.89,9,0,3,#FFD700,86.9,-1.9,87.1,5,5,5,1,REDUP(첩어・동일)
찌릿스럽게,jjirisseureopge,16,16384,2,4,1,32,1,tɕ͈iris̚sɯrʌp̚ke,4,2,4,8,7,5,2600.0,6.69,8,1800.0,4.91,9,0,4,#FFD700,86.9,-1.9,87.1,5,5,5,8,SUFFIX(어미변화)
찌릿찌릿스럽게,jjirisjjirisseureopge,16,16384,2,4,1,33,1,tɕ͈iris̚tɕ͈iris̚sɯrʌp̚ke,4,4,4,8,7,5,2600.0,6.69,8,3200.0,5.89,9,0,4,#FFD700,86.9,-1.9,87.1,5,5,5,1,REDUP(첩어・동일)
찌릿스러운,jjirisseureoun,16,16384,2,4,1,32,1,tɕ͈iris̚sɯrʌun,4,2,4,8,5,5,2600.0,6.69,8,1800.0,4.91,9,0,3,#FFD700,86.9,-1.9,87.1,5,5,5,8,SUFFIX(어미변화)
찌릿찌릿스러운,jjirisjjirisseureoun,16,16384,2,4,1,33,1,tɕ͈iris̚tɕ͈iris̚sɯrʌun,4,4,4,8,5,5,2600.0,6.69,8,3200.0,5.89,9,0,3,#FFD700,86.9,-1.9,87.1,5,5,5,1,REDUP(첩어・동일)
찌릿해서,jjirishaeseo,16,16384,2,4,1,32,1,tɕ͈iris̚hɛsʌ,4,2,4,8,7,5,2600.0,6.69,8,1800.0,4.91,9,0,4,#FFD700,86.9,-1.9,87.1,5,5,5,8,SUFFIX(어미변화)
찌릿찌릿해서,jjirisjjirishaeseo,16,16384,2,4,1,33,1,tɕ͈iris̚tɕ͈iris̚hɛsʌ,4,4,4,8,7,5,2600.0,6.69,8,3200.0,5.89,9,0,4,#FFD700,86.9,-1.9,87.1,5,5,5,1,REDUP(첩어・동일)
찌릿하고,jjirishago,16,16384,2,4,1,32,1,tɕ͈iris̚hako,4,2,4,8,7,5,2600.0,6.69,8,1800.0,4.91,9,0,4,#FFD700,86.9,-1.9,87.1,5,5,5,8,SUFFIX(어미변화)
찌릿찌릿하고,jjirisjjirishago,16,16384,2,4,1,33,1,tɕ͈iris̚tɕ͈iris̚hako,4,4,4,8,7,5,2600.0,6.69,8,3200.0,5.89,9,0,4,#FFD700,86.9,-1.9,87.1,5,5,5,1,REDUP(첩어・동일)
콕콕,kogkog,16,16384,2,2,1,8,1,kʰok̚kʰok̚,3,8,6,7,7,5,2900.0,6.92,9,800.0,3.53,9,0,4,#FFD700,86.9,-1.9,87.1,5,5,0,0,SINGLE(단발)
콕콕콕콕,kogkogkogkog,16,16384,2,2,1,1,1,kʰok̚kʰok̚kʰok̚kʰok̚,3,7,6,7,7,5,2900.0,6.92,8,3200.0,5.89,9,0,4,#FFD700,86.9,-1.9,87.1,5,5,5,1,REDUP(첩어・동일)
콕콕콕콕콕콕,kogkogkogkogkogkog,16,16384,2,2,1,1,1,kʰok̚kʰok̚kʰok̚kʰok̚kʰok̚kʰok̚,3,7,6,7,7,5,2900.0,6.92,8,3200.0,5.89,9,0,4,#FFD700,86.9,-1.9,87.1,5,5,5,1,REDUP(첩어・동일)
콕콕거리다,kogkoggeorida,16,16384,2,2,1,32,1,kʰok̚kʰok̚kʌrita,3,2,4,7,7,5,2900.0,6.92,8,1800.0,4.91,9,0,4,#FFD700,86.9,-1.9,87.1,5,5,5,8,STEM+GEORIDA
콕콕콕콕거리다,kogkogkogkoggeorida,16,16384,2,2,1,33,1,kʰok̚kʰok̚kʰok̚kʰok̚kʌrita,3,4,4,7,7,5,2900.0,6.92,8,3200.0,5.89,9,0,4,#FFD700,86.9,-1.9,87.1,5,5,5,1,STEM+GEORIDA
콕콕대다,kogkogdaeda,16,16384,2,2,1,32,1,kʰok̚kʰok̚tɛta,3,2,4,7,7,5,2900.0,6.92,8,1800.0,4.91,9,0,4,#FFD700,86.9,-1.9,87.1,5,5,5,8,STEM+DAEDA
콕콕콕콕대다,kogkogkogkogdaeda,16,16384,2,2,1,33,1,kʰok̚kʰok̚kʰok̚kʰok̚tɛta,3,4,4,7,7,5,2900.0,6.92,8,3200.0,5.89,9,0,4,#FFD700,86.9,-1.9,87.1,5,5,5,1,STEM+DAEDA
콕콕이다,kogkogida,16,16384,2,2,1,32,1,kʰok̚kʰok̚ita,3,2,4,7,7,5,2900.0,6.92,8,1800.0,4.91,9,0,4,#FFD700,86.9,-1.9,87.1,5,5,5,8,STEM+IDA
콕콕콕콕이다,kogkogkogkogida,16,16384,2,2,1,33,1,kʰok̚kʰok̚kʰok̚kʰok̚ita,3,4,4,7,7,5,2900.0,6.92,8,3200.0,5.89,9,0,4,#FFD700,86.9,-1.9,87.1,5,5,5,1,STEM+IDA
콕콕하다,kogkoghada,16,16384,2,2,1,32,1,kʰok̚kʰok̚hata,3,2,4,7,7,5,2900.0,6.92,8,1800.0,4.91,9,0,4,#FFD700,86.9,-1.9,87.1,5,5,5,8,STEM+HADA
콕콕콕콕하다,kogkogkogkoghada,16,16384,2,2,1,33,1,kʰok̚kʰok̚kʰok̚kʰok̚hata,3,4,4,7,7,5,2900.0,6.92,8,3200.0,5.89,9,0,4,#FFD700,86.9,-1.9,87.1,5,5,5,1,STEM+HADA
콕콕스럽다,kogkogseureopda,16,16384,2,2,1,32,1,kʰok̚kʰok̚sɯrʌp̚ta,3,2,4,7,7,5,2900.0,6.92,8,1800.0,4.91,9,0,4,#FFD700,86.9,-1.9,87.1,5,5,5,8,SUFFIX(어미변화)
콕콕콕콕스럽다,kogkogkogkogseureopda,16,16384,2,2,1,33,1,kʰok̚kʰok̚kʰok̚kʰok̚sɯrʌp̚ta,3,4,4,7,7,5,2900.0,6.92,8,3200.0,5.89,9,0,4,#FFD700,86.9,-1.9,87.1,5,5,5,1,REDUP(첩어・동일)
콕콕맞다,kogkogmajda,16,16384,2,2,1,32,1,kʰok̚kʰok̚mat̚ta,3,2,4,7,7,5,2900.0,6.92,8,1800.0,4.91,9,0,4,#FFD700,86.9,-1.9,87.1,5,5,5,8,SUFFIX(어미변화)
콕콕콕콕맞다,kogkogkogkogmajda,16,16384,2,2,1,33,1,kʰok̚kʰok̚kʰok̚kʰok̚mat̚ta,3,4,4,7,7,5,2900.0,6.92,8,3200.0,5.89,9,0,4,#FFD700,86.9,-1.9,87.1,5,5,5,1,REDUP(첩어・동일)
콕콕거리며,kogkoggeorimyeo,16,16384,2,2,1,32,1,kʰok̚kʰok̚kʌrimjʌ,3,2,4,7,7,5,2900.0,6.92,8,1800.0,4.91,9,0,4,#FFD700,86.9,-1.9,87.1,5,5,5,8,SUFFIX(어미변화)
콕콕콕콕거리며,kogkogkogkoggeorimyeo,16,16384,2,2,1,33,1,kʰok̚kʰok̚kʰok̚kʰok̚kʌrimjʌ,3,4,4,7,7,5,2900.0,6.92,8,3200.0,5.89,9,0,4,#FFD700,86.9,-1.9,87.1,5,5,5,1,REDUP(첩어・동일)
콕콕대며,kogkogdaemyeo,16,16384,2,2,1,32,1,kʰok̚kʰok̚tɛmjʌ,3,2,4,7,7,5,2900.0,6.92,8,1800.0,4.91,9,0,4,#FFD700,86.9,-1.9,87.1,5,5,5,8,SUFFIX(어미변화)
콕콕콕콕대며,kogkogkogkogdaemyeo,16,16384,2,2,1,33,1,kʰok̚kʰok̚kʰok̚kʰok̚tɛmjʌ,3,4,4,7,7,5,2900.0,6.92,8,3200.0,5.89,9,0,4,#FFD700,86.9,-1.9,87.1,5,5,5,1,REDUP(첩어・동일)
콕콕하게,kogkoghage,16,16384,2,2,1,32,1,kʰok̚kʰok̚hake,3,2,4,7,7,5,2900.0,6.92,8,1800.0,4.91,9,0,4,#FFD700,86.9,-1.9,87.1,5,5,5,8,SUFFIX(어미변화)
콕콕콕콕하게,kogkogkogkoghage,16,16384,2,2,1,33,1,kʰok̚kʰok̚kʰok̚kʰok̚hake,3,4,4,7,7,5,2900.0,6.92,8,3200.0,5.89,9,0,4,#FFD700,86.9,-1.9,87.1,5,5,5,1,REDUP(첩어・동일)
콕콕한,kogkoghan,16,16384,2,2,1,32,1,kʰok̚kʰok̚han,3,2,4,7,5,5,2900.0,6.92,8,1800.0,4.91,9,0,3,#FFD700,86.9,-1.9,87.1,5,5,5,8,SUFFIX(어미변화)
콕콕콕콕한,kogkogkogkoghan,16,16384,2,2,1,33,1,kʰok̚kʰok̚kʰok̚kʰok̚han,3,4,4,7,5,5,2900.0,6.92,8,3200.0,5.89,9,0,3,#FFD700,86.9,-1.9,87.1,5,5,5,1,REDUP(첩어・동일)
콕콕스럽게,kogkogseureopge,16,16384,2,2,1,32,1,kʰok̚kʰok̚sɯrʌp̚ke,3,2,4,7,7,5,2900.0,6.92,8,1800.0,4.91,9,0,4,#FFD700,86.9,-1.9,87.1,5,5,5,8,SUFFIX(어미변화)
콕콕콕콕스럽게,kogkogkogkogseureopge,16,16384,2,2,1,33,1,kʰok̚kʰok̚kʰok̚kʰok̚sɯrʌp̚ke,3,4,4,7,7,5,2900.0,6.92,8,3200.0,5.89,9,0,4,#FFD700,86.9,-1.9,87.1,5,5,5,1,REDUP(첩어・동일)
콕콕스러운,kogkogseureoun,16,16384,2,2,1,32,1,kʰok̚kʰok̚sɯrʌun,3,2,4,7,5,5,2900.0,6.92,8,1800.0,4.91,9,0,3,#FFD700,86.9,-1.9,87.1,5,5,5,8,SUFFIX(어미변화)
콕콕콕콕스러운,kogkogkogkogseureoun,16,16384,2,2,1,33,1,kʰok̚kʰok̚kʰok̚kʰok̚sɯrʌun,3,4,4,7,5,5,2900.0,6.92,8,3200.0,5.89,9,0,3,#FFD700,86.9,-1.9,87.1,5,5,5,1,REDUP(첩어・동일)
콕콕해서,kogkoghaeseo,16,16384,2,2,1,32,1,kʰok̚kʰok̚hɛsʌ,3,2,4,7,7,5,2900.0,6.92,8,1800.0,4.91,9,0,4,#FFD700,86.9,-1.9,87.1,5,5,5,8,SUFFIX(어미변화)
콕콕콕콕해서,kogkogkogkoghaeseo,16,16384,2,2,1,33,1,kʰok̚kʰok̚kʰok̚kʰok̚hɛsʌ,3,4,4,7,7,5,2900.0,6.92,8,3200.0,5.89,9,0,4,#FFD700,86.9,-1.9,87.1,5,5,5,1,REDUP(첩어・동일)
콕콕하고,kogkoghago,16,16384,2,2,1,32,1,kʰok̚kʰok̚hako,3,2,4,7,7,5,2900.0,6.92,8,1800.0,4.91,9,0,4,#FFD700,86.9,-1.9,87.1,5,5,5,8,SUFFIX(어미변화)
콕콕콕콕하고,kogkogkogkoghago,16,16384,2,2,1,33,1,kʰok̚kʰok̚kʰok̚kʰok̚hako,3,4,4,7,7,5,2900.0,6.92,8,3200.0,5.89,9,0,4,#FFD700,86.9,-1.9,87.1,5,5,5,1,REDUP(첩어・동일)
욱신,ugsin,16,16384,2,1,2,8,1,uk̚sin,5,8,5,7,5,5,450.0,3.09,3,800.0,3.53,7,0,3,#2F4F4F,31.3,-11.7,-3.7,5,5,0,0,SINGLE(단발)
욱신욱신,ugsinugsin,16,16384,2,1,2,1,1,uk̚sinuk̚sin,5,7,5,7,5,5,450.0,3.09,2,3200.0,5.89,7,0,3,#2F4F4F,31.3,-11.7,-3.7,5,5,5,1,REDUP(첩어・동일)
욱신욱신욱신,ugsinugsinugsin,16,16384,2,1,2,1,1,uk̚sinuk̚sinuk̚sin,5,7,5,7,5,5,450.0,3.09,2,3200.0,5.89,7,0,3,#2F4F4F,31.3,-11.7,-3.7,5,5,5,1,REDUP(첩어・동일)
욱신거리다,ugsingeorida,16,16384,2,1,2,32,1,uk̚sinkʌrita,5,2,3,7,5,5,450.0,3.09,2,1800.0,4.91,7,0,3,#2F4F4F,31.3,-11.7,-3.7,5,5,5,8,STEM+GEORIDA
욱신욱신거리다,ugsinugsingeorida,16,16384,2,1,2,33,1,uk̚sinuk̚sinkʌrita,5,4,3,7,5,5,450.0,3.09,2,3200.0,5.89,7,0,3,#2F4F4F,31.3,-11.7,-3.7,5,5,5,1,STEM+GEORIDA
욱신대다,ugsindaeda,16,16384,2,1,2,32,1,uk̚sintɛta,5,2,3,7,5,5,450.0,3.09,2,1800.0,4.91,7,0,3,#2F4F4F,31.3,-11.7,-3.7,5,5,5,8,STEM+DAEDA
욱신욱신대다,ugsinugsindaeda,16,16384,2,1,2,33,1,uk̚sinuk̚sintɛta,5,4,3,7,5,5,450.0,3.09,2,3200.0,5.89,7,0,3,#2F4F4F,31.3,-11.7,-3.7,5,5,5,1,STEM+DAEDA
욱신이다,ugsinida,16,16384,2,1,2,32,1,uk̚sinita,5,2,3,7,5,5,450.0,3.09,2,1800.0,4.91,7,0,3,#2F4F4F,31.3,-11.7,-3.7,5,5,5,8,STEM+IDA
욱신욱신이다,ugsinugsinida,16,16384,2,1,2,33,1,uk̚sinuk̚sinita,5,4,3,7,5,5,450.0,3.09,2,3200.0,5.89,7,0,3,#2F4F4F,31.3,-11.7,-3.7,5,5,5,1,STEM+IDA
욱신하다,ugsinhada,16,16384,2,1,2,32,1,uk̚sinhata,5,2,3,7,5,5,450.0,3.09,2,1800.0,4.91,7,0,3,#2F4F4F,31.3,-11.7,-3.7,5,5,5,8,STEM+HADA
욱신욱신하다,ugsinugsinhada,16,16384,2,1,2,33,1,uk̚sinuk̚sinhata,5,4,3,7,5,5,450.0,3.09,2,3200.0,5.89,7,0,3,#2F4F4F,31.3,-11.7,-3.7,5,5,5,1,STEM+HADA
욱신스럽다,ugsinseureopda,16,16384,2,1,2,32,1,uk̚sinsɯrʌp̚ta,5,2,3,7,5,5,450.0,3.09,2,1800.0,4.91,7,0,3,#2F4F4F,31.3,-11.7,-3.7,5,5,5,8,SUFFIX(어미변화)
욱신욱신스럽다,ugsinugsinseureopda,16,16384,2,1,2,33,1,uk̚sinuk̚sinsɯrʌp̚ta,5,4,3,7,5,5,450.0,3.09,2,3200.0,5.89,7,0,3,#2F4F4F,31.3,-11.7,-3.7,5,5,5,1,REDUP(첩어・동일)
욱신맞다,ugsinmajda,16,16384,2,1,2,32,1,uk̚sinmat̚ta,5,2,3,7,5,5,450.0,3.09,2,1800.0,4.91,7,0,3,#2F4F4F,31.3,-11.7,-3.7,5,5,5,8,SUFFIX(어미변화)
욱신욱신맞다,ugsinugsinmajda,16,16384,2,1,2,33,1,uk̚sinuk̚sinmat̚ta,5,4,3,7,5,5,450.0,3.09,2,3200.0,5.89,7,0,3,#2F4F4F,31.3,-11.7,-3.7,5,5,5,1,REDUP(첩어・동일)
욱신거리며,ugsingeorimyeo,16,16384,2,1,2,32,1,uk̚sinkʌrimjʌ,5,2,3,7,5,5,450.0,3.09,2,1800.0,4.91,7,0,3,#2F4F4F,31.3,-11.7,-3.7,5,5,5,8,SUFFIX(어미변화)
욱신욱신거리며,ugsinugsingeorimyeo,16,16384,2,1,2,33,1,uk̚sinuk̚sinkʌrimjʌ,5,4,3,7,5,5,450.0,3.09,2,3200.0,5.89,7,0,3,#2F4F4F,31.3,-11.7,-3.7,5,5,5,1,REDUP(첩어・동일)
욱신대며,ugsindaemyeo,16,16384,2,1,2,32,1,uk̚sintɛmjʌ,5,2,3,7,5,5,450.0,3.09,2,1800.0,4.91,7,0,3,#2F4F4F,31.3,-11.7,-3.7,5,5,5,8,SUFFIX(어미변화)
욱신욱신대며,ugsinugsindaemyeo,16,16384,2,1,2,33,1,uk̚sinuk̚sintɛmjʌ,5,4,3,7,5,5,450.0,3.09,2,3200.0,5.89,7,0,3,#2F4F4F,31.3,-11.7,-3.7,5,5,5,1,REDUP(첩어・동일)
욱신하게,ugsinhage,16,16384,2,1,2,32,1,uk̚sinhake,5,2,3,7,5,5,450.0,3.09,2,1800.0,4.91,7,0,3,#2F4F4F,31.3,-11.7,-3.7,5,5,5,8,SUFFIX(어미변화)
욱신욱신하게,ugsinugsinhage,16,16384,2,1,2,33,1,uk̚sinuk̚sinhake,5,4,3,7,5,5,450.0,3.09,2,3200.0,5.89,7,0,3,#2F4F4F,31.3,-11.7,-3.7,5,5,5,1,REDUP(첩어・동일)
욱신한,ugsinhan,16,16384,2,1,2,32,1,uk̚sinhan,5,2,3,7,5,5,450.0,3.09,2,1800.0,4.91,7,0,3,#2F4F4F,31.3,-11.7,-3.7,5,5,5,8,SUFFIX(어미변화)
욱신욱신한,ugsinugsinhan,16,16384,2,1,2,33,1,uk̚sinuk̚sinhan,5,4,3,7,5,5,450.0,3.09,2,3200.0,5.89,7,0,3,#2F4F4F,31.3,-11.7,-3.7,5,5,5,1,REDUP(첩어・동일)
욱신스럽게,ugsinseureopge,16,16384,2,1,2,32,1,uk̚sinsɯrʌp̚ke,5,2,3,7,5,5,450.0,3.09,2,1800.0,4.91,7,0,3,#2F4F4F,31.3,-11.7,-3.7,5,5,5,8,SUFFIX(어미변화)
욱신욱신스럽게,ugsinugsinseureopge,16,16384,2,1,2,33,1,uk̚sinuk̚sinsɯrʌp̚ke,5,4,3,7,5,5,450.0,3.09,2,3200.0,5.89,7,0,3,#2F4F4F,31.3,-11.7,-3.7,5,5,5,1,REDUP(첩어・동일)
욱신스러운,ugsinseureoun,16,16384,2,1,2,32,1,uk̚sinsɯrʌun,5,2,3,7,5,5,450.0,3.09,2,1800.0,4.91,7,0,3,#2F4F4F,31.3,-11.7,-3.7,5,5,5,8,SUFFIX(어미변화)
욱신욱신스러운,ugsinugsinseureoun,16,16384,2,1,2,33,1,uk̚sinuk̚sinsɯrʌun,5,4,3,7,5,5,450.0,3.09,2,3200.0,5.89,7,0,3,#2F4F4F,31.3,-11.7,-3.7,5,5,5,1,REDUP(첩어・동일)
욱신해서,ugsinhaeseo,16,16384,2,1,2,32,1,uk̚sinhɛsʌ,5,2,3,7,5,5,450.0,3.09,2,1800.0,4.91,7,0,3,#2F4F4F,31.3,-11.7,-3.7,5,5,5,8,SUFFIX(어미변화)
욱신욱신해서,ugsinugsinhaeseo,16,16384,2,1,2,33,1,uk̚sinuk̚sinhɛsʌ,5,4,3,7,5,5,450.0,3.09,2,3200.0,5.89,7,0,3,#2F4F4F,31.3,-11.7,-3.7,5,5,5,1,REDUP(첩어・동일)
욱신하고,ugsinhago,16,16384,2,1,2,32,1,uk̚sinhako,5,2,3,7,5,5,450.0,3.09,2,1800.0,4.91,7,0,3,#2F4F4F,31.3,-11.7,-3.7,5,5,5,8,SUFFIX(어미변화)
욱신욱신하고,ugsinugsinhago,16,16384,2,1,2,33,1,uk̚sinuk̚sinhako,5,4,3,7,5,5,450.0,3.09,2,3200.0,5.89,7,0,3,#2F4F4F,31.3,-11.7,-3.7,5,5,5,1,REDUP(첩어・동일)
똑똑,ttogttog,2,8,0,1,1,8,1,t͈ok̚t͈ok̚,4,8,8,6,7,5,2600.0,6.69,9,800.0,3.53,5,0,4,#FFD700,86.9,-1.9,87.1,5,5,0,0,SINGLE(단발)
똑똑똑똑,ttogttogttogttog,2,8,0,1,1,1,1,t͈ok̚t͈ok̚t͈ok̚t͈ok̚,4,7,8,6,7,5,2600.0,6.69,8,3200.0,5.89,5,0,4,#FFD700,86.9,-1.9,87.1,5,5,5,1,REDUP(첩어・동일)
똑똑똑똑똑똑,ttogttogttogttogttogttog,2,8,0,1,1,1,1,t͈ok̚t͈ok̚t͈ok̚t͈ok̚t͈ok̚t͈ok̚,4,7,8,6,7,5,2600.0,6.69,8,3200.0,5.89,5,0,4,#FFD700,86.9,-1.9,87.1,5,5,5,1,REDUP(첩어・동일)
똑똑거리다,ttogttoggeorida,2,8,0,1,1,32,1,t͈ok̚t͈ok̚kʌrita,4,2,6,6,7,5,2600.0,6.69,8,1800.0,4.91,5,0,4,#FFD700,86.9,-1.9,87.1,5,5,5,8,STEM+GEORIDA
똑똑똑똑거리다,ttogttogttogttoggeorida,2,8,0,1,1,33,1,t͈ok̚t͈ok̚t͈ok̚t͈ok̚kʌrita,4,4,6,6,7,5,2600.0,6.69,8,3200.0,5.89,5,0,4,#FFD700,86.9,-1.9,87.1,5,5,5,1,STEM+GEORIDA
똑똑대다,ttogttogdaeda,2,8,0,1,1,32,1,t͈ok̚t͈ok̚tɛta,4,2,6,6,7,5,2600.0,6.69,8,1800.0,4.91,5,0,4,#FFD700,86.9,-1.9,87.1,5,5,5,8,STEM+DAEDA
똑똑똑똑대다,ttogttogttogttogdaeda,2,8,0,1,1,33,1,t͈ok̚t͈ok̚t͈ok̚t͈ok̚tɛta,4,4,6,6,7,5,2600.0,6.69,8,3200.0,5.89,5,0,4,#FFD700,86.9,-1.9,87.1,5,5,5,1,STEM+DAEDA
똑똑이다,ttogttogida,2,8,0,1,1,32,1,t͈ok̚t͈ok̚ita,4,2,6,6,7,5,2600.0,6.69,8,1800.0,4.91,5,0,4,#FFD700,86.9,-1.9,87.1,5,5,5,8,STEM+IDA
똑똑똑똑이다,ttogttogttogttogida,2,8,0,1,1,33,1,t͈ok̚t͈ok̚t͈ok̚t͈ok̚ita,4,4,6,6,7,5,2600.0,6.69,8,3200.0,5.89,5,0,4,#FFD700,86.9,-1.9,87.1,5,5,5,1,STEM+IDA
똑똑하다,ttogttoghada,2,8,0,1,1,32,1,t͈ok̚t͈ok̚hata,4,2,6,8,7,5,2600.0,6.69,8,1800.0,4.91,5,0,4,#FFD700,86.9,-1.9,87.1,5,5,5,8,STEM+HADA
똑똑똑똑하다,ttogttogttogttoghada,2,8,0,1,1,33,1,t͈ok̚t͈ok̚t͈ok̚t͈ok̚hata,4,4,6,8,7,5,2600.0,6.69,8,3200.0,5.89,5,0,4,#FFD700,86.9,-1.9,87.1,5,5,5,1,STEM+HADA
똑똑스럽다,ttogttogseureopda,2,8,0,1,1,32,1,t͈ok̚t͈ok̚sɯrʌp̚ta,4,2,6,8,7,5,2600.0,6.69,8,1800.0,4.91,5,0,4,#FFD700,86.9,-1.9,87.1,5,5,5,8,SUFFIX(어미변화)
똑똑똑똑스럽다,ttogttogttogttogseureopda,2,8,0,1,1,33,1,t͈ok̚t͈ok̚t͈ok̚t͈ok̚sɯrʌp̚ta,4,4,6,8,7,5,2600.0,6.69,8,3200.0,5.89,5,0,4,#FFD700,86.9,-1.9,87.1,5,5,5,1,REDUP(첩어・동일)
똑똑맞다,ttogttogmajda,2,8,0,1,1,32,1,t͈ok̚t͈ok̚mat̚ta,4,2,6,6,7,5,2600.0,6.69,8,1800.0,4.91,5,0,4,#FFD700,86.9,-1.9,87.1,5,5,5,8,SUFFIX(어미변화)
똑똑똑똑맞다,ttogttogttogttogmajda,2,8,0,1,1,33,1,t͈ok̚t͈ok̚t͈ok̚t͈ok̚mat̚ta,4,4,6,6,7,5,2600.0,6.69,8,3200.0,5.89,5,0,4,#FFD700,86.9,-1.9,87.1,5,5,5,1,REDUP(첩어・동일)
똑똑거리며,ttogttoggeorimyeo,2,8,0,1,1,32,1,t͈ok̚t͈ok̚kʌrimjʌ,4,2,6,6,7,5,2600.0,6.69,8,1800.0,4.91,5,0,4,#FFD700,86.9,-1.9,87.1,5,5,5,8,SUFFIX(어미변화)
똑똑똑똑거리며,ttogttogttogttoggeorimyeo,2,8,0,1,1,33,1,t͈ok̚t͈ok̚t͈ok̚t͈ok̚kʌrimjʌ,4,4,6,6,7,5,2600.0,6.69,8,3200.0,5.89,5,0,4,#FFD700,86.9,-1.9,87.1,5,5,5,1,REDUP(첩어・동일)
똑똑대며,ttogttogdaemyeo,2,8,0,1,1,32,1,t͈ok̚t͈ok̚tɛmjʌ,4,2,6,6,7,5,2600.0,6.69,8,1800.0,4.91,5,0,4,#FFD700,86.9,-1.9,87.1,5,5,5,8,SUFFIX(어미변화)
똑똑똑똑대며,ttogttogttogttogdaemyeo,2,8,0,1,1,33,1,t͈ok̚t͈ok̚t͈ok̚t͈ok̚tɛmjʌ,4,4,6,6,7,5,2600.0,6.69,8,3200.0,5.89,5,0,4,#FFD700,86.9,-1.9,87.1,5,5,5,1,REDUP(첩어・동일)
똑똑하게,ttogttoghage,2,8,0,1,1,32,1,t͈ok̚t͈ok̚hake,4,2,6,8,7,5,2600.0,6.69,8,1800.0,4.91,5,0,4,#FFD700,86.9,-1.9,87.1,5,5,5,8,SUFFIX(어미변화)
똑똑똑똑하게,ttogttogttogttoghage,2,8,0,1,1,33,1,t͈ok̚t͈ok̚t͈ok̚t͈ok̚hake,4,4,6,8,7,5,2600.0,6.69,8,3200.0,5.89,5,0,4,#FFD700,86.9,-1.9,87.1,5,5,5,1,REDUP(첩어・동일)
똑똑한,ttogttoghan,2,8,0,1,1,32,1,t͈ok̚t͈ok̚han,4,2,6,8,5,5,2600.0,6.69,8,1800.0,4.91,5,0,3,#FFD700,86.9,-1.9,87.1,5,5,5,8,SUFFIX(어미변화)
똑똑똑똑한,ttogttogttogttoghan,2,8,0,1,1,33,1,t͈ok̚t͈ok̚t͈ok̚t͈ok̚han,4,4,6,8,5,5,2600.0,6.69,8,3200.0,5.89,5,0,3,#FFD700,86.9,-1.9,87.1,5,5,5,1,REDUP(첩어・동일)
똑똑스럽게,ttogttogseureopge,2,8,0,1,1,32,1,t͈ok̚t͈ok̚sɯrʌp̚ke,4,2,6,8,7,5,2600.0,6.69,8,1800.0,4.91,5,0,4,#FFD700,86.9,-1.9,87.1,5,5,5,8,SUFFIX(어미변화)
똑똑똑똑스럽게,ttogttogttogttogseureopge,2,8,0,1,1,33,1,t͈ok̚t͈ok̚t͈ok̚t͈ok̚sɯrʌp̚ke,4,4,6,8,7,5,2600.0,6.69,8,3200.0,5.89,5,0,4,#FFD700,86.9,-1.9,87.1,5,5,5,1,REDUP(첩어・동일)
똑똑스러운,ttogttogseureoun,2,8,0,1,1,32,1,t͈ok̚t͈ok̚sɯrʌun,4,2,6,8,5,5,2600.0,6.69,8,1800.0,4.91,5,0,3,#FFD700,86.9,-1.9,87.1,5,5,5,8,SUFFIX(어미변화)
똑똑똑똑스러운,ttogttogttogttogseureoun,2,8,0,1,1,33,1,t͈ok̚t͈ok̚t͈ok̚t͈ok̚sɯrʌun,4,4,6,8,5,5,2600.0,6.69,8,3200.0,5.89,5,0,3,#FFD700,86.9,-1.9,87.1,5,5,5,1,REDUP(첩어・동일)
똑똑해서,ttogttoghaeseo,2,8,0,1,1,32,1,t͈ok̚t͈ok̚hɛsʌ,4,2,6,8,7,5,2600.0,6.69,8,1800.0,4.91,5,0,4,#FFD700,86.9,-1.9,87.1,5,5,5,8,SUFFIX(어미변화)
똑똑똑똑해서,ttogttogttogttoghaeseo,2,8,0,1,1,33,1,t͈ok̚t͈ok̚t͈ok̚t͈ok̚hɛsʌ,4,4,6,8,7,5,2600.0,6.69,8,3200.0,5.89,5,0,4,#FFD700,86.9,-1.9,87.1,5,5,5,1,REDUP(첩어・동일)
똑똑하고,ttogttoghago,2,8,0,1,1,32,1,t͈ok̚t͈ok̚hako,4,2,6,8,7,5,2600.0,6.69,8,1800.0,4.91,5,0,4,#FFD700,86.9,-1.9,87.1,5,5,5,8,SUFFIX(어미변화)
똑똑똑똑하고,ttogttogttogttoghago,2,8,0,1,1,33,1,t͈ok̚t͈ok̚t͈ok̚t͈ok̚hako,4,4,6,8,7,5,2600.0,6.69,8,3200.0,5.89,5,0,4,#FFD700,86.9,-1.9,87.1,5,5,5,1,REDUP(첩어・동일)
쿵,kung,2,512,0,1,2,8,1,kʰuŋ,9,8,6,7,3,5,1250.0,5.19,3,800.0,3.53,5,0,2,#2F4F4F,31.3,-11.7,-3.7,5,5,0,0,SINGLE(단발)
쿵쿵,kungkung,2,512,0,1,2,1,1,kʰuŋkʰuŋ,9,7,6,7,3,5,1250.0,5.19,2,3200.0,5.89,5,0,2,#2F4F4F,31.3,-11.7,-3.7,5,5,5,1,REDUP(첩어・동일)
쿵쿵쿵,kungkungkung,2,512,0,1,2,1,1,kʰuŋkʰuŋkʰuŋ,9,7,6,7,3,5,1250.0,5.19,2,3200.0,5.89,5,0,2,#2F4F4F,31.3,-11.7,-3.7,5,5,5,1,REDUP(첩어・동일)
쿵거리다,kunggeorida,2,512,0,1,2,32,1,kʰuŋkʌrita,9,2,4,7,3,5,1250.0,5.19,2,1800.0,4.91,5,0,2,#2F4F4F,31.3,-11.7,-3.7,5,5,5,8,STEM+GEORIDA
쿵쿵거리다,kungkunggeorida,2,512,0,1,2,33,1,kʰuŋkʰuŋkʌrita,9,4,4,7,3,5,1250.0,5.19,2,3200.0,5.89,5,0,2,#2F4F4F,31.3,-11.7,-3.7,5,5,5,1,STEM+GEORIDA
쿵대다,kungdaeda,2,512,0,1,2,32,1,kʰuŋtɛta,9,2,4,7,3,5,1250.0,5.19,2,1800.0,4.91,5,0,2,#2F4F4F,31.3,-11.7,-3.7,5,5,5,8,STEM+DAEDA
쿵쿵대다,kungkungdaeda,2,512,0,1,2,33,1,kʰuŋkʰuŋtɛta,9,4,4,7,3,5,1250.0,5.19,2,3200.0,5.89,5,0,2,#2F4F4F,31.3,-11.7,-3.7,5,5,5,1,STEM+DAEDA
쿵이다,kungida,2,512,0,1,2,32,1,kʰuŋita,9,2,4,7,3,5,1250.0,5.19,2,1800.0,4.91,5,0,2,#2F4F4F,31.3,-11.7,-3.7,5,5,5,8,STEM+IDA
쿵쿵이다,kungkungida,2,512,0,1,2,33,1,kʰuŋkʰuŋita,9,4,4,7,3,5,1250.0,5.19,2,3200.0,5.89,5,0,2,#2F4F4F,31.3,-11.7,-3.7,5,5,5,1,STEM+IDA
쿵하다,kunghada,2,512,0,1,2,32,1,kʰuŋhata,9,2,4,7,3,5,1250.0,5.19,2,1800.0,4.91,5,0,2,#2F4F4F,31.3,-11.7,-3.7,5,5,5,8,STEM+HADA
쿵쿵하다,kungkunghada,2,512,0,1,2,33,1,kʰuŋkʰuŋhata,9,4,4,7,3,5,1250.0,5.19,2,3200.0,5.89,5,0,2,#2F4F4F,31.3,-11.7,-3.7,5,5,5,1,STEM+HADA
쿵스럽다,kungseureopda,2,512,0,1,2,32,1,kʰuŋsɯrʌp̚ta,9,2,4,7,5,5,1250.0,5.19,2,1800.0,4.91,5,0,3,#2F4F4F,31.3,-11.7,-3.7,5,5,5,8,SUFFIX(어미변화)
쿵쿵스럽다,kungkungseureopda,2,512,0,1,2,33,1,kʰuŋkʰuŋsɯrʌp̚ta,9,4,4,7,5,5,1250.0,5.19,2,3200.0,5.89,5,0,3,#2F4F4F,31.3,-11.7,-3.7,5,5,5,1,REDUP(첩어・동일)
쿵맞다,kungmajda,2,512,0,1,2,32,1,kʰuŋmat̚ta,9,2,4,7,3,5,1250.0,5.19,2,1800.0,4.91,5,0,2,#2F4F4F,31.3,-11.7,-3.7,5,5,5,8,SUFFIX(어미변화)
쿵쿵맞다,kungkungmajda,2,512,0,1,2,33,1,kʰuŋkʰuŋmat̚ta,9,4,4,7,3,5,1250.0,5.19,2,3200.0,5.89,5,0,2,#2F4F4F,31.3,-11.7,-3.7,5,5,5,1,REDUP(첩어・동일)
쿵거리며,kunggeorimyeo,2,512,0,1,2,32,1,kʰuŋkʌrimjʌ,9,2,4,7,3,5,1250.0,5.19,2,1800.0,4.91,5,0,2,#2F4F4F,31.3,-11.7,-3.7,5,5,5,8,SUFFIX(어미변화)
쿵쿵거리며,kungkunggeorimyeo,2,512,0,1,2,33,1,kʰuŋkʰuŋkʌrimjʌ,9,4,4,7,3,5,1250.0,5.19,2,3200.0,5.89,5,0,2,#2F4F4F,31.3,-11.7,-3.7,5,5,5,1,REDUP(첩어・동일)
쿵대며,kungdaemyeo,2,512,0,1,2,32,1,kʰuŋtɛmjʌ,9,2,4,7,3,5,1250.0,5.19,2,1800.0,4.91,5,0,2,#2F4F4F,31.3,-11.7,-3.7,5,5,5,8,SUFFIX(어미변화)
쿵쿵대며,kungkungdaemyeo,2,512,0,1,2,33,1,kʰuŋkʰuŋtɛmjʌ,9,4,4,7,3,5,1250.0,5.19,2,3200.0,5.89,5,0,2,#2F4F4F,31.3,-11.7,-3.7,5,5,5,1,REDUP(첩어・동일)
쿵하게,kunghage,2,512,0,1,2,32,1,kʰuŋhake,9,2,4,7,3,5,1250.0,5.19,2,1800.0,4.91,5,0,2,#2F4F4F,31.3,-11.7,-3.7,5,5,5,8,SUFFIX(어미변화)
쿵쿵하게,kungkunghage,2,512,0,1,2,33,1,kʰuŋkʰuŋhake,9,4,4,7,3,5,1250.0,5.19,2,3200.0,5.89,5,0,2,#2F4F4F,31.3,-11.7,-3.7,5,5,5,1,REDUP(첩어・동일)
쿵한,kunghan,2,512,0,1,2,32,1,kʰuŋhan,9,2,4,7,3,5,1250.0,5.19,2,1800.0,4.91,5,0,2,#2F4F4F,31.3,-11.7,-3.7,5,5,5,8,SUFFIX(어미변화)
쿵쿵한,kungkunghan,2,512,0,1,2,33,1,kʰuŋkʰuŋhan,9,4,4,7,3,5,1250.0,5.19,2,3200.0,5.89,5,0,2,#2F4F4F,31.3,-11.7,-3.7,5,5,5,1,REDUP(첩어・동일)
쿵스럽게,kungseureopge,2,512,0,1,2,32,1,kʰuŋsɯrʌp̚ke,9,2,4,7,5,5,1250.0,5.19,2,1800.0,4.91,5,0,3,#2F4F4F,31.3,-11.7,-3.7,5,5,5,8,SUFFIX(어미변화)
쿵쿵스럽게,kungkungseureopge,2,512,0,1,2,33,1,kʰuŋkʰuŋsɯrʌp̚ke,9,4,4,7,5,5,1250.0,5.19,2,3200.0,5.89,5,0,3,#2F4F4F,31.3,-11.7,-3.7,5,5,5,1,REDUP(첩어・동일)
쿵스러운,kungseureoun,2,512,0,1,2,32,1,kʰuŋsɯrʌun,9,2,4,7,3,5,1250.0,5.19,2,1800.0,4.91,5,0,2,#2F4F4F,31.3,-11.7,-3.7,5,5,5,8,SUFFIX(어미변화)
쿵쿵스러운,kungkungseureoun,2,512,0,1,2,33,1,kʰuŋkʰuŋsɯrʌun,9,4,4,7,3,5,1250.0,5.19,2,3200.0,5.89,5,0,2,#2F4F4F,31.3,-11.7,-3.7,5,5,5,1,REDUP(첩어・동일)
쿵해서,kunghaeseo,2,512,0,1,2,32,1,kʰuŋhɛsʌ,9,2,4,7,3,5,1250.0,5.19,2,1800.0,4.91,5,0,2,#2F4F4F,31.3,-11.7,-3.7,5,5,5,8,SUFFIX(어미변화)
쿵쿵해서,kungkunghaeseo,2,512,0,1,2,33,1,kʰuŋkʰuŋhɛsʌ,9,4,4,7,3,5,1250.0,5.19,2,3200.0,5.89,5,0,2,#2F4F4F,31.3,-11.7,-3.7,5,5,5,1,REDUP(첩어・동일)
쿵하고,kunghago,2,512,0,1,2,32,1,kʰuŋhako,9,2,4,7,3,5,1250.0,5.19,2,1800.0,4.91,5,0,2,#2F4F4F,31.3,-11.7,-3.7,5,5,5,8,SUFFIX(어미변화)
쿵쿵하고,kungkunghago,2,512,0,1,2,33,1,kʰuŋkʰuŋhako,9,4,4,7,3,5,1250.0,5.19,2,3200.0,5.89,5,0,2,#2F4F4F,31.3,-11.7,-3.7,5,5,5,1,REDUP(첩어・동일)
쾅,kwang,2,512,0,2,1,8,1,kʰwaŋ,5,8,6,7,3,5,2900.0,6.92,9,800.0,3.53,5,0,2,#FFD700,86.9,-1.9,87.1,5,5,0,0,SINGLE(단발)
쾅쾅,kwangkwang,2,512,0,2,1,1,1,kʰwaŋkʰwaŋ,5,7,6,7,3,5,2900.0,6.92,8,3200.0,5.89,5,0,2,#FFD700,86.9,-1.9,87.1,5,5,5,1,REDUP(첩어・동일)
쾅쾅쾅,kwangkwangkwang,2,512,0,2,1,1,1,kʰwaŋkʰwaŋkʰwaŋ,5,7,6,7,3,5,2900.0,6.92,8,3200.0,5.89,5,0,2,#FFD700,86.9,-1.9,87.1,5,5,5,1,REDUP(첩어・동일)
쾅거리다,kwanggeorida,2,512,0,2,1,32,1,kʰwaŋkʌrita,5,2,4,7,3,5,2900.0,6.92,8,1800.0,4.91,5,0,2,#FFD700,86.9,-1.9,87.1,5,5,5,8,STEM+GEORIDA
쾅쾅거리다,kwangkwanggeorida,2,512,0,2,1,33,1,kʰwaŋkʰwaŋkʌrita,5,4,4,7,3,5,2900.0,6.92,8,3200.0,5.89,5,0,2,#FFD700,86.9,-1.9,87.1,5,5,5,1,STEM+GEORIDA
쾅대다,kwangdaeda,2,512,0,2,1,32,1,kʰwaŋtɛta,5,2,4,7,3,5,2900.0,6.92,8,1800.0,4.91,5,0,2,#FFD700,86.9,-1.9,87.1,5,5,5,8,STEM+DAEDA
쾅쾅대다,kwangkwangdaeda,2,512,0,2,1,33,1,kʰwaŋkʰwaŋtɛta,5,4,4,7,3,5,2900.0,6.92,8,3200.0,5.89,5,0,2,#FFD700,86.9,-1.9,87.1,5,5,5,1,STEM+DAEDA
쾅이다,kwangida,2,512,0,2,1,32,1,kʰwaŋita,5,2,4,7,3,5,2900.0,6.92,8,1800.0,4.91,5,0,2,#FFD700,86.9,-1.9,87.1,5,5,5,8,STEM+IDA
쾅쾅이다,kwangkwangida,2,512,0,2,1,33,1,kʰwaŋkʰwaŋita,5,4,4,7,3,5,2900.0,6.92,8,3200.0,5.89,5,0,2,#FFD700,86.9,-1.9,87.1,5,5,5,1,STEM+IDA
쾅하다,kwanghada,2,512,0,2,1,32,1,kʰwaŋhata,5,2,4,7,3,5,2900.0,6.92,8,1800.0,4.91,5,0,2,#FFD700,86.9,-1.9,87.1,5,5,5,8,STEM+HADA
쾅쾅하다,kwangkwanghada,2,512,0,2,1,33,1,kʰwaŋkʰwaŋhata,5,4,4,7,3,5,2900.0,6.92,8,3200.0,5.89,5,0,2,#FFD700,86.9,-1.9,87.1,5,5,5,1,STEM+HADA
쾅스럽다,kwangseureopda,2,512,0,2,1,32,1,kʰwaŋsɯrʌp̚ta,5,2,4,7,5,5,2900.0,6.92,8,1800.0,4.91,5,0,3,#FFD700,86.9,-1.9,87.1,5,5,5,8,SUFFIX(어미변화)
쾅쾅스럽다,kwangkwangseureopda,2,512,0,2,1,33,1,kʰwaŋkʰwaŋsɯrʌp̚ta,5,4,4,7,5,5,2900.0,6.92,8,3200.0,5.89,5,0,3,#FFD700,86.9,-1.9,87.1,5,5,5,1,REDUP(첩어・동일)
쾅맞다,kwangmajda,2,512,0,2,1,32,1,kʰwaŋmat̚ta,5,2,4,7,3,5,2900.0,6.92,8,1800.0,4.91,5,0,2,#FFD700,86.9,-1.9,87.1,5,5,5,8,SUFFIX(어미변화)
쾅쾅맞다,kwangkwangmajda,2,512,0,2,1,33,1,kʰwaŋkʰwaŋmat̚ta,5,4,4,7,3,5,2900.0,6.92,8,3200.0,5.89,5,0,2,#FFD700,86.9,-1.9,87.1,5,5,5,1,REDUP(첩어・동일)
쾅거리며,kwanggeorimyeo,2,512,0,2,1,32,1,kʰwaŋkʌrimjʌ,5,2,4,7,3,5,2900.0,6.92,8,1800.0,4.91,5,0,2,#FFD700,86.9,-1.9,87.1,5,5,5,8,SUFFIX(어미변화)
쾅쾅거리며,kwangkwanggeorimyeo,2,512,0,2,1,33,1,kʰwaŋkʰwaŋkʌrimjʌ,5,4,4,7,3,5,2900.0,6.92,8,3200.0,5.89,5,0,2,#FFD700,86.9,-1.9,87.1,5,5,5,1,REDUP(첩어・동일)
쾅대며,kwangdaemyeo,2,512,0,2,1,32,1,kʰwaŋtɛmjʌ,5,2,4,7,3,5,2900.0,6.92,8,1800.0,4.91,5,0,2,#FFD700,86.9,-1.9,87.1,5,5,5,8,SUFFIX(어미변화)
쾅쾅대며,kwangkwangdaemyeo,2,512,0,2,1,33,1,kʰwaŋkʰwaŋtɛmjʌ,5,4,4,7,3,5,2900.0,6.92,8,3200.0,5.89,5,0,2,#FFD700,86.9,-1.9,87.1,5,5,5,1,REDUP(첩어・동일)
쾅하게,kwanghage,2,512,0,2,1,32,1,kʰwaŋhake,5,2,4,7,3,5,2900.0,6.92,8,1800.0,4.91,5,0,2,#FFD700,86.9,-1.9,87.1,5,5,5,8,SUFFIX(어미변화)
쾅쾅하게,kwangkwanghage,2,512,0,2,1,33,1,kʰwaŋkʰwaŋhake,5,4,4,7,3,5,2900.0,6.92,8,3200.0,5.89,5,0,2,#FFD700,86.9,-1.9,87.1,5,5,5,1,REDUP(첩어・동일)
쾅한,kwanghan,2,512,0,2,1,32,1,kʰwaŋhan,5,2,4,7,3,5,2900.0,6.92,8,1800.0,4.91,5,0,2,#FFD700,86.9,-1.9,87.1,5,5,5,8,SUFFIX(어미변화)
쾅쾅한,kwangkwanghan,2,512,0,2,1,33,1,kʰwaŋkʰwaŋhan,5,4,4,7,3,5,2900.0,6.92,8,3200.0,5.89,5,0,2,#FFD700,86.9,-1.9,87.1,5,5,5,1,REDUP(첩어・동일)
쾅스럽게,kwangseureopge,2,512,0,2,1,32,1,kʰwaŋsɯrʌp̚ke,5,2,4,7,5,5,2900.0,6.92,8,1800.0,4.91,5,0,3,#FFD700,86.9,-1.9,87.1,5,5,5,8,SUFFIX(어미변화)
쾅쾅스럽게,kwangkwangseureopge,2,512,0,2,1,33,1,kʰwaŋkʰwaŋsɯrʌp̚ke,5,4,4,7,5,5,2900.0,6.92,8,3200.0,5.89,5,0,3,#FFD700,86.9,-1.9,87.1,5,5,5,1,REDUP(첩어・동일)
쾅스러운,kwangseureoun,2,512,0,2,1,32,1,kʰwaŋsɯrʌun,5,2,4,7,3,5,2900.0,6.92,8,1800.0,4.91,5,0,2,#FFD700,86.9,-1.9,87.1,5,5,5,8,SUFFIX(어미변화)
쾅쾅스러운,kwangkwangseureoun,2,512,0,2,1,33,1,kʰwaŋkʰwaŋsɯrʌun,5,4,4,7,3,5,2900.0,6.92,8,3200.0,5.89,5,0,2,#FFD700,86.9,-1.9,87.1,5,5,5,1,REDUP(첩어・동일)
쾅해서,kwanghaeseo,2,512,0,2,1,32,1,kʰwaŋhɛsʌ,5,2,4,7,3,5,2900.0,6.92,8,1800.0,4.91,5,0,2,#FFD700,86.9,-1.9,87.1,5,5,5,8,SUFFIX(어미변화)
쾅쾅해서,kwangkwanghaeseo,2,512,0,2,1,33,1,kʰwaŋkʰwaŋhɛsʌ,5,4,4,7,3,5,2900.0,6.92,8,3200.0,5.89,5,0,2,#FFD700,86.9,-1.9,87.1,5,5,5,1,REDUP(첩어・동일)
쾅하고,kwanghago,2,512,0,2,1,32,1,kʰwaŋhako,5,2,4,7,3,5,2900.0,6.92,8,1800.0,4.91,5,0,2,#FFD700,86.9,-1.9,87.1,5,5,5,8,SUFFIX(어미변화)
쾅쾅하고,kwangkwanghago,2,512,0,2,1,33,1,kʰwaŋkʰwaŋhako,5,4,4,7,3,5,2900.0,6.92,8,3200.0,5.89,5,0,2,#FFD700,86.9,-1.9,87.1,5,5,5,1,REDUP(첩어・동일)
우당탕,udangtang,2,2,0,1,1,8,1,utaŋtʰaŋ,3,8,8,7,3,5,2900.0,6.92,9,800.0,3.53,5,0,2,#FFD700,86.9,-1.9,87.1,5,5,0,0,SINGLE(단발)
우당탕우당탕,udangtangudangtang,2,2,0,1,1,1,1,utaŋtʰaŋutaŋtʰaŋ,3,7,8,7,3,5,2900.0,6.92,8,3200.0,5.89,5,0,2,#FFD700,86.9,-1.9,87.1,5,5,5,1,REDUP(첩어・동일)
우당탕우당탕우당탕,udangtangudangtangudangtang,2,2,0,1,1,1,1,utaŋtʰaŋutaŋtʰaŋutaŋtʰaŋ,3,7,8,7,3,5,2900.0,6.92,8,3200.0,5.89,5,0,2,#FFD700,86.9,-1.9,87.1,5,5,5,1,REDUP(첩어・동일)
우당탕거리다,udangtanggeorida,2,2,0,1,1,32,1,utaŋtʰaŋkʌrita,3,2,6,7,3,5,2900.0,6.92,8,1800.0,4.91,5,0,2,#FFD700,86.9,-1.9,87.1,5,5,5,8,STEM+GEORIDA
우당탕우당탕거리다,udangtangudangtanggeorida,2,2,0,1,1,33,1,utaŋtʰaŋutaŋtʰaŋkʌrita,3,4,6,7,3,5,2900.0,6.92,8,3200.0,5.89,5,0,2,#FFD700,86.9,-1.9,87.1,5,5,5,1,STEM+GEORIDA
우당탕대다,udangtangdaeda,2,2,0,1,1,32,1,utaŋtʰaŋtɛta,3,2,6,7,3,5,2900.0,6.92,8,1800.0,4.91,5,0,2,#FFD700,86.9,-1.9,87.1,5,5,5,8,STEM+DAEDA
우당탕우당탕대다,udangtangudangtangdaeda,2,2,0,1,1,33,1,utaŋtʰaŋutaŋtʰaŋtɛta,3,4,6,7,3,5,2900.0,6.92,8,3200.0,5.89,5,0,2,#FFD700,86.9,-1.9,87.1,5,5,5,1,STEM+DAEDA
우당탕이다,udangtangida,2,2,0,1,1,32,1,utaŋtʰaŋita,3,2,6,7,3,5,2900.0,6.92,8,1800.0,4.91,5,0,2,#FFD700,86.9,-1.9,87.1,5,5,5,8,STEM+IDA
우당탕우당탕이다,udangtangudangtangida,2,2,0,1,1,33,1,utaŋtʰaŋutaŋtʰaŋita,3,4,6,7,3,5,2900.0,6.92,8,3200.0,5.89,5,0,2,#FFD700,86.9,-1.9,87.1,5,5,5,1,STEM+IDA
우당탕하다,udangtanghada,2,2,0,1,1,32,1,utaŋtʰaŋhata,3,2,6,7,3,5,2900.0,6.92,8,1800.0,4.91,5,0,2,#FFD700,86.9,-1.9,87.1,5,5,5,8,STEM+HADA
우당탕우당탕하다,udangtangudangtanghada,2,2,0,1,1,33,1,utaŋtʰaŋutaŋtʰaŋhata,3,4,6,7,3,5,2900.0,6.92,8,3200.0,5.89,5,0,2,#FFD700,86.9,-1.9,87.1,5,5,5,1,STEM+HADA
우당탕스럽다,udangtangseureopda,2,2,0,1,1,32,1,utaŋtʰaŋsɯrʌp̚ta,3,2,6,7,5,5,2900.0,6.92,8,1800.0,4.91,5,0,3,#FFD700,86.9,-1.9,87.1,5,5,5,8,SUFFIX(어미변화)
우당탕우당탕스럽다,udangtangudangtangseureopda,2,2,0,1,1,33,1,utaŋtʰaŋutaŋtʰaŋsɯrʌp̚ta,3,4,6,7,5,5,2900.0,6.92,8,3200.0,5.89,5,0,3,#FFD700,86.9,-1.9,87.1,5,5,5,1,REDUP(첩어・동일)
우당탕맞다,udangtangmajda,2,2,0,1,1,32,1,utaŋtʰaŋmat̚ta,3,2,6,7,3,5,2900.0,6.92,8,1800.0,4.91,5,0,2,#FFD700,86.9,-1.9,87.1,5,5,5,8,SUFFIX(어미변화)
우당탕우당탕맞다,udangtangudangtangmajda,2,2,0,1,1,33,1,utaŋtʰaŋutaŋtʰaŋmat̚ta,3,4,6,7,3,5,2900.0,6.92,8,3200.0,5.89,5,0,2,#FFD700,86.9,-1.9,87.1,5,5,5,1,REDUP(첩어・동일)
우당탕거리며,udangtanggeorimyeo,2,2,0,1,1,32,1,utaŋtʰaŋkʌrimjʌ,3,2,6,7,3,5,2900.0,6.92,8,1800.0,4.91,5,0,2,#FFD700,86.9,-1.9,87.1,5,5,5,8,SUFFIX(어미변화)
우당탕우당탕거리며,udangtangudangtanggeorimyeo,2,2,0,1,1,33,1,utaŋtʰaŋutaŋtʰaŋkʌrimjʌ,3,4,6,7,3,5,2900.0,6.92,8,3200.0,5.89,5,0,2,#FFD700,86.9,-1.9,87.1,5,5,5,1,REDUP(첩어・동일)
우당탕대며,udangtangdaemyeo,2,2,0,1,1,32,1,utaŋtʰaŋtɛmjʌ,3,2,6,7,3,5,2900.0,6.92,8,1800.0,4.91,5,0,2,#FFD700,86.9,-1.9,87.1,5,5,5,8,SUFFIX(어미변화)
우당탕우당탕대며,udangtangudangtangdaemyeo,2,2,0,1,1,33,1,utaŋtʰaŋutaŋtʰaŋtɛmjʌ,3,4,6,7,3,5,2900.0,6.92,8,3200.0,5.89,5,0,2,#FFD700,86.9,-1.9,87.1,5,5,5,1,REDUP(첩어・동일)
우당탕하게,udangtanghage,2,2,0,1,1,32,1,utaŋtʰaŋhake,3,2,6,7,3,5,2900.0,6.92,8,1800.0,4.91,5,0,2,#FFD700,86.9,-1.9,87.1,5,5,5,8,SUFFIX(어미변화)
우당탕우당탕하게,udangtangudangtanghage,2,2,0,1,1,33,1,utaŋtʰaŋutaŋtʰaŋhake,3,4,6,7,3,5,2900.0,6.92,8,3200.0,5.89,5,0,2,#FFD700,86.9,-1.9,87.1,5,5,5,1,REDUP(첩어・동일)
우당탕한,udangtanghan,2,2,0,1,1,32,1,utaŋtʰaŋhan,3,2,6,7,3,5,2900.0,6.92,8,1800.0,4.91,5,0,2,#FFD700,86.9,-1.9,87.1,5,5,5,8,SUFFIX(어미변화)
우당탕우당탕한,udangtangudangtanghan,2,2,0,1,1,33,1,utaŋtʰaŋutaŋtʰaŋhan,3,4,6,7,3,5,2900.0,6.92,8,3200.0,5.89,5,0,2,#FFD700,86.9,-1.9,87.1,5,5,5,1,REDUP(첩어・동일)
우당탕스럽게,udangtangseureopge,2,2,0,1,1,32,1,utaŋtʰaŋsɯrʌp̚ke,3,2,6,7,5,5,2900.0,6.92,8,1800.0,4.91,5,0,3,#FFD700,86.9,-1.9,87.1,5,5,5,8,SUFFIX(어미변화)
우당탕우당탕스럽게,udangtangudangtangseureopge,2,2,0,1,1,33,1,utaŋtʰaŋutaŋtʰaŋsɯrʌp̚ke,3,4,6,7,5,5,2900.0,6.92,8,3200.0,5.89,5,0,3,#FFD700,86.9,-1.9,87.1,5,5,5,1,REDUP(첩어・동일)
우당탕스러운,udangtangseureoun,2,2,0,1,1,32,1,utaŋtʰaŋsɯrʌun,3,2,6,7,3,5,2900.0,6.92,8,1800.0,4.91,5,0,2,#FFD700,86.9,-1.9,87.1,5,5,5,8,SUFFIX(어미변화)
우당탕우당탕스러운,udangtangudangtangseureoun,2,2,0,1,1,33,1,utaŋtʰaŋutaŋtʰaŋsɯrʌun,3,4,6,7,3,5,2900.0,6.92,8,3200.0,5.89,5,0,2,#FFD700,86.9,-1.9,87.1,5,5,5,1,REDUP(첩어・동일)
우당탕해서,udangtanghaeseo,2,2,0,1,1,32,1,utaŋtʰaŋhɛsʌ,3,2,6,7,3,5,2900.0,6.92,8,1800.0,4.91,5,0,2,#FFD700,86.9,-1.9,87.1,5,5,5,8,SUFFIX(어미변화)
우당탕우당탕해서,udangtangudangtanghaeseo,2,2,0,1,1,33,1,utaŋtʰaŋutaŋtʰaŋhɛsʌ,3,4,6,7,3,5,2900.0,6.92,8,3200.0,5.89,5,0,2,#FFD700,86.9,-1.9,87.1,5,5,5,1,REDUP(첩어・동일)
우당탕하고,udangtanghago,2,2,0,1,1,32,1,utaŋtʰaŋhako,3,2,6,7,3,5,2900.0,6.92,8,1800.0,4.91,5,0,2,#FFD700,86.9,-1.9,87.1,5,5,5,8,SUFFIX(어미변화)
우당탕우당탕하고,udangtangudangtanghago,2,2,0,1,1,33,1,utaŋtʰaŋutaŋtʰaŋhako,3,4,6,7,3,5,2900.0,6.92,8,3200.0,5.89,5,0,2,#FFD700,86.9,-1.9,87.1,5,5,5,1,REDUP(첩어・동일)
와르르,wareureu,4,2,0,1,1,8,1,warɯrɯ,1,8,7,5,4,5,2100.0,6.25,9,800.0,3.53,3,0,3,#FFD700,86.9,-1.9,87.1,5,5,0,0,SINGLE(단발)
와르르와르르,wareureuwareureu,4,2,0,1,1,1,1,warɯrɯwarɯrɯ,1,7,7,5,4,5,2100.0,6.25,8,3200.0,5.89,3,0,3,#FFD700,86.9,-1.9,87.1,5,5,5,1,REDUP(첩어・동일)
와르르와르르와르르,wareureuwareureuwareureu,4,2,0,1,1,1,1,warɯrɯwarɯrɯwarɯrɯ,1,7,7,5,4,5,2100.0,6.25,8,3200.0,5.89,3,0,3,#FFD700,86.9,-1.9,87.1,5,5,5,1,REDUP(첩어・동일)
와르르거리다,wareureugeorida,4,2,0,1,1,32,1,warɯrɯkʌrita,1,2,5,5,4,5,2100.0,6.25,8,1800.0,4.91,3,0,3,#FFD700,86.9,-1.9,87.1,5,5,5,8,STEM+GEORIDA
와르르와르르거리다,wareureuwareureugeorida,4,2,0,1,1,33,1,warɯrɯwarɯrɯkʌrita,1,4,5,5,4,5,2100.0,6.25,8,3200.0,5.89,3,0,3,#FFD700,86.9,-1.9,87.1,5,5,5,1,STEM+GEORIDA
와르르대다,wareureudaeda,4,2,0,1,1,32,1,warɯrɯtɛta,1,2,5,5,4,5,2100.0,6.25,8,1800.0,4.91,3,0,3,#FFD700,86.9,-1.9,87.1,5,5,5,8,STEM+DAEDA
와르르와르르대다,wareureuwareureudaeda,4,2,0,1,1,33,1,warɯrɯwarɯrɯtɛta,1,4,5,5,4,5,2100.0,6.25,8,3200.0,5.89,3,0,3,#FFD700,86.9,-1.9,87.1,5,5,5,1,STEM+DAEDA
와르르이다,wareureuida,4,2,0,1,1,32,1,warɯrɯita,1,2,5,5,4,5,2100.0,6.25,8,1800.0,4.91,3,0,3,#FFD700,86.9,-1.9,87.1,5,5,5,8,STEM+IDA
와르르와르르이다,wareureuwareureuida,4,2,0,1,1,33,1,warɯrɯwarɯrɯita,1,4,5,5,4,5,2100.0,6.25,8,3200.0,5.89,3,0,3,#FFD700,86.9,-1.9,87.1,5,5,5,1,STEM+IDA
와르르하다,wareureuhada,4,2,0,1,1,32,1,warɯrɯhata,1,2,5,7,4,5,2100.0,6.25,8,1800.0,4.91,3,0,3,#FFD700,86.9,-1.9,87.1,5,5,5,8,STEM+HADA
와르르와르르하다,wareureuwareureuhada,4,2,0,1,1,33,1,warɯrɯwarɯrɯhata,1,4,5,7,4,5,2100.0,6.25,8,3200.0,5.89,3,0,3,#FFD700,86.9,-1.9,87.1,5,5,5,1,STEM+HADA
와르르스럽다,wareureuseureopda,4,2,0,1,1,32,1,warɯrɯsɯrʌp̚ta,1,2,5,7,7,5,2100.0,6.25,8,1800.0,4.91,3,0,4,#FFD700,86.9,-1.9,87.1,5,5,5,8,SUFFIX(어미변화)
와르르와르르스럽다,wareureuwareureuseureopda,4,2,0,1,1,33,1,warɯrɯwarɯrɯsɯrʌp̚ta,1,4,5,7,7,5,2100.0,6.25,8,3200.0,5.89,3,0,4,#FFD700,86.9,-1.9,87.1,5,5,5,1,REDUP(첩어・동일)
와르르맞다,wareureumajda,4,2,0,1,1,32,1,warɯrɯmat̚ta,1,2,5,5,4,5,2100.0,6.25,8,1800.0,4.91,3,0,3,#FFD700,86.9,-1.9,87.1,5,5,5,8,SUFFIX(어미변화)
와르르와르르맞다,wareureuwareureumajda,4,2,0,1,1,33,1,warɯrɯwarɯrɯmat̚ta,1,4,5,5,4,5,2100.0,6.25,8,3200.0,5.89,3,0,3,#FFD700,86.9,-1.9,87.1,5,5,5,1,REDUP(첩어・동일)
와르르거리며,wareureugeorimyeo,4,2,0,1,1,32,1,warɯrɯkʌrimjʌ,1,2,5,5,4,5,2100.0,6.25,8,1800.0,4.91,3,0,3,#FFD700,86.9,-1.9,87.1,5,5,5,8,SUFFIX(어미변화)
와르르와르르거리며,wareureuwareureugeorimyeo,4,2,0,1,1,33,1,warɯrɯwarɯrɯkʌrimjʌ,1,4,5,5,4,5,2100.0,6.25,8,3200.0,5.89,3,0,3,#FFD700,86.9,-1.9,87.1,5,5,5,1,REDUP(첩어・동일)
와르르대며,wareureudaemyeo,4,2,0,1,1,32,1,warɯrɯtɛmjʌ,1,2,5,5,4,5,2100.0,6.25,8,1800.0,4.91,3,0,3,#FFD700,86.9,-1.9,87.1,5,5,5,8,SUFFIX(어미변화)
와르르와르르대며,wareureuwareureudaemyeo,4,2,0,1,1,33,1,warɯrɯwarɯrɯtɛmjʌ,1,4,5,5,4,5,2100.0,6.25,8,3200.0,5.89,3,0,3,#FFD700,86.9,-1.9,87.1,5,5,5,1,REDUP(첩어・동일)
와르르하게,wareureuhage,4,2,0,1,1,32,1,warɯrɯhake,1,2,5,7,4,5,2100.0,6.25,8,1800.0,4.91,3,0,3,#FFD700,86.9,-1.9,87.1,5,5,5,8,SUFFIX(어미변화)
와르르와르르하게,wareureuwareureuhage,4,2,0,1,1,33,1,warɯrɯwarɯrɯhake,1,4,5,7,4,5,2100.0,6.25,8,3200.0,5.89,3,0,3,#FFD700,86.9,-1.9,87.1,5,5,5,1,REDUP(첩어・동일)
와르르한,wareureuhan,4,2,0,1,1,32,1,warɯrɯhan,1,2,5,7,2,5,2100.0,6.25,8,1800.0,4.91,3,0,2,#FFD700,86.9,-1.9,87.1,5,5,5,8,SUFFIX(어미변화)
와르르와르르한,wareureuwareureuhan,4,2,0,1,1,33,1,warɯrɯwarɯrɯhan,1,4,5,7,2,5,2100.0,6.25,8,3200.0,5.89,3,0,2,#FFD700,86.9,-1.9,87.1,5,5,5,1,REDUP(첩어・동일)
와르르스럽게,wareureuseureopge,4,2,0,1,1,32,1,warɯrɯsɯrʌp̚ke,1,2,5,7,7,5,2100.0,6.25,8,1800.0,4.91,3,0,4,#FFD700,86.9,-1.9,87.1,5,5,5,8,SUFFIX(어미변화)
와르르와르르스럽게,wareureuwareureuseureopge,4,2,0,1,1,33,1,warɯrɯwarɯrɯsɯrʌp̚ke,1,4,5,7,7,5,2100.0,6.25,8,3200.0,5.89,3,0,4,#FFD700,86.9,-1.9,87.1,5,5,5,1,REDUP(첩어・동일)
와르르스러운,wareureuseureoun,4,2,0,1,1,32,1,warɯrɯsɯrʌun,1,2,5,7,2,5,2100.0,6.25,8,1800.0,4.91,3,0,2,#FFD700,86.9,-1.9,87.1,5,5,5,8,SUFFIX(어미변화)
와르르와르르스러운,wareureuwareureuseureoun,4,2,0,1,1,33,1,warɯrɯwarɯrɯsɯrʌun,1,4,5,7,2,5,2100.0,6.25,8,3200.0,5.89,3,0,2,#FFD700,86.9,-1.9,87.1,5,5,5,1,REDUP(첩어・동일)
와르르해서,wareureuhaeseo,4,2,0,1,1,32,1,warɯrɯhɛsʌ,1,2,5,7,4,5,2100.0,6.25,8,1800.0,4.91,3,0,3,#FFD700,86.9,-1.9,87.1,5,5,5,8,SUFFIX(어미변화)
와르르와르르해서,wareureuwareureuhaeseo,4,2,0,1,1,33,1,warɯrɯwarɯrɯhɛsʌ,1,4,5,7,4,5,2100.0,6.25,8,3200.0,5.89,3,0,3,#FFD700,86.9,-1.9,87.1,5,5,5,1,REDUP(첩어・동일)
와르르하고,wareureuhago,4,2,0,1,1,32,1,warɯrɯhako,1,2,5,7,4,5,2100.0,6.25,8,1800.0,4.91,3,0,3,#FFD700,86.9,-1.9,87.1,5,5,5,8,SUFFIX(어미변화)
와르르와르르하고,wareureuwareureuhago,4,2,0,1,1,33,1,warɯrɯwarɯrɯhako,1,4,5,7,4,5,2100.0,6.25,8,3200.0,5.89,3,0,3,#FFD700,86.9,-1.9,87.1,5,5,5,1,REDUP(첩어・동일)
졸졸,joljol,2,2,1,1,1,8,1,tɕoltɕol,1,8,7,5,2,8,2100.0,6.25,9,800.0,3.53,3,0,2,#FFD700,86.9,-1.9,87.1,5,5,0,0,SINGLE(단발)
졸졸졸졸,joljoljoljol,2,2,1,1,1,1,1,tɕoltɕoltɕoltɕol,1,7,7,5,2,8,2100.0,6.25,8,3200.0,5.89,3,0,2,#FFD700,86.9,-1.9,87.1,5,5,5,1,REDUP(첩어・동일)
졸졸졸졸졸졸,joljoljoljoljoljol,2,2,1,1,1,1,1,tɕoltɕoltɕoltɕoltɕoltɕol,1,7,7,5,2,8,2100.0,6.25,8,3200.0,5.89,3,0,2,#FFD700,86.9,-1.9,87.1,5,5,5,1,REDUP(첩어・동일)
졸졸거리다,joljolgeorida,2,2,1,1,1,32,1,tɕoltɕolkʌrita,1,2,5,5,2,8,2100.0,6.25,8,1800.0,4.91,3,0,2,#FFD700,86.9,-1.9,87.1,5,5,5,8,STEM+GEORIDA
졸졸졸졸거리다,joljoljoljolgeorida,2,2,1,1,1,33,1,tɕoltɕoltɕoltɕolkʌrita,1,4,5,5,2,8,2100.0,6.25,8,3200.0,5.89,3,0,2,#FFD700,86.9,-1.9,87.1,5,5,5,1,STEM+GEORIDA
졸졸대다,joljoldaeda,2,2,1,1,1,32,1,tɕoltɕoltɛta,1,2,5,5,2,8,2100.0,6.25,8,1800.0,4.91,3,0,2,#FFD700,86.9,-1.9,87.1,5,5,5,8,STEM+DAEDA
졸졸졸졸대다,joljoljoljoldaeda,2,2,1,1,1,33,1,tɕoltɕoltɕoltɕoltɛta,1,4,5,5,2,8,2100.0,6.25,8,3200.0,5.89,3,0,2,#FFD700,86.9,-1.9,87.1,5,5,5,1,STEM+DAEDA
졸졸이다,joljolida,2,2,1,1,1,32,1,tɕoltɕolita,1,2,5,5,2,8,2100.0,6.25,8,1800.0,4.91,3,0,2,#FFD700,86.9,-1.9,87.1,5,5,5,8,STEM+IDA
졸졸졸졸이다,joljoljoljolida,2,2,1,1,1,33,1,tɕoltɕoltɕoltɕolita,1,4,5,5,2,8,2100.0,6.25,8,3200.0,5.89,3,0,2,#FFD700,86.9,-1.9,87.1,5,5,5,1,STEM+IDA
졸졸하다,joljolhada,2,2,1,1,1,32,1,tɕoltɕolhata,1,2,5,7,2,8,2100.0,6.25,8,1800.0,4.91,3,0,2,#FFD700,86.9,-1.9,87.1,5,5,5,8,STEM+HADA
졸졸졸졸하다,joljoljoljolhada,2,2,1,1,1,33,1,tɕoltɕoltɕoltɕolhata,1,4,5,7,2,8,2100.0,6.25,8,3200.0,5.89,3,0,2,#FFD700,86.9,-1.9,87.1,5,5,5,1,STEM+HADA
졸졸스럽다,joljolseureopda,2,2,1,1,1,32,1,tɕoltɕolsɯrʌp̚ta,1,2,5,7,5,8,2100.0,6.25,8,1800.0,4.91,3,0,3,#FFD700,86.9,-1.9,87.1,5,5,5,8,SUFFIX(어미변화)
졸졸졸졸스럽다,joljoljoljolseureopda,2,2,1,1,1,33,1,tɕoltɕoltɕoltɕolsɯrʌp̚ta,1,4,5,7,5,8,2100.0,6.25,8,3200.0,5.89,3,0,3,#FFD700,86.9,-1.9,87.1,5,5,5,1,REDUP(첩어・동일)
졸졸맞다,joljolmajda,2,2,1,1,1,32,1,tɕoltɕolmat̚ta,1,2,5,5,2,8,2100.0,6.25,8,1800.0,4.91,3,0,2,#FFD700,86.9,-1.9,87.1,5,5,5,8,SUFFIX(어미변화)
졸졸졸졸맞다,joljoljoljolmajda,2,2,1,1,1,33,1,tɕoltɕoltɕoltɕolmat̚ta,1,4,5,5,2,8,2100.0,6.25,8,3200.0,5.89,3,0,2,#FFD700,86.9,-1.9,87.1,5,5,5,1,REDUP(첩어・동일)
졸졸거리며,joljolgeorimyeo,2,2,1,1,1,32,1,tɕoltɕolkʌrimjʌ,1,2,5,5,2,8,2100.0,6.25,8,1800.0,4.91,3,0,2,#FFD700,86.9,-1.9,87.1,5,5,5,8,SUFFIX(어미변화)
졸졸졸졸거리며,joljoljoljolgeorimyeo,2,2,1,1,1,33,1,tɕoltɕoltɕoltɕolkʌrimjʌ,1,4,5,5,2,8,2100.0,6.25,8,3200.0,5.89,3,0,2,#FFD700,86.9,-1.9,87.1,5,5,5,1,REDUP(첩어・동일)
졸졸대며,joljoldaemyeo,2,2,1,1,1,32,1,tɕoltɕoltɛmjʌ,1,2,5,5,2,8,2100.0,6.25,8,1800.0,4.91,3,0,2,#FFD700,86.9,-1.9,87.1,5,5,5,8,SUFFIX(어미변화)
졸졸졸졸대며,joljoljoljoldaemyeo,2,2,1,1,1,33,1,tɕoltɕoltɕoltɕoltɛmjʌ,1,4,5,5,2,8,2100.0,6.25,8,3200.0,5.89,3,0,2,#FFD700,86.9,-1.9,87.1,5,5,5,1,REDUP(첩어・동일)
졸졸하게,joljolhage,2,2,1,1,1,32,1,tɕoltɕolhake,1,2,5,7,2,8,2100.0,6.25,8,1800.0,4.91,3,0,2,#FFD700,86.9,-1.9,87.1,5,5,5,8,SUFFIX(어미변화)
졸졸졸졸하게,joljoljoljolhage,2,2,1,1,1,33,1,tɕoltɕoltɕoltɕolhake,1,4,5,7,2,8,2100.0,6.25,8,3200.0,5.89,3,0,2,#FFD700,86.9,-1.9,87.1,5,5,5,1,REDUP(첩어・동일)
졸졸한,joljolhan,2,2,1,1,1,32,1,tɕoltɕolhan,1,2,5,7,2,8,2100.0,6.25,8,1800.0,4.91,3,0,2,#FFD700,86.9,-1.9,87.1,5,5,5,8,SUFFIX(어미변화)
졸졸졸졸한,joljoljoljolhan,2,2,1,1,1,33,1,tɕoltɕoltɕoltɕolhan,1,4,5,7,2,8,2100.0,6.25,8,3200.0,5.89,3,0,2,#FFD700,86.9,-1.9,87.1,5,5,5,1,REDUP(첩어・동일)
졸졸스럽게,joljolseureopge,2,2,1,1,1,32,1,tɕoltɕolsɯrʌp̚ke,1,2,5,7,5,8,2100.0,6.25,8,1800.0,4.91,3,0,3,#FFD700,86.9,-1.9,87.1,5,5,5,8,SUFFIX(어미변화)
졸졸졸졸스럽게,joljoljoljolseureopge,2,2,1,1,1,33,1,tɕoltɕoltɕoltɕolsɯrʌp̚ke,1,4,5,7,5,8,2100.0,6.25,8,3200.0,5.89,3,0,3,#FFD700,86.9,-1.9,87.1,5,5,5,1,REDUP(첩어・동일)
졸졸스러운,joljolseureoun,2,2,1,1,1,32,1,tɕoltɕolsɯrʌun,1,2,5,7,2,8,2100.0,6.25,8,1800.0,4.91,3,0,2,#FFD700,86.9,-1.9,87.1,5,5,5,8,SUFFIX(어미변화)
졸졸졸졸스러운,joljoljoljolseureoun,2,2,1,1,1,33,1,tɕoltɕoltɕoltɕolsɯrʌun,1,4,5,7,2,8,2100.0,6.25,8,3200.0,5.89,3,0,2,#FFD700,86.9,-1.9,87.1,5,5,5,1,REDUP(첩어・동일)
졸졸해서,joljolhaeseo,2,2,1,1,1,32,1,tɕoltɕolhɛsʌ,1,2,5,7,2,8,2100.0,6.25,8,1800.0,4.91,3,0,2,#FFD700,86.9,-1.9,87.1,5,5,5,8,SUFFIX(어미변화)
졸졸졸졸해서,joljoljoljolhaeseo,2,2,1,1,1,33,1,tɕoltɕoltɕoltɕolhɛsʌ,1,4,5,7,2,8,2100.0,6.25,8,3200.0,5.89,3,0,2,#FFD700,86.9,-1.9,87.1,5,5,5,1,REDUP(첩어・동일)
졸졸하고,joljolhago,2,2,1,1,1,32,1,tɕoltɕolhako,1,2,5,7,2,8,2100.0,6.25,8,1800.0,4.91,3,0,2,#FFD700,86.9,-1.9,87.1,5,5,5,8,SUFFIX(어미변화)
졸졸졸졸하고,joljoljoljolhago,2,2,1,1,1,33,1,tɕoltɕoltɕoltɕolhako,1,4,5,7,2,8,2100.0,6.25,8,3200.0,5.89,3,0,2,#FFD700,86.9,-1.9,87.1,5,5,5,1,REDUP(첩어・동일)
콸콸,kwalkwal,2,2,0,2,1,8,1,kʰwalkʰwal,3,8,8,7,3,8,2900.0,6.92,9,800.0,3.53,5,0,2,#FFD700,86.9,-1.9,87.1,5,5,0,0,SINGLE(단발)
콸콸콸콸,kwalkwalkwalkwal,2,2,0,2,1,1,1,kʰwalkʰwalkʰwalkʰwal,3,7,8,7,3,8,2900.0,6.92,8,3200.0,5.89,5,0,2,#FFD700,86.9,-1.9,87.1,5,5,5,1,REDUP(첩어・동일)
콸콸콸콸콸콸,kwalkwalkwalkwalkwalkwal,2,2,0,2,1,1,1,kʰwalkʰwalkʰwalkʰwalkʰwalkʰwal,3,7,8,7,3,8,2900.0,6.92,8,3200.0,5.89,5,0,2,#FFD700,86.9,-1.9,87.1,5,5,5,1,REDUP(첩어・동일)
콸콸거리다,kwalkwalgeorida,2,2,0,2,1,32,1,kʰwalkʰwalkʌrita,3,2,6,7,3,8,2900.0,6.92,8,1800.0,4.91,5,0,2,#FFD700,86.9,-1.9,87.1,5,5,5,8,STEM+GEORIDA
콸콸콸콸거리다,kwalkwalkwalkwalgeorida,2,2,0,2,1,33,1,kʰwalkʰwalkʰwalkʰwalkʌrita,3,4,6,7,3,8,2900.0,6.92,8,3200.0,5.89,5,0,2,#FFD700,86.9,-1.9,87.1,5,5,5,1,STEM+GEORIDA
콸콸대다,kwalkwaldaeda,2,2,0,2,1,32,1,kʰwalkʰwaltɛta,3,2,6,7,3,8,2900.0,6.92,8,1800.0,4.91,5,0,2,#FFD700,86.9,-1.9,87.1,5,5,5,8,STEM+DAEDA
콸콸콸콸대다,kwalkwalkwalkwaldaeda,2,2,0,2,1,33,1,kʰwalkʰwalkʰwalkʰwaltɛta,3,4,6,7,3,8,2900.0,6.92,8,3200.0,5.89,5,0,2,#FFD700,86.9,-1.9,87.1,5,5,5,1,STEM+DAEDA
콸콸이다,kwalkwalida,2,2,0,2,1,32,1,kʰwalkʰwalita,3,2,6,7,3,8,2900.0,6.92,8,1800.0,4.91,5,0,2,#FFD700,86.9,-1.9,87.1,5,5,5,8,STEM+IDA
콸콸콸콸이다,kwalkwalkwalkwalida,2,2,0,2,1,33,1,kʰwalkʰwalkʰwalkʰwalita,3,4,6,7,3,8,2900.0,6.92,8,3200.0,5.89,5,0,2,#FFD700,86.9,-1.9,87.1,5,5,5,1,STEM+IDA
콸콸하다,kwalkwalhada,2,2,0,2,1,32,1,kʰwalkʰwalhata,3,2,6,7,3,8,2900.0,6.92,8,1800.0,4.91,5,0,2,#FFD700,86.9,-1.9,87.1,5,5,5,8,STEM+HADA
콸콸콸콸하다,kwalkwalkwalkwalhada,2,2,0,2,1,33,1,kʰwalkʰwalkʰwalkʰwalhata,3,4,6,7,3,8,2900.0,6.92,8,3200.0,5.89,5,0,2,#FFD700,86.9,-1.9,87.1,5,5,5,1,STEM+HADA
콸콸스럽다,kwalkwalseureopda,2,2,0,2,1,32,1,kʰwalkʰwalsɯrʌp̚ta,3,2,6,7,5,8,2900.0,6.92,8,1800.0,4.91,5,0,3,#FFD700,86.9,-1.9,87.1,5,5,5,8,SUFFIX(어미변화)
콸콸콸콸스럽다,kwalkwalkwalkwalseureopda,2,2,0,2,1,33,1,kʰwalkʰwalkʰwalkʰwalsɯrʌp̚ta,3,4,6,7,5,8,2900.0,6.92,8,3200.0,5.89,5,0,3,#FFD700,86.9,-1.9,87.1,5,5,5,1,REDUP(첩어・동일)
콸콸맞다,kwalkwalmajda,2,2,0,2,1,32,1,kʰwalkʰwalmat̚ta,3,2,6,7,3,8,2900.0,6.92,8,1800.0,4.91,5,0,2,#FFD700,86.9,-1.9,87.1,5,5,5,8,SUFFIX(어미변화)
콸콸콸콸맞다,kwalkwalkwalkwalmajda,2,2,0,2,1,33,1,kʰwalkʰwalkʰwalkʰwalmat̚ta,3,4,6,7,3,8,2900.0,6.92,8,3200.0,5.89,5,0,2,#FFD700,86.9,-1.9,87.1,5,5,5,1,REDUP(첩어・동일)
콸콸거리며,kwalkwalgeorimyeo,2,2,0,2,1,32,1,kʰwalkʰwalkʌrimjʌ,3,2,6,7,3,8,2900.0,6.92,8,1800.0,4.91,5,0,2,#FFD700,86.9,-1.9,87.1,5,5,5,8,SUFFIX(어미변화)
콸콸콸콸거리며,kwalkwalkwalkwalgeorimyeo,2,2,0,2,1,33,1,kʰwalkʰwalkʰwalkʰwalkʌrimjʌ,3,4,6,7,3,8,2900.0,6.92,8,3200.0,5.89,5,0,2,#FFD700,86.9,-1.9,87.1,5,5,5,1,REDUP(첩어・동일)
콸콸대며,kwalkwaldaemyeo,2,2,0,2,1,32,1,kʰwalkʰwaltɛmjʌ,3,2,6,7,3,8,2900.0,6.92,8,1800.0,4.91,5,0,2,#FFD700,86.9,-1.9,87.1,5,5,5,8,SUFFIX(어미변화)
콸콸콸콸대며,kwalkwalkwalkwaldaemyeo,2,2,0,2,1,33,1,kʰwalkʰwalkʰwalkʰwaltɛmjʌ,3,4,6,7,3,8,2900.0,6.92,8,3200.0,5.89,5,0,2,#FFD700,86.9,-1.9,87.1,5,5,5,1,REDUP(첩어・동일)
콸콸하게,kwalkwalhage,2,2,0,2,1,32,1,kʰwalkʰwalhake,3,2,6,7,3,8,2900.0,6.92,8,1800.0,4.91,5,0,2,#FFD700,86.9,-1.9,87.1,5,5,5,8,SUFFIX(어미변화)
콸콸콸콸하게,kwalkwalkwalkwalhage,2,2,0,2,1,33,1,kʰwalkʰwalkʰwalkʰwalhake,3,4,6,7,3,8,2900.0,6.92,8,3200.0,5.89,5,0,2,#FFD700,86.9,-1.9,87.1,5,5,5,1,REDUP(첩어・동일)
콸콸한,kwalkwalhan,2,2,0,2,1,32,1,kʰwalkʰwalhan,3,2,6,7,3,8,2900.0,6.92,8,1800.0,4.91,5,0,2,#FFD700,86.9,-1.9,87.1,5,5,5,8,SUFFIX(어미변화)
콸콸콸콸한,kwalkwalkwalkwalhan,2,2,0,2,1,33,1,kʰwalkʰwalkʰwalkʰwalhan,3,4,6,7,3,8,2900.0,6.92,8,3200.0,5.89,5,0,2,#FFD700,86.9,-1.9,87.1,5,5,5,1,REDUP(첩어・동일)
콸콸스럽게,kwalkwalseureopge,2,2,0,2,1,32,1,kʰwalkʰwalsɯrʌp̚ke,3,2,6,7,5,8,2900.0,6.92,8,1800.0,4.91,5,0,3,#FFD700,86.9,-1.9,87.1,5,5,5,8,SUFFIX(어미변화)
콸콸콸콸스럽게,kwalkwalkwalkwalseureopge,2,2,0,2,1,33,1,kʰwalkʰwalkʰwalkʰwalsɯrʌp̚ke,3,4,6,7,5,8,2900.0,6.92,8,3200.0,5.89,5,0,3,#FFD700,86.9,-1.9,87.1,5,5,5,1,REDUP(첩어・동일)
콸콸스러운,kwalkwalseureoun,2,2,0,2,1,32,1,kʰwalkʰwalsɯrʌun,3,2,6,7,3,8,2900.0,6.92,8,1800.0,4.91,5,0,2,#FFD700,86.9,-1.9,87.1,5,5,5,8,SUFFIX(어미변화)
콸콸콸콸스러운,kwalkwalkwalkwalseureoun,2,2,0,2,1,33,1,kʰwalkʰwalkʰwalkʰwalsɯrʌun,3,4,6,7,3,8,2900.0,6.92,8,3200.0,5.89,5,0,2,#FFD700,86.9,-1.9,87.1,5,5,5,1,REDUP(첩어・동일)
콸콸해서,kwalkwalhaeseo,2,2,0,2,1,32,1,kʰwalkʰwalhɛsʌ,3,2,6,7,3,8,2900.0,6.92,8,1800.0,4.91,5,0,2,#FFD700,86.9,-1.9,87.1,5,5,5,8,SUFFIX(어미변화)
콸콸콸콸해서,kwalkwalkwalkwalhaeseo,2,2,0,2,1,33,1,kʰwalkʰwalkʰwalkʰwalhɛsʌ,3,4,6,7,3,8,2900.0,6.92,8,3200.0,5.89,5,0,2,#FFD700,86.9,-1.9,87.1,5,5,5,1,REDUP(첩어・동일)
콸콸하고,kwalkwalhago,2,2,0,2,1,32,1,kʰwalkʰwalhako,3,2,6,7,3,8,2900.0,6.92,8,1800.0,4.91,5,0,2,#FFD700,86.9,-1.9,87.1,5,5,5,8,SUFFIX(어미변화)
콸콸콸콸하고,kwalkwalkwalkwalhago,2,2,0,2,1,33,1,kʰwalkʰwalkʰwalkʰwalhako,3,4,6,7,3,8,2900.0,6.92,8,3200.0,5.89,5,0,2,#FFD700,86.9,-1.9,87.1,5,5,5,1,REDUP(첩어・동일)
뚜벅,ttubeok,4,2,0,4,2,8,1,t͈upʌk̚,8,8,8,6,7,5,950.0,4.62,3,800.0,3.53,5,0,4,#2F4F4F,31.3,-11.7,-3.7,5,5,0,0,SINGLE(단발)
뚜벅뚜벅,ttubeokttubeok,4,2,0,4,2,1,1,t͈upʌk̚t͈upʌk̚,8,7,8,6,7,5,950.0,4.62,2,3200.0,5.89,5,0,4,#2F4F4F,31.3,-11.7,-3.7,5,5,5,1,REDUP(첩어・동일)
뚜벅뚜벅뚜벅,ttubeokttubeokttubeok,4,2,0,4,2,1,1,t͈upʌk̚t͈upʌk̚t͈upʌk̚,8,7,8,6,7,5,950.0,4.62,2,3200.0,5.89,5,0,4,#2F4F4F,31.3,-11.7,-3.7,5,5,5,1,REDUP(첩어・동일)
뚜벅거리다,ttubeokgeorida,4,2,0,4,2,32,1,t͈upʌk̚kʌrita,8,2,6,6,7,5,950.0,4.62,2,1800.0,4.91,5,0,4,#2F4F4F,31.3,-11.7,-3.7,5,5,5,8,STEM+GEORIDA
뚜벅뚜벅거리다,ttubeokttubeokgeorida,4,2,0,4,2,33,1,t͈upʌk̚t͈upʌk̚kʌrita,8,4,6,6,7,5,950.0,4.62,2,3200.0,5.89,5,0,4,#2F4F4F,31.3,-11.7,-3.7,5,5,5,1,STEM+GEORIDA
뚜벅대다,ttubeokdaeda,4,2,0,4,2,32,1,t͈upʌk̚tɛta,8,2,6,6,7,5,950.0,4.62,2,1800.0,4.91,5,0,4,#2F4F4F,31.3,-11.7,-3.7,5,5,5,8,STEM+DAEDA
뚜벅뚜벅대다,ttubeokttubeokdaeda,4,2,0,4,2,33,1,t͈upʌk̚t͈upʌk̚tɛta,8,4,6,6,7,5,950.0,4.62,2,3200.0,5.89,5,0,4,#2F4F4F,31.3,-11.7,-3.7,5,5,5,1,STEM+DAEDA
뚜벅이다,ttubeokida,4,2,0,4,2,32,1,t͈upʌk̚ita,8,2,6,6,7,5,950.0,4.62,2,1800.0,4.91,5,0,4,#2F4F4F,31.3,-11.7,-3.7,5,5,5,8,STEM+IDA
뚜벅뚜벅이다,ttubeokttubeokida,4,2,0,4,2,33,1,t͈upʌk̚t͈upʌk̚ita,8,4,6,6,7,5,950.0,4.62,2,3200.0,5.89,5,0,4,#2F4F4F,31.3,-11.7,-3.7,5,5,5,1,STEM+IDA
뚜벅하다,ttubeokhada,4,2,0,4,2,32,1,t͈upʌk̚hata,8,2,6,8,7,5,950.0,4.62,2,1800.0,4.91,5,0,4,#2F4F4F,31.3,-11.7,-3.7,5,5,5,8,STEM+HADA
뚜벅뚜벅하다,ttubeokttubeokhada,4,2,0,4,2,33,1,t͈upʌk̚t͈upʌk̚hata,8,4,6,8,7,5,950.0,4.62,2,3200.0,5.89,5,0,4,#2F4F4F,31.3,-11.7,-3.7,5,5,5,1,STEM+HADA
뚜벅스럽다,ttubeokseureopda,4,2,0,4,2,32,1,t͈upʌk̚sɯrʌp̚ta,8,2,6,8,7,5,950.0,4.62,2,1800.0,4.91,5,0,4,#2F4F4F,31.3,-11.7,-3.7,5,5,5,8,SUFFIX(어미변화)
뚜벅뚜벅스럽다,ttubeokttubeokseureopda,4,2,0,4,2,33,1,t͈upʌk̚t͈upʌk̚sɯrʌp̚ta,8,4,6,8,7,5,950.0,4.62,2,3200.0,5.89,5,0,4,#2F4F4F,31.3,-11.7,-3.7,5,5,5,1,REDUP(첩어・동일)
뚜벅맞다,ttubeokmajda,4,2,0,4,2,32,1,t͈upʌk̚mat̚ta,8,2,6,6,7,5,950.0,4.62,2,1800.0,4.91,5,0,4,#2F4F4F,31.3,-11.7,-3.7,5,5,5,8,SUFFIX(어미변화)
뚜벅뚜벅맞다,ttubeokttubeokmajda,4,2,0,4,2,33,1,t͈upʌk̚t͈upʌk̚mat̚ta,8,4,6,6,7,5,950.0,4.62,2,3200.0,5.89,5,0,4,#2F4F4F,31.3,-11.7,-3.7,5,5,5,1,REDUP(첩어・동일)
뚜벅거리며,ttubeokgeorimyeo,4,2,0,4,2,32,1,t͈upʌk̚kʌrimjʌ,8,2,6,6,7,5,950.0,4.62,2,1800.0,4.91,5,0,4,#2F4F4F,31.3,-11.7,-3.7,5,5,5,8,SUFFIX(어미변화)
뚜벅뚜벅거리며,ttubeokttubeokgeorimyeo,4,2,0,4,2,33,1,t͈upʌk̚t͈upʌk̚kʌrimjʌ,8,4,6,6,7,5,950.0,4.62,2,3200.0,5.89,5,0,4,#2F4F4F,31.3,-11.7,-3.7,5,5,5,1,REDUP(첩어・동일)
뚜벅대며,ttubeokdaemyeo,4,2,0,4,2,32,1,t͈upʌk̚tɛmjʌ,8,2,6,6,7,5,950.0,4.62,2,1800.0,4.91,5,0,4,#2F4F4F,31.3,-11.7,-3.7,5,5,5,8,SUFFIX(어미변화)
뚜벅뚜벅대며,ttubeokttubeokdaemyeo,4,2,0,4,2,33,1,t͈upʌk̚t͈upʌk̚tɛmjʌ,8,4,6,6,7,5,950.0,4.62,2,3200.0,5.89,5,0,4,#2F4F4F,31.3,-11.7,-3.7,5,5,5,1,REDUP(첩어・동일)
뚜벅하게,ttubeokhage,4,2,0,4,2,32,1,t͈upʌk̚hake,8,2,6,8,7,5,950.0,4.62,2,1800.0,4.91,5,0,4,#2F4F4F,31.3,-11.7,-3.7,5,5,5,8,SUFFIX(어미변화)
뚜벅뚜벅하게,ttubeokttubeokhage,4,2,0,4,2,33,1,t͈upʌk̚t͈upʌk̚hake,8,4,6,8,7,5,950.0,4.62,2,3200.0,5.89,5,0,4,#2F4F4F,31.3,-11.7,-3.7,5,5,5,1,REDUP(첩어・동일)
뚜벅한,ttubeokhan,4,2,0,4,2,32,1,t͈upʌk̚han,8,2,6,8,5,5,950.0,4.62,2,1800.0,4.91,5,0,3,#2F4F4F,31.3,-11.7,-3.7,5,5,5,8,SUFFIX(어미변화)
뚜벅뚜벅한,ttubeokttubeokhan,4,2,0,4,2,33,1,t͈upʌk̚t͈upʌk̚han,8,4,6,8,5,5,950.0,4.62,2,3200.0,5.89,5,0,3,#2F4F4F,31.3,-11.7,-3.7,5,5,5,1,REDUP(첩어・동일)
뚜벅스럽게,ttubeokseureopge,4,2,0,4,2,32,1,t͈upʌk̚sɯrʌp̚ke,8,2,6,8,7,5,950.0,4.62,2,1800.0,4.91,5,0,4,#2F4F4F,31.3,-11.7,-3.7,5,5,5,8,SUFFIX(어미변화)
뚜벅뚜벅스럽게,ttubeokttubeokseureopge,4,2,0,4,2,33,1,t͈upʌk̚t͈upʌk̚sɯrʌp̚ke,8,4,6,8,7,5,950.0,4.62,2,3200.0,5.89,5,0,4,#2F4F4F,31.3,-11.7,-3.7,5,5,5,1,REDUP(첩어・동일)
뚜벅스러운,ttubeokseureoun,4,2,0,4,2,32,1,t͈upʌk̚sɯrʌun,8,2,6,8,5,5,950.0,4.62,2,1800.0,4.91,5,0,3,#2F4F4F,31.3,-11.7,-3.7,5,5,5,8,SUFFIX(어미변화)
뚜벅뚜벅스러운,ttubeokttubeokseureoun,4,2,0,4,2,33,1,t͈upʌk̚t͈upʌk̚sɯrʌun,8,4,6,8,5,5,950.0,4.62,2,3200.0,5.89,5,0,3,#2F4F4F,31.3,-11.7,-3.7,5,5,5,1,REDUP(첩어・동일)
뚜벅해서,ttubeokhaeseo,4,2,0,4,2,32,1,t͈upʌk̚hɛsʌ,8,2,6,8,7,5,950.0,4.62,2,1800.0,4.91,5,0,4,#2F4F4F,31.3,-11.7,-3.7,5,5,5,8,SUFFIX(어미변화)
뚜벅뚜벅해서,ttubeokttubeokhaeseo,4,2,0,4,2,33,1,t͈upʌk̚t͈upʌk̚hɛsʌ,8,4,6,8,7,5,950.0,4.62,2,3200.0,5.89,5,0,4,#2F4F4F,31.3,-11.7,-3.7,5,5,5,1,REDUP(첩어・동일)
뚜벅하고,ttubeokhago,4,2,0,4,2,32,1,t͈upʌk̚hako,8,2,6,8,7,5,950.0,4.62,2,1800.0,4.91,5,0,4,#2F4F4F,31.3,-11.7,-3.7,5,5,5,8,SUFFIX(어미변화)
뚜벅뚜벅하고,ttubeokttubeokhago,4,2,0,4,2,33,1,t͈upʌk̚t͈upʌk̚hako,8,4,6,8,7,5,950.0,4.62,2,3200.0,5.89,5,0,4,#2F4F4F,31.3,-11.7,-3.7,5,5,5,1,REDUP(첩어・동일)
터벅,teobeok,4,2,2,2,2,8,1,tʰʌpʌk̚,7,8,8,7,7,5,1250.0,5.19,3,800.0,3.53,9,0,4,#2F4F4F,31.3,-11.7,-3.7,5,5,0,0,SINGLE(단발)
터벅터벅,teobeokteobeok,4,2,2,2,2,1,1,tʰʌpʌk̚tʰʌpʌk̚,7,7,8,7,7,5,1250.0,5.19,2,3200.0,5.89,9,0,4,#2F4F4F,31.3,-11.7,-3.7,5,5,5,1,REDUP(첩어・동일)
터벅터벅터벅,teobeokteobeokteobeok,4,2,2,2,2,1,1,tʰʌpʌk̚tʰʌpʌk̚tʰʌpʌk̚,7,7,8,7,7,5,1250.0,5.19,2,3200.0,5.89,9,0,4,#2F4F4F,31.3,-11.7,-3.7,5,5,5,1,REDUP(첩어・동일)
터벅거리다,teobeokgeorida,4,2,2,2,2,32,1,tʰʌpʌk̚kʌrita,7,2,6,7,7,5,1250.0,5.19,2,1800.0,4.91,9,0,4,#2F4F4F,31.3,-11.7,-3.7,5,5,5,8,STEM+GEORIDA
터벅터벅거리다,teobeokteobeokgeorida,4,2,2,2,2,33,1,tʰʌpʌk̚tʰʌpʌk̚kʌrita,7,4,6,7,7,5,1250.0,5.19,2,3200.0,5.89,9,0,4,#2F4F4F,31.3,-11.7,-3.7,5,5,5,1,STEM+GEORIDA
터벅대다,teobeokdaeda,4,2,2,2,2,32,1,tʰʌpʌk̚tɛta,7,2,6,7,7,5,1250.0,5.19,2,1800.0,4.91,9,0,4,#2F4F4F,31.3,-11.7,-3.7,5,5,5,8,STEM+DAEDA
터벅터벅대다,teobeokteobeokdaeda,4,2,2,2,2,33,1,tʰʌpʌk̚tʰʌpʌk̚tɛta,7,4,6,7,7,5,1250.0,5.19,2,3200.0,5.89,9,0,4,#2F4F4F,31.3,-11.7,-3.7,5,5,5,1,STEM+DAEDA
터벅이다,teobeokida,4,2,2,2,2,32,1,tʰʌpʌk̚ita,7,2,6,7,7,5,1250.0,5.19,2,1800.0,4.91,9,0,4,#2F4F4F,31.3,-11.7,-3.7,5,5,5,8,STEM+IDA
터벅터벅이다,teobeokteobeokida,4,2,2,2,2,33,1,tʰʌpʌk̚tʰʌpʌk̚ita,7,4,6,7,7,5,1250.0,5.19,2,3200.0,5.89,9,0,4,#2F4F4F,31.3,-11.7,-3.7,5,5,5,1,STEM+IDA
터벅하다,teobeokhada,4,2,2,2,2,32,1,tʰʌpʌk̚hata,7,2,6,7,7,5,1250.0,5.19,2,1800.0,4.91,9,0,4,#2F4F4F,31.3,-11.7,-3.7,5,5,5,8,STEM+HADA
터벅터벅하다,teobeokteobeokhada,4,2,2,2,2,33,1,tʰʌpʌk̚tʰʌpʌk̚hata,7,4,6,7,7,5,1250.0,5.19,2,3200.0,5.89,9,0,4,#2F4F4F,31.3,-11.7,-3.7,5,5,5,1,STEM+HADA
터벅스럽다,teobeokseureopda,4,2,2,2,2,32,1,tʰʌpʌk̚sɯrʌp̚ta,7,2,6,7,7,5,1250.0,5.19,2,1800.0,4.91,9,0,4,#2F4F4F,31.3,-11.7,-3.7,5,5,5,8,SUFFIX(어미변화)
터벅터벅스럽다,teobeokteobeokseureopda,4,2,2,2,2,33,1,tʰʌpʌk̚tʰʌpʌk̚sɯrʌp̚ta,7,4,6,7,7,5,1250.0,5.19,2,3200.0,5.89,9,0,4,#2F4F4F,31.3,-11.7,-3.7,5,5,5,1,REDUP(첩어・동일)
터벅맞다,teobeokmajda,4,2,2,2,2,32,1,tʰʌpʌk̚mat̚ta,7,2,6,7,7,5,1250.0,5.19,2,1800.0,4.91,9,0,4,#2F4F4F,31.3,-11.7,-3.7,5,5,5,8,SUFFIX(어미변화)
터벅터벅맞다,teobeokteobeokmajda,4,2,2,2,2,33,1,tʰʌpʌk̚tʰʌpʌk̚mat̚ta,7,4,6,7,7,5,1250.0,5.19,2,3200.0,5.89,9,0,4,#2F4F4F,31.3,-11.7,-3.7,5,5,5,1,REDUP(첩어・동일)
터벅거리며,teobeokgeorimyeo,4,2,2,2,2,32,1,tʰʌpʌk̚kʌrimjʌ,7,2,6,7,7,5,1250.0,5.19,2,1800.0,4.91,9,0,4,#2F4F4F,31.3,-11.7,-3.7,5,5,5,8,SUFFIX(어미변화)
터벅터벅거리며,teobeokteobeokgeorimyeo,4,2,2,2,2,33,1,tʰʌpʌk̚tʰʌpʌk̚kʌrimjʌ,7,4,6,7,7,5,1250.0,5.19,2,3200.0,5.89,9,0,4,#2F4F4F,31.3,-11.7,-3.7,5,5,5,1,REDUP(첩어・동일)
터벅대며,teobeokdaemyeo,4,2,2,2,2,32,1,tʰʌpʌk̚tɛmjʌ,7,2,6,7,7,5,1250.0,5.19,2,1800.0,4.91,9,0,4,#2F4F4F,31.3,-11.7,-3.7,5,5,5,8,SUFFIX(어미변화)
터벅터벅대며,teobeokteobeokdaemyeo,4,2,2,2,2,33,1,tʰʌpʌk̚tʰʌpʌk̚tɛmjʌ,7,4,6,7,7,5,1250.0,5.19,2,3200.0,5.89,9,0,4,#2F4F4F,31.3,-11.7,-3.7,5,5,5,1,REDUP(첩어・동일)
터벅하게,teobeokhage,4,2,2,2,2,32,1,tʰʌpʌk̚hake,7,2,6,7,7,5,1250.0,5.19,2,1800.0,4.91,9,0,4,#2F4F4F,31.3,-11.7,-3.7,5,5,5,8,SUFFIX(어미변화)
터벅터벅하게,teobeokteobeokhage,4,2,2,2,2,33,1,tʰʌpʌk̚tʰʌpʌk̚hake,7,4,6,7,7,5,1250.0,5.19,2,3200.0,5.89,9,0,4,#2F4F4F,31.3,-11.7,-3.7,5,5,5,1,REDUP(첩어・동일)
터벅한,teobeokhan,4,2,2,2,2,32,1,tʰʌpʌk̚han,7,2,6,7,5,5,1250.0,5.19,2,1800.0,4.91,9,0,3,#2F4F4F,31.3,-11.7,-3.7,5,5,5,8,SUFFIX(어미변화)
터벅터벅한,teobeokteobeokhan,4,2,2,2,2,33,1,tʰʌpʌk̚tʰʌpʌk̚han,7,4,6,7,5,5,1250.0,5.19,2,3200.0,5.89,9,0,3,#2F4F4F,31.3,-11.7,-3.7,5,5,5,1,REDUP(첩어・동일)
터벅스럽게,teobeokseureopge,4,2,2,2,2,32,1,tʰʌpʌk̚sɯrʌp̚ke,7,2,6,7,7,5,1250.0,5.19,2,1800.0,4.91,9,0,4,#2F4F4F,31.3,-11.7,-3.7,5,5,5,8,SUFFIX(어미변화)
터벅터벅스럽게,teobeokteobeokseureopge,4,2,2,2,2,33,1,tʰʌpʌk̚tʰʌpʌk̚sɯrʌp̚ke,7,4,6,7,7,5,1250.0,5.19,2,3200.0,5.89,9,0,4,#2F4F4F,31.3,-11.7,-3.7,5,5,5,1,REDUP(첩어・동일)
터벅스러운,teobeokseureoun,4,2,2,2,2,32,1,tʰʌpʌk̚sɯrʌun,7,2,6,7,5,5,1250.0,5.19,2,1800.0,4.91,9,0,3,#2F4F4F,31.3,-11.7,-3.7,5,5,5,8,SUFFIX(어미변화)
터벅터벅스러운,teobeokteobeokseureoun,4,2,2,2,2,33,1,tʰʌpʌk̚tʰʌpʌk̚sɯrʌun,7,4,6,7,5,5,1250.0,5.19,2,3200.0,5.89,9,0,3,#2F4F4F,31.3,-11.7,-3.7,5,5,5,1,REDUP(첩어・동일)
터벅해서,teobeokhaeseo,4,2,2,2,2,32,1,tʰʌpʌk̚hɛsʌ,7,2,6,7,7,5,1250.0,5.19,2,1800.0,4.91,9,0,4,#2F4F4F,31.3,-11.7,-3.7,5,5,5,8,SUFFIX(어미변화)
터벅터벅해서,teobeokteobeokhaeseo,4,2,2,2,2,33,1,tʰʌpʌk̚tʰʌpʌk̚hɛsʌ,7,4,6,7,7,5,1250.0,5.19,2,3200.0,5.89,9,0,4,#2F4F4F,31.3,-11.7,-3.7,5,5,5,1,REDUP(첩어・동일)
터벅하고,teobeokhago,4,2,2,2,2,32,1,tʰʌpʌk̚hako,7,2,6,7,7,5,1250.0,5.19,2,1800.0,4.91,9,0,4,#2F4F4F,31.3,-11.7,-3.7,5,5,5,8,SUFFIX(어미변화)
터벅터벅하고,teobeokteobeokhago,4,2,2,2,2,33,1,tʰʌpʌk̚tʰʌpʌk̚hako,7,4,6,7,7,5,1250.0,5.19,2,3200.0,5.89,9,0,4,#2F4F4F,31.3,-11.7,-3.7,5,5,5,1,REDUP(첩어・동일)
시나브로,sinabeuro,4,8,1,1,2,8,1,sinapɯro,5,8,7,7,4,5,450.0,3.09,3,800.0,3.53,3,0,3,#2F4F4F,31.3,-11.7,-3.7,5,5,0,0,SINGLE(단발)
시나브로거리다,sinabeurogeorida,4,8,1,1,2,32,1,sinapɯrokʌrita,5,2,5,7,4,5,450.0,3.09,2,1800.0,4.91,3,0,3,#2F4F4F,31.3,-11.7,-3.7,5,5,5,8,STEM+GEORIDA
시나브로대다,sinabeurodaeda,4,8,1,1,2,32,1,sinapɯrotɛta,5,2,5,7,4,5,450.0,3.09,2,1800.0,4.91,3,0,3,#2F4F4F,31.3,-11.7,-3.7,5,5,5,8,STEM+DAEDA
시나브로이다,sinabeuroida,4,8,1,1,2,32,1,sinapɯroita,5,2,5,7,4,5,450.0,3.09,2,1800.0,4.91,3,0,3,#2F4F4F,31.3,-11.7,-3.7,5,5,5,8,STEM+IDA
시나브로하다,sinabeurohada,4,8,1,1,2,32,1,sinapɯrohata,5,2,5,7,4,5,450.0,3.09,2,1800.0,4.91,3,0,3,#2F4F4F,31.3,-11.7,-3.7,5,5,5,8,STEM+HADA
시나브로스럽다,sinabeuroseureopda,4,8,1,1,2,32,1,sinapɯrosɯrʌp̚ta,5,2,5,7,7,5,450.0,3.09,2,1800.0,4.91,3,0,4,#2F4F4F,31.3,-11.7,-3.7,5,5,5,8,SUFFIX(어미변화)
시나브로맞다,sinabeuromajda,4,8,1,1,2,32,1,sinapɯromat̚ta,5,2,5,7,4,5,450.0,3.09,2,1800.0,4.91,3,0,3,#2F4F4F,31.3,-11.7,-3.7,5,5,5,8,SUFFIX(어미변화)
시나브로거리며,sinabeurogeorimyeo,4,8,1,1,2,32,1,sinapɯrokʌrimjʌ,5,2,5,7,4,5,450.0,3.09,2,1800.0,4.91,3,0,3,#2F4F4F,31.3,-11.7,-3.7,5,5,5,8,SUFFIX(어미변화)
시나브로대며,sinabeurodaemyeo,4,8,1,1,2,32,1,sinapɯrotɛmjʌ,5,2,5,7,4,5,450.0,3.09,2,1800.0,4.91,3,0,3,#2F4F4F,31.3,-11.7,-3.7,5,5,5,8,SUFFIX(어미변화)
시나브로하게,sinabeurohage,4,8,1,1,2,32,1,sinapɯrohake,5,2,5,7,4,5,450.0,3.09,2,1800.0,4.91,3,0,3,#2F4F4F,31.3,-11.7,-3.7,5,5,5,8,SUFFIX(어미변화)
시나브로한,sinabeurohan,4,8,1,1,2,32,1,sinapɯrohan,5,2,5,7,2,5,450.0,3.09,2,1800.0,4.91,3,0,2,#2F4F4F,31.3,-11.7,-3.7,5,5,5,8,SUFFIX(어미변화)
시나브로스럽게,sinabeuroseureopge,4,8,1,1,2,32,1,sinapɯrosɯrʌp̚ke,5,2,5,7,7,5,450.0,3.09,2,1800.0,4.91,3,0,4,#2F4F4F,31.3,-11.7,-3.7,5,5,5,8,SUFFIX(어미변화)
시나브로스러운,sinabeuroseureoun,4,8,1,1,2,32,1,sinapɯrosɯrʌun,5,2,5,7,2,5,450.0,3.09,2,1800.0,4.91,3,0,2,#2F4F4F,31.3,-11.7,-3.7,5,5,5,8,SUFFIX(어미변화)
시나브로해서,sinabeurohaeseo,4,8,1,1,2,32,1,sinapɯrohɛsʌ,5,2,5,7,4,5,450.0,3.09,2,1800.0,4.91,3,0,3,#2F4F4F,31.3,-11.7,-3.7,5,5,5,8,SUFFIX(어미변화)
시나브로하고,sinabeurohago,4,8,1,1,2,32,1,sinapɯrohako,5,2,5,7,4,5,450.0,3.09,2,1800.0,4.91,3,0,3,#2F4F4F,31.3,-11.7,-3.7,5,5,5,8,SUFFIX(어미변화)
알록달록,alrogdalrog,4,16,1,1,1,8,1,alrok̚talrok̚,1,8,5,5,5,5,2100.0,6.25,9,800.0,3.53,3,0,3,#FFD700,86.9,-1.9,87.1,5,5,0,0,SINGLE(단발)
알록달록거리다,alrogdalroggeorida,4,16,1,1,1,32,1,alrok̚talrok̚kʌrita,1,2,3,5,5,5,2100.0,6.25,8,1800.0,4.91,3,0,3,#FFD700,86.9,-1.9,87.1,5,5,5,8,STEM+GEORIDA
알록달록대다,alrogdalrogdaeda,4,16,1,1,1,32,1,alrok̚talrok̚tɛta,1,2,3,5,5,5,2100.0,6.25,8,1800.0,4.91,3,0,3,#FFD700,86.9,-1.9,87.1,5,5,5,8,STEM+DAEDA
알록달록이다,alrogdalrogida,4,16,1,1,1,32,1,alrok̚talrok̚ita,1,2,3,5,5,5,2100.0,6.25,8,1800.0,4.91,3,0,3,#FFD700,86.9,-1.9,87.1,5,5,5,8,STEM+IDA
알록달록하다,alrogdalroghada,4,16,1,1,1,32,1,alrok̚talrok̚hata,1,2,3,7,5,5,2100.0,6.25,8,1800.0,4.91,3,0,3,#FFD700,86.9,-1.9,87.1,5,5,5,8,STEM+HADA
알록달록스럽다,alrogdalrogseureopda,4,16,1,1,1,32,1,alrok̚talrok̚sɯrʌp̚ta,1,2,3,7,5,5,2100.0,6.25,8,1800.0,4.91,3,0,3,#FFD700,86.9,-1.9,87.1,5,5,5,8,SUFFIX(어미변화)
알록달록맞다,alrogdalrogmajda,4,16,1,1,1,32,1,alrok̚talrok̚mat̚ta,1,2,3,5,5,5,2100.0,6.25,8,1800.0,4.91,3,0,3,#FFD700,86.9,-1.9,87.1,5,5,5,8,SUFFIX(어미변화)
알록달록거리며,alrogdalroggeorimyeo,4,16,1,1,1,32,1,alrok̚talrok̚kʌrimjʌ,1,2,3,5,5,5,2100.0,6.25,8,1800.0,4.91,3,0,3,#FFD700,86.9,-1.9,87.1,5,5,5,8,SUFFIX(어미변화)
알록달록대며,alrogdalrogdaemyeo,4,16,1,1,1,32,1,alrok̚talrok̚tɛmjʌ,1,2,3,5,5,5,2100.0,6.25,8,1800.0,4.91,3,0,3,#FFD700,86.9,-1.9,87.1,5,5,5,8,SUFFIX(어미변화)
알록달록하게,alrogdalroghage,4,16,1,1,1,32,1,alrok̚talrok̚hake,1,2,3,7,5,5,2100.0,6.25,8,1800.0,4.91,3,0,3,#FFD700,86.9,-1.9,87.1,5,5,5,8,SUFFIX(어미변화)
알록달록한,alrogdalroghan,4,16,1,1,1,32,1,alrok̚talrok̚han,1,2,3,7,5,5,2100.0,6.25,8,1800.0,4.91,3,0,3,#FFD700,86.9,-1.9,87.1,5,5,5,8,SUFFIX(어미변화)
알록달록스럽게,alrogdalrogseureopge,4,16,1,1,1,32,1,alrok̚talrok̚sɯrʌp̚ke,1,2,3,7,5,5,2100.0,6.25,8,1800.0,4.91,3,0,3,#FFD700,86.9,-1.9,87.1,5,5,5,8,SUFFIX(어미변화)
알록달록스러운,alrogdalrogseureoun,4,16,1,1,1,32,1,alrok̚talrok̚sɯrʌun,1,2,3,7,5,5,2100.0,6.25,8,1800.0,4.91,3,0,3,#FFD700,86.9,-1.9,87.1,5,5,5,8,SUFFIX(어미변화)
알록달록해서,alrogdalroghaeseo,4,16,1,1,1,32,1,alrok̚talrok̚hɛsʌ,1,2,3,7,5,5,2100.0,6.25,8,1800.0,4.91,3,0,3,#FFD700,86.9,-1.9,87.1,5,5,5,8,SUFFIX(어미변화)
알록달록하고,alrogdalroghago,4,16,1,1,1,32,1,alrok̚talrok̚hako,1,2,3,7,5,5,2100.0,6.25,8,1800.0,4.91,3,0,3,#FFD700,86.9,-1.9,87.1,5,5,5,8,SUFFIX(어미변화)
보슬,boseul,4,4096,1,1,1,8,1,posɯl,1,8,5,7,2,5,2100.0,6.25,9,800.0,3.53,3,0,2,#FFD700,86.9,-1.9,87.1,5,5,0,0,SINGLE(단발)
보슬보슬,boseulboseul,4,4096,1,1,1,1,1,posɯlposɯl,1,7,5,7,2,5,2100.0,6.25,8,3200.0,5.89,3,0,2,#FFD700,86.9,-1.9,87.1,5,5,5,1,REDUP(첩어・동일)
보슬보슬보슬,boseulboseulboseul,4,4096,1,1,1,1,1,posɯlposɯlposɯl,1,7,5,7,2,5,2100.0,6.25,8,3200.0,5.89,3,0,2,#FFD700,86.9,-1.9,87.1,5,5,5,1,REDUP(첩어・동일)
보슬거리다,boseulgeorida,4,4096,1,1,1,32,1,posɯlkʌrita,1,2,3,7,2,5,2100.0,6.25,8,1800.0,4.91,3,0,2,#FFD700,86.9,-1.9,87.1,5,5,5,8,STEM+GEORIDA
보슬보슬거리다,boseulboseulgeorida,4,4096,1,1,1,33,1,posɯlposɯlkʌrita,1,4,3,7,2,5,2100.0,6.25,8,3200.0,5.89,3,0,2,#FFD700,86.9,-1.9,87.1,5,5,5,1,STEM+GEORIDA
보슬대다,boseuldaeda,4,4096,1,1,1,32,1,posɯltɛta,1,2,3,7,2,5,2100.0,6.25,8,1800.0,4.91,3,0,2,#FFD700,86.9,-1.9,87.1,5,5,5,8,STEM+DAEDA
보슬보슬대다,boseulboseuldaeda,4,4096,1,1,1,33,1,posɯlposɯltɛta,1,4,3,7,2,5,2100.0,6.25,8,3200.0,5.89,3,0,2,#FFD700,86.9,-1.9,87.1,5,5,5,1,STEM+DAEDA
보슬이다,boseulida,4,4096,1,1,1,32,1,posɯlita,1,2,3,7,2,5,2100.0,6.25,8,1800.0,4.91,3,0,2,#FFD700,86.9,-1.9,87.1,5,5,5,8,STEM+IDA
보슬보슬이다,boseulboseulida,4,4096,1,1,1,33,1,posɯlposɯlita,1,4,3,7,2,5,2100.0,6.25,8,3200.0,5.89,3,0,2,#FFD700,86.9,-1.9,87.1,5,5,5,1,STEM+IDA
보슬하다,boseulhada,4,4096,1,1,1,32,1,posɯlhata,1,2,3,7,2,5,2100.0,6.25,8,1800.0,4.91,3,0,2,#FFD700,86.9,-1.9,87.1,5,5,5,8,STEM+HADA
보슬보슬하다,boseulboseulhada,4,4096,1,1,1,33,1,posɯlposɯlhata,1,4,3,7,2,5,2100.0,6.25,8,3200.0,5.89,3,0,2,#FFD700,86.9,-1.9,87.1,5,5,5,1,STEM+HADA
보슬스럽다,boseulseureopda,4,4096,1,1,1,32,1,posɯlsɯrʌp̚ta,1,2,3,7,5,5,2100.0,6.25,8,1800.0,4.91,3,0,3,#FFD700,86.9,-1.9,87.1,5,5,5,8,SUFFIX(어미변화)
보슬보슬스럽다,boseulboseulseureopda,4,4096,1,1,1,33,1,posɯlposɯlsɯrʌp̚ta,1,4,3,7,5,5,2100.0,6.25,8,3200.0,5.89,3,0,3,#FFD700,86.9,-1.9,87.1,5,5,5,1,REDUP(첩어・동일)
보슬맞다,boseulmajda,4,4096,1,1,1,32,1,posɯlmat̚ta,1,2,3,7,2,5,2100.0,6.25,8,1800.0,4.91,3,0,2,#FFD700,86.9,-1.9,87.1,5,5,5,8,SUFFIX(어미변화)
보슬보슬맞다,boseulboseulmajda,4,4096,1,1,1,33,1,posɯlposɯlmat̚ta,1,4,3,7,2,5,2100.0,6.25,8,3200.0,5.89,3,0,2,#FFD700,86.9,-1.9,87.1,5,5,5,1,REDUP(첩어・동일)
보슬거리며,boseulgeorimyeo,4,4096,1,1,1,32,1,posɯlkʌrimjʌ,1,2,3,7,2,5,2100.0,6.25,8,1800.0,4.91,3,0,2,#FFD700,86.9,-1.9,87.1,5,5,5,8,SUFFIX(어미변화)
보슬보슬거리며,boseulboseulgeorimyeo,4,4096,1,1,1,33,1,posɯlposɯlkʌrimjʌ,1,4,3,7,2,5,2100.0,6.25,8,3200.0,5.89,3,0,2,#FFD700,86.9,-1.9,87.1,5,5,5,1,REDUP(첩어・동일)
보슬대며,boseuldaemyeo,4,4096,1,1,1,32,1,posɯltɛmjʌ,1,2,3,7,2,5,2100.0,6.25,8,1800.0,4.91,3,0,2,#FFD700,86.9,-1.9,87.1,5,5,5,8,SUFFIX(어미변화)
보슬보슬대며,boseulboseuldaemyeo,4,4096,1,1,1,33,1,posɯlposɯltɛmjʌ,1,4,3,7,2,5,2100.0,6.25,8,3200.0,5.89,3,0,2,#FFD700,86.9,-1.9,87.1,5,5,5,1,REDUP(첩어・동일)
보슬하게,boseulhage,4,4096,1,1,1,32,1,posɯlhake,1,2,3,7,2,5,2100.0,6.25,8,1800.0,4.91,3,0,2,#FFD700,86.9,-1.9,87.1,5,5,5,8,SUFFIX(어미변화)
보슬보슬하게,boseulboseulhage,4,4096,1,1,1,33,1,posɯlposɯlhake,1,4,3,7,2,5,2100.0,6.25,8,3200.0,5.89,3,0,2,#FFD700,86.9,-1.9,87.1,5,5,5,1,REDUP(첩어・동일)
보슬한,boseulhan,4,4096,1,1,1,32,1,posɯlhan,1,2,3,7,2,5,2100.0,6.25,8,1800.0,4.91,3,0,2,#FFD700,86.9,-1.9,87.1,5,5,5,8,SUFFIX(어미변화)
보슬보슬한,boseulboseulhan,4,4096,1,1,1,33,1,posɯlposɯlhan,1,4,3,7,2,5,2100.0,6.25,8,3200.0,5.89,3,0,2,#FFD700,86.9,-1.9,87.1,5,5,5,1,REDUP(첩어・동일)
보슬스럽게,boseulseureopge,4,4096,1,1,1,32,1,posɯlsɯrʌp̚ke,1,2,3,7,5,5,2100.0,6.25,8,1800.0,4.91,3,0,3,#FFD700,86.9,-1.9,87.1,5,5,5,8,SUFFIX(어미변화)
보슬보슬스럽게,boseulboseulseureopge,4,4096,1,1,1,33,1,posɯlposɯlsɯrʌp̚ke,1,4,3,7,5,5,2100.0,6.25,8,3200.0,5.89,3,0,3,#FFD700,86.9,-1.9,87.1,5,5,5,1,REDUP(첩어・동일)
보슬스러운,boseulseureoun,4,4096,1,1,1,32,1,posɯlsɯrʌun,1,2,3,7,2,5,2100.0,6.25,8,1800.0,4.91,3,0,2,#FFD700,86.9,-1.9,87.1,5,5,5,8,SUFFIX(어미변화)
보슬보슬스러운,boseulboseulseureoun,4,4096,1,1,1,33,1,posɯlposɯlsɯrʌun,1,4,3,7,2,5,2100.0,6.25,8,3200.0,5.89,3,0,2,#FFD700,86.9,-1.9,87.1,5,5,5,1,REDUP(첩어・동일)
보슬해서,boseulhaeseo,4,4096,1,1,1,32,1,posɯlhɛsʌ,1,2,3,7,2,5,2100.0,6.25,8,1800.0,4.91,3,0,2,#FFD700,86.9,-1.9,87.1,5,5,5,8,SUFFIX(어미변화)
보슬보슬해서,boseulboseulhaeseo,4,4096,1,1,1,33,1,posɯlposɯlhɛsʌ,1,4,3,7,2,5,2100.0,6.25,8,3200.0,5.89,3,0,2,#FFD700,86.9,-1.9,87.1,5,5,5,1,REDUP(첩어・동일)
보슬하고,boseulhago,4,4096,1,1,1,32,1,posɯlhako,1,2,3,7,2,5,2100.0,6.25,8,1800.0,4.91,3,0,2,#FFD700,86.9,-1.9,87.1,5,5,5,8,SUFFIX(어미변화)
보슬보슬하고,boseulboseulhago,4,4096,1,1,1,33,1,posɯlposɯlhako,1,4,3,7,2,5,2100.0,6.25,8,3200.0,5.89,3,0,2,#FFD700,86.9,-1.9,87.1,5,5,5,1,REDUP(첩어・동일)
사르르,sareureu,4,1,1,1,1,8,1,sarɯrɯ,1,8,5,7,2,5,2100.0,6.25,9,800.0,3.53,3,0,2,#FFD700,86.9,-1.9,87.1,5,5,0,0,SINGLE(단발)
사르르사르르,sareureusareureu,4,1,1,1,1,1,1,sarɯrɯsarɯrɯ,1,7,5,7,2,5,2100.0,6.25,8,3200.0,5.89,3,0,2,#FFD700,86.9,-1.9,87.1,5,5,5,1,REDUP(첩어・동일)
사르르사르르사르르,sareureusareureusareureu,4,1,1,1,1,1,1,sarɯrɯsarɯrɯsarɯrɯ,1,7,5,7,2,5,2100.0,6.25,8,3200.0,5.89,3,0,2,#FFD700,86.9,-1.9,87.1,5,5,5,1,REDUP(첩어・동일)
사르르거리다,sareureugeorida,4,1,1,1,1,32,1,sarɯrɯkʌrita,1,2,3,7,2,5,2100.0,6.25,8,1800.0,4.91,3,0,2,#FFD700,86.9,-1.9,87.1,5,5,5,8,STEM+GEORIDA
사르르사르르거리다,sareureusareureugeorida,4,1,1,1,1,33,1,sarɯrɯsarɯrɯkʌrita,1,4,3,7,2,5,2100.0,6.25,8,3200.0,5.89,3,0,2,#FFD700,86.9,-1.9,87.1,5,5,5,1,STEM+GEORIDA
사르르대다,sareureudaeda,4,1,1,1,1,32,1,sarɯrɯtɛta,1,2,3,7,2,5,2100.0,6.25,8,1800.0,4.91,3,0,2,#FFD700,86.9,-1.9,87.1,5,5,5,8,STEM+DAEDA
사르르사르르대다,sareureusareureudaeda,4,1,1,1,1,33,1,sarɯrɯsarɯrɯtɛta,1,4,3,7,2,5,2100.0,6.25,8,3200.0,5.89,3,0,2,#FFD700,86.9,-1.9,87.1,5,5,5,1,STEM+DAEDA
사르르이다,sareureuida,4,1,1,1,1,32,1,sarɯrɯita,1,2,3,7,2,5,2100.0,6.25,8,1800.0,4.91,3,0,2,#FFD700,86.9,-1.9,87.1,5,5,5,8,STEM+IDA
사르르사르르이다,sareureusareureuida,4,1,1,1,1,33,1,sarɯrɯsarɯrɯita,1,4,3,7,2,5,2100.0,6.25,8,3200.0,5.89,3,0,2,#FFD700,86.9,-1.9,87.1,5,5,5,1,STEM+IDA
사르르하다,sareureuhada,4,1,1,1,1,32,1,sarɯrɯhata,1,2,3,7,2,5,2100.0,6.25,8,1800.0,4.91,3,0,2,#FFD700,86.9,-1.9,87.1,5,5,5,8,STEM+HADA
사르르사르르하다,sareureusareureuhada,4,1,1,1,1,33,1,sarɯrɯsarɯrɯhata,1,4,3,7,2,5,2100.0,6.25,8,3200.0,5.89,3,0,2,#FFD700,86.9,-1.9,87.1,5,5,5,1,STEM+HADA
사르르스럽다,sareureuseureopda,4,1,1,1,1,32,1,sarɯrɯsɯrʌp̚ta,1,2,3,7,5,5,2100.0,6.25,8,1800.0,4.91,3,0,3,#FFD700,86.9,-1.9,87.1,5,5,5,8,SUFFIX(어미변화)
사르르사르르스럽다,sareureusareureuseureopda,4,1,1,1,1,33,1,sarɯrɯsarɯrɯsɯrʌp̚ta,1,4,3,7,5,5,2100.0,6.25,8,3200.0,5.89,3,0,3,#FFD700,86.9,-1.9,87.1,5,5,5,1,REDUP(첩어・동일)
사르르맞다,sareureumajda,4,1,1,1,1,32,1,sarɯrɯmat̚ta,1,2,3,7,2,5,2100.0,6.25,8,1800.0,4.91,3,0,2,#FFD700,86.9,-1.9,87.1,5,5,5,8,SUFFIX(어미변화)
사르르사르르맞다,sareureusareureumajda,4,1,1,1,1,33,1,sarɯrɯsarɯrɯmat̚ta,1,4,3,7,2,5,2100.0,6.25,8,3200.0,5.89,3,0,2,#FFD700,86.9,-1.9,87.1,5,5,5,1,REDUP(첩어・동일)
사르르거리며,sareureugeorimyeo,4,1,1,1,1,32,1,sarɯrɯkʌrimjʌ,1,2,3,7,2,5,2100.0,6.25,8,1800.0,4.91,3,0,2,#FFD700,86.9,-1.9,87.1,5,5,5,8,SUFFIX(어미변화)
사르르사르르거리며,sareureusareureugeorimyeo,4,1,1,1,1,33,1,sarɯrɯsarɯrɯkʌrimjʌ,1,4,3,7,2,5,2100.0,6.25,8,3200.0,5.89,3,0,2,#FFD700,86.9,-1.9,87.1,5,5,5,1,REDUP(첩어・동일)
사르르대며,sareureudaemyeo,4,1,1,1,1,32,1,sarɯrɯtɛmjʌ,1,2,3,7,2,5,2100.0,6.25,8,1800.0,4.91,3,0,2,#FFD700,86.9,-1.9,87.1,5,5,5,8,SUFFIX(어미변화)
사르르사르르대며,sareureusareureudaemyeo,4,1,1,1,1,33,1,sarɯrɯsarɯrɯtɛmjʌ,1,4,3,7,2,5,2100.0,6.25,8,3200.0,5.89,3,0,2,#FFD700,86.9,-1.9,87.1,5,5,5,1,REDUP(첩어・동일)
사르르하게,sareureuhage,4,1,1,1,1,32,1,sarɯrɯhake,1,2,3,7,2,5,2100.0,6.25,8,1800.0,4.91,3,0,2,#FFD700,86.9,-1.9,87.1,5,5,5,8,SUFFIX(어미변화)
사르르사르르하게,sareureusareureuhage,4,1,1,1,1,33,1,sarɯrɯsarɯrɯhake,1,4,3,7,2,5,2100.0,6.25,8,3200.0,5.89,3,0,2,#FFD700,86.9,-1.9,87.1,5,5,5,1,REDUP(첩어・동일)
사르르한,sareureuhan,4,1,1,1,1,32,1,sarɯrɯhan,1,2,3,7,2,5,2100.0,6.25,8,1800.0,4.91,3,0,2,#FFD700,86.9,-1.9,87.1,5,5,5,8,SUFFIX(어미변화)
사르르사르르한,sareureusareureuhan,4,1,1,1,1,33,1,sarɯrɯsarɯrɯhan,1,4,3,7,2,5,2100.0,6.25,8,3200.0,5.89,3,0,2,#FFD700,86.9,-1.9,87.1,5,5,5,1,REDUP(첩어・동일)
사르르스럽게,sareureuseureopge,4,1,1,1,1,32,1,sarɯrɯsɯrʌp̚ke,1,2,3,7,5,5,2100.0,6.25,8,1800.0,4.91,3,0,3,#FFD700,86.9,-1.9,87.1,5,5,5,8,SUFFIX(어미변화)
사르르사르르스럽게,sareureusareureuseureopge,4,1,1,1,1,33,1,sarɯrɯsarɯrɯsɯrʌp̚ke,1,4,3,7,5,5,2100.0,6.25,8,3200.0,5.89,3,0,3,#FFD700,86.9,-1.9,87.1,5,5,5,1,REDUP(첩어・동일)
사르르스러운,sareureuseureoun,4,1,1,1,1,32,1,sarɯrɯsɯrʌun,1,2,3,7,2,5,2100.0,6.25,8,1800.0,4.91,3,0,2,#FFD700,86.9,-1.9,87.1,5,5,5,8,SUFFIX(어미변화)
사르르사르르스러운,sareureusareureuseureoun,4,1,1,1,1,33,1,sarɯrɯsarɯrɯsɯrʌun,1,4,3,7,2,5,2100.0,6.25,8,3200.0,5.89,3,0,2,#FFD700,86.9,-1.9,87.1,5,5,5,1,REDUP(첩어・동일)
사르르해서,sareureuhaeseo,4,1,1,1,1,32,1,sarɯrɯhɛsʌ,1,2,3,7,2,5,2100.0,6.25,8,1800.0,4.91,3,0,2,#FFD700,86.9,-1.9,87.1,5,5,5,8,SUFFIX(어미변화)
사르르사르르해서,sareureusareureuhaeseo,4,1,1,1,1,33,1,sarɯrɯsarɯrɯhɛsʌ,1,4,3,7,2,5,2100.0,6.25,8,3200.0,5.89,3,0,2,#FFD700,86.9,-1.9,87.1,5,5,5,1,REDUP(첩어・동일)
사르르하고,sareureuhago,4,1,1,1,1,32,1,sarɯrɯhako,1,2,3,7,2,5,2100.0,6.25,8,1800.0,4.91,3,0,2,#FFD700,86.9,-1.9,87.1,5,5,5,8,SUFFIX(어미변화)
사르르사르르하고,sareureusareureuhago,4,1,1,1,1,33,1,sarɯrɯsarɯrɯhako,1,4,3,7,2,5,2100.0,6.25,8,3200.0,5.89,3,0,2,#FFD700,86.9,-1.9,87.1,5,5,5,1,REDUP(첩어・동일)
스르륵,seureureug,4,2,1,1,2,8,1,sɯrɯrɯk̚,5,8,7,7,7,5,450.0,3.09,3,800.0,3.53,3,0,4,#2F4F4F,31.3,-11.7,-3.7,5,5,0,0,SINGLE(단발)
스르륵스르륵,seureureugseureureug,4,2,1,1,2,1,1,sɯrɯrɯk̚sɯrɯrɯk̚,5,7,7,7,7,5,450.0,3.09,2,3200.0,5.89,3,0,4,#2F4F4F,31.3,-11.7,-3.7,5,5,5,1,REDUP(첩어・동일)
스르륵스르륵스르륵,seureureugseureureugseureureug,4,2,1,1,2,1,1,sɯrɯrɯk̚sɯrɯrɯk̚sɯrɯrɯk̚,5,7,7,7,7,5,450.0,3.09,2,3200.0,5.89,3,0,4,#2F4F4F,31.3,-11.7,-3.7,5,5,5,1,REDUP(첩어・동일)
스르륵거리다,seureureuggeorida,4,2,1,1,2,32,1,sɯrɯrɯk̚kʌrita,5,2,5,7,7,5,450.0,3.09,2,1800.0,4.91,3,0,4,#2F4F4F,31.3,-11.7,-3.7,5,5,5,8,STEM+GEORIDA
스르륵스르륵거리다,seureureugseureureuggeorida,4,2,1,1,2,33,1,sɯrɯrɯk̚sɯrɯrɯk̚kʌrita,5,4,5,7,7,5,450.0,3.09,2,3200.0,5.89,3,0,4,#2F4F4F,31.3,-11.7,-3.7,5,5,5,1,STEM+GEORIDA
스르륵대다,seureureugdaeda,4,2,1,1,2,32,1,sɯrɯrɯk̚tɛta,5,2,5,7,7,5,450.0,3.09,2,1800.0,4.91,3,0,4,#2F4F4F,31.3,-11.7,-3.7,5,5,5,8,STEM+DAEDA
스르륵스르륵대다,seureureugseureureugdaeda,4,2,1,1,2,33,1,sɯrɯrɯk̚sɯrɯrɯk̚tɛta,5,4,5,7,7,5,450.0,3.09,2,3200.0,5.89,3,0,4,#2F4F4F,31.3,-11.7,-3.7,5,5,5,1,STEM+DAEDA
스르륵이다,seureureugida,4,2,1,1,2,32,1,sɯrɯrɯk̚ita,5,2,5,7,7,5,450.0,3.09,2,1800.0,4.91,3,0,4,#2F4F4F,31.3,-11.7,-3.7,5,5,5,8,STEM+IDA
스르륵스르륵이다,seureureugseureureugida,4,2,1,1,2,33,1,sɯrɯrɯk̚sɯrɯrɯk̚ita,5,4,5,7,7,5,450.0,3.09,2,3200.0,5.89,3,0,4,#2F4F4F,31.3,-11.7,-3.7,5,5,5,1,STEM+IDA
스르륵하다,seureureughada,4,2,1,1,2,32,1,sɯrɯrɯk̚hata,5,2,5,7,7,5,450.0,3.09,2,1800.0,4.91,3,0,4,#2F4F4F,31.3,-11.7,-3.7,5,5,5,8,STEM+HADA
스르륵스르륵하다,seureureugseureureughada,4,2,1,1,2,33,1,sɯrɯrɯk̚sɯrɯrɯk̚hata,5,4,5,7,7,5,450.0,3.09,2,3200.0,5.89,3,0,4,#2F4F4F,31.3,-11.7,-3.7,5,5,5,1,STEM+HADA
스르륵스럽다,seureureugseureopda,4,2,1,1,2,32,1,sɯrɯrɯk̚sɯrʌp̚ta,5,2,5,7,7,5,450.0,3.09,2,1800.0,4.91,3,0,4,#2F4F4F,31.3,-11.7,-3.7,5,5,5,8,SUFFIX(어미변화)
스르륵스르륵스럽다,seureureugseureureugseureopda,4,2,1,1,2,33,1,sɯrɯrɯk̚sɯrɯrɯk̚sɯrʌp̚ta,5,4,5,7,7,5,450.0,3.09,2,3200.0,5.89,3,0,4,#2F4F4F,31.3,-11.7,-3.7,5,5,5,1,REDUP(첩어・동일)
스르륵맞다,seureureugmajda,4,2,1,1,2,32,1,sɯrɯrɯk̚mat̚ta,5,2,5,7,7,5,450.0,3.09,2,1800.0,4.91,3,0,4,#2F4F4F,31.3,-11.7,-3.7,5,5,5,8,SUFFIX(어미변화)
스르륵스르륵맞다,seureureugseureureugmajda,4,2,1,1,2,33,1,sɯrɯrɯk̚sɯrɯrɯk̚mat̚ta,5,4,5,7,7,5,450.0,3.09,2,3200.0,5.89,3,0,4,#2F4F4F,31.3,-11.7,-3.7,5,5,5,1,REDUP(첩어・동일)
스르륵거리며,seureureuggeorimyeo,4,2,1,1,2,32,1,sɯrɯrɯk̚kʌrimjʌ,5,2,5,7,7,5,450.0,3.09,2,1800.0,4.91,3,0,4,#2F4F4F,31.3,-11.7,-3.7,5,5,5,8,SUFFIX(어미변화)
스르륵스르륵거리며,seureureugseureureuggeorimyeo,4,2,1,1,2,33,1,sɯrɯrɯk̚sɯrɯrɯk̚kʌrimjʌ,5,4,5,7,7,5,450.0,3.09,2,3200.0,5.89,3,0,4,#2F4F4F,31.3,-11.7,-3.7,5,5,5,1,REDUP(첩어・동일)
스르륵대며,seureureugdaemyeo,4,2,1,1,2,32,1,sɯrɯrɯk̚tɛmjʌ,5,2,5,7,7,5,450.0,3.09,2,1800.0,4.91,3,0,4,#2F4F4F,31.3,-11.7,-3.7,5,5,5,8,SUFFIX(어미변화)
스르륵스르륵대며,seureureugseureureugdaemyeo,4,2,1,1,2,33,1,sɯrɯrɯk̚sɯrɯrɯk̚tɛmjʌ,5,4,5,7,7,5,450.0,3.09,2,3200.0,5.89,3,0,4,#2F4F4F,31.3,-11.7,-3.7,5,5,5,1,REDUP(첩어・동일)
스르륵하게,seureureughage,4,2,1,1,2,32,1,sɯrɯrɯk̚hake,5,2,5,7,7,5,450.0,3.09,2,1800.0,4.91,3,0,4,#2F4F4F,31.3,-11.7,-3.7,5,5,5,8,SUFFIX(어미변화)
스르륵스르륵하게,seureureugseureureughage,4,2,1,1,2,33,1,sɯrɯrɯk̚sɯrɯrɯk̚hake,5,4,5,7,7,5,450.0,3.09,2,3200.0,5.89,3,0,4,#2F4F4F,31.3,-11.7,-3.7,5,5,5,1,REDUP(첩어・동일)
스르륵한,seureureughan,4,2,1,1,2,32,1,sɯrɯrɯk̚han,5,2,5,7,5,5,450.0,3.09,2,1800.0,4.91,3,0,3,#2F4F4F,31.3,-11.7,-3.7,5,5,5,8,SUFFIX(어미변화)
스르륵스르륵한,seureureugseureureughan,4,2,1,1,2,33,1,sɯrɯrɯk̚sɯrɯrɯk̚han,5,4,5,7,5,5,450.0,3.09,2,3200.0,5.89,3,0,3,#2F4F4F,31.3,-11.7,-3.7,5,5,5,1,REDUP(첩어・동일)
스르륵스럽게,seureureugseureopge,4,2,1,1,2,32,1,sɯrɯrɯk̚sɯrʌp̚ke,5,2,5,7,7,5,450.0,3.09,2,1800.0,4.91,3,0,4,#2F4F4F,31.3,-11.7,-3.7,5,5,5,8,SUFFIX(어미변화)
스르륵스르륵스럽게,seureureugseureureugseureopge,4,2,1,1,2,33,1,sɯrɯrɯk̚sɯrɯrɯk̚sɯrʌp̚ke,5,4,5,7,7,5,450.0,3.09,2,3200.0,5.89,3,0,4,#2F4F4F,31.3,-11.7,-3.7,5,5,5,1,REDUP(첩어・동일)
스르륵스러운,seureureugseureoun,4,2,1,1,2,32,1,sɯrɯrɯk̚sɯrʌun,5,2,5,7,5,5,450.0,3.09,2,1800.0,4.91,3,0,3,#2F4F4F,31.3,-11.7,-3.7,5,5,5,8,SUFFIX(어미변화)
스르륵스르륵스러운,seureureugseureureugseureoun,4,2,1,1,2,33,1,sɯrɯrɯk̚sɯrɯrɯk̚sɯrʌun,5,4,5,7,5,5,450.0,3.09,2,3200.0,5.89,3,0,3,#2F4F4F,31.3,-11.7,-3.7,5,5,5,1,REDUP(첩어・동일)
스르륵해서,seureureughaeseo,4,2,1,1,2,32,1,sɯrɯrɯk̚hɛsʌ,5,2,5,7,7,5,450.0,3.09,2,1800.0,4.91,3,0,4,#2F4F4F,31.3,-11.7,-3.7,5,5,5,8,SUFFIX(어미변화)
스르륵스르륵해서,seureureugseureureughaeseo,4,2,1,1,2,33,1,sɯrɯrɯk̚sɯrɯrɯk̚hɛsʌ,5,4,5,7,7,5,450.0,3.09,2,3200.0,5.89,3,0,4,#2F4F4F,31.3,-11.7,-3.7,5,5,5,1,REDUP(첩어・동일)
스르륵하고,seureureughago,4,2,1,1,2,32,1,sɯrɯrɯk̚hako,5,2,5,7,7,5,450.0,3.09,2,1800.0,4.91,3,0,4,#2F4F4F,31.3,-11.7,-3.7,5,5,5,8,SUFFIX(어미변화)
스르륵스르륵하고,seureureugseureureughago,4,2,1,1,2,33,1,sɯrɯrɯk̚sɯrɯrɯk̚hako,5,4,5,7,7,5,450.0,3.09,2,3200.0,5.89,3,0,4,#2F4F4F,31.3,-11.7,-3.7,5,5,5,1,REDUP(첩어・동일)
사각사각,sagaksagak,2,1,1,1,1,8,1,sakak̚sakak̚,1,8,5,7,5,2,2100.0,6.25,9,800.0,3.53,3,0,3,#FFD700,86.9,-1.9,87.1,5,5,0,0,SINGLE(단발)
사각사각거리다,sagaksagakgeorida,2,1,1,1,1,32,1,sakak̚sakak̚kʌrita,1,2,3,7,5,2,2100.0,6.25,8,1800.0,4.91,3,0,3,#FFD700,86.9,-1.9,87.1,5,5,5,8,STEM+GEORIDA
사각사각대다,sagaksagakdaeda,2,1,1,1,1,32,1,sakak̚sakak̚tɛta,1,2,3,7,5,2,2100.0,6.25,8,1800.0,4.91,3,0,3,#FFD700,86.9,-1.9,87.1,5,5,5,8,STEM+DAEDA
사각사각이다,sagaksagakida,2,1,1,1,1,32,1,sakak̚sakak̚ita,1,2,3,7,5,2,2100.0,6.25,8,1800.0,4.91,3,0,3,#FFD700,86.9,-1.9,87.1,5,5,5,8,STEM+IDA
사각사각하다,sagaksagakhada,2,1,1,1,1,32,1,sakak̚sakak̚hata,1,2,3,7,5,2,2100.0,6.25,8,1800.0,4.91,3,0,3,#FFD700,86.9,-1.9,87.1,5,5,5,8,STEM+HADA
사각사각스럽다,sagaksagakseureopda,2,1,1,1,1,32,1,sakak̚sakak̚sɯrʌp̚ta,1,2,3,7,5,2,2100.0,6.25,8,1800.0,4.91,3,0,3,#FFD700,86.9,-1.9,87.1,5,5,5,8,SUFFIX(어미변화)
사각사각맞다,sagaksagakmajda,2,1,1,1,1,32,1,sakak̚sakak̚mat̚ta,1,2,3,7,5,2,2100.0,6.25,8,1800.0,4.91,3,0,3,#FFD700,86.9,-1.9,87.1,5,5,5,8,SUFFIX(어미변화)
사각사각거리며,sagaksagakgeorimyeo,2,1,1,1,1,32,1,sakak̚sakak̚kʌrimjʌ,1,2,3,7,5,2,2100.0,6.25,8,1800.0,4.91,3,0,3,#FFD700,86.9,-1.9,87.1,5,5,5,8,SUFFIX(어미변화)
사각사각대며,sagaksagakdaemyeo,2,1,1,1,1,32,1,sakak̚sakak̚tɛmjʌ,1,2,3,7,5,2,2100.0,6.25,8,1800.0,4.91,3,0,3,#FFD700,86.9,-1.9,87.1,5,5,5,8,SUFFIX(어미변화)
사각사각하게,sagaksagakhage,2,1,1,1,1,32,1,sakak̚sakak̚hake,1,2,3,7,5,2,2100.0,6.25,8,1800.0,4.91,3,0,3,#FFD700,86.9,-1.9,87.1,5,5,5,8,SUFFIX(어미변화)
사각사각한,sagaksagakhan,2,1,1,1,1,32,1,sakak̚sakak̚han,1,2,3,7,5,2,2100.0,6.25,8,1800.0,4.91,3,0,3,#FFD700,86.9,-1.9,87.1,5,5,5,8,SUFFIX(어미변화)
사각사각스럽게,sagaksagakseureopge,2,1,1,1,1,32,1,sakak̚sakak̚sɯrʌp̚ke,1,2,3,7,5,2,2100.0,6.25,8,1800.0,4.91,3,0,3,#FFD700,86.9,-1.9,87.1,5,5,5,8,SUFFIX(어미변화)
사각사각스러운,sagaksagakseureoun,2,1,1,1,1,32,1,sakak̚sakak̚sɯrʌun,1,2,3,7,5,2,2100.0,6.25,8,1800.0,4.91,3,0,3,#FFD700,86.9,-1.9,87.1,5,5,5,8,SUFFIX(어미변화)
사각사각해서,sagaksagakhaeseo,2,1,1,1,1,32,1,sakak̚sakak̚hɛsʌ,1,2,3,7,5,2,2100.0,6.25,8,1800.0,4.91,3,0,3,#FFD700,86.9,-1.9,87.1,5,5,5,8,SUFFIX(어미변화)
사각사각하고,sagaksagakhago,2,1,1,1,1,32,1,sakak̚sakak̚hako,1,2,3,7,5,2,2100.0,6.25,8,1800.0,4.91,3,0,3,#FFD700,86.9,-1.9,87.1,5,5,5,8,SUFFIX(어미변화)
부스럭,buseureog,2,1,0,1,2,8,1,pusɯrʌk̚,5,8,5,7,7,2,450.0,3.09,3,800.0,3.53,3,0,4,#2F4F4F,31.3,-11.7,-3.7,5,5,0,0,SINGLE(단발)
부스럭부스럭,buseureogbuseureog,2,1,0,1,2,1,1,pusɯrʌk̚pusɯrʌk̚,5,7,5,7,7,2,450.0,3.09,2,3200.0,5.89,3,0,4,#2F4F4F,31.3,-11.7,-3.7,5,5,5,1,REDUP(첩어・동일)
부스럭부스럭부스럭,buseureogbuseureogbuseureog,2,1,0,1,2,1,1,pusɯrʌk̚pusɯrʌk̚pusɯrʌk̚,5,7,5,7,7,2,450.0,3.09,2,3200.0,5.89,3,0,4,#2F4F4F,31.3,-11.7,-3.7,5,5,5,1,REDUP(첩어・동일)
부스럭거리다,buseureoggeorida,2,1,0,1,2,32,1,pusɯrʌk̚kʌrita,5,2,3,7,7,2,450.0,3.09,2,1800.0,4.91,3,0,4,#2F4F4F,31.3,-11.7,-3.7,5,5,5,8,STEM+GEORIDA
부스럭부스럭거리다,buseureogbuseureoggeorida,2,1,0,1,2,33,1,pusɯrʌk̚pusɯrʌk̚kʌrita,5,4,3,7,7,2,450.0,3.09,2,3200.0,5.89,3,0,4,#2F4F4F,31.3,-11.7,-3.7,5,5,5,1,STEM+GEORIDA
부스럭대다,buseureogdaeda,2,1,0,1,2,32,1,pusɯrʌk̚tɛta,5,2,3,7,7,2,450.0,3.09,2,1800.0,4.91,3,0,4,#2F4F4F,31.3,-11.7,-3.7,5,5,5,8,STEM+DAEDA
부스럭부스럭대다,buseureogbuseureogdaeda,2,1,0,1,2,33,1,pusɯrʌk̚pusɯrʌk̚tɛta,5,4,3,7,7,2,450.0,3.09,2,3200.0,5.89,3,0,4,#2F4F4F,31.3,-11.7,-3.7,5,5,5,1,STEM+DAEDA
부스럭이다,buseureogida,2,1,0,1,2,32,1,pusɯrʌk̚ita,5,2,3,7,7,2,450.0,3.09,2,1800.0,4.91,3,0,4,#2F4F4F,31.3,-11.7,-3.7,5,5,5,8,STEM+IDA
부스럭부스럭이다,buseureogbuseureogida,2,1,0,1,2,33,1,pusɯrʌk̚pusɯrʌk̚ita,5,4,3,7,7,2,450.0,3.09,2,3200.0,5.89,3,0,4,#2F4F4F,31.3,-11.7,-3.7,5,5,5,1,STEM+IDA
부스럭하다,buseureoghada,2,1,0,1,2,32,1,pusɯrʌk̚hata,5,2,3,7,7,2,450.0,3.09,2,1800.0,4.91,3,0,4,#2F4F4F,31.3,-11.7,-3.7,5,5,5,8,STEM+HADA
부스럭부스럭하다,buseureogbuseureoghada,2,1,0,1,2,33,1,pusɯrʌk̚pusɯrʌk̚hata,5,4,3,7,7,2,450.0,3.09,2,3200.0,5.89,3,0,4,#2F4F4F,31.3,-11.7,-3.7,5,5,5,1,STEM+HADA
부스럭스럽다,buseureogseureopda,2,1,0,1,2,32,1,pusɯrʌk̚sɯrʌp̚ta,5,2,3,7,7,2,450.0,3.09,2,1800.0,4.91,3,0,4,#2F4F4F,31.3,-11.7,-3.7,5,5,5,8,SUFFIX(어미변화)
부스럭부스럭스럽다,buseureogbuseureogseureopda,2,1,0,1,2,33,1,pusɯrʌk̚pusɯrʌk̚sɯrʌp̚ta,5,4,3,7,7,2,450.0,3.09,2,3200.0,5.89,3,0,4,#2F4F4F,31.3,-11.7,-3.7,5,5,5,1,REDUP(첩어・동일)
부스럭맞다,buseureogmajda,2,1,0,1,2,32,1,pusɯrʌk̚mat̚ta,5,2,3,7,7,2,450.0,3.09,2,1800.0,4.91,3,0,4,#2F4F4F,31.3,-11.7,-3.7,5,5,5,8,SUFFIX(어미변화)
부스럭부스럭맞다,buseureogbuseureogmajda,2,1,0,1,2,33,1,pusɯrʌk̚pusɯrʌk̚mat̚ta,5,4,3,7,7,2,450.0,3.09,2,3200.0,5.89,3,0,4,#2F4F4F,31.3,-11.7,-3.7,5,5,5,1,REDUP(첩어・동일)
부스럭거리며,buseureoggeorimyeo,2,1,0,1,2,32,1,pusɯrʌk̚kʌrimjʌ,5,2,3,7,7,2,450.0,3.09,2,1800.0,4.91,3,0,4,#2F4F4F,31.3,-11.7,-3.7,5,5,5,8,SUFFIX(어미변화)
부스럭부스럭거리며,buseureogbuseureoggeorimyeo,2,1,0,1,2,33,1,pusɯrʌk̚pusɯrʌk̚kʌrimjʌ,5,4,3,7,7,2,450.0,3.09,2,3200.0,5.89,3,0,4,#2F4F4F,31.3,-11.7,-3.7,5,5,5,1,REDUP(첩어・동일)
부스럭대며,buseureogdaemyeo,2,1,0,1,2,32,1,pusɯrʌk̚tɛmjʌ,5,2,3,7,7,2,450.0,3.09,2,1800.0,4.91,3,0,4,#2F4F4F,31.3,-11.7,-3.7,5,5,5,8,SUFFIX(어미변화)
부스럭부스럭대며,buseureogbuseureogdaemyeo,2,1,0,1,2,33,1,pusɯrʌk̚pusɯrʌk̚tɛmjʌ,5,4,3,7,7,2,450.0,3.09,2,3200.0,5.89,3,0,4,#2F4F4F,31.3,-11.7,-3.7,5,5,5,1,REDUP(첩어・동일)
부스럭하게,buseureoghage,2,1,0,1,2,32,1,pusɯrʌk̚hake,5,2,3,7,7,2,450.0,3.09,2,1800.0,4.91,3,0,4,#2F4F4F,31.3,-11.7,-3.7,5,5,5,8,SUFFIX(어미변화)
부스럭부스럭하게,buseureogbuseureoghage,2,1,0,1,2,33,1,pusɯrʌk̚pusɯrʌk̚hake,5,4,3,7,7,2,450.0,3.09,2,3200.0,5.89,3,0,4,#2F4F4F,31.3,-11.7,-3.7,5,5,5,1,REDUP(첩어・동일)
부스럭한,buseureoghan,2,1,0,1,2,32,1,pusɯrʌk̚han,5,2,3,7,5,2,450.0,3.09,2,1800.0,4.91,3,0,3,#2F4F4F,31.3,-11.7,-3.7,5,5,5,8,SUFFIX(어미변화)
부스럭부스럭한,buseureogbuseureoghan,2,1,0,1,2,33,1,pusɯrʌk̚pusɯrʌk̚han,5,4,3,7,5,2,450.0,3.09,2,3200.0,5.89,3,0,3,#2F4F4F,31.3,-11.7,-3.7,5,5,5,1,REDUP(첩어・동일)
부스럭스럽게,buseureogseureopge,2,1,0,1,2,32,1,pusɯrʌk̚sɯrʌp̚ke,5,2,3,7,7,2,450.0,3.09,2,1800.0,4.91,3,0,4,#2F4F4F,31.3,-11.7,-3.7,5,5,5,8,SUFFIX(어미변화)
부스럭부스럭스럽게,buseureogbuseureogseureopge,2,1,0,1,2,33,1,pusɯrʌk̚pusɯrʌk̚sɯrʌp̚ke,5,4,3,7,7,2,450.0,3.09,2,3200.0,5.89,3,0,4,#2F4F4F,31.3,-11.7,-3.7,5,5,5,1,REDUP(첩어・동일)
부스럭스러운,buseureogseureoun,2,1,0,1,2,32,1,pusɯrʌk̚sɯrʌun,5,2,3,7,5,2,450.0,3.09,2,1800.0,4.91,3,0,3,#2F4F4F,31.3,-11.7,-3.7,5,5,5,8,SUFFIX(어미변화)
부스럭부스럭스러운,buseureogbuseureogseureoun,2,1,0,1,2,33,1,pusɯrʌk̚pusɯrʌk̚sɯrʌun,5,4,3,7,5,2,450.0,3.09,2,3200.0,5.89,3,0,3,#2F4F4F,31.3,-11.7,-3.7,5,5,5,1,REDUP(첩어・동일)
부스럭해서,buseureoghaeseo,2,1,0,1,2,32,1,pusɯrʌk̚hɛsʌ,5,2,3,7,7,2,450.0,3.09,2,1800.0,4.91,3,0,4,#2F4F4F,31.3,-11.7,-3.7,5,5,5,8,SUFFIX(어미변화)
부스럭부스럭해서,buseureogbuseureoghaeseo,2,1,0,1,2,33,1,pusɯrʌk̚pusɯrʌk̚hɛsʌ,5,4,3,7,7,2,450.0,3.09,2,3200.0,5.89,3,0,4,#2F4F4F,31.3,-11.7,-3.7,5,5,5,1,REDUP(첩어・동일)
부스럭하고,buseureoghago,2,1,0,1,2,32,1,pusɯrʌk̚hako,5,2,3,7,7,2,450.0,3.09,2,1800.0,4.91,3,0,4,#2F4F4F,31.3,-11.7,-3.7,5,5,5,8,SUFFIX(어미변화)
부스럭부스럭하고,buseureogbuseureoghago,2,1,0,1,2,33,1,pusɯrʌk̚pusɯrʌk̚hako,5,4,3,7,7,2,450.0,3.09,2,3200.0,5.89,3,0,4,#2F4F4F,31.3,-11.7,-3.7,5,5,5,1,REDUP(첩어・동일)
바스락,baseurag,2,1,1,1,1,8,1,pasɯrak̚,1,8,5,7,5,2,2100.0,6.25,9,800.0,3.53,3,0,3,#FFD700,86.9,-1.9,87.1,5,5,0,0,SINGLE(단발)
바스락바스락,baseuragbaseurag,2,1,1,1,1,1,1,pasɯrak̚pasɯrak̚,1,7,5,7,5,2,2100.0,6.25,8,3200.0,5.89,3,0,3,#FFD700,86.9,-1.9,87.1,5,5,5,1,REDUP(첩어・동일)
바스락바스락바스락,baseuragbaseuragbaseurag,2,1,1,1,1,1,1,pasɯrak̚pasɯrak̚pasɯrak̚,1,7,5,7,5,2,2100.0,6.25,8,3200.0,5.89,3,0,3,#FFD700,86.9,-1.9,87.1,5,5,5,1,REDUP(첩어・동일)
바스락거리다,baseuraggeorida,2,1,1,1,1,32,1,pasɯrak̚kʌrita,1,2,3,7,5,2,2100.0,6.25,8,1800.0,4.91,3,0,3,#FFD700,86.9,-1.9,87.1,5,5,5,8,STEM+GEORIDA
바스락바스락거리다,baseuragbaseuraggeorida,2,1,1,1,1,33,1,pasɯrak̚pasɯrak̚kʌrita,1,4,3,7,5,2,2100.0,6.25,8,3200.0,5.89,3,0,3,#FFD700,86.9,-1.9,87.1,5,5,5,1,STEM+GEORIDA
바스락대다,baseuragdaeda,2,1,1,1,1,32,1,pasɯrak̚tɛta,1,2,3,7,5,2,2100.0,6.25,8,1800.0,4.91,3,0,3,#FFD700,86.9,-1.9,87.1,5,5,5,8,STEM+DAEDA
바스락바스락대다,baseuragbaseuragdaeda,2,1,1,1,1,33,1,pasɯrak̚pasɯrak̚tɛta,1,4,3,7,5,2,2100.0,6.25,8,3200.0,5.89,3,0,3,#FFD700,86.9,-1.9,87.1,5,5,5,1,STEM+DAEDA
바스락이다,baseuragida,2,1,1,1,1,32,1,pasɯrak̚ita,1,2,3,7,5,2,2100.0,6.25,8,1800.0,4.91,3,0,3,#FFD700,86.9,-1.9,87.1,5,5,5,8,STEM+IDA
바스락바스락이다,baseuragbaseuragida,2,1,1,1,1,33,1,pasɯrak̚pasɯrak̚ita,1,4,3,7,5,2,2100.0,6.25,8,3200.0,5.89,3,0,3,#FFD700,86.9,-1.9,87.1,5,5,5,1,STEM+IDA
바스락하다,baseuraghada,2,1,1,1,1,32,1,pasɯrak̚hata,1,2,3,7,5,2,2100.0,6.25,8,1800.0,4.91,3,0,3,#FFD700,86.9,-1.9,87.1,5,5,5,8,STEM+HADA
바스락바스락하다,baseuragbaseuraghada,2,1,1,1,1,33,1,pasɯrak̚pasɯrak̚hata,1,4,3,7,5,2,2100.0,6.25,8,3200.0,5.89,3,0,3,#FFD700,86.9,-1.9,87.1,5,5,5,1,STEM+HADA
바스락스럽다,baseuragseureopda,2,1,1,1,1,32,1,pasɯrak̚sɯrʌp̚ta,1,2,3,7,5,2,2100.0,6.25,8,1800.0,4.91,3,0,3,#FFD700,86.9,-1.9,87.1,5,5,5,8,SUFFIX(어미변화)
바스락바스락스럽다,baseuragbaseuragseureopda,2,1,1,1,1,33,1,pasɯrak̚pasɯrak̚sɯrʌp̚ta,1,4,3,7,5,2,2100.0,6.25,8,3200.0,5.89,3,0,3,#FFD700,86.9,-1.9,87.1,5,5,5,1,REDUP(첩어・동일)
바스락맞다,baseuragmajda,2,1,1,1,1,32,1,pasɯrak̚mat̚ta,1,2,3,7,5,2,2100.0,6.25,8,1800.0,4.91,3,0,3,#FFD700,86.9,-1.9,87.1,5,5,5,8,SUFFIX(어미변화)
바스락바스락맞다,baseuragbaseuragmajda,2,1,1,1,1,33,1,pasɯrak̚pasɯrak̚mat̚ta,1,4,3,7,5,2,2100.0,6.25,8,3200.0,5.89,3,0,3,#FFD700,86.9,-1.9,87.1,5,5,5,1,REDUP(첩어・동일)
바스락거리며,baseuraggeorimyeo,2,1,1,1,1,32,1,pasɯrak̚kʌrimjʌ,1,2,3,7,5,2,2100.0,6.25,8,1800.0,4.91,3,0,3,#FFD700,86.9,-1.9,87.1,5,5,5,8,SUFFIX(어미변화)
바스락바스락거리며,baseuragbaseuraggeorimyeo,2,1,1,1,1,33,1,pasɯrak̚pasɯrak̚kʌrimjʌ,1,4,3,7,5,2,2100.0,6.25,8,3200.0,5.89,3,0,3,#FFD700,86.9,-1.9,87.1,5,5,5,1,REDUP(첩어・동일)
바스락대며,baseuragdaemyeo,2,1,1,1,1,32,1,pasɯrak̚tɛmjʌ,1,2,3,7,5,2,2100.0,6.25,8,1800.0,4.91,3,0,3,#FFD700,86.9,-1.9,87.1,5,5,5,8,SUFFIX(어미변화)
바스락바스락대며,baseuragbaseuragdaemyeo,2,1,1,1,1,33,1,pasɯrak̚pasɯrak̚tɛmjʌ,1,4,3,7,5,2,2100.0,6.25,8,3200.0,5.89,3,0,3,#FFD700,86.9,-1.9,87.1,5,5,5,1,REDUP(첩어・동일)
바스락하게,baseuraghage,2,1,1,1,1,32,1,pasɯrak̚hake,1,2,3,7,5,2,2100.0,6.25,8,1800.0,4.91,3,0,3,#FFD700,86.9,-1.9,87.1,5,5,5,8,SUFFIX(어미변화)
바스락바스락하게,baseuragbaseuraghage,2,1,1,1,1,33,1,pasɯrak̚pasɯrak̚hake,1,4,3,7,5,2,2100.0,6.25,8,3200.0,5.89,3,0,3,#FFD700,86.9,-1.9,87.1,5,5,5,1,REDUP(첩어・동일)
바스락한,baseuraghan,2,1,1,1,1,32,1,pasɯrak̚han,1,2,3,7,5,2,2100.0,6.25,8,1800.0,4.91,3,0,3,#FFD700,86.9,-1.9,87.1,5,5,5,8,SUFFIX(어미변화)
바스락바스락한,baseuragbaseuraghan,2,1,1,1,1,33,1,pasɯrak̚pasɯrak̚han,1,4,3,7,5,2,2100.0,6.25,8,3200.0,5.89,3,0,3,#FFD700,86.9,-1.9,87.1,5,5,5,1,REDUP(첩어・동일)
바스락스럽게,baseuragseureopge,2,1,1,1,1,32,1,pasɯrak̚sɯrʌp̚ke,1,2,3,7,5,2,2100.0,6.25,8,1800.0,4.91,3,0,3,#FFD700,86.9,-1.9,87.1,5,5,5,8,SUFFIX(어미변화)
바스락바스락스럽게,baseuragbaseuragseureopge,2,1,1,1,1,33,1,pasɯrak̚pasɯrak̚sɯrʌp̚ke,1,4,3,7,5,2,2100.0,6.25,8,3200.0,5.89,3,0,3,#FFD700,86.9,-1.9,87.1,5,5,5,1,REDUP(첩어・동일)
바스락스러운,baseuragseureoun,2,1,1,1,1,32,1,pasɯrak̚sɯrʌun,1,2,3,7,5,2,2100.0,6.25,8,1800.0,4.91,3,0,3,#FFD700,86.9,-1.9,87.1,5,5,5,8,SUFFIX(어미변화)
바스락바스락스러운,baseuragbaseuragseureoun,2,1,1,1,1,33,1,pasɯrak̚pasɯrak̚sɯrʌun,1,4,3,7,5,2,2100.0,6.25,8,3200.0,5.89,3,0,3,#FFD700,86.9,-1.9,87.1,5,5,5,1,REDUP(첩어・동일)
바스락해서,baseuraghaeseo,2,1,1,1,1,32,1,pasɯrak̚hɛsʌ,1,2,3,7,5,2,2100.0,6.25,8,1800.0,4.91,3,0,3,#FFD700,86.9,-1.9,87.1,5,5,5,8,SUFFIX(어미변화)
바스락바스락해서,baseuragbaseuraghaeseo,2,1,1,1,1,33,1,pasɯrak̚pasɯrak̚hɛsʌ,1,4,3,7,5,2,2100.0,6.25,8,3200.0,5.89,3,0,3,#FFD700,86.9,-1.9,87.1,5,5,5,1,REDUP(첩어・동일)
바스락하고,baseuraghago,2,1,1,1,1,32,1,pasɯrak̚hako,1,2,3,7,5,2,2100.0,6.25,8,1800.0,4.91,3,0,3,#FFD700,86.9,-1.9,87.1,5,5,5,8,SUFFIX(어미변화)
바스락바스락하고,baseuragbaseuraghago,2,1,1,1,1,33,1,pasɯrak̚pasɯrak̚hako,1,4,3,7,5,2,2100.0,6.25,8,3200.0,5.89,3,0,3,#FFD700,86.9,-1.9,87.1,5,5,5,1,REDUP(첩어・동일)
쌩쌩,ssaengssaeng,4,8,0,4,1,8,1,s͈ɛŋs͈ɛŋ,4,8,8,8,5,5,2600.0,6.69,9,800.0,3.53,5,0,3,#FFD700,86.9,-1.9,87.1,5,5,0,0,SINGLE(단발)
쌩쌩쌩쌩,ssaengssaengssaengssaeng,4,8,0,4,1,1,1,s͈ɛŋs͈ɛŋs͈ɛŋs͈ɛŋ,4,7,8,8,5,5,2600.0,6.69,8,3200.0,5.89,5,0,3,#FFD700,86.9,-1.9,87.1,5,5,5,1,REDUP(첩어・동일)
쌩쌩쌩쌩쌩쌩,ssaengssaengssaengssaengssaengssaeng,4,8,0,4,1,1,1,s͈ɛŋs͈ɛŋs͈ɛŋs͈ɛŋs͈ɛŋs͈ɛŋ,4,7,8,8,5,5,2600.0,6.69,8,3200.0,5.89,5,0,3,#FFD700,86.9,-1.9,87.1,5,5,5,1,REDUP(첩어・동일)
쌩쌩거리다,ssaengssaenggeorida,4,8,0,4,1,32,1,s͈ɛŋs͈ɛŋkʌrita,4,2,6,8,5,5,2600.0,6.69,8,1800.0,4.91,5,0,3,#FFD700,86.9,-1.9,87.1,5,5,5,8,STEM+GEORIDA
쌩쌩쌩쌩거리다,ssaengssaengssaengssaenggeorida,4,8,0,4,1,33,1,s͈ɛŋs͈ɛŋs͈ɛŋs͈ɛŋkʌrita,4,4,6,8,5,5,2600.0,6.69,8,3200.0,5.89,5,0,3,#FFD700,86.9,-1.9,87.1,5,5,5,1,STEM+GEORIDA
쌩쌩대다,ssaengssaengdaeda,4,8,0,4,1,32,1,s͈ɛŋs͈ɛŋtɛta,4,2,6,8,5,5,2600.0,6.69,8,1800.0,4.91,5,0,3,#FFD700,86.9,-1.9,87.1,5,5,5,8,STEM+DAEDA
쌩쌩쌩쌩대다,ssaengssaengssaengssaengdaeda,4,8,0,4,1,33,1,s͈ɛŋs͈ɛŋs͈ɛŋs͈ɛŋtɛta,4,4,6,8,5,5,2600.0,6.69,8,3200.0,5.89,5,0,3,#FFD700,86.9,-1.9,87.1,5,5,5,1,STEM+DAEDA
쌩쌩이다,ssaengssaengida,4,8,0,4,1,32,1,s͈ɛŋs͈ɛŋita,4,2,6,8,5,5,2600.0,6.69,8,1800.0,4.91,5,0,3,#FFD700,86.9,-1.9,87.1,5,5,5,8,STEM+IDA
쌩쌩쌩쌩이다,ssaengssaengssaengssaengida,4,8,0,4,1,33,1,s͈ɛŋs͈ɛŋs͈ɛŋs͈ɛŋita,4,4,6,8,5,5,2600.0,6.69,8,3200.0,5.89,5,0,3,#FFD700,86.9,-1.9,87.1,5,5,5,1,STEM+IDA
쌩쌩하다,ssaengssaenghada,4,8,0,4,1,32,1,s͈ɛŋs͈ɛŋhata,4,2,6,8,5,5,2600.0,6.69,8,1800.0,4.91,5,0,3,#FFD700,86.9,-1.9,87.1,5,5,5,8,STEM+HADA
쌩쌩쌩쌩하다,ssaengssaengssaengssaenghada,4,8,0,4,1,33,1,s͈ɛŋs͈ɛŋs͈ɛŋs͈ɛŋhata,4,4,6,8,5,5,2600.0,6.69,8,3200.0,5.89,5,0,3,#FFD700,86.9,-1.9,87.1,5,5,5,1,STEM+HADA
쌩쌩스럽다,ssaengssaengseureopda,4,8,0,4,1,32,1,s͈ɛŋs͈ɛŋsɯrʌp̚ta,4,2,6,8,5,5,2600.0,6.69,8,1800.0,4.91,5,0,3,#FFD700,86.9,-1.9,87.1,5,5,5,8,SUFFIX(어미변화)
쌩쌩쌩쌩스럽다,ssaengssaengssaengssaengseureopda,4,8,0,4,1,33,1,s͈ɛŋs͈ɛŋs͈ɛŋs͈ɛŋsɯrʌp̚ta,4,4,6,8,5,5,2600.0,6.69,8,3200.0,5.89,5,0,3,#FFD700,86.9,-1.9,87.1,5,5,5,1,REDUP(첩어・동일)
쌩쌩맞다,ssaengssaengmajda,4,8,0,4,1,32,1,s͈ɛŋs͈ɛŋmat̚ta,4,2,6,8,5,5,2600.0,6.69,8,1800.0,4.91,5,0,3,#FFD700,86.9,-1.9,87.1,5,5,5,8,SUFFIX(어미변화)
쌩쌩쌩쌩맞다,ssaengssaengssaengssaengmajda,4,8,0,4,1,33,1,s͈ɛŋs͈ɛŋs͈ɛŋs͈ɛŋmat̚ta,4,4,6,8,5,5,2600.0,6.69,8,3200.0,5.89,5,0,3,#FFD700,86.9,-1.9,87.1,5,5,5,1,REDUP(첩어・동일)
쌩쌩거리며,ssaengssaenggeorimyeo,4,8,0,4,1,32,1,s͈ɛŋs͈ɛŋkʌrimjʌ,4,2,6,8,5,5,2600.0,6.69,8,1800.0,4.91,5,0,3,#FFD700,86.9,-1.9,87.1,5,5,5,8,SUFFIX(어미변화)
쌩쌩쌩쌩거리며,ssaengssaengssaengssaenggeorimyeo,4,8,0,4,1,33,1,s͈ɛŋs͈ɛŋs͈ɛŋs͈ɛŋkʌrimjʌ,4,4,6,8,5,5,2600.0,6.69,8,3200.0,5.89,5,0,3,#FFD700,86.9,-1.9,87.1,5,5,5,1,REDUP(첩어・동일)
쌩쌩대며,ssaengssaengdaemyeo,4,8,0,4,1,32,1,s͈ɛŋs͈ɛŋtɛmjʌ,4,2,6,8,5,5,2600.0,6.69,8,1800.0,4.91,5,0,3,#FFD700,86.9,-1.9,87.1,5,5,5,8,SUFFIX(어미변화)
쌩쌩쌩쌩대며,ssaengssaengssaengssaengdaemyeo,4,8,0,4,1,33,1,s͈ɛŋs͈ɛŋs͈ɛŋs͈ɛŋtɛmjʌ,4,4,6,8,5,5,2600.0,6.69,8,3200.0,5.89,5,0,3,#FFD700,86.9,-1.9,87.1,5,5,5,1,REDUP(첩어・동일)
쌩쌩하게,ssaengssaenghage,4,8,0,4,1,32,1,s͈ɛŋs͈ɛŋhake,4,2,6,8,5,5,2600.0,6.69,8,1800.0,4.91,5,0,3,#FFD700,86.9,-1.9,87.1,5,5,5,8,SUFFIX(어미변화)
쌩쌩쌩쌩하게,ssaengssaengssaengssaenghage,4,8,0,4,1,33,1,s͈ɛŋs͈ɛŋs͈ɛŋs͈ɛŋhake,4,4,6,8,5,5,2600.0,6.69,8,3200.0,5.89,5,0,3,#FFD700,86.9,-1.9,87.1,5,5,5,1,REDUP(첩어・동일)
쌩쌩한,ssaengssaenghan,4,8,0,4,1,32,1,s͈ɛŋs͈ɛŋhan,4,2,6,8,5,5,2600.0,6.69,8,1800.0,4.91,5,0,3,#FFD700,86.9,-1.9,87.1,5,5,5,8,SUFFIX(어미변화)
쌩쌩쌩쌩한,ssaengssaengssaengssaenghan,4,8,0,4,1,33,1,s͈ɛŋs͈ɛŋs͈ɛŋs͈ɛŋhan,4,4,6,8,5,5,2600.0,6.69,8,3200.0,5.89,5,0,3,#FFD700,86.9,-1.9,87.1,5,5,5,1,REDUP(첩어・동일)
쌩쌩스럽게,ssaengssaengseureopge,4,8,0,4,1,32,1,s͈ɛŋs͈ɛŋsɯrʌp̚ke,4,2,6,8,5,5,2600.0,6.69,8,1800.0,4.91,5,0,3,#FFD700,86.9,-1.9,87.1,5,5,5,8,SUFFIX(어미변화)
쌩쌩쌩쌩스럽게,ssaengssaengssaengssaengseureopge,4,8,0,4,1,33,1,s͈ɛŋs͈ɛŋs͈ɛŋs͈ɛŋsɯrʌp̚ke,4,4,6,8,5,5,2600.0,6.69,8,3200.0,5.89,5,0,3,#FFD700,86.9,-1.9,87.1,5,5,5,1,REDUP(첩어・동일)
쌩쌩스러운,ssaengssaengseureoun,4,8,0,4,1,32,1,s͈ɛŋs͈ɛŋsɯrʌun,4,2,6,8,5,5,2600.0,6.69,8,1800.0,4.91,5,0,3,#FFD700,86.9,-1.9,87.1,5,5,5,8,SUFFIX(어미변화)
쌩쌩쌩쌩스러운,ssaengssaengssaengssaengseureoun,4,8,0,4,1,33,1,s͈ɛŋs͈ɛŋs͈ɛŋs͈ɛŋsɯrʌun,4,4,6,8,5,5,2600.0,6.69,8,3200.0,5.89,5,0,3,#FFD700,86.9,-1.9,87.1,5,5,5,1,REDUP(첩어・동일)
쌩쌩해서,ssaengssaenghaeseo,4,8,0,4,1,32,1,s͈ɛŋs͈ɛŋhɛsʌ,4,2,6,8,5,5,2600.0,6.69,8,1800.0,4.91,5,0,3,#FFD700,86.9,-1.9,87.1,5,5,5,8,SUFFIX(어미변화)
쌩쌩쌩쌩해서,ssaengssaengssaengssaenghaeseo,4,8,0,4,1,33,1,s͈ɛŋs͈ɛŋs͈ɛŋs͈ɛŋhɛsʌ,4,4,6,8,5,5,2600.0,6.69,8,3200.0,5.89,5,0,3,#FFD700,86.9,-1.9,87.1,5,5,5,1,REDUP(첩어・동일)
쌩쌩하고,ssaengssaenghago,4,8,0,4,1,32,1,s͈ɛŋs͈ɛŋhako,4,2,6,8,5,5,2600.0,6.69,8,1800.0,4.91,5,0,3,#FFD700,86.9,-1.9,87.1,5,5,5,8,SUFFIX(어미변화)
쌩쌩쌩쌩하고,ssaengssaengssaengssaenghago,4,8,0,4,1,33,1,s͈ɛŋs͈ɛŋs͈ɛŋs͈ɛŋhako,4,4,6,8,5,5,2600.0,6.69,8,3200.0,5.89,5,0,3,#FFD700,86.9,-1.9,87.1,5,5,5,1,REDUP(첩어・동일)
씽씽,ssingssing,4,8,1,4,2,8,1,s͈iŋs͈iŋ,8,8,8,8,5,5,950.0,4.62,3,800.0,3.53,5,0,3,#2F4F4F,31.3,-11.7,-3.7,5,5,0,0,SINGLE(단발)
씽씽씽씽,ssingssingssingssing,4,8,1,4,2,1,1,s͈iŋs͈iŋs͈iŋs͈iŋ,8,7,8,8,5,5,950.0,4.62,2,3200.0,5.89,5,0,3,#2F4F4F,31.3,-11.7,-3.7,5,5,5,1,REDUP(첩어・동일)
씽씽씽씽씽씽,ssingssingssingssingssingssing,4,8,1,4,2,1,1,s͈iŋs͈iŋs͈iŋs͈iŋs͈iŋs͈iŋ,8,7,8,8,5,5,950.0,4.62,2,3200.0,5.89,5,0,3,#2F4F4F,31.3,-11.7,-3.7,5,5,5,1,REDUP(첩어・동일)
씽씽거리다,ssingssinggeorida,4,8,1,4,2,32,1,s͈iŋs͈iŋkʌrita,8,2,6,8,5,5,950.0,4.62,2,1800.0,4.91,5,0,3,#2F4F4F,31.3,-11.7,-3.7,5,5,5,8,STEM+GEORIDA
씽씽씽씽거리다,ssingssingssingssinggeorida,4,8,1,4,2,33,1,s͈iŋs͈iŋs͈iŋs͈iŋkʌrita,8,4,6,8,5,5,950.0,4.62,2,3200.0,5.89,5,0,3,#2F4F4F,31.3,-11.7,-3.7,5,5,5,1,STEM+GEORIDA
씽씽대다,ssingssingdaeda,4,8,1,4,2,32,1,s͈iŋs͈iŋtɛta,8,2,6,8,5,5,950.0,4.62,2,1800.0,4.91,5,0,3,#2F4F4F,31.3,-11.7,-3.7,5,5,5,8,STEM+DAEDA
씽씽씽씽대다,ssingssingssingssingdaeda,4,8,1,4,2,33,1,s͈iŋs͈iŋs͈iŋs͈iŋtɛta,8,4,6,8,5,5,950.0,4.62,2,3200.0,5.89,5,0,3,#2F4F4F,31.3,-11.7,-3.7,5,5,5,1,STEM+DAEDA
씽씽이다,ssingssingida,4,8,1,4,2,32,1,s͈iŋs͈iŋita,8,2,6,8,5,5,950.0,4.62,2,1800.0,4.91,5,0,3,#2F4F4F,31.3,-11.7,-3.7,5,5,5,8,STEM+IDA
씽씽씽씽이다,ssingssingssingssingida,4,8,1,4,2,33,1,s͈iŋs͈iŋs͈iŋs͈iŋita,8,4,6,8,5,5,950.0,4.62,2,3200.0,5.89,5,0,3,#2F4F4F,31.3,-11.7,-3.7,5,5,5,1,STEM+IDA
씽씽하다,ssingssinghada,4,8,1,4,2,32,1,s͈iŋs͈iŋhata,8,2,6,8,5,5,950.0,4.62,2,1800.0,4.91,5,0,3,#2F4F4F,31.3,-11.7,-3.7,5,5,5,8,STEM+HADA
씽씽씽씽하다,ssingssingssingssinghada,4,8,1,4,2,33,1,s͈iŋs͈iŋs͈iŋs͈iŋhata,8,4,6,8,5,5,950.0,4.62,2,3200.0,5.89,5,0,3,#2F4F4F,31.3,-11.7,-3.7,5,5,5,1,STEM+HADA
씽씽스럽다,ssingssingseureopda,4,8,1,4,2,32,1,s͈iŋs͈iŋsɯrʌp̚ta,8,2,6,8,5,5,950.0,4.62,2,1800.0,4.91,5,0,3,#2F4F4F,31.3,-11.7,-3.7,5,5,5,8,SUFFIX(어미변화)
씽씽씽씽스럽다,ssingssingssingssingseureopda,4,8,1,4,2,33,1,s͈iŋs͈iŋs͈iŋs͈iŋsɯrʌp̚ta,8,4,6,8,5,5,950.0,4.62,2,3200.0,5.89,5,0,3,#2F4F4F,31.3,-11.7,-3.7,5,5,5,1,REDUP(첩어・동일)
씽씽맞다,ssingssingmajda,4,8,1,4,2,32,1,s͈iŋs͈iŋmat̚ta,8,2,6,8,5,5,950.0,4.62,2,1800.0,4.91,5,0,3,#2F4F4F,31.3,-11.7,-3.7,5,5,5,8,SUFFIX(어미변화)
씽씽씽씽맞다,ssingssingssingssingmajda,4,8,1,4,2,33,1,s͈iŋs͈iŋs͈iŋs͈iŋmat̚ta,8,4,6,8,5,5,950.0,4.62,2,3200.0,5.89,5,0,3,#2F4F4F,31.3,-11.7,-3.7,5,5,5,1,REDUP(첩어・동일)
씽씽거리며,ssingssinggeorimyeo,4,8,1,4,2,32,1,s͈iŋs͈iŋkʌrimjʌ,8,2,6,8,5,5,950.0,4.62,2,1800.0,4.91,5,0,3,#2F4F4F,31.3,-11.7,-3.7,5,5,5,8,SUFFIX(어미변화)
씽씽씽씽거리며,ssingssingssingssinggeorimyeo,4,8,1,4,2,33,1,s͈iŋs͈iŋs͈iŋs͈iŋkʌrimjʌ,8,4,6,8,5,5,950.0,4.62,2,3200.0,5.89,5,0,3,#2F4F4F,31.3,-11.7,-3.7,5,5,5,1,REDUP(첩어・동일)
씽씽대며,ssingssingdaemyeo,4,8,1,4,2,32,1,s͈iŋs͈iŋtɛmjʌ,8,2,6,8,5,5,950.0,4.62,2,1800.0,4.91,5,0,3,#2F4F4F,31.3,-11.7,-3.7,5,5,5,8,SUFFIX(어미변화)
씽씽씽씽대며,ssingssingssingssingdaemyeo,4,8,1,4,2,33,1,s͈iŋs͈iŋs͈iŋs͈iŋtɛmjʌ,8,4,6,8,5,5,950.0,4.62,2,3200.0,5.89,5,0,3,#2F4F4F,31.3,-11.7,-3.7,5,5,5,1,REDUP(첩어・동일)
씽씽하게,ssingssinghage,4,8,1,4,2,32,1,s͈iŋs͈iŋhake,8,2,6,8,5,5,950.0,4.62,2,1800.0,4.91,5,0,3,#2F4F4F,31.3,-11.7,-3.7,5,5,5,8,SUFFIX(어미변화)
씽씽씽씽하게,ssingssingssingssinghage,4,8,1,4,2,33,1,s͈iŋs͈iŋs͈iŋs͈iŋhake,8,4,6,8,5,5,950.0,4.62,2,3200.0,5.89,5,0,3,#2F4F4F,31.3,-11.7,-3.7,5,5,5,1,REDUP(첩어・동일)
씽씽한,ssingssinghan,4,8,1,4,2,32,1,s͈iŋs͈iŋhan,8,2,6,8,5,5,950.0,4.62,2,1800.0,4.91,5,0,3,#2F4F4F,31.3,-11.7,-3.7,5,5,5,8,SUFFIX(어미변화)
씽씽씽씽한,ssingssingssingssinghan,4,8,1,4,2,33,1,s͈iŋs͈iŋs͈iŋs͈iŋhan,8,4,6,8,5,5,950.0,4.62,2,3200.0,5.89,5,0,3,#2F4F4F,31.3,-11.7,-3.7,5,5,5,1,REDUP(첩어・동일)
씽씽스럽게,ssingssingseureopge,4,8,1,4,2,32,1,s͈iŋs͈iŋsɯrʌp̚ke,8,2,6,8,5,5,950.0,4.62,2,1800.0,4.91,5,0,3,#2F4F4F,31.3,-11.7,-3.7,5,5,5,8,SUFFIX(어미변화)
씽씽씽씽스럽게,ssingssingssingssingseureopge,4,8,1,4,2,33,1,s͈iŋs͈iŋs͈iŋs͈iŋsɯrʌp̚ke,8,4,6,8,5,5,950.0,4.62,2,3200.0,5.89,5,0,3,#2F4F4F,31.3,-11.7,-3.7,5,5,5,1,REDUP(첩어・동일)
씽씽스러운,ssingssingseureoun,4,8,1,4,2,32,1,s͈iŋs͈iŋsɯrʌun,8,2,6,8,5,5,950.0,4.62,2,1800.0,4.91,5,0,3,#2F4F4F,31.3,-11.7,-3.7,5,5,5,8,SUFFIX(어미변화)
씽씽씽씽스러운,ssingssingssingssingseureoun,4,8,1,4,2,33,1,s͈iŋs͈iŋs͈iŋs͈iŋsɯrʌun,8,4,6,8,5,5,950.0,4.62,2,3200.0,5.89,5,0,3,#2F4F4F,31.3,-11.7,-3.7,5,5,5,1,REDUP(첩어・동일)
씽씽해서,ssingssinghaeseo,4,8,1,4,2,32,1,s͈iŋs͈iŋhɛsʌ,8,2,6,8,5,5,950.0,4.62,2,1800.0,4.91,5,0,3,#2F4F4F,31.3,-11.7,-3.7,5,5,5,8,SUFFIX(어미변화)
씽씽씽씽해서,ssingssingssingssinghaeseo,4,8,1,4,2,33,1,s͈iŋs͈iŋs͈iŋs͈iŋhɛsʌ,8,4,6,8,5,5,950.0,4.62,2,3200.0,5.89,5,0,3,#2F4F4F,31.3,-11.7,-3.7,5,5,5,1,REDUP(첩어・동일)
씽씽하고,ssingssinghago,4,8,1,4,2,32,1,s͈iŋs͈iŋhako,8,2,6,8,5,5,950.0,4.62,2,1800.0,4.91,5,0,3,#2F4F4F,31.3,-11.7,-3.7,5,5,5,8,SUFFIX(어미변화)
씽씽씽씽하고,ssingssingssingssinghago,4,8,1,4,2,33,1,s͈iŋs͈iŋs͈iŋs͈iŋhako,8,4,6,8,5,5,950.0,4.62,2,3200.0,5.89,5,0,3,#2F4F4F,31.3,-11.7,-3.7,5,5,5,1,REDUP(첩어・동일)
화끈,hwakkeun,16,16384,2,2,1,8,1,hwak͈ɯn,4,8,6,8,5,5,2600.0,6.69,9,800.0,3.53,9,0,3,#FFD700,86.9,-1.9,87.1,5,5,0,0,SINGLE(단발)
화끈화끈,hwakkeunhwakkeun,16,16384,2,2,1,1,1,hwak͈ɯnhwak͈ɯn,4,7,6,8,5,5,2600.0,6.69,8,3200.0,5.89,9,0,3,#FFD700,86.9,-1.9,87.1,5,5,5,1,REDUP(첩어・동일)
화끈화끈화끈,hwakkeunhwakkeunhwakkeun,16,16384,2,2,1,1,1,hwak͈ɯnhwak͈ɯnhwak͈ɯn,4,7,6,8,5,5,2600.0,6.69,8,3200.0,5.89,9,0,3,#FFD700,86.9,-1.9,87.1,5,5,5,1,REDUP(첩어・동일)
화끈거리다,hwakkeungeorida,16,16384,2,2,1,32,1,hwak͈ɯnkʌrita,4,2,4,8,5,5,2600.0,6.69,8,1800.0,4.91,9,0,3,#FFD700,86.9,-1.9,87.1,5,5,5,8,STEM+GEORIDA
화끈화끈거리다,hwakkeunhwakkeungeorida,16,16384,2,2,1,33,1,hwak͈ɯnhwak͈ɯnkʌrita,4,4,4,8,5,5,2600.0,6.69,8,3200.0,5.89,9,0,3,#FFD700,86.9,-1.9,87.1,5,5,5,1,STEM+GEORIDA
화끈대다,hwakkeundaeda,16,16384,2,2,1,32,1,hwak͈ɯntɛta,4,2,4,8,5,5,2600.0,6.69,8,1800.0,4.91,9,0,3,#FFD700,86.9,-1.9,87.1,5,5,5,8,STEM+DAEDA
화끈화끈대다,hwakkeunhwakkeundaeda,16,16384,2,2,1,33,1,hwak͈ɯnhwak͈ɯntɛta,4,4,4,8,5,5,2600.0,6.69,8,3200.0,5.89,9,0,3,#FFD700,86.9,-1.9,87.1,5,5,5,1,STEM+DAEDA
화끈이다,hwakkeunida,16,16384,2,2,1,32,1,hwak͈ɯnita,4,2,4,8,5,5,2600.0,6.69,8,1800.0,4.91,9,0,3,#FFD700,86.9,-1.9,87.1,5,5,5,8,STEM+IDA
화끈화끈이다,hwakkeunhwakkeunida,16,16384,2,2,1,33,1,hwak͈ɯnhwak͈ɯnita,4,4,4,8,5,5,2600.0,6.69,8,3200.0,5.89,9,0,3,#FFD700,86.9,-1.9,87.1,5,5,5,1,STEM+IDA
화끈하다,hwakkeunhada,16,16384,2,2,1,32,1,hwak͈ɯnhata,4,2,4,8,5,5,2600.0,6.69,8,1800.0,4.91,9,0,3,#FFD700,86.9,-1.9,87.1,5,5,5,8,STEM+HADA
화끈화끈하다,hwakkeunhwakkeunhada,16,16384,2,2,1,33,1,hwak͈ɯnhwak͈ɯnhata,4,4,4,8,5,5,2600.0,6.69,8,3200.0,5.89,9,0,3,#FFD700,86.9,-1.9,87.1,5,5,5,1,STEM+HADA
화끈스럽다,hwakkeunseureopda,16,16384,2,2,1,32,1,hwak͈ɯnsɯrʌp̚ta,4,2,4,8,5,5,2600.0,6.69,8,1800.0,4.91,9,0,3,#FFD700,86.9,-1.9,87.1,5,5,5,8,SUFFIX(어미변화)
화끈화끈스럽다,hwakkeunhwakkeunseureopda,16,16384,2,2,1,33,1,hwak͈ɯnhwak͈ɯnsɯrʌp̚ta,4,4,4,8,5,5,2600.0,6.69,8,3200.0,5.89,9,0,3,#FFD700,86.9,-1.9,87.1,5,5,5,1,REDUP(첩어・동일)
화끈맞다,hwakkeunmajda,16,16384,2,2,1,32,1,hwak͈ɯnmat̚ta,4,2,4,8,5,5,2600.0,6.69,8,1800.0,4.91,9,0,3,#FFD700,86.9,-1.9,87.1,5,5,5,8,SUFFIX(어미변화)
화끈화끈맞다,hwakkeunhwakkeunmajda,16,16384,2,2,1,33,1,hwak͈ɯnhwak͈ɯnmat̚ta,4,4,4,8,5,5,2600.0,6.69,8,3200.0,5.89,9,0,3,#FFD700,86.9,-1.9,87.1,5,5,5,1,REDUP(첩어・동일)
화끈거리며,hwakkeungeorimyeo,16,16384,2,2,1,32,1,hwak͈ɯnkʌrimjʌ,4,2,4,8,5,5,2600.0,6.69,8,1800.0,4.91,9,0,3,#FFD700,86.9,-1.9,87.1,5,5,5,8,SUFFIX(어미변화)
화끈화끈거리며,hwakkeunhwakkeungeorimyeo,16,16384,2,2,1,33,1,hwak͈ɯnhwak͈ɯnkʌrimjʌ,4,4,4,8,5,5,2600.0,6.69,8,3200.0,5.89,9,0,3,#FFD700,86.9,-1.9,87.1,5,5,5,1,REDUP(첩어・동일)
화끈대며,hwakkeundaemyeo,16,16384,2,2,1,32,1,hwak͈ɯntɛmjʌ,4,2,4,8,5,5,2600.0,6.69,8,1800.0,4.91,9,0,3,#FFD700,86.9,-1.9,87.1,5,5,5,8,SUFFIX(어미변화)
화끈화끈대며,hwakkeunhwakkeundaemyeo,16,16384,2,2,1,33,1,hwak͈ɯnhwak͈ɯntɛmjʌ,4,4,4,8,5,5,2600.0,6.69,8,3200.0,5.89,9,0,3,#FFD700,86.9,-1.9,87.1,5,5,5,1,REDUP(첩어・동일)
화끈하게,hwakkeunhage,16,16384,2,2,1,32,1,hwak͈ɯnhake,4,2,4,8,5,5,2600.0,6.69,8,1800.0,4.91,9,0,3,#FFD700,86.9,-1.9,87.1,5,5,5,8,SUFFIX(어미변화)
화끈화끈하게,hwakkeunhwakkeunhage,16,16384,2,2,1,33,1,hwak͈ɯnhwak͈ɯnhake,4,4,4,8,5,5,2600.0,6.69,8,3200.0,5.89,9,0,3,#FFD700,86.9,-1.9,87.1,5,5,5,1,REDUP(첩어・동일)
화끈한,hwakkeunhan,16,16384,2,2,1,32,1,hwak͈ɯnhan,4,2,4,8,5,5,2600.0,6.69,8,1800.0,4.91,9,0,3,#FFD700,86.9,-1.9,87.1,5,5,5,8,SUFFIX(어미변화)
화끈화끈한,hwakkeunhwakkeunhan,16,16384,2,2,1,33,1,hwak͈ɯnhwak͈ɯnhan,4,4,4,8,5,5,2600.0,6.69,8,3200.0,5.89,9,0,3,#FFD700,86.9,-1.9,87.1,5,5,5,1,REDUP(첩어・동일)
화끈스럽게,hwakkeunseureopge,16,16384,2,2,1,32,1,hwak͈ɯnsɯrʌp̚ke,4,2,4,8,5,5,2600.0,6.69,8,1800.0,4.91,9,0,3,#FFD700,86.9,-1.9,87.1,5,5,5,8,SUFFIX(어미변화)
화끈화끈스럽게,hwakkeunhwakkeunseureopge,16,16384,2,2,1,33,1,hwak͈ɯnhwak͈ɯnsɯrʌp̚ke,4,4,4,8,5,5,2600.0,6.69,8,3200.0,5.89,9,0,3,#FFD700,86.9,-1.9,87.1,5,5,5,1,REDUP(첩어・동일)
화끈스러운,hwakkeunseureoun,16,16384,2,2,1,32,1,hwak͈ɯnsɯrʌun,4,2,4,8,5,5,2600.0,6.69,8,1800.0,4.91,9,0,3,#FFD700,86.9,-1.9,87.1,5,5,5,8,SUFFIX(어미변화)
화끈화끈스러운,hwakkeunhwakkeunseureoun,16,16384,2,2,1,33,1,hwak͈ɯnhwak͈ɯnsɯrʌun,4,4,4,8,5,5,2600.0,6.69,8,3200.0,5.89,9,0,3,#FFD700,86.9,-1.9,87.1,5,5,5,1,REDUP(첩어・동일)
화끈해서,hwakkeunhaeseo,16,16384,2,2,1,32,1,hwak͈ɯnhɛsʌ,4,2,4,8,5,5,2600.0,6.69,8,1800.0,4.91,9,0,3,#FFD700,86.9,-1.9,87.1,5,5,5,8,SUFFIX(어미변화)
화끈화끈해서,hwakkeunhwakkeunhaeseo,16,16384,2,2,1,33,1,hwak͈ɯnhwak͈ɯnhɛsʌ,4,4,4,8,5,5,2600.0,6.69,8,3200.0,5.89,9,0,3,#FFD700,86.9,-1.9,87.1,5,5,5,1,REDUP(첩어・동일)
화끈하고,hwakkeunhago,16,16384,2,2,1,32,1,hwak͈ɯnhako,4,2,4,8,5,5,2600.0,6.69,8,1800.0,4.91,9,0,3,#FFD700,86.9,-1.9,87.1,5,5,5,8,SUFFIX(어미변화)
화끈화끈하고,hwakkeunhwakkeunhago,16,16384,2,2,1,33,1,hwak͈ɯnhwak͈ɯnhako,4,4,4,8,5,5,2600.0,6.69,8,3200.0,5.89,9,0,3,#FFD700,86.9,-1.9,87.1,5,5,5,1,REDUP(첩어・동일)
따끔,ttakkeum,16,16384,2,4,1,8,1,t͈ak͈ɯm,4,8,6,6,5,5,2600.0,6.69,9,800.0,3.53,9,0,3,#FFD700,86.9,-1.9,87.1,5,5,0,0,SINGLE(단발)
따끔따끔,ttakkeumttakkeum,16,16384,2,4,1,1,1,t͈ak͈ɯmt͈ak͈ɯm,4,7,6,6,5,5,2600.0,6.69,8,3200.0,5.89,9,0,3,#FFD700,86.9,-1.9,87.1,5,5,5,1,REDUP(첩어・동일)
따끔따끔따끔,ttakkeumttakkeumttakkeum,16,16384,2,4,1,1,1,t͈ak͈ɯmt͈ak͈ɯmt͈ak͈ɯm,4,7,6,6,5,5,2600.0,6.69,8,3200.0,5.89,9,0,3,#FFD700,86.9,-1.9,87.1,5,5,5,1,REDUP(첩어・동일)
따끔거리다,ttakkeumgeorida,16,16384,2,4,1,32,1,t͈ak͈ɯmkʌrita,4,2,4,6,5,5,2600.0,6.69,8,1800.0,4.91,9,0,3,#FFD700,86.9,-1.9,87.1,5,5,5,8,STEM+GEORIDA
따끔따끔거리다,ttakkeumttakkeumgeorida,16,16384,2,4,1,33,1,t͈ak͈ɯmt͈ak͈ɯmkʌrita,4,4,4,6,5,5,2600.0,6.69,8,3200.0,5.89,9,0,3,#FFD700,86.9,-1.9,87.1,5,5,5,1,STEM+GEORIDA
따끔대다,ttakkeumdaeda,16,16384,2,4,1,32,1,t͈ak͈ɯmtɛta,4,2,4,6,5,5,2600.0,6.69,8,1800.0,4.91,9,0,3,#FFD700,86.9,-1.9,87.1,5,5,5,8,STEM+DAEDA
따끔따끔대다,ttakkeumttakkeumdaeda,16,16384,2,4,1,33,1,t͈ak͈ɯmt͈ak͈ɯmtɛta,4,4,4,6,5,5,2600.0,6.69,8,3200.0,5.89,9,0,3,#FFD700,86.9,-1.9,87.1,5,5,5,1,STEM+DAEDA
따끔이다,ttakkeumida,16,16384,2,4,1,32,1,t͈ak͈ɯmita,4,2,4,6,5,5,2600.0,6.69,8,1800.0,4.91,9,0,3,#FFD700,86.9,-1.9,87.1,5,5,5,8,STEM+IDA
따끔따끔이다,ttakkeumttakkeumida,16,16384,2,4,1,33,1,t͈ak͈ɯmt͈ak͈ɯmita,4,4,4,6,5,5,2600.0,6.69,8,3200.0,5.89,9,0,3,#FFD700,86.9,-1.9,87.1,5,5,5,1,STEM+IDA
따끔하다,ttakkeumhada,16,16384,2,4,1,32,1,t͈ak͈ɯmhata,4,2,4,8,5,5,2600.0,6.69,8,1800.0,4.91,9,0,3,#FFD700,86.9,-1.9,87.1,5,5,5,8,STEM+HADA
따끔따끔하다,ttakkeumttakkeumhada,16,16384,2,4,1,33,1,t͈ak͈ɯmt͈ak͈ɯmhata,4,4,4,8,5,5,2600.0,6.69,8,3200.0,5.89,9,0,3,#FFD700,86.9,-1.9,87.1,5,5,5,1,STEM+HADA
따끔스럽다,ttakkeumseureopda,16,16384,2,4,1,32,1,t͈ak͈ɯmsɯrʌp̚ta,4,2,4,8,5,5,2600.0,6.69,8,1800.0,4.91,9,0,3,#FFD700,86.9,-1.9,87.1,5,5,5,8,SUFFIX(어미변화)
따끔따끔스럽다,ttakkeumttakkeumseureopda,16,16384,2,4,1,33,1,t͈ak͈ɯmt͈ak͈ɯmsɯrʌp̚ta,4,4,4,8,5,5,2600.0,6.69,8,3200.0,5.89,9,0,3,#FFD700,86.9,-1.9,87.1,5,5,5,1,REDUP(첩어・동일)
따끔맞다,ttakkeummajda,16,16384,2,4,1,32,1,t͈ak͈ɯmmat̚ta,4,2,4,6,5,5,2600.0,6.69,8,1800.0,4.91,9,0,3,#FFD700,86.9,-1.9,87.1,5,5,5,8,SUFFIX(어미변화)
따끔따끔맞다,ttakkeumttakkeummajda,16,16384,2,4,1,33,1,t͈ak͈ɯmt͈ak͈ɯmmat̚ta,4,4,4,6,5,5,2600.0,6.69,8,3200.0,5.89,9,0,3,#FFD700,86.9,-1.9,87.1,5,5,5,1,REDUP(첩어・동일)
따끔거리며,ttakkeumgeorimyeo,16,16384,2,4,1,32,1,t͈ak͈ɯmkʌrimjʌ,4,2,4,6,5,5,2600.0,6.69,8,1800.0,4.91,9,0,3,#FFD700,86.9,-1.9,87.1,5,5,5,8,SUFFIX(어미변화)
따끔따끔거리며,ttakkeumttakkeumgeorimyeo,16,16384,2,4,1,33,1,t͈ak͈ɯmt͈ak͈ɯmkʌrimjʌ,4,4,4,6,5,5,2600.0,6.69,8,3200.0,5.89,9,0,3,#FFD700,86.9,-1.9,87.1,5,5,5,1,REDUP(첩어・동일)
따끔대며,ttakkeumdaemyeo,16,16384,2,4,1,32,1,t͈ak͈ɯmtɛmjʌ,4,2,4,6,5,5,2600.0,6.69,8,1800.0,4.91,9,0,3,#FFD700,86.9,-1.9,87.1,5,5,5,8,SUFFIX(어미변화)
따끔따끔대며,ttakkeumttakkeumdaemyeo,16,16384,2,4,1,33,1,t͈ak͈ɯmt͈ak͈ɯmtɛmjʌ,4,4,4,6,5,5,2600.0,6.69,8,3200.0,5.89,9,0,3,#FFD700,86.9,-1.9,87.1,5,5,5,1,REDUP(첩어・동일)
따끔하게,ttakkeumhage,16,16384,2,4,1,32,1,t͈ak͈ɯmhake,4,2,4,8,5,5,2600.0,6.69,8,1800.0,4.91,9,0,3,#FFD700,86.9,-1.9,87.1,5,5,5,8,SUFFIX(어미변화)
따끔따끔하게,ttakkeumttakkeumhage,16,16384,2,4,1,33,1,t͈ak͈ɯmt͈ak͈ɯmhake,4,4,4,8,5,5,2600.0,6.69,8,3200.0,5.89,9,0,3,#FFD700,86.9,-1.9,87.1,5,5,5,1,REDUP(첩어・동일)
따끔한,ttakkeumhan,16,16384,2,4,1,32,1,t͈ak͈ɯmhan,4,2,4,8,5,5,2600.0,6.69,8,1800.0,4.91,9,0,3,#FFD700,86.9,-1.9,87.1,5,5,5,8,SUFFIX(어미변화)
따끔따끔한,ttakkeumttakkeumhan,16,16384,2,4,1,33,1,t͈ak͈ɯmt͈ak͈ɯmhan,4,4,4,8,5,5,2600.0,6.69,8,3200.0,5.89,9,0,3,#FFD700,86.9,-1.9,87.1,5,5,5,1,REDUP(첩어・동일)
따끔스럽게,ttakkeumseureopge,16,16384,2,4,1,32,1,t͈ak͈ɯmsɯrʌp̚ke,4,2,4,8,5,5,2600.0,6.69,8,1800.0,4.91,9,0,3,#FFD700,86.9,-1.9,87.1,5,5,5,8,SUFFIX(어미변화)
따끔따끔스럽게,ttakkeumttakkeumseureopge,16,16384,2,4,1,33,1,t͈ak͈ɯmt͈ak͈ɯmsɯrʌp̚ke,4,4,4,8,5,5,2600.0,6.69,8,3200.0,5.89,9,0,3,#FFD700,86.9,-1.9,87.1,5,5,5,1,REDUP(첩어・동일)
따끔스러운,ttakkeumseureoun,16,16384,2,4,1,32,1,t͈ak͈ɯmsɯrʌun,4,2,4,8,5,5,2600.0,6.69,8,1800.0,4.91,9,0,3,#FFD700,86.9,-1.9,87.1,5,5,5,8,SUFFIX(어미변화)
따끔따끔스러운,ttakkeumttakkeumseureoun,16,16384,2,4,1,33,1,t͈ak͈ɯmt͈ak͈ɯmsɯrʌun,4,4,4,8,5,5,2600.0,6.69,8,3200.0,5.89,9,0,3,#FFD700,86.9,-1.9,87.1,5,5,5,1,REDUP(첩어・동일)
따끔해서,ttakkeumhaeseo,16,16384,2,4,1,32,1,t͈ak͈ɯmhɛsʌ,4,2,4,8,5,5,2600.0,6.69,8,1800.0,4.91,9,0,3,#FFD700,86.9,-1.9,87.1,5,5,5,8,SUFFIX(어미변화)
따끔따끔해서,ttakkeumttakkeumhaeseo,16,16384,2,4,1,33,1,t͈ak͈ɯmt͈ak͈ɯmhɛsʌ,4,4,4,8,5,5,2600.0,6.69,8,3200.0,5.89,9,0,3,#FFD700,86.9,-1.9,87.1,5,5,5,1,REDUP(첩어・동일)
따끔하고,ttakkeumhago,16,16384,2,4,1,32,1,t͈ak͈ɯmhako,4,2,4,8,5,5,2600.0,6.69,8,1800.0,4.91,9,0,3,#FFD700,86.9,-1.9,87.1,5,5,5,8,SUFFIX(어미변화)
따끔따끔하고,ttakkeumttakkeumhago,16,16384,2,4,1,33,1,t͈ak͈ɯmt͈ak͈ɯmhako,4,4,4,8,5,5,2600.0,6.69,8,3200.0,5.89,9,0,3,#FFD700,86.9,-1.9,87.1,5,5,5,1,REDUP(첩어・동일)
얼얼,eoleol,16,16384,2,1,2,8,1,ʌlʌl,5,8,5,5,2,5,450.0,3.09,3,800.0,3.53,7,0,2,#2F4F4F,31.3,-11.7,-3.7,5,5,0,0,SINGLE(단발)
얼얼얼얼,eoleoleoleol,16,16384,2,1,2,1,1,ʌlʌlʌlʌl,5,7,5,5,2,5,450.0,3.09,2,3200.0,5.89,7,0,2,#2F4F4F,31.3,-11.7,-3.7,5,5,5,1,REDUP(첩어・동일)
얼얼얼얼얼얼,eoleoleoleoleoleol,16,16384,2,1,2,1,1,ʌlʌlʌlʌlʌlʌl,5,7,5,5,2,5,450.0,3.09,2,3200.0,5.89,7,0,2,#2F4F4F,31.3,-11.7,-3.7,5,5,5,1,REDUP(첩어・동일)
얼얼거리다,eoleolgeorida,16,16384,2,1,2,32,1,ʌlʌlkʌrita,5,2,3,5,2,5,450.0,3.09,2,1800.0,4.91,7,0,2,#2F4F4F,31.3,-11.7,-3.7,5,5,5,8,STEM+GEORIDA
얼얼얼얼거리다,eoleoleoleolgeorida,16,16384,2,1,2,33,1,ʌlʌlʌlʌlkʌrita,5,4,3,5,2,5,450.0,3.09,2,3200.0,5.89,7,0,2,#2F4F4F,31.3,-11.7,-3.7,5,5,5,1,STEM+GEORIDA
얼얼대다,eoleoldaeda,16,16384,2,1,2,32,1,ʌlʌltɛta,5,2,3,5,2,5,450.0,3.09,2,1800.0,4.91,7,0,2,#2F4F4F,31.3,-11.7,-3.7,5,5,5,8,STEM+DAEDA
얼얼얼얼대다,eoleoleoleoldaeda,16,16384,2,1,2,33,1,ʌlʌlʌlʌltɛta,5,4,3,5,2,5,450.0,3.09,2,3200.0,5.89,7,0,2,#2F4F4F,31.3,-11.7,-3.7,5,5,5,1,STEM+DAEDA
얼얼이다,eoleolida,16,16384,2,1,2,32,1,ʌlʌlita,5,2,3,5,2,5,450.0,3.09,2,1800.0,4.91,7,0,2,#2F4F4F,31.3,-11.7,-3.7,5,5,5,8,STEM+IDA
얼얼얼얼이다,eoleoleoleolida,16,16384,2,1,2,33,1,ʌlʌlʌlʌlita,5,4,3,5,2,5,450.0,3.09,2,3200.0,5.89,7,0,2,#2F4F4F,31.3,-11.7,-3.7,5,5,5,1,STEM+IDA
얼얼하다,eoleolhada,16,16384,2,1,2,32,1,ʌlʌlhata,5,2,3,7,2,5,450.0,3.09,2,1800.0,4.91,7,0,2,#2F4F4F,31.3,-11.7,-3.7,5,5,5,8,STEM+HADA
얼얼얼얼하다,eoleoleoleolhada,16,16384,2,1,2,33,1,ʌlʌlʌlʌlhata,5,4,3,7,2,5,450.0,3.09,2,3200.0,5.89,7,0,2,#2F4F4F,31.3,-11.7,-3.7,5,5,5,1,STEM+HADA
얼얼스럽다,eoleolseureopda,16,16384,2,1,2,32,1,ʌlʌlsɯrʌp̚ta,5,2,3,7,5,5,450.0,3.09,2,1800.0,4.91,7,0,3,#2F4F4F,31.3,-11.7,-3.7,5,5,5,8,SUFFIX(어미변화)
얼얼얼얼스럽다,eoleoleoleolseureopda,16,16384,2,1,2,33,1,ʌlʌlʌlʌlsɯrʌp̚ta,5,4,3,7,5,5,450.0,3.09,2,3200.0,5.89,7,0,3,#2F4F4F,31.3,-11.7,-3.7,5,5,5,1,REDUP(첩어・동일)
얼얼맞다,eoleolmajda,16,16384,2,1,2,32,1,ʌlʌlmat̚ta,5,2,3,5,2,5,450.0,3.09,2,1800.0,4.91,7,0,2,#2F4F4F,31.3,-11.7,-3.7,5,5,5,8,SUFFIX(어미변화)
얼얼얼얼맞다,eoleoleoleolmajda,16,16384,2,1,2,33,1,ʌlʌlʌlʌlmat̚ta,5,4,3,5,2,5,450.0,3.09,2,3200.0,5.89,7,0,2,#2F4F4F,31.3,-11.7,-3.7,5,5,5,1,REDUP(첩어・동일)
얼얼거리며,eoleolgeorimyeo,16,16384,2,1,2,32,1,ʌlʌlkʌrimjʌ,5,2,3,5,2,5,450.0,3.09,2,1800.0,4.91,7,0,2,#2F4F4F,31.3,-11.7,-3.7,5,5,5,8,SUFFIX(어미변화)
얼얼얼얼거리며,eoleoleoleolgeorimyeo,16,16384,2,1,2,33,1,ʌlʌlʌlʌlkʌrimjʌ,5,4,3,5,2,5,450.0,3.09,2,3200.0,5.89,7,0,2,#2F4F4F,31.3,-11.7,-3.7,5,5,5,1,REDUP(첩어・동일)
얼얼대며,eoleoldaemyeo,16,16384,2,1,2,32,1,ʌlʌltɛmjʌ,5,2,3,5,2,5,450.0,3.09,2,1800.0,4.91,7,0,2,#2F4F4F,31.3,-11.7,-3.7,5,5,5,8,SUFFIX(어미변화)
얼얼얼얼대며,eoleoleoleoldaemyeo,16,16384,2,1,2,33,1,ʌlʌlʌlʌltɛmjʌ,5,4,3,5,2,5,450.0,3.09,2,3200.0,5.89,7,0,2,#2F4F4F,31.3,-11.7,-3.7,5,5,5,1,REDUP(첩어・동일)
얼얼하게,eoleolhage,16,16384,2,1,2,32,1,ʌlʌlhake,5,2,3,7,2,5,450.0,3.09,2,1800.0,4.91,7,0,2,#2F4F4F,31.3,-11.7,-3.7,5,5,5,8,SUFFIX(어미변화)
얼얼얼얼하게,eoleoleoleolhage,16,16384,2,1,2,33,1,ʌlʌlʌlʌlhake,5,4,3,7,2,5,450.0,3.09,2,3200.0,5.89,7,0,2,#2F4F4F,31.3,-11.7,-3.7,5,5,5,1,REDUP(첩어・동일)
얼얼한,eoleolhan,16,16384,2,1,2,32,1,ʌlʌlhan,5,2,3,7,2,5,450.0,3.09,2,1800.0,4.91,7,0,2,#2F4F4F,31.3,-11.7,-3.7,5,5,5,8,SUFFIX(어미변화)
얼얼얼얼한,eoleoleoleolhan,16,16384,2,1,2,33,1,ʌlʌlʌlʌlhan,5,4,3,7,2,5,450.0,3.09,2,3200.0,5.89,7,0,2,#2F4F4F,31.3,-11.7,-3.7,5,5,5,1,REDUP(첩어・동일)
얼얼스럽게,eoleolseureopge,16,16384,2,1,2,32,1,ʌlʌlsɯrʌp̚ke,5,2,3,7,5,5,450.0,3.09,2,1800.0,4.91,7,0,3,#2F4F4F,31.3,-11.7,-3.7,5,5,5,8,SUFFIX(어미변화)
얼얼얼얼스럽게,eoleoleoleolseureopge,16,16384,2,1,2,33,1,ʌlʌlʌlʌlsɯrʌp̚ke,5,4,3,7,5,5,450.0,3.09,2,3200.0,5.89,7,0,3,#2F4F4F,31.3,-11.7,-3.7,5,5,5,1,REDUP(첩어・동일)
얼얼스러운,eoleolseureoun,16,16384,2,1,2,32,1,ʌlʌlsɯrʌun,5,2,3,7,2,5,450.0,3.09,2,1800.0,4.91,7,0,2,#2F4F4F,31.3,-11.7,-3.7,5,5,5,8,SUFFIX(어미변화)
얼얼얼얼스러운,eoleoleoleolseureoun,16,16384,2,1,2,33,1,ʌlʌlʌlʌlsɯrʌun,5,4,3,7,2,5,450.0,3.09,2,3200.0,5.89,7,0,2,#2F4F4F,31.3,-11.7,-3.7,5,5,5,1,REDUP(첩어・동일)
얼얼해서,eoleolhaeseo,16,16384,2,1,2,32,1,ʌlʌlhɛsʌ,5,2,3,7,2,5,450.0,3.09,2,1800.0,4.91,7,0,2,#2F4F4F,31.3,-11.7,-3.7,5,5,5,8,SUFFIX(어미변화)
얼얼얼얼해서,eoleoleoleolhaeseo,16,16384,2,1,2,33,1,ʌlʌlʌlʌlhɛsʌ,5,4,3,7,2,5,450.0,3.09,2,3200.0,5.89,7,0,2,#2F4F4F,31.3,-11.7,-3.7,5,5,5,1,REDUP(첩어・동일)
얼얼하고,eoleolhago,16,16384,2,1,2,32,1,ʌlʌlhako,5,2,3,7,2,5,450.0,3.09,2,1800.0,4.91,7,0,2,#2F4F4F,31.3,-11.7,-3.7,5,5,5,8,SUFFIX(어미변화)
얼얼얼얼하고,eoleoleoleolhago,16,16384,2,1,2,33,1,ʌlʌlʌlʌlhako,5,4,3,7,2,5,450.0,3.09,2,3200.0,5.89,7,0,2,#2F4F4F,31.3,-11.7,-3.7,5,5,5,1,REDUP(첩어・동일)
질척,jilcheog,4,1,2,1,2,8,1,tɕiltɕʰʌk̚,7,8,6,7,5,8,1250.0,5.19,3,800.0,3.53,9,0,3,#2F4F4F,31.3,-11.7,-3.7,5,5,0,0,SINGLE(단발)
질척질척,jilcheogjilcheog,4,1,2,1,2,1,1,tɕiltɕʰʌk̚tɕiltɕʰʌk̚,7,7,6,7,5,8,1250.0,5.19,2,3200.0,5.89,9,0,3,#2F4F4F,31.3,-11.7,-3.7,5,5,5,1,REDUP(첩어・동일)
질척질척질척,jilcheogjilcheogjilcheog,4,1,2,1,2,1,1,tɕiltɕʰʌk̚tɕiltɕʰʌk̚tɕiltɕʰʌk̚,7,7,6,7,5,8,1250.0,5.19,2,3200.0,5.89,9,0,3,#2F4F4F,31.3,-11.7,-3.7,5,5,5,1,REDUP(첩어・동일)
질척거리다,jilcheoggeorida,4,1,2,1,2,32,1,tɕiltɕʰʌk̚kʌrita,7,2,4,7,5,8,1250.0,5.19,2,1800.0,4.91,9,0,3,#2F4F4F,31.3,-11.7,-3.7,5,5,5,8,STEM+GEORIDA
질척질척거리다,jilcheogjilcheoggeorida,4,1,2,1,2,33,1,tɕiltɕʰʌk̚tɕiltɕʰʌk̚kʌrita,7,4,4,7,5,8,1250.0,5.19,2,3200.0,5.89,9,0,3,#2F4F4F,31.3,-11.7,-3.7,5,5,5,1,STEM+GEORIDA
질척대다,jilcheogdaeda,4,1,2,1,2,32,1,tɕiltɕʰʌk̚tɛta,7,2,4,7,5,8,1250.0,5.19,2,1800.0,4.91,9,0,3,#2F4F4F,31.3,-11.7,-3.7,5,5,5,8,STEM+DAEDA
질척질척대다,jilcheogjilcheogdaeda,4,1,2,1,2,33,1,tɕiltɕʰʌk̚tɕiltɕʰʌk̚tɛta,7,4,4,7,5,8,1250.0,5.19,2,3200.0,5.89,9,0,3,#2F4F4F,31.3,-11.7,-3.7,5,5,5,1,STEM+DAEDA
질척이다,jilcheogida,4,1,2,1,2,32,1,tɕiltɕʰʌk̚ita,7,2,4,7,5,8,1250.0,5.19,2,1800.0,4.91,9,0,3,#2F4F4F,31.3,-11.7,-3.7,5,5,5,8,STEM+IDA
질척질척이다,jilcheogjilcheogida,4,1,2,1,2,33,1,tɕiltɕʰʌk̚tɕiltɕʰʌk̚ita,7,4,4,7,5,8,1250.0,5.19,2,3200.0,5.89,9,0,3,#2F4F4F,31.3,-11.7,-3.7,5,5,5,1,STEM+IDA
질척하다,jilcheoghada,4,1,2,1,2,32,1,tɕiltɕʰʌk̚hata,7,2,4,7,5,8,1250.0,5.19,2,1800.0,4.91,9,0,3,#2F4F4F,31.3,-11.7,-3.7,5,5,5,8,STEM+HADA
질척질척하다,jilcheogjilcheoghada,4,1,2,1,2,33,1,tɕiltɕʰʌk̚tɕiltɕʰʌk̚hata,7,4,4,7,5,8,1250.0,5.19,2,3200.0,5.89,9,0,3,#2F4F4F,31.3,-11.7,-3.7,5,5,5,1,STEM+HADA
질척스럽다,jilcheogseureopda,4,1,2,1,2,32,1,tɕiltɕʰʌk̚sɯrʌp̚ta,7,2,4,7,5,8,1250.0,5.19,2,1800.0,4.91,9,0,3,#2F4F4F,31.3,-11.7,-3.7,5,5,5,8,SUFFIX(어미변화)
질척질척스럽다,jilcheogjilcheogseureopda,4,1,2,1,2,33,1,tɕiltɕʰʌk̚tɕiltɕʰʌk̚sɯrʌp̚ta,7,4,4,7,5,8,1250.0,5.19,2,3200.0,5.89,9,0,3,#2F4F4F,31.3,-11.7,-3.7,5,5,5,1,REDUP(첩어・동일)
질척맞다,jilcheogmajda,4,1,2,1,2,32,1,tɕiltɕʰʌk̚mat̚ta,7,2,4,7,5,8,1250.0,5.19,2,1800.0,4.91,9,0,3,#2F4F4F,31.3,-11.7,-3.7,5,5,5,8,SUFFIX(어미변화)
질척질척맞다,jilcheogjilcheogmajda,4,1,2,1,2,33,1,tɕiltɕʰʌk̚tɕiltɕʰʌk̚mat̚ta,7,4,4,7,5,8,1250.0,5.19,2,3200.0,5.89,9,0,3,#2F4F4F,31.3,-11.7,-3.7,5,5,5,1,REDUP(첩어・동일)
질척거리며,jilcheoggeorimyeo,4,1,2,1,2,32,1,tɕiltɕʰʌk̚kʌrimjʌ,7,2,4,7,5,8,1250.0,5.19,2,1800.0,4.91,9,0,3,#2F4F4F,31.3,-11.7,-3.7,5,5,5,8,SUFFIX(어미변화)
질척질척거리며,jilcheogjilcheoggeorimyeo,4,1,2,1,2,33,1,tɕiltɕʰʌk̚tɕiltɕʰʌk̚kʌrimjʌ,7,4,4,7,5,8,1250.0,5.19,2,3200.0,5.89,9,0,3,#2F4F4F,31.3,-11.7,-3.7,5,5,5,1,REDUP(첩어・동일)
질척대며,jilcheogdaemyeo,4,1,2,1,2,32,1,tɕiltɕʰʌk̚tɛmjʌ,7,2,4,7,5,8,1250.0,5.19,2,1800.0,4.91,9,0,3,#2F4F4F,31.3,-11.7,-3.7,5,5,5,8,SUFFIX(어미변화)
질척질척대며,jilcheogjilcheogdaemyeo,4,1,2,1,2,33,1,tɕiltɕʰʌk̚tɕiltɕʰʌk̚tɛmjʌ,7,4,4,7,5,8,1250.0,5.19,2,3200.0,5.89,9,0,3,#2F4F4F,31.3,-11.7,-3.7,5,5,5,1,REDUP(첩어・동일)
질척하게,jilcheoghage,4,1,2,1,2,32,1,tɕiltɕʰʌk̚hake,7,2,4,7,5,8,1250.0,5.19,2,1800.0,4.91,9,0,3,#2F4F4F,31.3,-11.7,-3.7,5,5,5,8,SUFFIX(어미변화)
질척질척하게,jilcheogjilcheoghage,4,1,2,1,2,33,1,tɕiltɕʰʌk̚tɕiltɕʰʌk̚hake,7,4,4,7,5,8,1250.0,5.19,2,3200.0,5.89,9,0,3,#2F4F4F,31.3,-11.7,-3.7,5,5,5,1,REDUP(첩어・동일)
질척한,jilcheoghan,4,1,2,1,2,32,1,tɕiltɕʰʌk̚han,7,2,4,7,5,8,1250.0,5.19,2,1800.0,4.91,9,0,3,#2F4F4F,31.3,-11.7,-3.7,5,5,5,8,SUFFIX(어미변화)
질척질척한,jilcheogjilcheoghan,4,1,2,1,2,33,1,tɕiltɕʰʌk̚tɕiltɕʰʌk̚han,7,4,4,7,5,8,1250.0,5.19,2,3200.0,5.89,9,0,3,#2F4F4F,31.3,-11.7,-3.7,5,5,5,1,REDUP(첩어・동일)
질척스럽게,jilcheogseureopge,4,1,2,1,2,32,1,tɕiltɕʰʌk̚sɯrʌp̚ke,7,2,4,7,5,8,1250.0,5.19,2,1800.0,4.91,9,0,3,#2F4F4F,31.3,-11.7,-3.7,5,5,5,8,SUFFIX(어미변화)
질척질척스럽게,jilcheogjilcheogseureopge,4,1,2,1,2,33,1,tɕiltɕʰʌk̚tɕiltɕʰʌk̚sɯrʌp̚ke,7,4,4,7,5,8,1250.0,5.19,2,3200.0,5.89,9,0,3,#2F4F4F,31.3,-11.7,-3.7,5,5,5,1,REDUP(첩어・동일)
질척스러운,jilcheogseureoun,4,1,2,1,2,32,1,tɕiltɕʰʌk̚sɯrʌun,7,2,4,7,5,8,1250.0,5.19,2,1800.0,4.91,9,0,3,#2F4F4F,31.3,-11.7,-3.7,5,5,5,8,SUFFIX(어미변화)
질척질척스러운,jilcheogjilcheogseureoun,4,1,2,1,2,33,1,tɕiltɕʰʌk̚tɕiltɕʰʌk̚sɯrʌun,7,4,4,7,5,8,1250.0,5.19,2,3200.0,5.89,9,0,3,#2F4F4F,31.3,-11.7,-3.7,5,5,5,1,REDUP(첩어・동일)
질척해서,jilcheoghaeseo,4,1,2,1,2,32,1,tɕiltɕʰʌk̚hɛsʌ,7,2,4,7,5,8,1250.0,5.19,2,1800.0,4.91,9,0,3,#2F4F4F,31.3,-11.7,-3.7,5,5,5,8,SUFFIX(어미변화)
질척질척해서,jilcheogjilcheoghaeseo,4,1,2,1,2,33,1,tɕiltɕʰʌk̚tɕiltɕʰʌk̚hɛsʌ,7,4,4,7,5,8,1250.0,5.19,2,3200.0,5.89,9,0,3,#2F4F4F,31.3,-11.7,-3.7,5,5,5,1,REDUP(첩어・동일)
질척하고,jilcheoghago,4,1,2,1,2,32,1,tɕiltɕʰʌk̚hako,7,2,4,7,5,8,1250.0,5.19,2,1800.0,4.91,9,0,3,#2F4F4F,31.3,-11.7,-3.7,5,5,5,8,SUFFIX(어미변화)
질척질척하고,jilcheogjilcheoghago,4,1,2,1,2,33,1,tɕiltɕʰʌk̚tɕiltɕʰʌk̚hako,7,4,4,7,5,8,1250.0,5.19,2,3200.0,5.89,9,0,3,#2F4F4F,31.3,-11.7,-3.7,5,5,5,1,REDUP(첩어・동일)
촉촉,chogchog,4,1,1,2,1,8,1,tɕʰok̚tɕʰok̚,3,8,6,7,5,5,2900.0,6.92,9,800.0,3.53,5,0,3,#FFD700,86.9,-1.9,87.1,5,5,0,0,SINGLE(단발)
촉촉촉촉,chogchogchogchog,4,1,1,2,1,1,1,tɕʰok̚tɕʰok̚tɕʰok̚tɕʰok̚,3,7,6,7,5,5,2900.0,6.92,8,3200.0,5.89,5,0,3,#FFD700,86.9,-1.9,87.1,5,5,5,1,REDUP(첩어・동일)
촉촉촉촉촉촉,chogchogchogchogchogchog,4,1,1,2,1,1,1,tɕʰok̚tɕʰok̚tɕʰok̚tɕʰok̚tɕʰok̚tɕʰok̚,3,7,6,7,5,5,2900.0,6.92,8,3200.0,5.89,5,0,3,#FFD700,86.9,-1.9,87.1,5,5,5,1,REDUP(첩어・동일)
촉촉거리다,chogchoggeorida,4,1,1,2,1,32,1,tɕʰok̚tɕʰok̚kʌrita,3,2,4,7,5,5,2900.0,6.92,8,1800.0,4.91,5,0,3,#FFD700,86.9,-1.9,87.1,5,5,5,8,STEM+GEORIDA
촉촉촉촉거리다,chogchogchogchoggeorida,4,1,1,2,1,33,1,tɕʰok̚tɕʰok̚tɕʰok̚tɕʰok̚kʌrita,3,4,4,7,5,5,2900.0,6.92,8,3200.0,5.89,5,0,3,#FFD700,86.9,-1.9,87.1,5,5,5,1,STEM+GEORIDA
촉촉대다,chogchogdaeda,4,1,1,2,1,32,1,tɕʰok̚tɕʰok̚tɛta,3,2,4,7,5,5,2900.0,6.92,8,1800.0,4.91,5,0,3,#FFD700,86.9,-1.9,87.1,5,5,5,8,STEM+DAEDA
촉촉촉촉대다,chogchogchogchogdaeda,4,1,1,2,1,33,1,tɕʰok̚tɕʰok̚tɕʰok̚tɕʰok̚tɛta,3,4,4,7,5,5,2900.0,6.92,8,3200.0,5.89,5,0,3,#FFD700,86.9,-1.9,87.1,5,5,5,1,STEM+DAEDA
촉촉이다,chogchogida,4,1,1,2,1,32,1,tɕʰok̚tɕʰok̚ita,3,2,4,7,5,5,2900.0,6.92,8,1800.0,4.91,5,0,3,#FFD700,86.9,-1.9,87.1,5,5,5,8,STEM+IDA
촉촉촉촉이다,chogchogchogchogida,4,1,1,2,1,33,1,tɕʰok̚tɕʰok̚tɕʰok̚tɕʰok̚ita,3,4,4,7,5,5,2900.0,6.92,8,3200.0,5.89,5,0,3,#FFD700,86.9,-1.9,87.1,5,5,5,1,STEM+IDA
촉촉하다,chogchoghada,4,1,1,2,1,32,1,tɕʰok̚tɕʰok̚hata,3,2,4,7,5,5,2900.0,6.92,8,1800.0,4.91,5,0,3,#FFD700,86.9,-1.9,87.1,5,5,5,8,STEM+HADA
촉촉촉촉하다,chogchogchogchoghada,4,1,1,2,1,33,1,tɕʰok̚tɕʰok̚tɕʰok̚tɕʰok̚hata,3,4,4,7,5,5,2900.0,6.92,8,3200.0,5.89,5,0,3,#FFD700,86.9,-1.9,87.1,5,5,5,1,STEM+HADA
촉촉스럽다,chogchogseureopda,4,1,1,2,1,32,1,tɕʰok̚tɕʰok̚sɯrʌp̚ta,3,2,4,7,5,5,2900.0,6.92,8,1800.0,4.91,5,0,3,#FFD700,86.9,-1.9,87.1,5,5,5,8,SUFFIX(어미변화)
촉촉촉촉스럽다,chogchogchogchogseureopda,4,1,1,2,1,33,1,tɕʰok̚tɕʰok̚tɕʰok̚tɕʰok̚sɯrʌp̚ta,3,4,4,7,5,5,2900.0,6.92,8,3200.0,5.89,5,0,3,#FFD700,86.9,-1.9,87.1,5,5,5,1,REDUP(첩어・동일)
촉촉맞다,chogchogmajda,4,1,1,2,1,32,1,tɕʰok̚tɕʰok̚mat̚ta,3,2,4,7,5,5,2900.0,6.92,8,1800.0,4.91,5,0,3,#FFD700,86.9,-1.9,87.1,5,5,5,8,SUFFIX(어미변화)
촉촉촉촉맞다,chogchogchogchogmajda,4,1,1,2,1,33,1,tɕʰok̚tɕʰok̚tɕʰok̚tɕʰok̚mat̚ta,3,4,4,7,5,5,2900.0,6.92,8,3200.0,5.89,5,0,3,#FFD700,86.9,-1.9,87.1,5,5,5,1,REDUP(첩어・동일)
촉촉거리며,chogchoggeorimyeo,4,1,1,2,1,32,1,tɕʰok̚tɕʰok̚kʌrimjʌ,3,2,4,7,5,5,2900.0,6.92,8,1800.0,4.91,5,0,3,#FFD700,86.9,-1.9,87.1,5,5,5,8,SUFFIX(어미변화)
촉촉촉촉거리며,chogchogchogchoggeorimyeo,4,1,1,2,1,33,1,tɕʰok̚tɕʰok̚tɕʰok̚tɕʰok̚kʌrimjʌ,3,4,4,7,5,5,2900.0,6.92,8,3200.0,5.89,5,0,3,#FFD700,86.9,-1.9,87.1,5,5,5,1,REDUP(첩어・동일)
촉촉대며,chogchogdaemyeo,4,1,1,2,1,32,1,tɕʰok̚tɕʰok̚tɛmjʌ,3,2,4,7,5,5,2900.0,6.92,8,1800.0,4.91,5,0,3,#FFD700,86.9,-1.9,87.1,5,5,5,8,SUFFIX(어미변화)
촉촉촉촉대며,chogchogchogchogdaemyeo,4,1,1,2,1,33,1,tɕʰok̚tɕʰok̚tɕʰok̚tɕʰok̚tɛmjʌ,3,4,4,7,5,5,2900.0,6.92,8,3200.0,5.89,5,0,3,#FFD700,86.9,-1.9,87.1,5,5,5,1,REDUP(첩어・동일)
촉촉하게,chogchoghage,4,1,1,2,1,32,1,tɕʰok̚tɕʰok̚hake,3,2,4,7,5,5,2900.0,6.92,8,1800.0,4.91,5,0,3,#FFD700,86.9,-1.9,87.1,5,5,5,8,SUFFIX(어미변화)
촉촉촉촉하게,chogchogchogchoghage,4,1,1,2,1,33,1,tɕʰok̚tɕʰok̚tɕʰok̚tɕʰok̚hake,3,4,4,7,5,5,2900.0,6.92,8,3200.0,5.89,5,0,3,#FFD700,86.9,-1.9,87.1,5,5,5,1,REDUP(첩어・동일)
촉촉한,chogchoghan,4,1,1,2,1,32,1,tɕʰok̚tɕʰok̚han,3,2,4,7,5,5,2900.0,6.92,8,1800.0,4.91,5,0,3,#FFD700,86.9,-1.9,87.1,5,5,5,8,SUFFIX(어미변화)
촉촉촉촉한,chogchogchogchoghan,4,1,1,2,1,33,1,tɕʰok̚tɕʰok̚tɕʰok̚tɕʰok̚han,3,4,4,7,5,5,2900.0,6.92,8,3200.0,5.89,5,0,3,#FFD700,86.9,-1.9,87.1,5,5,5,1,REDUP(첩어・동일)
촉촉스럽게,chogchogseureopge,4,1,1,2,1,32,1,tɕʰok̚tɕʰok̚sɯrʌp̚ke,3,2,4,7,5,5,2900.0,6.92,8,1800.0,4.91,5,0,3,#FFD700,86.9,-1.9,87.1,5,5,5,8,SUFFIX(어미변화)
촉촉촉촉스럽게,chogchogchogchogseureopge,4,1,1,2,1,33,1,tɕʰok̚tɕʰok̚tɕʰok̚tɕʰok̚sɯrʌp̚ke,3,4,4,7,5,5,2900.0,6.92,8,3200.0,5.89,5,0,3,#FFD700,86.9,-1.9,87.1,5,5,5,1,REDUP(첩어・동일)
촉촉스러운,chogchogseureoun,4,1,1,2,1,32,1,tɕʰok̚tɕʰok̚sɯrʌun,3,2,4,7,5,5,2900.0,6.92,8,1800.0,4.91,5,0,3,#FFD700,86.9,-1.9,87.1,5,5,5,8,SUFFIX(어미변화)
촉촉촉촉스러운,chogchogchogchogseureoun,4,1,1,2,1,33,1,tɕʰok̚tɕʰok̚tɕʰok̚tɕʰok̚sɯrʌun,3,4,4,7,5,5,2900.0,6.92,8,3200.0,5.89,5,0,3,#FFD700,86.9,-1.9,87.1,5,5,5,1,REDUP(첩어・동일)
촉촉해서,chogchoghaeseo,4,1,1,2,1,32,1,tɕʰok̚tɕʰok̚hɛsʌ,3,2,4,7,5,5,2900.0,6.92,8,1800.0,4.91,5,0,3,#FFD700,86.9,-1.9,87.1,5,5,5,8,SUFFIX(어미변화)
촉촉촉촉해서,chogchogchogchoghaeseo,4,1,1,2,1,33,1,tɕʰok̚tɕʰok̚tɕʰok̚tɕʰok̚hɛsʌ,3,4,4,7,5,5,2900.0,6.92,8,3200.0,5.89,5,0,3,#FFD700,86.9,-1.9,87.1,5,5,5,1,REDUP(첩어・동일)
촉촉하고,chogchoghago,4,1,1,2,1,32,1,tɕʰok̚tɕʰok̚hako,3,2,4,7,5,5,2900.0,6.92,8,1800.0,4.91,5,0,3,#FFD700,86.9,-1.9,87.1,5,5,5,8,SUFFIX(어미변화)
촉촉촉촉하고,chogchogchogchoghago,4,1,1,2,1,33,1,tɕʰok̚tɕʰok̚tɕʰok̚tɕʰok̚hako,3,4,4,7,5,5,2900.0,6.92,8,3200.0,5.89,5,0,3,#FFD700,86.9,-1.9,87.1,5,5,5,1,REDUP(첩어・동일)
축축,chugchug,4,1,2,2,2,8,1,tɕʰuk̚tɕʰuk̚,7,8,6,7,7,8,1250.0,5.19,3,800.0,3.53,9,0,4,#2F4F4F,31.3,-11.7,-3.7,5,5,0,0,SINGLE(단발)
축축축축,chugchugchugchug,4,1,2,2,2,1,1,tɕʰuk̚tɕʰuk̚tɕʰuk̚tɕʰuk̚,7,7,6,7,7,8,1250.0,5.19,2,3200.0,5.89,9,0,4,#2F4F4F,31.3,-11.7,-3.7,5,5,5,1,REDUP(첩어・동일)
축축축축축축,chugchugchugchugchugchug,4,1,2,2,2,1,1,tɕʰuk̚tɕʰuk̚tɕʰuk̚tɕʰuk̚tɕʰuk̚tɕʰuk̚,7,7,6,7,7,8,1250.0,5.19,2,3200.0,5.89,9,0,4,#2F4F4F,31.3,-11.7,-3.7,5,5,5,1,REDUP(첩어・동일)
축축거리다,chugchuggeorida,4,1,2,2,2,32,1,tɕʰuk̚tɕʰuk̚kʌrita,7,2,4,7,7,8,1250.0,5.19,2,1800.0,4.91,9,0,4,#2F4F4F,31.3,-11.7,-3.7,5,5,5,8,STEM+GEORIDA
축축축축거리다,chugchugchugchuggeorida,4,1,2,2,2,33,1,tɕʰuk̚tɕʰuk̚tɕʰuk̚tɕʰuk̚kʌrita,7,4,4,7,7,8,1250.0,5.19,2,3200.0,5.89,9,0,4,#2F4F4F,31.3,-11.7,-3.7,5,5,5,1,STEM+GEORIDA
축축대다,chugchugdaeda,4,1,2,2,2,32,1,tɕʰuk̚tɕʰuk̚tɛta,7,2,4,7,7,8,1250.0,5.19,2,1800.0,4.91,9,0,4,#2F4F4F,31.3,-11.7,-3.7,5,5,5,8,STEM+DAEDA
축축축축대다,chugchugchugchugdaeda,4,1,2,2,2,33,1,tɕʰuk̚tɕʰuk̚tɕʰuk̚tɕʰuk̚tɛta,7,4,4,7,7,8,1250.0,5.19,2,3200.0,5.89,9,0,4,#2F4F4F,31.3,-11.7,-3.7,5,5,5,1,STEM+DAEDA
축축이다,chugchugida,4,1,2,2,2,32,1,tɕʰuk̚tɕʰuk̚ita,7,2,4,7,7,8,1250.0,5.19,2,1800.0,4.91,9,0,4,#2F4F4F,31.3,-11.7,-3.7,5,5,5,8,STEM+IDA
축축축축이다,chugchugchugchugida,4,1,2,2,2,33,1,tɕʰuk̚tɕʰuk̚tɕʰuk̚tɕʰuk̚ita,7,4,4,7,7,8,1250.0,5.19,2,3200.0,5.89,9,0,4,#2F4F4F,31.3,-11.7,-3.7,5,5,5,1,STEM+IDA
축축하다,chugchughada,4,1,2,2,2,32,1,tɕʰuk̚tɕʰuk̚hata,7,2,4,7,7,8,1250.0,5.19,2,1800.0,4.91,9,0,4,#2F4F4F,31.3,-11.7,-3.7,5,5,5,8,STEM+HADA
축축축축하다,chugchugchugchughada,4,1,2,2,2,33,1,tɕʰuk̚tɕʰuk̚tɕʰuk̚tɕʰuk̚hata,7,4,4,7,7,8,1250.0,5.19,2,3200.0,5.89,9,0,4,#2F4F4F,31.3,-11.7,-3.7,5,5,5,1,STEM+HADA
축축스럽다,chugchugseureopda,4,1,2,2,2,32,1,tɕʰuk̚tɕʰuk̚sɯrʌp̚ta,7,2,4,7,7,8,1250.0,5.19,2,1800.0,4.91,9,0,4,#2F4F4F,31.3,-11.7,-3.7,5,5,5,8,SUFFIX(어미변화)
축축축축스럽다,chugchugchugchugseureopda,4,1,2,2,2,33,1,tɕʰuk̚tɕʰuk̚tɕʰuk̚tɕʰuk̚sɯrʌp̚ta,7,4,4,7,7,8,1250.0,5.19,2,3200.0,5.89,9,0,4,#2F4F4F,31.3,-11.7,-3.7,5,5,5,1,REDUP(첩어・동일)
축축맞다,chugchugmajda,4,1,2,2,2,32,1,tɕʰuk̚tɕʰuk̚mat̚ta,7,2,4,7,7,8,1250.0,5.19,2,1800.0,4.91,9,0,4,#2F4F4F,31.3,-11.7,-3.7,5,5,5,8,SUFFIX(어미변화)
축축축축맞다,chugchugchugchugmajda,4,1,2,2,2,33,1,tɕʰuk̚tɕʰuk̚tɕʰuk̚tɕʰuk̚mat̚ta,7,4,4,7,7,8,1250.0,5.19,2,3200.0,5.89,9,0,4,#2F4F4F,31.3,-11.7,-3.7,5,5,5,1,REDUP(첩어・동일)
축축거리며,chugchuggeorimyeo,4,1,2,2,2,32,1,tɕʰuk̚tɕʰuk̚kʌrimjʌ,7,2,4,7,7,8,1250.0,5.19,2,1800.0,4.91,9,0,4,#2F4F4F,31.3,-11.7,-3.7,5,5,5,8,SUFFIX(어미변화)
축축축축거리며,chugchugchugchuggeorimyeo,4,1,2,2,2,33,1,tɕʰuk̚tɕʰuk̚tɕʰuk̚tɕʰuk̚kʌrimjʌ,7,4,4,7,7,8,1250.0,5.19,2,3200.0,5.89,9,0,4,#2F4F4F,31.3,-11.7,-3.7,5,5,5,1,REDUP(첩어・동일)
축축대며,chugchugdaemyeo,4,1,2,2,2,32,1,tɕʰuk̚tɕʰuk̚tɛmjʌ,7,2,4,7,7,8,1250.0,5.19,2,1800.0,4.91,9,0,4,#2F4F4F,31.3,-11.7,-3.7,5,5,5,8,SUFFIX(어미변화)
축축축축대며,chugchugchugchugdaemyeo,4,1,2,2,2,33,1,tɕʰuk̚tɕʰuk̚tɕʰuk̚tɕʰuk̚tɛmjʌ,7,4,4,7,7,8,1250.0,5.19,2,3200.0,5.89,9,0,4,#2F4F4F,31.3,-11.7,-3.7,5,5,5,1,REDUP(첩어・동일)
축축하게,chugchughage,4,1,2,2,2,32,1,tɕʰuk̚tɕʰuk̚hake,7,2,4,7,7,8,1250.0,5.19,2,1800.0,4.91,9,0,4,#2F4F4F,31.3,-11.7,-3.7,5,5,5,8,SUFFIX(어미변화)
축축축축하게,chugchugchugchughage,4,1,2,2,2,33,1,tɕʰuk̚tɕʰuk̚tɕʰuk̚tɕʰuk̚hake,7,4,4,7,7,8,1250.0,5.19,2,3200.0,5.89,9,0,4,#2F4F4F,31.3,-11.7,-3.7,5,5,5,1,REDUP(첩어・동일)
축축한,chugchughan,4,1,2,2,2,32,1,tɕʰuk̚tɕʰuk̚han,7,2,4,7,5,8,1250.0,5.19,2,1800.0,4.91,9,0,3,#2F4F4F,31.3,-11.7,-3.7,5,5,5,8,SUFFIX(어미변화)
축축축축한,chugchugchugchughan,4,1,2,2,2,33,1,tɕʰuk̚tɕʰuk̚tɕʰuk̚tɕʰuk̚han,7,4,4,7,5,8,1250.0,5.19,2,3200.0,5.89,9,0,3,#2F4F4F,31.3,-11.7,-3.7,5,5,5,1,REDUP(첩어・동일)
축축스럽게,chugchugseureopge,4,1,2,2,2,32,1,tɕʰuk̚tɕʰuk̚sɯrʌp̚ke,7,2,4,7,7,8,1250.0,5.19,2,1800.0,4.91,9,0,4,#2F4F4F,31.3,-11.7,-3.7,5,5,5,8,SUFFIX(어미변화)
축축축축스럽게,chugchugchugchugseureopge,4,1,2,2,2,33,1,tɕʰuk̚tɕʰuk̚tɕʰuk̚tɕʰuk̚sɯrʌp̚ke,7,4,4,7,7,8,1250.0,5.19,2,3200.0,5.89,9,0,4,#2F4F4F,31.3,-11.7,-3.7,5,5,5,1,REDUP(첩어・동일)
축축스러운,chugchugseureoun,4,1,2,2,2,32,1,tɕʰuk̚tɕʰuk̚sɯrʌun,7,2,4,7,5,8,1250.0,5.19,2,1800.0,4.91,9,0,3,#2F4F4F,31.3,-11.7,-3.7,5,5,5,8,SUFFIX(어미변화)
축축축축스러운,chugchugchugchugseureoun,4,1,2,2,2,33,1,tɕʰuk̚tɕʰuk̚tɕʰuk̚tɕʰuk̚sɯrʌun,7,4,4,7,5,8,1250.0,5.19,2,3200.0,5.89,9,0,3,#2F4F4F,31.3,-11.7,-3.7,5,5,5,1,REDUP(첩어・동일)
축축해서,chugchughaeseo,4,1,2,2,2,32,1,tɕʰuk̚tɕʰuk̚hɛsʌ,7,2,4,7,7,8,1250.0,5.19,2,1800.0,4.91,9,0,4,#2F4F4F,31.3,-11.7,-3.7,5,5,5,8,SUFFIX(어미변화)
축축축축해서,chugchugchugchughaeseo,4,1,2,2,2,33,1,tɕʰuk̚tɕʰuk̚tɕʰuk̚tɕʰuk̚hɛsʌ,7,4,4,7,7,8,1250.0,5.19,2,3200.0,5.89,9,0,4,#2F4F4F,31.3,-11.7,-3.7,5,5,5,1,REDUP(첩어・동일)
축축하고,chugchughago,4,1,2,2,2,32,1,tɕʰuk̚tɕʰuk̚hako,7,2,4,7,7,8,1250.0,5.19,2,1800.0,4.91,9,0,4,#2F4F4F,31.3,-11.7,-3.7,5,5,5,8,SUFFIX(어미변화)
축축축축하고,chugchugchugchughago,4,1,2,2,2,33,1,tɕʰuk̚tɕʰuk̚tɕʰuk̚tɕʰuk̚hako,7,4,4,7,7,8,1250.0,5.19,2,3200.0,5.89,9,0,4,#2F4F4F,31.3,-11.7,-3.7,5,5,5,1,REDUP(첩어・동일)
보송,bosong,4,1,1,1,1,8,1,posoŋ,1,8,5,7,2,2,2100.0,6.25,9,800.0,3.53,3,0,2,#FFD700,86.9,-1.9,87.1,5,5,0,0,SINGLE(단발)
보송보송,bosongbosong,4,1,1,1,1,1,1,posoŋposoŋ,1,7,5,7,2,2,2100.0,6.25,8,3200.0,5.89,3,0,2,#FFD700,86.9,-1.9,87.1,5,5,5,1,REDUP(첩어・동일)
보송보송보송,bosongbosongbosong,4,1,1,1,1,1,1,posoŋposoŋposoŋ,1,7,5,7,2,2,2100.0,6.25,8,3200.0,5.89,3,0,2,#FFD700,86.9,-1.9,87.1,5,5,5,1,REDUP(첩어・동일)
보송거리다,bosonggeorida,4,1,1,1,1,32,1,posoŋkʌrita,1,2,3,7,2,2,2100.0,6.25,8,1800.0,4.91,3,0,2,#FFD700,86.9,-1.9,87.1,5,5,5,8,STEM+GEORIDA
보송보송거리다,bosongbosonggeorida,4,1,1,1,1,33,1,posoŋposoŋkʌrita,1,4,3,7,2,2,2100.0,6.25,8,3200.0,5.89,3,0,2,#FFD700,86.9,-1.9,87.1,5,5,5,1,STEM+GEORIDA
보송대다,bosongdaeda,4,1,1,1,1,32,1,posoŋtɛta,1,2,3,7,2,2,2100.0,6.25,8,1800.0,4.91,3,0,2,#FFD700,86.9,-1.9,87.1,5,5,5,8,STEM+DAEDA
보송보송대다,bosongbosongdaeda,4,1,1,1,1,33,1,posoŋposoŋtɛta,1,4,3,7,2,2,2100.0,6.25,8,3200.0,5.89,3,0,2,#FFD700,86.9,-1.9,87.1,5,5,5,1,STEM+DAEDA
보송이다,bosongida,4,1,1,1,1,32,1,posoŋita,1,2,3,7,2,2,2100.0,6.25,8,1800.0,4.91,3,0,2,#FFD700,86.9,-1.9,87.1,5,5,5,8,STEM+IDA
보송보송이다,bosongbosongida,4,1,1,1,1,33,1,posoŋposoŋita,1,4,3,7,2,2,2100.0,6.25,8,3200.0,5.89,3,0,2,#FFD700,86.9,-1.9,87.1,5,5,5,1,STEM+IDA
보송하다,bosonghada,4,1,1,1,1,32,1,posoŋhata,1,2,3,7,2,2,2100.0,6.25,8,1800.0,4.91,3,0,2,#FFD700,86.9,-1.9,87.1,5,5,5,8,STEM+HADA
보송보송하다,bosongbosonghada,4,1,1,1,1,33,1,posoŋposoŋhata,1,4,3,7,2,2,2100.0,6.25,8,3200.0,5.89,3,0,2,#FFD700,86.9,-1.9,87.1,5,5,5,1,STEM+HADA
보송스럽다,bosongseureopda,4,1,1,1,1,32,1,posoŋsɯrʌp̚ta,1,2,3,7,5,2,2100.0,6.25,8,1800.0,4.91,3,0,3,#FFD700,86.9,-1.9,87.1,5,5,5,8,SUFFIX(어미변화)
보송보송스럽다,bosongbosongseureopda,4,1,1,1,1,33,1,posoŋposoŋsɯrʌp̚ta,1,4,3,7,5,2,2100.0,6.25,8,3200.0,5.89,3,0,3,#FFD700,86.9,-1.9,87.1,5,5,5,1,REDUP(첩어・동일)
보송맞다,bosongmajda,4,1,1,1,1,32,1,posoŋmat̚ta,1,2,3,7,2,2,2100.0,6.25,8,1800.0,4.91,3,0,2,#FFD700,86.9,-1.9,87.1,5,5,5,8,SUFFIX(어미변화)
보송보송맞다,bosongbosongmajda,4,1,1,1,1,33,1,posoŋposoŋmat̚ta,1,4,3,7,2,2,2100.0,6.25,8,3200.0,5.89,3,0,2,#FFD700,86.9,-1.9,87.1,5,5,5,1,REDUP(첩어・동일)
보송거리며,bosonggeorimyeo,4,1,1,1,1,32,1,posoŋkʌrimjʌ,1,2,3,7,2,2,2100.0,6.25,8,1800.0,4.91,3,0,2,#FFD700,86.9,-1.9,87.1,5,5,5,8,SUFFIX(어미변화)
보송보송거리며,bosongbosonggeorimyeo,4,1,1,1,1,33,1,posoŋposoŋkʌrimjʌ,1,4,3,7,2,2,2100.0,6.25,8,3200.0,5.89,3,0,2,#FFD700,86.9,-1.9,87.1,5,5,5,1,REDUP(첩어・동일)
보송대며,bosongdaemyeo,4,1,1,1,1,32,1,posoŋtɛmjʌ,1,2,3,7,2,2,2100.0,6.25,8,1800.0,4.91,3,0,2,#FFD700,86.9,-1.9,87.1,5,5,5,8,SUFFIX(어미변화)
보송보송대며,bosongbosongdaemyeo,4,1,1,1,1,33,1,posoŋposoŋtɛmjʌ,1,4,3,7,2,2,2100.0,6.25,8,3200.0,5.89,3,0,2,#FFD700,86.9,-1.9,87.1,5,5,5,1,REDUP(첩어・동일)
보송하게,bosonghage,4,1,1,1,1,32,1,posoŋhake,1,2,3,7,2,2,2100.0,6.25,8,1800.0,4.91,3,0,2,#FFD700,86.9,-1.9,87.1,5,5,5,8,SUFFIX(어미변화)
보송보송하게,bosongbosonghage,4,1,1,1,1,33,1,posoŋposoŋhake,1,4,3,7,2,2,2100.0,6.25,8,3200.0,5.89,3,0,2,#FFD700,86.9,-1.9,87.1,5,5,5,1,REDUP(첩어・동일)
보송한,bosonghan,4,1,1,1,1,32,1,posoŋhan,1,2,3,7,2,2,2100.0,6.25,8,1800.0,4.91,3,0,2,#FFD700,86.9,-1.9,87.1,5,5,5,8,SUFFIX(어미변화)
보송보송한,bosongbosonghan,4,1,1,1,1,33,1,posoŋposoŋhan,1,4,3,7,2,2,2100.0,6.25,8,3200.0,5.89,3,0,2,#FFD700,86.9,-1.9,87.1,5,5,5,1,REDUP(첩어・동일)
보송스럽게,bosongseureopge,4,1,1,1,1,32,1,posoŋsɯrʌp̚ke,1,2,3,7,5,2,2100.0,6.25,8,1800.0,4.91,3,0,3,#FFD700,86.9,-1.9,87.1,5,5,5,8,SUFFIX(어미변화)
보송보송스럽게,bosongbosongseureopge,4,1,1,1,1,33,1,posoŋposoŋsɯrʌp̚ke,1,4,3,7,5,2,2100.0,6.25,8,3200.0,5.89,3,0,3,#FFD700,86.9,-1.9,87.1,5,5,5,1,REDUP(첩어・동일)
보송스러운,bosongseureoun,4,1,1,1,1,32,1,posoŋsɯrʌun,1,2,3,7,2,2,2100.0,6.25,8,1800.0,4.91,3,0,2,#FFD700,86.9,-1.9,87.1,5,5,5,8,SUFFIX(어미변화)
보송보송스러운,bosongbosongseureoun,4,1,1,1,1,33,1,posoŋposoŋsɯrʌun,1,4,3,7,2,2,2100.0,6.25,8,3200.0,5.89,3,0,2,#FFD700,86.9,-1.9,87.1,5,5,5,1,REDUP(첩어・동일)
보송해서,bosonghaeseo,4,1,1,1,1,32,1,posoŋhɛsʌ,1,2,3,7,2,2,2100.0,6.25,8,1800.0,4.91,3,0,2,#FFD700,86.9,-1.9,87.1,5,5,5,8,SUFFIX(어미변화)
보송보송해서,bosongbosonghaeseo,4,1,1,1,1,33,1,posoŋposoŋhɛsʌ,1,4,3,7,2,2,2100.0,6.25,8,3200.0,5.89,3,0,2,#FFD700,86.9,-1.9,87.1,5,5,5,1,REDUP(첩어・동일)
보송하고,bosonghago,4,1,1,1,1,32,1,posoŋhako,1,2,3,7,2,2,2100.0,6.25,8,1800.0,4.91,3,0,2,#FFD700,86.9,-1.9,87.1,5,5,5,8,SUFFIX(어미변화)
보송보송하고,bosongbosonghago,4,1,1,1,1,33,1,posoŋposoŋhako,1,4,3,7,2,2,2100.0,6.25,8,3200.0,5.89,3,0,2,#FFD700,86.9,-1.9,87.1,5,5,5,1,REDUP(첩어・동일)
매끈,maekkeun,4,1,1,1,1,8,1,mɛk͈ɯn,4,8,6,8,5,5,2600.0,6.69,9,800.0,3.53,5,0,3,#FFD700,86.9,-1.9,87.1,5,5,0,0,SINGLE(단발)
매끈매끈,maekkeunmaekkeun,4,1,1,1,1,1,1,mɛk͈ɯnmɛk͈ɯn,4,7,6,8,5,5,2600.0,6.69,8,3200.0,5.89,5,0,3,#FFD700,86.9,-1.9,87.1,5,5,5,1,REDUP(첩어・동일)
매끈매끈매끈,maekkeunmaekkeunmaekkeun,4,1,1,1,1,1,1,mɛk͈ɯnmɛk͈ɯnmɛk͈ɯn,4,7,6,8,5,5,2600.0,6.69,8,3200.0,5.89,5,0,3,#FFD700,86.9,-1.9,87.1,5,5,5,1,REDUP(첩어・동일)
매끈거리다,maekkeungeorida,4,1,1,1,1,32,1,mɛk͈ɯnkʌrita,4,2,4,8,5,5,2600.0,6.69,8,1800.0,4.91,5,0,3,#FFD700,86.9,-1.9,87.1,5,5,5,8,STEM+GEORIDA
매끈매끈거리다,maekkeunmaekkeungeorida,4,1,1,1,1,33,1,mɛk͈ɯnmɛk͈ɯnkʌrita,4,4,4,8,5,5,2600.0,6.69,8,3200.0,5.89,5,0,3,#FFD700,86.9,-1.9,87.1,5,5,5,1,STEM+GEORIDA
매끈대다,maekkeundaeda,4,1,1,1,1,32,1,mɛk͈ɯntɛta,4,2,4,8,5,5,2600.0,6.69,8,1800.0,4.91,5,0,3,#FFD700,86.9,-1.9,87.1,5,5,5,8,STEM+DAEDA
매끈매끈대다,maekkeunmaekkeundaeda,4,1,1,1,1,33,1,mɛk͈ɯnmɛk͈ɯntɛta,4,4,4,8,5,5,2600.0,6.69,8,3200.0,5.89,5,0,3,#FFD700,86.9,-1.9,87.1,5,5,5,1,STEM+DAEDA
매끈이다,maekkeunida,4,1,1,1,1,32,1,mɛk͈ɯnita,4,2,4,8,5,5,2600.0,6.69,8,1800.0,4.91,5,0,3,#FFD700,86.9,-1.9,87.1,5,5,5,8,STEM+IDA
매끈매끈이다,maekkeunmaekkeunida,4,1,1,1,1,33,1,mɛk͈ɯnmɛk͈ɯnita,4,4,4,8,5,5,2600.0,6.69,8,3200.0,5.89,5,0,3,#FFD700,86.9,-1.9,87.1,5,5,5,1,STEM+IDA
매끈하다,maekkeunhada,4,1,1,1,1,32,1,mɛk͈ɯnhata,4,2,4,8,5,5,2600.0,6.69,8,1800.0,4.91,5,0,3,#FFD700,86.9,-1.9,87.1,5,5,5,8,STEM+HADA
매끈매끈하다,maekkeunmaekkeunhada,4,1,1,1,1,33,1,mɛk͈ɯnmɛk͈ɯnhata,4,4,4,8,5,5,2600.0,6.69,8,3200.0,5.89,5,0,3,#FFD700,86.9,-1.9,87.1,5,5,5,1,STEM+HADA
매끈스럽다,maekkeunseureopda,4,1,1,1,1,32,1,mɛk͈ɯnsɯrʌp̚ta,4,2,4,8,5,5,2600.0,6.69,8,1800.0,4.91,5,0,3,#FFD700,86.9,-1.9,87.1,5,5,5,8,SUFFIX(어미변화)
매끈매끈스럽다,maekkeunmaekkeunseureopda,4,1,1,1,1,33,1,mɛk͈ɯnmɛk͈ɯnsɯrʌp̚ta,4,4,4,8,5,5,2600.0,6.69,8,3200.0,5.89,5,0,3,#FFD700,86.9,-1.9,87.1,5,5,5,1,REDUP(첩어・동일)
매끈맞다,maekkeunmajda,4,1,1,1,1,32,1,mɛk͈ɯnmat̚ta,4,2,4,8,5,5,2600.0,6.69,8,1800.0,4.91,5,0,3,#FFD700,86.9,-1.9,87.1,5,5,5,8,SUFFIX(어미변화)
매끈매끈맞다,maekkeunmaekkeunmajda,4,1,1,1,1,33,1,mɛk͈ɯnmɛk͈ɯnmat̚ta,4,4,4,8,5,5,2600.0,6.69,8,3200.0,5.89,5,0,3,#FFD700,86.9,-1.9,87.1,5,5,5,1,REDUP(첩어・동일)
매끈거리며,maekkeungeorimyeo,4,1,1,1,1,32,1,mɛk͈ɯnkʌrimjʌ,4,2,4,8,5,5,2600.0,6.69,8,1800.0,4.91,5,0,3,#FFD700,86.9,-1.9,87.1,5,5,5,8,SUFFIX(어미변화)
매끈매끈거리며,maekkeunmaekkeungeorimyeo,4,1,1,1,1,33,1,mɛk͈ɯnmɛk͈ɯnkʌrimjʌ,4,4,4,8,5,5,2600.0,6.69,8,3200.0,5.89,5,0,3,#FFD700,86.9,-1.9,87.1,5,5,5,1,REDUP(첩어・동일)
매끈대며,maekkeundaemyeo,4,1,1,1,1,32,1,mɛk͈ɯntɛmjʌ,4,2,4,8,5,5,2600.0,6.69,8,1800.0,4.91,5,0,3,#FFD700,86.9,-1.9,87.1,5,5,5,8,SUFFIX(어미변화)
매끈매끈대며,maekkeunmaekkeundaemyeo,4,1,1,1,1,33,1,mɛk͈ɯnmɛk͈ɯntɛmjʌ,4,4,4,8,5,5,2600.0,6.69,8,3200.0,5.89,5,0,3,#FFD700,86.9,-1.9,87.1,5,5,5,1,REDUP(첩어・동일)
매끈하게,maekkeunhage,4,1,1,1,1,32,1,mɛk͈ɯnhake,4,2,4,8,5,5,2600.0,6.69,8,1800.0,4.91,5,0,3,#FFD700,86.9,-1.9,87.1,5,5,5,8,SUFFIX(어미변화)
매끈매끈하게,maekkeunmaekkeunhage,4,1,1,1,1,33,1,mɛk͈ɯnmɛk͈ɯnhake,4,4,4,8,5,5,2600.0,6.69,8,3200.0,5.89,5,0,3,#FFD700,86.9,-1.9,87.1,5,5,5,1,REDUP(첩어・동일)
매끈한,maekkeunhan,4,1,1,1,1,32,1,mɛk͈ɯnhan,4,2,4,8,5,5,2600.0,6.69,8,1800.0,4.91,5,0,3,#FFD700,86.9,-1.9,87.1,5,5,5,8,SUFFIX(어미변화)
매끈매끈한,maekkeunmaekkeunhan,4,1,1,1,1,33,1,mɛk͈ɯnmɛk͈ɯnhan,4,4,4,8,5,5,2600.0,6.69,8,3200.0,5.89,5,0,3,#FFD700,86.9,-1.9,87.1,5,5,5,1,REDUP(첩어・동일)
매끈스럽게,maekkeunseureopge,4,1,1,1,1,32,1,mɛk͈ɯnsɯrʌp̚ke,4,2,4,8,5,5,2600.0,6.69,8,1800.0,4.91,5,0,3,#FFD700,86.9,-1.9,87.1,5,5,5,8,SUFFIX(어미변화)
매끈매끈스럽게,maekkeunmaekkeunseureopge,4,1,1,1,1,33,1,mɛk͈ɯnmɛk͈ɯnsɯrʌp̚ke,4,4,4,8,5,5,2600.0,6.69,8,3200.0,5.89,5,0,3,#FFD700,86.9,-1.9,87.1,5,5,5,1,REDUP(첩어・동일)
매끈스러운,maekkeunseureoun,4,1,1,1,1,32,1,mɛk͈ɯnsɯrʌun,4,2,4,8,5,5,2600.0,6.69,8,1800.0,4.91,5,0,3,#FFD700,86.9,-1.9,87.1,5,5,5,8,SUFFIX(어미변화)
매끈매끈스러운,maekkeunmaekkeunseureoun,4,1,1,1,1,33,1,mɛk͈ɯnmɛk͈ɯnsɯrʌun,4,4,4,8,5,5,2600.0,6.69,8,3200.0,5.89,5,0,3,#FFD700,86.9,-1.9,87.1,5,5,5,1,REDUP(첩어・동일)
매끈해서,maekkeunhaeseo,4,1,1,1,1,32,1,mɛk͈ɯnhɛsʌ,4,2,4,8,5,5,2600.0,6.69,8,1800.0,4.91,5,0,3,#FFD700,86.9,-1.9,87.1,5,5,5,8,SUFFIX(어미변화)
매끈매끈해서,maekkeunmaekkeunhaeseo,4,1,1,1,1,33,1,mɛk͈ɯnmɛk͈ɯnhɛsʌ,4,4,4,8,5,5,2600.0,6.69,8,3200.0,5.89,5,0,3,#FFD700,86.9,-1.9,87.1,5,5,5,1,REDUP(첩어・동일)
매끈하고,maekkeunhago,4,1,1,1,1,32,1,mɛk͈ɯnhako,4,2,4,8,5,5,2600.0,6.69,8,1800.0,4.91,5,0,3,#FFD700,86.9,-1.9,87.1,5,5,5,8,SUFFIX(어미변화)
매끈매끈하고,maekkeunmaekkeunhago,4,1,1,1,1,33,1,mɛk͈ɯnmɛk͈ɯnhako,4,4,4,8,5,5,2600.0,6.69,8,3200.0,5.89,5,0,3,#FFD700,86.9,-1.9,87.1,5,5,5,1,REDUP(첩어・동일)
미끈,mikkeun,4,1,0,1,2,8,1,mik͈ɯn,8,8,6,8,5,5,950.0,4.62,3,800.0,3.53,5,0,3,#2F4F4F,31.3,-11.7,-3.7,5,5,0,0,SINGLE(단발)
미끈미끈,mikkeunmikkeun,4,1,0,1,2,1,1,mik͈ɯnmik͈ɯn,8,7,6,8,5,5,950.0,4.62,2,3200.0,5.89,5,0,3,#2F4F4F,31.3,-11.7,-3.7,5,5,5,1,REDUP(첩어・동일)
미끈미끈미끈,mikkeunmikkeunmikkeun,4,1,0,1,2,1,1,mik͈ɯnmik͈ɯnmik͈ɯn,8,7,6,8,5,5,950.0,4.62,2,3200.0,5.89,5,0,3,#2F4F4F,31.3,-11.7,-3.7,5,5,5,1,REDUP(첩어・동일)
미끈거리다,mikkeungeorida,4,1,0,1,2,32,1,mik͈ɯnkʌrita,8,2,4,8,5,5,950.0,4.62,2,1800.0,4.91,5,0,3,#2F4F4F,31.3,-11.7,-3.7,5,5,5,8,STEM+GEORIDA
미끈미끈거리다,mikkeunmikkeungeorida,4,1,0,1,2,33,1,mik͈ɯnmik͈ɯnkʌrita,8,4,4,8,5,5,950.0,4.62,2,3200.0,5.89,5,0,3,#2F4F4F,31.3,-11.7,-3.7,5,5,5,1,STEM+GEORIDA
미끈대다,mikkeundaeda,4,1,0,1,2,32,1,mik͈ɯntɛta,8,2,4,8,5,5,950.0,4.62,2,1800.0,4.91,5,0,3,#2F4F4F,31.3,-11.7,-3.7,5,5,5,8,STEM+DAEDA
미끈미끈대다,mikkeunmikkeundaeda,4,1,0,1,2,33,1,mik͈ɯnmik͈ɯntɛta,8,4,4,8,5,5,950.0,4.62,2,3200.0,5.89,5,0,3,#2F4F4F,31.3,-11.7,-3.7,5,5,5,1,STEM+DAEDA
미끈이다,mikkeunida,4,1,0,1,2,32,1,mik͈ɯnita,8,2,4,8,5,5,950.0,4.62,2,1800.0,4.91,5,0,3,#2F4F4F,31.3,-11.7,-3.7,5,5,5,8,STEM+IDA
미끈미끈이다,mikkeunmikkeunida,4,1,0,1,2,33,1,mik͈ɯnmik͈ɯnita,8,4,4,8,5,5,950.0,4.62,2,3200.0,5.89,5,0,3,#2F4F4F,31.3,-11.7,-3.7,5,5,5,1,STEM+IDA
미끈하다,mikkeunhada,4,1,0,1,2,32,1,mik͈ɯnhata,8,2,4,8,5,5,950.0,4.62,2,1800.0,4.91,5,0,3,#2F4F4F,31.3,-11.7,-3.7,5,5,5,8,STEM+HADA
미끈미끈하다,mikkeunmikkeunhada,4,1,0,1,2,33,1,mik͈ɯnmik͈ɯnhata,8,4,4,8,5,5,950.0,4.62,2,3200.0,5.89,5,0,3,#2F4F4F,31.3,-11.7,-3.7,5,5,5,1,STEM+HADA
미끈스럽다,mikkeunseureopda,4,1,0,1,2,32,1,mik͈ɯnsɯrʌp̚ta,8,2,4,8,5,5,950.0,4.62,2,1800.0,4.91,5,0,3,#2F4F4F,31.3,-11.7,-3.7,5,5,5,8,SUFFIX(어미변화)
미끈미끈스럽다,mikkeunmikkeunseureopda,4,1,0,1,2,33,1,mik͈ɯnmik͈ɯnsɯrʌp̚ta,8,4,4,8,5,5,950.0,4.62,2,3200.0,5.89,5,0,3,#2F4F4F,31.3,-11.7,-3.7,5,5,5,1,REDUP(첩어・동일)
미끈맞다,mikkeunmajda,4,1,0,1,2,32,1,mik͈ɯnmat̚ta,8,2,4,8,5,5,950.0,4.62,2,1800.0,4.91,5,0,3,#2F4F4F,31.3,-11.7,-3.7,5,5,5,8,SUFFIX(어미변화)
미끈미끈맞다,mikkeunmikkeunmajda,4,1,0,1,2,33,1,mik͈ɯnmik͈ɯnmat̚ta,8,4,4,8,5,5,950.0,4.62,2,3200.0,5.89,5,0,3,#2F4F4F,31.3,-11.7,-3.7,5,5,5,1,REDUP(첩어・동일)
미끈거리며,mikkeungeorimyeo,4,1,0,1,2,32,1,mik͈ɯnkʌrimjʌ,8,2,4,8,5,5,950.0,4.62,2,1800.0,4.91,5,0,3,#2F4F4F,31.3,-11.7,-3.7,5,5,5,8,SUFFIX(어미변화)
미끈미끈거리며,mikkeunmikkeungeorimyeo,4,1,0,1,2,33,1,mik͈ɯnmik͈ɯnkʌrimjʌ,8,4,4,8,5,5,950.0,4.62,2,3200.0,5.89,5,0,3,#2F4F4F,31.3,-11.7,-3.7,5,5,5,1,REDUP(첩어・동일)
미끈대며,mikkeundaemyeo,4,1,0,1,2,32,1,mik͈ɯntɛmjʌ,8,2,4,8,5,5,950.0,4.62,2,1800.0,4.91,5,0,3,#2F4F4F,31.3,-11.7,-3.7,5,5,5,8,SUFFIX(어미변화)
미끈미끈대며,mikkeunmikkeundaemyeo,4,1,0,1,2,33,1,mik͈ɯnmik͈ɯntɛmjʌ,8,4,4,8,5,5,950.0,4.62,2,3200.0,5.89,5,0,3,#2F4F4F,31.3,-11.7,-3.7,5,5,5,1,REDUP(첩어・동일)
미끈하게,mikkeunhage,4,1,0,1,2,32,1,mik͈ɯnhake,8,2,4,8,5,5,950.0,4.62,2,1800.0,4.91,5,0,3,#2F4F4F,31.3,-11.7,-3.7,5,5,5,8,SUFFIX(어미변화)
미끈미끈하게,mikkeunmikkeunhage,4,1,0,1,2,33,1,mik͈ɯnmik͈ɯnhake,8,4,4,8,5,5,950.0,4.62,2,3200.0,5.89,5,0,3,#2F4F4F,31.3,-11.7,-3.7,5,5,5,1,REDUP(첩어・동일)
미끈한,mikkeunhan,4,1,0,1,2,32,1,mik͈ɯnhan,8,2,4,8,5,5,950.0,4.62,2,1800.0,4.91,5,0,3,#2F4F4F,31.3,-11.7,-3.7,5,5,5,8,SUFFIX(어미변화)
미끈미끈한,mikkeunmikkeunhan,4,1,0,1,2,33,1,mik͈ɯnmik͈ɯnhan,8,4,4,8,5,5,950.0,4.62,2,3200.0,5.89,5,0,3,#2F4F4F,31.3,-11.7,-3.7,5,5,5,1,REDUP(첩어・동일)
미끈스럽게,mikkeunseureopge,4,1,0,1,2,32,1,mik͈ɯnsɯrʌp̚ke,8,2,4,8,5,5,950.0,4.62,2,1800.0,4.91,5,0,3,#2F4F4F,31.3,-11.7,-3.7,5,5,5,8,SUFFIX(어미변화)
미끈미끈스럽게,mikkeunmikkeunseureopge,4,1,0,1,2,33,1,mik͈ɯnmik͈ɯnsɯrʌp̚ke,8,4,4,8,5,5,950.0,4.62,2,3200.0,5.89,5,0,3,#2F4F4F,31.3,-11.7,-3.7,5,5,5,1,REDUP(첩어・동일)
미끈스러운,mikkeunseureoun,4,1,0,1,2,32,1,mik͈ɯnsɯrʌun,8,2,4,8,5,5,950.0,4.62,2,1800.0,4.91,5,0,3,#2F4F4F,31.3,-11.7,-3.7,5,5,5,8,SUFFIX(어미변화)
미끈미끈스러운,mikkeunmikkeunseureoun,4,1,0,1,2,33,1,mik͈ɯnmik͈ɯnsɯrʌun,8,4,4,8,5,5,950.0,4.62,2,3200.0,5.89,5,0,3,#2F4F4F,31.3,-11.7,-3.7,5,5,5,1,REDUP(첩어・동일)
미끈해서,mikkeunhaeseo,4,1,0,1,2,32,1,mik͈ɯnhɛsʌ,8,2,4,8,5,5,950.0,4.62,2,1800.0,4.91,5,0,3,#2F4F4F,31.3,-11.7,-3.7,5,5,5,8,SUFFIX(어미변화)
미끈미끈해서,mikkeunmikkeunhaeseo,4,1,0,1,2,33,1,mik͈ɯnmik͈ɯnhɛsʌ,8,4,4,8,5,5,950.0,4.62,2,3200.0,5.89,5,0,3,#2F4F4F,31.3,-11.7,-3.7,5,5,5,1,REDUP(첩어・동일)
미끈하고,mikkeunhago,4,1,0,1,2,32,1,mik͈ɯnhako,8,2,4,8,5,5,950.0,4.62,2,1800.0,4.91,5,0,3,#2F4F4F,31.3,-11.7,-3.7,5,5,5,8,SUFFIX(어미변화)
미끈미끈하고,mikkeunmikkeunhago,4,1,0,1,2,33,1,mik͈ɯnmik͈ɯnhako,8,4,4,8,5,5,950.0,4.62,2,3200.0,5.89,5,0,3,#2F4F4F,31.3,-11.7,-3.7,5,5,5,1,REDUP(첩어・동일)
끈적,kkeunjeog,4,1,2,4,1,8,1,k͈ɯntɕʌk̚,4,8,6,8,5,5,2600.0,6.69,9,800.0,3.53,9,0,3,#FFD700,86.9,-1.9,87.1,5,5,0,0,SINGLE(단발)
끈적끈적,kkeunjeogkkeunjeog,4,1,2,4,1,1,1,k͈ɯntɕʌk̚k͈ɯntɕʌk̚,4,7,6,8,5,5,2600.0,6.69,8,3200.0,5.89,9,0,3,#FFD700,86.9,-1.9,87.1,5,5,5,1,REDUP(첩어・동일)
끈적끈적끈적,kkeunjeogkkeunjeogkkeunjeog,4,1,2,4,1,1,1,k͈ɯntɕʌk̚k͈ɯntɕʌk̚k͈ɯntɕʌk̚,4,7,6,8,5,5,2600.0,6.69,8,3200.0,5.89,9,0,3,#FFD700,86.9,-1.9,87.1,5,5,5,1,REDUP(첩어・동일)
끈적거리다,kkeunjeoggeorida,4,1,2,4,1,32,1,k͈ɯntɕʌk̚kʌrita,4,2,4,8,5,5,2600.0,6.69,8,1800.0,4.91,9,0,3,#FFD700,86.9,-1.9,87.1,5,5,5,8,STEM+GEORIDA
끈적끈적거리다,kkeunjeogkkeunjeoggeorida,4,1,2,4,1,33,1,k͈ɯntɕʌk̚k͈ɯntɕʌk̚kʌrita,4,4,4,8,5,5,2600.0,6.69,8,3200.0,5.89,9,0,3,#FFD700,86.9,-1.9,87.1,5,5,5,1,STEM+GEORIDA
끈적대다,kkeunjeogdaeda,4,1,2,4,1,32,1,k͈ɯntɕʌk̚tɛta,4,2,4,8,5,5,2600.0,6.69,8,1800.0,4.91,9,0,3,#FFD700,86.9,-1.9,87.1,5,5,5,8,STEM+DAEDA
끈적끈적대다,kkeunjeogkkeunjeogdaeda,4,1,2,4,1,33,1,k͈ɯntɕʌk̚k͈ɯntɕʌk̚tɛta,4,4,4,8,5,5,2600.0,6.69,8,3200.0,5.89,9,0,3,#FFD700,86.9,-1.9,87.1,5,5,5,1,STEM+DAEDA
끈적이다,kkeunjeogida,4,1,2,4,1,32,1,k͈ɯntɕʌk̚ita,4,2,4,8,5,5,2600.0,6.69,8,1800.0,4.91,9,0,3,#FFD700,86.9,-1.9,87.1,5,5,5,8,STEM+IDA
끈적끈적이다,kkeunjeogkkeunjeogida,4,1,2,4,1,33,1,k͈ɯntɕʌk̚k͈ɯntɕʌk̚ita,4,4,4,8,5,5,2600.0,6.69,8,3200.0,5.89,9,0,3,#FFD700,86.9,-1.9,87.1,5,5,5,1,STEM+IDA
끈적하다,kkeunjeoghada,4,1,2,4,1,32,1,k͈ɯntɕʌk̚hata,4,2,4,8,5,5,2600.0,6.69,8,1800.0,4.91,9,0,3,#FFD700,86.9,-1.9,87.1,5,5,5,8,STEM+HADA
끈적끈적하다,kkeunjeogkkeunjeoghada,4,1,2,4,1,33,1,k͈ɯntɕʌk̚k͈ɯntɕʌk̚hata,4,4,4,8,5,5,2600.0,6.69,8,3200.0,5.89,9,0,3,#FFD700,86.9,-1.9,87.1,5,5,5,1,STEM+HADA
끈적스럽다,kkeunjeogseureopda,4,1,2,4,1,32,1,k͈ɯntɕʌk̚sɯrʌp̚ta,4,2,4,8,5,5,2600.0,6.69,8,1800.0,4.91,9,0,3,#FFD700,86.9,-1.9,87.1,5,5,5,8,SUFFIX(어미변화)
끈적끈적스럽다,kkeunjeogkkeunjeogseureopda,4,1,2,4,1,33,1,k͈ɯntɕʌk̚k͈ɯntɕʌk̚sɯrʌp̚ta,4,4,4,8,5,5,2600.0,6.69,8,3200.0,5.89,9,0,3,#FFD700,86.9,-1.9,87.1,5,5,5,1,REDUP(첩어・동일)
끈적맞다,kkeunjeogmajda,4,1,2,4,1,32,1,k͈ɯntɕʌk̚mat̚ta,4,2,4,8,5,5,2600.0,6.69,8,1800.0,4.91,9,0,3,#FFD700,86.9,-1.9,87.1,5,5,5,8,SUFFIX(어미변화)
끈적끈적맞다,kkeunjeogkkeunjeogmajda,4,1,2,4,1,33,1,k͈ɯntɕʌk̚k͈ɯntɕʌk̚mat̚ta,4,4,4,8,5,5,2600.0,6.69,8,3200.0,5.89,9,0,3,#FFD700,86.9,-1.9,87.1,5,5,5,1,REDUP(첩어・동일)
끈적거리며,kkeunjeoggeorimyeo,4,1,2,4,1,32,1,k͈ɯntɕʌk̚kʌrimjʌ,4,2,4,8,5,5,2600.0,6.69,8,1800.0,4.91,9,0,3,#FFD700,86.9,-1.9,87.1,5,5,5,8,SUFFIX(어미변화)
끈적끈적거리며,kkeunjeogkkeunjeoggeorimyeo,4,1,2,4,1,33,1,k͈ɯntɕʌk̚k͈ɯntɕʌk̚kʌrimjʌ,4,4,4,8,5,5,2600.0,6.69,8,3200.0,5.89,9,0,3,#FFD700,86.9,-1.9,87.1,5,5,5,1,REDUP(첩어・동일)
끈적대며,kkeunjeogdaemyeo,4,1,2,4,1,32,1,k͈ɯntɕʌk̚tɛmjʌ,4,2,4,8,5,5,2600.0,6.69,8,1800.0,4.91,9,0,3,#FFD700,86.9,-1.9,87.1,5,5,5,8,SUFFIX(어미변화)
끈적끈적대며,kkeunjeogkkeunjeogdaemyeo,4,1,2,4,1,33,1,k͈ɯntɕʌk̚k͈ɯntɕʌk̚tɛmjʌ,4,4,4,8,5,5,2600.0,6.69,8,3200.0,5.89,9,0,3,#FFD700,86.9,-1.9,87.1,5,5,5,1,REDUP(첩어・동일)
끈적하게,kkeunjeoghage,4,1,2,4,1,32,1,k͈ɯntɕʌk̚hake,4,2,4,8,5,5,2600.0,6.69,8,1800.0,4.91,9,0,3,#FFD700,86.9,-1.9,87.1,5,5,5,8,SUFFIX(어미변화)
끈적끈적하게,kkeunjeogkkeunjeoghage,4,1,2,4,1,33,1,k͈ɯntɕʌk̚k͈ɯntɕʌk̚hake,4,4,4,8,5,5,2600.0,6.69,8,3200.0,5.89,9,0,3,#FFD700,86.9,-1.9,87.1,5,5,5,1,REDUP(첩어・동일)
끈적한,kkeunjeoghan,4,1,2,4,1,32,1,k͈ɯntɕʌk̚han,4,2,4,8,5,5,2600.0,6.69,8,1800.0,4.91,9,0,3,#FFD700,86.9,-1.9,87.1,5,5,5,8,SUFFIX(어미변화)
끈적끈적한,kkeunjeogkkeunjeoghan,4,1,2,4,1,33,1,k͈ɯntɕʌk̚k͈ɯntɕʌk̚han,4,4,4,8,5,5,2600.0,6.69,8,3200.0,5.89,9,0,3,#FFD700,86.9,-1.9,87.1,5,5,5,1,REDUP(첩어・동일)
끈적스럽게,kkeunjeogseureopge,4,1,2,4,1,32,1,k͈ɯntɕʌk̚sɯrʌp̚ke,4,2,4,8,5,5,2600.0,6.69,8,1800.0,4.91,9,0,3,#FFD700,86.9,-1.9,87.1,5,5,5,8,SUFFIX(어미변화)
끈적끈적스럽게,kkeunjeogkkeunjeogseureopge,4,1,2,4,1,33,1,k͈ɯntɕʌk̚k͈ɯntɕʌk̚sɯrʌp̚ke,4,4,4,8,5,5,2600.0,6.69,8,3200.0,5.89,9,0,3,#FFD700,86.9,-1.9,87.1,5,5,5,1,REDUP(첩어・동일)
끈적스러운,kkeunjeogseureoun,4,1,2,4,1,32,1,k͈ɯntɕʌk̚sɯrʌun,4,2,4,8,5,5,2600.0,6.69,8,1800.0,4.91,9,0,3,#FFD700,86.9,-1.9,87.1,5,5,5,8,SUFFIX(어미변화)
끈적끈적스러운,kkeunjeogkkeunjeogseureoun,4,1,2,4,1,33,1,k͈ɯntɕʌk̚k͈ɯntɕʌk̚sɯrʌun,4,4,4,8,5,5,2600.0,6.69,8,3200.0,5.89,9,0,3,#FFD700,86.9,-1.9,87.1,5,5,5,1,REDUP(첩어・동일)
끈적해서,kkeunjeoghaeseo,4,1,2,4,1,32,1,k͈ɯntɕʌk̚hɛsʌ,4,2,4,8,5,5,2600.0,6.69,8,1800.0,4.91,9,0,3,#FFD700,86.9,-1.9,87.1,5,5,5,8,SUFFIX(어미변화)
끈적끈적해서,kkeunjeogkkeunjeoghaeseo,4,1,2,4,1,33,1,k͈ɯntɕʌk̚k͈ɯntɕʌk̚hɛsʌ,4,4,4,8,5,5,2600.0,6.69,8,3200.0,5.89,9,0,3,#FFD700,86.9,-1.9,87.1,5,5,5,1,REDUP(첩어・동일)
끈적하고,kkeunjeoghago,4,1,2,4,1,32,1,k͈ɯntɕʌk̚hako,4,2,4,8,5,5,2600.0,6.69,8,1800.0,4.91,9,0,3,#FFD700,86.9,-1.9,87.1,5,5,5,8,SUFFIX(어미변화)
끈적끈적하고,kkeunjeogkkeunjeoghago,4,1,2,4,1,33,1,k͈ɯntɕʌk̚k͈ɯntɕʌk̚hako,4,4,4,8,5,5,2600.0,6.69,8,3200.0,5.89,9,0,3,#FFD700,86.9,-1.9,87.1,5,5,5,1,REDUP(첩어・동일)
살금,salgeum,4,2,0,1,1,8,1,salkɯm,1,8,7,7,2,5,2100.0,6.25,9,800.0,3.53,3,0,2,#FFD700,86.9,-1.9,87.1,5,5,0,0,SINGLE(단발)
살금살금,salgeumsalgeum,4,2,0,1,1,1,1,salkɯmsalkɯm,1,7,7,7,2,5,2100.0,6.25,8,3200.0,5.89,3,0,2,#FFD700,86.9,-1.9,87.1,5,5,5,1,REDUP(첩어・동일)
살금살금살금,salgeumsalgeumsalgeum,4,2,0,1,1,1,1,salkɯmsalkɯmsalkɯm,1,7,7,7,2,5,2100.0,6.25,8,3200.0,5.89,3,0,2,#FFD700,86.9,-1.9,87.1,5,5,5,1,REDUP(첩어・동일)
살금거리다,salgeumgeorida,4,2,0,1,1,32,1,salkɯmkʌrita,1,2,5,7,2,5,2100.0,6.25,8,1800.0,4.91,3,0,2,#FFD700,86.9,-1.9,87.1,5,5,5,8,STEM+GEORIDA
살금살금거리다,salgeumsalgeumgeorida,4,2,0,1,1,33,1,salkɯmsalkɯmkʌrita,1,4,5,7,2,5,2100.0,6.25,8,3200.0,5.89,3,0,2,#FFD700,86.9,-1.9,87.1,5,5,5,1,STEM+GEORIDA
살금대다,salgeumdaeda,4,2,0,1,1,32,1,salkɯmtɛta,1,2,5,7,2,5,2100.0,6.25,8,1800.0,4.91,3,0,2,#FFD700,86.9,-1.9,87.1,5,5,5,8,STEM+DAEDA
살금살금대다,salgeumsalgeumdaeda,4,2,0,1,1,33,1,salkɯmsalkɯmtɛta,1,4,5,7,2,5,2100.0,6.25,8,3200.0,5.89,3,0,2,#FFD700,86.9,-1.9,87.1,5,5,5,1,STEM+DAEDA
살금이다,salgeumida,4,2,0,1,1,32,1,salkɯmita,1,2,5,7,2,5,2100.0,6.25,8,1800.0,4.91,3,0,2,#FFD700,86.9,-1.9,87.1,5,5,5,8,STEM+IDA
살금살금이다,salgeumsalgeumida,4,2,0,1,1,33,1,salkɯmsalkɯmita,1,4,5,7,2,5,2100.0,6.25,8,3200.0,5.89,3,0,2,#FFD700,86.9,-1.9,87.1,5,5,5,1,STEM+IDA
살금하다,salgeumhada,4,2,0,1,1,32,1,salkɯmhata,1,2,5,7,2,5,2100.0,6.25,8,1800.0,4.91,3,0,2,#FFD700,86.9,-1.9,87.1,5,5,5,8,STEM+HADA
살금살금하다,salgeumsalgeumhada,4,2,0,1,1,33,1,salkɯmsalkɯmhata,1,4,5,7,2,5,2100.0,6.25,8,3200.0,5.89,3,0,2,#FFD700,86.9,-1.9,87.1,5,5,5,1,STEM+HADA
살금스럽다,salgeumseureopda,4,2,0,1,1,32,1,salkɯmsɯrʌp̚ta,1,2,5,7,5,5,2100.0,6.25,8,1800.0,4.91,3,0,3,#FFD700,86.9,-1.9,87.1,5,5,5,8,SUFFIX(어미변화)
살금살금스럽다,salgeumsalgeumseureopda,4,2,0,1,1,33,1,salkɯmsalkɯmsɯrʌp̚ta,1,4,5,7,5,5,2100.0,6.25,8,3200.0,5.89,3,0,3,#FFD700,86.9,-1.9,87.1,5,5,5,1,REDUP(첩어・동일)
살금맞다,salgeummajda,4,2,0,1,1,32,1,salkɯmmat̚ta,1,2,5,7,2,5,2100.0,6.25,8,1800.0,4.91,3,0,2,#FFD700,86.9,-1.9,87.1,5,5,5,8,SUFFIX(어미변화)
살금살금맞다,salgeumsalgeummajda,4,2,0,1,1,33,1,salkɯmsalkɯmmat̚ta,1,4,5,7,2,5,2100.0,6.25,8,3200.0,5.89,3,0,2,#FFD700,86.9,-1.9,87.1,5,5,5,1,REDUP(첩어・동일)
살금거리며,salgeumgeorimyeo,4,2,0,1,1,32,1,salkɯmkʌrimjʌ,1,2,5,7,2,5,2100.0,6.25,8,1800.0,4.91,3,0,2,#FFD700,86.9,-1.9,87.1,5,5,5,8,SUFFIX(어미변화)
살금살금거리며,salgeumsalgeumgeorimyeo,4,2,0,1,1,33,1,salkɯmsalkɯmkʌrimjʌ,1,4,5,7,2,5,2100.0,6.25,8,3200.0,5.89,3,0,2,#FFD700,86.9,-1.9,87.1,5,5,5,1,REDUP(첩어・동일)
살금대며,salgeumdaemyeo,4,2,0,1,1,32,1,salkɯmtɛmjʌ,1,2,5,7,2,5,2100.0,6.25,8,1800.0,4.91,3,0,2,#FFD700,86.9,-1.9,87.1,5,5,5,8,SUFFIX(어미변화)
살금살금대며,salgeumsalgeumdaemyeo,4,2,0,1,1,33,1,salkɯmsalkɯmtɛmjʌ,1,4,5,7,2,5,2100.0,6.25,8,3200.0,5.89,3,0,2,#FFD700,86.9,-1.9,87.1,5,5,5,1,REDUP(첩어・동일)
살금하게,salgeumhage,4,2,0,1,1,32,1,salkɯmhake,1,2,5,7,2,5,2100.0,6.25,8,1800.0,4.91,3,0,2,#FFD700,86.9,-1.9,87.1,5,5,5,8,SUFFIX(어미변화)
살금살금하게,salgeumsalgeumhage,4,2,0,1,1,33,1,salkɯmsalkɯmhake,1,4,5,7,2,5,2100.0,6.25,8,3200.0,5.89,3,0,2,#FFD700,86.9,-1.9,87.1,5,5,5,1,REDUP(첩어・동일)
살금한,salgeumhan,4,2,0,1,1,32,1,salkɯmhan,1,2,5,7,2,5,2100.0,6.25,8,1800.0,4.91,3,0,2,#FFD700,86.9,-1.9,87.1,5,5,5,8,SUFFIX(어미변화)
살금살금한,salgeumsalgeumhan,4,2,0,1,1,33,1,salkɯmsalkɯmhan,1,4,5,7,2,5,2100.0,6.25,8,3200.0,5.89,3,0,2,#FFD700,86.9,-1.9,87.1,5,5,5,1,REDUP(첩어・동일)
살금스럽게,salgeumseureopge,4,2,0,1,1,32,1,salkɯmsɯrʌp̚ke,1,2,5,7,5,5,2100.0,6.25,8,1800.0,4.91,3,0,3,#FFD700,86.9,-1.9,87.1,5,5,5,8,SUFFIX(어미변화)
살금살금스럽게,salgeumsalgeumseureopge,4,2,0,1,1,33,1,salkɯmsalkɯmsɯrʌp̚ke,1,4,5,7,5,5,2100.0,6.25,8,3200.0,5.89,3,0,3,#FFD700,86.9,-1.9,87.1,5,5,5,1,REDUP(첩어・동일)
살금스러운,salgeumseureoun,4,2,0,1,1,32,1,salkɯmsɯrʌun,1,2,5,7,2,5,2100.0,6.25,8,1800.0,4.91,3,0,2,#FFD700,86.9,-1.9,87.1,5,5,5,8,SUFFIX(어미변화)
살금살금스러운,salgeumsalgeumseureoun,4,2,0,1,1,33,1,salkɯmsalkɯmsɯrʌun,1,4,5,7,2,5,2100.0,6.25,8,3200.0,5.89,3,0,2,#FFD700,86.9,-1.9,87.1,5,5,5,1,REDUP(첩어・동일)
살금해서,salgeumhaeseo,4,2,0,1,1,32,1,salkɯmhɛsʌ,1,2,5,7,2,5,2100.0,6.25,8,1800.0,4.91,3,0,2,#FFD700,86.9,-1.9,87.1,5,5,5,8,SUFFIX(어미변화)
살금살금해서,salgeumsalgeumhaeseo,4,2,0,1,1,33,1,salkɯmsalkɯmhɛsʌ,1,4,5,7,2,5,2100.0,6.25,8,3200.0,5.89,3,0,2,#FFD700,86.9,-1.9,87.1,5,5,5,1,REDUP(첩어・동일)
살금하고,salgeumhago,4,2,0,1,1,32,1,salkɯmhako,1,2,5,7,2,5,2100.0,6.25,8,1800.0,4.91,3,0,2,#FFD700,86.9,-1.9,87.1,5,5,5,8,SUFFIX(어미변화)
살금살금하고,salgeumsalgeumhago,4,2,0,1,1,33,1,salkɯmsalkɯmhako,1,4,5,7,2,5,2100.0,6.25,8,3200.0,5.89,3,0,2,#FFD700,86.9,-1.9,87.1,5,5,5,1,REDUP(첩어・동일)
슬금,seulgeum,4,2,0,1,2,8,1,sɯlkɯm,5,8,7,7,2,5,450.0,3.09,3,800.0,3.53,3,0,2,#2F4F4F,31.3,-11.7,-3.7,5,5,0,0,SINGLE(단발)
슬금슬금,seulgeumseulgeum,4,2,0,1,2,1,1,sɯlkɯmsɯlkɯm,5,7,7,7,2,5,450.0,3.09,2,3200.0,5.89,3,0,2,#2F4F4F,31.3,-11.7,-3.7,5,5,5,1,REDUP(첩어・동일)
슬금슬금슬금,seulgeumseulgeumseulgeum,4,2,0,1,2,1,1,sɯlkɯmsɯlkɯmsɯlkɯm,5,7,7,7,2,5,450.0,3.09,2,3200.0,5.89,3,0,2,#2F4F4F,31.3,-11.7,-3.7,5,5,5,1,REDUP(첩어・동일)
슬금거리다,seulgeumgeorida,4,2,0,1,2,32,1,sɯlkɯmkʌrita,5,2,5,7,2,5,450.0,3.09,2,1800.0,4.91,3,0,2,#2F4F4F,31.3,-11.7,-3.7,5,5,5,8,STEM+GEORIDA
슬금슬금거리다,seulgeumseulgeumgeorida,4,2,0,1,2,33,1,sɯlkɯmsɯlkɯmkʌrita,5,4,5,7,2,5,450.0,3.09,2,3200.0,5.89,3,0,2,#2F4F4F,31.3,-11.7,-3.7,5,5,5,1,STEM+GEORIDA
슬금대다,seulgeumdaeda,4,2,0,1,2,32,1,sɯlkɯmtɛta,5,2,5,7,2,5,450.0,3.09,2,1800.0,4.91,3,0,2,#2F4F4F,31.3,-11.7,-3.7,5,5,5,8,STEM+DAEDA
슬금슬금대다,seulgeumseulgeumdaeda,4,2,0,1,2,33,1,sɯlkɯmsɯlkɯmtɛta,5,4,5,7,2,5,450.0,3.09,2,3200.0,5.89,3,0,2,#2F4F4F,31.3,-11.7,-3.7,5,5,5,1,STEM+DAEDA
슬금이다,seulgeumida,4,2,0,1,2,32,1,sɯlkɯmita,5,2,5,7,2,5,450.0,3.09,2,1800.0,4.91,3,0,2,#2F4F4F,31.3,-11.7,-3.7,5,5,5,8,STEM+IDA
슬금슬금이다,seulgeumseulgeumida,4,2,0,1,2,33,1,sɯlkɯmsɯlkɯmita,5,4,5,7,2,5,450.0,3.09,2,3200.0,5.89,3,0,2,#2F4F4F,31.3,-11.7,-3.7,5,5,5,1,STEM+IDA
슬금하다,seulgeumhada,4,2,0,1,2,32,1,sɯlkɯmhata,5,2,5,7,2,5,450.0,3.09,2,1800.0,4.91,3,0,2,#2F4F4F,31.3,-11.7,-3.7,5,5,5,8,STEM+HADA
슬금슬금하다,seulgeumseulgeumhada,4,2,0,1,2,33,1,sɯlkɯmsɯlkɯmhata,5,4,5,7,2,5,450.0,3.09,2,3200.0,5.89,3,0,2,#2F4F4F,31.3,-11.7,-3.7,5,5,5,1,STEM+HADA
슬금스럽다,seulgeumseureopda,4,2,0,1,2,32,1,sɯlkɯmsɯrʌp̚ta,5,2,5,7,5,5,450.0,3.09,2,1800.0,4.91,3,0,3,#2F4F4F,31.3,-11.7,-3.7,5,5,5,8,SUFFIX(어미변화)
슬금슬금스럽다,seulgeumseulgeumseureopda,4,2,0,1,2,33,1,sɯlkɯmsɯlkɯmsɯrʌp̚ta,5,4,5,7,5,5,450.0,3.09,2,3200.0,5.89,3,0,3,#2F4F4F,31.3,-11.7,-3.7,5,5,5,1,REDUP(첩어・동일)
슬금맞다,seulgeummajda,4,2,0,1,2,32,1,sɯlkɯmmat̚ta,5,2,5,7,2,5,450.0,3.09,2,1800.0,4.91,3,0,2,#2F4F4F,31.3,-11.7,-3.7,5,5,5,8,SUFFIX(어미변화)
슬금슬금맞다,seulgeumseulgeummajda,4,2,0,1,2,33,1,sɯlkɯmsɯlkɯmmat̚ta,5,4,5,7,2,5,450.0,3.09,2,3200.0,5.89,3,0,2,#2F4F4F,31.3,-11.7,-3.7,5,5,5,1,REDUP(첩어・동일)
슬금거리며,seulgeumgeorimyeo,4,2,0,1,2,32,1,sɯlkɯmkʌrimjʌ,5,2,5,7,2,5,450.0,3.09,2,1800.0,4.91,3,0,2,#2F4F4F,31.3,-11.7,-3.7,5,5,5,8,SUFFIX(어미변화)
슬금슬금거리며,seulgeumseulgeumgeorimyeo,4,2,0,1,2,33,1,sɯlkɯmsɯlkɯmkʌrimjʌ,5,4,5,7,2,5,450.0,3.09,2,3200.0,5.89,3,0,2,#2F4F4F,31.3,-11.7,-3.7,5,5,5,1,REDUP(첩어・동일)
슬금대며,seulgeumdaemyeo,4,2,0,1,2,32,1,sɯlkɯmtɛmjʌ,5,2,5,7,2,5,450.0,3.09,2,1800.0,4.91,3,0,2,#2F4F4F,31.3,-11.7,-3.7,5,5,5,8,SUFFIX(어미변화)
슬금슬금대며,seulgeumseulgeumdaemyeo,4,2,0,1,2,33,1,sɯlkɯmsɯlkɯmtɛmjʌ,5,4,5,7,2,5,450.0,3.09,2,3200.0,5.89,3,0,2,#2F4F4F,31.3,-11.7,-3.7,5,5,5,1,REDUP(첩어・동일)
슬금하게,seulgeumhage,4,2,0,1,2,32,1,sɯlkɯmhake,5,2,5,7,2,5,450.0,3.09,2,1800.0,4.91,3,0,2,#2F4F4F,31.3,-11.7,-3.7,5,5,5,8,SUFFIX(어미변화)
슬금슬금하게,seulgeumseulgeumhage,4,2,0,1,2,33,1,sɯlkɯmsɯlkɯmhake,5,4,5,7,2,5,450.0,3.09,2,3200.0,5.89,3,0,2,#2F4F4F,31.3,-11.7,-3.7,5,5,5,1,REDUP(첩어・동일)
슬금한,seulgeumhan,4,2,0,1,2,32,1,sɯlkɯmhan,5,2,5,7,2,5,450.0,3.09,2,1800.0,4.91,3,0,2,#2F4F4F,31.3,-11.7,-3.7,5,5,5,8,SUFFIX(어미변화)
슬금슬금한,seulgeumseulgeumhan,4,2,0,1,2,33,1,sɯlkɯmsɯlkɯmhan,5,4,5,7,2,5,450.0,3.09,2,3200.0,5.89,3,0,2,#2F4F4F,31.3,-11.7,-3.7,5,5,5,1,REDUP(첩어・동일)
슬금스럽게,seulgeumseureopge,4,2,0,1,2,32,1,sɯlkɯmsɯrʌp̚ke,5,2,5,7,5,5,450.0,3.09,2,1800.0,4.91,3,0,3,#2F4F4F,31.3,-11.7,-3.7,5,5,5,8,SUFFIX(어미변화)
슬금슬금스럽게,seulgeumseulgeumseureopge,4,2,0,1,2,33,1,sɯlkɯmsɯlkɯmsɯrʌp̚ke,5,4,5,7,5,5,450.0,3.09,2,3200.0,5.89,3,0,3,#2F4F4F,31.3,-11.7,-3.7,5,5,5,1,REDUP(첩어・동일)
슬금스러운,seulgeumseureoun,4,2,0,1,2,32,1,sɯlkɯmsɯrʌun,5,2,5,7,2,5,450.0,3.09,2,1800.0,4.91,3,0,2,#2F4F4F,31.3,-11.7,-3.7,5,5,5,8,SUFFIX(어미변화)
슬금슬금스러운,seulgeumseulgeumseureoun,4,2,0,1,2,33,1,sɯlkɯmsɯlkɯmsɯrʌun,5,4,5,7,2,5,450.0,3.09,2,3200.0,5.89,3,0,2,#2F4F4F,31.3,-11.7,-3.7,5,5,5,1,REDUP(첩어・동일)
슬금해서,seulgeumhaeseo,4,2,0,1,2,32,1,sɯlkɯmhɛsʌ,5,2,5,7,2,5,450.0,3.09,2,1800.0,4.91,3,0,2,#2F4F4F,31.3,-11.7,-3.7,5,5,5,8,SUFFIX(어미변화)
슬금슬금해서,seulgeumseulgeumhaeseo,4,2,0,1,2,33,1,sɯlkɯmsɯlkɯmhɛsʌ,5,4,5,7,2,5,450.0,3.09,2,3200.0,5.89,3,0,2,#2F4F4F,31.3,-11.7,-3.7,5,5,5,1,REDUP(첩어・동일)
슬금하고,seulgeumhago,4,2,0,1,2,32,1,sɯlkɯmhako,5,2,5,7,2,5,450.0,3.09,2,1800.0,4.91,3,0,2,#2F4F4F,31.3,-11.7,-3.7,5,5,5,8,SUFFIX(어미변화)
슬금슬금하고,seulgeumseulgeumhago,4,2,0,1,2,33,1,sɯlkɯmsɯlkɯmhako,5,4,5,7,2,5,450.0,3.09,2,3200.0,5.89,3,0,2,#2F4F4F,31.3,-11.7,-3.7,5,5,5,1,REDUP(첩어・동일)
성큼,seongkeum,4,2,0,1,2,8,1,sʌŋkʰɯm,7,8,8,7,3,5,1250.0,5.19,3,800.0,3.53,5,0,2,#2F4F4F,31.3,-11.7,-3.7,5,5,0,0,SINGLE(단발)
성큼성큼,seongkeumseongkeum,4,2,0,1,2,1,1,sʌŋkʰɯmsʌŋkʰɯm,7,7,8,7,3,5,1250.0,5.19,2,3200.0,5.89,5,0,2,#2F4F4F,31.3,-11.7,-3.7,5,5,5,1,REDUP(첩어・동일)
성큼성큼성큼,seongkeumseongkeumseongkeum,4,2,0,1,2,1,1,sʌŋkʰɯmsʌŋkʰɯmsʌŋkʰɯm,7,7,8,7,3,5,1250.0,5.19,2,3200.0,5.89,5,0,2,#2F4F4F,31.3,-11.7,-3.7,5,5,5,1,REDUP(첩어・동일)
성큼거리다,seongkeumgeorida,4,2,0,1,2,32,1,sʌŋkʰɯmkʌrita,7,2,6,7,3,5,1250.0,5.19,2,1800.0,4.91,5,0,2,#2F4F4F,31.3,-11.7,-3.7,5,5,5,8,STEM+GEORIDA
성큼성큼거리다,seongkeumseongkeumgeorida,4,2,0,1,2,33,1,sʌŋkʰɯmsʌŋkʰɯmkʌrita,7,4,6,7,3,5,1250.0,5.19,2,3200.0,5.89,5,0,2,#2F4F4F,31.3,-11.7,-3.7,5,5,5,1,STEM+GEORIDA
성큼대다,seongkeumdaeda,4,2,0,1,2,32,1,sʌŋkʰɯmtɛta,7,2,6,7,3,5,1250.0,5.19,2,1800.0,4.91,5,0,2,#2F4F4F,31.3,-11.7,-3.7,5,5,5,8,STEM+DAEDA
성큼성큼대다,seongkeumseongkeumdaeda,4,2,0,1,2,33,1,sʌŋkʰɯmsʌŋkʰɯmtɛta,7,4,6,7,3,5,1250.0,5.19,2,3200.0,5.89,5,0,2,#2F4F4F,31.3,-11.7,-3.7,5,5,5,1,STEM+DAEDA
성큼이다,seongkeumida,4,2,0,1,2,32,1,sʌŋkʰɯmita,7,2,6,7,3,5,1250.0,5.19,2,1800.0,4.91,5,0,2,#2F4F4F,31.3,-11.7,-3.7,5,5,5,8,STEM+IDA
성큼성큼이다,seongkeumseongkeumida,4,2,0,1,2,33,1,sʌŋkʰɯmsʌŋkʰɯmita,7,4,6,7,3,5,1250.0,5.19,2,3200.0,5.89,5,0,2,#2F4F4F,31.3,-11.7,-3.7,5,5,5,1,STEM+IDA
성큼하다,seongkeumhada,4,2,0,1,2,32,1,sʌŋkʰɯmhata,7,2,6,7,3,5,1250.0,5.19,2,1800.0,4.91,5,0,2,#2F4F4F,31.3,-11.7,-3.7,5,5,5,8,STEM+HADA
성큼성큼하다,seongkeumseongkeumhada,4,2,0,1,2,33,1,sʌŋkʰɯmsʌŋkʰɯmhata,7,4,6,7,3,5,1250.0,5.19,2,3200.0,5.89,5,0,2,#2F4F4F,31.3,-11.7,-3.7,5,5,5,1,STEM+HADA
성큼스럽다,seongkeumseureopda,4,2,0,1,2,32,1,sʌŋkʰɯmsɯrʌp̚ta,7,2,6,7,5,5,1250.0,5.19,2,1800.0,4.91,5,0,3,#2F4F4F,31.3,-11.7,-3.7,5,5,5,8,SUFFIX(어미변화)
성큼성큼스럽다,seongkeumseongkeumseureopda,4,2,0,1,2,33,1,sʌŋkʰɯmsʌŋkʰɯmsɯrʌp̚ta,7,4,6,7,5,5,1250.0,5.19,2,3200.0,5.89,5,0,3,#2F4F4F,31.3,-11.7,-3.7,5,5,5,1,REDUP(첩어・동일)
성큼맞다,seongkeummajda,4,2,0,1,2,32,1,sʌŋkʰɯmmat̚ta,7,2,6,7,3,5,1250.0,5.19,2,1800.0,4.91,5,0,2,#2F4F4F,31.3,-11.7,-3.7,5,5,5,8,SUFFIX(어미변화)
성큼성큼맞다,seongkeumseongkeummajda,4,2,0,1,2,33,1,sʌŋkʰɯmsʌŋkʰɯmmat̚ta,7,4,6,7,3,5,1250.0,5.19,2,3200.0,5.89,5,0,2,#2F4F4F,31.3,-11.7,-3.7,5,5,5,1,REDUP(첩어・동일)
성큼거리며,seongkeumgeorimyeo,4,2,0,1,2,32,1,sʌŋkʰɯmkʌrimjʌ,7,2,6,7,3,5,1250.0,5.19,2,1800.0,4.91,5,0,2,#2F4F4F,31.3,-11.7,-3.7,5,5,5,8,SUFFIX(어미변화)
성큼성큼거리며,seongkeumseongkeumgeorimyeo,4,2,0,1,2,33,1,sʌŋkʰɯmsʌŋkʰɯmkʌrimjʌ,7,4,6,7,3,5,1250.0,5.19,2,3200.0,5.89,5,0,2,#2F4F4F,31.3,-11.7,-3.7,5,5,5,1,REDUP(첩어・동일)
성큼대며,seongkeumdaemyeo,4,2,0,1,2,32,1,sʌŋkʰɯmtɛmjʌ,7,2,6,7,3,5,1250.0,5.19,2,1800.0,4.91,5,0,2,#2F4F4F,31.3,-11.7,-3.7,5,5,5,8,SUFFIX(어미변화)
성큼성큼대며,seongkeumseongkeumdaemyeo,4,2,0,1,2,33,1,sʌŋkʰɯmsʌŋkʰɯmtɛmjʌ,7,4,6,7,3,5,1250.0,5.19,2,3200.0,5.89,5,0,2,#2F4F4F,31.3,-11.7,-3.7,5,5,5,1,REDUP(첩어・동일)
성큼하게,seongkeumhage,4,2,0,1,2,32,1,sʌŋkʰɯmhake,7,2,6,7,3,5,1250.0,5.19,2,1800.0,4.91,5,0,2,#2F4F4F,31.3,-11.7,-3.7,5,5,5,8,SUFFIX(어미변화)
성큼성큼하게,seongkeumseongkeumhage,4,2,0,1,2,33,1,sʌŋkʰɯmsʌŋkʰɯmhake,7,4,6,7,3,5,1250.0,5.19,2,3200.0,5.89,5,0,2,#2F4F4F,31.3,-11.7,-3.7,5,5,5,1,REDUP(첩어・동일)
성큼한,seongkeumhan,4,2,0,1,2,32,1,sʌŋkʰɯmhan,7,2,6,7,3,5,1250.0,5.19,2,1800.0,4.91,5,0,2,#2F4F4F,31.3,-11.7,-3.7,5,5,5,8,SUFFIX(어미변화)
성큼성큼한,seongkeumseongkeumhan,4,2,0,1,2,33,1,sʌŋkʰɯmsʌŋkʰɯmhan,7,4,6,7,3,5,1250.0,5.19,2,3200.0,5.89,5,0,2,#2F4F4F,31.3,-11.7,-3.7,5,5,5,1,REDUP(첩어・동일)
성큼스럽게,seongkeumseureopge,4,2,0,1,2,32,1,sʌŋkʰɯmsɯrʌp̚ke,7,2,6,7,5,5,1250.0,5.19,2,1800.0,4.91,5,0,3,#2F4F4F,31.3,-11.7,-3.7,5,5,5,8,SUFFIX(어미변화)
성큼성큼스럽게,seongkeumseongkeumseureopge,4,2,0,1,2,33,1,sʌŋkʰɯmsʌŋkʰɯmsɯrʌp̚ke,7,4,6,7,5,5,1250.0,5.19,2,3200.0,5.89,5,0,3,#2F4F4F,31.3,-11.7,-3.7,5,5,5,1,REDUP(첩어・동일)
성큼스러운,seongkeumseureoun,4,2,0,1,2,32,1,sʌŋkʰɯmsɯrʌun,7,2,6,7,3,5,1250.0,5.19,2,1800.0,4.91,5,0,2,#2F4F4F,31.3,-11.7,-3.7,5,5,5,8,SUFFIX(어미변화)
성큼성큼스러운,seongkeumseongkeumseureoun,4,2,0,1,2,33,1,sʌŋkʰɯmsʌŋkʰɯmsɯrʌun,7,4,6,7,3,5,1250.0,5.19,2,3200.0,5.89,5,0,2,#2F4F4F,31.3,-11.7,-3.7,5,5,5,1,REDUP(첩어・동일)
성큼해서,seongkeumhaeseo,4,2,0,1,2,32,1,sʌŋkʰɯmhɛsʌ,7,2,6,7,3,5,1250.0,5.19,2,1800.0,4.91,5,0,2,#2F4F4F,31.3,-11.7,-3.7,5,5,5,8,SUFFIX(어미변화)
성큼성큼해서,seongkeumseongkeumhaeseo,4,2,0,1,2,33,1,sʌŋkʰɯmsʌŋkʰɯmhɛsʌ,7,4,6,7,3,5,1250.0,5.19,2,3200.0,5.89,5,0,2,#2F4F4F,31.3,-11.7,-3.7,5,5,5,1,REDUP(첩어・동일)
성큼하고,seongkeumhago,4,2,0,1,2,32,1,sʌŋkʰɯmhako,7,2,6,7,3,5,1250.0,5.19,2,1800.0,4.91,5,0,2,#2F4F4F,31.3,-11.7,-3.7,5,5,5,8,SUFFIX(어미변화)
성큼성큼하고,seongkeumseongkeumhago,4,2,0,1,2,33,1,sʌŋkʰɯmsʌŋkʰɯmhako,7,4,6,7,3,5,1250.0,5.19,2,3200.0,5.89,5,0,2,#2F4F4F,31.3,-11.7,-3.7,5,5,5,1,REDUP(첩어・동일)
사뿐,sappun,4,2,1,1,1,8,1,sap͈un,4,8,8,8,5,5,2600.0,6.69,9,800.0,3.53,5,0,3,#FFD700,86.9,-1.9,87.1,5,5,0,0,SINGLE(단발)
사뿐사뿐,sappunsappun,4,2,1,1,1,1,1,sap͈unsap͈un,4,7,8,8,5,5,2600.0,6.69,8,3200.0,5.89,5,0,3,#FFD700,86.9,-1.9,87.1,5,5,5,1,REDUP(첩어・동일)
사뿐사뿐사뿐,sappunsappunsappun,4,2,1,1,1,1,1,sap͈unsap͈unsap͈un,4,7,8,8,5,5,2600.0,6.69,8,3200.0,5.89,5,0,3,#FFD700,86.9,-1.9,87.1,5,5,5,1,REDUP(첩어・동일)
사뿐거리다,sappungeorida,4,2,1,1,1,32,1,sap͈unkʌrita,4,2,6,8,5,5,2600.0,6.69,8,1800.0,4.91,5,0,3,#FFD700,86.9,-1.9,87.1,5,5,5,8,STEM+GEORIDA
사뿐사뿐거리다,sappunsappungeorida,4,2,1,1,1,33,1,sap͈unsap͈unkʌrita,4,4,6,8,5,5,2600.0,6.69,8,3200.0,5.89,5,0,3,#FFD700,86.9,-1.9,87.1,5,5,5,1,STEM+GEORIDA
사뿐대다,sappundaeda,4,2,1,1,1,32,1,sap͈untɛta,4,2,6,8,5,5,2600.0,6.69,8,1800.0,4.91,5,0,3,#FFD700,86.9,-1.9,87.1,5,5,5,8,STEM+DAEDA
사뿐사뿐대다,sappunsappundaeda,4,2,1,1,1,33,1,sap͈unsap͈untɛta,4,4,6,8,5,5,2600.0,6.69,8,3200.0,5.89,5,0,3,#FFD700,86.9,-1.9,87.1,5,5,5,1,STEM+DAEDA
사뿐이다,sappunida,4,2,1,1,1,32,1,sap͈unita,4,2,6,8,5,5,2600.0,6.69,8,1800.0,4.91,5,0,3,#FFD700,86.9,-1.9,87.1,5,5,5,8,STEM+IDA
사뿐사뿐이다,sappunsappunida,4,2,1,1,1,33,1,sap͈unsap͈unita,4,4,6,8,5,5,2600.0,6.69,8,3200.0,5.89,5,0,3,#FFD700,86.9,-1.9,87.1,5,5,5,1,STEM+IDA
사뿐하다,sappunhada,4,2,1,1,1,32,1,sap͈unhata,4,2,6,8,5,5,2600.0,6.69,8,1800.0,4.91,5,0,3,#FFD700,86.9,-1.9,87.1,5,5,5,8,STEM+HADA
사뿐사뿐하다,sappunsappunhada,4,2,1,1,1,33,1,sap͈unsap͈unhata,4,4,6,8,5,5,2600.0,6.69,8,3200.0,5.89,5,0,3,#FFD700,86.9,-1.9,87.1,5,5,5,1,STEM+HADA
사뿐스럽다,sappunseureopda,4,2,1,1,1,32,1,sap͈unsɯrʌp̚ta,4,2,6,8,5,5,2600.0,6.69,8,1800.0,4.91,5,0,3,#FFD700,86.9,-1.9,87.1,5,5,5,8,SUFFIX(어미변화)
사뿐사뿐스럽다,sappunsappunseureopda,4,2,1,1,1,33,1,sap͈unsap͈unsɯrʌp̚ta,4,4,6,8,5,5,2600.0,6.69,8,3200.0,5.89,5,0,3,#FFD700,86.9,-1.9,87.1,5,5,5,1,REDUP(첩어・동일)
사뿐맞다,sappunmajda,4,2,1,1,1,32,1,sap͈unmat̚ta,4,2,6,8,5,5,2600.0,6.69,8,1800.0,4.91,5,0,3,#FFD700,86.9,-1.9,87.1,5,5,5,8,SUFFIX(어미변화)
사뿐사뿐맞다,sappunsappunmajda,4,2,1,1,1,33,1,sap͈unsap͈unmat̚ta,4,4,6,8,5,5,2600.0,6.69,8,3200.0,5.89,5,0,3,#FFD700,86.9,-1.9,87.1,5,5,5,1,REDUP(첩어・동일)
사뿐거리며,sappungeorimyeo,4,2,1,1,1,32,1,sap͈unkʌrimjʌ,4,2,6,8,5,5,2600.0,6.69,8,1800.0,4.91,5,0,3,#FFD700,86.9,-1.9,87.1,5,5,5,8,SUFFIX(어미변화)
사뿐사뿐거리며,sappunsappungeorimyeo,4,2,1,1,1,33,1,sap͈unsap͈unkʌrimjʌ,4,4,6,8,5,5,2600.0,6.69,8,3200.0,5.89,5,0,3,#FFD700,86.9,-1.9,87.1,5,5,5,1,REDUP(첩어・동일)
사뿐대며,sappundaemyeo,4,2,1,1,1,32,1,sap͈untɛmjʌ,4,2,6,8,5,5,2600.0,6.69,8,1800.0,4.91,5,0,3,#FFD700,86.9,-1.9,87.1,5,5,5,8,SUFFIX(어미변화)
사뿐사뿐대며,sappunsappundaemyeo,4,2,1,1,1,33,1,sap͈unsap͈untɛmjʌ,4,4,6,8,5,5,2600.0,6.69,8,3200.0,5.89,5,0,3,#FFD700,86.9,-1.9,87.1,5,5,5,1,REDUP(첩어・동일)
사뿐하게,sappunhage,4,2,1,1,1,32,1,sap͈unhake,4,2,6,8,5,5,2600.0,6.69,8,1800.0,4.91,5,0,3,#FFD700,86.9,-1.9,87.1,5,5,5,8,SUFFIX(어미변화)
사뿐사뿐하게,sappunsappunhage,4,2,1,1,1,33,1,sap͈unsap͈unhake,4,4,6,8,5,5,2600.0,6.69,8,3200.0,5.89,5,0,3,#FFD700,86.9,-1.9,87.1,5,5,5,1,REDUP(첩어・동일)
사뿐한,sappunhan,4,2,1,1,1,32,1,sap͈unhan,4,2,6,8,5,5,2600.0,6.69,8,1800.0,4.91,5,0,3,#FFD700,86.9,-1.9,87.1,5,5,5,8,SUFFIX(어미변화)
사뿐사뿐한,sappunsappunhan,4,2,1,1,1,33,1,sap͈unsap͈unhan,4,4,6,8,5,5,2600.0,6.69,8,3200.0,5.89,5,0,3,#FFD700,86.9,-1.9,87.1,5,5,5,1,REDUP(첩어・동일)
사뿐스럽게,sappunseureopge,4,2,1,1,1,32,1,sap͈unsɯrʌp̚ke,4,2,6,8,5,5,2600.0,6.69,8,1800.0,4.91,5,0,3,#FFD700,86.9,-1.9,87.1,5,5,5,8,SUFFIX(어미변화)
사뿐사뿐스럽게,sappunsappunseureopge,4,2,1,1,1,33,1,sap͈unsap͈unsɯrʌp̚ke,4,4,6,8,5,5,2600.0,6.69,8,3200.0,5.89,5,0,3,#FFD700,86.9,-1.9,87.1,5,5,5,1,REDUP(첩어・동일)
사뿐스러운,sappunseureoun,4,2,1,1,1,32,1,sap͈unsɯrʌun,4,2,6,8,5,5,2600.0,6.69,8,1800.0,4.91,5,0,3,#FFD700,86.9,-1.9,87.1,5,5,5,8,SUFFIX(어미변화)
사뿐사뿐스러운,sappunsappunseureoun,4,2,1,1,1,33,1,sap͈unsap͈unsɯrʌun,4,4,6,8,5,5,2600.0,6.69,8,3200.0,5.89,5,0,3,#FFD700,86.9,-1.9,87.1,5,5,5,1,REDUP(첩어・동일)
사뿐해서,sappunhaeseo,4,2,1,1,1,32,1,sap͈unhɛsʌ,4,2,6,8,5,5,2600.0,6.69,8,1800.0,4.91,5,0,3,#FFD700,86.9,-1.9,87.1,5,5,5,8,SUFFIX(어미변화)
사뿐사뿐해서,sappunsappunhaeseo,4,2,1,1,1,33,1,sap͈unsap͈unhɛsʌ,4,4,6,8,5,5,2600.0,6.69,8,3200.0,5.89,5,0,3,#FFD700,86.9,-1.9,87.1,5,5,5,1,REDUP(첩어・동일)
사뿐하고,sappunhago,4,2,1,1,1,32,1,sap͈unhako,4,2,6,8,5,5,2600.0,6.69,8,1800.0,4.91,5,0,3,#FFD700,86.9,-1.9,87.1,5,5,5,8,SUFFIX(어미변화)
사뿐사뿐하고,sappunsappunhago,4,2,1,1,1,33,1,sap͈unsap͈unhako,4,4,6,8,5,5,2600.0,6.69,8,3200.0,5.89,5,0,3,#FFD700,86.9,-1.9,87.1,5,5,5,1,REDUP(첩어・동일)
아장,ajang,4,2,1,1,1,8,1,atɕaŋ,1,8,7,5,2,5,2100.0,6.25,9,800.0,3.53,3,0,2,#FFD700,86.9,-1.9,87.1,5,5,0,0,SINGLE(단발)
아장아장,ajangajang,4,2,1,1,1,1,1,atɕaŋatɕaŋ,1,7,7,5,2,5,2100.0,6.25,8,3200.0,5.89,3,0,2,#FFD700,86.9,-1.9,87.1,5,5,5,1,REDUP(첩어・동일)
아장아장아장,ajangajangajang,4,2,1,1,1,1,1,atɕaŋatɕaŋatɕaŋ,1,7,7,5,2,5,2100.0,6.25,8,3200.0,5.89,3,0,2,#FFD700,86.9,-1.9,87.1,5,5,5,1,REDUP(첩어・동일)
아장거리다,ajanggeorida,4,2,1,1,1,32,1,atɕaŋkʌrita,1,2,5,5,2,5,2100.0,6.25,8,1800.0,4.91,3,0,2,#FFD700,86.9,-1.9,87.1,5,5,5,8,STEM+GEORIDA
아장아장거리다,ajangajanggeorida,4,2,1,1,1,33,1,atɕaŋatɕaŋkʌrita,1,4,5,5,2,5,2100.0,6.25,8,3200.0,5.89,3,0,2,#FFD700,86.9,-1.9,87.1,5,5,5,1,STEM+GEORIDA
아장대다,ajangdaeda,4,2,1,1,1,32,1,atɕaŋtɛta,1,2,5,5,2,5,2100.0,6.25,8,1800.0,4.91,3,0,2,#FFD700,86.9,-1.9,87.1,5,5,5,8,STEM+DAEDA
아장아장대다,ajangajangdaeda,4,2,1,1,1,33,1,atɕaŋatɕaŋtɛta,1,4,5,5,2,5,2100.0,6.25,8,3200.0,5.89,3,0,2,#FFD700,86.9,-1.9,87.1,5,5,5,1,STEM+DAEDA
아장이다,ajangida,4,2,1,1,1,32,1,atɕaŋita,1,2,5,5,2,5,2100.0,6.25,8,1800.0,4.91,3,0,2,#FFD700,86.9,-1.9,87.1,5,5,5,8,STEM+IDA
아장아장이다,ajangajangida,4,2,1,1,1,33,1,atɕaŋatɕaŋita,1,4,5,5,2,5,2100.0,6.25,8,3200.0,5.89,3,0,2,#FFD700,86.9,-1.9,87.1,5,5,5,1,STEM+IDA
아장하다,ajanghada,4,2,1,1,1,32,1,atɕaŋhata,1,2,5,7,2,5,2100.0,6.25,8,1800.0,4.91,3,0,2,#FFD700,86.9,-1.9,87.1,5,5,5,8,STEM+HADA
아장아장하다,ajangajanghada,4,2,1,1,1,33,1,atɕaŋatɕaŋhata,1,4,5,7,2,5,2100.0,6.25,8,3200.0,5.89,3,0,2,#FFD700,86.9,-1.9,87.1,5,5,5,1,STEM+HADA
아장스럽다,ajangseureopda,4,2,1,1,1,32,1,atɕaŋsɯrʌp̚ta,1,2,5,7,5,5,2100.0,6.25,8,1800.0,4.91,3,0,3,#FFD700,86.9,-1.9,87.1,5,5,5,8,SUFFIX(어미변화)
아장아장스럽다,ajangajangseureopda,4,2,1,1,1,33,1,atɕaŋatɕaŋsɯrʌp̚ta,1,4,5,7,5,5,2100.0,6.25,8,3200.0,5.89,3,0,3,#FFD700,86.9,-1.9,87.1,5,5,5,1,REDUP(첩어・동일)
아장맞다,ajangmajda,4,2,1,1,1,32,1,atɕaŋmat̚ta,1,2,5,5,2,5,2100.0,6.25,8,1800.0,4.91,3,0,2,#FFD700,86.9,-1.9,87.1,5,5,5,8,SUFFIX(어미변화)
아장아장맞다,ajangajangmajda,4,2,1,1,1,33,1,atɕaŋatɕaŋmat̚ta,1,4,5,5,2,5,2100.0,6.25,8,3200.0,5.89,3,0,2,#FFD700,86.9,-1.9,87.1,5,5,5,1,REDUP(첩어・동일)
아장거리며,ajanggeorimyeo,4,2,1,1,1,32,1,atɕaŋkʌrimjʌ,1,2,5,5,2,5,2100.0,6.25,8,1800.0,4.91,3,0,2,#FFD700,86.9,-1.9,87.1,5,5,5,8,SUFFIX(어미변화)
아장아장거리며,ajangajanggeorimyeo,4,2,1,1,1,33,1,atɕaŋatɕaŋkʌrimjʌ,1,4,5,5,2,5,2100.0,6.25,8,3200.0,5.89,3,0,2,#FFD700,86.9,-1.9,87.1,5,5,5,1,REDUP(첩어・동일)
아장대며,ajangdaemyeo,4,2,1,1,1,32,1,atɕaŋtɛmjʌ,1,2,5,5,2,5,2100.0,6.25,8,1800.0,4.91,3,0,2,#FFD700,86.9,-1.9,87.1,5,5,5,8,SUFFIX(어미변화)
아장아장대며,ajangajangdaemyeo,4,2,1,1,1,33,1,atɕaŋatɕaŋtɛmjʌ,1,4,5,5,2,5,2100.0,6.25,8,3200.0,5.89,3,0,2,#FFD700,86.9,-1.9,87.1,5,5,5,1,REDUP(첩어・동일)
아장하게,ajanghage,4,2,1,1,1,32,1,atɕaŋhake,1,2,5,7,2,5,2100.0,6.25,8,1800.0,4.91,3,0,2,#FFD700,86.9,-1.9,87.1,5,5,5,8,SUFFIX(어미변화)
아장아장하게,ajangajanghage,4,2,1,1,1,33,1,atɕaŋatɕaŋhake,1,4,5,7,2,5,2100.0,6.25,8,3200.0,5.89,3,0,2,#FFD700,86.9,-1.9,87.1,5,5,5,1,REDUP(첩어・동일)
아장한,ajanghan,4,2,1,1,1,32,1,atɕaŋhan,1,2,5,7,2,5,2100.0,6.25,8,1800.0,4.91,3,0,2,#FFD700,86.9,-1.9,87.1,5,5,5,8,SUFFIX(어미변화)
아장아장한,ajangajanghan,4,2,1,1,1,33,1,atɕaŋatɕaŋhan,1,4,5,7,2,5,2100.0,6.25,8,3200.0,5.89,3,0,2,#FFD700,86.9,-1.9,87.1,5,5,5,1,REDUP(첩어・동일)
아장스럽게,ajangseureopge,4,2,1,1,1,32,1,atɕaŋsɯrʌp̚ke,1,2,5,7,5,5,2100.0,6.25,8,1800.0,4.91,3,0,3,#FFD700,86.9,-1.9,87.1,5,5,5,8,SUFFIX(어미변화)
아장아장스럽게,ajangajangseureopge,4,2,1,1,1,33,1,atɕaŋatɕaŋsɯrʌp̚ke,1,4,5,7,5,5,2100.0,6.25,8,3200.0,5.89,3,0,3,#FFD700,86.9,-1.9,87.1,5,5,5,1,REDUP(첩어・동일)
아장스러운,ajangseureoun,4,2,1,1,1,32,1,atɕaŋsɯrʌun,1,2,5,7,2,5,2100.0,6.25,8,1800.0,4.91,3,0,2,#FFD700,86.9,-1.9,87.1,5,5,5,8,SUFFIX(어미변화)
아장아장스러운,ajangajangseureoun,4,2,1,1,1,33,1,atɕaŋatɕaŋsɯrʌun,1,4,5,7,2,5,2100.0,6.25,8,3200.0,5.89,3,0,2,#FFD700,86.9,-1.9,87.1,5,5,5,1,REDUP(첩어・동일)
아장해서,ajanghaeseo,4,2,1,1,1,32,1,atɕaŋhɛsʌ,1,2,5,7,2,5,2100.0,6.25,8,1800.0,4.91,3,0,2,#FFD700,86.9,-1.9,87.1,5,5,5,8,SUFFIX(어미변화)
아장아장해서,ajangajanghaeseo,4,2,1,1,1,33,1,atɕaŋatɕaŋhɛsʌ,1,4,5,7,2,5,2100.0,6.25,8,3200.0,5.89,3,0,2,#FFD700,86.9,-1.9,87.1,5,5,5,1,REDUP(첩어・동일)
아장하고,ajanghago,4,2,1,1,1,32,1,atɕaŋhako,1,2,5,7,2,5,2100.0,6.25,8,1800.0,4.91,3,0,2,#FFD700,86.9,-1.9,87.1,5,5,5,8,SUFFIX(어미변화)
아장아장하고,ajangajanghago,4,2,1,1,1,33,1,atɕaŋatɕaŋhako,1,4,5,7,2,5,2100.0,6.25,8,3200.0,5.89,3,0,2,#FFD700,86.9,-1.9,87.1,5,5,5,1,REDUP(첩어・동일)
어정,eojeong,4,2,0,1,2,8,1,ʌtɕʌŋ,5,8,7,5,2,5,450.0,3.09,3,800.0,3.53,3,0,2,#2F4F4F,31.3,-11.7,-3.7,5,5,0,0,SINGLE(단발)
어정어정,eojeongeojeong,4,2,0,1,2,1,1,ʌtɕʌŋʌtɕʌŋ,5,7,7,5,2,5,450.0,3.09,2,3200.0,5.89,3,0,2,#2F4F4F,31.3,-11.7,-3.7,5,5,5,1,REDUP(첩어・동일)
어정어정어정,eojeongeojeongeojeong,4,2,0,1,2,1,1,ʌtɕʌŋʌtɕʌŋʌtɕʌŋ,5,7,7,5,2,5,450.0,3.09,2,3200.0,5.89,3,0,2,#2F4F4F,31.3,-11.7,-3.7,5,5,5,1,REDUP(첩어・동일)
어정거리다,eojeonggeorida,4,2,0,1,2,32,1,ʌtɕʌŋkʌrita,5,2,5,5,2,5,450.0,3.09,2,1800.0,4.91,3,0,2,#2F4F4F,31.3,-11.7,-3.7,5,5,5,8,STEM+GEORIDA
어정어정거리다,eojeongeojeonggeorida,4,2,0,1,2,33,1,ʌtɕʌŋʌtɕʌŋkʌrita,5,4,5,5,2,5,450.0,3.09,2,3200.0,5.89,3,0,2,#2F4F4F,31.3,-11.7,-3.7,5,5,5,1,STEM+GEORIDA
어정대다,eojeongdaeda,4,2,0,1,2,32,1,ʌtɕʌŋtɛta,5,2,5,5,2,5,450.0,3.09,2,1800.0,4.91,3,0,2,#2F4F4F,31.3,-11.7,-3.7,5,5,5,8,STEM+DAEDA
어정어정대다,eojeongeojeongdaeda,4,2,0,1,2,33,1,ʌtɕʌŋʌtɕʌŋtɛta,5,4,5,5,2,5,450.0,3.09,2,3200.0,5.89,3,0,2,#2F4F4F,31.3,-11.7,-3.7,5,5,5,1,STEM+DAEDA
어정이다,eojeongida,4,2,0,1,2,32,1,ʌtɕʌŋita,5,2,5,5,2,5,450.0,3.09,2,1800.0,4.91,3,0,2,#2F4F4F,31.3,-11.7,-3.7,5,5,5,8,STEM+IDA
어정어정이다,eojeongeojeongida,4,2,0,1,2,33,1,ʌtɕʌŋʌtɕʌŋita,5,4,5,5,2,5,450.0,3.09,2,3200.0,5.89,3,0,2,#2F4F4F,31.3,-11.7,-3.7,5,5,5,1,STEM+IDA
어정하다,eojeonghada,4,2,0,1,2,32,1,ʌtɕʌŋhata,5,2,5,7,2,5,450.0,3.09,2,1800.0,4.91,3,0,2,#2F4F4F,31.3,-11.7,-3.7,5,5,5,8,STEM+HADA
어정어정하다,eojeongeojeonghada,4,2,0,1,2,33,1,ʌtɕʌŋʌtɕʌŋhata,5,4,5,7,2,5,450.0,3.09,2,3200.0,5.89,3,0,2,#2F4F4F,31.3,-11.7,-3.7,5,5,5,1,STEM+HADA
어정스럽다,eojeongseureopda,4,2,0,1,2,32,1,ʌtɕʌŋsɯrʌp̚ta,5,2,5,7,5,5,450.0,3.09,2,1800.0,4.91,3,0,3,#2F4F4F,31.3,-11.7,-3.7,5,5,5,8,SUFFIX(어미변화)
어정어정스럽다,eojeongeojeongseureopda,4,2,0,1,2,33,1,ʌtɕʌŋʌtɕʌŋsɯrʌp̚ta,5,4,5,7,5,5,450.0,3.09,2,3200.0,5.89,3,0,3,#2F4F4F,31.3,-11.7,-3.7,5,5,5,1,REDUP(첩어・동일)
어정맞다,eojeongmajda,4,2,0,1,2,32,1,ʌtɕʌŋmat̚ta,5,2,5,5,2,5,450.0,3.09,2,1800.0,4.91,3,0,2,#2F4F4F,31.3,-11.7,-3.7,5,5,5,8,SUFFIX(어미변화)
어정어정맞다,eojeongeojeongmajda,4,2,0,1,2,33,1,ʌtɕʌŋʌtɕʌŋmat̚ta,5,4,5,5,2,5,450.0,3.09,2,3200.0,5.89,3,0,2,#2F4F4F,31.3,-11.7,-3.7,5,5,5,1,REDUP(첩어・동일)
어정거리며,eojeonggeorimyeo,4,2,0,1,2,32,1,ʌtɕʌŋkʌrimjʌ,5,2,5,5,2,5,450.0,3.09,2,1800.0,4.91,3,0,2,#2F4F4F,31.3,-11.7,-3.7,5,5,5,8,SUFFIX(어미변화)
어정어정거리며,eojeongeojeonggeorimyeo,4,2,0,1,2,33,1,ʌtɕʌŋʌtɕʌŋkʌrimjʌ,5,4,5,5,2,5,450.0,3.09,2,3200.0,5.89,3,0,2,#2F4F4F,31.3,-11.7,-3.7,5,5,5,1,REDUP(첩어・동일)
어정대며,eojeongdaemyeo,4,2,0,1,2,32,1,ʌtɕʌŋtɛmjʌ,5,2,5,5,2,5,450.0,3.09,2,1800.0,4.91,3,0,2,#2F4F4F,31.3,-11.7,-3.7,5,5,5,8,SUFFIX(어미변화)
어정어정대며,eojeongeojeongdaemyeo,4,2,0,1,2,33,1,ʌtɕʌŋʌtɕʌŋtɛmjʌ,5,4,5,5,2,5,450.0,3.09,2,3200.0,5.89,3,0,2,#2F4F4F,31.3,-11.7,-3.7,5,5,5,1,REDUP(첩어・동일)
어정하게,eojeonghage,4,2,0,1,2,32,1,ʌtɕʌŋhake,5,2,5,7,2,5,450.0,3.09,2,1800.0,4.91,3,0,2,#2F4F4F,31.3,-11.7,-3.7,5,5,5,8,SUFFIX(어미변화)
어정어정하게,eojeongeojeonghage,4,2,0,1,2,33,1,ʌtɕʌŋʌtɕʌŋhake,5,4,5,7,2,5,450.0,3.09,2,3200.0,5.89,3,0,2,#2F4F4F,31.3,-11.7,-3.7,5,5,5,1,REDUP(첩어・동일)
어정한,eojeonghan,4,2,0,1,2,32,1,ʌtɕʌŋhan,5,2,5,7,2,5,450.0,3.09,2,1800.0,4.91,3,0,2,#2F4F4F,31.3,-11.7,-3.7,5,5,5,8,SUFFIX(어미변화)
어정어정한,eojeongeojeonghan,4,2,0,1,2,33,1,ʌtɕʌŋʌtɕʌŋhan,5,4,5,7,2,5,450.0,3.09,2,3200.0,5.89,3,0,2,#2F4F4F,31.3,-11.7,-3.7,5,5,5,1,REDUP(첩어・동일)
어정스럽게,eojeongseureopge,4,2,0,1,2,32,1,ʌtɕʌŋsɯrʌp̚ke,5,2,5,7,5,5,450.0,3.09,2,1800.0,4.91,3,0,3,#2F4F4F,31.3,-11.7,-3.7,5,5,5,8,SUFFIX(어미변화)
어정어정스럽게,eojeongeojeongseureopge,4,2,0,1,2,33,1,ʌtɕʌŋʌtɕʌŋsɯrʌp̚ke,5,4,5,7,5,5,450.0,3.09,2,3200.0,5.89,3,0,3,#2F4F4F,31.3,-11.7,-3.7,5,5,5,1,REDUP(첩어・동일)
어정스러운,eojeongseureoun,4,2,0,1,2,32,1,ʌtɕʌŋsɯrʌun,5,2,5,7,2,5,450.0,3.09,2,1800.0,4.91,3,0,2,#2F4F4F,31.3,-11.7,-3.7,5,5,5,8,SUFFIX(어미변화)
어정어정스러운,eojeongeojeongseureoun,4,2,0,1,2,33,1,ʌtɕʌŋʌtɕʌŋsɯrʌun,5,4,5,7,2,5,450.0,3.09,2,3200.0,5.89,3,0,2,#2F4F4F,31.3,-11.7,-3.7,5,5,5,1,REDUP(첩어・동일)
어정해서,eojeonghaeseo,4,2,0,1,2,32,1,ʌtɕʌŋhɛsʌ,5,2,5,7,2,5,450.0,3.09,2,1800.0,4.91,3,0,2,#2F4F4F,31.3,-11.7,-3.7,5,5,5,8,SUFFIX(어미변화)
어정어정해서,eojeongeojeonghaeseo,4,2,0,1,2,33,1,ʌtɕʌŋʌtɕʌŋhɛsʌ,5,4,5,7,2,5,450.0,3.09,2,3200.0,5.89,3,0,2,#2F4F4F,31.3,-11.7,-3.7,5,5,5,1,REDUP(첩어・동일)
어정하고,eojeonghago,4,2,0,1,2,32,1,ʌtɕʌŋhako,5,2,5,7,2,5,450.0,3.09,2,1800.0,4.91,3,0,2,#2F4F4F,31.3,-11.7,-3.7,5,5,5,8,SUFFIX(어미변화)
어정어정하고,eojeongeojeonghago,4,2,0,1,2,33,1,ʌtɕʌŋʌtɕʌŋhako,5,4,5,7,2,5,450.0,3.09,2,3200.0,5.89,3,0,2,#2F4F4F,31.3,-11.7,-3.7,5,5,5,1,REDUP(첩어・동일)
두리번,duribeon,4,2,0,1,2,8,1,turipʌn,5,8,7,5,2,5,450.0,3.09,3,800.0,3.53,3,0,2,#2F4F4F,31.3,-11.7,-3.7,5,5,0,0,SINGLE(단발)
두리번두리번,duribeonduribeon,4,2,0,1,2,1,1,turipʌnturipʌn,5,7,7,5,2,5,450.0,3.09,2,3200.0,5.89,3,0,2,#2F4F4F,31.3,-11.7,-3.7,5,5,5,1,REDUP(첩어・동일)
두리번두리번두리번,duribeonduribeonduribeon,4,2,0,1,2,1,1,turipʌnturipʌnturipʌn,5,7,7,5,2,5,450.0,3.09,2,3200.0,5.89,3,0,2,#2F4F4F,31.3,-11.7,-3.7,5,5,5,1,REDUP(첩어・동일)
두리번거리다,duribeongeorida,4,2,0,1,2,32,1,turipʌnkʌrita,5,2,5,5,2,5,450.0,3.09,2,1800.0,4.91,3,0,2,#2F4F4F,31.3,-11.7,-3.7,5,5,5,8,STEM+GEORIDA
두리번두리번거리다,duribeonduribeongeorida,4,2,0,1,2,33,1,turipʌnturipʌnkʌrita,5,4,5,5,2,5,450.0,3.09,2,3200.0,5.89,3,0,2,#2F4F4F,31.3,-11.7,-3.7,5,5,5,1,STEM+GEORIDA
두리번대다,duribeondaeda,4,2,0,1,2,32,1,turipʌntɛta,5,2,5,5,2,5,450.0,3.09,2,1800.0,4.91,3,0,2,#2F4F4F,31.3,-11.7,-3.7,5,5,5,8,STEM+DAEDA
두리번두리번대다,duribeonduribeondaeda,4,2,0,1,2,33,1,turipʌnturipʌntɛta,5,4,5,5,2,5,450.0,3.09,2,3200.0,5.89,3,0,2,#2F4F4F,31.3,-11.7,-3.7,5,5,5,1,STEM+DAEDA
두리번이다,duribeonida,4,2,0,1,2,32,1,turipʌnita,5,2,5,5,2,5,450.0,3.09,2,1800.0,4.91,3,0,2,#2F4F4F,31.3,-11.7,-3.7,5,5,5,8,STEM+IDA
두리번두리번이다,duribeonduribeonida,4,2,0,1,2,33,1,turipʌnturipʌnita,5,4,5,5,2,5,450.0,3.09,2,3200.0,5.89,3,0,2,#2F4F4F,31.3,-11.7,-3.7,5,5,5,1,STEM+IDA
두리번하다,duribeonhada,4,2,0,1,2,32,1,turipʌnhata,5,2,5,7,2,5,450.0,3.09,2,1800.0,4.91,3,0,2,#2F4F4F,31.3,-11.7,-3.7,5,5,5,8,STEM+HADA
두리번두리번하다,duribeonduribeonhada,4,2,0,1,2,33,1,turipʌnturipʌnhata,5,4,5,7,2,5,450.0,3.09,2,3200.0,5.89,3,0,2,#2F4F4F,31.3,-11.7,-3.7,5,5,5,1,STEM+HADA
두리번스럽다,duribeonseureopda,4,2,0,1,2,32,1,turipʌnsɯrʌp̚ta,5,2,5,7,5,5,450.0,3.09,2,1800.0,4.91,3,0,3,#2F4F4F,31.3,-11.7,-3.7,5,5,5,8,SUFFIX(어미변화)
두리번두리번스럽다,duribeonduribeonseureopda,4,2,0,1,2,33,1,turipʌnturipʌnsɯrʌp̚ta,5,4,5,7,5,5,450.0,3.09,2,3200.0,5.89,3,0,3,#2F4F4F,31.3,-11.7,-3.7,5,5,5,1,REDUP(첩어・동일)
두리번맞다,duribeonmajda,4,2,0,1,2,32,1,turipʌnmat̚ta,5,2,5,5,2,5,450.0,3.09,2,1800.0,4.91,3,0,2,#2F4F4F,31.3,-11.7,-3.7,5,5,5,8,SUFFIX(어미변화)
두리번두리번맞다,duribeonduribeonmajda,4,2,0,1,2,33,1,turipʌnturipʌnmat̚ta,5,4,5,5,2,5,450.0,3.09,2,3200.0,5.89,3,0,2,#2F4F4F,31.3,-11.7,-3.7,5,5,5,1,REDUP(첩어・동일)
두리번거리며,duribeongeorimyeo,4,2,0,1,2,32,1,turipʌnkʌrimjʌ,5,2,5,5,2,5,450.0,3.09,2,1800.0,4.91,3,0,2,#2F4F4F,31.3,-11.7,-3.7,5,5,5,8,SUFFIX(어미변화)
두리번두리번거리며,duribeonduribeongeorimyeo,4,2,0,1,2,33,1,turipʌnturipʌnkʌrimjʌ,5,4,5,5,2,5,450.0,3.09,2,3200.0,5.89,3,0,2,#2F4F4F,31.3,-11.7,-3.7,5,5,5,1,REDUP(첩어・동일)
두리번대며,duribeondaemyeo,4,2,0,1,2,32,1,turipʌntɛmjʌ,5,2,5,5,2,5,450.0,3.09,2,1800.0,4.91,3,0,2,#2F4F4F,31.3,-11.7,-3.7,5,5,5,8,SUFFIX(어미변화)
두리번두리번대며,duribeonduribeondaemyeo,4,2,0,1,2,33,1,turipʌnturipʌntɛmjʌ,5,4,5,5,2,5,450.0,3.09,2,3200.0,5.89,3,0,2,#2F4F4F,31.3,-11.7,-3.7,5,5,5,1,REDUP(첩어・동일)
두리번하게,duribeonhage,4,2,0,1,2,32,1,turipʌnhake,5,2,5,7,2,5,450.0,3.09,2,1800.0,4.91,3,0,2,#2F4F4F,31.3,-11.7,-3.7,5,5,5,8,SUFFIX(어미변화)
두리번두리번하게,duribeonduribeonhage,4,2,0,1,2,33,1,turipʌnturipʌnhake,5,4,5,7,2,5,450.0,3.09,2,3200.0,5.89,3,0,2,#2F4F4F,31.3,-11.7,-3.7,5,5,5,1,REDUP(첩어・동일)
두리번한,duribeonhan,4,2,0,1,2,32,1,turipʌnhan,5,2,5,7,2,5,450.0,3.09,2,1800.0,4.91,3,0,2,#2F4F4F,31.3,-11.7,-3.7,5,5,5,8,SUFFIX(어미변화)
두리번두리번한,duribeonduribeonhan,4,2,0,1,2,33,1,turipʌnturipʌnhan,5,4,5,7,2,5,450.0,3.09,2,3200.0,5.89,3,0,2,#2F4F4F,31.3,-11.7,-3.7,5,5,5,1,REDUP(첩어・동일)
두리번스럽게,duribeonseureopge,4,2,0,1,2,32,1,turipʌnsɯrʌp̚ke,5,2,5,7,5,5,450.0,3.09,2,1800.0,4.91,3,0,3,#2F4F4F,31.3,-11.7,-3.7,5,5,5,8,SUFFIX(어미변화)
두리번두리번스럽게,duribeonduribeonseureopge,4,2,0,1,2,33,1,turipʌnturipʌnsɯrʌp̚ke,5,4,5,7,5,5,450.0,3.09,2,3200.0,5.89,3,0,3,#2F4F4F,31.3,-11.7,-3.7,5,5,5,1,REDUP(첩어・동일)
두리번스러운,duribeonseureoun,4,2,0,1,2,32,1,turipʌnsɯrʌun,5,2,5,7,2,5,450.0,3.09,2,1800.0,4.91,3,0,2,#2F4F4F,31.3,-11.7,-3.7,5,5,5,8,SUFFIX(어미변화)
두리번두리번스러운,duribeonduribeonseureoun,4,2,0,1,2,33,1,turipʌnturipʌnsɯrʌun,5,4,5,7,2,5,450.0,3.09,2,3200.0,5.89,3,0,2,#2F4F4F,31.3,-11.7,-3.7,5,5,5,1,REDUP(첩어・동일)
두리번해서,duribeonhaeseo,4,2,0,1,2,32,1,turipʌnhɛsʌ,5,2,5,7,2,5,450.0,3.09,2,1800.0,4.91,3,0,2,#2F4F4F,31.3,-11.7,-3.7,5,5,5,8,SUFFIX(어미변화)
두리번두리번해서,duribeonduribeonhaeseo,4,2,0,1,2,33,1,turipʌnturipʌnhɛsʌ,5,4,5,7,2,5,450.0,3.09,2,3200.0,5.89,3,0,2,#2F4F4F,31.3,-11.7,-3.7,5,5,5,1,REDUP(첩어・동일)
두리번하고,duribeonhago,4,2,0,1,2,32,1,turipʌnhako,5,2,5,7,2,5,450.0,3.09,2,1800.0,4.91,3,0,2,#2F4F4F,31.3,-11.7,-3.7,5,5,5,8,SUFFIX(어미변화)
두리번두리번하고,duribeonduribeonhago,4,2,0,1,2,33,1,turipʌnturipʌnhako,5,4,5,7,2,5,450.0,3.09,2,3200.0,5.89,3,0,2,#2F4F4F,31.3,-11.7,-3.7,5,5,5,1,REDUP(첩어・동일)
기웃,gius,4,2,0,1,1,8,1,kius̚,1,8,7,5,7,5,2100.0,6.25,9,800.0,3.53,3,0,4,#FFD700,86.9,-1.9,87.1,5,5,0,0,SINGLE(단발)
기웃기웃,giusgius,4,2,0,1,1,1,1,kius̚kius̚,1,7,7,5,7,5,2100.0,6.25,8,3200.0,5.89,3,0,4,#FFD700,86.9,-1.9,87.1,5,5,5,1,REDUP(첩어・동일)
기웃기웃기웃,giusgiusgius,4,2,0,1,1,1,1,kius̚kius̚kius̚,1,7,7,5,7,5,2100.0,6.25,8,3200.0,5.89,3,0,4,#FFD700,86.9,-1.9,87.1,5,5,5,1,REDUP(첩어・동일)
기웃거리다,giusgeorida,4,2,0,1,1,32,1,kius̚kʌrita,1,2,5,5,7,5,2100.0,6.25,8,1800.0,4.91,3,0,4,#FFD700,86.9,-1.9,87.1,5,5,5,8,STEM+GEORIDA
기웃기웃거리다,giusgiusgeorida,4,2,0,1,1,33,1,kius̚kius̚kʌrita,1,4,5,5,7,5,2100.0,6.25,8,3200.0,5.89,3,0,4,#FFD700,86.9,-1.9,87.1,5,5,5,1,STEM+GEORIDA
기웃대다,giusdaeda,4,2,0,1,1,32,1,kius̚tɛta,1,2,5,5,7,5,2100.0,6.25,8,1800.0,4.91,3,0,4,#FFD700,86.9,-1.9,87.1,5,5,5,8,STEM+DAEDA
기웃기웃대다,giusgiusdaeda,4,2,0,1,1,33,1,kius̚kius̚tɛta,1,4,5,5,7,5,2100.0,6.25,8,3200.0,5.89,3,0,4,#FFD700,86.9,-1.9,87.1,5,5,5,1,STEM+DAEDA
기웃이다,giusida,4,2,0,1,1,32,1,kius̚ita,1,2,5,5,7,5,2100.0,6.25,8,1800.0,4.91,3,0,4,#FFD700,86.9,-1.9,87.1,5,5,5,8,STEM+IDA
기웃기웃이다,giusgiusida,4,2,0,1,1,33,1,kius̚kius̚ita,1,4,5,5,7,5,2100.0,6.25,8,3200.0,5.89,3,0,4,#FFD700,86.9,-1.9,87.1,5,5,5,1,STEM+IDA
기웃하다,giushada,4,2,0,1,1,32,1,kius̚hata,1,2,5,7,7,5,2100.0,6.25,8,1800.0,4.91,3,0,4,#FFD700,86.9,-1.9,87.1,5,5,5,8,STEM+HADA
기웃기웃하다,giusgiushada,4,2,0,1,1,33,1,kius̚kius̚hata,1,4,5,7,7,5,2100.0,6.25,8,3200.0,5.89,3,0,4,#FFD700,86.9,-1.9,87.1,5,5,5,1,STEM+HADA
기웃스럽다,giusseureopda,4,2,0,1,1,32,1,kius̚sɯrʌp̚ta,1,2,5,7,7,5,2100.0,6.25,8,1800.0,4.91,3,0,4,#FFD700,86.9,-1.9,87.1,5,5,5,8,SUFFIX(어미변화)
기웃기웃스럽다,giusgiusseureopda,4,2,0,1,1,33,1,kius̚kius̚sɯrʌp̚ta,1,4,5,7,7,5,2100.0,6.25,8,3200.0,5.89,3,0,4,#FFD700,86.9,-1.9,87.1,5,5,5,1,REDUP(첩어・동일)
기웃맞다,giusmajda,4,2,0,1,1,32,1,kius̚mat̚ta,1,2,5,5,7,5,2100.0,6.25,8,1800.0,4.91,3,0,4,#FFD700,86.9,-1.9,87.1,5,5,5,8,SUFFIX(어미변화)
기웃기웃맞다,giusgiusmajda,4,2,0,1,1,33,1,kius̚kius̚mat̚ta,1,4,5,5,7,5,2100.0,6.25,8,3200.0,5.89,3,0,4,#FFD700,86.9,-1.9,87.1,5,5,5,1,REDUP(첩어・동일)
기웃거리며,giusgeorimyeo,4,2,0,1,1,32,1,kius̚kʌrimjʌ,1,2,5,5,7,5,2100.0,6.25,8,1800.0,4.91,3,0,4,#FFD700,86.9,-1.9,87.1,5,5,5,8,SUFFIX(어미변화)
기웃기웃거리며,giusgiusgeorimyeo,4,2,0,1,1,33,1,kius̚kius̚kʌrimjʌ,1,4,5,5,7,5,2100.0,6.25,8,3200.0,5.89,3,0,4,#FFD700,86.9,-1.9,87.1,5,5,5,1,REDUP(첩어・동일)
기웃대며,giusdaemyeo,4,2,0,1,1,32,1,kius̚tɛmjʌ,1,2,5,5,7,5,2100.0,6.25,8,1800.0,4.91,3,0,4,#FFD700,86.9,-1.9,87.1,5,5,5,8,SUFFIX(어미변화)
기웃기웃대며,giusgiusdaemyeo,4,2,0,1,1,33,1,kius̚kius̚tɛmjʌ,1,4,5,5,7,5,2100.0,6.25,8,3200.0,5.89,3,0,4,#FFD700,86.9,-1.9,87.1,5,5,5,1,REDUP(첩어・동일)
기웃하게,giushage,4,2,0,1,1,32,1,kius̚hake,1,2,5,7,7,5,2100.0,6.25,8,1800.0,4.91,3,0,4,#FFD700,86.9,-1.9,87.1,5,5,5,8,SUFFIX(어미변화)
기웃기웃하게,giusgiushage,4,2,0,1,1,33,1,kius̚kius̚hake,1,4,5,7,7,5,2100.0,6.25,8,3200.0,5.89,3,0,4,#FFD700,86.9,-1.9,87.1,5,5,5,1,REDUP(첩어・동일)
기웃한,giushan,4,2,0,1,1,32,1,kius̚han,1,2,5,7,5,5,2100.0,6.25,8,1800.0,4.91,3,0,3,#FFD700,86.9,-1.9,87.1,5,5,5,8,SUFFIX(어미변화)
기웃기웃한,giusgiushan,4,2,0,1,1,33,1,kius̚kius̚han,1,4,5,7,5,5,2100.0,6.25,8,3200.0,5.89,3,0,3,#FFD700,86.9,-1.9,87.1,5,5,5,1,REDUP(첩어・동일)
기웃스럽게,giusseureopge,4,2,0,1,1,32,1,kius̚sɯrʌp̚ke,1,2,5,7,7,5,2100.0,6.25,8,1800.0,4.91,3,0,4,#FFD700,86.9,-1.9,87.1,5,5,5,8,SUFFIX(어미변화)
기웃기웃스럽게,giusgiusseureopge,4,2,0,1,1,33,1,kius̚kius̚sɯrʌp̚ke,1,4,5,7,7,5,2100.0,6.25,8,3200.0,5.89,3,0,4,#FFD700,86.9,-1.9,87.1,5,5,5,1,REDUP(첩어・동일)
기웃스러운,giusseureoun,4,2,0,1,1,32,1,kius̚sɯrʌun,1,2,5,7,5,5,2100.0,6.25,8,1800.0,4.91,3,0,3,#FFD700,86.9,-1.9,87.1,5,5,5,8,SUFFIX(어미변화)
기웃기웃스러운,giusgiusseureoun,4,2,0,1,1,33,1,kius̚kius̚sɯrʌun,1,4,5,7,5,5,2100.0,6.25,8,3200.0,5.89,3,0,3,#FFD700,86.9,-1.9,87.1,5,5,5,1,REDUP(첩어・동일)
기웃해서,giushaeseo,4,2,0,1,1,32,1,kius̚hɛsʌ,1,2,5,7,7,5,2100.0,6.25,8,1800.0,4.91,3,0,4,#FFD700,86.9,-1.9,87.1,5,5,5,8,SUFFIX(어미변화)
기웃기웃해서,giusgiushaeseo,4,2,0,1,1,33,1,kius̚kius̚hɛsʌ,1,4,5,7,7,5,2100.0,6.25,8,3200.0,5.89,3,0,4,#FFD700,86.9,-1.9,87.1,5,5,5,1,REDUP(첩어・동일)
기웃하고,giushago,4,2,0,1,1,32,1,kius̚hako,1,2,5,7,7,5,2100.0,6.25,8,1800.0,4.91,3,0,4,#FFD700,86.9,-1.9,87.1,5,5,5,8,SUFFIX(어미변화)
기웃기웃하고,giusgiushago,4,2,0,1,1,33,1,kius̚kius̚hako,1,4,5,7,7,5,2100.0,6.25,8,3200.0,5.89,3,0,4,#FFD700,86.9,-1.9,87.1,5,5,5,1,REDUP(첩어・동일)
히죽,hijug,4,2048,0,1,1,8,1,hitɕuk̚,1,8,5,7,7,5,2100.0,6.25,9,800.0,3.53,7,0,4,#FFD700,86.9,-1.9,87.1,5,5,0,0,SINGLE(단발)
히죽히죽,hijughijug,4,2048,0,1,1,1,1,hitɕuk̚hitɕuk̚,1,7,5,7,7,5,2100.0,6.25,8,3200.0,5.89,7,0,4,#FFD700,86.9,-1.9,87.1,5,5,5,1,REDUP(첩어・동일)
히죽히죽히죽,hijughijughijug,4,2048,0,1,1,1,1,hitɕuk̚hitɕuk̚hitɕuk̚,1,7,5,7,7,5,2100.0,6.25,8,3200.0,5.89,7,0,4,#FFD700,86.9,-1.9,87.1,5,5,5,1,REDUP(첩어・동일)
히죽거리다,hijuggeorida,4,2048,0,1,1,32,1,hitɕuk̚kʌrita,1,2,3,7,7,5,2100.0,6.25,8,1800.0,4.91,7,0,4,#FFD700,86.9,-1.9,87.1,5,5,5,8,STEM+GEORIDA
히죽히죽거리다,hijughijuggeorida,4,2048,0,1,1,33,1,hitɕuk̚hitɕuk̚kʌrita,1,4,3,7,7,5,2100.0,6.25,8,3200.0,5.89,7,0,4,#FFD700,86.9,-1.9,87.1,5,5,5,1,STEM+GEORIDA
히죽대다,hijugdaeda,4,2048,0,1,1,32,1,hitɕuk̚tɛta,1,2,3,7,7,5,2100.0,6.25,8,1800.0,4.91,7,0,4,#FFD700,86.9,-1.9,87.1,5,5,5,8,STEM+DAEDA
히죽히죽대다,hijughijugdaeda,4,2048,0,1,1,33,1,hitɕuk̚hitɕuk̚tɛta,1,4,3,7,7,5,2100.0,6.25,8,3200.0,5.89,7,0,4,#FFD700,86.9,-1.9,87.1,5,5,5,1,STEM+DAEDA
히죽이다,hijugida,4,2048,0,1,1,32,1,hitɕuk̚ita,1,2,3,7,7,5,2100.0,6.25,8,1800.0,4.91,7,0,4,#FFD700,86.9,-1.9,87.1,5,5,5,8,STEM+IDA
히죽히죽이다,hijughijugida,4,2048,0,1,1,33,1,hitɕuk̚hitɕuk̚ita,1,4,3,7,7,5,2100.0,6.25,8,3200.0,5.89,7,0,4,#FFD700,86.9,-1.9,87.1,5,5,5,1,STEM+IDA
히죽하다,hijughada,4,2048,0,1,1,32,1,hitɕuk̚hata,1,2,3,7,7,5,2100.0,6.25,8,1800.0,4.91,7,0,4,#FFD700,86.9,-1.9,87.1,5,5,5,8,STEM+HADA
히죽히죽하다,hijughijughada,4,2048,0,1,1,33,1,hitɕuk̚hitɕuk̚hata,1,4,3,7,7,5,2100.0,6.25,8,3200.0,5.89,7,0,4,#FFD700,86.9,-1.9,87.1,5,5,5,1,STEM+HADA
히죽스럽다,hijugseureopda,4,2048,0,1,1,32,1,hitɕuk̚sɯrʌp̚ta,1,2,3,7,7,5,2100.0,6.25,8,1800.0,4.91,7,0,4,#FFD700,86.9,-1.9,87.1,5,5,5,8,SUFFIX(어미변화)
히죽히죽스럽다,hijughijugseureopda,4,2048,0,1,1,33,1,hitɕuk̚hitɕuk̚sɯrʌp̚ta,1,4,3,7,7,5,2100.0,6.25,8,3200.0,5.89,7,0,4,#FFD700,86.9,-1.9,87.1,5,5,5,1,REDUP(첩어・동일)
히죽맞다,hijugmajda,4,2048,0,1,1,32,1,hitɕuk̚mat̚ta,1,2,3,7,7,5,2100.0,6.25,8,1800.0,4.91,7,0,4,#FFD700,86.9,-1.9,87.1,5,5,5,8,SUFFIX(어미변화)
히죽히죽맞다,hijughijugmajda,4,2048,0,1,1,33,1,hitɕuk̚hitɕuk̚mat̚ta,1,4,3,7,7,5,2100.0,6.25,8,3200.0,5.89,7,0,4,#FFD700,86.9,-1.9,87.1,5,5,5,1,REDUP(첩어・동일)
히죽거리며,hijuggeorimyeo,4,2048,0,1,1,32,1,hitɕuk̚kʌrimjʌ,1,2,3,7,7,5,2100.0,6.25,8,1800.0,4.91,7,0,4,#FFD700,86.9,-1.9,87.1,5,5,5,8,SUFFIX(어미변화)
히죽히죽거리며,hijughijuggeorimyeo,4,2048,0,1,1,33,1,hitɕuk̚hitɕuk̚kʌrimjʌ,1,4,3,7,7,5,2100.0,6.25,8,3200.0,5.89,7,0,4,#FFD700,86.9,-1.9,87.1,5,5,5,1,REDUP(첩어・동일)
히죽대며,hijugdaemyeo,4,2048,0,1,1,32,1,hitɕuk̚tɛmjʌ,1,2,3,7,7,5,2100.0,6.25,8,1800.0,4.91,7,0,4,#FFD700,86.9,-1.9,87.1,5,5,5,8,SUFFIX(어미변화)
히죽히죽대며,hijughijugdaemyeo,4,2048,0,1,1,33,1,hitɕuk̚hitɕuk̚tɛmjʌ,1,4,3,7,7,5,2100.0,6.25,8,3200.0,5.89,7,0,4,#FFD700,86.9,-1.9,87.1,5,5,5,1,REDUP(첩어・동일)
히죽하게,hijughage,4,2048,0,1,1,32,1,hitɕuk̚hake,1,2,3,7,7,5,2100.0,6.25,8,1800.0,4.91,7,0,4,#FFD700,86.9,-1.9,87.1,5,5,5,8,SUFFIX(어미변화)
히죽히죽하게,hijughijughage,4,2048,0,1,1,33,1,hitɕuk̚hitɕuk̚hake,1,4,3,7,7,5,2100.0,6.25,8,3200.0,5.89,7,0,4,#FFD700,86.9,-1.9,87.1,5,5,5,1,REDUP(첩어・동일)
히죽한,hijughan,4,2048,0,1,1,32,1,hitɕuk̚han,1,2,3,7,5,5,2100.0,6.25,8,1800.0,4.91,7,0,3,#FFD700,86.9,-1.9,87.1,5,5,5,8,SUFFIX(어미변화)
히죽히죽한,hijughijughan,4,2048,0,1,1,33,1,hitɕuk̚hitɕuk̚han,1,4,3,7,5,5,2100.0,6.25,8,3200.0,5.89,7,0,3,#FFD700,86.9,-1.9,87.1,5,5,5,1,REDUP(첩어・동일)
히죽스럽게,hijugseureopge,4,2048,0,1,1,32,1,hitɕuk̚sɯrʌp̚ke,1,2,3,7,7,5,2100.0,6.25,8,1800.0,4.91,7,0,4,#FFD700,86.9,-1.9,87.1,5,5,5,8,SUFFIX(어미변화)
히죽히죽스럽게,hijughijugseureopge,4,2048,0,1,1,33,1,hitɕuk̚hitɕuk̚sɯrʌp̚ke,1,4,3,7,7,5,2100.0,6.25,8,3200.0,5.89,7,0,4,#FFD700,86.9,-1.9,87.1,5,5,5,1,REDUP(첩어・동일)
히죽스러운,hijugseureoun,4,2048,0,1,1,32,1,hitɕuk̚sɯrʌun,1,2,3,7,5,5,2100.0,6.25,8,1800.0,4.91,7,0,3,#FFD700,86.9,-1.9,87.1,5,5,5,8,SUFFIX(어미변화)
히죽히죽스러운,hijughijugseureoun,4,2048,0,1,1,33,1,hitɕuk̚hitɕuk̚sɯrʌun,1,4,3,7,5,5,2100.0,6.25,8,3200.0,5.89,7,0,3,#FFD700,86.9,-1.9,87.1,5,5,5,1,REDUP(첩어・동일)
히죽해서,hijughaeseo,4,2048,0,1,1,32,1,hitɕuk̚hɛsʌ,1,2,3,7,7,5,2100.0,6.25,8,1800.0,4.91,7,0,4,#FFD700,86.9,-1.9,87.1,5,5,5,8,SUFFIX(어미변화)
히죽히죽해서,hijughijughaeseo,4,2048,0,1,1,33,1,hitɕuk̚hitɕuk̚hɛsʌ,1,4,3,7,7,5,2100.0,6.25,8,3200.0,5.89,7,0,4,#FFD700,86.9,-1.9,87.1,5,5,5,1,REDUP(첩어・동일)
히죽하고,hijughago,4,2048,0,1,1,32,1,hitɕuk̚hako,1,2,3,7,7,5,2100.0,6.25,8,1800.0,4.91,7,0,4,#FFD700,86.9,-1.9,87.1,5,5,5,8,SUFFIX(어미변화)
히죽히죽하고,hijughijughago,4,2048,0,1,1,33,1,hitɕuk̚hitɕuk̚hako,1,4,3,7,7,5,2100.0,6.25,8,3200.0,5.89,7,0,4,#FFD700,86.9,-1.9,87.1,5,5,5,1,REDUP(첩어・동일)
생글,saenggeul,4,2048,1,1,1,8,1,sɛŋkɯl,1,8,5,7,2,5,2100.0,6.25,9,800.0,3.53,7,0,2,#FFD700,86.9,-1.9,87.1,5,5,0,0,SINGLE(단발)
생글생글,saenggeulsaenggeul,4,2048,1,1,1,1,1,sɛŋkɯlsɛŋkɯl,1,7,5,7,2,5,2100.0,6.25,8,3200.0,5.89,7,0,2,#FFD700,86.9,-1.9,87.1,5,5,5,1,REDUP(첩어・동일)
생글생글생글,saenggeulsaenggeulsaenggeul,4,2048,1,1,1,1,1,sɛŋkɯlsɛŋkɯlsɛŋkɯl,1,7,5,7,2,5,2100.0,6.25,8,3200.0,5.89,7,0,2,#FFD700,86.9,-1.9,87.1,5,5,5,1,REDUP(첩어・동일)
생글거리다,saenggeulgeorida,4,2048,1,1,1,32,1,sɛŋkɯlkʌrita,1,2,3,7,2,5,2100.0,6.25,8,1800.0,4.91,7,0,2,#FFD700,86.9,-1.9,87.1,5,5,5,8,STEM+GEORIDA
생글생글거리다,saenggeulsaenggeulgeorida,4,2048,1,1,1,33,1,sɛŋkɯlsɛŋkɯlkʌrita,1,4,3,7,2,5,2100.0,6.25,8,3200.0,5.89,7,0,2,#FFD700,86.9,-1.9,87.1,5,5,5,1,STEM+GEORIDA
생글대다,saenggeuldaeda,4,2048,1,1,1,32,1,sɛŋkɯltɛta,1,2,3,7,2,5,2100.0,6.25,8,1800.0,4.91,7,0,2,#FFD700,86.9,-1.9,87.1,5,5,5,8,STEM+DAEDA
생글생글대다,saenggeulsaenggeuldaeda,4,2048,1,1,1,33,1,sɛŋkɯlsɛŋkɯltɛta,1,4,3,7,2,5,2100.0,6.25,8,3200.0,5.89,7,0,2,#FFD700,86.9,-1.9,87.1,5,5,5,1,STEM+DAEDA
생글이다,saenggeulida,4,2048,1,1,1,32,1,sɛŋkɯlita,1,2,3,7,2,5,2100.0,6.25,8,1800.0,4.91,7,0,2,#FFD700,86.9,-1.9,87.1,5,5,5,8,STEM+IDA
생글생글이다,saenggeulsaenggeulida,4,2048,1,1,1,33,1,sɛŋkɯlsɛŋkɯlita,1,4,3,7,2,5,2100.0,6.25,8,3200.0,5.89,7,0,2,#FFD700,86.9,-1.9,87.1,5,5,5,1,STEM+IDA
생글하다,saenggeulhada,4,2048,1,1,1,32,1,sɛŋkɯlhata,1,2,3,7,2,5,2100.0,6.25,8,1800.0,4.91,7,0,2,#FFD700,86.9,-1.9,87.1,5,5,5,8,STEM+HADA
생글생글하다,saenggeulsaenggeulhada,4,2048,1,1,1,33,1,sɛŋkɯlsɛŋkɯlhata,1,4,3,7,2,5,2100.0,6.25,8,3200.0,5.89,7,0,2,#FFD700,86.9,-1.9,87.1,5,5,5,1,STEM+HADA
생글스럽다,saenggeulseureopda,4,2048,1,1,1,32,1,sɛŋkɯlsɯrʌp̚ta,1,2,3,7,5,5,2100.0,6.25,8,1800.0,4.91,7,0,3,#FFD700,86.9,-1.9,87.1,5,5,5,8,SUFFIX(어미변화)
생글생글스럽다,saenggeulsaenggeulseureopda,4,2048,1,1,1,33,1,sɛŋkɯlsɛŋkɯlsɯrʌp̚ta,1,4,3,7,5,5,2100.0,6.25,8,3200.0,5.89,7,0,3,#FFD700,86.9,-1.9,87.1,5,5,5,1,REDUP(첩어・동일)
생글맞다,saenggeulmajda,4,2048,1,1,1,32,1,sɛŋkɯlmat̚ta,1,2,3,7,2,5,2100.0,6.25,8,1800.0,4.91,7,0,2,#FFD700,86.9,-1.9,87.1,5,5,5,8,SUFFIX(어미변화)
생글생글맞다,saenggeulsaenggeulmajda,4,2048,1,1,1,33,1,sɛŋkɯlsɛŋkɯlmat̚ta,1,4,3,7,2,5,2100.0,6.25,8,3200.0,5.89,7,0,2,#FFD700,86.9,-1.9,87.1,5,5,5,1,REDUP(첩어・동일)
생글거리며,saenggeulgeorimyeo,4,2048,1,1,1,32,1,sɛŋkɯlkʌrimjʌ,1,2,3,7,2,5,2100.0,6.25,8,1800.0,4.91,7,0,2,#FFD700,86.9,-1.9,87.1,5,5,5,8,SUFFIX(어미변화)
생글생글거리며,saenggeulsaenggeulgeorimyeo,4,2048,1,1,1,33,1,sɛŋkɯlsɛŋkɯlkʌrimjʌ,1,4,3,7,2,5,2100.0,6.25,8,3200.0,5.89,7,0,2,#FFD700,86.9,-1.9,87.1,5,5,5,1,REDUP(첩어・동일)
생글대며,saenggeuldaemyeo,4,2048,1,1,1,32,1,sɛŋkɯltɛmjʌ,1,2,3,7,2,5,2100.0,6.25,8,1800.0,4.91,7,0,2,#FFD700,86.9,-1.9,87.1,5,5,5,8,SUFFIX(어미변화)
생글생글대며,saenggeulsaenggeuldaemyeo,4,2048,1,1,1,33,1,sɛŋkɯlsɛŋkɯltɛmjʌ,1,4,3,7,2,5,2100.0,6.25,8,3200.0,5.89,7,0,2,#FFD700,86.9,-1.9,87.1,5,5,5,1,REDUP(첩어・동일)
생글하게,saenggeulhage,4,2048,1,1,1,32,1,sɛŋkɯlhake,1,2,3,7,2,5,2100.0,6.25,8,1800.0,4.91,7,0,2,#FFD700,86.9,-1.9,87.1,5,5,5,8,SUFFIX(어미변화)
생글생글하게,saenggeulsaenggeulhage,4,2048,1,1,1,33,1,sɛŋkɯlsɛŋkɯlhake,1,4,3,7,2,5,2100.0,6.25,8,3200.0,5.89,7,0,2,#FFD700,86.9,-1.9,87.1,5,5,5,1,REDUP(첩어・동일)
생글한,saenggeulhan,4,2048,1,1,1,32,1,sɛŋkɯlhan,1,2,3,7,2,5,2100.0,6.25,8,1800.0,4.91,7,0,2,#FFD700,86.9,-1.9,87.1,5,5,5,8,SUFFIX(어미변화)
생글생글한,saenggeulsaenggeulhan,4,2048,1,1,1,33,1,sɛŋkɯlsɛŋkɯlhan,1,4,3,7,2,5,2100.0,6.25,8,3200.0,5.89,7,0,2,#FFD700,86.9,-1.9,87.1,5,5,5,1,REDUP(첩어・동일)
생글스럽게,saenggeulseureopge,4,2048,1,1,1,32,1,sɛŋkɯlsɯrʌp̚ke,1,2,3,7,5,5,2100.0,6.25,8,1800.0,4.91,7,0,3,#FFD700,86.9,-1.9,87.1,5,5,5,8,SUFFIX(어미변화)
생글생글스럽게,saenggeulsaenggeulseureopge,4,2048,1,1,1,33,1,sɛŋkɯlsɛŋkɯlsɯrʌp̚ke,1,4,3,7,5,5,2100.0,6.25,8,3200.0,5.89,7,0,3,#FFD700,86.9,-1.9,87.1,5,5,5,1,REDUP(첩어・동일)
생글스러운,saenggeulseureoun,4,2048,1,1,1,32,1,sɛŋkɯlsɯrʌun,1,2,3,7,2,5,2100.0,6.25,8,1800.0,4.91,7,0,2,#FFD700,86.9,-1.9,87.1,5,5,5,8,SUFFIX(어미변화)
생글생글스러운,saenggeulsaenggeulseureoun,4,2048,1,1,1,33,1,sɛŋkɯlsɛŋkɯlsɯrʌun,1,4,3,7,2,5,2100.0,6.25,8,3200.0,5.89,7,0,2,#FFD700,86.9,-1.9,87.1,5,5,5,1,REDUP(첩어・동일)
생글해서,saenggeulhaeseo,4,2048,1,1,1,32,1,sɛŋkɯlhɛsʌ,1,2,3,7,2,5,2100.0,6.25,8,1800.0,4.91,7,0,2,#FFD700,86.9,-1.9,87.1,5,5,5,8,SUFFIX(어미변화)
생글생글해서,saenggeulsaenggeulhaeseo,4,2048,1,1,1,33,1,sɛŋkɯlsɛŋkɯlhɛsʌ,1,4,3,7,2,5,2100.0,6.25,8,3200.0,5.89,7,0,2,#FFD700,86.9,-1.9,87.1,5,5,5,1,REDUP(첩어・동일)
생글하고,saenggeulhago,4,2048,1,1,1,32,1,sɛŋkɯlhako,1,2,3,7,2,5,2100.0,6.25,8,1800.0,4.91,7,0,2,#FFD700,86.9,-1.9,87.1,5,5,5,8,SUFFIX(어미변화)
생글생글하고,saenggeulsaenggeulhago,4,2048,1,1,1,33,1,sɛŋkɯlsɛŋkɯlhako,1,4,3,7,2,5,2100.0,6.25,8,3200.0,5.89,7,0,2,#FFD700,86.9,-1.9,87.1,5,5,5,1,REDUP(첩어・동일)
벙글,beonggeul,4,2048,1,1,2,8,1,pʌŋkɯl,5,8,5,5,2,5,450.0,3.09,3,800.0,3.53,7,0,2,#2F4F4F,31.3,-11.7,-3.7,5,5,0,0,SINGLE(단발)
벙글벙글,beonggeulbeonggeul,4,2048,1,1,2,1,1,pʌŋkɯlpʌŋkɯl,5,7,5,5,2,5,450.0,3.09,2,3200.0,5.89,7,0,2,#2F4F4F,31.3,-11.7,-3.7,5,5,5,1,REDUP(첩어・동일)
벙글벙글벙글,beonggeulbeonggeulbeonggeul,4,2048,1,1,2,1,1,pʌŋkɯlpʌŋkɯlpʌŋkɯl,5,7,5,5,2,5,450.0,3.09,2,3200.0,5.89,7,0,2,#2F4F4F,31.3,-11.7,-3.7,5,5,5,1,REDUP(첩어・동일)
벙글거리다,beonggeulgeorida,4,2048,1,1,2,32,1,pʌŋkɯlkʌrita,5,2,3,5,2,5,450.0,3.09,2,1800.0,4.91,7,0,2,#2F4F4F,31.3,-11.7,-3.7,5,5,5,8,STEM+GEORIDA
벙글벙글거리다,beonggeulbeonggeulgeorida,4,2048,1,1,2,33,1,pʌŋkɯlpʌŋkɯlkʌrita,5,4,3,5,2,5,450.0,3.09,2,3200.0,5.89,7,0,2,#2F4F4F,31.3,-11.7,-3.7,5,5,5,1,STEM+GEORIDA
벙글대다,beonggeuldaeda,4,2048,1,1,2,32,1,pʌŋkɯltɛta,5,2,3,5,2,5,450.0,3.09,2,1800.0,4.91,7,0,2,#2F4F4F,31.3,-11.7,-3.7,5,5,5,8,STEM+DAEDA
벙글벙글대다,beonggeulbeonggeuldaeda,4,2048,1,1,2,33,1,pʌŋkɯlpʌŋkɯltɛta,5,4,3,5,2,5,450.0,3.09,2,3200.0,5.89,7,0,2,#2F4F4F,31.3,-11.7,-3.7,5,5,5,1,STEM+DAEDA
벙글이다,beonggeulida,4,2048,1,1,2,32,1,pʌŋkɯlita,5,2,3,5,2,5,450.0,3.09,2,1800.0,4.91,7,0,2,#2F4F4F,31.3,-11.7,-3.7,5,5,5,8,STEM+IDA
벙글벙글이다,beonggeulbeonggeulida,4,2048,1,1,2,33,1,pʌŋkɯlpʌŋkɯlita,5,4,3,5,2,5,450.0,3.09,2,3200.0,5.89,7,0,2,#2F4F4F,31.3,-11.7,-3.7,5,5,5,1,STEM+IDA
벙글하다,beonggeulhada,4,2048,1,1,2,32,1,pʌŋkɯlhata,5,2,3,7,2,5,450.0,3.09,2,1800.0,4.91,7,0,2,#2F4F4F,31.3,-11.7,-3.7,5,5,5,8,STEM+HADA
벙글벙글하다,beonggeulbeonggeulhada,4,2048,1,1,2,33,1,pʌŋkɯlpʌŋkɯlhata,5,4,3,7,2,5,450.0,3.09,2,3200.0,5.89,7,0,2,#2F4F4F,31.3,-11.7,-3.7,5,5,5,1,STEM+HADA
벙글스럽다,beonggeulseureopda,4,2048,1,1,2,32,1,pʌŋkɯlsɯrʌp̚ta,5,2,3,7,5,5,450.0,3.09,2,1800.0,4.91,7,0,3,#2F4F4F,31.3,-11.7,-3.7,5,5,5,8,SUFFIX(어미변화)
벙글벙글스럽다,beonggeulbeonggeulseureopda,4,2048,1,1,2,33,1,pʌŋkɯlpʌŋkɯlsɯrʌp̚ta,5,4,3,7,5,5,450.0,3.09,2,3200.0,5.89,7,0,3,#2F4F4F,31.3,-11.7,-3.7,5,5,5,1,REDUP(첩어・동일)
벙글맞다,beonggeulmajda,4,2048,1,1,2,32,1,pʌŋkɯlmat̚ta,5,2,3,5,2,5,450.0,3.09,2,1800.0,4.91,7,0,2,#2F4F4F,31.3,-11.7,-3.7,5,5,5,8,SUFFIX(어미변화)
벙글벙글맞다,beonggeulbeonggeulmajda,4,2048,1,1,2,33,1,pʌŋkɯlpʌŋkɯlmat̚ta,5,4,3,5,2,5,450.0,3.09,2,3200.0,5.89,7,0,2,#2F4F4F,31.3,-11.7,-3.7,5,5,5,1,REDUP(첩어・동일)
벙글거리며,beonggeulgeorimyeo,4,2048,1,1,2,32,1,pʌŋkɯlkʌrimjʌ,5,2,3,5,2,5,450.0,3.09,2,1800.0,4.91,7,0,2,#2F4F4F,31.3,-11.7,-3.7,5,5,5,8,SUFFIX(어미변화)
벙글벙글거리며,beonggeulbeonggeulgeorimyeo,4,2048,1,1,2,33,1,pʌŋkɯlpʌŋkɯlkʌrimjʌ,5,4,3,5,2,5,450.0,3.09,2,3200.0,5.89,7,0,2,#2F4F4F,31.3,-11.7,-3.7,5,5,5,1,REDUP(첩어・동일)
벙글대며,beonggeuldaemyeo,4,2048,1,1,2,32,1,pʌŋkɯltɛmjʌ,5,2,3,5,2,5,450.0,3.09,2,1800.0,4.91,7,0,2,#2F4F4F,31.3,-11.7,-3.7,5,5,5,8,SUFFIX(어미변화)
벙글벙글대며,beonggeulbeonggeuldaemyeo,4,2048,1,1,2,33,1,pʌŋkɯlpʌŋkɯltɛmjʌ,5,4,3,5,2,5,450.0,3.09,2,3200.0,5.89,7,0,2,#2F4F4F,31.3,-11.7,-3.7,5,5,5,1,REDUP(첩어・동일)
벙글하게,beonggeulhage,4,2048,1,1,2,32,1,pʌŋkɯlhake,5,2,3,7,2,5,450.0,3.09,2,1800.0,4.91,7,0,2,#2F4F4F,31.3,-11.7,-3.7,5,5,5,8,SUFFIX(어미변화)
벙글벙글하게,beonggeulbeonggeulhage,4,2048,1,1,2,33,1,pʌŋkɯlpʌŋkɯlhake,5,4,3,7,2,5,450.0,3.09,2,3200.0,5.89,7,0,2,#2F4F4F,31.3,-11.7,-3.7,5,5,5,1,REDUP(첩어・동일)
벙글한,beonggeulhan,4,2048,1,1,2,32,1,pʌŋkɯlhan,5,2,3,7,2,5,450.0,3.09,2,1800.0,4.91,7,0,2,#2F4F4F,31.3,-11.7,-3.7,5,5,5,8,SUFFIX(어미변화)
벙글벙글한,beonggeulbeonggeulhan,4,2048,1,1,2,33,1,pʌŋkɯlpʌŋkɯlhan,5,4,3,7,2,5,450.0,3.09,2,3200.0,5.89,7,0,2,#2F4F4F,31.3,-11.7,-3.7,5,5,5,1,REDUP(첩어・동일)
벙글스럽게,beonggeulseureopge,4,2048,1,1,2,32,1,pʌŋkɯlsɯrʌp̚ke,5,2,3,7,5,5,450.0,3.09,2,1800.0,4.91,7,0,3,#2F4F4F,31.3,-11.7,-3.7,5,5,5,8,SUFFIX(어미변화)
벙글벙글스럽게,beonggeulbeonggeulseureopge,4,2048,1,1,2,33,1,pʌŋkɯlpʌŋkɯlsɯrʌp̚ke,5,4,3,7,5,5,450.0,3.09,2,3200.0,5.89,7,0,3,#2F4F4F,31.3,-11.7,-3.7,5,5,5,1,REDUP(첩어・동일)
벙글스러운,beonggeulseureoun,4,2048,1,1,2,32,1,pʌŋkɯlsɯrʌun,5,2,3,7,2,5,450.0,3.09,2,1800.0,4.91,7,0,2,#2F4F4F,31.3,-11.7,-3.7,5,5,5,8,SUFFIX(어미변화)
벙글벙글스러운,beonggeulbeonggeulseureoun,4,2048,1,1,2,33,1,pʌŋkɯlpʌŋkɯlsɯrʌun,5,4,3,7,2,5,450.0,3.09,2,3200.0,5.89,7,0,2,#2F4F4F,31.3,-11.7,-3.7,5,5,5,1,REDUP(첩어・동일)
벙글해서,beonggeulhaeseo,4,2048,1,1,2,32,1,pʌŋkɯlhɛsʌ,5,2,3,7,2,5,450.0,3.09,2,1800.0,4.91,7,0,2,#2F4F4F,31.3,-11.7,-3.7,5,5,5,8,SUFFIX(어미변화)
벙글벙글해서,beonggeulbeonggeulhaeseo,4,2048,1,1,2,33,1,pʌŋkɯlpʌŋkɯlhɛsʌ,5,4,3,7,2,5,450.0,3.09,2,3200.0,5.89,7,0,2,#2F4F4F,31.3,-11.7,-3.7,5,5,5,1,REDUP(첩어・동일)
벙글하고,beonggeulhago,4,2048,1,1,2,32,1,pʌŋkɯlhako,5,2,3,7,2,5,450.0,3.09,2,1800.0,4.91,7,0,2,#2F4F4F,31.3,-11.7,-3.7,5,5,5,8,SUFFIX(어미변화)
벙글벙글하고,beonggeulbeonggeulhago,4,2048,1,1,2,33,1,pʌŋkɯlpʌŋkɯlhako,5,4,3,7,2,5,450.0,3.09,2,3200.0,5.89,7,0,2,#2F4F4F,31.3,-11.7,-3.7,5,5,5,1,REDUP(첩어・동일)
까르르,kkareureu,1,2048,1,4,1,8,1,k͈arɯrɯ,4,8,6,6,7,5,2600.0,6.69,9,800.0,3.53,9,0,4,#FFD700,86.9,-1.9,87.1,5,5,0,0,SINGLE(단발)
까르르까르르,kkareureukkareureu,1,2048,1,4,1,1,1,k͈arɯrɯk͈arɯrɯ,4,7,6,6,7,5,2600.0,6.69,8,3200.0,5.89,9,0,4,#FFD700,86.9,-1.9,87.1,5,5,5,1,REDUP(첩어・동일)
까르르까르르까르르,kkareureukkareureukkareureu,1,2048,1,4,1,1,1,k͈arɯrɯk͈arɯrɯk͈arɯrɯ,4,7,6,6,7,5,2600.0,6.69,8,3200.0,5.89,9,0,4,#FFD700,86.9,-1.9,87.1,5,5,5,1,REDUP(첩어・동일)
까르르거리다,kkareureugeorida,1,2048,1,4,1,32,1,k͈arɯrɯkʌrita,4,2,4,6,7,5,2600.0,6.69,8,1800.0,4.91,9,0,4,#FFD700,86.9,-1.9,87.1,5,5,5,8,STEM+GEORIDA
까르르까르르거리다,kkareureukkareureugeorida,1,2048,1,4,1,33,1,k͈arɯrɯk͈arɯrɯkʌrita,4,4,4,6,7,5,2600.0,6.69,8,3200.0,5.89,9,0,4,#FFD700,86.9,-1.9,87.1,5,5,5,1,STEM+GEORIDA
까르르대다,kkareureudaeda,1,2048,1,4,1,32,1,k͈arɯrɯtɛta,4,2,4,6,7,5,2600.0,6.69,8,1800.0,4.91,9,0,4,#FFD700,86.9,-1.9,87.1,5,5,5,8,STEM+DAEDA
까르르까르르대다,kkareureukkareureudaeda,1,2048,1,4,1,33,1,k͈arɯrɯk͈arɯrɯtɛta,4,4,4,6,7,5,2600.0,6.69,8,3200.0,5.89,9,0,4,#FFD700,86.9,-1.9,87.1,5,5,5,1,STEM+DAEDA
까르르이다,kkareureuida,1,2048,1,4,1,32,1,k͈arɯrɯita,4,2,4,6,7,5,2600.0,6.69,8,1800.0,4.91,9,0,4,#FFD700,86.9,-1.9,87.1,5,5,5,8,STEM+IDA
까르르까르르이다,kkareureukkareureuida,1,2048,1,4,1,33,1,k͈arɯrɯk͈arɯrɯita,4,4,4,6,7,5,2600.0,6.69,8,3200.0,5.89,9,0,4,#FFD700,86.9,-1.9,87.1,5,5,5,1,STEM+IDA
까르르하다,kkareureuhada,1,2048,1,4,1,32,1,k͈arɯrɯhata,4,2,4,8,7,5,2600.0,6.69,8,1800.0,4.91,9,0,4,#FFD700,86.9,-1.9,87.1,5,5,5,8,STEM+HADA
까르르까르르하다,kkareureukkareureuhada,1,2048,1,4,1,33,1,k͈arɯrɯk͈arɯrɯhata,4,4,4,8,7,5,2600.0,6.69,8,3200.0,5.89,9,0,4,#FFD700,86.9,-1.9,87.1,5,5,5,1,STEM+HADA
까르르스럽다,kkareureuseureopda,1,2048,1,4,1,32,1,k͈arɯrɯsɯrʌp̚ta,4,2,4,8,7,5,2600.0,6.69,8,1800.0,4.91,9,0,4,#FFD700,86.9,-1.9,87.1,5,5,5,8,SUFFIX(어미변화)
까르르까르르스럽다,kkareureukkareureuseureopda,1,2048,1,4,1,33,1,k͈arɯrɯk͈arɯrɯsɯrʌp̚ta,4,4,4,8,7,5,2600.0,6.69,8,3200.0,5.89,9,0,4,#FFD700,86.9,-1.9,87.1,5,5,5,1,REDUP(첩어・동일)
까르르맞다,kkareureumajda,1,2048,1,4,1,32,1,k͈arɯrɯmat̚ta,4,2,4,6,7,5,2600.0,6.69,8,1800.0,4.91,9,0,4,#FFD700,86.9,-1.9,87.1,5,5,5,8,SUFFIX(어미변화)
까르르까르르맞다,kkareureukkareureumajda,1,2048,1,4,1,33,1,k͈arɯrɯk͈arɯrɯmat̚ta,4,4,4,6,7,5,2600.0,6.69,8,3200.0,5.89,9,0,4,#FFD700,86.9,-1.9,87.1,5,5,5,1,REDUP(첩어・동일)
까르르거리며,kkareureugeorimyeo,1,2048,1,4,1,32,1,k͈arɯrɯkʌrimjʌ,4,2,4,6,7,5,2600.0,6.69,8,1800.0,4.91,9,0,4,#FFD700,86.9,-1.9,87.1,5,5,5,8,SUFFIX(어미변화)
까르르까르르거리며,kkareureukkareureugeorimyeo,1,2048,1,4,1,33,1,k͈arɯrɯk͈arɯrɯkʌrimjʌ,4,4,4,6,7,5,2600.0,6.69,8,3200.0,5.89,9,0,4,#FFD700,86.9,-1.9,87.1,5,5,5,1,REDUP(첩어・동일)
까르르대며,kkareureudaemyeo,1,2048,1,4,1,32,1,k͈arɯrɯtɛmjʌ,4,2,4,6,7,5,2600.0,6.69,8,1800.0,4.91,9,0,4,#FFD700,86.9,-1.9,87.1,5,5,5,8,SUFFIX(어미변화)
까르르까르르대며,kkareureukkareureudaemyeo,1,2048,1,4,1,33,1,k͈arɯrɯk͈arɯrɯtɛmjʌ,4,4,4,6,7,5,2600.0,6.69,8,3200.0,5.89,9,0,4,#FFD700,86.9,-1.9,87.1,5,5,5,1,REDUP(첩어・동일)
까르르하게,kkareureuhage,1,2048,1,4,1,32,1,k͈arɯrɯhake,4,2,4,8,7,5,2600.0,6.69,8,1800.0,4.91,9,0,4,#FFD700,86.9,-1.9,87.1,5,5,5,8,SUFFIX(어미변화)
까르르까르르하게,kkareureukkareureuhage,1,2048,1,4,1,33,1,k͈arɯrɯk͈arɯrɯhake,4,4,4,8,7,5,2600.0,6.69,8,3200.0,5.89,9,0,4,#FFD700,86.9,-1.9,87.1,5,5,5,1,REDUP(첩어・동일)
까르르한,kkareureuhan,1,2048,1,4,1,32,1,k͈arɯrɯhan,4,2,4,8,5,5,2600.0,6.69,8,1800.0,4.91,9,0,3,#FFD700,86.9,-1.9,87.1,5,5,5,8,SUFFIX(어미변화)
까르르까르르한,kkareureukkareureuhan,1,2048,1,4,1,33,1,k͈arɯrɯk͈arɯrɯhan,4,4,4,8,5,5,2600.0,6.69,8,3200.0,5.89,9,0,3,#FFD700,86.9,-1.9,87.1,5,5,5,1,REDUP(첩어・동일)
까르르스럽게,kkareureuseureopge,1,2048,1,4,1,32,1,k͈arɯrɯsɯrʌp̚ke,4,2,4,8,7,5,2600.0,6.69,8,1800.0,4.91,9,0,4,#FFD700,86.9,-1.9,87.1,5,5,5,8,SUFFIX(어미변화)
까르르까르르스럽게,kkareureukkareureuseureopge,1,2048,1,4,1,33,1,k͈arɯrɯk͈arɯrɯsɯrʌp̚ke,4,4,4,8,7,5,2600.0,6.69,8,3200.0,5.89,9,0,4,#FFD700,86.9,-1.9,87.1,5,5,5,1,REDUP(첩어・동일)
까르르스러운,kkareureuseureoun,1,2048,1,4,1,32,1,k͈arɯrɯsɯrʌun,4,2,4,8,5,5,2600.0,6.69,8,1800.0,4.91,9,0,3,#FFD700,86.9,-1.9,87.1,5,5,5,8,SUFFIX(어미변화)
까르르까르르스러운,kkareureukkareureuseureoun,1,2048,1,4,1,33,1,k͈arɯrɯk͈arɯrɯsɯrʌun,4,4,4,8,5,5,2600.0,6.69,8,3200.0,5.89,9,0,3,#FFD700,86.9,-1.9,87.1,5,5,5,1,REDUP(첩어・동일)
까르르해서,kkareureuhaeseo,1,2048,1,4,1,32,1,k͈arɯrɯhɛsʌ,4,2,4,8,7,5,2600.0,6.69,8,1800.0,4.91,9,0,4,#FFD700,86.9,-1.9,87.1,5,5,5,8,SUFFIX(어미변화)
까르르까르르해서,kkareureukkareureuhaeseo,1,2048,1,4,1,33,1,k͈arɯrɯk͈arɯrɯhɛsʌ,4,4,4,8,7,5,2600.0,6.69,8,3200.0,5.89,9,0,4,#FFD700,86.9,-1.9,87.1,5,5,5,1,REDUP(첩어・동일)
까르르하고,kkareureuhago,1,2048,1,4,1,32,1,k͈arɯrɯhako,4,2,4,8,7,5,2600.0,6.69,8,1800.0,4.91,9,0,4,#FFD700,86.9,-1.9,87.1,5,5,5,8,SUFFIX(어미변화)
까르르까르르하고,kkareureukkareureuhago,1,2048,1,4,1,33,1,k͈arɯrɯk͈arɯrɯhako,4,4,4,8,7,5,2600.0,6.69,8,3200.0,5.89,9,0,4,#FFD700,86.9,-1.9,87.1,5,5,5,1,REDUP(첩어・동일)
꺼르르,kkeoreureu,1,2048,0,4,2,8,1,k͈ʌrɯrɯ,8,8,6,6,7,5,950.0,4.62,3,800.0,3.53,9,0,4,#2F4F4F,31.3,-11.7,-3.7,5,5,0,0,SINGLE(단발)
꺼르르꺼르르,kkeoreureukkeoreureu,1,2048,0,4,2,1,1,k͈ʌrɯrɯk͈ʌrɯrɯ,8,7,6,6,7,5,950.0,4.62,2,3200.0,5.89,9,0,4,#2F4F4F,31.3,-11.7,-3.7,5,5,5,1,REDUP(첩어・동일)
꺼르르꺼르르꺼르르,kkeoreureukkeoreureukkeoreureu,1,2048,0,4,2,1,1,k͈ʌrɯrɯk͈ʌrɯrɯk͈ʌrɯrɯ,8,7,6,6,7,5,950.0,4.62,2,3200.0,5.89,9,0,4,#2F4F4F,31.3,-11.7,-3.7,5,5,5,1,REDUP(첩어・동일)
꺼르르거리다,kkeoreureugeorida,1,2048,0,4,2,32,1,k͈ʌrɯrɯkʌrita,8,2,4,6,7,5,950.0,4.62,2,1800.0,4.91,9,0,4,#2F4F4F,31.3,-11.7,-3.7,5,5,5,8,STEM+GEORIDA
꺼르르꺼르르거리다,kkeoreureukkeoreureugeorida,1,2048,0,4,2,33,1,k͈ʌrɯrɯk͈ʌrɯrɯkʌrita,8,4,4,6,7,5,950.0,4.62,2,3200.0,5.89,9,0,4,#2F4F4F,31.3,-11.7,-3.7,5,5,5,1,STEM+GEORIDA
꺼르르대다,kkeoreureudaeda,1,2048,0,4,2,32,1,k͈ʌrɯrɯtɛta,8,2,4,6,7,5,950.0,4.62,2,1800.0,4.91,9,0,4,#2F4F4F,31.3,-11.7,-3.7,5,5,5,8,STEM+DAEDA
꺼르르꺼르르대다,kkeoreureukkeoreureudaeda,1,2048,0,4,2,33,1,k͈ʌrɯrɯk͈ʌrɯrɯtɛta,8,4,4,6,7,5,950.0,4.62,2,3200.0,5.89,9,0,4,#2F4F4F,31.3,-11.7,-3.7,5,5,5,1,STEM+DAEDA
꺼르르이다,kkeoreureuida,1,2048,0,4,2,32,1,k͈ʌrɯrɯita,8,2,4,6,7,5,950.0,4.62,2,1800.0,4.91,9,0,4,#2F4F4F,31.3,-11.7,-3.7,5,5,5,8,STEM+IDA
꺼르르꺼르르이다,kkeoreureukkeoreureuida,1,2048,0,4,2,33,1,k͈ʌrɯrɯk͈ʌrɯrɯita,8,4,4,6,7,5,950.0,4.62,2,3200.0,5.89,9,0,4,#2F4F4F,31.3,-11.7,-3.7,5,5,5,1,STEM+IDA
꺼르르하다,kkeoreureuhada,1,2048,0,4,2,32,1,k͈ʌrɯrɯhata,8,2,4,8,7,5,950.0,4.62,2,1800.0,4.91,9,0,4,#2F4F4F,31.3,-11.7,-3.7,5,5,5,8,STEM+HADA
꺼르르꺼르르하다,kkeoreureukkeoreureuhada,1,2048,0,4,2,33,1,k͈ʌrɯrɯk͈ʌrɯrɯhata,8,4,4,8,7,5,950.0,4.62,2,3200.0,5.89,9,0,4,#2F4F4F,31.3,-11.7,-3.7,5,5,5,1,STEM+HADA
꺼르르스럽다,kkeoreureuseureopda,1,2048,0,4,2,32,1,k͈ʌrɯrɯsɯrʌp̚ta,8,2,4,8,7,5,950.0,4.62,2,1800.0,4.91,9,0,4,#2F4F4F,31.3,-11.7,-3.7,5,5,5,8,SUFFIX(어미변화)
꺼르르꺼르르스럽다,kkeoreureukkeoreureuseureopda,1,2048,0,4,2,33,1,k͈ʌrɯrɯk͈ʌrɯrɯsɯrʌp̚ta,8,4,4,8,7,5,950.0,4.62,2,3200.0,5.89,9,0,4,#2F4F4F,31.3,-11.7,-3.7,5,5,5,1,REDUP(첩어・동일)
꺼르르맞다,kkeoreureumajda,1,2048,0,4,2,32,1,k͈ʌrɯrɯmat̚ta,8,2,4,6,7,5,950.0,4.62,2,1800.0,4.91,9,0,4,#2F4F4F,31.3,-11.7,-3.7,5,5,5,8,SUFFIX(어미변화)
꺼르르꺼르르맞다,kkeoreureukkeoreureumajda,1,2048,0,4,2,33,1,k͈ʌrɯrɯk͈ʌrɯrɯmat̚ta,8,4,4,6,7,5,950.0,4.62,2,3200.0,5.89,9,0,4,#2F4F4F,31.3,-11.7,-3.7,5,5,5,1,REDUP(첩어・동일)
꺼르르거리며,kkeoreureugeorimyeo,1,2048,0,4,2,32,1,k͈ʌrɯrɯkʌrimjʌ,8,2,4,6,7,5,950.0,4.62,2,1800.0,4.91,9,0,4,#2F4F4F,31.3,-11.7,-3.7,5,5,5,8,SUFFIX(어미변화)
꺼르르꺼르르거리며,kkeoreureukkeoreureugeorimyeo,1,2048,0,4,2,33,1,k͈ʌrɯrɯk͈ʌrɯrɯkʌrimjʌ,8,4,4,6,7,5,950.0,4.62,2,3200.0,5.89,9,0,4,#2F4F4F,31.3,-11.7,-3.7,5,5,5,1,REDUP(첩어・동일)
꺼르르대며,kkeoreureudaemyeo,1,2048,0,4,2,32,1,k͈ʌrɯrɯtɛmjʌ,8,2,4,6,7,5,950.0,4.62,2,1800.0,4.91,9,0,4,#2F4F4F,31.3,-11.7,-3.7,5,5,5,8,SUFFIX(어미변화)
꺼르르꺼르르대며,kkeoreureukkeoreureudaemyeo,1,2048,0,4,2,33,1,k͈ʌrɯrɯk͈ʌrɯrɯtɛmjʌ,8,4,4,6,7,5,950.0,4.62,2,3200.0,5.89,9,0,4,#2F4F4F,31.3,-11.7,-3.7,5,5,5,1,REDUP(첩어・동일)
꺼르르하게,kkeoreureuhage,1,2048,0,4,2,32,1,k͈ʌrɯrɯhake,8,2,4,8,7,5,950.0,4.62,2,1800.0,4.91,9,0,4,#2F4F4F,31.3,-11.7,-3.7,5,5,5,8,SUFFIX(어미변화)
꺼르르꺼르르하게,kkeoreureukkeoreureuhage,1,2048,0,4,2,33,1,k͈ʌrɯrɯk͈ʌrɯrɯhake,8,4,4,8,7,5,950.0,4.62,2,3200.0,5.89,9,0,4,#2F4F4F,31.3,-11.7,-3.7,5,5,5,1,REDUP(첩어・동일)
꺼르르한,kkeoreureuhan,1,2048,0,4,2,32,1,k͈ʌrɯrɯhan,8,2,4,8,5,5,950.0,4.62,2,1800.0,4.91,9,0,3,#2F4F4F,31.3,-11.7,-3.7,5,5,5,8,SUFFIX(어미변화)
꺼르르꺼르르한,kkeoreureukkeoreureuhan,1,2048,0,4,2,33,1,k͈ʌrɯrɯk͈ʌrɯrɯhan,8,4,4,8,5,5,950.0,4.62,2,3200.0,5.89,9,0,3,#2F4F4F,31.3,-11.7,-3.7,5,5,5,1,REDUP(첩어・동일)
꺼르르스럽게,kkeoreureuseureopge,1,2048,0,4,2,32,1,k͈ʌrɯrɯsɯrʌp̚ke,8,2,4,8,7,5,950.0,4.62,2,1800.0,4.91,9,0,4,#2F4F4F,31.3,-11.7,-3.7,5,5,5,8,SUFFIX(어미변화)
꺼르르꺼르르스럽게,kkeoreureukkeoreureuseureopge,1,2048,0,4,2,33,1,k͈ʌrɯrɯk͈ʌrɯrɯsɯrʌp̚ke,8,4,4,8,7,5,950.0,4.62,2,3200.0,5.89,9,0,4,#2F4F4F,31.3,-11.7,-3.7,5,5,5,1,REDUP(첩어・동일)
꺼르르스러운,kkeoreureuseureoun,1,2048,0,4,2,32,1,k͈ʌrɯrɯsɯrʌun,8,2,4,8,5,5,950.0,4.62,2,1800.0,4.91,9,0,3,#2F4F4F,31.3,-11.7,-3.7,5,5,5,8,SUFFIX(어미변화)
꺼르르꺼르르스러운,kkeoreureukkeoreureuseureoun,1,2048,0,4,2,33,1,k͈ʌrɯrɯk͈ʌrɯrɯsɯrʌun,8,4,4,8,5,5,950.0,4.62,2,3200.0,5.89,9,0,3,#2F4F4F,31.3,-11.7,-3.7,5,5,5,1,REDUP(첩어・동일)
꺼르르해서,kkeoreureuhaeseo,1,2048,0,4,2,32,1,k͈ʌrɯrɯhɛsʌ,8,2,4,8,7,5,950.0,4.62,2,1800.0,4.91,9,0,4,#2F4F4F,31.3,-11.7,-3.7,5,5,5,8,SUFFIX(어미변화)
꺼르르꺼르르해서,kkeoreureukkeoreureuhaeseo,1,2048,0,4,2,33,1,k͈ʌrɯrɯk͈ʌrɯrɯhɛsʌ,8,4,4,8,7,5,950.0,4.62,2,3200.0,5.89,9,0,4,#2F4F4F,31.3,-11.7,-3.7,5,5,5,1,REDUP(첩어・동일)
꺼르르하고,kkeoreureuhago,1,2048,0,4,2,32,1,k͈ʌrɯrɯhako,8,2,4,8,7,5,950.0,4.62,2,1800.0,4.91,9,0,4,#2F4F4F,31.3,-11.7,-3.7,5,5,5,8,SUFFIX(어미변화)
꺼르르꺼르르하고,kkeoreureukkeoreureuhago,1,2048,0,4,2,33,1,k͈ʌrɯrɯk͈ʌrɯrɯhako,8,4,4,8,7,5,950.0,4.62,2,3200.0,5.89,9,0,4,#2F4F4F,31.3,-11.7,-3.7,5,5,5,1,REDUP(첩어・동일)
깔깔,kkalkkal,1,2048,1,4,1,8,1,k͈alk͈al,4,8,6,6,5,5,2600.0,6.69,9,800.0,3.53,9,0,3,#FFD700,86.9,-1.9,87.1,5,5,0,0,SINGLE(단발)
깔깔깔깔,kkalkkalkkalkkal,1,2048,1,4,1,1,1,k͈alk͈alk͈alk͈al,4,7,6,6,5,5,2600.0,6.69,8,3200.0,5.89,9,0,3,#FFD700,86.9,-1.9,87.1,5,5,5,1,REDUP(첩어・동일)
깔깔깔깔깔깔,kkalkkalkkalkkalkkalkkal,1,2048,1,4,1,1,1,k͈alk͈alk͈alk͈alk͈alk͈al,4,7,6,6,5,5,2600.0,6.69,8,3200.0,5.89,9,0,3,#FFD700,86.9,-1.9,87.1,5,5,5,1,REDUP(첩어・동일)
깔깔거리다,kkalkkalgeorida,1,2048,1,4,1,32,1,k͈alk͈alkʌrita,4,2,4,6,5,5,2600.0,6.69,8,1800.0,4.91,9,0,3,#FFD700,86.9,-1.9,87.1,5,5,5,8,STEM+GEORIDA
깔깔깔깔거리다,kkalkkalkkalkkalgeorida,1,2048,1,4,1,33,1,k͈alk͈alk͈alk͈alkʌrita,4,4,4,6,5,5,2600.0,6.69,8,3200.0,5.89,9,0,3,#FFD700,86.9,-1.9,87.1,5,5,5,1,STEM+GEORIDA
깔깔대다,kkalkkaldaeda,1,2048,1,4,1,32,1,k͈alk͈altɛta,4,2,4,6,5,5,2600.0,6.69,8,1800.0,4.91,9,0,3,#FFD700,86.9,-1.9,87.1,5,5,5,8,STEM+DAEDA
깔깔깔깔대다,kkalkkalkkalkkaldaeda,1,2048,1,4,1,33,1,k͈alk͈alk͈alk͈altɛta,4,4,4,6,5,5,2600.0,6.69,8,3200.0,5.89,9,0,3,#FFD700,86.9,-1.9,87.1,5,5,5,1,STEM+DAEDA
깔깔이다,kkalkkalida,1,2048,1,4,1,32,1,k͈alk͈alita,4,2,4,6,5,5,2600.0,6.69,8,1800.0,4.91,9,0,3,#FFD700,86.9,-1.9,87.1,5,5,5,8,STEM+IDA
깔깔깔깔이다,kkalkkalkkalkkalida,1,2048,1,4,1,33,1,k͈alk͈alk͈alk͈alita,4,4,4,6,5,5,2600.0,6.69,8,3200.0,5.89,9,0,3,#FFD700,86.9,-1.9,87.1,5,5,5,1,STEM+IDA
깔깔하다,kkalkkalhada,1,2048,1,4,1,32,1,k͈alk͈alhata,4,2,4,8,5,5,2600.0,6.69,8,1800.0,4.91,9,0,3,#FFD700,86.9,-1.9,87.1,5,5,5,8,STEM+HADA
깔깔깔깔하다,kkalkkalkkalkkalhada,1,2048,1,4,1,33,1,k͈alk͈alk͈alk͈alhata,4,4,4,8,5,5,2600.0,6.69,8,3200.0,5.89,9,0,3,#FFD700,86.9,-1.9,87.1,5,5,5,1,STEM+HADA
깔깔스럽다,kkalkkalseureopda,1,2048,1,4,1,32,1,k͈alk͈alsɯrʌp̚ta,4,2,4,8,5,5,2600.0,6.69,8,1800.0,4.91,9,0,3,#FFD700,86.9,-1.9,87.1,5,5,5,8,SUFFIX(어미변화)
깔깔깔깔스럽다,kkalkkalkkalkkalseureopda,1,2048,1,4,1,33,1,k͈alk͈alk͈alk͈alsɯrʌp̚ta,4,4,4,8,5,5,2600.0,6.69,8,3200.0,5.89,9,0,3,#FFD700,86.9,-1.9,87.1,5,5,5,1,REDUP(첩어・동일)
깔깔맞다,kkalkkalmajda,1,2048,1,4,1,32,1,k͈alk͈almat̚ta,4,2,4,6,5,5,2600.0,6.69,8,1800.0,4.91,9,0,3,#FFD700,86.9,-1.9,87.1,5,5,5,8,SUFFIX(어미변화)
깔깔깔깔맞다,kkalkkalkkalkkalmajda,1,2048,1,4,1,33,1,k͈alk͈alk͈alk͈almat̚ta,4,4,4,6,5,5,2600.0,6.69,8,3200.0,5.89,9,0,3,#FFD700,86.9,-1.9,87.1,5,5,5,1,REDUP(첩어・동일)
깔깔거리며,kkalkkalgeorimyeo,1,2048,1,4,1,32,1,k͈alk͈alkʌrimjʌ,4,2,4,6,5,5,2600.0,6.69,8,1800.0,4.91,9,0,3,#FFD700,86.9,-1.9,87.1,5,5,5,8,SUFFIX(어미변화)
깔깔깔깔거리며,kkalkkalkkalkkalgeorimyeo,1,2048,1,4,1,33,1,k͈alk͈alk͈alk͈alkʌrimjʌ,4,4,4,6,5,5,2600.0,6.69,8,3200.0,5.89,9,0,3,#FFD700,86.9,-1.9,87.1,5,5,5,1,REDUP(첩어・동일)
깔깔대며,kkalkkaldaemyeo,1,2048,1,4,1,32,1,k͈alk͈altɛmjʌ,4,2,4,6,5,5,2600.0,6.69,8,1800.0,4.91,9,0,3,#FFD700,86.9,-1.9,87.1,5,5,5,8,SUFFIX(어미변화)
깔깔깔깔대며,kkalkkalkkalkkaldaemyeo,1,2048,1,4,1,33,1,k͈alk͈alk͈alk͈altɛmjʌ,4,4,4,6,5,5,2600.0,6.69,8,3200.0,5.89,9,0,3,#FFD700,86.9,-1.9,87.1,5,5,5,1,REDUP(첩어・동일)
깔깔하게,kkalkkalhage,1,2048,1,4,1,32,1,k͈alk͈alhake,4,2,4,8,5,5,2600.0,6.69,8,1800.0,4.91,9,0,3,#FFD700,86.9,-1.9,87.1,5,5,5,8,SUFFIX(어미변화)
깔깔깔깔하게,kkalkkalkkalkkalhage,1,2048,1,4,1,33,1,k͈alk͈alk͈alk͈alhake,4,4,4,8,5,5,2600.0,6.69,8,3200.0,5.89,9,0,3,#FFD700,86.9,-1.9,87.1,5,5,5,1,REDUP(첩어・동일)
깔깔한,kkalkkalhan,1,2048,1,4,1,32,1,k͈alk͈alhan,4,2,4,8,5,5,2600.0,6.69,8,1800.0,4.91,9,0,3,#FFD700,86.9,-1.9,87.1,5,5,5,8,SUFFIX(어미변화)
깔깔깔깔한,kkalkkalkkalkkalhan,1,2048,1,4,1,33,1,k͈alk͈alk͈alk͈alhan,4,4,4,8,5,5,2600.0,6.69,8,3200.0,5.89,9,0,3,#FFD700,86.9,-1.9,87.1,5,5,5,1,REDUP(첩어・동일)
깔깔스럽게,kkalkkalseureopge,1,2048,1,4,1,32,1,k͈alk͈alsɯrʌp̚ke,4,2,4,8,5,5,2600.0,6.69,8,1800.0,4.91,9,0,3,#FFD700,86.9,-1.9,87.1,5,5,5,8,SUFFIX(어미변화)
깔깔깔깔스럽게,kkalkkalkkalkkalseureopge,1,2048,1,4,1,33,1,k͈alk͈alk͈alk͈alsɯrʌp̚ke,4,4,4,8,5,5,2600.0,6.69,8,3200.0,5.89,9,0,3,#FFD700,86.9,-1.9,87.1,5,5,5,1,REDUP(첩어・동일)
깔깔스러운,kkalkkalseureoun,1,2048,1,4,1,32,1,k͈alk͈alsɯrʌun,4,2,4,8,5,5,2600.0,6.69,8,1800.0,4.91,9,0,3,#FFD700,86.9,-1.9,87.1,5,5,5,8,SUFFIX(어미변화)
깔깔깔깔스러운,kkalkkalkkalkkalseureoun,1,2048,1,4,1,33,1,k͈alk͈alk͈alk͈alsɯrʌun,4,4,4,8,5,5,2600.0,6.69,8,3200.0,5.89,9,0,3,#FFD700,86.9,-1.9,87.1,5,5,5,1,REDUP(첩어・동일)
깔깔해서,kkalkkalhaeseo,1,2048,1,4,1,32,1,k͈alk͈alhɛsʌ,4,2,4,8,5,5,2600.0,6.69,8,1800.0,4.91,9,0,3,#FFD700,86.9,-1.9,87.1,5,5,5,8,SUFFIX(어미변화)
깔깔깔깔해서,kkalkkalkkalkkalhaeseo,1,2048,1,4,1,33,1,k͈alk͈alk͈alk͈alhɛsʌ,4,4,4,8,5,5,2600.0,6.69,8,3200.0,5.89,9,0,3,#FFD700,86.9,-1.9,87.1,5,5,5,1,REDUP(첩어・동일)
깔깔하고,kkalkkalhago,1,2048,1,4,1,32,1,k͈alk͈alhako,4,2,4,8,5,5,2600.0,6.69,8,1800.0,4.91,9,0,3,#FFD700,86.9,-1.9,87.1,5,5,5,8,SUFFIX(어미변화)
깔깔깔깔하고,kkalkkalkkalkkalhago,1,2048,1,4,1,33,1,k͈alk͈alk͈alk͈alhako,4,4,4,8,5,5,2600.0,6.69,8,3200.0,5.89,9,0,3,#FFD700,86.9,-1.9,87.1,5,5,5,1,REDUP(첩어・동일)
껄껄,kkeolkkeol,1,2048,0,4,2,8,1,k͈ʌlk͈ʌl,8,8,6,6,5,5,950.0,4.62,3,800.0,3.53,9,0,3,#2F4F4F,31.3,-11.7,-3.7,5,5,0,0,SINGLE(단발)
껄껄껄껄,kkeolkkeolkkeolkkeol,1,2048,0,4,2,1,1,k͈ʌlk͈ʌlk͈ʌlk͈ʌl,8,7,6,6,5,5,950.0,4.62,2,3200.0,5.89,9,0,3,#2F4F4F,31.3,-11.7,-3.7,5,5,5,1,REDUP(첩어・동일)
껄껄껄껄껄껄,kkeolkkeolkkeolkkeolkkeolkkeol,1,2048,0,4,2,1,1,k͈ʌlk͈ʌlk͈ʌlk͈ʌlk͈ʌlk͈ʌl,8,7,6,6,5,5,950.0,4.62,2,3200.0,5.89,9,0,3,#2F4F4F,31.3,-11.7,-3.7,5,5,5,1,REDUP(첩어・동일)
껄껄거리다,kkeolkkeolgeorida,1,2048,0,4,2,32,1,k͈ʌlk͈ʌlkʌrita,8,2,4,6,5,5,950.0,4.62,2,1800.0,4.91,9,0,3,#2F4F4F,31.3,-11.7,-3.7,5,5,5,8,STEM+GEORIDA
껄껄껄껄거리다,kkeolkkeolkkeolkkeolgeorida,1,2048,0,4,2,33,1,k͈ʌlk͈ʌlk͈ʌlk͈ʌlkʌrita,8,4,4,6,5,5,950.0,4.62,2,3200.0,5.89,9,0,3,#2F4F4F,31.3,-11.7,-3.7,5,5,5,1,STEM+GEORIDA
껄껄대다,kkeolkkeoldaeda,1,2048,0,4,2,32,1,k͈ʌlk͈ʌltɛta,8,2,4,6,5,5,950.0,4.62,2,1800.0,4.91,9,0,3,#2F4F4F,31.3,-11.7,-3.7,5,5,5,8,STEM+DAEDA
껄껄껄껄대다,kkeolkkeolkkeolkkeoldaeda,1,2048,0,4,2,33,1,k͈ʌlk͈ʌlk͈ʌlk͈ʌltɛta,8,4,4,6,5,5,950.0,4.62,2,3200.0,5.89,9,0,3,#2F4F4F,31.3,-11.7,-3.7,5,5,5,1,STEM+DAEDA
껄껄이다,kkeolkkeolida,1,2048,0,4,2,32,1,k͈ʌlk͈ʌlita,8,2,4,6,5,5,950.0,4.62,2,1800.0,4.91,9,0,3,#2F4F4F,31.3,-11.7,-3.7,5,5,5,8,STEM+IDA
껄껄껄껄이다,kkeolkkeolkkeolkkeolida,1,2048,0,4,2,33,1,k͈ʌlk͈ʌlk͈ʌlk͈ʌlita,8,4,4,6,5,5,950.0,4.62,2,3200.0,5.89,9,0,3,#2F4F4F,31.3,-11.7,-3.7,5,5,5,1,STEM+IDA
껄껄하다,kkeolkkeolhada,1,2048,0,4,2,32,1,k͈ʌlk͈ʌlhata,8,2,4,8,5,5,950.0,4.62,2,1800.0,4.91,9,0,3,#2F4F4F,31.3,-11.7,-3.7,5,5,5,8,STEM+HADA
껄껄껄껄하다,kkeolkkeolkkeolkkeolhada,1,2048,0,4,2,33,1,k͈ʌlk͈ʌlk͈ʌlk͈ʌlhata,8,4,4,8,5,5,950.0,4.62,2,3200.0,5.89,9,0,3,#2F4F4F,31.3,-11.7,-3.7,5,5,5,1,STEM+HADA
껄껄스럽다,kkeolkkeolseureopda,1,2048,0,4,2,32,1,k͈ʌlk͈ʌlsɯrʌp̚ta,8,2,4,8,5,5,950.0,4.62,2,1800.0,4.91,9,0,3,#2F4F4F,31.3,-11.7,-3.7,5,5,5,8,SUFFIX(어미변화)
껄껄껄껄스럽다,kkeolkkeolkkeolkkeolseureopda,1,2048,0,4,2,33,1,k͈ʌlk͈ʌlk͈ʌlk͈ʌlsɯrʌp̚ta,8,4,4,8,5,5,950.0,4.62,2,3200.0,5.89,9,0,3,#2F4F4F,31.3,-11.7,-3.7,5,5,5,1,REDUP(첩어・동일)
껄껄맞다,kkeolkkeolmajda,1,2048,0,4,2,32,1,k͈ʌlk͈ʌlmat̚ta,8,2,4,6,5,5,950.0,4.62,2,1800.0,4.91,9,0,3,#2F4F4F,31.3,-11.7,-3.7,5,5,5,8,SUFFIX(어미변화)
껄껄껄껄맞다,kkeolkkeolkkeolkkeolmajda,1,2048,0,4,2,33,1,k͈ʌlk͈ʌlk͈ʌlk͈ʌlmat̚ta,8,4,4,6,5,5,950.0,4.62,2,3200.0,5.89,9,0,3,#2F4F4F,31.3,-11.7,-3.7,5,5,5,1,REDUP(첩어・동일)
껄껄거리며,kkeolkkeolgeorimyeo,1,2048,0,4,2,32,1,k͈ʌlk͈ʌlkʌrimjʌ,8,2,4,6,5,5,950.0,4.62,2,1800.0,4.91,9,0,3,#2F4F4F,31.3,-11.7,-3.7,5,5,5,8,SUFFIX(어미변화)
껄껄껄껄거리며,kkeolkkeolkkeolkkeolgeorimyeo,1,2048,0,4,2,33,1,k͈ʌlk͈ʌlk͈ʌlk͈ʌlkʌrimjʌ,8,4,4,6,5,5,950.0,4.62,2,3200.0,5.89,9,0,3,#2F4F4F,31.3,-11.7,-3.7,5,5,5,1,REDUP(첩어・동일)
껄껄대며,kkeolkkeoldaemyeo,1,2048,0,4,2,32,1,k͈ʌlk͈ʌltɛmjʌ,8,2,4,6,5,5,950.0,4.62,2,1800.0,4.91,9,0,3,#2F4F4F,31.3,-11.7,-3.7,5,5,5,8,SUFFIX(어미변화)
껄껄껄껄대며,kkeolkkeolkkeolkkeoldaemyeo,1,2048,0,4,2,33,1,k͈ʌlk͈ʌlk͈ʌlk͈ʌltɛmjʌ,8,4,4,6,5,5,950.0,4.62,2,3200.0,5.89,9,0,3,#2F4F4F,31.3,-11.7,-3.7,5,5,5,1,REDUP(첩어・동일)
껄껄하게,kkeolkkeolhage,1,2048,0,4,2,32,1,k͈ʌlk͈ʌlhake,8,2,4,8,5,5,950.0,4.62,2,1800.0,4.91,9,0,3,#2F4F4F,31.3,-11.7,-3.7,5,5,5,8,SUFFIX(어미변화)
껄껄껄껄하게,kkeolkkeolkkeolkkeolhage,1,2048,0,4,2,33,1,k͈ʌlk͈ʌlk͈ʌlk͈ʌlhake,8,4,4,8,5,5,950.0,4.62,2,3200.0,5.89,9,0,3,#2F4F4F,31.3,-11.7,-3.7,5,5,5,1,REDUP(첩어・동일)
껄껄한,kkeolkkeolhan,1,2048,0,4,2,32,1,k͈ʌlk͈ʌlhan,8,2,4,8,5,5,950.0,4.62,2,1800.0,4.91,9,0,3,#2F4F4F,31.3,-11.7,-3.7,5,5,5,8,SUFFIX(어미변화)
껄껄껄껄한,kkeolkkeolkkeolkkeolhan,1,2048,0,4,2,33,1,k͈ʌlk͈ʌlk͈ʌlk͈ʌlhan,8,4,4,8,5,5,950.0,4.62,2,3200.0,5.89,9,0,3,#2F4F4F,31.3,-11.7,-3.7,5,5,5,1,REDUP(첩어・동일)
껄껄스럽게,kkeolkkeolseureopge,1,2048,0,4,2,32,1,k͈ʌlk͈ʌlsɯrʌp̚ke,8,2,4,8,5,5,950.0,4.62,2,1800.0,4.91,9,0,3,#2F4F4F,31.3,-11.7,-3.7,5,5,5,8,SUFFIX(어미변화)
껄껄껄껄스럽게,kkeolkkeolkkeolkkeolseureopge,1,2048,0,4,2,33,1,k͈ʌlk͈ʌlk͈ʌlk͈ʌlsɯrʌp̚ke,8,4,4,8,5,5,950.0,4.62,2,3200.0,5.89,9,0,3,#2F4F4F,31.3,-11.7,-3.7,5,5,5,1,REDUP(첩어・동일)
껄껄스러운,kkeolkkeolseureoun,1,2048,0,4,2,32,1,k͈ʌlk͈ʌlsɯrʌun,8,2,4,8,5,5,950.0,4.62,2,1800.0,4.91,9,0,3,#2F4F4F,31.3,-11.7,-3.7,5,5,5,8,SUFFIX(어미변화)
껄껄껄껄스러운,kkeolkkeolkkeolkkeolseureoun,1,2048,0,4,2,33,1,k͈ʌlk͈ʌlk͈ʌlk͈ʌlsɯrʌun,8,4,4,8,5,5,950.0,4.62,2,3200.0,5.89,9,0,3,#2F4F4F,31.3,-11.7,-3.7,5,5,5,1,REDUP(첩어・동일)
껄껄해서,kkeolkkeolhaeseo,1,2048,0,4,2,32,1,k͈ʌlk͈ʌlhɛsʌ,8,2,4,8,5,5,950.0,4.62,2,1800.0,4.91,9,0,3,#2F4F4F,31.3,-11.7,-3.7,5,5,5,8,SUFFIX(어미변화)
껄껄껄껄해서,kkeolkkeolkkeolkkeolhaeseo,1,2048,0,4,2,33,1,k͈ʌlk͈ʌlk͈ʌlk͈ʌlhɛsʌ,8,4,4,8,5,5,950.0,4.62,2,3200.0,5.89,9,0,3,#2F4F4F,31.3,-11.7,-3.7,5,5,5,1,REDUP(첩어・동일)
껄껄하고,kkeolkkeolhago,1,2048,0,4,2,32,1,k͈ʌlk͈ʌlhako,8,2,4,8,5,5,950.0,4.62,2,1800.0,4.91,9,0,3,#2F4F4F,31.3,-11.7,-3.7,5,5,5,8,SUFFIX(어미변화)
껄껄껄껄하고,kkeolkkeolkkeolkkeolhago,1,2048,0,4,2,33,1,k͈ʌlk͈ʌlk͈ʌlk͈ʌlhako,8,4,4,8,5,5,950.0,4.62,2,3200.0,5.89,9,0,3,#2F4F4F,31.3,-11.7,-3.7,5,5,5,1,REDUP(첩어・동일)
킥킥,kigkig,1,2048,0,2,2,8,1,kʰik̚kʰik̚,7,8,6,7,7,5,1250.0,5.19,3,800.0,3.53,9,0,4,#2F4F4F,31.3,-11.7,-3.7,5,5,0,0,SINGLE(단발)
킥킥킥킥,kigkigkigkig,1,2048,0,2,2,1,1,kʰik̚kʰik̚kʰik̚kʰik̚,7,7,6,7,7,5,1250.0,5.19,2,3200.0,5.89,9,0,4,#2F4F4F,31.3,-11.7,-3.7,5,5,5,1,REDUP(첩어・동일)
킥킥킥킥킥킥,kigkigkigkigkigkig,1,2048,0,2,2,1,1,kʰik̚kʰik̚kʰik̚kʰik̚kʰik̚kʰik̚,7,7,6,7,7,5,1250.0,5.19,2,3200.0,5.89,9,0,4,#2F4F4F,31.3,-11.7,-3.7,5,5,5,1,REDUP(첩어・동일)
킥킥거리다,kigkiggeorida,1,2048,0,2,2,32,1,kʰik̚kʰik̚kʌrita,7,2,4,7,7,5,1250.0,5.19,2,1800.0,4.91,9,0,4,#2F4F4F,31.3,-11.7,-3.7,5,5,5,8,STEM+GEORIDA
킥킥킥킥거리다,kigkigkigkiggeorida,1,2048,0,2,2,33,1,kʰik̚kʰik̚kʰik̚kʰik̚kʌrita,7,4,4,7,7,5,1250.0,5.19,2,3200.0,5.89,9,0,4,#2F4F4F,31.3,-11.7,-3.7,5,5,5,1,STEM+GEORIDA
킥킥대다,kigkigdaeda,1,2048,0,2,2,32,1,kʰik̚kʰik̚tɛta,7,2,4,7,7,5,1250.0,5.19,2,1800.0,4.91,9,0,4,#2F4F4F,31.3,-11.7,-3.7,5,5,5,8,STEM+DAEDA
킥킥킥킥대다,kigkigkigkigdaeda,1,2048,0,2,2,33,1,kʰik̚kʰik̚kʰik̚kʰik̚tɛta,7,4,4,7,7,5,1250.0,5.19,2,3200.0,5.89,9,0,4,#2F4F4F,31.3,-11.7,-3.7,5,5,5,1,STEM+DAEDA
킥킥이다,kigkigida,1,2048,0,2,2,32,1,kʰik̚kʰik̚ita,7,2,4,7,7,5,1250.0,5.19,2,1800.0,4.91,9,0,4,#2F4F4F,31.3,-11.7,-3.7,5,5,5,8,STEM+IDA
킥킥킥킥이다,kigkigkigkigida,1,2048,0,2,2,33,1,kʰik̚kʰik̚kʰik̚kʰik̚ita,7,4,4,7,7,5,1250.0,5.19,2,3200.0,5.89,9,0,4,#2F4F4F,31.3,-11.7,-3.7,5,5,5,1,STEM+IDA
킥킥하다,kigkighada,1,2048,0,2,2,32,1,kʰik̚kʰik̚hata,7,2,4,7,7,5,1250.0,5.19,2,1800.0,4.91,9,0,4,#2F4F4F,31.3,-11.7,-3.7,5,5,5,8,STEM+HADA
킥킥킥킥하다,kigkigkigkighada,1,2048,0,2,2,33,1,kʰik̚kʰik̚kʰik̚kʰik̚hata,7,4,4,7,7,5,1250.0,5.19,2,3200.0,5.89,9,0,4,#2F4F4F,31.3,-11.7,-3.7,5,5,5,1,STEM+HADA
킥킥스럽다,kigkigseureopda,1,2048,0,2,2,32,1,kʰik̚kʰik̚sɯrʌp̚ta,7,2,4,7,7,5,1250.0,5.19,2,1800.0,4.91,9,0,4,#2F4F4F,31.3,-11.7,-3.7,5,5,5,8,SUFFIX(어미변화)
킥킥킥킥스럽다,kigkigkigkigseureopda,1,2048,0,2,2,33,1,kʰik̚kʰik̚kʰik̚kʰik̚sɯrʌp̚ta,7,4,4,7,7,5,1250.0,5.19,2,3200.0,5.89,9,0,4,#2F4F4F,31.3,-11.7,-3.7,5,5,5,1,REDUP(첩어・동일)
킥킥맞다,kigkigmajda,1,2048,0,2,2,32,1,kʰik̚kʰik̚mat̚ta,7,2,4,7,7,5,1250.0,5.19,2,1800.0,4.91,9,0,4,#2F4F4F,31.3,-11.7,-3.7,5,5,5,8,SUFFIX(어미변화)
킥킥킥킥맞다,kigkigkigkigmajda,1,2048,0,2,2,33,1,kʰik̚kʰik̚kʰik̚kʰik̚mat̚ta,7,4,4,7,7,5,1250.0,5.19,2,3200.0,5.89,9,0,4,#2F4F4F,31.3,-11.7,-3.7,5,5,5,1,REDUP(첩어・동일)
킥킥거리며,kigkiggeorimyeo,1,2048,0,2,2,32,1,kʰik̚kʰik̚kʌrimjʌ,7,2,4,7,7,5,1250.0,5.19,2,1800.0,4.91,9,0,4,#2F4F4F,31.3,-11.7,-3.7,5,5,5,8,SUFFIX(어미변화)
킥킥킥킥거리며,kigkigkigkiggeorimyeo,1,2048,0,2,2,33,1,kʰik̚kʰik̚kʰik̚kʰik̚kʌrimjʌ,7,4,4,7,7,5,1250.0,5.19,2,3200.0,5.89,9,0,4,#2F4F4F,31.3,-11.7,-3.7,5,5,5,1,REDUP(첩어・동일)
킥킥대며,kigkigdaemyeo,1,2048,0,2,2,32,1,kʰik̚kʰik̚tɛmjʌ,7,2,4,7,7,5,1250.0,5.19,2,1800.0,4.91,9,0,4,#2F4F4F,31.3,-11.7,-3.7,5,5,5,8,SUFFIX(어미변화)
킥킥킥킥대며,kigkigkigkigdaemyeo,1,2048,0,2,2,33,1,kʰik̚kʰik̚kʰik̚kʰik̚tɛmjʌ,7,4,4,7,7,5,1250.0,5.19,2,3200.0,5.89,9,0,4,#2F4F4F,31.3,-11.7,-3.7,5,5,5,1,REDUP(첩어・동일)
킥킥하게,kigkighage,1,2048,0,2,2,32,1,kʰik̚kʰik̚hake,7,2,4,7,7,5,1250.0,5.19,2,1800.0,4.91,9,0,4,#2F4F4F,31.3,-11.7,-3.7,5,5,5,8,SUFFIX(어미변화)
킥킥킥킥하게,kigkigkigkighage,1,2048,0,2,2,33,1,kʰik̚kʰik̚kʰik̚kʰik̚hake,7,4,4,7,7,5,1250.0,5.19,2,3200.0,5.89,9,0,4,#2F4F4F,31.3,-11.7,-3.7,5,5,5,1,REDUP(첩어・동일)
킥킥한,kigkighan,1,2048,0,2,2,32,1,kʰik̚kʰik̚han,7,2,4,7,5,5,1250.0,5.19,2,1800.0,4.91,9,0,3,#2F4F4F,31.3,-11.7,-3.7,5,5,5,8,SUFFIX(어미변화)
킥킥킥킥한,kigkigkigkighan,1,2048,0,2,2,33,1,kʰik̚kʰik̚kʰik̚kʰik̚han,7,4,4,7,5,5,1250.0,5.19,2,3200.0,5.89,9,0,3,#2F4F4F,31.3,-11.7,-3.7,5,5,5,1,REDUP(첩어・동일)
킥킥스럽게,kigkigseureopge,1,2048,0,2,2,32,1,kʰik̚kʰik̚sɯrʌp̚ke,7,2,4,7,7,5,1250.0,5.19,2,1800.0,4.91,9,0,4,#2F4F4F,31.3,-11.7,-3.7,5,5,5,8,SUFFIX(어미변화)
킥킥킥킥스럽게,kigkigkigkigseureopge,1,2048,0,2,2,33,1,kʰik̚kʰik̚kʰik̚kʰik̚sɯrʌp̚ke,7,4,4,7,7,5,1250.0,5.19,2,3200.0,5.89,9,0,4,#2F4F4F,31.3,-11.7,-3.7,5,5,5,1,REDUP(첩어・동일)
킥킥스러운,kigkigseureoun,1,2048,0,2,2,32,1,kʰik̚kʰik̚sɯrʌun,7,2,4,7,5,5,1250.0,5.19,2,1800.0,4.91,9,0,3,#2F4F4F,31.3,-11.7,-3.7,5,5,5,8,SUFFIX(어미변화)
킥킥킥킥스러운,kigkigkigkigseureoun,1,2048,0,2,2,33,1,kʰik̚kʰik̚kʰik̚kʰik̚sɯrʌun,7,4,4,7,5,5,1250.0,5.19,2,3200.0,5.89,9,0,3,#2F4F4F,31.3,-11.7,-3.7,5,5,5,1,REDUP(첩어・동일)
킥킥해서,kigkighaeseo,1,2048,0,2,2,32,1,kʰik̚kʰik̚hɛsʌ,7,2,4,7,7,5,1250.0,5.19,2,1800.0,4.91,9,0,4,#2F4F4F,31.3,-11.7,-3.7,5,5,5,8,SUFFIX(어미변화)
킥킥킥킥해서,kigkigkigkighaeseo,1,2048,0,2,2,33,1,kʰik̚kʰik̚kʰik̚kʰik̚hɛsʌ,7,4,4,7,7,5,1250.0,5.19,2,3200.0,5.89,9,0,4,#2F4F4F,31.3,-11.7,-3.7,5,5,5,1,REDUP(첩어・동일)
킥킥하고,kigkighago,1,2048,0,2,2,32,1,kʰik̚kʰik̚hako,7,2,4,7,7,5,1250.0,5.19,2,1800.0,4.91,9,0,4,#2F4F4F,31.3,-11.7,-3.7,5,5,5,8,SUFFIX(어미변화)
킥킥킥킥하고,kigkigkigkighago,1,2048,0,2,2,33,1,kʰik̚kʰik̚kʰik̚kʰik̚hako,7,4,4,7,7,5,1250.0,5.19,2,3200.0,5.89,9,0,4,#2F4F4F,31.3,-11.7,-3.7,5,5,5,1,REDUP(첩어・동일)
킁킁,keungkeung,2,1024,0,2,2,8,1,kʰɯŋkʰɯŋ,7,8,6,7,3,5,1250.0,5.19,3,800.0,3.53,5,0,2,#2F4F4F,31.3,-11.7,-3.7,5,5,0,0,SINGLE(단발)
킁킁킁킁,keungkeungkeungkeung,2,1024,0,2,2,1,1,kʰɯŋkʰɯŋkʰɯŋkʰɯŋ,7,7,6,7,3,5,1250.0,5.19,2,3200.0,5.89,5,0,2,#2F4F4F,31.3,-11.7,-3.7,5,5,5,1,REDUP(첩어・동일)
킁킁킁킁킁킁,keungkeungkeungkeungkeungkeung,2,1024,0,2,2,1,1,kʰɯŋkʰɯŋkʰɯŋkʰɯŋkʰɯŋkʰɯŋ,7,7,6,7,3,5,1250.0,5.19,2,3200.0,5.89,5,0,2,#2F4F4F,31.3,-11.7,-3.7,5,5,5,1,REDUP(첩어・동일)
킁킁거리다,keungkeunggeorida,2,1024,0,2,2,32,1,kʰɯŋkʰɯŋkʌrita,7,2,4,7,3,5,1250.0,5.19,2,1800.0,4.91,5,0,2,#2F4F4F,31.3,-11.7,-3.7,5,5,5,8,STEM+GEORIDA
킁킁킁킁거리다,keungkeungkeungkeunggeorida,2,1024,0,2,2,33,1,kʰɯŋkʰɯŋkʰɯŋkʰɯŋkʌrita,7,4,4,7,3,5,1250.0,5.19,2,3200.0,5.89,5,0,2,#2F4F4F,31.3,-11.7,-3.7,5,5,5,1,STEM+GEORIDA
킁킁대다,keungkeungdaeda,2,1024,0,2,2,32,1,kʰɯŋkʰɯŋtɛta,7,2,4,7,3,5,1250.0,5.19,2,1800.0,4.91,5,0,2,#2F4F4F,31.3,-11.7,-3.7,5,5,5,8,STEM+DAEDA
킁킁킁킁대다,keungkeungkeungkeungdaeda,2,1024,0,2,2,33,1,kʰɯŋkʰɯŋkʰɯŋkʰɯŋtɛta,7,4,4,7,3,5,1250.0,5.19,2,3200.0,5.89,5,0,2,#2F4F4F,31.3,-11.7,-3.7,5,5,5,1,STEM+DAEDA
킁킁이다,keungkeungida,2,1024,0,2,2,32,1,kʰɯŋkʰɯŋita,7,2,4,7,3,5,1250.0,5.19,2,1800.0,4.91,5,0,2,#2F4F4F,31.3,-11.7,-3.7,5,5,5,8,STEM+IDA
킁킁킁킁이다,keungkeungkeungkeungida,2,1024,0,2,2,33,1,kʰɯŋkʰɯŋkʰɯŋkʰɯŋita,7,4,4,7,3,5,1250.0,5.19,2,3200.0,5.89,5,0,2,#2F4F4F,31.3,-11.7,-3.7,5,5,5,1,STEM+IDA
킁킁하다,keungkeunghada,2,1024,0,2,2,32,1,kʰɯŋkʰɯŋhata,7,2,4,7,3,5,1250.0,5.19,2,1800.0,4.91,5,0,2,#2F4F4F,31.3,-11.7,-3.7,5,5,5,8,STEM+HADA
킁킁킁킁하다,keungkeungkeungkeunghada,2,1024,0,2,2,33,1,kʰɯŋkʰɯŋkʰɯŋkʰɯŋhata,7,4,4,7,3,5,1250.0,5.19,2,3200.0,5.89,5,0,2,#2F4F4F,31.3,-11.7,-3.7,5,5,5,1,STEM+HADA
킁킁스럽다,keungkeungseureopda,2,1024,0,2,2,32,1,kʰɯŋkʰɯŋsɯrʌp̚ta,7,2,4,7,5,5,1250.0,5.19,2,1800.0,4.91,5,0,3,#2F4F4F,31.3,-11.7,-3.7,5,5,5,8,SUFFIX(어미변화)
킁킁킁킁스럽다,keungkeungkeungkeungseureopda,2,1024,0,2,2,33,1,kʰɯŋkʰɯŋkʰɯŋkʰɯŋsɯrʌp̚ta,7,4,4,7,5,5,1250.0,5.19,2,3200.0,5.89,5,0,3,#2F4F4F,31.3,-11.7,-3.7,5,5,5,1,REDUP(첩어・동일)
킁킁맞다,keungkeungmajda,2,1024,0,2,2,32,1,kʰɯŋkʰɯŋmat̚ta,7,2,4,7,3,5,1250.0,5.19,2,1800.0,4.91,5,0,2,#2F4F4F,31.3,-11.7,-3.7,5,5,5,8,SUFFIX(어미변화)
킁킁킁킁맞다,keungkeungkeungkeungmajda,2,1024,0,2,2,33,1,kʰɯŋkʰɯŋkʰɯŋkʰɯŋmat̚ta,7,4,4,7,3,5,1250.0,5.19,2,3200.0,5.89,5,0,2,#2F4F4F,31.3,-11.7,-3.7,5,5,5,1,REDUP(첩어・동일)
킁킁거리며,keungkeunggeorimyeo,2,1024,0,2,2,32,1,kʰɯŋkʰɯŋkʌrimjʌ,7,2,4,7,3,5,1250.0,5.19,2,1800.0,4.91,5,0,2,#2F4F4F,31.3,-11.7,-3.7,5,5,5,8,SUFFIX(어미변화)
킁킁킁킁거리며,keungkeungkeungkeunggeorimyeo,2,1024,0,2,2,33,1,kʰɯŋkʰɯŋkʰɯŋkʰɯŋkʌrimjʌ,7,4,4,7,3,5,1250.0,5.19,2,3200.0,5.89,5,0,2,#2F4F4F,31.3,-11.7,-3.7,5,5,5,1,REDUP(첩어・동일)
킁킁대며,keungkeungdaemyeo,2,1024,0,2,2,32,1,kʰɯŋkʰɯŋtɛmjʌ,7,2,4,7,3,5,1250.0,5.19,2,1800.0,4.91,5,0,2,#2F4F4F,31.3,-11.7,-3.7,5,5,5,8,SUFFIX(어미변화)
킁킁킁킁대며,keungkeungkeungkeungdaemyeo,2,1024,0,2,2,33,1,kʰɯŋkʰɯŋkʰɯŋkʰɯŋtɛmjʌ,7,4,4,7,3,5,1250.0,5.19,2,3200.0,5.89,5,0,2,#2F4F4F,31.3,-11.7,-3.7,5,5,5,1,REDUP(첩어・동일)
킁킁하게,keungkeunghage,2,1024,0,2,2,32,1,kʰɯŋkʰɯŋhake,7,2,4,7,3,5,1250.0,5.19,2,1800.0,4.91,5,0,2,#2F4F4F,31.3,-11.7,-3.7,5,5,5,8,SUFFIX(어미변화)
킁킁킁킁하게,keungkeungkeungkeunghage,2,1024,0,2,2,33,1,kʰɯŋkʰɯŋkʰɯŋkʰɯŋhake,7,4,4,7,3,5,1250.0,5.19,2,3200.0,5.89,5,0,2,#2F4F4F,31.3,-11.7,-3.7,5,5,5,1,REDUP(첩어・동일)
킁킁한,keungkeunghan,2,1024,0,2,2,32,1,kʰɯŋkʰɯŋhan,7,2,4,7,3,5,1250.0,5.19,2,1800.0,4.91,5,0,2,#2F4F4F,31.3,-11.7,-3.7,5,5,5,8,SUFFIX(어미변화)
킁킁킁킁한,keungkeungkeungkeunghan,2,1024,0,2,2,33,1,kʰɯŋkʰɯŋkʰɯŋkʰɯŋhan,7,4,4,7,3,5,1250.0,5.19,2,3200.0,5.89,5,0,2,#2F4F4F,31.3,-11.7,-3.7,5,5,5,1,REDUP(첩어・동일)
킁킁스럽게,keungkeungseureopge,2,1024,0,2,2,32,1,kʰɯŋkʰɯŋsɯrʌp̚ke,7,2,4,7,5,5,1250.0,5.19,2,1800.0,4.91,5,0,3,#2F4F4F,31.3,-11.7,-3.7,5,5,5,8,SUFFIX(어미변화)
킁킁킁킁스럽게,keungkeungkeungkeungseureopge,2,1024,0,2,2,33,1,kʰɯŋkʰɯŋkʰɯŋkʰɯŋsɯrʌp̚ke,7,4,4,7,5,5,1250.0,5.19,2,3200.0,5.89,5,0,3,#2F4F4F,31.3,-11.7,-3.7,5,5,5,1,REDUP(첩어・동일)
킁킁스러운,keungkeungseureoun,2,1024,0,2,2,32,1,kʰɯŋkʰɯŋsɯrʌun,7,2,4,7,3,5,1250.0,5.19,2,1800.0,4.91,5,0,2,#2F4F4F,31.3,-11.7,-3.7,5,5,5,8,SUFFIX(어미변화)
킁킁킁킁스러운,keungkeungkeungkeungseureoun,2,1024,0,2,2,33,1,kʰɯŋkʰɯŋkʰɯŋkʰɯŋsɯrʌun,7,4,4,7,3,5,1250.0,5.19,2,3200.0,5.89,5,0,2,#2F4F4F,31.3,-11.7,-3.7,5,5,5,1,REDUP(첩어・동일)
킁킁해서,keungkeunghaeseo,2,1024,0,2,2,32,1,kʰɯŋkʰɯŋhɛsʌ,7,2,4,7,3,5,1250.0,5.19,2,1800.0,4.91,5,0,2,#2F4F4F,31.3,-11.7,-3.7,5,5,5,8,SUFFIX(어미변화)
킁킁킁킁해서,keungkeungkeungkeunghaeseo,2,1024,0,2,2,33,1,kʰɯŋkʰɯŋkʰɯŋkʰɯŋhɛsʌ,7,4,4,7,3,5,1250.0,5.19,2,3200.0,5.89,5,0,2,#2F4F4F,31.3,-11.7,-3.7,5,5,5,1,REDUP(첩어・동일)
킁킁하고,keungkeunghago,2,1024,0,2,2,32,1,kʰɯŋkʰɯŋhako,7,2,4,7,3,5,1250.0,5.19,2,1800.0,4.91,5,0,2,#2F4F4F,31.3,-11.7,-3.7,5,5,5,8,SUFFIX(어미변화)
킁킁킁킁하고,keungkeungkeungkeunghago,2,1024,0,2,2,33,1,kʰɯŋkʰɯŋkʰɯŋkʰɯŋhako,7,4,4,7,3,5,1250.0,5.19,2,3200.0,5.89,5,0,2,#2F4F4F,31.3,-11.7,-3.7,5,5,5,1,REDUP(첩어・동일)
훌쩍,huljjeog,4,2,2,2,2,8,1,hultɕ͈ʌk̚,8,8,8,8,5,5,950.0,4.62,3,800.0,3.53,9,0,3,#2F4F4F,31.3,-11.7,-3.7,5,5,0,0,SINGLE(단발)
훌쩍훌쩍,huljjeoghuljjeog,4,2,2,2,2,1,1,hultɕ͈ʌk̚hultɕ͈ʌk̚,8,7,8,8,5,5,950.0,4.62,2,3200.0,5.89,9,0,3,#2F4F4F,31.3,-11.7,-3.7,5,5,5,1,REDUP(첩어・동일)
훌쩍훌쩍훌쩍,huljjeoghuljjeoghuljjeog,4,2,2,2,2,1,1,hultɕ͈ʌk̚hultɕ͈ʌk̚hultɕ͈ʌk̚,8,7,8,8,5,5,950.0,4.62,2,3200.0,5.89,9,0,3,#2F4F4F,31.3,-11.7,-3.7,5,5,5,1,REDUP(첩어・동일)
훌쩍거리다,huljjeoggeorida,4,2,2,2,2,32,1,hultɕ͈ʌk̚kʌrita,8,2,6,8,5,5,950.0,4.62,2,1800.0,4.91,9,0,3,#2F4F4F,31.3,-11.7,-3.7,5,5,5,8,STEM+GEORIDA
훌쩍훌쩍거리다,huljjeoghuljjeoggeorida,4,2,2,2,2,33,1,hultɕ͈ʌk̚hultɕ͈ʌk̚kʌrita,8,4,6,8,5,5,950.0,4.62,2,3200.0,5.89,9,0,3,#2F4F4F,31.3,-11.7,-3.7,5,5,5,1,STEM+GEORIDA
훌쩍대다,huljjeogdaeda,4,2,2,2,2,32,1,hultɕ͈ʌk̚tɛta,8,2,6,8,5,5,950.0,4.62,2,1800.0,4.91,9,0,3,#2F4F4F,31.3,-11.7,-3.7,5,5,5,8,STEM+DAEDA
훌쩍훌쩍대다,huljjeoghuljjeogdaeda,4,2,2,2,2,33,1,hultɕ͈ʌk̚hultɕ͈ʌk̚tɛta,8,4,6,8,5,5,950.0,4.62,2,3200.0,5.89,9,0,3,#2F4F4F,31.3,-11.7,-3.7,5,5,5,1,STEM+DAEDA
훌쩍이다,huljjeogida,4,2,2,2,2,32,1,hultɕ͈ʌk̚ita,8,2,6,8,5,5,950.0,4.62,2,1800.0,4.91,9,0,3,#2F4F4F,31.3,-11.7,-3.7,5,5,5,8,STEM+IDA
훌쩍훌쩍이다,huljjeoghuljjeogida,4,2,2,2,2,33,1,hultɕ͈ʌk̚hultɕ͈ʌk̚ita,8,4,6,8,5,5,950.0,4.62,2,3200.0,5.89,9,0,3,#2F4F4F,31.3,-11.7,-3.7,5,5,5,1,STEM+IDA
훌쩍하다,huljjeoghada,4,2,2,2,2,32,1,hultɕ͈ʌk̚hata,8,2,6,8,5,5,950.0,4.62,2,1800.0,4.91,9,0,3,#2F4F4F,31.3,-11.7,-3.7,5,5,5,8,STEM+HADA
훌쩍훌쩍하다,huljjeoghuljjeoghada,4,2,2,2,2,33,1,hultɕ͈ʌk̚hultɕ͈ʌk̚hata,8,4,6,8,5,5,950.0,4.62,2,3200.0,5.89,9,0,3,#2F4F4F,31.3,-11.7,-3.7,5,5,5,1,STEM+HADA
훌쩍스럽다,huljjeogseureopda,4,2,2,2,2,32,1,hultɕ͈ʌk̚sɯrʌp̚ta,8,2,6,8,5,5,950.0,4.62,2,1800.0,4.91,9,0,3,#2F4F4F,31.3,-11.7,-3.7,5,5,5,8,SUFFIX(어미변화)
훌쩍훌쩍스럽다,huljjeoghuljjeogseureopda,4,2,2,2,2,33,1,hultɕ͈ʌk̚hultɕ͈ʌk̚sɯrʌp̚ta,8,4,6,8,5,5,950.0,4.62,2,3200.0,5.89,9,0,3,#2F4F4F,31.3,-11.7,-3.7,5,5,5,1,REDUP(첩어・동일)
훌쩍맞다,huljjeogmajda,4,2,2,2,2,32,1,hultɕ͈ʌk̚mat̚ta,8,2,6,8,5,5,950.0,4.62,2,1800.0,4.91,9,0,3,#2F4F4F,31.3,-11.7,-3.7,5,5,5,8,SUFFIX(어미변화)
훌쩍훌쩍맞다,huljjeoghuljjeogmajda,4,2,2,2,2,33,1,hultɕ͈ʌk̚hultɕ͈ʌk̚mat̚ta,8,4,6,8,5,5,950.0,4.62,2,3200.0,5.89,9,0,3,#2F4F4F,31.3,-11.7,-3.7,5,5,5,1,REDUP(첩어・동일)
훌쩍거리며,huljjeoggeorimyeo,4,2,2,2,2,32,1,hultɕ͈ʌk̚kʌrimjʌ,8,2,6,8,5,5,950.0,4.62,2,1800.0,4.91,9,0,3,#2F4F4F,31.3,-11.7,-3.7,5,5,5,8,SUFFIX(어미변화)
훌쩍훌쩍거리며,huljjeoghuljjeoggeorimyeo,4,2,2,2,2,33,1,hultɕ͈ʌk̚hultɕ͈ʌk̚kʌrimjʌ,8,4,6,8,5,5,950.0,4.62,2,3200.0,5.89,9,0,3,#2F4F4F,31.3,-11.7,-3.7,5,5,5,1,REDUP(첩어・동일)
훌쩍대며,huljjeogdaemyeo,4,2,2,2,2,32,1,hultɕ͈ʌk̚tɛmjʌ,8,2,6,8,5,5,950.0,4.62,2,1800.0,4.91,9,0,3,#2F4F4F,31.3,-11.7,-3.7,5,5,5,8,SUFFIX(어미변화)
훌쩍훌쩍대며,huljjeoghuljjeogdaemyeo,4,2,2,2,2,33,1,hultɕ͈ʌk̚hultɕ͈ʌk̚tɛmjʌ,8,4,6,8,5,5,950.0,4.62,2,3200.0,5.89,9,0,3,#2F4F4F,31.3,-11.7,-3.7,5,5,5,1,REDUP(첩어・동일)
훌쩍하게,huljjeoghage,4,2,2,2,2,32,1,hultɕ͈ʌk̚hake,8,2,6,8,5,5,950.0,4.62,2,1800.0,4.91,9,0,3,#2F4F4F,31.3,-11.7,-3.7,5,5,5,8,SUFFIX(어미변화)
훌쩍훌쩍하게,huljjeoghuljjeoghage,4,2,2,2,2,33,1,hultɕ͈ʌk̚hultɕ͈ʌk̚hake,8,4,6,8,5,5,950.0,4.62,2,3200.0,5.89,9,0,3,#2F4F4F,31.3,-11.7,-3.7,5,5,5,1,REDUP(첩어・동일)
훌쩍한,huljjeoghan,4,2,2,2,2,32,1,hultɕ͈ʌk̚han,8,2,6,8,5,5,950.0,4.62,2,1800.0,4.91,9,0,3,#2F4F4F,31.3,-11.7,-3.7,5,5,5,8,SUFFIX(어미변화)
훌쩍훌쩍한,huljjeoghuljjeoghan,4,2,2,2,2,33,1,hultɕ͈ʌk̚hultɕ͈ʌk̚han,8,4,6,8,5,5,950.0,4.62,2,3200.0,5.89,9,0,3,#2F4F4F,31.3,-11.7,-3.7,5,5,5,1,REDUP(첩어・동일)
훌쩍스럽게,huljjeogseureopge,4,2,2,2,2,32,1,hultɕ͈ʌk̚sɯrʌp̚ke,8,2,6,8,5,5,950.0,4.62,2,1800.0,4.91,9,0,3,#2F4F4F,31.3,-11.7,-3.7,5,5,5,8,SUFFIX(어미변화)
훌쩍훌쩍스럽게,huljjeoghuljjeogseureopge,4,2,2,2,2,33,1,hultɕ͈ʌk̚hultɕ͈ʌk̚sɯrʌp̚ke,8,4,6,8,5,5,950.0,4.62,2,3200.0,5.89,9,0,3,#2F4F4F,31.3,-11.7,-3.7,5,5,5,1,REDUP(첩어・동일)
훌쩍스러운,huljjeogseureoun,4,2,2,2,2,32,1,hultɕ͈ʌk̚sɯrʌun,8,2,6,8,5,5,950.0,4.62,2,1800.0,4.91,9,0,3,#2F4F4F,31.3,-11.7,-3.7,5,5,5,8,SUFFIX(어미변화)
훌쩍훌쩍스러운,huljjeoghuljjeogseureoun,4,2,2,2,2,33,1,hultɕ͈ʌk̚hultɕ͈ʌk̚sɯrʌun,8,4,6,8,5,5,950.0,4.62,2,3200.0,5.89,9,0,3,#2F4F4F,31.3,-11.7,-3.7,5,5,5,1,REDUP(첩어・동일)
훌쩍해서,huljjeoghaeseo,4,2,2,2,2,32,1,hultɕ͈ʌk̚hɛsʌ,8,2,6,8,5,5,950.0,4.62,2,1800.0,4.91,9,0,3,#2F4F4F,31.3,-11.7,-3.7,5,5,5,8,SUFFIX(어미변화)
훌쩍훌쩍해서,huljjeoghuljjeoghaeseo,4,2,2,2,2,33,1,hultɕ͈ʌk̚hultɕ͈ʌk̚hɛsʌ,8,4,6,8,5,5,950.0,4.62,2,3200.0,5.89,9,0,3,#2F4F4F,31.3,-11.7,-3.7,5,5,5,1,REDUP(첩어・동일)
훌쩍하고,huljjeoghago,4,2,2,2,2,32,1,hultɕ͈ʌk̚hako,8,2,6,8,5,5,950.0,4.62,2,1800.0,4.91,9,0,3,#2F4F4F,31.3,-11.7,-3.7,5,5,5,8,SUFFIX(어미변화)
훌쩍훌쩍하고,huljjeoghuljjeoghago,4,2,2,2,2,33,1,hultɕ͈ʌk̚hultɕ͈ʌk̚hako,8,4,6,8,5,5,950.0,4.62,2,3200.0,5.89,9,0,3,#2F4F4F,31.3,-11.7,-3.7,5,5,5,1,REDUP(첩어・동일)
벌컥,beolkeog,4,2,0,1,2,8,1,pʌlkʰʌk̚,7,8,8,7,5,8,1250.0,5.19,3,800.0,3.53,5,0,3,#2F4F4F,31.3,-11.7,-3.7,5,5,0,0,SINGLE(단발)
벌컥벌컥,beolkeogbeolkeog,4,2,0,1,2,1,1,pʌlkʰʌk̚pʌlkʰʌk̚,7,7,8,7,5,8,1250.0,5.19,2,3200.0,5.89,5,0,3,#2F4F4F,31.3,-11.7,-3.7,5,5,5,1,REDUP(첩어・동일)
벌컥벌컥벌컥,beolkeogbeolkeogbeolkeog,4,2,0,1,2,1,1,pʌlkʰʌk̚pʌlkʰʌk̚pʌlkʰʌk̚,7,7,8,7,5,8,1250.0,5.19,2,3200.0,5.89,5,0,3,#2F4F4F,31.3,-11.7,-3.7,5,5,5,1,REDUP(첩어・동일)
벌컥거리다,beolkeoggeorida,4,2,0,1,2,32,1,pʌlkʰʌk̚kʌrita,7,2,6,7,5,8,1250.0,5.19,2,1800.0,4.91,5,0,3,#2F4F4F,31.3,-11.7,-3.7,5,5,5,8,STEM+GEORIDA
벌컥벌컥거리다,beolkeogbeolkeoggeorida,4,2,0,1,2,33,1,pʌlkʰʌk̚pʌlkʰʌk̚kʌrita,7,4,6,7,5,8,1250.0,5.19,2,3200.0,5.89,5,0,3,#2F4F4F,31.3,-11.7,-3.7,5,5,5,1,STEM+GEORIDA
벌컥대다,beolkeogdaeda,4,2,0,1,2,32,1,pʌlkʰʌk̚tɛta,7,2,6,7,5,8,1250.0,5.19,2,1800.0,4.91,5,0,3,#2F4F4F,31.3,-11.7,-3.7,5,5,5,8,STEM+DAEDA
벌컥벌컥대다,beolkeogbeolkeogdaeda,4,2,0,1,2,33,1,pʌlkʰʌk̚pʌlkʰʌk̚tɛta,7,4,6,7,5,8,1250.0,5.19,2,3200.0,5.89,5,0,3,#2F4F4F,31.3,-11.7,-3.7,5,5,5,1,STEM+DAEDA
벌컥이다,beolkeogida,4,2,0,1,2,32,1,pʌlkʰʌk̚ita,7,2,6,7,5,8,1250.0,5.19,2,1800.0,4.91,5,0,3,#2F4F4F,31.3,-11.7,-3.7,5,5,5,8,STEM+IDA
벌컥벌컥이다,beolkeogbeolkeogida,4,2,0,1,2,33,1,pʌlkʰʌk̚pʌlkʰʌk̚ita,7,4,6,7,5,8,1250.0,5.19,2,3200.0,5.89,5,0,3,#2F4F4F,31.3,-11.7,-3.7,5,5,5,1,STEM+IDA
벌컥하다,beolkeoghada,4,2,0,1,2,32,1,pʌlkʰʌk̚hata,7,2,6,7,5,8,1250.0,5.19,2,1800.0,4.91,5,0,3,#2F4F4F,31.3,-11.7,-3.7,5,5,5,8,STEM+HADA
벌컥벌컥하다,beolkeogbeolkeoghada,4,2,0,1,2,33,1,pʌlkʰʌk̚pʌlkʰʌk̚hata,7,4,6,7,5,8,1250.0,5.19,2,3200.0,5.89,5,0,3,#2F4F4F,31.3,-11.7,-3.7,5,5,5,1,STEM+HADA
벌컥스럽다,beolkeogseureopda,4,2,0,1,2,32,1,pʌlkʰʌk̚sɯrʌp̚ta,7,2,6,7,5,8,1250.0,5.19,2,1800.0,4.91,5,0,3,#2F4F4F,31.3,-11.7,-3.7,5,5,5,8,SUFFIX(어미변화)
벌컥벌컥스럽다,beolkeogbeolkeogseureopda,4,2,0,1,2,33,1,pʌlkʰʌk̚pʌlkʰʌk̚sɯrʌp̚ta,7,4,6,7,5,8,1250.0,5.19,2,3200.0,5.89,5,0,3,#2F4F4F,31.3,-11.7,-3.7,5,5,5,1,REDUP(첩어・동일)
벌컥맞다,beolkeogmajda,4,2,0,1,2,32,1,pʌlkʰʌk̚mat̚ta,7,2,6,7,5,8,1250.0,5.19,2,1800.0,4.91,5,0,3,#2F4F4F,31.3,-11.7,-3.7,5,5,5,8,SUFFIX(어미변화)
벌컥벌컥맞다,beolkeogbeolkeogmajda,4,2,0,1,2,33,1,pʌlkʰʌk̚pʌlkʰʌk̚mat̚ta,7,4,6,7,5,8,1250.0,5.19,2,3200.0,5.89,5,0,3,#2F4F4F,31.3,-11.7,-3.7,5,5,5,1,REDUP(첩어・동일)
벌컥거리며,beolkeoggeorimyeo,4,2,0,1,2,32,1,pʌlkʰʌk̚kʌrimjʌ,7,2,6,7,5,8,1250.0,5.19,2,1800.0,4.91,5,0,3,#2F4F4F,31.3,-11.7,-3.7,5,5,5,8,SUFFIX(어미변화)
벌컥벌컥거리며,beolkeogbeolkeoggeorimyeo,4,2,0,1,2,33,1,pʌlkʰʌk̚pʌlkʰʌk̚kʌrimjʌ,7,4,6,7,5,8,1250.0,5.19,2,3200.0,5.89,5,0,3,#2F4F4F,31.3,-11.7,-3.7,5,5,5,1,REDUP(첩어・동일)
벌컥대며,beolkeogdaemyeo,4,2,0,1,2,32,1,pʌlkʰʌk̚tɛmjʌ,7,2,6,7,5,8,1250.0,5.19,2,1800.0,4.91,5,0,3,#2F4F4F,31.3,-11.7,-3.7,5,5,5,8,SUFFIX(어미변화)
벌컥벌컥대며,beolkeogbeolkeogdaemyeo,4,2,0,1,2,33,1,pʌlkʰʌk̚pʌlkʰʌk̚tɛmjʌ,7,4,6,7,5,8,1250.0,5.19,2,3200.0,5.89,5,0,3,#2F4F4F,31.3,-11.7,-3.7,5,5,5,1,REDUP(첩어・동일)
벌컥하게,beolkeoghage,4,2,0,1,2,32,1,pʌlkʰʌk̚hake,7,2,6,7,5,8,1250.0,5.19,2,1800.0,4.91,5,0,3,#2F4F4F,31.3,-11.7,-3.7,5,5,5,8,SUFFIX(어미변화)
벌컥벌컥하게,beolkeogbeolkeoghage,4,2,0,1,2,33,1,pʌlkʰʌk̚pʌlkʰʌk̚hake,7,4,6,7,5,8,1250.0,5.19,2,3200.0,5.89,5,0,3,#2F4F4F,31.3,-11.7,-3.7,5,5,5,1,REDUP(첩어・동일)
벌컥한,beolkeoghan,4,2,0,1,2,32,1,pʌlkʰʌk̚han,7,2,6,7,5,8,1250.0,5.19,2,1800.0,4.91,5,0,3,#2F4F4F,31.3,-11.7,-3.7,5,5,5,8,SUFFIX(어미변화)
벌컥벌컥한,beolkeogbeolkeoghan,4,2,0,1,2,33,1,pʌlkʰʌk̚pʌlkʰʌk̚han,7,4,6,7,5,8,1250.0,5.19,2,3200.0,5.89,5,0,3,#2F4F4F,31.3,-11.7,-3.7,5,5,5,1,REDUP(첩어・동일)
벌컥스럽게,beolkeogseureopge,4,2,0,1,2,32,1,pʌlkʰʌk̚sɯrʌp̚ke,7,2,6,7,5,8,1250.0,5.19,2,1800.0,4.91,5,0,3,#2F4F4F,31.3,-11.7,-3.7,5,5,5,8,SUFFIX(어미변화)
벌컥벌컥스럽게,beolkeogbeolkeogseureopge,4,2,0,1,2,33,1,pʌlkʰʌk̚pʌlkʰʌk̚sɯrʌp̚ke,7,4,6,7,5,8,1250.0,5.19,2,3200.0,5.89,5,0,3,#2F4F4F,31.3,-11.7,-3.7,5,5,5,1,REDUP(첩어・동일)
벌컥스러운,beolkeogseureoun,4,2,0,1,2,32,1,pʌlkʰʌk̚sɯrʌun,7,2,6,7,5,8,1250.0,5.19,2,1800.0,4.91,5,0,3,#2F4F4F,31.3,-11.7,-3.7,5,5,5,8,SUFFIX(어미변화)
벌컥벌컥스러운,beolkeogbeolkeogseureoun,4,2,0,1,2,33,1,pʌlkʰʌk̚pʌlkʰʌk̚sɯrʌun,7,4,6,7,5,8,1250.0,5.19,2,3200.0,5.89,5,0,3,#2F4F4F,31.3,-11.7,-3.7,5,5,5,1,REDUP(첩어・동일)
벌컥해서,beolkeoghaeseo,4,2,0,1,2,32,1,pʌlkʰʌk̚hɛsʌ,7,2,6,7,5,8,1250.0,5.19,2,1800.0,4.91,5,0,3,#2F4F4F,31.3,-11.7,-3.7,5,5,5,8,SUFFIX(어미변화)
벌컥벌컥해서,beolkeogbeolkeoghaeseo,4,2,0,1,2,33,1,pʌlkʰʌk̚pʌlkʰʌk̚hɛsʌ,7,4,6,7,5,8,1250.0,5.19,2,3200.0,5.89,5,0,3,#2F4F4F,31.3,-11.7,-3.7,5,5,5,1,REDUP(첩어・동일)
벌컥하고,beolkeoghago,4,2,0,1,2,32,1,pʌlkʰʌk̚hako,7,2,6,7,5,8,1250.0,5.19,2,1800.0,4.91,5,0,3,#2F4F4F,31.3,-11.7,-3.7,5,5,5,8,SUFFIX(어미변화)
벌컥벌컥하고,beolkeogbeolkeoghago,4,2,0,1,2,33,1,pʌlkʰʌk̚pʌlkʰʌk̚hako,7,4,6,7,5,8,1250.0,5.19,2,3200.0,5.89,5,0,3,#2F4F4F,31.3,-11.7,-3.7,5,5,5,1,REDUP(첩어・동일)
꿀꺽,kkulkkeog,2,256,1,4,2,8,1,k͈ulk͈ʌk̚,8,8,6,4,5,5,950.0,4.62,3,800.0,3.53,5,0,3,#2F4F4F,31.3,-11.7,-3.7,5,5,0,0,SINGLE(단발)
꿀꺽꿀꺽,kkulkkeogkkulkkeog,2,256,1,4,2,1,1,k͈ulk͈ʌk̚k͈ulk͈ʌk̚,8,7,6,4,5,5,950.0,4.62,2,3200.0,5.89,5,0,3,#2F4F4F,31.3,-11.7,-3.7,5,5,5,1,REDUP(첩어・동일)
꿀꺽꿀꺽꿀꺽,kkulkkeogkkulkkeogkkulkkeog,2,256,1,4,2,1,1,k͈ulk͈ʌk̚k͈ulk͈ʌk̚k͈ulk͈ʌk̚,8,7,6,4,5,5,950.0,4.62,2,3200.0,5.89,5,0,3,#2F4F4F,31.3,-11.7,-3.7,5,5,5,1,REDUP(첩어・동일)
꿀꺽거리다,kkulkkeoggeorida,2,256,1,4,2,32,1,k͈ulk͈ʌk̚kʌrita,8,2,4,4,5,5,950.0,4.62,2,1800.0,4.91,5,0,3,#2F4F4F,31.3,-11.7,-3.7,5,5,5,8,STEM+GEORIDA
꿀꺽꿀꺽거리다,kkulkkeogkkulkkeoggeorida,2,256,1,4,2,33,1,k͈ulk͈ʌk̚k͈ulk͈ʌk̚kʌrita,8,4,4,4,5,5,950.0,4.62,2,3200.0,5.89,5,0,3,#2F4F4F,31.3,-11.7,-3.7,5,5,5,1,STEM+GEORIDA
꿀꺽대다,kkulkkeogdaeda,2,256,1,4,2,32,1,k͈ulk͈ʌk̚tɛta,8,2,4,4,5,5,950.0,4.62,2,1800.0,4.91,5,0,3,#2F4F4F,31.3,-11.7,-3.7,5,5,5,8,STEM+DAEDA
꿀꺽꿀꺽대다,kkulkkeogkkulkkeogdaeda,2,256,1,4,2,33,1,k͈ulk͈ʌk̚k͈ulk͈ʌk̚tɛta,8,4,4,4,5,5,950.0,4.62,2,3200.0,5.89,5,0,3,#2F4F4F,31.3,-11.7,-3.7,5,5,5,1,STEM+DAEDA
꿀꺽이다,kkulkkeogida,2,256,1,4,2,32,1,k͈ulk͈ʌk̚ita,8,2,4,4,5,5,950.0,4.62,2,1800.0,4.91,5,0,3,#2F4F4F,31.3,-11.7,-3.7,5,5,5,8,STEM+IDA
꿀꺽꿀꺽이다,kkulkkeogkkulkkeogida,2,256,1,4,2,33,1,k͈ulk͈ʌk̚k͈ulk͈ʌk̚ita,8,4,4,4,5,5,950.0,4.62,2,3200.0,5.89,5,0,3,#2F4F4F,31.3,-11.7,-3.7,5,5,5,1,STEM+IDA
꿀꺽하다,kkulkkeoghada,2,256,1,4,2,32,1,k͈ulk͈ʌk̚hata,8,2,4,6,5,5,950.0,4.62,2,1800.0,4.91,5,0,3,#2F4F4F,31.3,-11.7,-3.7,5,5,5,8,STEM+HADA
꿀꺽꿀꺽하다,kkulkkeogkkulkkeoghada,2,256,1,4,2,33,1,k͈ulk͈ʌk̚k͈ulk͈ʌk̚hata,8,4,4,6,5,5,950.0,4.62,2,3200.0,5.89,5,0,3,#2F4F4F,31.3,-11.7,-3.7,5,5,5,1,STEM+HADA
꿀꺽스럽다,kkulkkeogseureopda,2,256,1,4,2,32,1,k͈ulk͈ʌk̚sɯrʌp̚ta,8,2,4,6,5,5,950.0,4.62,2,1800.0,4.91,5,0,3,#2F4F4F,31.3,-11.7,-3.7,5,5,5,8,SUFFIX(어미변화)
꿀꺽꿀꺽스럽다,kkulkkeogkkulkkeogseureopda,2,256,1,4,2,33,1,k͈ulk͈ʌk̚k͈ulk͈ʌk̚sɯrʌp̚ta,8,4,4,6,5,5,950.0,4.62,2,3200.0,5.89,5,0,3,#2F4F4F,31.3,-11.7,-3.7,5,5,5,1,REDUP(첩어・동일)
꿀꺽맞다,kkulkkeogmajda,2,256,1,4,2,32,1,k͈ulk͈ʌk̚mat̚ta,8,2,4,4,5,5,950.0,4.62,2,1800.0,4.91,5,0,3,#2F4F4F,31.3,-11.7,-3.7,5,5,5,8,SUFFIX(어미변화)
꿀꺽꿀꺽맞다,kkulkkeogkkulkkeogmajda,2,256,1,4,2,33,1,k͈ulk͈ʌk̚k͈ulk͈ʌk̚mat̚ta,8,4,4,4,5,5,950.0,4.62,2,3200.0,5.89,5,0,3,#2F4F4F,31.3,-11.7,-3.7,5,5,5,1,REDUP(첩어・동일)
꿀꺽거리며,kkulkkeoggeorimyeo,2,256,1,4,2,32,1,k͈ulk͈ʌk̚kʌrimjʌ,8,2,4,4,5,5,950.0,4.62,2,1800.0,4.91,5,0,3,#2F4F4F,31.3,-11.7,-3.7,5,5,5,8,SUFFIX(어미변화)
꿀꺽꿀꺽거리며,kkulkkeogkkulkkeoggeorimyeo,2,256,1,4,2,33,1,k͈ulk͈ʌk̚k͈ulk͈ʌk̚kʌrimjʌ,8,4,4,4,5,5,950.0,4.62,2,3200.0,5.89,5,0,3,#2F4F4F,31.3,-11.7,-3.7,5,5,5,1,REDUP(첩어・동일)
꿀꺽대며,kkulkkeogdaemyeo,2,256,1,4,2,32,1,k͈ulk͈ʌk̚tɛmjʌ,8,2,4,4,5,5,950.0,4.62,2,1800.0,4.91,5,0,3,#2F4F4F,31.3,-11.7,-3.7,5,5,5,8,SUFFIX(어미변화)
꿀꺽꿀꺽대며,kkulkkeogkkulkkeogdaemyeo,2,256,1,4,2,33,1,k͈ulk͈ʌk̚k͈ulk͈ʌk̚tɛmjʌ,8,4,4,4,5,5,950.0,4.62,2,3200.0,5.89,5,0,3,#2F4F4F,31.3,-11.7,-3.7,5,5,5,1,REDUP(첩어・동일)
꿀꺽하게,kkulkkeoghage,2,256,1,4,2,32,1,k͈ulk͈ʌk̚hake,8,2,4,6,5,5,950.0,4.62,2,1800.0,4.91,5,0,3,#2F4F4F,31.3,-11.7,-3.7,5,5,5,8,SUFFIX(어미변화)
꿀꺽꿀꺽하게,kkulkkeogkkulkkeoghage,2,256,1,4,2,33,1,k͈ulk͈ʌk̚k͈ulk͈ʌk̚hake,8,4,4,6,5,5,950.0,4.62,2,3200.0,5.89,5,0,3,#2F4F4F,31.3,-11.7,-3.7,5,5,5,1,REDUP(첩어・동일)
꿀꺽한,kkulkkeoghan,2,256,1,4,2,32,1,k͈ulk͈ʌk̚han,8,2,4,6,5,5,950.0,4.62,2,1800.0,4.91,5,0,3,#2F4F4F,31.3,-11.7,-3.7,5,5,5,8,SUFFIX(어미변화)
꿀꺽꿀꺽한,kkulkkeogkkulkkeoghan,2,256,1,4,2,33,1,k͈ulk͈ʌk̚k͈ulk͈ʌk̚han,8,4,4,6,5,5,950.0,4.62,2,3200.0,5.89,5,0,3,#2F4F4F,31.3,-11.7,-3.7,5,5,5,1,REDUP(첩어・동일)
꿀꺽스럽게,kkulkkeogseureopge,2,256,1,4,2,32,1,k͈ulk͈ʌk̚sɯrʌp̚ke,8,2,4,6,5,5,950.0,4.62,2,1800.0,4.91,5,0,3,#2F4F4F,31.3,-11.7,-3.7,5,5,5,8,SUFFIX(어미변화)
꿀꺽꿀꺽스럽게,kkulkkeogkkulkkeogseureopge,2,256,1,4,2,33,1,k͈ulk͈ʌk̚k͈ulk͈ʌk̚sɯrʌp̚ke,8,4,4,6,5,5,950.0,4.62,2,3200.0,5.89,5,0,3,#2F4F4F,31.3,-11.7,-3.7,5,5,5,1,REDUP(첩어・동일)
꿀꺽스러운,kkulkkeogseureoun,2,256,1,4,2,32,1,k͈ulk͈ʌk̚sɯrʌun,8,2,4,6,5,5,950.0,4.62,2,1800.0,4.91,5,0,3,#2F4F4F,31.3,-11.7,-3.7,5,5,5,8,SUFFIX(어미변화)
꿀꺽꿀꺽스러운,kkulkkeogkkulkkeogseureoun,2,256,1,4,2,33,1,k͈ulk͈ʌk̚k͈ulk͈ʌk̚sɯrʌun,8,4,4,6,5,5,950.0,4.62,2,3200.0,5.89,5,0,3,#2F4F4F,31.3,-11.7,-3.7,5,5,5,1,REDUP(첩어・동일)
꿀꺽해서,kkulkkeoghaeseo,2,256,1,4,2,32,1,k͈ulk͈ʌk̚hɛsʌ,8,2,4,6,5,5,950.0,4.62,2,1800.0,4.91,5,0,3,#2F4F4F,31.3,-11.7,-3.7,5,5,5,8,SUFFIX(어미변화)
꿀꺽꿀꺽해서,kkulkkeogkkulkkeoghaeseo,2,256,1,4,2,33,1,k͈ulk͈ʌk̚k͈ulk͈ʌk̚hɛsʌ,8,4,4,6,5,5,950.0,4.62,2,3200.0,5.89,5,0,3,#2F4F4F,31.3,-11.7,-3.7,5,5,5,1,REDUP(첩어・동일)
꿀꺽하고,kkulkkeoghago,2,256,1,4,2,32,1,k͈ulk͈ʌk̚hako,8,2,4,6,5,5,950.0,4.62,2,1800.0,4.91,5,0,3,#2F4F4F,31.3,-11.7,-3.7,5,5,5,8,SUFFIX(어미변화)
꿀꺽꿀꺽하고,kkulkkeogkkulkkeoghago,2,256,1,4,2,33,1,k͈ulk͈ʌk̚k͈ulk͈ʌk̚hako,8,4,4,6,5,5,950.0,4.62,2,3200.0,5.89,5,0,3,#2F4F4F,31.3,-11.7,-3.7,5,5,5,1,REDUP(첩어・동일)
꼴깍,kkolkkag,2,256,1,4,1,8,1,k͈olk͈ak̚,4,8,6,4,5,5,2600.0,6.69,9,800.0,3.53,5,0,3,#FFD700,86.9,-1.9,87.1,5,5,0,0,SINGLE(단발)
꼴깍꼴깍,kkolkkagkkolkkag,2,256,1,4,1,1,1,k͈olk͈ak̚k͈olk͈ak̚,4,7,6,4,5,5,2600.0,6.69,8,3200.0,5.89,5,0,3,#FFD700,86.9,-1.9,87.1,5,5,5,1,REDUP(첩어・동일)
꼴깍꼴깍꼴깍,kkolkkagkkolkkagkkolkkag,2,256,1,4,1,1,1,k͈olk͈ak̚k͈olk͈ak̚k͈olk͈ak̚,4,7,6,4,5,5,2600.0,6.69,8,3200.0,5.89,5,0,3,#FFD700,86.9,-1.9,87.1,5,5,5,1,REDUP(첩어・동일)
꼴깍거리다,kkolkkaggeorida,2,256,1,4,1,32,1,k͈olk͈ak̚kʌrita,4,2,4,4,5,5,2600.0,6.69,8,1800.0,4.91,5,0,3,#FFD700,86.9,-1.9,87.1,5,5,5,8,STEM+GEORIDA
꼴깍꼴깍거리다,kkolkkagkkolkkaggeorida,2,256,1,4,1,33,1,k͈olk͈ak̚k͈olk͈ak̚kʌrita,4,4,4,4,5,5,2600.0,6.69,8,3200.0,5.89,5,0,3,#FFD700,86.9,-1.9,87.1,5,5,5,1,STEM+GEORIDA
꼴깍대다,kkolkkagdaeda,2,256,1,4,1,32,1,k͈olk͈ak̚tɛta,4,2,4,4,5,5,2600.0,6.69,8,1800.0,4.91,5,0,3,#FFD700,86.9,-1.9,87.1,5,5,5,8,STEM+DAEDA
꼴깍꼴깍대다,kkolkkagkkolkkagdaeda,2,256,1,4,1,33,1,k͈olk͈ak̚k͈olk͈ak̚tɛta,4,4,4,4,5,5,2600.0,6.69,8,3200.0,5.89,5,0,3,#FFD700,86.9,-1.9,87.1,5,5,5,1,STEM+DAEDA
꼴깍이다,kkolkkagida,2,256,1,4,1,32,1,k͈olk͈ak̚ita,4,2,4,4,5,5,2600.0,6.69,8,1800.0,4.91,5,0,3,#FFD700,86.9,-1.9,87.1,5,5,5,8,STEM+IDA
꼴깍꼴깍이다,kkolkkagkkolkkagida,2,256,1,4,1,33,1,k͈olk͈ak̚k͈olk͈ak̚ita,4,4,4,4,5,5,2600.0,6.69,8,3200.0,5.89,5,0,3,#FFD700,86.9,-1.9,87.1,5,5,5,1,STEM+IDA
꼴깍하다,kkolkkaghada,2,256,1,4,1,32,1,k͈olk͈ak̚hata,4,2,4,6,5,5,2600.0,6.69,8,1800.0,4.91,5,0,3,#FFD700,86.9,-1.9,87.1,5,5,5,8,STEM+HADA
꼴깍꼴깍하다,kkolkkagkkolkkaghada,2,256,1,4,1,33,1,k͈olk͈ak̚k͈olk͈ak̚hata,4,4,4,6,5,5,2600.0,6.69,8,3200.0,5.89,5,0,3,#FFD700,86.9,-1.9,87.1,5,5,5,1,STEM+HADA
꼴깍스럽다,kkolkkagseureopda,2,256,1,4,1,32,1,k͈olk͈ak̚sɯrʌp̚ta,4,2,4,6,5,5,2600.0,6.69,8,1800.0,4.91,5,0,3,#FFD700,86.9,-1.9,87.1,5,5,5,8,SUFFIX(어미변화)
꼴깍꼴깍스럽다,kkolkkagkkolkkagseureopda,2,256,1,4,1,33,1,k͈olk͈ak̚k͈olk͈ak̚sɯrʌp̚ta,4,4,4,6,5,5,2600.0,6.69,8,3200.0,5.89,5,0,3,#FFD700,86.9,-1.9,87.1,5,5,5,1,REDUP(첩어・동일)
꼴깍맞다,kkolkkagmajda,2,256,1,4,1,32,1,k͈olk͈ak̚mat̚ta,4,2,4,4,5,5,2600.0,6.69,8,1800.0,4.91,5,0,3,#FFD700,86.9,-1.9,87.1,5,5,5,8,SUFFIX(어미변화)
꼴깍꼴깍맞다,kkolkkagkkolkkagmajda,2,256,1,4,1,33,1,k͈olk͈ak̚k͈olk͈ak̚mat̚ta,4,4,4,4,5,5,2600.0,6.69,8,3200.0,5.89,5,0,3,#FFD700,86.9,-1.9,87.1,5,5,5,1,REDUP(첩어・동일)
꼴깍거리며,kkolkkaggeorimyeo,2,256,1,4,1,32,1,k͈olk͈ak̚kʌrimjʌ,4,2,4,4,5,5,2600.0,6.69,8,1800.0,4.91,5,0,3,#FFD700,86.9,-1.9,87.1,5,5,5,8,SUFFIX(어미변화)
꼴깍꼴깍거리며,kkolkkagkkolkkaggeorimyeo,2,256,1,4,1,33,1,k͈olk͈ak̚k͈olk͈ak̚kʌrimjʌ,4,4,4,4,5,5,2600.0,6.69,8,3200.0,5.89,5,0,3,#FFD700,86.9,-1.9,87.1,5,5,5,1,REDUP(첩어・동일)
꼴깍대며,kkolkkagdaemyeo,2,256,1,4,1,32,1,k͈olk͈ak̚tɛmjʌ,4,2,4,4,5,5,2600.0,6.69,8,1800.0,4.91,5,0,3,#FFD700,86.9,-1.9,87.1,5,5,5,8,SUFFIX(어미변화)
꼴깍꼴깍대며,kkolkkagkkolkkagdaemyeo,2,256,1,4,1,33,1,k͈olk͈ak̚k͈olk͈ak̚tɛmjʌ,4,4,4,4,5,5,2600.0,6.69,8,3200.0,5.89,5,0,3,#FFD700,86.9,-1.9,87.1,5,5,5,1,REDUP(첩어・동일)
꼴깍하게,kkolkkaghage,2,256,1,4,1,32,1,k͈olk͈ak̚hake,4,2,4,6,5,5,2600.0,6.69,8,1800.0,4.91,5,0,3,#FFD700,86.9,-1.9,87.1,5,5,5,8,SUFFIX(어미변화)
꼴깍꼴깍하게,kkolkkagkkolkkaghage,2,256,1,4,1,33,1,k͈olk͈ak̚k͈olk͈ak̚hake,4,4,4,6,5,5,2600.0,6.69,8,3200.0,5.89,5,0,3,#FFD700,86.9,-1.9,87.1,5,5,5,1,REDUP(첩어・동일)
꼴깍한,kkolkkaghan,2,256,1,4,1,32,1,k͈olk͈ak̚han,4,2,4,6,5,5,2600.0,6.69,8,1800.0,4.91,5,0,3,#FFD700,86.9,-1.9,87.1,5,5,5,8,SUFFIX(어미변화)
꼴깍꼴깍한,kkolkkagkkolkkaghan,2,256,1,4,1,33,1,k͈olk͈ak̚k͈olk͈ak̚han,4,4,4,6,5,5,2600.0,6.69,8,3200.0,5.89,5,0,3,#FFD700,86.9,-1.9,87.1,5,5,5,1,REDUP(첩어・동일)
꼴깍스럽게,kkolkkagseureopge,2,256,1,4,1,32,1,k͈olk͈ak̚sɯrʌp̚ke,4,2,4,6,5,5,2600.0,6.69,8,1800.0,4.91,5,0,3,#FFD700,86.9,-1.9,87.1,5,5,5,8,SUFFIX(어미변화)
꼴깍꼴깍스럽게,kkolkkagkkolkkagseureopge,2,256,1,4,1,33,1,k͈olk͈ak̚k͈olk͈ak̚sɯrʌp̚ke,4,4,4,6,5,5,2600.0,6.69,8,3200.0,5.89,5,0,3,#FFD700,86.9,-1.9,87.1,5,5,5,1,REDUP(첩어・동일)
꼴깍스러운,kkolkkagseureoun,2,256,1,4,1,32,1,k͈olk͈ak̚sɯrʌun,4,2,4,6,5,5,2600.0,6.69,8,1800.0,4.91,5,0,3,#FFD700,86.9,-1.9,87.1,5,5,5,8,SUFFIX(어미변화)
꼴깍꼴깍스러운,kkolkkagkkolkkagseureoun,2,256,1,4,1,33,1,k͈olk͈ak̚k͈olk͈ak̚sɯrʌun,4,4,4,6,5,5,2600.0,6.69,8,3200.0,5.89,5,0,3,#FFD700,86.9,-1.9,87.1,5,5,5,1,REDUP(첩어・동일)
꼴깍해서,kkolkkaghaeseo,2,256,1,4,1,32,1,k͈olk͈ak̚hɛsʌ,4,2,4,6,5,5,2600.0,6.69,8,1800.0,4.91,5,0,3,#FFD700,86.9,-1.9,87.1,5,5,5,8,SUFFIX(어미변화)
꼴깍꼴깍해서,kkolkkagkkolkkaghaeseo,2,256,1,4,1,33,1,k͈olk͈ak̚k͈olk͈ak̚hɛsʌ,4,4,4,6,5,5,2600.0,6.69,8,3200.0,5.89,5,0,3,#FFD700,86.9,-1.9,87.1,5,5,5,1,REDUP(첩어・동일)
꼴깍하고,kkolkkaghago,2,256,1,4,1,32,1,k͈olk͈ak̚hako,4,2,4,6,5,5,2600.0,6.69,8,1800.0,4.91,5,0,3,#FFD700,86.9,-1.9,87.1,5,5,5,8,SUFFIX(어미변화)
꼴깍꼴깍하고,kkolkkagkkolkkaghago,2,256,1,4,1,33,1,k͈olk͈ak̚k͈olk͈ak̚hako,4,4,4,6,5,5,2600.0,6.69,8,3200.0,5.89,5,0,3,#FFD700,86.9,-1.9,87.1,5,5,5,1,REDUP(첩어・동일)
우물우물,umulumul,4,256,0,1,2,8,1,umulumul,5,8,5,3,2,5,450.0,3.09,3,800.0,3.53,3,0,2,#2F4F4F,31.3,-11.7,-3.7,5,5,0,0,SINGLE(단발)
우물우물거리다,umulumulgeorida,4,256,0,1,2,32,1,umulumulkʌrita,5,2,3,3,2,5,450.0,3.09,2,1800.0,4.91,3,0,2,#2F4F4F,31.3,-11.7,-3.7,5,5,5,8,STEM+GEORIDA
우물우물대다,umulumuldaeda,4,256,0,1,2,32,1,umulumultɛta,5,2,3,3,2,5,450.0,3.09,2,1800.0,4.91,3,0,2,#2F4F4F,31.3,-11.7,-3.7,5,5,5,8,STEM+DAEDA
우물우물이다,umulumulida,4,256,0,1,2,32,1,umulumulita,5,2,3,3,2,5,450.0,3.09,2,1800.0,4.91,3,0,2,#2F4F4F,31.3,-11.7,-3.7,5,5,5,8,STEM+IDA
우물우물하다,umulumulhada,4,256,0,1,2,32,1,umulumulhata,5,2,3,5,2,5,450.0,3.09,2,1800.0,4.91,3,0,2,#2F4F4F,31.3,-11.7,-3.7,5,5,5,8,STEM+HADA
우물우물스럽다,umulumulseureopda,4,256,0,1,2,32,1,umulumulsɯrʌp̚ta,5,2,3,5,5,5,450.0,3.09,2,1800.0,4.91,3,0,3,#2F4F4F,31.3,-11.7,-3.7,5,5,5,8,SUFFIX(어미변화)
우물우물맞다,umulumulmajda,4,256,0,1,2,32,1,umulumulmat̚ta,5,2,3,3,2,5,450.0,3.09,2,1800.0,4.91,3,0,2,#2F4F4F,31.3,-11.7,-3.7,5,5,5,8,SUFFIX(어미변화)
우물우물거리며,umulumulgeorimyeo,4,256,0,1,2,32,1,umulumulkʌrimjʌ,5,2,3,3,2,5,450.0,3.09,2,1800.0,4.91,3,0,2,#2F4F4F,31.3,-11.7,-3.7,5,5,5,8,SUFFIX(어미변화)
우물우물대며,umulumuldaemyeo,4,256,0,1,2,32,1,umulumultɛmjʌ,5,2,3,3,2,5,450.0,3.09,2,1800.0,4.91,3,0,2,#2F4F4F,31.3,-11.7,-3.7,5,5,5,8,SUFFIX(어미변화)
우물우물하게,umulumulhage,4,256,0,1,2,32,1,umulumulhake,5,2,3,5,2,5,450.0,3.09,2,1800.0,4.91,3,0,2,#2F4F4F,31.3,-11.7,-3.7,5,5,5,8,SUFFIX(어미변화)
우물우물한,umulumulhan,4,256,0,1,2,32,1,umulumulhan,5,2,3,5,2,5,450.0,3.09,2,1800.0,4.91,3,0,2,#2F4F4F,31.3,-11.7,-3.7,5,5,5,8,SUFFIX(어미변화)
우물우물스럽게,umulumulseureopge,4,256,0,1,2,32,1,umulumulsɯrʌp̚ke,5,2,3,5,5,5,450.0,3.09,2,1800.0,4.91,3,0,3,#2F4F4F,31.3,-11.7,-3.7,5,5,5,8,SUFFIX(어미변화)
우물우물스러운,umulumulseureoun,4,256,0,1,2,32,1,umulumulsɯrʌun,5,2,3,5,2,5,450.0,3.09,2,1800.0,4.91,3,0,2,#2F4F4F,31.3,-11.7,-3.7,5,5,5,8,SUFFIX(어미변화)
우물우물해서,umulumulhaeseo,4,256,0,1,2,32,1,umulumulhɛsʌ,5,2,3,5,2,5,450.0,3.09,2,1800.0,4.91,3,0,2,#2F4F4F,31.3,-11.7,-3.7,5,5,5,8,SUFFIX(어미변화)
우물우물하고,umulumulhago,4,256,0,1,2,32,1,umulumulhako,5,2,3,5,2,5,450.0,3.09,2,1800.0,4.91,3,0,2,#2F4F4F,31.3,-11.7,-3.7,5,5,5,8,SUFFIX(어미변화)
오물오물,omulomul,4,256,1,1,1,8,1,omulomul,1,8,5,3,2,5,2100.0,6.25,9,800.0,3.53,3,0,2,#FFD700,86.9,-1.9,87.1,5,5,0,0,SINGLE(단발)
오물오물거리다,omulomulgeorida,4,256,1,1,1,32,1,omulomulkʌrita,1,2,3,3,2,5,2100.0,6.25,8,1800.0,4.91,3,0,2,#FFD700,86.9,-1.9,87.1,5,5,5,8,STEM+GEORIDA
오물오물대다,omulomuldaeda,4,256,1,1,1,32,1,omulomultɛta,1,2,3,3,2,5,2100.0,6.25,8,1800.0,4.91,3,0,2,#FFD700,86.9,-1.9,87.1,5,5,5,8,STEM+DAEDA
오물오물이다,omulomulida,4,256,1,1,1,32,1,omulomulita,1,2,3,3,2,5,2100.0,6.25,8,1800.0,4.91,3,0,2,#FFD700,86.9,-1.9,87.1,5,5,5,8,STEM+IDA
오물오물하다,omulomulhada,4,256,1,1,1,32,1,omulomulhata,1,2,3,5,2,5,2100.0,6.25,8,1800.0,4.91,3,0,2,#FFD700,86.9,-1.9,87.1,5,5,5,8,STEM+HADA
오물오물스럽다,omulomulseureopda,4,256,1,1,1,32,1,omulomulsɯrʌp̚ta,1,2,3,5,5,5,2100.0,6.25,8,1800.0,4.91,3,0,3,#FFD700,86.9,-1.9,87.1,5,5,5,8,SUFFIX(어미변화)
오물오물맞다,omulomulmajda,4,256,1,1,1,32,1,omulomulmat̚ta,1,2,3,3,2,5,2100.0,6.25,8,1800.0,4.91,3,0,2,#FFD700,86.9,-1.9,87.1,5,5,5,8,SUFFIX(어미변화)
오물오물거리며,omulomulgeorimyeo,4,256,1,1,1,32,1,omulomulkʌrimjʌ,1,2,3,3,2,5,2100.0,6.25,8,1800.0,4.91,3,0,2,#FFD700,86.9,-1.9,87.1,5,5,5,8,SUFFIX(어미변화)
오물오물대며,omulomuldaemyeo,4,256,1,1,1,32,1,omulomultɛmjʌ,1,2,3,3,2,5,2100.0,6.25,8,1800.0,4.91,3,0,2,#FFD700,86.9,-1.9,87.1,5,5,5,8,SUFFIX(어미변화)
오물오물하게,omulomulhage,4,256,1,1,1,32,1,omulomulhake,1,2,3,5,2,5,2100.0,6.25,8,1800.0,4.91,3,0,2,#FFD700,86.9,-1.9,87.1,5,5,5,8,SUFFIX(어미변화)
오물오물한,omulomulhan,4,256,1,1,1,32,1,omulomulhan,1,2,3,5,2,5,2100.0,6.25,8,1800.0,4.91,3,0,2,#FFD700,86.9,-1.9,87.1,5,5,5,8,SUFFIX(어미변화)
오물오물스럽게,omulomulseureopge,4,256,1,1,1,32,1,omulomulsɯrʌp̚ke,1,2,3,5,5,5,2100.0,6.25,8,1800.0,4.91,3,0,3,#FFD700,86.9,-1.9,87.1,5,5,5,8,SUFFIX(어미변화)
오물오물스러운,omulomulseureoun,4,256,1,1,1,32,1,omulomulsɯrʌun,1,2,3,5,2,5,2100.0,6.25,8,1800.0,4.91,3,0,2,#FFD700,86.9,-1.9,87.1,5,5,5,8,SUFFIX(어미변화)
오물오물해서,omulomulhaeseo,4,256,1,1,1,32,1,omulomulhɛsʌ,1,2,3,5,2,5,2100.0,6.25,8,1800.0,4.91,3,0,2,#FFD700,86.9,-1.9,87.1,5,5,5,8,SUFFIX(어미변화)
오물오물하고,omulomulhago,4,256,1,1,1,32,1,omulomulhako,1,2,3,5,2,5,2100.0,6.25,8,1800.0,4.91,3,0,2,#FFD700,86.9,-1.9,87.1,5,5,5,8,SUFFIX(어미변화)
아삭,asag,2,256,1,1,1,8,1,asak̚,1,8,5,5,7,2,2100.0,6.25,9,800.0,3.53,3,0,4,#FFD700,86.9,-1.9,87.1,5,5,0,0,SINGLE(단발)
아삭아삭,asagasag,2,256,1,1,1,1,1,asak̚asak̚,1,7,5,5,7,2,2100.0,6.25,8,3200.0,5.89,3,0,4,#FFD700,86.9,-1.9,87.1,5,5,5,1,REDUP(첩어・동일)
아삭아삭아삭,asagasagasag,2,256,1,1,1,1,1,asak̚asak̚asak̚,1,7,5,5,7,2,2100.0,6.25,8,3200.0,5.89,3,0,4,#FFD700,86.9,-1.9,87.1,5,5,5,1,REDUP(첩어・동일)
아삭거리다,asaggeorida,2,256,1,1,1,32,1,asak̚kʌrita,1,2,3,5,7,2,2100.0,6.25,8,1800.0,4.91,3,0,4,#FFD700,86.9,-1.9,87.1,5,5,5,8,STEM+GEORIDA
아삭아삭거리다,asagasaggeorida,2,256,1,1,1,33,1,asak̚asak̚kʌrita,1,4,3,5,7,2,2100.0,6.25,8,3200.0,5.89,3,0,4,#FFD700,86.9,-1.9,87.1,5,5,5,1,STEM+GEORIDA
아삭대다,asagdaeda,2,256,1,1,1,32,1,asak̚tɛta,1,2,3,5,7,2,2100.0,6.25,8,1800.0,4.91,3,0,4,#FFD700,86.9,-1.9,87.1,5,5,5,8,STEM+DAEDA
아삭아삭대다,asagasagdaeda,2,256,1,1,1,33,1,asak̚asak̚tɛta,1,4,3,5,7,2,2100.0,6.25,8,3200.0,5.89,3,0,4,#FFD700,86.9,-1.9,87.1,5,5,5,1,STEM+DAEDA
아삭이다,asagida,2,256,1,1,1,32,1,asak̚ita,1,2,3,5,7,2,2100.0,6.25,8,1800.0,4.91,3,0,4,#FFD700,86.9,-1.9,87.1,5,5,5,8,STEM+IDA
아삭아삭이다,asagasagida,2,256,1,1,1,33,1,asak̚asak̚ita,1,4,3,5,7,2,2100.0,6.25,8,3200.0,5.89,3,0,4,#FFD700,86.9,-1.9,87.1,5,5,5,1,STEM+IDA
아삭하다,asaghada,2,256,1,1,1,32,1,asak̚hata,1,2,3,5,7,2,2100.0,6.25,8,1800.0,4.91,3,0,4,#FFD700,86.9,-1.9,87.1,5,5,5,8,STEM+HADA
아삭아삭하다,asagasaghada,2,256,1,1,1,33,1,asak̚asak̚hata,1,4,3,5,7,2,2100.0,6.25,8,3200.0,5.89,3,0,4,#FFD700,86.9,-1.9,87.1,5,5,5,1,STEM+HADA
아삭스럽다,asagseureopda,2,256,1,1,1,32,1,asak̚sɯrʌp̚ta,1,2,3,5,7,2,2100.0,6.25,8,1800.0,4.91,3,0,4,#FFD700,86.9,-1.9,87.1,5,5,5,8,SUFFIX(어미변화)
아삭아삭스럽다,asagasagseureopda,2,256,1,1,1,33,1,asak̚asak̚sɯrʌp̚ta,1,4,3,5,7,2,2100.0,6.25,8,3200.0,5.89,3,0,4,#FFD700,86.9,-1.9,87.1,5,5,5,1,REDUP(첩어・동일)
아삭맞다,asagmajda,2,256,1,1,1,32,1,asak̚mat̚ta,1,2,3,5,7,2,2100.0,6.25,8,1800.0,4.91,3,0,4,#FFD700,86.9,-1.9,87.1,5,5,5,8,SUFFIX(어미변화)
아삭아삭맞다,asagasagmajda,2,256,1,1,1,33,1,asak̚asak̚mat̚ta,1,4,3,5,7,2,2100.0,6.25,8,3200.0,5.89,3,0,4,#FFD700,86.9,-1.9,87.1,5,5,5,1,REDUP(첩어・동일)
아삭거리며,asaggeorimyeo,2,256,1,1,1,32,1,asak̚kʌrimjʌ,1,2,3,5,7,2,2100.0,6.25,8,1800.0,4.91,3,0,4,#FFD700,86.9,-1.9,87.1,5,5,5,8,SUFFIX(어미변화)
아삭아삭거리며,asagasaggeorimyeo,2,256,1,1,1,33,1,asak̚asak̚kʌrimjʌ,1,4,3,5,7,2,2100.0,6.25,8,3200.0,5.89,3,0,4,#FFD700,86.9,-1.9,87.1,5,5,5,1,REDUP(첩어・동일)
아삭대며,asagdaemyeo,2,256,1,1,1,32,1,asak̚tɛmjʌ,1,2,3,5,7,2,2100.0,6.25,8,1800.0,4.91,3,0,4,#FFD700,86.9,-1.9,87.1,5,5,5,8,SUFFIX(어미변화)
아삭아삭대며,asagasagdaemyeo,2,256,1,1,1,33,1,asak̚asak̚tɛmjʌ,1,4,3,5,7,2,2100.0,6.25,8,3200.0,5.89,3,0,4,#FFD700,86.9,-1.9,87.1,5,5,5,1,REDUP(첩어・동일)
아삭하게,asaghage,2,256,1,1,1,32,1,asak̚hake,1,2,3,5,7,2,2100.0,6.25,8,1800.0,4.91,3,0,4,#FFD700,86.9,-1.9,87.1,5,5,5,8,SUFFIX(어미변화)
아삭아삭하게,asagasaghage,2,256,1,1,1,33,1,asak̚asak̚hake,1,4,3,5,7,2,2100.0,6.25,8,3200.0,5.89,3,0,4,#FFD700,86.9,-1.9,87.1,5,5,5,1,REDUP(첩어・동일)
아삭한,asaghan,2,256,1,1,1,32,1,asak̚han,1,2,3,5,5,2,2100.0,6.25,8,1800.0,4.91,3,0,3,#FFD700,86.9,-1.9,87.1,5,5,5,8,SUFFIX(어미변화)
아삭아삭한,asagasaghan,2,256,1,1,1,33,1,asak̚asak̚han,1,4,3,5,5,2,2100.0,6.25,8,3200.0,5.89,3,0,3,#FFD700,86.9,-1.9,87.1,5,5,5,1,REDUP(첩어・동일)
아삭스럽게,asagseureopge,2,256,1,1,1,32,1,asak̚sɯrʌp̚ke,1,2,3,5,7,2,2100.0,6.25,8,1800.0,4.91,3,0,4,#FFD700,86.9,-1.9,87.1,5,5,5,8,SUFFIX(어미변화)
아삭아삭스럽게,asagasagseureopge,2,256,1,1,1,33,1,asak̚asak̚sɯrʌp̚ke,1,4,3,5,7,2,2100.0,6.25,8,3200.0,5.89,3,0,4,#FFD700,86.9,-1.9,87.1,5,5,5,1,REDUP(첩어・동일)
아삭스러운,asagseureoun,2,256,1,1,1,32,1,asak̚sɯrʌun,1,2,3,5,5,2,2100.0,6.25,8,1800.0,4.91,3,0,3,#FFD700,86.9,-1.9,87.1,5,5,5,8,SUFFIX(어미변화)
아삭아삭스러운,asagasagseureoun,2,256,1,1,1,33,1,asak̚asak̚sɯrʌun,1,4,3,5,5,2,2100.0,6.25,8,3200.0,5.89,3,0,3,#FFD700,86.9,-1.9,87.1,5,5,5,1,REDUP(첩어・동일)
아삭해서,asaghaeseo,2,256,1,1,1,32,1,asak̚hɛsʌ,1,2,3,5,7,2,2100.0,6.25,8,1800.0,4.91,3,0,4,#FFD700,86.9,-1.9,87.1,5,5,5,8,SUFFIX(어미변화)
아삭아삭해서,asagasaghaeseo,2,256,1,1,1,33,1,asak̚asak̚hɛsʌ,1,4,3,5,7,2,2100.0,6.25,8,3200.0,5.89,3,0,4,#FFD700,86.9,-1.9,87.1,5,5,5,1,REDUP(첩어・동일)
아삭하고,asaghago,2,256,1,1,1,32,1,asak̚hako,1,2,3,5,7,2,2100.0,6.25,8,1800.0,4.91,3,0,4,#FFD700,86.9,-1.9,87.1,5,5,5,8,SUFFIX(어미변화)
아삭아삭하고,asagasaghago,2,256,1,1,1,33,1,asak̚asak̚hako,1,4,3,5,7,2,2100.0,6.25,8,3200.0,5.89,3,0,4,#FFD700,86.9,-1.9,87.1,5,5,5,1,REDUP(첩어・동일)
어삭어삭,eosageosag,2,256,0,1,2,8,1,ʌsak̚ʌsak̚,5,8,5,5,7,5,450.0,3.09,3,800.0,3.53,3,0,4,#2F4F4F,31.3,-11.7,-3.7,5,5,0,0,SINGLE(단발)
어삭어삭거리다,eosageosaggeorida,2,256,0,1,2,32,1,ʌsak̚ʌsak̚kʌrita,5,2,3,5,7,5,450.0,3.09,2,1800.0,4.91,3,0,4,#2F4F4F,31.3,-11.7,-3.7,5,5,5,8,STEM+GEORIDA
어삭어삭대다,eosageosagdaeda,2,256,0,1,2,32,1,ʌsak̚ʌsak̚tɛta,5,2,3,5,7,5,450.0,3.09,2,1800.0,4.91,3,0,4,#2F4F4F,31.3,-11.7,-3.7,5,5,5,8,STEM+DAEDA
어삭어삭이다,eosageosagida,2,256,0,1,2,32,1,ʌsak̚ʌsak̚ita,5,2,3,5,7,5,450.0,3.09,2,1800.0,4.91,3,0,4,#2F4F4F,31.3,-11.7,-3.7,5,5,5,8,STEM+IDA
어삭어삭하다,eosageosaghada,2,256,0,1,2,32,1,ʌsak̚ʌsak̚hata,5,2,3,5,7,5,450.0,3.09,2,1800.0,4.91,3,0,4,#2F4F4F,31.3,-11.7,-3.7,5,5,5,8,STEM+HADA
어삭어삭스럽다,eosageosagseureopda,2,256,0,1,2,32,1,ʌsak̚ʌsak̚sɯrʌp̚ta,5,2,3,5,7,5,450.0,3.09,2,1800.0,4.91,3,0,4,#2F4F4F,31.3,-11.7,-3.7,5,5,5,8,SUFFIX(어미변화)
어삭어삭맞다,eosageosagmajda,2,256,0,1,2,32,1,ʌsak̚ʌsak̚mat̚ta,5,2,3,5,7,5,450.0,3.09,2,1800.0,4.91,3,0,4,#2F4F4F,31.3,-11.7,-3.7,5,5,5,8,SUFFIX(어미변화)
어삭어삭거리며,eosageosaggeorimyeo,2,256,0,1,2,32,1,ʌsak̚ʌsak̚kʌrimjʌ,5,2,3,5,7,5,450.0,3.09,2,1800.0,4.91,3,0,4,#2F4F4F,31.3,-11.7,-3.7,5,5,5,8,SUFFIX(어미변화)
어삭어삭대며,eosageosagdaemyeo,2,256,0,1,2,32,1,ʌsak̚ʌsak̚tɛmjʌ,5,2,3,5,7,5,450.0,3.09,2,1800.0,4.91,3,0,4,#2F4F4F,31.3,-11.7,-3.7,5,5,5,8,SUFFIX(어미변화)
어삭어삭하게,eosageosaghage,2,256,0,1,2,32,1,ʌsak̚ʌsak̚hake,5,2,3,5,7,5,450.0,3.09,2,1800.0,4.91,3,0,4,#2F4F4F,31.3,-11.7,-3.7,5,5,5,8,SUFFIX(어미변화)
어삭어삭한,eosageosaghan,2,256,0,1,2,32,1,ʌsak̚ʌsak̚han,5,2,3,5,5,5,450.0,3.09,2,1800.0,4.91,3,0,3,#2F4F4F,31.3,-11.7,-3.7,5,5,5,8,SUFFIX(어미변화)
어삭어삭스럽게,eosageosagseureopge,2,256,0,1,2,32,1,ʌsak̚ʌsak̚sɯrʌp̚ke,5,2,3,5,7,5,450.0,3.09,2,1800.0,4.91,3,0,4,#2F4F4F,31.3,-11.7,-3.7,5,5,5,8,SUFFIX(어미변화)
어삭어삭스러운,eosageosagseureoun,2,256,0,1,2,32,1,ʌsak̚ʌsak̚sɯrʌun,5,2,3,5,5,5,450.0,3.09,2,1800.0,4.91,3,0,3,#2F4F4F,31.3,-11.7,-3.7,5,5,5,8,SUFFIX(어미변화)
어삭어삭해서,eosageosaghaeseo,2,256,0,1,2,32,1,ʌsak̚ʌsak̚hɛsʌ,5,2,3,5,7,5,450.0,3.09,2,1800.0,4.91,3,0,4,#2F4F4F,31.3,-11.7,-3.7,5,5,5,8,SUFFIX(어미변화)
어삭어삭하고,eosageosaghago,2,256,0,1,2,32,1,ʌsak̚ʌsak̚hako,5,2,3,5,7,5,450.0,3.09,2,1800.0,4.91,3,0,4,#2F4F4F,31.3,-11.7,-3.7,5,5,5,8,SUFFIX(어미변화)
와삭,wasag,2,256,1,1,1,8,1,wasak̚,1,8,5,5,7,5,2100.0,6.25,9,800.0,3.53,3,0,4,#FFD700,86.9,-1.9,87.1,5,5,0,0,SINGLE(단발)
와삭와삭,wasagwasag,2,256,1,1,1,1,1,wasak̚wasak̚,1,7,5,5,7,5,2100.0,6.25,8,3200.0,5.89,3,0,4,#FFD700,86.9,-1.9,87.1,5,5,5,1,REDUP(첩어・동일)
와삭와삭와삭,wasagwasagwasag,2,256,1,1,1,1,1,wasak̚wasak̚wasak̚,1,7,5,5,7,5,2100.0,6.25,8,3200.0,5.89,3,0,4,#FFD700,86.9,-1.9,87.1,5,5,5,1,REDUP(첩어・동일)
와삭거리다,wasaggeorida,2,256,1,1,1,32,1,wasak̚kʌrita,1,2,3,5,7,5,2100.0,6.25,8,1800.0,4.91,3,0,4,#FFD700,86.9,-1.9,87.1,5,5,5,8,STEM+GEORIDA
와삭와삭거리다,wasagwasaggeorida,2,256,1,1,1,33,1,wasak̚wasak̚kʌrita,1,4,3,5,7,5,2100.0,6.25,8,3200.0,5.89,3,0,4,#FFD700,86.9,-1.9,87.1,5,5,5,1,STEM+GEORIDA
와삭대다,wasagdaeda,2,256,1,1,1,32,1,wasak̚tɛta,1,2,3,5,7,5,2100.0,6.25,8,1800.0,4.91,3,0,4,#FFD700,86.9,-1.9,87.1,5,5,5,8,STEM+DAEDA
와삭와삭대다,wasagwasagdaeda,2,256,1,1,1,33,1,wasak̚wasak̚tɛta,1,4,3,5,7,5,2100.0,6.25,8,3200.0,5.89,3,0,4,#FFD700,86.9,-1.9,87.1,5,5,5,1,STEM+DAEDA
와삭이다,wasagida,2,256,1,1,1,32,1,wasak̚ita,1,2,3,5,7,5,2100.0,6.25,8,1800.0,4.91,3,0,4,#FFD700,86.9,-1.9,87.1,5,5,5,8,STEM+IDA
와삭와삭이다,wasagwasagida,2,256,1,1,1,33,1,wasak̚wasak̚ita,1,4,3,5,7,5,2100.0,6.25,8,3200.0,5.89,3,0,4,#FFD700,86.9,-1.9,87.1,5,5,5,1,STEM+IDA
와삭하다,wasaghada,2,256,1,1,1,32,1,wasak̚hata,1,2,3,5,7,5,2100.0,6.25,8,1800.0,4.91,3,0,4,#FFD700,86.9,-1.9,87.1,5,5,5,8,STEM+HADA
와삭와삭하다,wasagwasaghada,2,256,1,1,1,33,1,wasak̚wasak̚hata,1,4,3,5,7,5,2100.0,6.25,8,3200.0,5.89,3,0,4,#FFD700,86.9,-1.9,87.1,5,5,5,1,STEM+HADA
와삭스럽다,wasagseureopda,2,256,1,1,1,32,1,wasak̚sɯrʌp̚ta,1,2,3,5,7,5,2100.0,6.25,8,1800.0,4.91,3,0,4,#FFD700,86.9,-1.9,87.1,5,5,5,8,SUFFIX(어미변화)
와삭와삭스럽다,wasagwasagseureopda,2,256,1,1,1,33,1,wasak̚wasak̚sɯrʌp̚ta,1,4,3,5,7,5,2100.0,6.25,8,3200.0,5.89,3,0,4,#FFD700,86.9,-1.9,87.1,5,5,5,1,REDUP(첩어・동일)
와삭맞다,wasagmajda,2,256,1,1,1,32,1,wasak̚mat̚ta,1,2,3,5,7,5,2100.0,6.25,8,1800.0,4.91,3,0,4,#FFD700,86.9,-1.9,87.1,5,5,5,8,SUFFIX(어미변화)
와삭와삭맞다,wasagwasagmajda,2,256,1,1,1,33,1,wasak̚wasak̚mat̚ta,1,4,3,5,7,5,2100.0,6.25,8,3200.0,5.89,3,0,4,#FFD700,86.9,-1.9,87.1,5,5,5,1,REDUP(첩어・동일)
와삭거리며,wasaggeorimyeo,2,256,1,1,1,32,1,wasak̚kʌrimjʌ,1,2,3,5,7,5,2100.0,6.25,8,1800.0,4.91,3,0,4,#FFD700,86.9,-1.9,87.1,5,5,5,8,SUFFIX(어미변화)
와삭와삭거리며,wasagwasaggeorimyeo,2,256,1,1,1,33,1,wasak̚wasak̚kʌrimjʌ,1,4,3,5,7,5,2100.0,6.25,8,3200.0,5.89,3,0,4,#FFD700,86.9,-1.9,87.1,5,5,5,1,REDUP(첩어・동일)
와삭대며,wasagdaemyeo,2,256,1,1,1,32,1,wasak̚tɛmjʌ,1,2,3,5,7,5,2100.0,6.25,8,1800.0,4.91,3,0,4,#FFD700,86.9,-1.9,87.1,5,5,5,8,SUFFIX(어미변화)
와삭와삭대며,wasagwasagdaemyeo,2,256,1,1,1,33,1,wasak̚wasak̚tɛmjʌ,1,4,3,5,7,5,2100.0,6.25,8,3200.0,5.89,3,0,4,#FFD700,86.9,-1.9,87.1,5,5,5,1,REDUP(첩어・동일)
와삭하게,wasaghage,2,256,1,1,1,32,1,wasak̚hake,1,2,3,5,7,5,2100.0,6.25,8,1800.0,4.91,3,0,4,#FFD700,86.9,-1.9,87.1,5,5,5,8,SUFFIX(어미변화)
와삭와삭하게,wasagwasaghage,2,256,1,1,1,33,1,wasak̚wasak̚hake,1,4,3,5,7,5,2100.0,6.25,8,3200.0,5.89,3,0,4,#FFD700,86.9,-1.9,87.1,5,5,5,1,REDUP(첩어・동일)
와삭한,wasaghan,2,256,1,1,1,32,1,wasak̚han,1,2,3,5,5,5,2100.0,6.25,8,1800.0,4.91,3,0,3,#FFD700,86.9,-1.9,87.1,5,5,5,8,SUFFIX(어미변화)
와삭와삭한,wasagwasaghan,2,256,1,1,1,33,1,wasak̚wasak̚han,1,4,3,5,5,5,2100.0,6.25,8,3200.0,5.89,3,0,3,#FFD700,86.9,-1.9,87.1,5,5,5,1,REDUP(첩어・동일)
와삭스럽게,wasagseureopge,2,256,1,1,1,32,1,wasak̚sɯrʌp̚ke,1,2,3,5,7,5,2100.0,6.25,8,1800.0,4.91,3,0,4,#FFD700,86.9,-1.9,87.1,5,5,5,8,SUFFIX(어미변화)
와삭와삭스럽게,wasagwasagseureopge,2,256,1,1,1,33,1,wasak̚wasak̚sɯrʌp̚ke,1,4,3,5,7,5,2100.0,6.25,8,3200.0,5.89,3,0,4,#FFD700,86.9,-1.9,87.1,5,5,5,1,REDUP(첩어・동일)
와삭스러운,wasagseureoun,2,256,1,1,1,32,1,wasak̚sɯrʌun,1,2,3,5,5,5,2100.0,6.25,8,1800.0,4.91,3,0,3,#FFD700,86.9,-1.9,87.1,5,5,5,8,SUFFIX(어미변화)
와삭와삭스러운,wasagwasagseureoun,2,256,1,1,1,33,1,wasak̚wasak̚sɯrʌun,1,4,3,5,5,5,2100.0,6.25,8,3200.0,5.89,3,0,3,#FFD700,86.9,-1.9,87.1,5,5,5,1,REDUP(첩어・동일)
와삭해서,wasaghaeseo,2,256,1,1,1,32,1,wasak̚hɛsʌ,1,2,3,5,7,5,2100.0,6.25,8,1800.0,4.91,3,0,4,#FFD700,86.9,-1.9,87.1,5,5,5,8,SUFFIX(어미변화)
와삭와삭해서,wasagwasaghaeseo,2,256,1,1,1,33,1,wasak̚wasak̚hɛsʌ,1,4,3,5,7,5,2100.0,6.25,8,3200.0,5.89,3,0,4,#FFD700,86.9,-1.9,87.1,5,5,5,1,REDUP(첩어・동일)
와삭하고,wasaghago,2,256,1,1,1,32,1,wasak̚hako,1,2,3,5,7,5,2100.0,6.25,8,1800.0,4.91,3,0,4,#FFD700,86.9,-1.9,87.1,5,5,5,8,SUFFIX(어미변화)
와삭와삭하고,wasagwasaghago,2,256,1,1,1,33,1,wasak̚wasak̚hako,1,4,3,5,7,5,2100.0,6.25,8,3200.0,5.89,3,0,4,#FFD700,86.9,-1.9,87.1,5,5,5,1,REDUP(첩어・동일)
바삭,basag,2,256,1,1,1,8,1,pasak̚,1,8,5,5,7,2,2100.0,6.25,9,800.0,3.53,3,0,4,#FFD700,86.9,-1.9,87.1,5,5,0,0,SINGLE(단발)
바삭바삭,basagbasag,2,256,1,1,1,1,1,pasak̚pasak̚,1,7,5,5,7,2,2100.0,6.25,8,3200.0,5.89,3,0,4,#FFD700,86.9,-1.9,87.1,5,5,5,1,REDUP(첩어・동일)
바삭바삭바삭,basagbasagbasag,2,256,1,1,1,1,1,pasak̚pasak̚pasak̚,1,7,5,5,7,2,2100.0,6.25,8,3200.0,5.89,3,0,4,#FFD700,86.9,-1.9,87.1,5,5,5,1,REDUP(첩어・동일)
바삭거리다,basaggeorida,2,256,1,1,1,32,1,pasak̚kʌrita,1,2,3,5,7,2,2100.0,6.25,8,1800.0,4.91,3,0,4,#FFD700,86.9,-1.9,87.1,5,5,5,8,STEM+GEORIDA
바삭바삭거리다,basagbasaggeorida,2,256,1,1,1,33,1,pasak̚pasak̚kʌrita,1,4,3,5,7,2,2100.0,6.25,8,3200.0,5.89,3,0,4,#FFD700,86.9,-1.9,87.1,5,5,5,1,STEM+GEORIDA
바삭대다,basagdaeda,2,256,1,1,1,32,1,pasak̚tɛta,1,2,3,5,7,2,2100.0,6.25,8,1800.0,4.91,3,0,4,#FFD700,86.9,-1.9,87.1,5,5,5,8,STEM+DAEDA
바삭바삭대다,basagbasagdaeda,2,256,1,1,1,33,1,pasak̚pasak̚tɛta,1,4,3,5,7,2,2100.0,6.25,8,3200.0,5.89,3,0,4,#FFD700,86.9,-1.9,87.1,5,5,5,1,STEM+DAEDA
바삭이다,basagida,2,256,1,1,1,32,1,pasak̚ita,1,2,3,5,7,2,2100.0,6.25,8,1800.0,4.91,3,0,4,#FFD700,86.9,-1.9,87.1,5,5,5,8,STEM+IDA
바삭바삭이다,basagbasagida,2,256,1,1,1,33,1,pasak̚pasak̚ita,1,4,3,5,7,2,2100.0,6.25,8,3200.0,5.89,3,0,4,#FFD700,86.9,-1.9,87.1,5,5,5,1,STEM+IDA
바삭하다,basaghada,2,256,1,1,1,32,1,pasak̚hata,1,2,3,5,7,2,2100.0,6.25,8,1800.0,4.91,3,0,4,#FFD700,86.9,-1.9,87.1,5,5,5,8,STEM+HADA
바삭바삭하다,basagbasaghada,2,256,1,1,1,33,1,pasak̚pasak̚hata,1,4,3,5,7,2,2100.0,6.25,8,3200.0,5.89,3,0,4,#FFD700,86.9,-1.9,87.1,5,5,5,1,STEM+HADA
바삭스럽다,basagseureopda,2,256,1,1,1,32,1,pasak̚sɯrʌp̚ta,1,2,3,5,7,2,2100.0,6.25,8,1800.0,4.91,3,0,4,#FFD700,86.9,-1.9,87.1,5,5,5,8,SUFFIX(어미변화)
바삭바삭스럽다,basagbasagseureopda,2,256,1,1,1,33,1,pasak̚pasak̚sɯrʌp̚ta,1,4,3,5,7,2,2100.0,6.25,8,3200.0,5.89,3,0,4,#FFD700,86.9,-1.9,87.1,5,5,5,1,REDUP(첩어・동일)
바삭맞다,basagmajda,2,256,1,1,1,32,1,pasak̚mat̚ta,1,2,3,5,7,2,2100.0,6.25,8,1800.0,4.91,3,0,4,#FFD700,86.9,-1.9,87.1,5,5,5,8,SUFFIX(어미변화)
바삭바삭맞다,basagbasagmajda,2,256,1,1,1,33,1,pasak̚pasak̚mat̚ta,1,4,3,5,7,2,2100.0,6.25,8,3200.0,5.89,3,0,4,#FFD700,86.9,-1.9,87.1,5,5,5,1,REDUP(첩어・동일)
바삭거리며,basaggeorimyeo,2,256,1,1,1,32,1,pasak̚kʌrimjʌ,1,2,3,5,7,2,2100.0,6.25,8,1800.0,4.91,3,0,4,#FFD700,86.9,-1.9,87.1,5,5,5,8,SUFFIX(어미변화)
바삭바삭거리며,basagbasaggeorimyeo,2,256,1,1,1,33,1,pasak̚pasak̚kʌrimjʌ,1,4,3,5,7,2,2100.0,6.25,8,3200.0,5.89,3,0,4,#FFD700,86.9,-1.9,87.1,5,5,5,1,REDUP(첩어・동일)
바삭대며,basagdaemyeo,2,256,1,1,1,32,1,pasak̚tɛmjʌ,1,2,3,5,7,2,2100.0,6.25,8,1800.0,4.91,3,0,4,#FFD700,86.9,-1.9,87.1,5,5,5,8,SUFFIX(어미변화)
바삭바삭대며,basagbasagdaemyeo,2,256,1,1,1,33,1,pasak̚pasak̚tɛmjʌ,1,4,3,5,7,2,2100.0,6.25,8,3200.0,5.89,3,0,4,#FFD700,86.9,-1.9,87.1,5,5,5,1,REDUP(첩어・동일)
바삭하게,basaghage,2,256,1,1,1,32,1,pasak̚hake,1,2,3,5,7,2,2100.0,6.25,8,1800.0,4.91,3,0,4,#FFD700,86.9,-1.9,87.1,5,5,5,8,SUFFIX(어미변화)
바삭바삭하게,basagbasaghage,2,256,1,1,1,33,1,pasak̚pasak̚hake,1,4,3,5,7,2,2100.0,6.25,8,3200.0,5.89,3,0,4,#FFD700,86.9,-1.9,87.1,5,5,5,1,REDUP(첩어・동일)
바삭한,basaghan,2,256,1,1,1,32,1,pasak̚han,1,2,3,5,5,2,2100.0,6.25,8,1800.0,4.91,3,0,3,#FFD700,86.9,-1.9,87.1,5,5,5,8,SUFFIX(어미변화)
바삭바삭한,basagbasaghan,2,256,1,1,1,33,1,pasak̚pasak̚han,1,4,3,5,5,2,2100.0,6.25,8,3200.0,5.89,3,0,3,#FFD700,86.9,-1.9,87.1,5,5,5,1,REDUP(첩어・동일)
바삭스럽게,basagseureopge,2,256,1,1,1,32,1,pasak̚sɯrʌp̚ke,1,2,3,5,7,2,2100.0,6.25,8,1800.0,4.91,3,0,4,#FFD700,86.9,-1.9,87.1,5,5,5,8,SUFFIX(어미변화)
바삭바삭스럽게,basagbasagseureopge,2,256,1,1,1,33,1,pasak̚pasak̚sɯrʌp̚ke,1,4,3,5,7,2,2100.0,6.25,8,3200.0,5.89,3,0,4,#FFD700,86.9,-1.9,87.1,5,5,5,1,REDUP(첩어・동일)
바삭스러운,basagseureoun,2,256,1,1,1,32,1,pasak̚sɯrʌun,1,2,3,5,5,2,2100.0,6.25,8,1800.0,4.91,3,0,3,#FFD700,86.9,-1.9,87.1,5,5,5,8,SUFFIX(어미변화)
바삭바삭스러운,basagbasagseureoun,2,256,1,1,1,33,1,pasak̚pasak̚sɯrʌun,1,4,3,5,5,2,2100.0,6.25,8,3200.0,5.89,3,0,3,#FFD700,86.9,-1.9,87.1,5,5,5,1,REDUP(첩어・동일)
바삭해서,basaghaeseo,2,256,1,1,1,32,1,pasak̚hɛsʌ,1,2,3,5,7,2,2100.0,6.25,8,1800.0,4.91,3,0,4,#FFD700,86.9,-1.9,87.1,5,5,5,8,SUFFIX(어미변화)
바삭바삭해서,basagbasaghaeseo,2,256,1,1,1,33,1,pasak̚pasak̚hɛsʌ,1,4,3,5,7,2,2100.0,6.25,8,3200.0,5.89,3,0,4,#FFD700,86.9,-1.9,87.1,5,5,5,1,REDUP(첩어・동일)
바삭하고,basaghago,2,256,1,1,1,32,1,pasak̚hako,1,2,3,5,7,2,2100.0,6.25,8,1800.0,4.91,3,0,4,#FFD700,86.9,-1.9,87.1,5,5,5,8,SUFFIX(어미변화)
바삭바삭하고,basagbasaghago,2,256,1,1,1,33,1,pasak̚pasak̚hako,1,4,3,5,7,2,2100.0,6.25,8,3200.0,5.89,3,0,4,#FFD700,86.9,-1.9,87.1,5,5,5,1,REDUP(첩어・동일)
서걱,seogeok,2,256,0,1,2,8,1,sʌkʌk̚,5,8,5,5,7,5,450.0,3.09,3,800.0,3.53,3,0,4,#2F4F4F,31.3,-11.7,-3.7,5,5,0,0,SINGLE(단발)
서걱서걱,seogeokseogeok,2,256,0,1,2,1,1,sʌkʌk̚sʌkʌk̚,5,7,5,5,7,5,450.0,3.09,2,3200.0,5.89,3,0,4,#2F4F4F,31.3,-11.7,-3.7,5,5,5,1,REDUP(첩어・동일)
서걱서걱서걱,seogeokseogeokseogeok,2,256,0,1,2,1,1,sʌkʌk̚sʌkʌk̚sʌkʌk̚,5,7,5,5,7,5,450.0,3.09,2,3200.0,5.89,3,0,4,#2F4F4F,31.3,-11.7,-3.7,5,5,5,1,REDUP(첩어・동일)
서걱거리다,seogeokgeorida,2,256,0,1,2,32,1,sʌkʌk̚kʌrita,5,2,3,5,7,5,450.0,3.09,2,1800.0,4.91,3,0,4,#2F4F4F,31.3,-11.7,-3.7,5,5,5,8,STEM+GEORIDA
서걱서걱거리다,seogeokseogeokgeorida,2,256,0,1,2,33,1,sʌkʌk̚sʌkʌk̚kʌrita,5,4,3,5,7,5,450.0,3.09,2,3200.0,5.89,3,0,4,#2F4F4F,31.3,-11.7,-3.7,5,5,5,1,STEM+GEORIDA
서걱대다,seogeokdaeda,2,256,0,1,2,32,1,sʌkʌk̚tɛta,5,2,3,5,7,5,450.0,3.09,2,1800.0,4.91,3,0,4,#2F4F4F,31.3,-11.7,-3.7,5,5,5,8,STEM+DAEDA
서걱서걱대다,seogeokseogeokdaeda,2,256,0,1,2,33,1,sʌkʌk̚sʌkʌk̚tɛta,5,4,3,5,7,5,450.0,3.09,2,3200.0,5.89,3,0,4,#2F4F4F,31.3,-11.7,-3.7,5,5,5,1,STEM+DAEDA
서걱이다,seogeokida,2,256,0,1,2,32,1,sʌkʌk̚ita,5,2,3,5,7,5,450.0,3.09,2,1800.0,4.91,3,0,4,#2F4F4F,31.3,-11.7,-3.7,5,5,5,8,STEM+IDA
서걱서걱이다,seogeokseogeokida,2,256,0,1,2,33,1,sʌkʌk̚sʌkʌk̚ita,5,4,3,5,7,5,450.0,3.09,2,3200.0,5.89,3,0,4,#2F4F4F,31.3,-11.7,-3.7,5,5,5,1,STEM+IDA
서걱하다,seogeokhada,2,256,0,1,2,32,1,sʌkʌk̚hata,5,2,3,5,7,5,450.0,3.09,2,1800.0,4.91,3,0,4,#2F4F4F,31.3,-11.7,-3.7,5,5,5,8,STEM+HADA
서걱서걱하다,seogeokseogeokhada,2,256,0,1,2,33,1,sʌkʌk̚sʌkʌk̚hata,5,4,3,5,7,5,450.0,3.09,2,3200.0,5.89,3,0,4,#2F4F4F,31.3,-11.7,-3.7,5,5,5,1,STEM+HADA
서걱스럽다,seogeokseureopda,2,256,0,1,2,32,1,sʌkʌk̚sɯrʌp̚ta,5,2,3,5,7,5,450.0,3.09,2,1800.0,4.91,3,0,4,#2F4F4F,31.3,-11.7,-3.7,5,5,5,8,SUFFIX(어미변화)
서걱서걱스럽다,seogeokseogeokseureopda,2,256,0,1,2,33,1,sʌkʌk̚sʌkʌk̚sɯrʌp̚ta,5,4,3,5,7,5,450.0,3.09,2,3200.0,5.89,3,0,4,#2F4F4F,31.3,-11.7,-3.7,5,5,5,1,REDUP(첩어・동일)
서걱맞다,seogeokmajda,2,256,0,1,2,32,1,sʌkʌk̚mat̚ta,5,2,3,5,7,5,450.0,3.09,2,1800.0,4.91,3,0,4,#2F4F4F,31.3,-11.7,-3.7,5,5,5,8,SUFFIX(어미변화)
서걱서걱맞다,seogeokseogeokmajda,2,256,0,1,2,33,1,sʌkʌk̚sʌkʌk̚mat̚ta,5,4,3,5,7,5,450.0,3.09,2,3200.0,5.89,3,0,4,#2F4F4F,31.3,-11.7,-3.7,5,5,5,1,REDUP(첩어・동일)
서걱거리며,seogeokgeorimyeo,2,256,0,1,2,32,1,sʌkʌk̚kʌrimjʌ,5,2,3,5,7,5,450.0,3.09,2,1800.0,4.91,3,0,4,#2F4F4F,31.3,-11.7,-3.7,5,5,5,8,SUFFIX(어미변화)
서걱서걱거리며,seogeokseogeokgeorimyeo,2,256,0,1,2,33,1,sʌkʌk̚sʌkʌk̚kʌrimjʌ,5,4,3,5,7,5,450.0,3.09,2,3200.0,5.89,3,0,4,#2F4F4F,31.3,-11.7,-3.7,5,5,5,1,REDUP(첩어・동일)
서걱대며,seogeokdaemyeo,2,256,0,1,2,32,1,sʌkʌk̚tɛmjʌ,5,2,3,5,7,5,450.0,3.09,2,1800.0,4.91,3,0,4,#2F4F4F,31.3,-11.7,-3.7,5,5,5,8,SUFFIX(어미변화)
서걱서걱대며,seogeokseogeokdaemyeo,2,256,0,1,2,33,1,sʌkʌk̚sʌkʌk̚tɛmjʌ,5,4,3,5,7,5,450.0,3.09,2,3200.0,5.89,3,0,4,#2F4F4F,31.3,-11.7,-3.7,5,5,5,1,REDUP(첩어・동일)
서걱하게,seogeokhage,2,256,0,1,2,32,1,sʌkʌk̚hake,5,2,3,5,7,5,450.0,3.09,2,1800.0,4.91,3,0,4,#2F4F4F,31.3,-11.7,-3.7,5,5,5,8,SUFFIX(어미변화)
서걱서걱하게,seogeokseogeokhage,2,256,0,1,2,33,1,sʌkʌk̚sʌkʌk̚hake,5,4,3,5,7,5,450.0,3.09,2,3200.0,5.89,3,0,4,#2F4F4F,31.3,-11.7,-3.7,5,5,5,1,REDUP(첩어・동일)
서걱한,seogeokhan,2,256,0,1,2,32,1,sʌkʌk̚han,5,2,3,5,5,5,450.0,3.09,2,1800.0,4.91,3,0,3,#2F4F4F,31.3,-11.7,-3.7,5,5,5,8,SUFFIX(어미변화)
서걱서걱한,seogeokseogeokhan,2,256,0,1,2,33,1,sʌkʌk̚sʌkʌk̚han,5,4,3,5,5,5,450.0,3.09,2,3200.0,5.89,3,0,3,#2F4F4F,31.3,-11.7,-3.7,5,5,5,1,REDUP(첩어・동일)
서걱스럽게,seogeokseureopge,2,256,0,1,2,32,1,sʌkʌk̚sɯrʌp̚ke,5,2,3,5,7,5,450.0,3.09,2,1800.0,4.91,3,0,4,#2F4F4F,31.3,-11.7,-3.7,5,5,5,8,SUFFIX(어미변화)
서걱서걱스럽게,seogeokseogeokseureopge,2,256,0,1,2,33,1,sʌkʌk̚sʌkʌk̚sɯrʌp̚ke,5,4,3,5,7,5,450.0,3.09,2,3200.0,5.89,3,0,4,#2F4F4F,31.3,-11.7,-3.7,5,5,5,1,REDUP(첩어・동일)
서걱스러운,seogeokseureoun,2,256,0,1,2,32,1,sʌkʌk̚sɯrʌun,5,2,3,5,5,5,450.0,3.09,2,1800.0,4.91,3,0,3,#2F4F4F,31.3,-11.7,-3.7,5,5,5,8,SUFFIX(어미변화)
서걱서걱스러운,seogeokseogeokseureoun,2,256,0,1,2,33,1,sʌkʌk̚sʌkʌk̚sɯrʌun,5,4,3,5,5,5,450.0,3.09,2,3200.0,5.89,3,0,3,#2F4F4F,31.3,-11.7,-3.7,5,5,5,1,REDUP(첩어・동일)
서걱해서,seogeokhaeseo,2,256,0,1,2,32,1,sʌkʌk̚hɛsʌ,5,2,3,5,7,5,450.0,3.09,2,1800.0,4.91,3,0,4,#2F4F4F,31.3,-11.7,-3.7,5,5,5,8,SUFFIX(어미변화)
서걱서걱해서,seogeokseogeokhaeseo,2,256,0,1,2,33,1,sʌkʌk̚sʌkʌk̚hɛsʌ,5,4,3,5,7,5,450.0,3.09,2,3200.0,5.89,3,0,4,#2F4F4F,31.3,-11.7,-3.7,5,5,5,1,REDUP(첩어・동일)
서걱하고,seogeokhago,2,256,0,1,2,32,1,sʌkʌk̚hako,5,2,3,5,7,5,450.0,3.09,2,1800.0,4.91,3,0,4,#2F4F4F,31.3,-11.7,-3.7,5,5,5,8,SUFFIX(어미변화)
서걱서걱하고,seogeokseogeokhago,2,256,0,1,2,33,1,sʌkʌk̚sʌkʌk̚hako,5,4,3,5,7,5,450.0,3.09,2,3200.0,5.89,3,0,4,#2F4F4F,31.3,-11.7,-3.7,5,5,5,1,REDUP(첩어・동일)
와작,wajag,2,256,0,1,1,8,1,watɕak̚,1,8,5,3,7,2,2100.0,6.25,9,800.0,3.53,3,0,4,#FFD700,86.9,-1.9,87.1,5,5,0,0,SINGLE(단발)
와작와작,wajagwajag,2,256,0,1,1,1,1,watɕak̚watɕak̚,1,7,5,3,7,2,2100.0,6.25,8,3200.0,5.89,3,0,4,#FFD700,86.9,-1.9,87.1,5,5,5,1,REDUP(첩어・동일)
와작와작와작,wajagwajagwajag,2,256,0,1,1,1,1,watɕak̚watɕak̚watɕak̚,1,7,5,3,7,2,2100.0,6.25,8,3200.0,5.89,3,0,4,#FFD700,86.9,-1.9,87.1,5,5,5,1,REDUP(첩어・동일)
와작거리다,wajaggeorida,2,256,0,1,1,32,1,watɕak̚kʌrita,1,2,3,3,7,2,2100.0,6.25,8,1800.0,4.91,3,0,4,#FFD700,86.9,-1.9,87.1,5,5,5,8,STEM+GEORIDA
와작와작거리다,wajagwajaggeorida,2,256,0,1,1,33,1,watɕak̚watɕak̚kʌrita,1,4,3,3,7,2,2100.0,6.25,8,3200.0,5.89,3,0,4,#FFD700,86.9,-1.9,87.1,5,5,5,1,STEM+GEORIDA
와작대다,wajagdaeda,2,256,0,1,1,32,1,watɕak̚tɛta,1,2,3,3,7,2,2100.0,6.25,8,1800.0,4.91,3,0,4,#FFD700,86.9,-1.9,87.1,5,5,5,8,STEM+DAEDA
와작와작대다,wajagwajagdaeda,2,256,0,1,1,33,1,watɕak̚watɕak̚tɛta,1,4,3,3,7,2,2100.0,6.25,8,3200.0,5.89,3,0,4,#FFD700,86.9,-1.9,87.1,5,5,5,1,STEM+DAEDA
와작이다,wajagida,2,256,0,1,1,32,1,watɕak̚ita,1,2,3,3,7,2,2100.0,6.25,8,1800.0,4.91,3,0,4,#FFD700,86.9,-1.9,87.1,5,5,5,8,STEM+IDA
와작와작이다,wajagwajagida,2,256,0,1,1,33,1,watɕak̚watɕak̚ita,1,4,3,3,7,2,2100.0,6.25,8,3200.0,5.89,3,0,4,#FFD700,86.9,-1.9,87.1,5,5,5,1,STEM+IDA
와작하다,wajaghada,2,256,0,1,1,32,1,watɕak̚hata,1,2,3,5,7,2,2100.0,6.25,8,1800.0,4.91,3,0,4,#FFD700,86.9,-1.9,87.1,5,5,5,8,STEM+HADA
와작와작하다,wajagwajaghada,2,256,0,1,1,33,1,watɕak̚watɕak̚hata,1,4,3,5,7,2,2100.0,6.25,8,3200.0,5.89,3,0,4,#FFD700,86.9,-1.9,87.1,5,5,5,1,STEM+HADA
와작스럽다,wajagseureopda,2,256,0,1,1,32,1,watɕak̚sɯrʌp̚ta,1,2,3,5,7,2,2100.0,6.25,8,1800.0,4.91,3,0,4,#FFD700,86.9,-1.9,87.1,5,5,5,8,SUFFIX(어미변화)
와작와작스럽다,wajagwajagseureopda,2,256,0,1,1,33,1,watɕak̚watɕak̚sɯrʌp̚ta,1,4,3,5,7,2,2100.0,6.25,8,3200.0,5.89,3,0,4,#FFD700,86.9,-1.9,87.1,5,5,5,1,REDUP(첩어・동일)
와작맞다,wajagmajda,2,256,0,1,1,32,1,watɕak̚mat̚ta,1,2,3,3,7,2,2100.0,6.25,8,1800.0,4.91,3,0,4,#FFD700,86.9,-1.9,87.1,5,5,5,8,SUFFIX(어미변화)
와작와작맞다,wajagwajagmajda,2,256,0,1,1,33,1,watɕak̚watɕak̚mat̚ta,1,4,3,3,7,2,2100.0,6.25,8,3200.0,5.89,3,0,4,#FFD700,86.9,-1.9,87.1,5,5,5,1,REDUP(첩어・동일)
와작거리며,wajaggeorimyeo,2,256,0,1,1,32,1,watɕak̚kʌrimjʌ,1,2,3,3,7,2,2100.0,6.25,8,1800.0,4.91,3,0,4,#FFD700,86.9,-1.9,87.1,5,5,5,8,SUFFIX(어미변화)
와작와작거리며,wajagwajaggeorimyeo,2,256,0,1,1,33,1,watɕak̚watɕak̚kʌrimjʌ,1,4,3,3,7,2,2100.0,6.25,8,3200.0,5.89,3,0,4,#FFD700,86.9,-1.9,87.1,5,5,5,1,REDUP(첩어・동일)
와작대며,wajagdaemyeo,2,256,0,1,1,32,1,watɕak̚tɛmjʌ,1,2,3,3,7,2,2100.0,6.25,8,1800.0,4.91,3,0,4,#FFD700,86.9,-1.9,87.1,5,5,5,8,SUFFIX(어미변화)
와작와작대며,wajagwajagdaemyeo,2,256,0,1,1,33,1,watɕak̚watɕak̚tɛmjʌ,1,4,3,3,7,2,2100.0,6.25,8,3200.0,5.89,3,0,4,#FFD700,86.9,-1.9,87.1,5,5,5,1,REDUP(첩어・동일)
와작하게,wajaghage,2,256,0,1,1,32,1,watɕak̚hake,1,2,3,5,7,2,2100.0,6.25,8,1800.0,4.91,3,0,4,#FFD700,86.9,-1.9,87.1,5,5,5,8,SUFFIX(어미변화)
와작와작하게,wajagwajaghage,2,256,0,1,1,33,1,watɕak̚watɕak̚hake,1,4,3,5,7,2,2100.0,6.25,8,3200.0,5.89,3,0,4,#FFD700,86.9,-1.9,87.1,5,5,5,1,REDUP(첩어・동일)
와작한,wajaghan,2,256,0,1,1,32,1,watɕak̚han,1,2,3,5,5,2,2100.0,6.25,8,1800.0,4.91,3,0,3,#FFD700,86.9,-1.9,87.1,5,5,5,8,SUFFIX(어미변화)
와작와작한,wajagwajaghan,2,256,0,1,1,33,1,watɕak̚watɕak̚han,1,4,3,5,5,2,2100.0,6.25,8,3200.0,5.89,3,0,3,#FFD700,86.9,-1.9,87.1,5,5,5,1,REDUP(첩어・동일)
와작스럽게,wajagseureopge,2,256,0,1,1,32,1,watɕak̚sɯrʌp̚ke,1,2,3,5,7,2,2100.0,6.25,8,1800.0,4.91,3,0,4,#FFD700,86.9,-1.9,87.1,5,5,5,8,SUFFIX(어미변화)
와작와작스럽게,wajagwajagseureopge,2,256,0,1,1,33,1,watɕak̚watɕak̚sɯrʌp̚ke,1,4,3,5,7,2,2100.0,6.25,8,3200.0,5.89,3,0,4,#FFD700,86.9,-1.9,87.1,5,5,5,1,REDUP(첩어・동일)
와작스러운,wajagseureoun,2,256,0,1,1,32,1,watɕak̚sɯrʌun,1,2,3,5,5,2,2100.0,6.25,8,1800.0,4.91,3,0,3,#FFD700,86.9,-1.9,87.1,5,5,5,8,SUFFIX(어미변화)
와작와작스러운,wajagwajagseureoun,2,256,0,1,1,33,1,watɕak̚watɕak̚sɯrʌun,1,4,3,5,5,2,2100.0,6.25,8,3200.0,5.89,3,0,3,#FFD700,86.9,-1.9,87.1,5,5,5,1,REDUP(첩어・동일)
와작해서,wajaghaeseo,2,256,0,1,1,32,1,watɕak̚hɛsʌ,1,2,3,5,7,2,2100.0,6.25,8,1800.0,4.91,3,0,4,#FFD700,86.9,-1.9,87.1,5,5,5,8,SUFFIX(어미변화)
와작와작해서,wajagwajaghaeseo,2,256,0,1,1,33,1,watɕak̚watɕak̚hɛsʌ,1,4,3,5,7,2,2100.0,6.25,8,3200.0,5.89,3,0,4,#FFD700,86.9,-1.9,87.1,5,5,5,1,REDUP(첩어・동일)
와작하고,wajaghago,2,256,0,1,1,32,1,watɕak̚hako,1,2,3,5,7,2,2100.0,6.25,8,1800.0,4.91,3,0,4,#FFD700,86.9,-1.9,87.1,5,5,5,8,SUFFIX(어미변화)
와작와작하고,wajagwajaghago,2,256,0,1,1,33,1,watɕak̚watɕak̚hako,1,4,3,5,7,2,2100.0,6.25,8,3200.0,5.89,3,0,4,#FFD700,86.9,-1.9,87.1,5,5,5,1,REDUP(첩어・동일)
우적우적,ujeogujeog,2,256,0,1,2,8,1,utɕʌk̚utɕʌk̚,5,8,5,3,7,5,450.0,3.09,3,800.0,3.53,3,0,4,#2F4F4F,31.3,-11.7,-3.7,5,5,0,0,SINGLE(단발)
우적우적거리다,ujeogujeoggeorida,2,256,0,1,2,32,1,utɕʌk̚utɕʌk̚kʌrita,5,2,3,3,7,5,450.0,3.09,2,1800.0,4.91,3,0,4,#2F4F4F,31.3,-11.7,-3.7,5,5,5,8,STEM+GEORIDA
우적우적대다,ujeogujeogdaeda,2,256,0,1,2,32,1,utɕʌk̚utɕʌk̚tɛta,5,2,3,3,7,5,450.0,3.09,2,1800.0,4.91,3,0,4,#2F4F4F,31.3,-11.7,-3.7,5,5,5,8,STEM+DAEDA
우적우적이다,ujeogujeogida,2,256,0,1,2,32,1,utɕʌk̚utɕʌk̚ita,5,2,3,3,7,5,450.0,3.09,2,1800.0,4.91,3,0,4,#2F4F4F,31.3,-11.7,-3.7,5,5,5,8,STEM+IDA
우적우적하다,ujeogujeoghada,2,256,0,1,2,32,1,utɕʌk̚utɕʌk̚hata,5,2,3,5,7,5,450.0,3.09,2,1800.0,4.91,3,0,4,#2F4F4F,31.3,-11.7,-3.7,5,5,5,8,STEM+HADA
우적우적스럽다,ujeogujeogseureopda,2,256,0,1,2,32,1,utɕʌk̚utɕʌk̚sɯrʌp̚ta,5,2,3,5,7,5,450.0,3.09,2,1800.0,4.91,3,0,4,#2F4F4F,31.3,-11.7,-3.7,5,5,5,8,SUFFIX(어미변화)
우적우적맞다,ujeogujeogmajda,2,256,0,1,2,32,1,utɕʌk̚utɕʌk̚mat̚ta,5,2,3,3,7,5,450.0,3.09,2,1800.0,4.91,3,0,4,#2F4F4F,31.3,-11.7,-3.7,5,5,5,8,SUFFIX(어미변화)
우적우적거리며,ujeogujeoggeorimyeo,2,256,0,1,2,32,1,utɕʌk̚utɕʌk̚kʌrimjʌ,5,2,3,3,7,5,450.0,3.09,2,1800.0,4.91,3,0,4,#2F4F4F,31.3,-11.7,-3.7,5,5,5,8,SUFFIX(어미변화)
우적우적대며,ujeogujeogdaemyeo,2,256,0,1,2,32,1,utɕʌk̚utɕʌk̚tɛmjʌ,5,2,3,3,7,5,450.0,3.09,2,1800.0,4.91,3,0,4,#2F4F4F,31.3,-11.7,-3.7,5,5,5,8,SUFFIX(어미변화)
우적우적하게,ujeogujeoghage,2,256,0,1,2,32,1,utɕʌk̚utɕʌk̚hake,5,2,3,5,7,5,450.0,3.09,2,1800.0,4.91,3,0,4,#2F4F4F,31.3,-11.7,-3.7,5,5,5,8,SUFFIX(어미변화)
우적우적한,ujeogujeoghan,2,256,0,1,2,32,1,utɕʌk̚utɕʌk̚han,5,2,3,5,5,5,450.0,3.09,2,1800.0,4.91,3,0,3,#2F4F4F,31.3,-11.7,-3.7,5,5,5,8,SUFFIX(어미변화)
우적우적스럽게,ujeogujeogseureopge,2,256,0,1,2,32,1,utɕʌk̚utɕʌk̚sɯrʌp̚ke,5,2,3,5,7,5,450.0,3.09,2,1800.0,4.91,3,0,4,#2F4F4F,31.3,-11.7,-3.7,5,5,5,8,SUFFIX(어미변화)
우적우적스러운,ujeogujeogseureoun,2,256,0,1,2,32,1,utɕʌk̚utɕʌk̚sɯrʌun,5,2,3,5,5,5,450.0,3.09,2,1800.0,4.91,3,0,3,#2F4F4F,31.3,-11.7,-3.7,5,5,5,8,SUFFIX(어미변화)
우적우적해서,ujeogujeoghaeseo,2,256,0,1,2,32,1,utɕʌk̚utɕʌk̚hɛsʌ,5,2,3,5,7,5,450.0,3.09,2,1800.0,4.91,3,0,4,#2F4F4F,31.3,-11.7,-3.7,5,5,5,8,SUFFIX(어미변화)
우적우적하고,ujeogujeoghago,2,256,0,1,2,32,1,utɕʌk̚utɕʌk̚hako,5,2,3,5,7,5,450.0,3.09,2,1800.0,4.91,3,0,4,#2F4F4F,31.3,-11.7,-3.7,5,5,5,8,SUFFIX(어미변화)
오적오적,ojeogojeog,2,256,1,1,1,8,1,otɕʌk̚otɕʌk̚,1,8,5,3,7,5,2100.0,6.25,9,800.0,3.53,3,0,4,#FFD700,86.9,-1.9,87.1,5,5,0,0,SINGLE(단발)
오적오적거리다,ojeogojeoggeorida,2,256,1,1,1,32,1,otɕʌk̚otɕʌk̚kʌrita,1,2,3,3,7,5,2100.0,6.25,8,1800.0,4.91,3,0,4,#FFD700,86.9,-1.9,87.1,5,5,5,8,STEM+GEORIDA
오적오적대다,ojeogojeogdaeda,2,256,1,1,1,32,1,otɕʌk̚otɕʌk̚tɛta,1,2,3,3,7,5,2100.0,6.25,8,1800.0,4.91,3,0,4,#FFD700,86.9,-1.9,87.1,5,5,5,8,STEM+DAEDA
오적오적이다,ojeogojeogida,2,256,1,1,1,32,1,otɕʌk̚otɕʌk̚ita,1,2,3,3,7,5,2100.0,6.25,8,1800.0,4.91,3,0,4,#FFD700,86.9,-1.9,87.1,5,5,5,8,STEM+IDA
오적오적하다,ojeogojeoghada,2,256,1,1,1,32,1,otɕʌk̚otɕʌk̚hata,1,2,3,5,7,5,2100.0,6.25,8,1800.0,4.91,3,0,4,#FFD700,86.9,-1.9,87.1,5,5,5,8,STEM+HADA
오적오적스럽다,ojeogojeogseureopda,2,256,1,1,1,32,1,otɕʌk̚otɕʌk̚sɯrʌp̚ta,1,2,3,5,7,5,2100.0,6.25,8,1800.0,4.91,3,0,4,#FFD700,86.9,-1.9,87.1,5,5,5,8,SUFFIX(어미변화)
오적오적맞다,ojeogojeogmajda,2,256,1,1,1,32,1,otɕʌk̚otɕʌk̚mat̚ta,1,2,3,3,7,5,2100.0,6.25,8,1800.0,4.91,3,0,4,#FFD700,86.9,-1.9,87.1,5,5,5,8,SUFFIX(어미변화)
오적오적거리며,ojeogojeoggeorimyeo,2,256,1,1,1,32,1,otɕʌk̚otɕʌk̚kʌrimjʌ,1,2,3,3,7,5,2100.0,6.25,8,1800.0,4.91,3,0,4,#FFD700,86.9,-1.9,87.1,5,5,5,8,SUFFIX(어미변화)
오적오적대며,ojeogojeogdaemyeo,2,256,1,1,1,32,1,otɕʌk̚otɕʌk̚tɛmjʌ,1,2,3,3,7,5,2100.0,6.25,8,1800.0,4.91,3,0,4,#FFD700,86.9,-1.9,87.1,5,5,5,8,SUFFIX(어미변화)
오적오적하게,ojeogojeoghage,2,256,1,1,1,32,1,otɕʌk̚otɕʌk̚hake,1,2,3,5,7,5,2100.0,6.25,8,1800.0,4.91,3,0,4,#FFD700,86.9,-1.9,87.1,5,5,5,8,SUFFIX(어미변화)
오적오적한,ojeogojeoghan,2,256,1,1,1,32,1,otɕʌk̚otɕʌk̚han,1,2,3,5,5,5,2100.0,6.25,8,1800.0,4.91,3,0,3,#FFD700,86.9,-1.9,87.1,5,5,5,8,SUFFIX(어미변화)
오적오적스럽게,ojeogojeogseureopge,2,256,1,1,1,32,1,otɕʌk̚otɕʌk̚sɯrʌp̚ke,1,2,3,5,7,5,2100.0,6.25,8,1800.0,4.91,3,0,4,#FFD700,86.9,-1.9,87.1,5,5,5,8,SUFFIX(어미변화)
오적오적스러운,ojeogojeogseureoun,2,256,1,1,1,32,1,otɕʌk̚otɕʌk̚sɯrʌun,1,2,3,5,5,5,2100.0,6.25,8,1800.0,4.91,3,0,3,#FFD700,86.9,-1.9,87.1,5,5,5,8,SUFFIX(어미변화)
오적오적해서,ojeogojeoghaeseo,2,256,1,1,1,32,1,otɕʌk̚otɕʌk̚hɛsʌ,1,2,3,5,7,5,2100.0,6.25,8,1800.0,4.91,3,0,4,#FFD700,86.9,-1.9,87.1,5,5,5,8,SUFFIX(어미변화)
오적오적하고,ojeogojeoghago,2,256,1,1,1,32,1,otɕʌk̚otɕʌk̚hako,1,2,3,5,7,5,2100.0,6.25,8,1800.0,4.91,3,0,4,#FFD700,86.9,-1.9,87.1,5,5,5,8,SUFFIX(어미변화)
냠냠,nyamnyam,2,256,1,1,1,8,1,njamnjam,1,8,5,3,2,5,2100.0,6.25,9,800.0,3.53,3,0,2,#FFD700,86.9,-1.9,87.1,5,5,0,0,SINGLE(단발)
냠냠냠냠,nyamnyamnyamnyam,2,256,1,1,1,1,1,njamnjamnjamnjam,1,7,5,3,2,5,2100.0,6.25,8,3200.0,5.89,3,0,2,#FFD700,86.9,-1.9,87.1,5,5,5,1,REDUP(첩어・동일)
냠냠냠냠냠냠,nyamnyamnyamnyamnyamnyam,2,256,1,1,1,1,1,njamnjamnjamnjamnjamnjam,1,7,5,3,2,5,2100.0,6.25,8,3200.0,5.89,3,0,2,#FFD700,86.9,-1.9,87.1,5,5,5,1,REDUP(첩어・동일)
냠냠거리다,nyamnyamgeorida,2,256,1,1,1,32,1,njamnjamkʌrita,1,2,3,3,2,5,2100.0,6.25,8,1800.0,4.91,3,0,2,#FFD700,86.9,-1.9,87.1,5,5,5,8,STEM+GEORIDA
냠냠냠냠거리다,nyamnyamnyamnyamgeorida,2,256,1,1,1,33,1,njamnjamnjamnjamkʌrita,1,4,3,3,2,5,2100.0,6.25,8,3200.0,5.89,3,0,2,#FFD700,86.9,-1.9,87.1,5,5,5,1,STEM+GEORIDA
냠냠대다,nyamnyamdaeda,2,256,1,1,1,32,1,njamnjamtɛta,1,2,3,3,2,5,2100.0,6.25,8,1800.0,4.91,3,0,2,#FFD700,86.9,-1.9,87.1,5,5,5,8,STEM+DAEDA
냠냠냠냠대다,nyamnyamnyamnyamdaeda,2,256,1,1,1,33,1,njamnjamnjamnjamtɛta,1,4,3,3,2,5,2100.0,6.25,8,3200.0,5.89,3,0,2,#FFD700,86.9,-1.9,87.1,5,5,5,1,STEM+DAEDA
냠냠이다,nyamnyamida,2,256,1,1,1,32,1,njamnjamita,1,2,3,3,2,5,2100.0,6.25,8,1800.0,4.91,3,0,2,#FFD700,86.9,-1.9,87.1,5,5,5,8,STEM+IDA
냠냠냠냠이다,nyamnyamnyamnyamida,2,256,1,1,1,33,1,njamnjamnjamnjamita,1,4,3,3,2,5,2100.0,6.25,8,3200.0,5.89,3,0,2,#FFD700,86.9,-1.9,87.1,5,5,5,1,STEM+IDA
냠냠하다,nyamnyamhada,2,256,1,1,1,32,1,njamnjamhata,1,2,3,5,2,5,2100.0,6.25,8,1800.0,4.91,3,0,2,#FFD700,86.9,-1.9,87.1,5,5,5,8,STEM+HADA
냠냠냠냠하다,nyamnyamnyamnyamhada,2,256,1,1,1,33,1,njamnjamnjamnjamhata,1,4,3,5,2,5,2100.0,6.25,8,3200.0,5.89,3,0,2,#FFD700,86.9,-1.9,87.1,5,5,5,1,STEM+HADA
냠냠스럽다,nyamnyamseureopda,2,256,1,1,1,32,1,njamnjamsɯrʌp̚ta,1,2,3,5,5,5,2100.0,6.25,8,1800.0,4.91,3,0,3,#FFD700,86.9,-1.9,87.1,5,5,5,8,SUFFIX(어미변화)
냠냠냠냠스럽다,nyamnyamnyamnyamseureopda,2,256,1,1,1,33,1,njamnjamnjamnjamsɯrʌp̚ta,1,4,3,5,5,5,2100.0,6.25,8,3200.0,5.89,3,0,3,#FFD700,86.9,-1.9,87.1,5,5,5,1,REDUP(첩어・동일)
냠냠맞다,nyamnyammajda,2,256,1,1,1,32,1,njamnjammat̚ta,1,2,3,3,2,5,2100.0,6.25,8,1800.0,4.91,3,0,2,#FFD700,86.9,-1.9,87.1,5,5,5,8,SUFFIX(어미변화)
냠냠냠냠맞다,nyamnyamnyamnyammajda,2,256,1,1,1,33,1,njamnjamnjamnjammat̚ta,1,4,3,3,2,5,2100.0,6.25,8,3200.0,5.89,3,0,2,#FFD700,86.9,-1.9,87.1,5,5,5,1,REDUP(첩어・동일)
냠냠거리며,nyamnyamgeorimyeo,2,256,1,1,1,32,1,njamnjamkʌrimjʌ,1,2,3,3,2,5,2100.0,6.25,8,1800.0,4.91,3,0,2,#FFD700,86.9,-1.9,87.1,5,5,5,8,SUFFIX(어미변화)
냠냠냠냠거리며,nyamnyamnyamnyamgeorimyeo,2,256,1,1,1,33,1,njamnjamnjamnjamkʌrimjʌ,1,4,3,3,2,5,2100.0,6.25,8,3200.0,5.89,3,0,2,#FFD700,86.9,-1.9,87.1,5,5,5,1,REDUP(첩어・동일)
냠냠대며,nyamnyamdaemyeo,2,256,1,1,1,32,1,njamnjamtɛmjʌ,1,2,3,3,2,5,2100.0,6.25,8,1800.0,4.91,3,0,2,#FFD700,86.9,-1.9,87.1,5,5,5,8,SUFFIX(어미변화)
냠냠냠냠대며,nyamnyamnyamnyamdaemyeo,2,256,1,1,1,33,1,njamnjamnjamnjamtɛmjʌ,1,4,3,3,2,5,2100.0,6.25,8,3200.0,5.89,3,0,2,#FFD700,86.9,-1.9,87.1,5,5,5,1,REDUP(첩어・동일)
냠냠하게,nyamnyamhage,2,256,1,1,1,32,1,njamnjamhake,1,2,3,5,2,5,2100.0,6.25,8,1800.0,4.91,3,0,2,#FFD700,86.9,-1.9,87.1,5,5,5,8,SUFFIX(어미변화)
냠냠냠냠하게,nyamnyamnyamnyamhage,2,256,1,1,1,33,1,njamnjamnjamnjamhake,1,4,3,5,2,5,2100.0,6.25,8,3200.0,5.89,3,0,2,#FFD700,86.9,-1.9,87.1,5,5,5,1,REDUP(첩어・동일)
냠냠한,nyamnyamhan,2,256,1,1,1,32,1,njamnjamhan,1,2,3,5,2,5,2100.0,6.25,8,1800.0,4.91,3,0,2,#FFD700,86.9,-1.9,87.1,5,5,5,8,SUFFIX(어미변화)
냠냠냠냠한,nyamnyamnyamnyamhan,2,256,1,1,1,33,1,njamnjamnjamnjamhan,1,4,3,5,2,5,2100.0,6.25,8,3200.0,5.89,3,0,2,#FFD700,86.9,-1.9,87.1,5,5,5,1,REDUP(첩어・동일)
냠냠스럽게,nyamnyamseureopge,2,256,1,1,1,32,1,njamnjamsɯrʌp̚ke,1,2,3,5,5,5,2100.0,6.25,8,1800.0,4.91,3,0,3,#FFD700,86.9,-1.9,87.1,5,5,5,8,SUFFIX(어미변화)
냠냠냠냠스럽게,nyamnyamnyamnyamseureopge,2,256,1,1,1,33,1,njamnjamnjamnjamsɯrʌp̚ke,1,4,3,5,5,5,2100.0,6.25,8,3200.0,5.89,3,0,3,#FFD700,86.9,-1.9,87.1,5,5,5,1,REDUP(첩어・동일)
냠냠스러운,nyamnyamseureoun,2,256,1,1,1,32,1,njamnjamsɯrʌun,1,2,3,5,2,5,2100.0,6.25,8,1800.0,4.91,3,0,2,#FFD700,86.9,-1.9,87.1,5,5,5,8,SUFFIX(어미변화)
냠냠냠냠스러운,nyamnyamnyamnyamseureoun,2,256,1,1,1,33,1,njamnjamnjamnjamsɯrʌun,1,4,3,5,2,5,2100.0,6.25,8,3200.0,5.89,3,0,2,#FFD700,86.9,-1.9,87.1,5,5,5,1,REDUP(첩어・동일)
냠냠해서,nyamnyamhaeseo,2,256,1,1,1,32,1,njamnjamhɛsʌ,1,2,3,5,2,5,2100.0,6.25,8,1800.0,4.91,3,0,2,#FFD700,86.9,-1.9,87.1,5,5,5,8,SUFFIX(어미변화)
냠냠냠냠해서,nyamnyamnyamnyamhaeseo,2,256,1,1,1,33,1,njamnjamnjamnjamhɛsʌ,1,4,3,5,2,5,2100.0,6.25,8,3200.0,5.89,3,0,2,#FFD700,86.9,-1.9,87.1,5,5,5,1,REDUP(첩어・동일)
냠냠하고,nyamnyamhago,2,256,1,1,1,32,1,njamnjamhako,1,2,3,5,2,5,2100.0,6.25,8,1800.0,4.91,3,0,2,#FFD700,86.9,-1.9,87.1,5,5,5,8,SUFFIX(어미변화)
냠냠냠냠하고,nyamnyamnyamnyamhago,2,256,1,1,1,33,1,njamnjamnjamnjamhako,1,4,3,5,2,5,2100.0,6.25,8,3200.0,5.89,3,0,2,#FFD700,86.9,-1.9,87.1,5,5,5,1,REDUP(첩어・동일)
쩝쩝,jjeopjjeop,2,256,2,4,2,8,1,tɕ͈ʌp̚tɕ͈ʌp̚,8,8,6,4,7,5,950.0,4.62,3,800.0,3.53,9,0,4,#2F4F4F,31.3,-11.7,-3.7,5,5,0,0,SINGLE(단발)
쩝쩝쩝쩝,jjeopjjeopjjeopjjeop,2,256,2,4,2,1,1,tɕ͈ʌp̚tɕ͈ʌp̚tɕ͈ʌp̚tɕ͈ʌp̚,8,7,6,4,7,5,950.0,4.62,2,3200.0,5.89,9,0,4,#2F4F4F,31.3,-11.7,-3.7,5,5,5,1,REDUP(첩어・동일)
쩝쩝쩝쩝쩝쩝,jjeopjjeopjjeopjjeopjjeopjjeop,2,256,2,4,2,1,1,tɕ͈ʌp̚tɕ͈ʌp̚tɕ͈ʌp̚tɕ͈ʌp̚tɕ͈ʌp̚tɕ͈ʌp̚,8,7,6,4,7,5,950.0,4.62,2,3200.0,5.89,9,0,4,#2F4F4F,31.3,-11.7,-3.7,5,5,5,1,REDUP(첩어・동일)
쩝쩝거리다,jjeopjjeopgeorida,2,256,2,4,2,32,1,tɕ͈ʌp̚tɕ͈ʌp̚kʌrita,8,2,4,4,7,5,950.0,4.62,2,1800.0,4.91,9,0,4,#2F4F4F,31.3,-11.7,-3.7,5,5,5,8,STEM+GEORIDA
쩝쩝쩝쩝거리다,jjeopjjeopjjeopjjeopgeorida,2,256,2,4,2,33,1,tɕ͈ʌp̚tɕ͈ʌp̚tɕ͈ʌp̚tɕ͈ʌp̚kʌrita,8,4,4,4,7,5,950.0,4.62,2,3200.0,5.89,9,0,4,#2F4F4F,31.3,-11.7,-3.7,5,5,5,1,STEM+GEORIDA
쩝쩝대다,jjeopjjeopdaeda,2,256,2,4,2,32,1,tɕ͈ʌp̚tɕ͈ʌp̚tɛta,8,2,4,4,7,5,950.0,4.62,2,1800.0,4.91,9,0,4,#2F4F4F,31.3,-11.7,-3.7,5,5,5,8,STEM+DAEDA
쩝쩝쩝쩝대다,jjeopjjeopjjeopjjeopdaeda,2,256,2,4,2,33,1,tɕ͈ʌp̚tɕ͈ʌp̚tɕ͈ʌp̚tɕ͈ʌp̚tɛta,8,4,4,4,7,5,950.0,4.62,2,3200.0,5.89,9,0,4,#2F4F4F,31.3,-11.7,-3.7,5,5,5,1,STEM+DAEDA
쩝쩝이다,jjeopjjeopida,2,256,2,4,2,32,1,tɕ͈ʌp̚tɕ͈ʌp̚ita,8,2,4,4,7,5,950.0,4.62,2,1800.0,4.91,9,0,4,#2F4F4F,31.3,-11.7,-3.7,5,5,5,8,STEM+IDA
쩝쩝쩝쩝이다,jjeopjjeopjjeopjjeopida,2,256,2,4,2,33,1,tɕ͈ʌp̚tɕ͈ʌp̚tɕ͈ʌp̚tɕ͈ʌp̚ita,8,4,4,4,7,5,950.0,4.62,2,3200.0,5.89,9,0,4,#2F4F4F,31.3,-11.7,-3.7,5,5,5,1,STEM+IDA
쩝쩝하다,jjeopjjeophada,2,256,2,4,2,32,1,tɕ͈ʌp̚tɕ͈ʌp̚hata,8,2,4,6,7,5,950.0,4.62,2,1800.0,4.91,9,0,4,#2F4F4F,31.3,-11.7,-3.7,5,5,5,8,STEM+HADA
쩝쩝쩝쩝하다,jjeopjjeopjjeopjjeophada,2,256,2,4,2,33,1,tɕ͈ʌp̚tɕ͈ʌp̚tɕ͈ʌp̚tɕ͈ʌp̚hata,8,4,4,6,7,5,950.0,4.62,2,3200.0,5.89,9,0,4,#2F4F4F,31.3,-11.7,-3.7,5,5,5,1,STEM+HADA
쩝쩝스럽다,jjeopjjeopseureopda,2,256,2,4,2,32,1,tɕ͈ʌp̚tɕ͈ʌp̚sɯrʌp̚ta,8,2,4,6,7,5,950.0,4.62,2,1800.0,4.91,9,0,4,#2F4F4F,31.3,-11.7,-3.7,5,5,5,8,SUFFIX(어미변화)
쩝쩝쩝쩝스럽다,jjeopjjeopjjeopjjeopseureopda,2,256,2,4,2,33,1,tɕ͈ʌp̚tɕ͈ʌp̚tɕ͈ʌp̚tɕ͈ʌp̚sɯrʌp̚ta,8,4,4,6,7,5,950.0,4.62,2,3200.0,5.89,9,0,4,#2F4F4F,31.3,-11.7,-3.7,5,5,5,1,REDUP(첩어・동일)
쩝쩝맞다,jjeopjjeopmajda,2,256,2,4,2,32,1,tɕ͈ʌp̚tɕ͈ʌp̚mat̚ta,8,2,4,4,7,5,950.0,4.62,2,1800.0,4.91,9,0,4,#2F4F4F,31.3,-11.7,-3.7,5,5,5,8,SUFFIX(어미변화)
쩝쩝쩝쩝맞다,jjeopjjeopjjeopjjeopmajda,2,256,2,4,2,33,1,tɕ͈ʌp̚tɕ͈ʌp̚tɕ͈ʌp̚tɕ͈ʌp̚mat̚ta,8,4,4,4,7,5,950.0,4.62,2,3200.0,5.89,9,0,4,#2F4F4F,31.3,-11.7,-3.7,5,5,5,1,REDUP(첩어・동일)
쩝쩝거리며,jjeopjjeopgeorimyeo,2,256,2,4,2,32,1,tɕ͈ʌp̚tɕ͈ʌp̚kʌrimjʌ,8,2,4,4,7,5,950.0,4.62,2,1800.0,4.91,9,0,4,#2F4F4F,31.3,-11.7,-3.7,5,5,5,8,SUFFIX(어미변화)
쩝쩝쩝쩝거리며,jjeopjjeopjjeopjjeopgeorimyeo,2,256,2,4,2,33,1,tɕ͈ʌp̚tɕ͈ʌp̚tɕ͈ʌp̚tɕ͈ʌp̚kʌrimjʌ,8,4,4,4,7,5,950.0,4.62,2,3200.0,5.89,9,0,4,#2F4F4F,31.3,-11.7,-3.7,5,5,5,1,REDUP(첩어・동일)
쩝쩝대며,jjeopjjeopdaemyeo,2,256,2,4,2,32,1,tɕ͈ʌp̚tɕ͈ʌp̚tɛmjʌ,8,2,4,4,7,5,950.0,4.62,2,1800.0,4.91,9,0,4,#2F4F4F,31.3,-11.7,-3.7,5,5,5,8,SUFFIX(어미변화)
쩝쩝쩝쩝대며,jjeopjjeopjjeopjjeopdaemyeo,2,256,2,4,2,33,1,tɕ͈ʌp̚tɕ͈ʌp̚tɕ͈ʌp̚tɕ͈ʌp̚tɛmjʌ,8,4,4,4,7,5,950.0,4.62,2,3200.0,5.89,9,0,4,#2F4F4F,31.3,-11.7,-3.7,5,5,5,1,REDUP(첩어・동일)
쩝쩝하게,jjeopjjeophage,2,256,2,4,2,32,1,tɕ͈ʌp̚tɕ͈ʌp̚hake,8,2,4,6,7,5,950.0,4.62,2,1800.0,4.91,9,0,4,#2F4F4F,31.3,-11.7,-3.7,5,5,5,8,SUFFIX(어미변화)
쩝쩝쩝쩝하게,jjeopjjeopjjeopjjeophage,2,256,2,4,2,33,1,tɕ͈ʌp̚tɕ͈ʌp̚tɕ͈ʌp̚tɕ͈ʌp̚hake,8,4,4,6,7,5,950.0,4.62,2,3200.0,5.89,9,0,4,#2F4F4F,31.3,-11.7,-3.7,5,5,5,1,REDUP(첩어・동일)
쩝쩝한,jjeopjjeophan,2,256,2,4,2,32,1,tɕ͈ʌp̚tɕ͈ʌp̚han,8,2,4,6,5,5,950.0,4.62,2,1800.0,4.91,9,0,3,#2F4F4F,31.3,-11.7,-3.7,5,5,5,8,SUFFIX(어미변화)
쩝쩝쩝쩝한,jjeopjjeopjjeopjjeophan,2,256,2,4,2,33,1,tɕ͈ʌp̚tɕ͈ʌp̚tɕ͈ʌp̚tɕ͈ʌp̚han,8,4,4,6,5,5,950.0,4.62,2,3200.0,5.89,9,0,3,#2F4F4F,31.3,-11.7,-3.7,5,5,5,1,REDUP(첩어・동일)
쩝쩝스럽게,jjeopjjeopseureopge,2,256,2,4,2,32,1,tɕ͈ʌp̚tɕ͈ʌp̚sɯrʌp̚ke,8,2,4,6,7,5,950.0,4.62,2,1800.0,4.91,9,0,4,#2F4F4F,31.3,-11.7,-3.7,5,5,5,8,SUFFIX(어미변화)
쩝쩝쩝쩝스럽게,jjeopjjeopjjeopjjeopseureopge,2,256,2,4,2,33,1,tɕ͈ʌp̚tɕ͈ʌp̚tɕ͈ʌp̚tɕ͈ʌp̚sɯrʌp̚ke,8,4,4,6,7,5,950.0,4.62,2,3200.0,5.89,9,0,4,#2F4F4F,31.3,-11.7,-3.7,5,5,5,1,REDUP(첩어・동일)
쩝쩝스러운,jjeopjjeopseureoun,2,256,2,4,2,32,1,tɕ͈ʌp̚tɕ͈ʌp̚sɯrʌun,8,2,4,6,5,5,950.0,4.62,2,1800.0,4.91,9,0,3,#2F4F4F,31.3,-11.7,-3.7,5,5,5,8,SUFFIX(어미변화)
쩝쩝쩝쩝스러운,jjeopjjeopjjeopjjeopseureoun,2,256,2,4,2,33,1,tɕ͈ʌp̚tɕ͈ʌp̚tɕ͈ʌp̚tɕ͈ʌp̚sɯrʌun,8,4,4,6,5,5,950.0,4.62,2,3200.0,5.89,9,0,3,#2F4F4F,31.3,-11.7,-3.7,5,5,5,1,REDUP(첩어・동일)
쩝쩝해서,jjeopjjeophaeseo,2,256,2,4,2,32,1,tɕ͈ʌp̚tɕ͈ʌp̚hɛsʌ,8,2,4,6,7,5,950.0,4.62,2,1800.0,4.91,9,0,4,#2F4F4F,31.3,-11.7,-3.7,5,5,5,8,SUFFIX(어미변화)
쩝쩝쩝쩝해서,jjeopjjeopjjeopjjeophaeseo,2,256,2,4,2,33,1,tɕ͈ʌp̚tɕ͈ʌp̚tɕ͈ʌp̚tɕ͈ʌp̚hɛsʌ,8,4,4,6,7,5,950.0,4.62,2,3200.0,5.89,9,0,4,#2F4F4F,31.3,-11.7,-3.7,5,5,5,1,REDUP(첩어・동일)
쩝쩝하고,jjeopjjeophago,2,256,2,4,2,32,1,tɕ͈ʌp̚tɕ͈ʌp̚hako,8,2,4,6,7,5,950.0,4.62,2,1800.0,4.91,9,0,4,#2F4F4F,31.3,-11.7,-3.7,5,5,5,8,SUFFIX(어미변화)
쩝쩝쩝쩝하고,jjeopjjeopjjeopjjeophago,2,256,2,4,2,33,1,tɕ͈ʌp̚tɕ͈ʌp̚tɕ͈ʌp̚tɕ͈ʌp̚hako,8,4,4,6,7,5,950.0,4.62,2,3200.0,5.89,9,0,4,#2F4F4F,31.3,-11.7,-3.7,5,5,5,1,REDUP(첩어・동일)
찹찹,chapchap,2,256,1,2,1,8,1,tɕʰap̚tɕʰap̚,3,8,6,5,7,5,2900.0,6.92,9,800.0,3.53,5,0,4,#FFD700,86.9,-1.9,87.1,5,5,0,0,SINGLE(단발)
찹찹찹찹,chapchapchapchap,2,256,1,2,1,1,1,tɕʰap̚tɕʰap̚tɕʰap̚tɕʰap̚,3,7,6,5,7,5,2900.0,6.92,8,3200.0,5.89,5,0,4,#FFD700,86.9,-1.9,87.1,5,5,5,1,REDUP(첩어・동일)
찹찹찹찹찹찹,chapchapchapchapchapchap,2,256,1,2,1,1,1,tɕʰap̚tɕʰap̚tɕʰap̚tɕʰap̚tɕʰap̚tɕʰap̚,3,7,6,5,7,5,2900.0,6.92,8,3200.0,5.89,5,0,4,#FFD700,86.9,-1.9,87.1,5,5,5,1,REDUP(첩어・동일)
찹찹거리다,chapchapgeorida,2,256,1,2,1,32,1,tɕʰap̚tɕʰap̚kʌrita,3,2,4,5,7,5,2900.0,6.92,8,1800.0,4.91,5,0,4,#FFD700,86.9,-1.9,87.1,5,5,5,8,STEM+GEORIDA
찹찹찹찹거리다,chapchapchapchapgeorida,2,256,1,2,1,33,1,tɕʰap̚tɕʰap̚tɕʰap̚tɕʰap̚kʌrita,3,4,4,5,7,5,2900.0,6.92,8,3200.0,5.89,5,0,4,#FFD700,86.9,-1.9,87.1,5,5,5,1,STEM+GEORIDA
찹찹대다,chapchapdaeda,2,256,1,2,1,32,1,tɕʰap̚tɕʰap̚tɛta,3,2,4,5,7,5,2900.0,6.92,8,1800.0,4.91,5,0,4,#FFD700,86.9,-1.9,87.1,5,5,5,8,STEM+DAEDA
찹찹찹찹대다,chapchapchapchapdaeda,2,256,1,2,1,33,1,tɕʰap̚tɕʰap̚tɕʰap̚tɕʰap̚tɛta,3,4,4,5,7,5,2900.0,6.92,8,3200.0,5.89,5,0,4,#FFD700,86.9,-1.9,87.1,5,5,5,1,STEM+DAEDA
찹찹이다,chapchapida,2,256,1,2,1,32,1,tɕʰap̚tɕʰap̚ita,3,2,4,5,7,5,2900.0,6.92,8,1800.0,4.91,5,0,4,#FFD700,86.9,-1.9,87.1,5,5,5,8,STEM+IDA
찹찹찹찹이다,chapchapchapchapida,2,256,1,2,1,33,1,tɕʰap̚tɕʰap̚tɕʰap̚tɕʰap̚ita,3,4,4,5,7,5,2900.0,6.92,8,3200.0,5.89,5,0,4,#FFD700,86.9,-1.9,87.1,5,5,5,1,STEM+IDA
찹찹하다,chapchaphada,2,256,1,2,1,32,1,tɕʰap̚tɕʰap̚hata,3,2,4,5,7,5,2900.0,6.92,8,1800.0,4.91,5,0,4,#FFD700,86.9,-1.9,87.1,5,5,5,8,STEM+HADA
찹찹찹찹하다,chapchapchapchaphada,2,256,1,2,1,33,1,tɕʰap̚tɕʰap̚tɕʰap̚tɕʰap̚hata,3,4,4,5,7,5,2900.0,6.92,8,3200.0,5.89,5,0,4,#FFD700,86.9,-1.9,87.1,5,5,5,1,STEM+HADA
찹찹스럽다,chapchapseureopda,2,256,1,2,1,32,1,tɕʰap̚tɕʰap̚sɯrʌp̚ta,3,2,4,5,7,5,2900.0,6.92,8,1800.0,4.91,5,0,4,#FFD700,86.9,-1.9,87.1,5,5,5,8,SUFFIX(어미변화)
찹찹찹찹스럽다,chapchapchapchapseureopda,2,256,1,2,1,33,1,tɕʰap̚tɕʰap̚tɕʰap̚tɕʰap̚sɯrʌp̚ta,3,4,4,5,7,5,2900.0,6.92,8,3200.0,5.89,5,0,4,#FFD700,86.9,-1.9,87.1,5,5,5,1,REDUP(첩어・동일)
찹찹맞다,chapchapmajda,2,256,1,2,1,32,1,tɕʰap̚tɕʰap̚mat̚ta,3,2,4,5,7,5,2900.0,6.92,8,1800.0,4.91,5,0,4,#FFD700,86.9,-1.9,87.1,5,5,5,8,SUFFIX(어미변화)
찹찹찹찹맞다,chapchapchapchapmajda,2,256,1,2,1,33,1,tɕʰap̚tɕʰap̚tɕʰap̚tɕʰap̚mat̚ta,3,4,4,5,7,5,2900.0,6.92,8,3200.0,5.89,5,0,4,#FFD700,86.9,-1.9,87.1,5,5,5,1,REDUP(첩어・동일)
찹찹거리며,chapchapgeorimyeo,2,256,1,2,1,32,1,tɕʰap̚tɕʰap̚kʌrimjʌ,3,2,4,5,7,5,2900.0,6.92,8,1800.0,4.91,5,0,4,#FFD700,86.9,-1.9,87.1,5,5,5,8,SUFFIX(어미변화)
찹찹찹찹거리며,chapchapchapchapgeorimyeo,2,256,1,2,1,33,1,tɕʰap̚tɕʰap̚tɕʰap̚tɕʰap̚kʌrimjʌ,3,4,4,5,7,5,2900.0,6.92,8,3200.0,5.89,5,0,4,#FFD700,86.9,-1.9,87.1,5,5,5,1,REDUP(첩어・동일)
찹찹대며,chapchapdaemyeo,2,256,1,2,1,32,1,tɕʰap̚tɕʰap̚tɛmjʌ,3,2,4,5,7,5,2900.0,6.92,8,1800.0,4.91,5,0,4,#FFD700,86.9,-1.9,87.1,5,5,5,8,SUFFIX(어미변화)
찹찹찹찹대며,chapchapchapchapdaemyeo,2,256,1,2,1,33,1,tɕʰap̚tɕʰap̚tɕʰap̚tɕʰap̚tɛmjʌ,3,4,4,5,7,5,2900.0,6.92,8,3200.0,5.89,5,0,4,#FFD700,86.9,-1.9,87.1,5,5,5,1,REDUP(첩어・동일)
찹찹하게,chapchaphage,2,256,1,2,1,32,1,tɕʰap̚tɕʰap̚hake,3,2,4,5,7,5,2900.0,6.92,8,1800.0,4.91,5,0,4,#FFD700,86.9,-1.9,87.1,5,5,5,8,SUFFIX(어미변화)
찹찹찹찹하게,chapchapchapchaphage,2,256,1,2,1,33,1,tɕʰap̚tɕʰap̚tɕʰap̚tɕʰap̚hake,3,4,4,5,7,5,2900.0,6.92,8,3200.0,5.89,5,0,4,#FFD700,86.9,-1.9,87.1,5,5,5,1,REDUP(첩어・동일)
찹찹한,chapchaphan,2,256,1,2,1,32,1,tɕʰap̚tɕʰap̚han,3,2,4,5,5,5,2900.0,6.92,8,1800.0,4.91,5,0,3,#FFD700,86.9,-1.9,87.1,5,5,5,8,SUFFIX(어미변화)
찹찹찹찹한,chapchapchapchaphan,2,256,1,2,1,33,1,tɕʰap̚tɕʰap̚tɕʰap̚tɕʰap̚han,3,4,4,5,5,5,2900.0,6.92,8,3200.0,5.89,5,0,3,#FFD700,86.9,-1.9,87.1,5,5,5,1,REDUP(첩어・동일)
찹찹스럽게,chapchapseureopge,2,256,1,2,1,32,1,tɕʰap̚tɕʰap̚sɯrʌp̚ke,3,2,4,5,7,5,2900.0,6.92,8,1800.0,4.91,5,0,4,#FFD700,86.9,-1.9,87.1,5,5,5,8,SUFFIX(어미변화)
찹찹찹찹스럽게,chapchapchapchapseureopge,2,256,1,2,1,33,1,tɕʰap̚tɕʰap̚tɕʰap̚tɕʰap̚sɯrʌp̚ke,3,4,4,5,7,5,2900.0,6.92,8,3200.0,5.89,5,0,4,#FFD700,86.9,-1.9,87.1,5,5,5,1,REDUP(첩어・동일)
찹찹스러운,chapchapseureoun,2,256,1,2,1,32,1,tɕʰap̚tɕʰap̚sɯrʌun,3,2,4,5,5,5,2900.0,6.92,8,1800.0,4.91,5,0,3,#FFD700,86.9,-1.9,87.1,5,5,5,8,SUFFIX(어미변화)
찹찹찹찹스러운,chapchapchapchapseureoun,2,256,1,2,1,33,1,tɕʰap̚tɕʰap̚tɕʰap̚tɕʰap̚sɯrʌun,3,4,4,5,5,5,2900.0,6.92,8,3200.0,5.89,5,0,3,#FFD700,86.9,-1.9,87.1,5,5,5,1,REDUP(첩어・동일)
찹찹해서,chapchaphaeseo,2,256,1,2,1,32,1,tɕʰap̚tɕʰap̚hɛsʌ,3,2,4,5,7,5,2900.0,6.92,8,1800.0,4.91,5,0,4,#FFD700,86.9,-1.9,87.1,5,5,5,8,SUFFIX(어미변화)
찹찹찹찹해서,chapchapchapchaphaeseo,2,256,1,2,1,33,1,tɕʰap̚tɕʰap̚tɕʰap̚tɕʰap̚hɛsʌ,3,4,4,5,7,5,2900.0,6.92,8,3200.0,5.89,5,0,4,#FFD700,86.9,-1.9,87.1,5,5,5,1,REDUP(첩어・동일)
찹찹하고,chapchaphago,2,256,1,2,1,32,1,tɕʰap̚tɕʰap̚hako,3,2,4,5,7,5,2900.0,6.92,8,1800.0,4.91,5,0,4,#FFD700,86.9,-1.9,87.1,5,5,5,8,SUFFIX(어미변화)
찹찹찹찹하고,chapchapchapchaphago,2,256,1,2,1,33,1,tɕʰap̚tɕʰap̚tɕʰap̚tɕʰap̚hako,3,4,4,5,7,5,2900.0,6.92,8,3200.0,5.89,5,0,4,#FFD700,86.9,-1.9,87.1,5,5,5,1,REDUP(첩어・동일)
웅성웅성,ungseongungseong,1,32,0,1,2,8,1,uŋsʌŋuŋsʌŋ,5,8,5,7,2,5,450.0,3.09,3,800.0,3.53,3,0,2,#2F4F4F,31.3,-11.7,-3.7,5,5,0,0,SINGLE(단발)
웅성웅성거리다,ungseongungseonggeorida,1,32,0,1,2,32,1,uŋsʌŋuŋsʌŋkʌrita,5,2,3,7,2,5,450.0,3.09,2,1800.0,4.91,3,0,2,#2F4F4F,31.3,-11.7,-3.7,5,5,5,8,STEM+GEORIDA
웅성웅성대다,ungseongungseongdaeda,1,32,0,1,2,32,1,uŋsʌŋuŋsʌŋtɛta,5,2,3,7,2,5,450.0,3.09,2,1800.0,4.91,3,0,2,#2F4F4F,31.3,-11.7,-3.7,5,5,5,8,STEM+DAEDA
웅성웅성이다,ungseongungseongida,1,32,0,1,2,32,1,uŋsʌŋuŋsʌŋita,5,2,3,7,2,5,450.0,3.09,2,1800.0,4.91,3,0,2,#2F4F4F,31.3,-11.7,-3.7,5,5,5,8,STEM+IDA
웅성웅성하다,ungseongungseonghada,1,32,0,1,2,32,1,uŋsʌŋuŋsʌŋhata,5,2,3,7,2,5,450.0,3.09,2,1800.0,4.91,3,0,2,#2F4F4F,31.3,-11.7,-3.7,5,5,5,8,STEM+HADA
웅성웅성스럽다,ungseongungseongseureopda,1,32,0,1,2,32,1,uŋsʌŋuŋsʌŋsɯrʌp̚ta,5,2,3,7,5,5,450.0,3.09,2,1800.0,4.91,3,0,3,#2F4F4F,31.3,-11.7,-3.7,5,5,5,8,SUFFIX(어미변화)
웅성웅성맞다,ungseongungseongmajda,1,32,0,1,2,32,1,uŋsʌŋuŋsʌŋmat̚ta,5,2,3,7,2,5,450.0,3.09,2,1800.0,4.91,3,0,2,#2F4F4F,31.3,-11.7,-3.7,5,5,5,8,SUFFIX(어미변화)
웅성웅성거리며,ungseongungseonggeorimyeo,1,32,0,1,2,32,1,uŋsʌŋuŋsʌŋkʌrimjʌ,5,2,3,7,2,5,450.0,3.09,2,1800.0,4.91,3,0,2,#2F4F4F,31.3,-11.7,-3.7,5,5,5,8,SUFFIX(어미변화)
웅성웅성대며,ungseongungseongdaemyeo,1,32,0,1,2,32,1,uŋsʌŋuŋsʌŋtɛmjʌ,5,2,3,7,2,5,450.0,3.09,2,1800.0,4.91,3,0,2,#2F4F4F,31.3,-11.7,-3.7,5,5,5,8,SUFFIX(어미변화)
웅성웅성하게,ungseongungseonghage,1,32,0,1,2,32,1,uŋsʌŋuŋsʌŋhake,5,2,3,7,2,5,450.0,3.09,2,1800.0,4.91,3,0,2,#2F4F4F,31.3,-11.7,-3.7,5,5,5,8,SUFFIX(어미변화)
웅성웅성한,ungseongungseonghan,1,32,0,1,2,32,1,uŋsʌŋuŋsʌŋhan,5,2,3,7,2,5,450.0,3.09,2,1800.0,4.91,3,0,2,#2F4F4F,31.3,-11.7,-3.7,5,5,5,8,SUFFIX(어미변화)
웅성웅성스럽게,ungseongungseongseureopge,1,32,0,1,2,32,1,uŋsʌŋuŋsʌŋsɯrʌp̚ke,5,2,3,7,5,5,450.0,3.09,2,1800.0,4.91,3,0,3,#2F4F4F,31.3,-11.7,-3.7,5,5,5,8,SUFFIX(어미변화)
웅성웅성스러운,ungseongungseongseureoun,1,32,0,1,2,32,1,uŋsʌŋuŋsʌŋsɯrʌun,5,2,3,7,2,5,450.0,3.09,2,1800.0,4.91,3,0,2,#2F4F4F,31.3,-11.7,-3.7,5,5,5,8,SUFFIX(어미변화)
웅성웅성해서,ungseongungseonghaeseo,1,32,0,1,2,32,1,uŋsʌŋuŋsʌŋhɛsʌ,5,2,3,7,2,5,450.0,3.09,2,1800.0,4.91,3,0,2,#2F4F4F,31.3,-11.7,-3.7,5,5,5,8,SUFFIX(어미변화)
웅성웅성하고,ungseongungseonghago,1,32,0,1,2,32,1,uŋsʌŋuŋsʌŋhako,5,2,3,7,2,5,450.0,3.09,2,1800.0,4.91,3,0,2,#2F4F4F,31.3,-11.7,-3.7,5,5,5,8,SUFFIX(어미변화)
왁자지껄,wagjajikkeol,1,32,0,2,1,8,1,wak̚tɕatɕik͈ʌl,4,8,6,8,5,5,2600.0,6.69,9,800.0,3.53,5,0,3,#FFD700,86.9,-1.9,87.1,5,5,0,0,SINGLE(단발)
왁자지껄거리다,wagjajikkeolgeorida,1,32,0,2,1,32,1,wak̚tɕatɕik͈ʌlkʌrita,4,2,4,8,5,5,2600.0,6.69,8,1800.0,4.91,5,0,3,#FFD700,86.9,-1.9,87.1,5,5,5,8,STEM+GEORIDA
왁자지껄대다,wagjajikkeoldaeda,1,32,0,2,1,32,1,wak̚tɕatɕik͈ʌltɛta,4,2,4,8,5,5,2600.0,6.69,8,1800.0,4.91,5,0,3,#FFD700,86.9,-1.9,87.1,5,5,5,8,STEM+DAEDA
왁자지껄이다,wagjajikkeolida,1,32,0,2,1,32,1,wak̚tɕatɕik͈ʌlita,4,2,4,8,5,5,2600.0,6.69,8,1800.0,4.91,5,0,3,#FFD700,86.9,-1.9,87.1,5,5,5,8,STEM+IDA
왁자지껄하다,wagjajikkeolhada,1,32,0,2,1,32,1,wak̚tɕatɕik͈ʌlhata,4,2,4,8,5,5,2600.0,6.69,8,1800.0,4.91,5,0,3,#FFD700,86.9,-1.9,87.1,5,5,5,8,STEM+HADA
왁자지껄스럽다,wagjajikkeolseureopda,1,32,0,2,1,32,1,wak̚tɕatɕik͈ʌlsɯrʌp̚ta,4,2,4,8,5,5,2600.0,6.69,8,1800.0,4.91,5,0,3,#FFD700,86.9,-1.9,87.1,5,5,5,8,SUFFIX(어미변화)
왁자지껄맞다,wagjajikkeolmajda,1,32,0,2,1,32,1,wak̚tɕatɕik͈ʌlmat̚ta,4,2,4,8,5,5,2600.0,6.69,8,1800.0,4.91,5,0,3,#FFD700,86.9,-1.9,87.1,5,5,5,8,SUFFIX(어미변화)
왁자지껄거리며,wagjajikkeolgeorimyeo,1,32,0,2,1,32,1,wak̚tɕatɕik͈ʌlkʌrimjʌ,4,2,4,8,5,5,2600.0,6.69,8,1800.0,4.91,5,0,3,#FFD700,86.9,-1.9,87.1,5,5,5,8,SUFFIX(어미변화)
왁자지껄대며,wagjajikkeoldaemyeo,1,32,0,2,1,32,1,wak̚tɕatɕik͈ʌltɛmjʌ,4,2,4,8,5,5,2600.0,6.69,8,1800.0,4.91,5,0,3,#FFD700,86.9,-1.9,87.1,5,5,5,8,SUFFIX(어미변화)
왁자지껄하게,wagjajikkeolhage,1,32,0,2,1,32,1,wak̚tɕatɕik͈ʌlhake,4,2,4,8,5,5,2600.0,6.69,8,1800.0,4.91,5,0,3,#FFD700,86.9,-1.9,87.1,5,5,5,8,SUFFIX(어미변화)
왁자지껄한,wagjajikkeolhan,1,32,0,2,1,32,1,wak̚tɕatɕik͈ʌlhan,4,2,4,8,5,5,2600.0,6.69,8,1800.0,4.91,5,0,3,#FFD700,86.9,-1.9,87.1,5,5,5,8,SUFFIX(어미변화)
왁자지껄스럽게,wagjajikkeolseureopge,1,32,0,2,1,32,1,wak̚tɕatɕik͈ʌlsɯrʌp̚ke,4,2,4,8,5,5,2600.0,6.69,8,1800.0,4.91,5,0,3,#FFD700,86.9,-1.9,87.1,5,5,5,8,SUFFIX(어미변화)
왁자지껄스러운,wagjajikkeolseureoun,1,32,0,2,1,32,1,wak̚tɕatɕik͈ʌlsɯrʌun,4,2,4,8,5,5,2600.0,6.69,8,1800.0,4.91,5,0,3,#FFD700,86.9,-1.9,87.1,5,5,5,8,SUFFIX(어미변화)
왁자지껄해서,wagjajikkeolhaeseo,1,32,0,2,1,32,1,wak̚tɕatɕik͈ʌlhɛsʌ,4,2,4,8,5,5,2600.0,6.69,8,1800.0,4.91,5,0,3,#FFD700,86.9,-1.9,87.1,5,5,5,8,SUFFIX(어미변화)
왁자지껄하고,wagjajikkeolhago,1,32,0,2,1,32,1,wak̚tɕatɕik͈ʌlhako,4,2,4,8,5,5,2600.0,6.69,8,1800.0,4.91,5,0,3,#FFD700,86.9,-1.9,87.1,5,5,5,8,SUFFIX(어미변화)
시끌벅적,sikkeulbeokjeog,1,32,0,4,2,8,1,sik͈ɯlpʌk̚tɕʌk̚,8,8,6,8,5,5,950.0,4.62,3,800.0,3.53,5,0,3,#2F4F4F,31.3,-11.7,-3.7,5,5,0,0,SINGLE(단발)
시끌벅적거리다,sikkeulbeokjeoggeorida,1,32,0,4,2,32,1,sik͈ɯlpʌk̚tɕʌk̚kʌrita,8,2,4,8,5,5,950.0,4.62,2,1800.0,4.91,5,0,3,#2F4F4F,31.3,-11.7,-3.7,5,5,5,8,STEM+GEORIDA
시끌벅적대다,sikkeulbeokjeogdaeda,1,32,0,4,2,32,1,sik͈ɯlpʌk̚tɕʌk̚tɛta,8,2,4,8,5,5,950.0,4.62,2,1800.0,4.91,5,0,3,#2F4F4F,31.3,-11.7,-3.7,5,5,5,8,STEM+DAEDA
시끌벅적이다,sikkeulbeokjeogida,1,32,0,4,2,32,1,sik͈ɯlpʌk̚tɕʌk̚ita,8,2,4,8,5,5,950.0,4.62,2,1800.0,4.91,5,0,3,#2F4F4F,31.3,-11.7,-3.7,5,5,5,8,STEM+IDA
시끌벅적하다,sikkeulbeokjeoghada,1,32,0,4,2,32,1,sik͈ɯlpʌk̚tɕʌk̚hata,8,2,4,8,5,5,950.0,4.62,2,1800.0,4.91,5,0,3,#2F4F4F,31.3,-11.7,-3.7,5,5,5,8,STEM+HADA
시끌벅적스럽다,sikkeulbeokjeogseureopda,1,32,0,4,2,32,1,sik͈ɯlpʌk̚tɕʌk̚sɯrʌp̚ta,8,2,4,8,5,5,950.0,4.62,2,1800.0,4.91,5,0,3,#2F4F4F,31.3,-11.7,-3.7,5,5,5,8,SUFFIX(어미변화)
시끌벅적맞다,sikkeulbeokjeogmajda,1,32,0,4,2,32,1,sik͈ɯlpʌk̚tɕʌk̚mat̚ta,8,2,4,8,5,5,950.0,4.62,2,1800.0,4.91,5,0,3,#2F4F4F,31.3,-11.7,-3.7,5,5,5,8,SUFFIX(어미변화)
시끌벅적거리며,sikkeulbeokjeoggeorimyeo,1,32,0,4,2,32,1,sik͈ɯlpʌk̚tɕʌk̚kʌrimjʌ,8,2,4,8,5,5,950.0,4.62,2,1800.0,4.91,5,0,3,#2F4F4F,31.3,-11.7,-3.7,5,5,5,8,SUFFIX(어미변화)
시끌벅적대며,sikkeulbeokjeogdaemyeo,1,32,0,4,2,32,1,sik͈ɯlpʌk̚tɕʌk̚tɛmjʌ,8,2,4,8,5,5,950.0,4.62,2,1800.0,4.91,5,0,3,#2F4F4F,31.3,-11.7,-3.7,5,5,5,8,SUFFIX(어미변화)
시끌벅적하게,sikkeulbeokjeoghage,1,32,0,4,2,32,1,sik͈ɯlpʌk̚tɕʌk̚hake,8,2,4,8,5,5,950.0,4.62,2,1800.0,4.91,5,0,3,#2F4F4F,31.3,-11.7,-3.7,5,5,5,8,SUFFIX(어미변화)
시끌벅적한,sikkeulbeokjeoghan,1,32,0,4,2,32,1,sik͈ɯlpʌk̚tɕʌk̚han,8,2,4,8,5,5,950.0,4.62,2,1800.0,4.91,5,0,3,#2F4F4F,31.3,-11.7,-3.7,5,5,5,8,SUFFIX(어미변화)
시끌벅적스럽게,sikkeulbeokjeogseureopge,1,32,0,4,2,32,1,sik͈ɯlpʌk̚tɕʌk̚sɯrʌp̚ke,8,2,4,8,5,5,950.0,4.62,2,1800.0,4.91,5,0,3,#2F4F4F,31.3,-11.7,-3.7,5,5,5,8,SUFFIX(어미변화)
시끌벅적스러운,sikkeulbeokjeogseureoun,1,32,0,4,2,32,1,sik͈ɯlpʌk̚tɕʌk̚sɯrʌun,8,2,4,8,5,5,950.0,4.62,2,1800.0,4.91,5,0,3,#2F4F4F,31.3,-11.7,-3.7,5,5,5,8,SUFFIX(어미변화)
시끌벅적해서,sikkeulbeokjeoghaeseo,1,32,0,4,2,32,1,sik͈ɯlpʌk̚tɕʌk̚hɛsʌ,8,2,4,8,5,5,950.0,4.62,2,1800.0,4.91,5,0,3,#2F4F4F,31.3,-11.7,-3.7,5,5,5,8,SUFFIX(어미변화)
시끌벅적하고,sikkeulbeokjeoghago,1,32,0,4,2,32,1,sik͈ɯlpʌk̚tɕʌk̚hako,8,2,4,8,5,5,950.0,4.62,2,1800.0,4.91,5,0,3,#2F4F4F,31.3,-11.7,-3.7,5,5,5,8,SUFFIX(어미변화)
소곤소곤,sogonsogon,1,128,1,1,1,8,1,sokonsokon,1,8,5,5,2,5,2100.0,6.25,9,800.0,3.53,3,0,2,#FFD700,86.9,-1.9,87.1,5,5,0,0,SINGLE(단발)
소곤소곤거리다,sogonsogongeorida,1,128,1,1,1,32,1,sokonsokonkʌrita,1,2,3,5,2,5,2100.0,6.25,8,1800.0,4.91,3,0,2,#FFD700,86.9,-1.9,87.1,5,5,5,8,STEM+GEORIDA
소곤소곤대다,sogonsogondaeda,1,128,1,1,1,32,1,sokonsokontɛta,1,2,3,5,2,5,2100.0,6.25,8,1800.0,4.91,3,0,2,#FFD700,86.9,-1.9,87.1,5,5,5,8,STEM+DAEDA
소곤소곤이다,sogonsogonida,1,128,1,1,1,32,1,sokonsokonita,1,2,3,5,2,5,2100.0,6.25,8,1800.0,4.91,3,0,2,#FFD700,86.9,-1.9,87.1,5,5,5,8,STEM+IDA
소곤소곤하다,sogonsogonhada,1,128,1,1,1,32,1,sokonsokonhata,1,2,3,5,2,5,2100.0,6.25,8,1800.0,4.91,3,0,2,#FFD700,86.9,-1.9,87.1,5,5,5,8,STEM+HADA
소곤소곤스럽다,sogonsogonseureopda,1,128,1,1,1,32,1,sokonsokonsɯrʌp̚ta,1,2,3,5,5,5,2100.0,6.25,8,1800.0,4.91,3,0,3,#FFD700,86.9,-1.9,87.1,5,5,5,8,SUFFIX(어미변화)
소곤소곤맞다,sogonsogonmajda,1,128,1,1,1,32,1,sokonsokonmat̚ta,1,2,3,5,2,5,2100.0,6.25,8,1800.0,4.91,3,0,2,#FFD700,86.9,-1.9,87.1,5,5,5,8,SUFFIX(어미변화)
소곤소곤거리며,sogonsogongeorimyeo,1,128,1,1,1,32,1,sokonsokonkʌrimjʌ,1,2,3,5,2,5,2100.0,6.25,8,1800.0,4.91,3,0,2,#FFD700,86.9,-1.9,87.1,5,5,5,8,SUFFIX(어미변화)
소곤소곤대며,sogonsogondaemyeo,1,128,1,1,1,32,1,sokonsokontɛmjʌ,1,2,3,5,2,5,2100.0,6.25,8,1800.0,4.91,3,0,2,#FFD700,86.9,-1.9,87.1,5,5,5,8,SUFFIX(어미변화)
소곤소곤하게,sogonsogonhage,1,128,1,1,1,32,1,sokonsokonhake,1,2,3,5,2,5,2100.0,6.25,8,1800.0,4.91,3,0,2,#FFD700,86.9,-1.9,87.1,5,5,5,8,SUFFIX(어미변화)
소곤소곤한,sogonsogonhan,1,128,1,1,1,32,1,sokonsokonhan,1,2,3,5,2,5,2100.0,6.25,8,1800.0,4.91,3,0,2,#FFD700,86.9,-1.9,87.1,5,5,5,8,SUFFIX(어미변화)
소곤소곤스럽게,sogonsogonseureopge,1,128,1,1,1,32,1,sokonsokonsɯrʌp̚ke,1,2,3,5,5,5,2100.0,6.25,8,1800.0,4.91,3,0,3,#FFD700,86.9,-1.9,87.1,5,5,5,8,SUFFIX(어미변화)
소곤소곤스러운,sogonsogonseureoun,1,128,1,1,1,32,1,sokonsokonsɯrʌun,1,2,3,5,2,5,2100.0,6.25,8,1800.0,4.91,3,0,2,#FFD700,86.9,-1.9,87.1,5,5,5,8,SUFFIX(어미변화)
소곤소곤해서,sogonsogonhaeseo,1,128,1,1,1,32,1,sokonsokonhɛsʌ,1,2,3,5,2,5,2100.0,6.25,8,1800.0,4.91,3,0,2,#FFD700,86.9,-1.9,87.1,5,5,5,8,SUFFIX(어미변화)
소곤소곤하고,sogonsogonhago,1,128,1,1,1,32,1,sokonsokonhako,1,2,3,5,2,5,2100.0,6.25,8,1800.0,4.91,3,0,2,#FFD700,86.9,-1.9,87.1,5,5,5,8,SUFFIX(어미변화)
수군수군,sugunsugun,1,128,2,1,2,8,1,sukunsukun,5,8,5,5,2,5,450.0,3.09,3,800.0,3.53,7,0,2,#2F4F4F,31.3,-11.7,-3.7,5,5,0,0,SINGLE(단발)
수군수군거리다,sugunsugungeorida,1,128,2,1,2,32,1,sukunsukunkʌrita,5,2,3,5,2,5,450.0,3.09,2,1800.0,4.91,7,0,2,#2F4F4F,31.3,-11.7,-3.7,5,5,5,8,STEM+GEORIDA
수군수군대다,sugunsugundaeda,1,128,2,1,2,32,1,sukunsukuntɛta,5,2,3,5,2,5,450.0,3.09,2,1800.0,4.91,7,0,2,#2F4F4F,31.3,-11.7,-3.7,5,5,5,8,STEM+DAEDA
수군수군이다,sugunsugunida,1,128,2,1,2,32,1,sukunsukunita,5,2,3,5,2,5,450.0,3.09,2,1800.0,4.91,7,0,2,#2F4F4F,31.3,-11.7,-3.7,5,5,5,8,STEM+IDA
수군수군하다,sugunsugunhada,1,128,2,1,2,32,1,sukunsukunhata,5,2,3,5,2,5,450.0,3.09,2,1800.0,4.91,7,0,2,#2F4F4F,31.3,-11.7,-3.7,5,5,5,8,STEM+HADA
수군수군스럽다,sugunsugunseureopda,1,128,2,1,2,32,1,sukunsukunsɯrʌp̚ta,5,2,3,5,5,5,450.0,3.09,2,1800.0,4.91,7,0,3,#2F4F4F,31.3,-11.7,-3.7,5,5,5,8,SUFFIX(어미변화)
수군수군맞다,sugunsugunmajda,1,128,2,1,2,32,1,sukunsukunmat̚ta,5,2,3,5,2,5,450.0,3.09,2,1800.0,4.91,7,0,2,#2F4F4F,31.3,-11.7,-3.7,5,5,5,8,SUFFIX(어미변화)
수군수군거리며,sugunsugungeorimyeo,1,128,2,1,2,32,1,sukunsukunkʌrimjʌ,5,2,3,5,2,5,450.0,3.09,2,1800.0,4.91,7,0,2,#2F4F4F,31.3,-11.7,-3.7,5,5,5,8,SUFFIX(어미변화)
수군수군대며,sugunsugundaemyeo,1,128,2,1,2,32,1,sukunsukuntɛmjʌ,5,2,3,5,2,5,450.0,3.09,2,1800.0,4.91,7,0,2,#2F4F4F,31.3,-11.7,-3.7,5,5,5,8,SUFFIX(어미변화)
수군수군하게,sugunsugunhage,1,128,2,1,2,32,1,sukunsukunhake,5,2,3,5,2,5,450.0,3.09,2,1800.0,4.91,7,0,2,#2F4F4F,31.3,-11.7,-3.7,5,5,5,8,SUFFIX(어미변화)
수군수군한,sugunsugunhan,1,128,2,1,2,32,1,sukunsukunhan,5,2,3,5,2,5,450.0,3.09,2,1800.0,4.91,7,0,2,#2F4F4F,31.3,-11.7,-3.7,5,5,5,8,SUFFIX(어미변화)
수군수군스럽게,sugunsugunseureopge,1,128,2,1,2,32,1,sukunsukunsɯrʌp̚ke,5,2,3,5,5,5,450.0,3.09,2,1800.0,4.91,7,0,3,#2F4F4F,31.3,-11.7,-3.7,5,5,5,8,SUFFIX(어미변화)
수군수군스러운,sugunsugunseureoun,1,128,2,1,2,32,1,sukunsukunsɯrʌun,5,2,3,5,2,5,450.0,3.09,2,1800.0,4.91,7,0,2,#2F4F4F,31.3,-11.7,-3.7,5,5,5,8,SUFFIX(어미변화)
수군수군해서,sugunsugunhaeseo,1,128,2,1,2,32,1,sukunsukunhɛsʌ,5,2,3,5,2,5,450.0,3.09,2,1800.0,4.91,7,0,2,#2F4F4F,31.3,-11.7,-3.7,5,5,5,8,SUFFIX(어미변화)
수군수군하고,sugunsugunhago,1,128,2,1,2,32,1,sukunsukunhako,5,2,3,5,2,5,450.0,3.09,2,1800.0,4.91,7,0,2,#2F4F4F,31.3,-11.7,-3.7,5,5,5,8,SUFFIX(어미변화)
도란도란,dorandoran,1,64,1,1,1,8,1,torantoran,1,8,5,5,2,5,2100.0,6.25,9,800.0,3.53,3,0,2,#FFD700,86.9,-1.9,87.1,5,5,0,0,SINGLE(단발)
도란도란거리다,dorandorangeorida,1,64,1,1,1,32,1,torantorankʌrita,1,2,3,5,2,5,2100.0,6.25,8,1800.0,4.91,3,0,2,#FFD700,86.9,-1.9,87.1,5,5,5,8,STEM+GEORIDA
도란도란대다,dorandorandaeda,1,64,1,1,1,32,1,torantorantɛta,1,2,3,5,2,5,2100.0,6.25,8,1800.0,4.91,3,0,2,#FFD700,86.9,-1.9,87.1,5,5,5,8,STEM+DAEDA
도란도란이다,dorandoranida,1,64,1,1,1,32,1,torantoranita,1,2,3,5,2,5,2100.0,6.25,8,1800.0,4.91,3,0,2,#FFD700,86.9,-1.9,87.1,5,5,5,8,STEM+IDA
도란도란하다,dorandoranhada,1,64,1,1,1,32,1,torantoranhata,1,2,3,7,2,5,2100.0,6.25,8,1800.0,4.91,3,0,2,#FFD700,86.9,-1.9,87.1,5,5,5,8,STEM+HADA
도란도란스럽다,dorandoranseureopda,1,64,1,1,1,32,1,torantoransɯrʌp̚ta,1,2,3,7,5,5,2100.0,6.25,8,1800.0,4.91,3,0,3,#FFD700,86.9,-1.9,87.1,5,5,5,8,SUFFIX(어미변화)
도란도란맞다,dorandoranmajda,1,64,1,1,1,32,1,torantoranmat̚ta,1,2,3,5,2,5,2100.0,6.25,8,1800.0,4.91,3,0,2,#FFD700,86.9,-1.9,87.1,5,5,5,8,SUFFIX(어미변화)
도란도란거리며,dorandorangeorimyeo,1,64,1,1,1,32,1,torantorankʌrimjʌ,1,2,3,5,2,5,2100.0,6.25,8,1800.0,4.91,3,0,2,#FFD700,86.9,-1.9,87.1,5,5,5,8,SUFFIX(어미변화)
도란도란대며,dorandorandaemyeo,1,64,1,1,1,32,1,torantorantɛmjʌ,1,2,3,5,2,5,2100.0,6.25,8,1800.0,4.91,3,0,2,#FFD700,86.9,-1.9,87.1,5,5,5,8,SUFFIX(어미변화)
도란도란하게,dorandoranhage,1,64,1,1,1,32,1,torantoranhake,1,2,3,7,2,5,2100.0,6.25,8,1800.0,4.91,3,0,2,#FFD700,86.9,-1.9,87.1,5,5,5,8,SUFFIX(어미변화)
도란도란한,dorandoranhan,1,64,1,1,1,32,1,torantoranhan,1,2,3,7,2,5,2100.0,6.25,8,1800.0,4.91,3,0,2,#FFD700,86.9,-1.9,87.1,5,5,5,8,SUFFIX(어미변화)
도란도란스럽게,dorandoranseureopge,1,64,1,1,1,32,1,torantoransɯrʌp̚ke,1,2,3,7,5,5,2100.0,6.25,8,1800.0,4.91,3,0,3,#FFD700,86.9,-1.9,87.1,5,5,5,8,SUFFIX(어미변화)
도란도란스러운,dorandoranseureoun,1,64,1,1,1,32,1,torantoransɯrʌun,1,2,3,7,2,5,2100.0,6.25,8,1800.0,4.91,3,0,2,#FFD700,86.9,-1.9,87.1,5,5,5,8,SUFFIX(어미변화)
도란도란해서,dorandoranhaeseo,1,64,1,1,1,32,1,torantoranhɛsʌ,1,2,3,7,2,5,2100.0,6.25,8,1800.0,4.91,3,0,2,#FFD700,86.9,-1.9,87.1,5,5,5,8,SUFFIX(어미변화)
도란도란하고,dorandoranhago,1,64,1,1,1,32,1,torantoranhako,1,2,3,7,2,5,2100.0,6.25,8,1800.0,4.91,3,0,2,#FFD700,86.9,-1.9,87.1,5,5,5,8,SUFFIX(어미변화)
소란소란,soransoran,1,32,2,1,1,8,1,soransoran,1,8,5,7,2,5,2100.0,6.25,9,800.0,3.53,7,0,2,#FFD700,86.9,-1.9,87.1,5,5,0,0,SINGLE(단발)
소란소란거리다,soransorangeorida,1,32,2,1,1,32,1,soransorankʌrita,1,2,3,7,2,5,2100.0,6.25,8,1800.0,4.91,7,0,2,#FFD700,86.9,-1.9,87.1,5,5,5,8,STEM+GEORIDA
소란소란대다,soransorandaeda,1,32,2,1,1,32,1,soransorantɛta,1,2,3,7,2,5,2100.0,6.25,8,1800.0,4.91,7,0,2,#FFD700,86.9,-1.9,87.1,5,5,5,8,STEM+DAEDA
소란소란이다,soransoranida,1,32,2,1,1,32,1,soransoranita,1,2,3,7,2,5,2100.0,6.25,8,1800.0,4.91,7,0,2,#FFD700,86.9,-1.9,87.1,5,5,5,8,STEM+IDA
소란소란하다,soransoranhada,1,32,2,1,1,32,1,soransoranhata,1,2,3,7,2,5,2100.0,6.25,8,1800.0,4.91,7,0,2,#FFD700,86.9,-1.9,87.1,5,5,5,8,STEM+HADA
소란소란스럽다,soransoranseureopda,1,32,2,1,1,32,1,soransoransɯrʌp̚ta,1,2,3,7,5,5,2100.0,6.25,8,1800.0,4.91,7,0,3,#FFD700,86.9,-1.9,87.1,5,5,5,8,SUFFIX(어미변화)
소란소란맞다,soransoranmajda,1,32,2,1,1,32,1,soransoranmat̚ta,1,2,3,7,2,5,2100.0,6.25,8,1800.0,4.91,7,0,2,#FFD700,86.9,-1.9,87.1,5,5,5,8,SUFFIX(어미변화)
소란소란거리며,soransorangeorimyeo,1,32,2,1,1,32,1,soransorankʌrimjʌ,1,2,3,7,2,5,2100.0,6.25,8,1800.0,4.91,7,0,2,#FFD700,86.9,-1.9,87.1,5,5,5,8,SUFFIX(어미변화)
소란소란대며,soransorandaemyeo,1,32,2,1,1,32,1,soransorantɛmjʌ,1,2,3,7,2,5,2100.0,6.25,8,1800.0,4.91,7,0,2,#FFD700,86.9,-1.9,87.1,5,5,5,8,SUFFIX(어미변화)
소란소란하게,soransoranhage,1,32,2,1,1,32,1,soransoranhake,1,2,3,7,2,5,2100.0,6.25,8,1800.0,4.91,7,0,2,#FFD700,86.9,-1.9,87.1,5,5,5,8,SUFFIX(어미변화)
소란소란한,soransoranhan,1,32,2,1,1,32,1,soransoranhan,1,2,3,7,2,5,2100.0,6.25,8,1800.0,4.91,7,0,2,#FFD700,86.9,-1.9,87.1,5,5,5,8,SUFFIX(어미변화)
소란소란스럽게,soransoranseureopge,1,32,2,1,1,32,1,soransoransɯrʌp̚ke,1,2,3,7,5,5,2100.0,6.25,8,1800.0,4.91,7,0,3,#FFD700,86.9,-1.9,87.1,5,5,5,8,SUFFIX(어미변화)
소란소란스러운,soransoranseureoun,1,32,2,1,1,32,1,soransoransɯrʌun,1,2,3,7,2,5,2100.0,6.25,8,1800.0,4.91,7,0,2,#FFD700,86.9,-1.9,87.1,5,5,5,8,SUFFIX(어미변화)
소란소란해서,soransoranhaeseo,1,32,2,1,1,32,1,soransoranhɛsʌ,1,2,3,7,2,5,2100.0,6.25,8,1800.0,4.91,7,0,2,#FFD700,86.9,-1.9,87.1,5,5,5,8,SUFFIX(어미변화)
소란소란하고,soransoranhago,1,32,2,1,1,32,1,soransoranhako,1,2,3,7,2,5,2100.0,6.25,8,1800.0,4.91,7,0,2,#FFD700,86.9,-1.9,87.1,5,5,5,8,SUFFIX(어미변화)
새근새근,saegeunsaegeun,1,128,1,1,1,8,1,sɛkɯnsɛkɯn,1,8,5,5,2,5,2100.0,6.25,9,800.0,3.53,3,0,2,#FFD700,86.9,-1.9,87.1,5,5,0,0,SINGLE(단발)
새근새근거리다,saegeunsaegeungeorida,1,128,1,1,1,32,1,sɛkɯnsɛkɯnkʌrita,1,2,3,5,2,5,2100.0,6.25,8,1800.0,4.91,3,0,2,#FFD700,86.9,-1.9,87.1,5,5,5,8,STEM+GEORIDA
새근새근대다,saegeunsaegeundaeda,1,128,1,1,1,32,1,sɛkɯnsɛkɯntɛta,1,2,3,5,2,5,2100.0,6.25,8,1800.0,4.91,3,0,2,#FFD700,86.9,-1.9,87.1,5,5,5,8,STEM+DAEDA
새근새근이다,saegeunsaegeunida,1,128,1,1,1,32,1,sɛkɯnsɛkɯnita,1,2,3,5,2,5,2100.0,6.25,8,1800.0,4.91,3,0,2,#FFD700,86.9,-1.9,87.1,5,5,5,8,STEM+IDA
새근새근하다,saegeunsaegeunhada,1,128,1,1,1,32,1,sɛkɯnsɛkɯnhata,1,2,3,5,2,5,2100.0,6.25,8,1800.0,4.91,3,0,2,#FFD700,86.9,-1.9,87.1,5,5,5,8,STEM+HADA
새근새근스럽다,saegeunsaegeunseureopda,1,128,1,1,1,32,1,sɛkɯnsɛkɯnsɯrʌp̚ta,1,2,3,5,5,5,2100.0,6.25,8,1800.0,4.91,3,0,3,#FFD700,86.9,-1.9,87.1,5,5,5,8,SUFFIX(어미변화)
새근새근맞다,saegeunsaegeunmajda,1,128,1,1,1,32,1,sɛkɯnsɛkɯnmat̚ta,1,2,3,5,2,5,2100.0,6.25,8,1800.0,4.91,3,0,2,#FFD700,86.9,-1.9,87.1,5,5,5,8,SUFFIX(어미변화)
새근새근거리며,saegeunsaegeungeorimyeo,1,128,1,1,1,32,1,sɛkɯnsɛkɯnkʌrimjʌ,1,2,3,5,2,5,2100.0,6.25,8,1800.0,4.91,3,0,2,#FFD700,86.9,-1.9,87.1,5,5,5,8,SUFFIX(어미변화)
새근새근대며,saegeunsaegeundaemyeo,1,128,1,1,1,32,1,sɛkɯnsɛkɯntɛmjʌ,1,2,3,5,2,5,2100.0,6.25,8,1800.0,4.91,3,0,2,#FFD700,86.9,-1.9,87.1,5,5,5,8,SUFFIX(어미변화)
새근새근하게,saegeunsaegeunhage,1,128,1,1,1,32,1,sɛkɯnsɛkɯnhake,1,2,3,5,2,5,2100.0,6.25,8,1800.0,4.91,3,0,2,#FFD700,86.9,-1.9,87.1,5,5,5,8,SUFFIX(어미변화)
새근새근한,saegeunsaegeunhan,1,128,1,1,1,32,1,sɛkɯnsɛkɯnhan,1,2,3,5,2,5,2100.0,6.25,8,1800.0,4.91,3,0,2,#FFD700,86.9,-1.9,87.1,5,5,5,8,SUFFIX(어미변화)
새근새근스럽게,saegeunsaegeunseureopge,1,128,1,1,1,32,1,sɛkɯnsɛkɯnsɯrʌp̚ke,1,2,3,5,5,5,2100.0,6.25,8,1800.0,4.91,3,0,3,#FFD700,86.9,-1.9,87.1,5,5,5,8,SUFFIX(어미변화)
새근새근스러운,saegeunsaegeunseureoun,1,128,1,1,1,32,1,sɛkɯnsɛkɯnsɯrʌun,1,2,3,5,2,5,2100.0,6.25,8,1800.0,4.91,3,0,2,#FFD700,86.9,-1.9,87.1,5,5,5,8,SUFFIX(어미변화)
새근새근해서,saegeunsaegeunhaeseo,1,128,1,1,1,32,1,sɛkɯnsɛkɯnhɛsʌ,1,2,3,5,2,5,2100.0,6.25,8,1800.0,4.91,3,0,2,#FFD700,86.9,-1.9,87.1,5,5,5,8,SUFFIX(어미변화)
새근새근하고,saegeunsaegeunhago,1,128,1,1,1,32,1,sɛkɯnsɛkɯnhako,1,2,3,5,2,5,2100.0,6.25,8,1800.0,4.91,3,0,2,#FFD700,86.9,-1.9,87.1,5,5,5,8,SUFFIX(어미변화)
숨근숨근,sumgeunsumgeun,1,128,0,1,2,8,1,sumkɯnsumkɯn,5,8,5,5,2,5,450.0,3.09,3,800.0,3.53,3,0,2,#2F4F4F,31.3,-11.7,-3.7,5,5,0,0,SINGLE(단발)
숨근숨근거리다,sumgeunsumgeungeorida,1,128,0,1,2,32,1,sumkɯnsumkɯnkʌrita,5,2,3,5,2,5,450.0,3.09,2,1800.0,4.91,3,0,2,#2F4F4F,31.3,-11.7,-3.7,5,5,5,8,STEM+GEORIDA
숨근숨근대다,sumgeunsumgeundaeda,1,128,0,1,2,32,1,sumkɯnsumkɯntɛta,5,2,3,5,2,5,450.0,3.09,2,1800.0,4.91,3,0,2,#2F4F4F,31.3,-11.7,-3.7,5,5,5,8,STEM+DAEDA
숨근숨근이다,sumgeunsumgeunida,1,128,0,1,2,32,1,sumkɯnsumkɯnita,5,2,3,5,2,5,450.0,3.09,2,1800.0,4.91,3,0,2,#2F4F4F,31.3,-11.7,-3.7,5,5,5,8,STEM+IDA
숨근숨근하다,sumgeunsumgeunhada,1,128,0,1,2,32,1,sumkɯnsumkɯnhata,5,2,3,5,2,5,450.0,3.09,2,1800.0,4.91,3,0,2,#2F4F4F,31.3,-11.7,-3.7,5,5,5,8,STEM+HADA
숨근숨근스럽다,sumgeunsumgeunseureopda,1,128,0,1,2,32,1,sumkɯnsumkɯnsɯrʌp̚ta,5,2,3,5,5,5,450.0,3.09,2,1800.0,4.91,3,0,3,#2F4F4F,31.3,-11.7,-3.7,5,5,5,8,SUFFIX(어미변화)
숨근숨근맞다,sumgeunsumgeunmajda,1,128,0,1,2,32,1,sumkɯnsumkɯnmat̚ta,5,2,3,5,2,5,450.0,3.09,2,1800.0,4.91,3,0,2,#2F4F4F,31.3,-11.7,-3.7,5,5,5,8,SUFFIX(어미변화)
숨근숨근거리며,sumgeunsumgeungeorimyeo,1,128,0,1,2,32,1,sumkɯnsumkɯnkʌrimjʌ,5,2,3,5,2,5,450.0,3.09,2,1800.0,4.91,3,0,2,#2F4F4F,31.3,-11.7,-3.7,5,5,5,8,SUFFIX(어미변화)
숨근숨근대며,sumgeunsumgeundaemyeo,1,128,0,1,2,32,1,sumkɯnsumkɯntɛmjʌ,5,2,3,5,2,5,450.0,3.09,2,1800.0,4.91,3,0,2,#2F4F4F,31.3,-11.7,-3.7,5,5,5,8,SUFFIX(어미변화)
숨근숨근하게,sumgeunsumgeunhage,1,128,0,1,2,32,1,sumkɯnsumkɯnhake,5,2,3,5,2,5,450.0,3.09,2,1800.0,4.91,3,0,2,#2F4F4F,31.3,-11.7,-3.7,5,5,5,8,SUFFIX(어미변화)
숨근숨근한,sumgeunsumgeunhan,1,128,0,1,2,32,1,sumkɯnsumkɯnhan,5,2,3,5,2,5,450.0,3.09,2,1800.0,4.91,3,0,2,#2F4F4F,31.3,-11.7,-3.7,5,5,5,8,SUFFIX(어미변화)
숨근숨근스럽게,sumgeunsumgeunseureopge,1,128,0,1,2,32,1,sumkɯnsumkɯnsɯrʌp̚ke,5,2,3,5,5,5,450.0,3.09,2,1800.0,4.91,3,0,3,#2F4F4F,31.3,-11.7,-3.7,5,5,5,8,SUFFIX(어미변화)
숨근숨근스러운,sumgeunsumgeunseureoun,1,128,0,1,2,32,1,sumkɯnsumkɯnsɯrʌun,5,2,3,5,2,5,450.0,3.09,2,1800.0,4.91,3,0,2,#2F4F4F,31.3,-11.7,-3.7,5,5,5,8,SUFFIX(어미변화)
숨근숨근해서,sumgeunsumgeunhaeseo,1,128,0,1,2,32,1,sumkɯnsumkɯnhɛsʌ,5,2,3,5,2,5,450.0,3.09,2,1800.0,4.91,3,0,2,#2F4F4F,31.3,-11.7,-3.7,5,5,5,8,SUFFIX(어미변화)
숨근숨근하고,sumgeunsumgeunhago,1,128,0,1,2,32,1,sumkɯnsumkɯnhako,5,2,3,5,2,5,450.0,3.09,2,1800.0,4.91,3,0,2,#2F4F4F,31.3,-11.7,-3.7,5,5,5,8,SUFFIX(어미변화)
모락모락,moragmorag,4,4,1,1,1,8,1,morak̚morak̚,1,8,5,5,7,5,2100.0,6.25,9,800.0,3.53,3,0,4,#FFD700,86.9,-1.9,87.1,5,5,0,0,SINGLE(단발)
모락모락거리다,moragmoraggeorida,4,4,1,1,1,32,1,morak̚morak̚kʌrita,1,2,3,5,7,5,2100.0,6.25,8,1800.0,4.91,3,0,4,#FFD700,86.9,-1.9,87.1,5,5,5,8,STEM+GEORIDA
모락모락대다,moragmoragdaeda,4,4,1,1,1,32,1,morak̚morak̚tɛta,1,2,3,5,7,5,2100.0,6.25,8,1800.0,4.91,3,0,4,#FFD700,86.9,-1.9,87.1,5,5,5,8,STEM+DAEDA
모락모락이다,moragmoragida,4,4,1,1,1,32,1,morak̚morak̚ita,1,2,3,5,7,5,2100.0,6.25,8,1800.0,4.91,3,0,4,#FFD700,86.9,-1.9,87.1,5,5,5,8,STEM+IDA
모락모락하다,moragmoraghada,4,4,1,1,1,32,1,morak̚morak̚hata,1,2,3,7,7,5,2100.0,6.25,8,1800.0,4.91,3,0,4,#FFD700,86.9,-1.9,87.1,5,5,5,8,STEM+HADA
모락모락스럽다,moragmoragseureopda,4,4,1,1,1,32,1,morak̚morak̚sɯrʌp̚ta,1,2,3,7,7,5,2100.0,6.25,8,1800.0,4.91,3,0,4,#FFD700,86.9,-1.9,87.1,5,5,5,8,SUFFIX(어미변화)
모락모락맞다,moragmoragmajda,4,4,1,1,1,32,1,morak̚morak̚mat̚ta,1,2,3,5,7,5,2100.0,6.25,8,1800.0,4.91,3,0,4,#FFD700,86.9,-1.9,87.1,5,5,5,8,SUFFIX(어미변화)
모락모락거리며,moragmoraggeorimyeo,4,4,1,1,1,32,1,morak̚morak̚kʌrimjʌ,1,2,3,5,7,5,2100.0,6.25,8,1800.0,4.91,3,0,4,#FFD700,86.9,-1.9,87.1,5,5,5,8,SUFFIX(어미변화)
모락모락대며,moragmoragdaemyeo,4,4,1,1,1,32,1,morak̚morak̚tɛmjʌ,1,2,3,5,7,5,2100.0,6.25,8,1800.0,4.91,3,0,4,#FFD700,86.9,-1.9,87.1,5,5,5,8,SUFFIX(어미변화)
모락모락하게,moragmoraghage,4,4,1,1,1,32,1,morak̚morak̚hake,1,2,3,7,7,5,2100.0,6.25,8,1800.0,4.91,3,0,4,#FFD700,86.9,-1.9,87.1,5,5,5,8,SUFFIX(어미변화)
모락모락한,moragmoraghan,4,4,1,1,1,32,1,morak̚morak̚han,1,2,3,7,5,5,2100.0,6.25,8,1800.0,4.91,3,0,3,#FFD700,86.9,-1.9,87.1,5,5,5,8,SUFFIX(어미변화)
모락모락스럽게,moragmoragseureopge,4,4,1,1,1,32,1,morak̚morak̚sɯrʌp̚ke,1,2,3,7,7,5,2100.0,6.25,8,1800.0,4.91,3,0,4,#FFD700,86.9,-1.9,87.1,5,5,5,8,SUFFIX(어미변화)
모락모락스러운,moragmoragseureoun,4,4,1,1,1,32,1,morak̚morak̚sɯrʌun,1,2,3,7,5,5,2100.0,6.25,8,1800.0,4.91,3,0,3,#FFD700,86.9,-1.9,87.1,5,5,5,8,SUFFIX(어미변화)
모락모락해서,moragmoraghaeseo,4,4,1,1,1,32,1,morak̚morak̚hɛsʌ,1,2,3,7,7,5,2100.0,6.25,8,1800.0,4.91,3,0,4,#FFD700,86.9,-1.9,87.1,5,5,5,8,SUFFIX(어미변화)
모락모락하고,moragmoraghago,4,4,1,1,1,32,1,morak̚morak̚hako,1,2,3,7,7,5,2100.0,6.25,8,1800.0,4.91,3,0,4,#FFD700,86.9,-1.9,87.1,5,5,5,8,SUFFIX(어미변화)
무리무리,murimuri,4,32,0,1,2,8,1,murimuri,5,8,5,5,4,5,450.0,3.09,3,800.0,3.53,3,0,3,#2F4F4F,31.3,-11.7,-3.7,5,5,0,0,SINGLE(단발)
무리무리거리다,murimurigeorida,4,32,0,1,2,32,1,murimurikʌrita,5,2,3,5,4,5,450.0,3.09,2,1800.0,4.91,3,0,3,#2F4F4F,31.3,-11.7,-3.7,5,5,5,8,STEM+GEORIDA
무리무리대다,murimuridaeda,4,32,0,1,2,32,1,murimuritɛta,5,2,3,5,4,5,450.0,3.09,2,1800.0,4.91,3,0,3,#2F4F4F,31.3,-11.7,-3.7,5,5,5,8,STEM+DAEDA
무리무리이다,murimuriida,4,32,0,1,2,32,1,murimuriita,5,2,3,5,4,5,450.0,3.09,2,1800.0,4.91,3,0,3,#2F4F4F,31.3,-11.7,-3.7,5,5,5,8,STEM+IDA
무리무리하다,murimurihada,4,32,0,1,2,32,1,murimurihata,5,2,3,7,4,5,450.0,3.09,2,1800.0,4.91,3,0,3,#2F4F4F,31.3,-11.7,-3.7,5,5,5,8,STEM+HADA
무리무리스럽다,murimuriseureopda,4,32,0,1,2,32,1,murimurisɯrʌp̚ta,5,2,3,7,7,5,450.0,3.09,2,1800.0,4.91,3,0,4,#2F4F4F,31.3,-11.7,-3.7,5,5,5,8,SUFFIX(어미변화)
무리무리맞다,murimurimajda,4,32,0,1,2,32,1,murimurimat̚ta,5,2,3,5,4,5,450.0,3.09,2,1800.0,4.91,3,0,3,#2F4F4F,31.3,-11.7,-3.7,5,5,5,8,SUFFIX(어미변화)
무리무리거리며,murimurigeorimyeo,4,32,0,1,2,32,1,murimurikʌrimjʌ,5,2,3,5,4,5,450.0,3.09,2,1800.0,4.91,3,0,3,#2F4F4F,31.3,-11.7,-3.7,5,5,5,8,SUFFIX(어미변화)
무리무리대며,murimuridaemyeo,4,32,0,1,2,32,1,murimuritɛmjʌ,5,2,3,5,4,5,450.0,3.09,2,1800.0,4.91,3,0,3,#2F4F4F,31.3,-11.7,-3.7,5,5,5,8,SUFFIX(어미변화)
무리무리하게,murimurihage,4,32,0,1,2,32,1,murimurihake,5,2,3,7,4,5,450.0,3.09,2,1800.0,4.91,3,0,3,#2F4F4F,31.3,-11.7,-3.7,5,5,5,8,SUFFIX(어미변화)
무리무리한,murimurihan,4,32,0,1,2,32,1,murimurihan,5,2,3,7,2,5,450.0,3.09,2,1800.0,4.91,3,0,2,#2F4F4F,31.3,-11.7,-3.7,5,5,5,8,SUFFIX(어미변화)
무리무리스럽게,murimuriseureopge,4,32,0,1,2,32,1,murimurisɯrʌp̚ke,5,2,3,7,7,5,450.0,3.09,2,1800.0,4.91,3,0,4,#2F4F4F,31.3,-11.7,-3.7,5,5,5,8,SUFFIX(어미변화)
무리무리스러운,murimuriseureoun,4,32,0,1,2,32,1,murimurisɯrʌun,5,2,3,7,2,5,450.0,3.09,2,1800.0,4.91,3,0,2,#2F4F4F,31.3,-11.7,-3.7,5,5,5,8,SUFFIX(어미변화)
무리무리해서,murimurihaeseo,4,32,0,1,2,32,1,murimurihɛsʌ,5,2,3,7,4,5,450.0,3.09,2,1800.0,4.91,3,0,3,#2F4F4F,31.3,-11.7,-3.7,5,5,5,8,SUFFIX(어미변화)
무리무리하고,murimurihago,4,32,0,1,2,32,1,murimurihako,5,2,3,7,4,5,450.0,3.09,2,1800.0,4.91,3,0,3,#2F4F4F,31.3,-11.7,-3.7,5,5,5,8,SUFFIX(어미변화)
우글우글,ugeulugeul,4,32,2,1,2,8,1,ukɯlukɯl,5,8,5,5,2,5,450.0,3.09,3,800.0,3.53,7,0,2,#2F4F4F,31.3,-11.7,-3.7,5,5,0,0,SINGLE(단발)
우글우글거리다,ugeulugeulgeorida,4,32,2,1,2,32,1,ukɯlukɯlkʌrita,5,2,3,5,2,5,450.0,3.09,2,1800.0,4.91,7,0,2,#2F4F4F,31.3,-11.7,-3.7,5,5,5,8,STEM+GEORIDA
우글우글대다,ugeulugeuldaeda,4,32,2,1,2,32,1,ukɯlukɯltɛta,5,2,3,5,2,5,450.0,3.09,2,1800.0,4.91,7,0,2,#2F4F4F,31.3,-11.7,-3.7,5,5,5,8,STEM+DAEDA
우글우글이다,ugeulugeulida,4,32,2,1,2,32,1,ukɯlukɯlita,5,2,3,5,2,5,450.0,3.09,2,1800.0,4.91,7,0,2,#2F4F4F,31.3,-11.7,-3.7,5,5,5,8,STEM+IDA
우글우글하다,ugeulugeulhada,4,32,2,1,2,32,1,ukɯlukɯlhata,5,2,3,7,2,5,450.0,3.09,2,1800.0,4.91,7,0,2,#2F4F4F,31.3,-11.7,-3.7,5,5,5,8,STEM+HADA
우글우글스럽다,ugeulugeulseureopda,4,32,2,1,2,32,1,ukɯlukɯlsɯrʌp̚ta,5,2,3,7,5,5,450.0,3.09,2,1800.0,4.91,7,0,3,#2F4F4F,31.3,-11.7,-3.7,5,5,5,8,SUFFIX(어미변화)
우글우글맞다,ugeulugeulmajda,4,32,2,1,2,32,1,ukɯlukɯlmat̚ta,5,2,3,5,2,5,450.0,3.09,2,1800.0,4.91,7,0,2,#2F4F4F,31.3,-11.7,-3.7,5,5,5,8,SUFFIX(어미변화)
우글우글거리며,ugeulugeulgeorimyeo,4,32,2,1,2,32,1,ukɯlukɯlkʌrimjʌ,5,2,3,5,2,5,450.0,3.09,2,1800.0,4.91,7,0,2,#2F4F4F,31.3,-11.7,-3.7,5,5,5,8,SUFFIX(어미변화)
우글우글대며,ugeulugeuldaemyeo,4,32,2,1,2,32,1,ukɯlukɯltɛmjʌ,5,2,3,5,2,5,450.0,3.09,2,1800.0,4.91,7,0,2,#2F4F4F,31.3,-11.7,-3.7,5,5,5,8,SUFFIX(어미변화)
우글우글하게,ugeulugeulhage,4,32,2,1,2,32,1,ukɯlukɯlhake,5,2,3,7,2,5,450.0,3.09,2,1800.0,4.91,7,0,2,#2F4F4F,31.3,-11.7,-3.7,5,5,5,8,SUFFIX(어미변화)
우글우글한,ugeulugeulhan,4,32,2,1,2,32,1,ukɯlukɯlhan,5,2,3,7,2,5,450.0,3.09,2,1800.0,4.91,7,0,2,#2F4F4F,31.3,-11.7,-3.7,5,5,5,8,SUFFIX(어미변화)
우글우글스럽게,ugeulugeulseureopge,4,32,2,1,2,32,1,ukɯlukɯlsɯrʌp̚ke,5,2,3,7,5,5,450.0,3.09,2,1800.0,4.91,7,0,3,#2F4F4F,31.3,-11.7,-3.7,5,5,5,8,SUFFIX(어미변화)
우글우글스러운,ugeulugeulseureoun,4,32,2,1,2,32,1,ukɯlukɯlsɯrʌun,5,2,3,7,2,5,450.0,3.09,2,1800.0,4.91,7,0,2,#2F4F4F,31.3,-11.7,-3.7,5,5,5,8,SUFFIX(어미변화)
우글우글해서,ugeulugeulhaeseo,4,32,2,1,2,32,1,ukɯlukɯlhɛsʌ,5,2,3,7,2,5,450.0,3.09,2,1800.0,4.91,7,0,2,#2F4F4F,31.3,-11.7,-3.7,5,5,5,8,SUFFIX(어미변화)
우글우글하고,ugeulugeulhago,4,32,2,1,2,32,1,ukɯlukɯlhako,5,2,3,7,2,5,450.0,3.09,2,1800.0,4.91,7,0,2,#2F4F4F,31.3,-11.7,-3.7,5,5,5,8,SUFFIX(어미변화)
바글바글,bageulbageul,4,32,0,1,1,8,1,pakɯlpakɯl,1,8,5,5,2,8,2100.0,6.25,9,800.0,3.53,3,0,2,#FFD700,86.9,-1.9,87.1,5,5,0,0,SINGLE(단발)
바글바글거리다,bageulbageulgeorida,4,32,0,1,1,32,1,pakɯlpakɯlkʌrita,1,2,3,5,2,8,2100.0,6.25,8,1800.0,4.91,3,0,2,#FFD700,86.9,-1.9,87.1,5,5,5,8,STEM+GEORIDA
바글바글대다,bageulbageuldaeda,4,32,0,1,1,32,1,pakɯlpakɯltɛta,1,2,3,5,2,8,2100.0,6.25,8,1800.0,4.91,3,0,2,#FFD700,86.9,-1.9,87.1,5,5,5,8,STEM+DAEDA
바글바글이다,bageulbageulida,4,32,0,1,1,32,1,pakɯlpakɯlita,1,2,3,5,2,8,2100.0,6.25,8,1800.0,4.91,3,0,2,#FFD700,86.9,-1.9,87.1,5,5,5,8,STEM+IDA
바글바글하다,bageulbageulhada,4,32,0,1,1,32,1,pakɯlpakɯlhata,1,2,3,7,2,8,2100.0,6.25,8,1800.0,4.91,3,0,2,#FFD700,86.9,-1.9,87.1,5,5,5,8,STEM+HADA
바글바글스럽다,bageulbageulseureopda,4,32,0,1,1,32,1,pakɯlpakɯlsɯrʌp̚ta,1,2,3,7,5,8,2100.0,6.25,8,1800.0,4.91,3,0,3,#FFD700,86.9,-1.9,87.1,5,5,5,8,SUFFIX(어미변화)
바글바글맞다,bageulbageulmajda,4,32,0,1,1,32,1,pakɯlpakɯlmat̚ta,1,2,3,5,2,8,2100.0,6.25,8,1800.0,4.91,3,0,2,#FFD700,86.9,-1.9,87.1,5,5,5,8,SUFFIX(어미변화)
바글바글거리며,bageulbageulgeorimyeo,4,32,0,1,1,32,1,pakɯlpakɯlkʌrimjʌ,1,2,3,5,2,8,2100.0,6.25,8,1800.0,4.91,3,0,2,#FFD700,86.9,-1.9,87.1,5,5,5,8,SUFFIX(어미변화)
바글바글대며,bageulbageuldaemyeo,4,32,0,1,1,32,1,pakɯlpakɯltɛmjʌ,1,2,3,5,2,8,2100.0,6.25,8,1800.0,4.91,3,0,2,#FFD700,86.9,-1.9,87.1,5,5,5,8,SUFFIX(어미변화)
바글바글하게,bageulbageulhage,4,32,0,1,1,32,1,pakɯlpakɯlhake,1,2,3,7,2,8,2100.0,6.25,8,1800.0,4.91,3,0,2,#FFD700,86.9,-1.9,87.1,5,5,5,8,SUFFIX(어미변화)
바글바글한,bageulbageulhan,4,32,0,1,1,32,1,pakɯlpakɯlhan,1,2,3,7,2,8,2100.0,6.25,8,1800.0,4.91,3,0,2,#FFD700,86.9,-1.9,87.1,5,5,5,8,SUFFIX(어미변화)
바글바글스럽게,bageulbageulseureopge,4,32,0,1,1,32,1,pakɯlpakɯlsɯrʌp̚ke,1,2,3,7,5,8,2100.0,6.25,8,1800.0,4.91,3,0,3,#FFD700,86.9,-1.9,87.1,5,5,5,8,SUFFIX(어미변화)
바글바글스러운,bageulbageulseureoun,4,32,0,1,1,32,1,pakɯlpakɯlsɯrʌun,1,2,3,7,2,8,2100.0,6.25,8,1800.0,4.91,3,0,2,#FFD700,86.9,-1.9,87.1,5,5,5,8,SUFFIX(어미변화)
바글바글해서,bageulbageulhaeseo,4,32,0,1,1,32,1,pakɯlpakɯlhɛsʌ,1,2,3,7,2,8,2100.0,6.25,8,1800.0,4.91,3,0,2,#FFD700,86.9,-1.9,87.1,5,5,5,8,SUFFIX(어미변화)
바글바글하고,bageulbageulhago,4,32,0,1,1,32,1,pakɯlpakɯlhako,1,2,3,7,2,8,2100.0,6.25,8,1800.0,4.91,3,0,2,#FFD700,86.9,-1.9,87.1,5,5,5,8,SUFFIX(어미변화)
글썽글썽,geulsseonggeulsseong,4,2048,2,1,2,8,1,kɯls͈ʌŋkɯls͈ʌŋ,8,8,6,8,5,5,950.0,4.62,3,800.0,3.53,9,0,3,#2F4F4F,31.3,-11.7,-3.7,5,5,0,0,SINGLE(단발)
글썽글썽거리다,geulsseonggeulsseonggeorida,4,2048,2,1,2,32,1,kɯls͈ʌŋkɯls͈ʌŋkʌrita,8,2,4,8,5,5,950.0,4.62,2,1800.0,4.91,9,0,3,#2F4F4F,31.3,-11.7,-3.7,5,5,5,8,STEM+GEORIDA
글썽글썽대다,geulsseonggeulsseongdaeda,4,2048,2,1,2,32,1,kɯls͈ʌŋkɯls͈ʌŋtɛta,8,2,4,8,5,5,950.0,4.62,2,1800.0,4.91,9,0,3,#2F4F4F,31.3,-11.7,-3.7,5,5,5,8,STEM+DAEDA
글썽글썽이다,geulsseonggeulsseongida,4,2048,2,1,2,32,1,kɯls͈ʌŋkɯls͈ʌŋita,8,2,4,8,5,5,950.0,4.62,2,1800.0,4.91,9,0,3,#2F4F4F,31.3,-11.7,-3.7,5,5,5,8,STEM+IDA
글썽글썽하다,geulsseonggeulsseonghada,4,2048,2,1,2,32,1,kɯls͈ʌŋkɯls͈ʌŋhata,8,2,4,8,5,5,950.0,4.62,2,1800.0,4.91,9,0,3,#2F4F4F,31.3,-11.7,-3.7,5,5,5,8,STEM+HADA
글썽글썽스럽다,geulsseonggeulsseongseureopda,4,2048,2,1,2,32,1,kɯls͈ʌŋkɯls͈ʌŋsɯrʌp̚ta,8,2,4,8,5,5,950.0,4.62,2,1800.0,4.91,9,0,3,#2F4F4F,31.3,-11.7,-3.7,5,5,5,8,SUFFIX(어미변화)
글썽글썽맞다,geulsseonggeulsseongmajda,4,2048,2,1,2,32,1,kɯls͈ʌŋkɯls͈ʌŋmat̚ta,8,2,4,8,5,5,950.0,4.62,2,1800.0,4.91,9,0,3,#2F4F4F,31.3,-11.7,-3.7,5,5,5,8,SUFFIX(어미변화)
글썽글썽거리며,geulsseonggeulsseonggeorimyeo,4,2048,2,1,2,32,1,kɯls͈ʌŋkɯls͈ʌŋkʌrimjʌ,8,2,4,8,5,5,950.0,4.62,2,1800.0,4.91,9,0,3,#2F4F4F,31.3,-11.7,-3.7,5,5,5,8,SUFFIX(어미변화)
글썽글썽대며,geulsseonggeulsseongdaemyeo,4,2048,2,1,2,32,1,kɯls͈ʌŋkɯls͈ʌŋtɛmjʌ,8,2,4,8,5,5,950.0,4.62,2,1800.0,4.91,9,0,3,#2F4F4F,31.3,-11.7,-3.7,5,5,5,8,SUFFIX(어미변화)
글썽글썽하게,geulsseonggeulsseonghage,4,2048,2,1,2,32,1,kɯls͈ʌŋkɯls͈ʌŋhake,8,2,4,8,5,5,950.0,4.62,2,1800.0,4.91,9,0,3,#2F4F4F,31.3,-11.7,-3.7,5,5,5,8,SUFFIX(어미변화)
글썽글썽한,geulsseonggeulsseonghan,4,2048,2,1,2,32,1,kɯls͈ʌŋkɯls͈ʌŋhan,8,2,4,8,5,5,950.0,4.62,2,1800.0,4.91,9,0,3,#2F4F4F,31.3,-11.7,-3.7,5,5,5,8,SUFFIX(어미변화)
글썽글썽스럽게,geulsseonggeulsseongseureopge,4,2048,2,1,2,32,1,kɯls͈ʌŋkɯls͈ʌŋsɯrʌp̚ke,8,2,4,8,5,5,950.0,4.62,2,1800.0,4.91,9,0,3,#2F4F4F,31.3,-11.7,-3.7,5,5,5,8,SUFFIX(어미변화)
글썽글썽스러운,geulsseonggeulsseongseureoun,4,2048,2,1,2,32,1,kɯls͈ʌŋkɯls͈ʌŋsɯrʌun,8,2,4,8,5,5,950.0,4.62,2,1800.0,4.91,9,0,3,#2F4F4F,31.3,-11.7,-3.7,5,5,5,8,SUFFIX(어미변화)
글썽글썽해서,geulsseonggeulsseonghaeseo,4,2048,2,1,2,32,1,kɯls͈ʌŋkɯls͈ʌŋhɛsʌ,8,2,4,8,5,5,950.0,4.62,2,1800.0,4.91,9,0,3,#2F4F4F,31.3,-11.7,-3.7,5,5,5,8,SUFFIX(어미변화)
글썽글썽하고,geulsseonggeulsseonghago,4,2048,2,1,2,32,1,kɯls͈ʌŋkɯls͈ʌŋhako,8,2,4,8,5,5,950.0,4.62,2,1800.0,4.91,9,0,3,#2F4F4F,31.3,-11.7,-3.7,5,5,5,8,SUFFIX(어미변화)
울컥울컥,ulkeogulkeog,8,2048,2,1,2,8,1,ulkʰʌk̚ulkʰʌk̚,7,8,6,7,5,5,1250.0,5.19,3,800.0,3.53,9,0,3,#2F4F4F,31.3,-11.7,-3.7,5,5,0,0,SINGLE(단발)
울컥울컥거리다,ulkeogulkeoggeorida,8,2048,2,1,2,32,1,ulkʰʌk̚ulkʰʌk̚kʌrita,7,2,4,7,5,5,1250.0,5.19,2,1800.0,4.91,9,0,3,#2F4F4F,31.3,-11.7,-3.7,5,5,5,8,STEM+GEORIDA
울컥울컥대다,ulkeogulkeogdaeda,8,2048,2,1,2,32,1,ulkʰʌk̚ulkʰʌk̚tɛta,7,2,4,7,5,5,1250.0,5.19,2,1800.0,4.91,9,0,3,#2F4F4F,31.3,-11.7,-3.7,5,5,5,8,STEM+DAEDA
울컥울컥이다,ulkeogulkeogida,8,2048,2,1,2,32,1,ulkʰʌk̚ulkʰʌk̚ita,7,2,4,7,5,5,1250.0,5.19,2,1800.0,4.91,9,0,3,#2F4F4F,31.3,-11.7,-3.7,5,5,5,8,STEM+IDA
울컥울컥하다,ulkeogulkeoghada,8,2048,2,1,2,32,1,ulkʰʌk̚ulkʰʌk̚hata,7,2,4,7,5,5,1250.0,5.19,2,1800.0,4.91,9,0,3,#2F4F4F,31.3,-11.7,-3.7,5,5,5,8,STEM+HADA
울컥울컥스럽다,ulkeogulkeogseureopda,8,2048,2,1,2,32,1,ulkʰʌk̚ulkʰʌk̚sɯrʌp̚ta,7,2,4,7,5,5,1250.0,5.19,2,1800.0,4.91,9,0,3,#2F4F4F,31.3,-11.7,-3.7,5,5,5,8,SUFFIX(어미변화)
울컥울컥맞다,ulkeogulkeogmajda,8,2048,2,1,2,32,1,ulkʰʌk̚ulkʰʌk̚mat̚ta,7,2,4,7,5,5,1250.0,5.19,2,1800.0,4.91,9,0,3,#2F4F4F,31.3,-11.7,-3.7,5,5,5,8,SUFFIX(어미변화)
울컥울컥거리며,ulkeogulkeoggeorimyeo,8,2048,2,1,2,32,1,ulkʰʌk̚ulkʰʌk̚kʌrimjʌ,7,2,4,7,5,5,1250.0,5.19,2,1800.0,4.91,9,0,3,#2F4F4F,31.3,-11.7,-3.7,5,5,5,8,SUFFIX(어미변화)
울컥울컥대며,ulkeogulkeogdaemyeo,8,2048,2,1,2,32,1,ulkʰʌk̚ulkʰʌk̚tɛmjʌ,7,2,4,7,5,5,1250.0,5.19,2,1800.0,4.91,9,0,3,#2F4F4F,31.3,-11.7,-3.7,5,5,5,8,SUFFIX(어미변화)
울컥울컥하게,ulkeogulkeoghage,8,2048,2,1,2,32,1,ulkʰʌk̚ulkʰʌk̚hake,7,2,4,7,5,5,1250.0,5.19,2,1800.0,4.91,9,0,3,#2F4F4F,31.3,-11.7,-3.7,5,5,5,8,SUFFIX(어미변화)
울컥울컥한,ulkeogulkeoghan,8,2048,2,1,2,32,1,ulkʰʌk̚ulkʰʌk̚han,7,2,4,7,5,5,1250.0,5.19,2,1800.0,4.91,9,0,3,#2F4F4F,31.3,-11.7,-3.7,5,5,5,8,SUFFIX(어미변화)
울컥울컥스럽게,ulkeogulkeogseureopge,8,2048,2,1,2,32,1,ulkʰʌk̚ulkʰʌk̚sɯrʌp̚ke,7,2,4,7,5,5,1250.0,5.19,2,1800.0,4.91,9,0,3,#2F4F4F,31.3,-11.7,-3.7,5,5,5,8,SUFFIX(어미변화)
울컥울컥스러운,ulkeogulkeogseureoun,8,2048,2,1,2,32,1,ulkʰʌk̚ulkʰʌk̚sɯrʌun,7,2,4,7,5,5,1250.0,5.19,2,1800.0,4.91,9,0,3,#2F4F4F,31.3,-11.7,-3.7,5,5,5,8,SUFFIX(어미변화)
울컥울컥해서,ulkeogulkeoghaeseo,8,2048,2,1,2,32,1,ulkʰʌk̚ulkʰʌk̚hɛsʌ,7,2,4,7,5,5,1250.0,5.19,2,1800.0,4.91,9,0,3,#2F4F4F,31.3,-11.7,-3.7,5,5,5,8,SUFFIX(어미변화)
울컥울컥하고,ulkeogulkeoghago,8,2048,2,1,2,32,1,ulkʰʌk̚ulkʰʌk̚hako,7,2,4,7,5,5,1250.0,5.19,2,1800.0,4.91,9,0,3,#2F4F4F,31.3,-11.7,-3.7,5,5,5,8,SUFFIX(어미변화)
주르륵주르륵,jureureugjureureug,4,4096,0,1,2,8,1,tɕurɯrɯk̚tɕurɯrɯk̚,5,8,5,5,7,5,450.0,3.09,3,800.0,3.53,3,0,4,#2F4F4F,31.3,-11.7,-3.7,5,5,0,0,SINGLE(단발)
주르륵주르륵거리다,jureureugjureureuggeorida,4,4096,0,1,2,32,1,tɕurɯrɯk̚tɕurɯrɯk̚kʌrita,5,2,3,5,7,5,450.0,3.09,2,1800.0,4.91,3,0,4,#2F4F4F,31.3,-11.7,-3.7,5,5,5,8,STEM+GEORIDA
주르륵주르륵대다,jureureugjureureugdaeda,4,4096,0,1,2,32,1,tɕurɯrɯk̚tɕurɯrɯk̚tɛta,5,2,3,5,7,5,450.0,3.09,2,1800.0,4.91,3,0,4,#2F4F4F,31.3,-11.7,-3.7,5,5,5,8,STEM+DAEDA
주르륵주르륵이다,jureureugjureureugida,4,4096,0,1,2,32,1,tɕurɯrɯk̚tɕurɯrɯk̚ita,5,2,3,5,7,5,450.0,3.09,2,1800.0,4.91,3,0,4,#2F4F4F,31.3,-11.7,-3.7,5,5,5,8,STEM+IDA
주르륵주르륵하다,jureureugjureureughada,4,4096,0,1,2,32,1,tɕurɯrɯk̚tɕurɯrɯk̚hata,5,2,3,7,7,5,450.0,3.09,2,1800.0,4.91,3,0,4,#2F4F4F,31.3,-11.7,-3.7,5,5,5,8,STEM+HADA
주르륵주르륵스럽다,jureureugjureureugseureopda,4,4096,0,1,2,32,1,tɕurɯrɯk̚tɕurɯrɯk̚sɯrʌp̚ta,5,2,3,7,7,5,450.0,3.09,2,1800.0,4.91,3,0,4,#2F4F4F,31.3,-11.7,-3.7,5,5,5,8,SUFFIX(어미변화)
주르륵주르륵맞다,jureureugjureureugmajda,4,4096,0,1,2,32,1,tɕurɯrɯk̚tɕurɯrɯk̚mat̚ta,5,2,3,5,7,5,450.0,3.09,2,1800.0,4.91,3,0,4,#2F4F4F,31.3,-11.7,-3.7,5,5,5,8,SUFFIX(어미변화)
주르륵주르륵거리며,jureureugjureureuggeorimyeo,4,4096,0,1,2,32,1,tɕurɯrɯk̚tɕurɯrɯk̚kʌrimjʌ,5,2,3,5,7,5,450.0,3.09,2,1800.0,4.91,3,0,4,#2F4F4F,31.3,-11.7,-3.7,5,5,5,8,SUFFIX(어미변화)
주르륵주르륵대며,jureureugjureureugdaemyeo,4,4096,0,1,2,32,1,tɕurɯrɯk̚tɕurɯrɯk̚tɛmjʌ,5,2,3,5,7,5,450.0,3.09,2,1800.0,4.91,3,0,4,#2F4F4F,31.3,-11.7,-3.7,5,5,5,8,SUFFIX(어미변화)
주르륵주르륵하게,jureureugjureureughage,4,4096,0,1,2,32,1,tɕurɯrɯk̚tɕurɯrɯk̚hake,5,2,3,7,7,5,450.0,3.09,2,1800.0,4.91,3,0,4,#2F4F4F,31.3,-11.7,-3.7,5,5,5,8,SUFFIX(어미변화)
주르륵주르륵한,jureureugjureureughan,4,4096,0,1,2,32,1,tɕurɯrɯk̚tɕurɯrɯk̚han,5,2,3,7,5,5,450.0,3.09,2,1800.0,4.91,3,0,3,#2F4F4F,31.3,-11.7,-3.7,5,5,5,8,SUFFIX(어미변화)
주르륵주르륵스럽게,jureureugjureureugseureopge,4,4096,0,1,2,32,1,tɕurɯrɯk̚tɕurɯrɯk̚sɯrʌp̚ke,5,2,3,7,7,5,450.0,3.09,2,1800.0,4.91,3,0,4,#2F4F4F,31.3,-11.7,-3.7,5,5,5,8,SUFFIX(어미변화)
주르륵주르륵스러운,jureureugjureureugseureoun,4,4096,0,1,2,32,1,tɕurɯrɯk̚tɕurɯrɯk̚sɯrʌun,5,2,3,7,5,5,450.0,3.09,2,1800.0,4.91,3,0,3,#2F4F4F,31.3,-11.7,-3.7,5,5,5,8,SUFFIX(어미변화)
주르륵주르륵해서,jureureugjureureughaeseo,4,4096,0,1,2,32,1,tɕurɯrɯk̚tɕurɯrɯk̚hɛsʌ,5,2,3,7,7,5,450.0,3.09,2,1800.0,4.91,3,0,4,#2F4F4F,31.3,-11.7,-3.7,5,5,5,8,SUFFIX(어미변화)
주르륵주르륵하고,jureureugjureureughago,4,4096,0,1,2,32,1,tɕurɯrɯk̚tɕurɯrɯk̚hako,5,2,3,7,7,5,450.0,3.09,2,1800.0,4.91,3,0,4,#2F4F4F,31.3,-11.7,-3.7,5,5,5,8,SUFFIX(어미변화)
헐떡헐떡,heoltteogheoltteog,4,16384,2,2,2,8,1,hʌlt͈ʌk̚hʌlt͈ʌk̚,8,8,6,8,5,5,950.0,4.62,3,800.0,3.53,9,0,3,#2F4F4F,31.3,-11.7,-3.7,5,5,0,0,SINGLE(단발)
헐떡헐떡거리다,heoltteogheoltteoggeorida,4,16384,2,2,2,32,1,hʌlt͈ʌk̚hʌlt͈ʌk̚kʌrita,8,2,4,8,5,5,950.0,4.62,2,1800.0,4.91,9,0,3,#2F4F4F,31.3,-11.7,-3.7,5,5,5,8,STEM+GEORIDA
헐떡헐떡대다,heoltteogheoltteogdaeda,4,16384,2,2,2,32,1,hʌlt͈ʌk̚hʌlt͈ʌk̚tɛta,8,2,4,8,5,5,950.0,4.62,2,1800.0,4.91,9,0,3,#2F4F4F,31.3,-11.7,-3.7,5,5,5,8,STEM+DAEDA
헐떡헐떡이다,heoltteogheoltteogida,4,16384,2,2,2,32,1,hʌlt͈ʌk̚hʌlt͈ʌk̚ita,8,2,4,8,5,5,950.0,4.62,2,1800.0,4.91,9,0,3,#2F4F4F,31.3,-11.7,-3.7,5,5,5,8,STEM+IDA
헐떡헐떡하다,heoltteogheoltteoghada,4,16384,2,2,2,32,1,hʌlt͈ʌk̚hʌlt͈ʌk̚hata,8,2,4,8,5,5,950.0,4.62,2,1800.0,4.91,9,0,3,#2F4F4F,31.3,-11.7,-3.7,5,5,5,8,STEM+HADA
헐떡헐떡스럽다,heoltteogheoltteogseureopda,4,16384,2,2,2,32,1,hʌlt͈ʌk̚hʌlt͈ʌk̚sɯrʌp̚ta,8,2,4,8,5,5,950.0,4.62,2,1800.0,4.91,9,0,3,#2F4F4F,31.3,-11.7,-3.7,5,5,5,8,SUFFIX(어미변화)
헐떡헐떡맞다,heoltteogheoltteogmajda,4,16384,2,2,2,32,1,hʌlt͈ʌk̚hʌlt͈ʌk̚mat̚ta,8,2,4,8,5,5,950.0,4.62,2,1800.0,4.91,9,0,3,#2F4F4F,31.3,-11.7,-3.7,5,5,5,8,SUFFIX(어미변화)
헐떡헐떡거리며,heoltteogheoltteoggeorimyeo,4,16384,2,2,2,32,1,hʌlt͈ʌk̚hʌlt͈ʌk̚kʌrimjʌ,8,2,4,8,5,5,950.0,4.62,2,1800.0,4.91,9,0,3,#2F4F4F,31.3,-11.7,-3.7,5,5,5,8,SUFFIX(어미변화)
헐떡헐떡대며,heoltteogheoltteogdaemyeo,4,16384,2,2,2,32,1,hʌlt͈ʌk̚hʌlt͈ʌk̚tɛmjʌ,8,2,4,8,5,5,950.0,4.62,2,1800.0,4.91,9,0,3,#2F4F4F,31.3,-11.7,-3.7,5,5,5,8,SUFFIX(어미변화)
헐떡헐떡하게,heoltteogheoltteoghage,4,16384,2,2,2,32,1,hʌlt͈ʌk̚hʌlt͈ʌk̚hake,8,2,4,8,5,5,950.0,4.62,2,1800.0,4.91,9,0,3,#2F4F4F,31.3,-11.7,-3.7,5,5,5,8,SUFFIX(어미변화)
헐떡헐떡한,heoltteogheoltteoghan,4,16384,2,2,2,32,1,hʌlt͈ʌk̚hʌlt͈ʌk̚han,8,2,4,8,5,5,950.0,4.62,2,1800.0,4.91,9,0,3,#2F4F4F,31.3,-11.7,-3.7,5,5,5,8,SUFFIX(어미변화)
헐떡헐떡스럽게,heoltteogheoltteogseureopge,4,16384,2,2,2,32,1,hʌlt͈ʌk̚hʌlt͈ʌk̚sɯrʌp̚ke,8,2,4,8,5,5,950.0,4.62,2,1800.0,4.91,9,0,3,#2F4F4F,31.3,-11.7,-3.7,5,5,5,8,SUFFIX(어미변화)
헐떡헐떡스러운,heoltteogheoltteogseureoun,4,16384,2,2,2,32,1,hʌlt͈ʌk̚hʌlt͈ʌk̚sɯrʌun,8,2,4,8,5,5,950.0,4.62,2,1800.0,4.91,9,0,3,#2F4F4F,31.3,-11.7,-3.7,5,5,5,8,SUFFIX(어미변화)
헐떡헐떡해서,heoltteogheoltteoghaeseo,4,16384,2,2,2,32,1,hʌlt͈ʌk̚hʌlt͈ʌk̚hɛsʌ,8,2,4,8,5,5,950.0,4.62,2,1800.0,4.91,9,0,3,#2F4F4F,31.3,-11.7,-3.7,5,5,5,8,SUFFIX(어미변화)
헐떡헐떡하고,heoltteogheoltteoghago,4,16384,2,2,2,32,1,hʌlt͈ʌk̚hʌlt͈ʌk̚hako,8,2,4,8,5,5,950.0,4.62,2,1800.0,4.91,9,0,3,#2F4F4F,31.3,-11.7,-3.7,5,5,5,8,SUFFIX(어미변화)
헐떡거리다,heoltteoggeorida,4,16384,2,2,2,8,1,hʌlt͈ʌk̚kʌrita,8,8,6,8,5,5,950.0,4.62,3,800.0,3.53,9,0,3,#2F4F4F,31.3,-11.7,-3.7,5,5,0,0,STEM+GEORIDA
헐떡대다,heoltteogdaeda,4,16384,2,2,2,32,1,hʌlt͈ʌk̚tɛta,8,2,4,8,5,5,950.0,4.62,2,1800.0,4.91,9,0,3,#2F4F4F,31.3,-11.7,-3.7,5,5,5,8,STEM+DAEDA
헐떡이다,heoltteogida,4,16384,2,2,2,32,1,hʌlt͈ʌk̚ita,8,2,4,8,5,5,950.0,4.62,2,1800.0,4.91,9,0,3,#2F4F4F,31.3,-11.7,-3.7,5,5,5,8,STEM+IDA
헐떡하다,heoltteoghada,4,16384,2,2,2,32,1,hʌlt͈ʌk̚hata,8,2,4,8,5,5,950.0,4.62,2,1800.0,4.91,9,0,3,#2F4F4F,31.3,-11.7,-3.7,5,5,5,8,STEM+HADA
헐떡스럽다,heoltteogseureopda,4,16384,2,2,2,32,1,hʌlt͈ʌk̚sɯrʌp̚ta,8,2,4,8,5,5,950.0,4.62,2,1800.0,4.91,9,0,3,#2F4F4F,31.3,-11.7,-3.7,5,5,5,8,SUFFIX(어미변화)
헐떡맞다,heoltteogmajda,4,16384,2,2,2,32,1,hʌlt͈ʌk̚mat̚ta,8,2,4,8,5,5,950.0,4.62,2,1800.0,4.91,9,0,3,#2F4F4F,31.3,-11.7,-3.7,5,5,5,8,SUFFIX(어미변화)
헐떡거리며,heoltteoggeorimyeo,4,16384,2,2,2,32,1,hʌlt͈ʌk̚kʌrimjʌ,8,2,4,8,5,5,950.0,4.62,2,1800.0,4.91,9,0,3,#2F4F4F,31.3,-11.7,-3.7,5,5,5,8,SUFFIX(어미변화)
헐떡대며,heoltteogdaemyeo,4,16384,2,2,2,32,1,hʌlt͈ʌk̚tɛmjʌ,8,2,4,8,5,5,950.0,4.62,2,1800.0,4.91,9,0,3,#2F4F4F,31.3,-11.7,-3.7,5,5,5,8,SUFFIX(어미변화)
헐떡하게,heoltteoghage,4,16384,2,2,2,32,1,hʌlt͈ʌk̚hake,8,2,4,8,5,5,950.0,4.62,2,1800.0,4.91,9,0,3,#2F4F4F,31.3,-11.7,-3.7,5,5,5,8,SUFFIX(어미변화)
헐떡한,heoltteoghan,4,16384,2,2,2,32,1,hʌlt͈ʌk̚han,8,2,4,8,5,5,950.0,4.62,2,1800.0,4.91,9,0,3,#2F4F4F,31.3,-11.7,-3.7,5,5,5,8,SUFFIX(어미변화)
헐떡스럽게,heoltteogseureopge,4,16384,2,2,2,32,1,hʌlt͈ʌk̚sɯrʌp̚ke,8,2,4,8,5,5,950.0,4.62,2,1800.0,4.91,9,0,3,#2F4F4F,31.3,-11.7,-3.7,5,5,5,8,SUFFIX(어미변화)
헐떡스러운,heoltteogseureoun,4,16384,2,2,2,32,1,hʌlt͈ʌk̚sɯrʌun,8,2,4,8,5,5,950.0,4.62,2,1800.0,4.91,9,0,3,#2F4F4F,31.3,-11.7,-3.7,5,5,5,8,SUFFIX(어미변화)
헐떡해서,heoltteoghaeseo,4,16384,2,2,2,32,1,hʌlt͈ʌk̚hɛsʌ,8,2,4,8,5,5,950.0,4.62,2,1800.0,4.91,9,0,3,#2F4F4F,31.3,-11.7,-3.7,5,5,5,8,SUFFIX(어미변화)
헐떡하고,heoltteoghago,4,16384,2,2,2,32,1,hʌlt͈ʌk̚hako,8,2,4,8,5,5,950.0,4.62,2,1800.0,4.91,9,0,3,#2F4F4F,31.3,-11.7,-3.7,5,5,5,8,SUFFIX(어미변화)
헐떡하며,heoltteoghamyeo,4,16384,2,2,2,8,1,hʌlt͈ʌk̚hamjʌ,8,8,6,8,5,5,950.0,4.62,3,800.0,3.53,9,0,3,#2F4F4F,31.3,-11.7,-3.7,5,5,0,0,SINGLE(단발)
헐떡하며거리다,heoltteoghamyeogeorida,4,16384,2,2,2,32,1,hʌlt͈ʌk̚hamjʌkʌrita,8,2,4,8,5,5,950.0,4.62,2,1800.0,4.91,9,0,3,#2F4F4F,31.3,-11.7,-3.7,5,5,5,8,STEM+GEORIDA
헐떡하며대다,heoltteoghamyeodaeda,4,16384,2,2,2,32,1,hʌlt͈ʌk̚hamjʌtɛta,8,2,4,8,5,5,950.0,4.62,2,1800.0,4.91,9,0,3,#2F4F4F,31.3,-11.7,-3.7,5,5,5,8,STEM+DAEDA
헐떡하며이다,heoltteoghamyeoida,4,16384,2,2,2,32,1,hʌlt͈ʌk̚hamjʌita,8,2,4,8,5,5,950.0,4.62,2,1800.0,4.91,9,0,3,#2F4F4F,31.3,-11.7,-3.7,5,5,5,8,STEM+IDA
헐떡하며하다,heoltteoghamyeohada,4,16384,2,2,2,32,1,hʌlt͈ʌk̚hamjʌhata,8,2,4,8,5,5,950.0,4.62,2,1800.0,4.91,9,0,3,#2F4F4F,31.3,-11.7,-3.7,5,5,5,8,STEM+HADA
헐떡하며스럽다,heoltteoghamyeoseureopda,4,16384,2,2,2,32,1,hʌlt͈ʌk̚hamjʌsɯrʌp̚ta,8,2,4,8,5,5,950.0,4.62,2,1800.0,4.91,9,0,3,#2F4F4F,31.3,-11.7,-3.7,5,5,5,8,SUFFIX(어미변화)
헐떡하며맞다,heoltteoghamyeomajda,4,16384,2,2,2,32,1,hʌlt͈ʌk̚hamjʌmat̚ta,8,2,4,8,5,5,950.0,4.62,2,1800.0,4.91,9,0,3,#2F4F4F,31.3,-11.7,-3.7,5,5,5,8,SUFFIX(어미변화)
헐떡하며거리며,heoltteoghamyeogeorimyeo,4,16384,2,2,2,32,1,hʌlt͈ʌk̚hamjʌkʌrimjʌ,8,2,4,8,5,5,950.0,4.62,2,1800.0,4.91,9,0,3,#2F4F4F,31.3,-11.7,-3.7,5,5,5,8,SUFFIX(어미변화)
헐떡하며대며,heoltteoghamyeodaemyeo,4,16384,2,2,2,32,1,hʌlt͈ʌk̚hamjʌtɛmjʌ,8,2,4,8,5,5,950.0,4.62,2,1800.0,4.91,9,0,3,#2F4F4F,31.3,-11.7,-3.7,5,5,5,8,SUFFIX(어미변화)
헐떡하며하게,heoltteoghamyeohage,4,16384,2,2,2,32,1,hʌlt͈ʌk̚hamjʌhake,8,2,4,8,5,5,950.0,4.62,2,1800.0,4.91,9,0,3,#2F4F4F,31.3,-11.7,-3.7,5,5,5,8,SUFFIX(어미변화)
헐떡하며한,heoltteoghamyeohan,4,16384,2,2,2,32,1,hʌlt͈ʌk̚hamjʌhan,8,2,4,8,5,5,950.0,4.62,2,1800.0,4.91,9,0,3,#2F4F4F,31.3,-11.7,-3.7,5,5,5,8,SUFFIX(어미변화)
헐떡하며스럽게,heoltteoghamyeoseureopge,4,16384,2,2,2,32,1,hʌlt͈ʌk̚hamjʌsɯrʌp̚ke,8,2,4,8,5,5,950.0,4.62,2,1800.0,4.91,9,0,3,#2F4F4F,31.3,-11.7,-3.7,5,5,5,8,SUFFIX(어미변화)
헐떡하며스러운,heoltteoghamyeoseureoun,4,16384,2,2,2,32,1,hʌlt͈ʌk̚hamjʌsɯrʌun,8,2,4,8,5,5,950.0,4.62,2,1800.0,4.91,9,0,3,#2F4F4F,31.3,-11.7,-3.7,5,5,5,8,SUFFIX(어미변화)
헐떡하며해서,heoltteoghamyeohaeseo,4,16384,2,2,2,32,1,hʌlt͈ʌk̚hamjʌhɛsʌ,8,2,4,8,5,5,950.0,4.62,2,1800.0,4.91,9,0,3,#2F4F4F,31.3,-11.7,-3.7,5,5,5,8,SUFFIX(어미변화)
헐떡하며하고,heoltteoghamyeohago,4,16384,2,2,2,32,1,hʌlt͈ʌk̚hamjʌhako,8,2,4,8,5,5,950.0,4.62,2,1800.0,4.91,9,0,3,#2F4F4F,31.3,-11.7,-3.7,5,5,5,8,SUFFIX(어미변화)
헐떡한헐떡한,heoltteoghanheoltteoghan,4,16384,2,2,2,1,1,hʌlt͈ʌk̚hanhʌlt͈ʌk̚han,8,7,6,8,5,5,950.0,4.62,2,3200.0,5.89,9,0,3,#2F4F4F,31.3,-11.7,-3.7,5,5,5,1,REDUP(첩어・동일)
헐떡한헐떡한헐떡한,heoltteoghanheoltteoghanheoltteoghan,4,16384,2,2,2,1,1,hʌlt͈ʌk̚hanhʌlt͈ʌk̚hanhʌlt͈ʌk̚han,8,7,6,8,5,5,950.0,4.62,2,3200.0,5.89,9,0,3,#2F4F4F,31.3,-11.7,-3.7,5,5,5,1,REDUP(첩어・동일)
헐떡한거리다,heoltteoghangeorida,4,16384,2,2,2,32,1,hʌlt͈ʌk̚hankʌrita,8,2,4,8,5,5,950.0,4.62,2,1800.0,4.91,9,0,3,#2F4F4F,31.3,-11.7,-3.7,5,5,5,8,STEM+GEORIDA
헐떡한헐떡한거리다,heoltteoghanheoltteoghangeorida,4,16384,2,2,2,33,1,hʌlt͈ʌk̚hanhʌlt͈ʌk̚hankʌrita,8,4,4,8,5,5,950.0,4.62,2,3200.0,5.89,9,0,3,#2F4F4F,31.3,-11.7,-3.7,5,5,5,1,STEM+GEORIDA
헐떡한대다,heoltteoghandaeda,4,16384,2,2,2,32,1,hʌlt͈ʌk̚hantɛta,8,2,4,8,5,5,950.0,4.62,2,1800.0,4.91,9,0,3,#2F4F4F,31.3,-11.7,-3.7,5,5,5,8,STEM+DAEDA
헐떡한헐떡한대다,heoltteoghanheoltteoghandaeda,4,16384,2,2,2,33,1,hʌlt͈ʌk̚hanhʌlt͈ʌk̚hantɛta,8,4,4,8,5,5,950.0,4.62,2,3200.0,5.89,9,0,3,#2F4F4F,31.3,-11.7,-3.7,5,5,5,1,STEM+DAEDA
헐떡한이다,heoltteoghanida,4,16384,2,2,2,32,1,hʌlt͈ʌk̚hanita,8,2,4,8,5,5,950.0,4.62,2,1800.0,4.91,9,0,3,#2F4F4F,31.3,-11.7,-3.7,5,5,5,8,STEM+IDA
헐떡한헐떡한이다,heoltteoghanheoltteoghanida,4,16384,2,2,2,33,1,hʌlt͈ʌk̚hanhʌlt͈ʌk̚hanita,8,4,4,8,5,5,950.0,4.62,2,3200.0,5.89,9,0,3,#2F4F4F,31.3,-11.7,-3.7,5,5,5,1,STEM+IDA
헐떡한하다,heoltteoghanhada,4,16384,2,2,2,32,1,hʌlt͈ʌk̚hanhata,8,2,4,8,5,5,950.0,4.62,2,1800.0,4.91,9,0,3,#2F4F4F,31.3,-11.7,-3.7,5,5,5,8,STEM+HADA
헐떡한헐떡한하다,heoltteoghanheoltteoghanhada,4,16384,2,2,2,33,1,hʌlt͈ʌk̚hanhʌlt͈ʌk̚hanhata,8,4,4,8,5,5,950.0,4.62,2,3200.0,5.89,9,0,3,#2F4F4F,31.3,-11.7,-3.7,5,5,5,1,STEM+HADA
헐떡한스럽다,heoltteoghanseureopda,4,16384,2,2,2,32,1,hʌlt͈ʌk̚hansɯrʌp̚ta,8,2,4,8,5,5,950.0,4.62,2,1800.0,4.91,9,0,3,#2F4F4F,31.3,-11.7,-3.7,5,5,5,8,SUFFIX(어미변화)
헐떡한헐떡한스럽다,heoltteoghanheoltteoghanseureopda,4,16384,2,2,2,33,1,hʌlt͈ʌk̚hanhʌlt͈ʌk̚hansɯrʌp̚ta,8,4,4,8,5,5,950.0,4.62,2,3200.0,5.89,9,0,3,#2F4F4F,31.3,-11.7,-3.7,5,5,5,1,REDUP(첩어・동일)
헐떡한맞다,heoltteoghanmajda,4,16384,2,2,2,32,1,hʌlt͈ʌk̚hanmat̚ta,8,2,4,8,5,5,950.0,4.62,2,1800.0,4.91,9,0,3,#2F4F4F,31.3,-11.7,-3.7,5,5,5,8,SUFFIX(어미변화)
헐떡한헐떡한맞다,heoltteoghanheoltteoghanmajda,4,16384,2,2,2,33,1,hʌlt͈ʌk̚hanhʌlt͈ʌk̚hanmat̚ta,8,4,4,8,5,5,950.0,4.62,2,3200.0,5.89,9,0,3,#2F4F4F,31.3,-11.7,-3.7,5,5,5,1,REDUP(첩어・동일)
헐떡한거리며,heoltteoghangeorimyeo,4,16384,2,2,2,32,1,hʌlt͈ʌk̚hankʌrimjʌ,8,2,4,8,5,5,950.0,4.62,2,1800.0,4.91,9,0,3,#2F4F4F,31.3,-11.7,-3.7,5,5,5,8,SUFFIX(어미변화)
헐떡한헐떡한거리며,heoltteoghanheoltteoghangeorimyeo,4,16384,2,2,2,33,1,hʌlt͈ʌk̚hanhʌlt͈ʌk̚hankʌrimjʌ,8,4,4,8,5,5,950.0,4.62,2,3200.0,5.89,9,0,3,#2F4F4F,31.3,-11.7,-3.7,5,5,5,1,REDUP(첩어・동일)
헐떡한대며,heoltteoghandaemyeo,4,16384,2,2,2,32,1,hʌlt͈ʌk̚hantɛmjʌ,8,2,4,8,5,5,950.0,4.62,2,1800.0,4.91,9,0,3,#2F4F4F,31.3,-11.7,-3.7,5,5,5,8,SUFFIX(어미변화)
헐떡한헐떡한대며,heoltteoghanheoltteoghandaemyeo,4,16384,2,2,2,33,1,hʌlt͈ʌk̚hanhʌlt͈ʌk̚hantɛmjʌ,8,4,4,8,5,5,950.0,4.62,2,3200.0,5.89,9,0,3,#2F4F4F,31.3,-11.7,-3.7,5,5,5,1,REDUP(첩어・동일)
헐떡한하게,heoltteoghanhage,4,16384,2,2,2,32,1,hʌlt͈ʌk̚hanhake,8,2,4,8,5,5,950.0,4.62,2,1800.0,4.91,9,0,3,#2F4F4F,31.3,-11.7,-3.7,5,5,5,8,SUFFIX(어미변화)
헐떡한헐떡한하게,heoltteoghanheoltteoghanhage,4,16384,2,2,2,33,1,hʌlt͈ʌk̚hanhʌlt͈ʌk̚hanhake,8,4,4,8,5,5,950.0,4.62,2,3200.0,5.89,9,0,3,#2F4F4F,31.3,-11.7,-3.7,5,5,5,1,REDUP(첩어・동일)
헐떡한한,heoltteoghanhan,4,16384,2,2,2,32,1,hʌlt͈ʌk̚hanhan,8,2,4,8,5,5,950.0,4.62,2,1800.0,4.91,9,0,3,#2F4F4F,31.3,-11.7,-3.7,5,5,5,8,SUFFIX(어미변화)
헐떡한헐떡한한,heoltteoghanheoltteoghanhan,4,16384,2,2,2,33,1,hʌlt͈ʌk̚hanhʌlt͈ʌk̚hanhan,8,4,4,8,5,5,950.0,4.62,2,3200.0,5.89,9,0,3,#2F4F4F,31.3,-11.7,-3.7,5,5,5,1,REDUP(첩어・동일)
헐떡한스럽게,heoltteoghanseureopge,4,16384,2,2,2,32,1,hʌlt͈ʌk̚hansɯrʌp̚ke,8,2,4,8,5,5,950.0,4.62,2,1800.0,4.91,9,0,3,#2F4F4F,31.3,-11.7,-3.7,5,5,5,8,SUFFIX(어미변화)
헐떡한헐떡한스럽게,heoltteoghanheoltteoghanseureopge,4,16384,2,2,2,33,1,hʌlt͈ʌk̚hanhʌlt͈ʌk̚hansɯrʌp̚ke,8,4,4,8,5,5,950.0,4.62,2,3200.0,5.89,9,0,3,#2F4F4F,31.3,-11.7,-3.7,5,5,5,1,REDUP(첩어・동일)
헐떡한스러운,heoltteoghanseureoun,4,16384,2,2,2,32,1,hʌlt͈ʌk̚hansɯrʌun,8,2,4,8,5,5,950.0,4.62,2,1800.0,4.91,9,0,3,#2F4F4F,31.3,-11.7,-3.7,5,5,5,8,SUFFIX(어미변화)
헐떡한헐떡한스러운,heoltteoghanheoltteoghanseureoun,4,16384,2,2,2,33,1,hʌlt͈ʌk̚hanhʌlt͈ʌk̚hansɯrʌun,8,4,4,8,5,5,950.0,4.62,2,3200.0,5.89,9,0,3,#2F4F4F,31.3,-11.7,-3.7,5,5,5,1,REDUP(첩어・동일)
헐떡한해서,heoltteoghanhaeseo,4,16384,2,2,2,32,1,hʌlt͈ʌk̚hanhɛsʌ,8,2,4,8,5,5,950.0,4.62,2,1800.0,4.91,9,0,3,#2F4F4F,31.3,-11.7,-3.7,5,5,5,8,SUFFIX(어미변화)
헐떡한헐떡한해서,heoltteoghanheoltteoghanhaeseo,4,16384,2,2,2,33,1,hʌlt͈ʌk̚hanhʌlt͈ʌk̚hanhɛsʌ,8,4,4,8,5,5,950.0,4.62,2,3200.0,5.89,9,0,3,#2F4F4F,31.3,-11.7,-3.7,5,5,5,1,REDUP(첩어・동일)
헐떡한하고,heoltteoghanhago,4,16384,2,2,2,32,1,hʌlt͈ʌk̚hanhako,8,2,4,8,5,5,950.0,4.62,2,1800.0,4.91,9,0,3,#2F4F4F,31.3,-11.7,-3.7,5,5,5,8,SUFFIX(어미변화)
헐떡한헐떡한하고,heoltteoghanheoltteoghanhago,4,16384,2,2,2,33,1,hʌlt͈ʌk̚hanhʌlt͈ʌk̚hanhako,8,4,4,8,5,5,950.0,4.62,2,3200.0,5.89,9,0,3,#2F4F4F,31.3,-11.7,-3.7,5,5,5,1,REDUP(첩어・동일)
헐떡거리며거리다,heoltteoggeorimyeogeorida,4,16384,2,2,2,32,1,hʌlt͈ʌk̚kʌrimjʌkʌrita,8,2,4,8,5,5,950.0,4.62,2,1800.0,4.91,9,0,3,#2F4F4F,31.3,-11.7,-3.7,5,5,5,8,STEM+GEORIDA
헐떡거리며대다,heoltteoggeorimyeodaeda,4,16384,2,2,2,32,1,hʌlt͈ʌk̚kʌrimjʌtɛta,8,2,4,8,5,5,950.0,4.62,2,1800.0,4.91,9,0,3,#2F4F4F,31.3,-11.7,-3.7,5,5,5,8,STEM+DAEDA
헐떡거리며이다,heoltteoggeorimyeoida,4,16384,2,2,2,32,1,hʌlt͈ʌk̚kʌrimjʌita,8,2,4,8,5,5,950.0,4.62,2,1800.0,4.91,9,0,3,#2F4F4F,31.3,-11.7,-3.7,5,5,5,8,STEM+IDA
헐떡거리며하다,heoltteoggeorimyeohada,4,16384,2,2,2,32,1,hʌlt͈ʌk̚kʌrimjʌhata,8,2,4,8,5,5,950.0,4.62,2,1800.0,4.91,9,0,3,#2F4F4F,31.3,-11.7,-3.7,5,5,5,8,STEM+HADA
헐떡거리며스럽다,heoltteoggeorimyeoseureopda,4,16384,2,2,2,32,1,hʌlt͈ʌk̚kʌrimjʌsɯrʌp̚ta,8,2,4,8,5,5,950.0,4.62,2,1800.0,4.91,9,0,3,#2F4F4F,31.3,-11.7,-3.7,5,5,5,8,SUFFIX(어미변화)
헐떡거리며맞다,heoltteoggeorimyeomajda,4,16384,2,2,2,32,1,hʌlt͈ʌk̚kʌrimjʌmat̚ta,8,2,4,8,5,5,950.0,4.62,2,1800.0,4.91,9,0,3,#2F4F4F,31.3,-11.7,-3.7,5,5,5,8,SUFFIX(어미변화)
헐떡거리며거리며,heoltteoggeorimyeogeorimyeo,4,16384,2,2,2,32,1,hʌlt͈ʌk̚kʌrimjʌkʌrimjʌ,8,2,4,8,5,5,950.0,4.62,2,1800.0,4.91,9,0,3,#2F4F4F,31.3,-11.7,-3.7,5,5,5,8,SUFFIX(어미변화)
헐떡거리며대며,heoltteoggeorimyeodaemyeo,4,16384,2,2,2,32,1,hʌlt͈ʌk̚kʌrimjʌtɛmjʌ,8,2,4,8,5,5,950.0,4.62,2,1800.0,4.91,9,0,3,#2F4F4F,31.3,-11.7,-3.7,5,5,5,8,SUFFIX(어미변화)
헐떡거리며하게,heoltteoggeorimyeohage,4,16384,2,2,2,32,1,hʌlt͈ʌk̚kʌrimjʌhake,8,2,4,8,5,5,950.0,4.62,2,1800.0,4.91,9,0,3,#2F4F4F,31.3,-11.7,-3.7,5,5,5,8,SUFFIX(어미변화)
헐떡거리며한,heoltteoggeorimyeohan,4,16384,2,2,2,32,1,hʌlt͈ʌk̚kʌrimjʌhan,8,2,4,8,5,5,950.0,4.62,2,1800.0,4.91,9,0,3,#2F4F4F,31.3,-11.7,-3.7,5,5,5,8,SUFFIX(어미변화)
헐떡거리며스럽게,heoltteoggeorimyeoseureopge,4,16384,2,2,2,32,1,hʌlt͈ʌk̚kʌrimjʌsɯrʌp̚ke,8,2,4,8,5,5,950.0,4.62,2,1800.0,4.91,9,0,3,#2F4F4F,31.3,-11.7,-3.7,5,5,5,8,SUFFIX(어미변화)
헐떡거리며스러운,heoltteoggeorimyeoseureoun,4,16384,2,2,2,32,1,hʌlt͈ʌk̚kʌrimjʌsɯrʌun,8,2,4,8,5,5,950.0,4.62,2,1800.0,4.91,9,0,3,#2F4F4F,31.3,-11.7,-3.7,5,5,5,8,SUFFIX(어미변화)
헐떡거리며해서,heoltteoggeorimyeohaeseo,4,16384,2,2,2,32,1,hʌlt͈ʌk̚kʌrimjʌhɛsʌ,8,2,4,8,5,5,950.0,4.62,2,1800.0,4.91,9,0,3,#2F4F4F,31.3,-11.7,-3.7,5,5,5,8,SUFFIX(어미변화)
헐떡거리며하고,heoltteoggeorimyeohago,4,16384,2,2,2,32,1,hʌlt͈ʌk̚kʌrimjʌhako,8,2,4,8,5,5,950.0,4.62,2,1800.0,4.91,9,0,3,#2F4F4F,31.3,-11.7,-3.7,5,5,5,8,SUFFIX(어미변화)
헐떡대며거리다,heoltteogdaemyeogeorida,4,16384,2,2,2,32,1,hʌlt͈ʌk̚tɛmjʌkʌrita,8,2,4,8,5,5,950.0,4.62,2,1800.0,4.91,9,0,3,#2F4F4F,31.3,-11.7,-3.7,5,5,5,8,STEM+GEORIDA
헐떡대며대다,heoltteogdaemyeodaeda,4,16384,2,2,2,32,1,hʌlt͈ʌk̚tɛmjʌtɛta,8,2,4,8,5,5,950.0,4.62,2,1800.0,4.91,9,0,3,#2F4F4F,31.3,-11.7,-3.7,5,5,5,8,STEM+DAEDA
헐떡대며이다,heoltteogdaemyeoida,4,16384,2,2,2,32,1,hʌlt͈ʌk̚tɛmjʌita,8,2,4,8,5,5,950.0,4.62,2,1800.0,4.91,9,0,3,#2F4F4F,31.3,-11.7,-3.7,5,5,5,8,STEM+IDA
헐떡대며하다,heoltteogdaemyeohada,4,16384,2,2,2,32,1,hʌlt͈ʌk̚tɛmjʌhata,8,2,4,8,5,5,950.0,4.62,2,1800.0,4.91,9,0,3,#2F4F4F,31.3,-11.7,-3.7,5,5,5,8,STEM+HADA
헐떡대며스럽다,heoltteogdaemyeoseureopda,4,16384,2,2,2,32,1,hʌlt͈ʌk̚tɛmjʌsɯrʌp̚ta,8,2,4,8,5,5,950.0,4.62,2,1800.0,4.91,9,0,3,#2F4F4F,31.3,-11.7,-3.7,5,5,5,8,SUFFIX(어미변화)
헐떡대며맞다,heoltteogdaemyeomajda,4,16384,2,2,2,32,1,hʌlt͈ʌk̚tɛmjʌmat̚ta,8,2,4,8,5,5,950.0,4.62,2,1800.0,4.91,9,0,3,#2F4F4F,31.3,-11.7,-3.7,5,5,5,8,SUFFIX(어미변화)
헐떡대며거리며,heoltteogdaemyeogeorimyeo,4,16384,2,2,2,32,1,hʌlt͈ʌk̚tɛmjʌkʌrimjʌ,8,2,4,8,5,5,950.0,4.62,2,1800.0,4.91,9,0,3,#2F4F4F,31.3,-11.7,-3.7,5,5,5,8,SUFFIX(어미변화)
헐떡대며대며,heoltteogdaemyeodaemyeo,4,16384,2,2,2,32,1,hʌlt͈ʌk̚tɛmjʌtɛmjʌ,8,2,4,8,5,5,950.0,4.62,2,1800.0,4.91,9,0,3,#2F4F4F,31.3,-11.7,-3.7,5,5,5,8,SUFFIX(어미변화)
헐떡대며하게,heoltteogdaemyeohage,4,16384,2,2,2,32,1,hʌlt͈ʌk̚tɛmjʌhake,8,2,4,8,5,5,950.0,4.62,2,1800.0,4.91,9,0,3,#2F4F4F,31.3,-11.7,-3.7,5,5,5,8,SUFFIX(어미변화)
헐떡대며한,heoltteogdaemyeohan,4,16384,2,2,2,32,1,hʌlt͈ʌk̚tɛmjʌhan,8,2,4,8,5,5,950.0,4.62,2,1800.0,4.91,9,0,3,#2F4F4F,31.3,-11.7,-3.7,5,5,5,8,SUFFIX(어미변화)
헐떡대며스럽게,heoltteogdaemyeoseureopge,4,16384,2,2,2,32,1,hʌlt͈ʌk̚tɛmjʌsɯrʌp̚ke,8,2,4,8,5,5,950.0,4.62,2,1800.0,4.91,9,0,3,#2F4F4F,31.3,-11.7,-3.7,5,5,5,8,SUFFIX(어미변화)
헐떡대며스러운,heoltteogdaemyeoseureoun,4,16384,2,2,2,32,1,hʌlt͈ʌk̚tɛmjʌsɯrʌun,8,2,4,8,5,5,950.0,4.62,2,1800.0,4.91,9,0,3,#2F4F4F,31.3,-11.7,-3.7,5,5,5,8,SUFFIX(어미변화)
헐떡대며해서,heoltteogdaemyeohaeseo,4,16384,2,2,2,32,1,hʌlt͈ʌk̚tɛmjʌhɛsʌ,8,2,4,8,5,5,950.0,4.62,2,1800.0,4.91,9,0,3,#2F4F4F,31.3,-11.7,-3.7,5,5,5,8,SUFFIX(어미변화)
헐떡대며하고,heoltteogdaemyeohago,4,16384,2,2,2,32,1,hʌlt͈ʌk̚tɛmjʌhako,8,2,4,8,5,5,950.0,4.62,2,1800.0,4.91,9,0,3,#2F4F4F,31.3,-11.7,-3.7,5,5,5,8,SUFFIX(어미변화)
살짝 달랑,saljjag dalrang,4,8,0,1,1,40,1,saltɕ͈ak̚ talraŋ,4,2,6,8,5,5,2600.0,6.69,8,1800.0,4.91,5,0,3,#FFD700,86.9,-1.9,87.1,5,5,5,8,SUFFIX(어미변화)
슬쩍 달랑,seuljjeog dalrang,4,8,0,1,1,40,1,sɯltɕ͈ʌk̚ talraŋ,4,2,6,8,5,5,2600.0,6.69,8,1800.0,4.91,5,0,3,#FFD700,86.9,-1.9,87.1,5,5,5,8,SUFFIX(어미변화)
선뜻 달랑,seontteus dalrang,4,8,0,1,1,40,1,sʌnt͈ɯs̚ talraŋ,4,2,6,8,5,5,2600.0,6.69,8,1800.0,4.91,5,0,3,#FFD700,86.9,-1.9,87.1,5,5,5,8,SUFFIX(어미변화)
단번에 달랑,danbeone dalrang,4,8,0,1,1,40,1,tanpʌne talraŋ,1,2,5,5,2,5,2100.0,6.25,8,1800.0,4.91,3,0,2,#FFD700,86.9,-1.9,87.1,5,5,5,8,SUFFIX(어미변화)
한번에 달랑,hanbeone dalrang,4,8,0,1,1,40,1,hanpʌne talraŋ,1,2,5,7,2,5,2100.0,6.25,8,1800.0,4.91,3,0,2,#FFD700,86.9,-1.9,87.1,5,5,5,8,SUFFIX(어미변화)
살짝 달랑달랑,saljjag dalrangdalrang,4,8,0,1,1,33,1,saltɕ͈ak̚ talraŋtalraŋ,4,4,6,8,5,5,2600.0,6.69,8,3200.0,5.89,5,0,3,#FFD700,86.9,-1.9,87.1,5,5,5,1,REDUP(첩어・동일)
슬쩍 달랑달랑,seuljjeog dalrangdalrang,4,8,0,1,1,33,1,sɯltɕ͈ʌk̚ talraŋtalraŋ,4,4,6,8,5,5,2600.0,6.69,8,3200.0,5.89,5,0,3,#FFD700,86.9,-1.9,87.1,5,5,5,1,REDUP(첩어・동일)
선뜻 달랑달랑,seontteus dalrangdalrang,4,8,0,1,1,33,1,sʌnt͈ɯs̚ talraŋtalraŋ,4,4,6,8,5,5,2600.0,6.69,8,3200.0,5.89,5,0,3,#FFD700,86.9,-1.9,87.1,5,5,5,1,REDUP(첩어・동일)
단번에 달랑달랑,danbeone dalrangdalrang,4,8,0,1,1,33,1,tanpʌne talraŋtalraŋ,1,4,5,5,2,5,2100.0,6.25,8,3200.0,5.89,3,0,2,#FFD700,86.9,-1.9,87.1,5,5,5,1,REDUP(첩어・동일)
한번에 달랑달랑,hanbeone dalrangdalrang,4,8,0,1,1,33,1,hanpʌne talraŋtalraŋ,1,4,5,7,2,5,2100.0,6.25,8,3200.0,5.89,3,0,2,#FFD700,86.9,-1.9,87.1,5,5,5,1,REDUP(첩어・동일)
살짝 달랑달랑달랑,saljjag dalrangdalrangdalrang,4,8,0,1,1,33,1,saltɕ͈ak̚ talraŋtalraŋtalraŋ,4,4,6,8,5,5,2600.0,6.69,8,3200.0,5.89,5,0,3,#FFD700,86.9,-1.9,87.1,5,5,5,1,REDUP(첩어・동일)
슬쩍 달랑달랑달랑,seuljjeog dalrangdalrangdalrang,4,8,0,1,1,33,1,sɯltɕ͈ʌk̚ talraŋtalraŋtalraŋ,4,4,6,8,5,5,2600.0,6.69,8,3200.0,5.89,5,0,3,#FFD700,86.9,-1.9,87.1,5,5,5,1,REDUP(첩어・동일)
선뜻 달랑달랑달랑,seontteus dalrangdalrangdalrang,4,8,0,1,1,33,1,sʌnt͈ɯs̚ talraŋtalraŋtalraŋ,4,4,6,8,5,5,2600.0,6.69,8,3200.0,5.89,5,0,3,#FFD700,86.9,-1.9,87.1,5,5,5,1,REDUP(첩어・동일)
단번에 달랑달랑달랑,danbeone dalrangdalrangdalrang,4,8,0,1,1,33,1,tanpʌne talraŋtalraŋtalraŋ,1,4,5,5,2,5,2100.0,6.25,8,3200.0,5.89,3,0,2,#FFD700,86.9,-1.9,87.1,5,5,5,1,REDUP(첩어・동일)
한번에 달랑달랑달랑,hanbeone dalrangdalrangdalrang,4,8,0,1,1,33,1,hanpʌne talraŋtalraŋtalraŋ,1,4,5,7,2,5,2100.0,6.25,8,3200.0,5.89,3,0,2,#FFD700,86.9,-1.9,87.1,5,5,5,1,REDUP(첩어・동일)
살짝 달랑거리다,saljjag dalranggeorida,4,8,0,1,1,32,1,saltɕ͈ak̚ talraŋkʌrita,4,2,6,8,5,5,2600.0,6.69,8,1800.0,4.91,5,0,3,#FFD700,86.9,-1.9,87.1,5,5,5,8,STEM+GEORIDA
슬쩍 달랑거리다,seuljjeog dalranggeorida,4,8,0,1,1,32,1,sɯltɕ͈ʌk̚ talraŋkʌrita,4,2,6,8,5,5,2600.0,6.69,8,1800.0,4.91,5,0,3,#FFD700,86.9,-1.9,87.1,5,5,5,8,STEM+GEORIDA
선뜻 달랑거리다,seontteus dalranggeorida,4,8,0,1,1,32,1,sʌnt͈ɯs̚ talraŋkʌrita,4,2,6,8,5,5,2600.0,6.69,8,1800.0,4.91,5,0,3,#FFD700,86.9,-1.9,87.1,5,5,5,8,STEM+GEORIDA
단번에 달랑거리다,danbeone dalranggeorida,4,8,0,1,1,32,1,tanpʌne talraŋkʌrita,1,2,5,5,2,5,2100.0,6.25,8,1800.0,4.91,3,0,2,#FFD700,86.9,-1.9,87.1,5,5,5,8,STEM+GEORIDA
한번에 달랑거리다,hanbeone dalranggeorida,4,8,0,1,1,32,1,hanpʌne talraŋkʌrita,1,2,5,7,2,5,2100.0,6.25,8,1800.0,4.91,3,0,2,#FFD700,86.9,-1.9,87.1,5,5,5,8,STEM+GEORIDA
살짝 달랑대다,saljjag dalrangdaeda,4,8,0,1,1,32,1,saltɕ͈ak̚ talraŋtɛta,4,2,6,8,5,5,2600.0,6.69,8,1800.0,4.91,5,0,3,#FFD700,86.9,-1.9,87.1,5,5,5,8,STEM+DAEDA
슬쩍 달랑대다,seuljjeog dalrangdaeda,4,8,0,1,1,32,1,sɯltɕ͈ʌk̚ talraŋtɛta,4,2,6,8,5,5,2600.0,6.69,8,1800.0,4.91,5,0,3,#FFD700,86.9,-1.9,87.1,5,5,5,8,STEM+DAEDA
선뜻 달랑대다,seontteus dalrangdaeda,4,8,0,1,1,32,1,sʌnt͈ɯs̚ talraŋtɛta,4,2,6,8,5,5,2600.0,6.69,8,1800.0,4.91,5,0,3,#FFD700,86.9,-1.9,87.1,5,5,5,8,STEM+DAEDA
단번에 달랑대다,danbeone dalrangdaeda,4,8,0,1,1,32,1,tanpʌne talraŋtɛta,1,2,5,5,2,5,2100.0,6.25,8,1800.0,4.91,3,0,2,#FFD700,86.9,-1.9,87.1,5,5,5,8,STEM+DAEDA
한번에 달랑대다,hanbeone dalrangdaeda,4,8,0,1,1,32,1,hanpʌne talraŋtɛta,1,2,5,7,2,5,2100.0,6.25,8,1800.0,4.91,3,0,2,#FFD700,86.9,-1.9,87.1,5,5,5,8,STEM+DAEDA
살짝 달랑달랑대다,saljjag dalrangdalrangdaeda,4,8,0,1,1,33,1,saltɕ͈ak̚ talraŋtalraŋtɛta,4,4,6,8,5,5,2600.0,6.69,8,3200.0,5.89,5,0,3,#FFD700,86.9,-1.9,87.1,5,5,5,1,STEM+DAEDA
슬쩍 달랑달랑대다,seuljjeog dalrangdalrangdaeda,4,8,0,1,1,33,1,sɯltɕ͈ʌk̚ talraŋtalraŋtɛta,4,4,6,8,5,5,2600.0,6.69,8,3200.0,5.89,5,0,3,#FFD700,86.9,-1.9,87.1,5,5,5,1,STEM+DAEDA
선뜻 달랑달랑대다,seontteus dalrangdalrangdaeda,4,8,0,1,1,33,1,sʌnt͈ɯs̚ talraŋtalraŋtɛta,4,4,6,8,5,5,2600.0,6.69,8,3200.0,5.89,5,0,3,#FFD700,86.9,-1.9,87.1,5,5,5,1,STEM+DAEDA
단번에 달랑달랑대다,danbeone dalrangdalrangdaeda,4,8,0,1,1,33,1,tanpʌne talraŋtalraŋtɛta,1,4,5,5,2,5,2100.0,6.25,8,3200.0,5.89,3,0,2,#FFD700,86.9,-1.9,87.1,5,5,5,1,STEM+DAEDA
한번에 달랑달랑대다,hanbeone dalrangdalrangdaeda,4,8,0,1,1,33,1,hanpʌne talraŋtalraŋtɛta,1,4,5,7,2,5,2100.0,6.25,8,3200.0,5.89,3,0,2,#FFD700,86.9,-1.9,87.1,5,5,5,1,STEM+DAEDA
살짝 달랑이다,saljjag dalrangida,4,8,0,1,1,32,1,saltɕ͈ak̚ talraŋita,4,2,6,8,5,5,2600.0,6.69,8,1800.0,4.91,5,0,3,#FFD700,86.9,-1.9,87.1,5,5,5,8,STEM+IDA
슬쩍 달랑이다,seuljjeog dalrangida,4,8,0,1,1,32,1,sɯltɕ͈ʌk̚ talraŋita,4,2,6,8,5,5,2600.0,6.69,8,1800.0,4.91,5,0,3,#FFD700,86.9,-1.9,87.1,5,5,5,8,STEM+IDA
선뜻 달랑이다,seontteus dalrangida,4,8,0,1,1,32,1,sʌnt͈ɯs̚ talraŋita,4,2,6,8,5,5,2600.0,6.69,8,1800.0,4.91,5,0,3,#FFD700,86.9,-1.9,87.1,5,5,5,8,STEM+IDA
단번에 달랑이다,danbeone dalrangida,4,8,0,1,1,32,1,tanpʌne talraŋita,1,2,5,5,2,5,2100.0,6.25,8,1800.0,4.91,3,0,2,#FFD700,86.9,-1.9,87.1,5,5,5,8,STEM+IDA
한번에 달랑이다,hanbeone dalrangida,4,8,0,1,1,32,1,hanpʌne talraŋita,1,2,5,7,2,5,2100.0,6.25,8,1800.0,4.91,3,0,2,#FFD700,86.9,-1.9,87.1,5,5,5,8,STEM+IDA
살짝 달랑달랑이다,saljjag dalrangdalrangida,4,8,0,1,1,33,1,saltɕ͈ak̚ talraŋtalraŋita,4,4,6,8,5,5,2600.0,6.69,8,3200.0,5.89,5,0,3,#FFD700,86.9,-1.9,87.1,5,5,5,1,STEM+IDA
슬쩍 달랑달랑이다,seuljjeog dalrangdalrangida,4,8,0,1,1,33,1,sɯltɕ͈ʌk̚ talraŋtalraŋita,4,4,6,8,5,5,2600.0,6.69,8,3200.0,5.89,5,0,3,#FFD700,86.9,-1.9,87.1,5,5,5,1,STEM+IDA
선뜻 달랑달랑이다,seontteus dalrangdalrangida,4,8,0,1,1,33,1,sʌnt͈ɯs̚ talraŋtalraŋita,4,4,6,8,5,5,2600.0,6.69,8,3200.0,5.89,5,0,3,#FFD700,86.9,-1.9,87.1,5,5,5,1,STEM+IDA
단번에 달랑달랑이다,danbeone dalrangdalrangida,4,8,0,1,1,33,1,tanpʌne talraŋtalraŋita,1,4,5,5,2,5,2100.0,6.25,8,3200.0,5.89,3,0,2,#FFD700,86.9,-1.9,87.1,5,5,5,1,STEM+IDA
한번에 달랑달랑이다,hanbeone dalrangdalrangida,4,8,0,1,1,33,1,hanpʌne talraŋtalraŋita,1,4,5,7,2,5,2100.0,6.25,8,3200.0,5.89,3,0,2,#FFD700,86.9,-1.9,87.1,5,5,5,1,STEM+IDA
살짝 달랑하다,saljjag dalranghada,4,8,0,1,1,32,1,saltɕ͈ak̚ talraŋhata,4,2,6,8,5,5,2600.0,6.69,8,1800.0,4.91,5,0,3,#FFD700,86.9,-1.9,87.1,5,5,5,8,STEM+HADA
슬쩍 달랑하다,seuljjeog dalranghada,4,8,0,1,1,32,1,sɯltɕ͈ʌk̚ talraŋhata,4,2,6,8,5,5,2600.0,6.69,8,1800.0,4.91,5,0,3,#FFD700,86.9,-1.9,87.1,5,5,5,8,STEM+HADA
선뜻 달랑하다,seontteus dalranghada,4,8,0,1,1,32,1,sʌnt͈ɯs̚ talraŋhata,4,2,6,8,5,5,2600.0,6.69,8,1800.0,4.91,5,0,3,#FFD700,86.9,-1.9,87.1,5,5,5,8,STEM+HADA
단번에 달랑하다,danbeone dalranghada,4,8,0,1,1,32,1,tanpʌne talraŋhata,1,2,5,7,2,5,2100.0,6.25,8,1800.0,4.91,3,0,2,#FFD700,86.9,-1.9,87.1,5,5,5,8,STEM+HADA
한번에 달랑하다,hanbeone dalranghada,4,8,0,1,1,32,1,hanpʌne talraŋhata,1,2,5,7,2,5,2100.0,6.25,8,1800.0,4.91,3,0,2,#FFD700,86.9,-1.9,87.1,5,5,5,8,STEM+HADA
살짝 달랑달랑하다,saljjag dalrangdalranghada,4,8,0,1,1,33,1,saltɕ͈ak̚ talraŋtalraŋhata,4,4,6,8,5,5,2600.0,6.69,8,3200.0,5.89,5,0,3,#FFD700,86.9,-1.9,87.1,5,5,5,1,STEM+HADA
슬쩍 달랑달랑하다,seuljjeog dalrangdalranghada,4,8,0,1,1,33,1,sɯltɕ͈ʌk̚ talraŋtalraŋhata,4,4,6,8,5,5,2600.0,6.69,8,3200.0,5.89,5,0,3,#FFD700,86.9,-1.9,87.1,5,5,5,1,STEM+HADA
선뜻 달랑달랑하다,seontteus dalrangdalranghada,4,8,0,1,1,33,1,sʌnt͈ɯs̚ talraŋtalraŋhata,4,4,6,8,5,5,2600.0,6.69,8,3200.0,5.89,5,0,3,#FFD700,86.9,-1.9,87.1,5,5,5,1,STEM+HADA
단번에 달랑달랑하다,danbeone dalrangdalranghada,4,8,0,1,1,33,1,tanpʌne talraŋtalraŋhata,1,4,5,7,2,5,2100.0,6.25,8,3200.0,5.89,3,0,2,#FFD700,86.9,-1.9,87.1,5,5,5,1,STEM+HADA
한번에 달랑달랑하다,hanbeone dalrangdalranghada,4,8,0,1,1,33,1,hanpʌne talraŋtalraŋhata,1,4,5,7,2,5,2100.0,6.25,8,3200.0,5.89,3,0,2,#FFD700,86.9,-1.9,87.1,5,5,5,1,STEM+HADA
살짝 달랑스럽다,saljjag dalrangseureopda,4,8,0,1,1,32,1,saltɕ͈ak̚ talraŋsɯrʌp̚ta,4,2,6,8,5,5,2600.0,6.69,8,1800.0,4.91,5,0,3,#FFD700,86.9,-1.9,87.1,5,5,5,8,SUFFIX(어미변화)
슬쩍 달랑스럽다,seuljjeog dalrangseureopda,4,8,0,1,1,32,1,sɯltɕ͈ʌk̚ talraŋsɯrʌp̚ta,4,2,6,8,5,5,2600.0,6.69,8,1800.0,4.91,5,0,3,#FFD700,86.9,-1.9,87.1,5,5,5,8,SUFFIX(어미변화)
선뜻 달랑스럽다,seontteus dalrangseureopda,4,8,0,1,1,32,1,sʌnt͈ɯs̚ talraŋsɯrʌp̚ta,4,2,6,8,5,5,2600.0,6.69,8,1800.0,4.91,5,0,3,#FFD700,86.9,-1.9,87.1,5,5,5,8,SUFFIX(어미변화)
단번에 달랑스럽다,danbeone dalrangseureopda,4,8,0,1,1,32,1,tanpʌne talraŋsɯrʌp̚ta,1,2,5,7,5,5,2100.0,6.25,8,1800.0,4.91,3,0,3,#FFD700,86.9,-1.9,87.1,5,5,5,8,SUFFIX(어미변화)
한번에 달랑스럽다,hanbeone dalrangseureopda,4,8,0,1,1,32,1,hanpʌne talraŋsɯrʌp̚ta,1,2,5,7,5,5,2100.0,6.25,8,1800.0,4.91,3,0,3,#FFD700,86.9,-1.9,87.1,5,5,5,8,SUFFIX(어미변화)
살짝 달랑맞다,saljjag dalrangmajda,4,8,0,1,1,32,1,saltɕ͈ak̚ talraŋmat̚ta,4,2,6,8,5,5,2600.0,6.69,8,1800.0,4.91,5,0,3,#FFD700,86.9,-1.9,87.1,5,5,5,8,SUFFIX(어미변화)
슬쩍 달랑맞다,seuljjeog dalrangmajda,4,8,0,1,1,32,1,sɯltɕ͈ʌk̚ talraŋmat̚ta,4,2,6,8,5,5,2600.0,6.69,8,1800.0,4.91,5,0,3,#FFD700,86.9,-1.9,87.1,5,5,5,8,SUFFIX(어미변화)
선뜻 달랑맞다,seontteus dalrangmajda,4,8,0,1,1,32,1,sʌnt͈ɯs̚ talraŋmat̚ta,4,2,6,8,5,5,2600.0,6.69,8,1800.0,4.91,5,0,3,#FFD700,86.9,-1.9,87.1,5,5,5,8,SUFFIX(어미변화)
단번에 달랑맞다,danbeone dalrangmajda,4,8,0,1,1,32,1,tanpʌne talraŋmat̚ta,1,2,5,5,2,5,2100.0,6.25,8,1800.0,4.91,3,0,2,#FFD700,86.9,-1.9,87.1,5,5,5,8,SUFFIX(어미변화)
한번에 달랑맞다,hanbeone dalrangmajda,4,8,0,1,1,32,1,hanpʌne talraŋmat̚ta,1,2,5,7,2,5,2100.0,6.25,8,1800.0,4.91,3,0,2,#FFD700,86.9,-1.9,87.1,5,5,5,8,SUFFIX(어미변화)
살짝 달랑달랑맞다,saljjag dalrangdalrangmajda,4,8,0,1,1,33,1,saltɕ͈ak̚ talraŋtalraŋmat̚ta,4,4,6,8,5,5,2600.0,6.69,8,3200.0,5.89,5,0,3,#FFD700,86.9,-1.9,87.1,5,5,5,1,REDUP(첩어・동일)
슬쩍 달랑달랑맞다,seuljjeog dalrangdalrangmajda,4,8,0,1,1,33,1,sɯltɕ͈ʌk̚ talraŋtalraŋmat̚ta,4,4,6,8,5,5,2600.0,6.69,8,3200.0,5.89,5,0,3,#FFD700,86.9,-1.9,87.1,5,5,5,1,REDUP(첩어・동일)
선뜻 달랑달랑맞다,seontteus dalrangdalrangmajda,4,8,0,1,1,33,1,sʌnt͈ɯs̚ talraŋtalraŋmat̚ta,4,4,6,8,5,5,2600.0,6.69,8,3200.0,5.89,5,0,3,#FFD700,86.9,-1.9,87.1,5,5,5,1,REDUP(첩어・동일)
단번에 달랑달랑맞다,danbeone dalrangdalrangmajda,4,8,0,1,1,33,1,tanpʌne talraŋtalraŋmat̚ta,1,4,5,5,2,5,2100.0,6.25,8,3200.0,5.89,3,0,2,#FFD700,86.9,-1.9,87.1,5,5,5,1,REDUP(첩어・동일)
한번에 달랑달랑맞다,hanbeone dalrangdalrangmajda,4,8,0,1,1,33,1,hanpʌne talraŋtalraŋmat̚ta,1,4,5,7,2,5,2100.0,6.25,8,3200.0,5.89,3,0,2,#FFD700,86.9,-1.9,87.1,5,5,5,1,REDUP(첩어・동일)
살짝 달랑하게,saljjag dalranghage,4,8,0,1,1,32,1,saltɕ͈ak̚ talraŋhake,4,2,6,8,5,5,2600.0,6.69,8,1800.0,4.91,5,0,3,#FFD700,86.9,-1.9,87.1,5,5,5,8,SUFFIX(어미변화)
슬쩍 달랑하게,seuljjeog dalranghage,4,8,0,1,1,32,1,sɯltɕ͈ʌk̚ talraŋhake,4,2,6,8,5,5,2600.0,6.69,8,1800.0,4.91,5,0,3,#FFD700,86.9,-1.9,87.1,5,5,5,8,SUFFIX(어미변화)
선뜻 달랑하게,seontteus dalranghage,4,8,0,1,1,32,1,sʌnt͈ɯs̚ talraŋhake,4,2,6,8,5,5,2600.0,6.69,8,1800.0,4.91,5,0,3,#FFD700,86.9,-1.9,87.1,5,5,5,8,SUFFIX(어미변화)
단번에 달랑하게,danbeone dalranghage,4,8,0,1,1,32,1,tanpʌne talraŋhake,1,2,5,7,2,5,2100.0,6.25,8,1800.0,4.91,3,0,2,#FFD700,86.9,-1.9,87.1,5,5,5,8,SUFFIX(어미변화)
한번에 달랑하게,hanbeone dalranghage,4,8,0,1,1,32,1,hanpʌne talraŋhake,1,2,5,7,2,5,2100.0,6.25,8,1800.0,4.91,3,0,2,#FFD700,86.9,-1.9,87.1,5,5,5,8,SUFFIX(어미변화)
살짝 달랑달랑하게,saljjag dalrangdalranghage,4,8,0,1,1,33,1,saltɕ͈ak̚ talraŋtalraŋhake,4,4,6,8,5,5,2600.0,6.69,8,3200.0,5.89,5,0,3,#FFD700,86.9,-1.9,87.1,5,5,5,1,REDUP(첩어・동일)
슬쩍 달랑달랑하게,seuljjeog dalrangdalranghage,4,8,0,1,1,33,1,sɯltɕ͈ʌk̚ talraŋtalraŋhake,4,4,6,8,5,5,2600.0,6.69,8,3200.0,5.89,5,0,3,#FFD700,86.9,-1.9,87.1,5,5,5,1,REDUP(첩어・동일)
선뜻 달랑달랑하게,seontteus dalrangdalranghage,4,8,0,1,1,33,1,sʌnt͈ɯs̚ talraŋtalraŋhake,4,4,6,8,5,5,2600.0,6.69,8,3200.0,5.89,5,0,3,#FFD700,86.9,-1.9,87.1,5,5,5,1,REDUP(첩어・동일)
단번에 달랑달랑하게,danbeone dalrangdalranghage,4,8,0,1,1,33,1,tanpʌne talraŋtalraŋhake,1,4,5,7,2,5,2100.0,6.25,8,3200.0,5.89,3,0,2,#FFD700,86.9,-1.9,87.1,5,5,5,1,REDUP(첩어・동일)
한번에 달랑달랑하게,hanbeone dalrangdalranghage,4,8,0,1,1,33,1,hanpʌne talraŋtalraŋhake,1,4,5,7,2,5,2100.0,6.25,8,3200.0,5.89,3,0,2,#FFD700,86.9,-1.9,87.1,5,5,5,1,REDUP(첩어・동일)
살짝 달랑한,saljjag dalranghan,4,8,0,1,1,32,1,saltɕ͈ak̚ talraŋhan,4,2,6,8,5,5,2600.0,6.69,8,1800.0,4.91,5,0,3,#FFD700,86.9,-1.9,87.1,5,5,5,8,SUFFIX(어미변화)
슬쩍 달랑한,seuljjeog dalranghan,4,8,0,1,1,32,1,sɯltɕ͈ʌk̚ talraŋhan,4,2,6,8,5,5,2600.0,6.69,8,1800.0,4.91,5,0,3,#FFD700,86.9,-1.9,87.1,5,5,5,8,SUFFIX(어미변화)
선뜻 달랑한,seontteus dalranghan,4,8,0,1,1,32,1,sʌnt͈ɯs̚ talraŋhan,4,2,6,8,5,5,2600.0,6.69,8,1800.0,4.91,5,0,3,#FFD700,86.9,-1.9,87.1,5,5,5,8,SUFFIX(어미변화)
단번에 달랑한,danbeone dalranghan,4,8,0,1,1,32,1,tanpʌne talraŋhan,1,2,5,7,2,5,2100.0,6.25,8,1800.0,4.91,3,0,2,#FFD700,86.9,-1.9,87.1,5,5,5,8,SUFFIX(어미변화)
한번에 달랑한,hanbeone dalranghan,4,8,0,1,1,32,1,hanpʌne talraŋhan,1,2,5,7,2,5,2100.0,6.25,8,1800.0,4.91,3,0,2,#FFD700,86.9,-1.9,87.1,5,5,5,8,SUFFIX(어미변화)
살짝 달랑달랑한,saljjag dalrangdalranghan,4,8,0,1,1,33,1,saltɕ͈ak̚ talraŋtalraŋhan,4,4,6,8,5,5,2600.0,6.69,8,3200.0,5.89,5,0,3,#FFD700,86.9,-1.9,87.1,5,5,5,1,REDUP(첩어・동일)
슬쩍 달랑달랑한,seuljjeog dalrangdalranghan,4,8,0,1,1,33,1,sɯltɕ͈ʌk̚ talraŋtalraŋhan,4,4,6,8,5,5,2600.0,6.69,8,3200.0,5.89,5,0,3,#FFD700,86.9,-1.9,87.1,5,5,5,1,REDUP(첩어・동일)
선뜻 달랑달랑한,seontteus dalrangdalranghan,4,8,0,1,1,33,1,sʌnt͈ɯs̚ talraŋtalraŋhan,4,4,6,8,5,5,2600.0,6.69,8,3200.0,5.89,5,0,3,#FFD700,86.9,-1.9,87.1,5,5,5,1,REDUP(첩어・동일)
단번에 달랑달랑한,danbeone dalrangdalranghan,4,8,0,1,1,33,1,tanpʌne talraŋtalraŋhan,1,4,5,7,2,5,2100.0,6.25,8,3200.0,5.89,3,0,2,#FFD700,86.9,-1.9,87.1,5,5,5,1,REDUP(첩어・동일)
한번에 달랑달랑한,hanbeone dalrangdalranghan,4,8,0,1,1,33,1,hanpʌne talraŋtalraŋhan,1,4,5,7,2,5,2100.0,6.25,8,3200.0,5.89,3,0,2,#FFD700,86.9,-1.9,87.1,5,5,5,1,REDUP(첩어・동일)
살짝 달랑스럽게,saljjag dalrangseureopge,4,8,0,1,1,32,1,saltɕ͈ak̚ talraŋsɯrʌp̚ke,4,2,6,8,5,5,2600.0,6.69,8,1800.0,4.91,5,0,3,#FFD700,86.9,-1.9,87.1,5,5,5,8,SUFFIX(어미변화)
슬쩍 달랑스럽게,seuljjeog dalrangseureopge,4,8,0,1,1,32,1,sɯltɕ͈ʌk̚ talraŋsɯrʌp̚ke,4,2,6,8,5,5,2600.0,6.69,8,1800.0,4.91,5,0,3,#FFD700,86.9,-1.9,87.1,5,5,5,8,SUFFIX(어미변화)
선뜻 달랑스럽게,seontteus dalrangseureopge,4,8,0,1,1,32,1,sʌnt͈ɯs̚ talraŋsɯrʌp̚ke,4,2,6,8,5,5,2600.0,6.69,8,1800.0,4.91,5,0,3,#FFD700,86.9,-1.9,87.1,5,5,5,8,SUFFIX(어미변화)
단번에 달랑스럽게,danbeone dalrangseureopge,4,8,0,1,1,32,1,tanpʌne talraŋsɯrʌp̚ke,1,2,5,7,5,5,2100.0,6.25,8,1800.0,4.91,3,0,3,#FFD700,86.9,-1.9,87.1,5,5,5,8,SUFFIX(어미변화)
한번에 달랑스럽게,hanbeone dalrangseureopge,4,8,0,1,1,32,1,hanpʌne talraŋsɯrʌp̚ke,1,2,5,7,5,5,2100.0,6.25,8,1800.0,4.91,3,0,3,#FFD700,86.9,-1.9,87.1,5,5,5,8,SUFFIX(어미변화)
살짝 달랑스러운,saljjag dalrangseureoun,4,8,0,1,1,32,1,saltɕ͈ak̚ talraŋsɯrʌun,4,2,6,8,5,5,2600.0,6.69,8,1800.0,4.91,5,0,3,#FFD700,86.9,-1.9,87.1,5,5,5,8,SUFFIX(어미변화)
슬쩍 달랑스러운,seuljjeog dalrangseureoun,4,8,0,1,1,32,1,sɯltɕ͈ʌk̚ talraŋsɯrʌun,4,2,6,8,5,5,2600.0,6.69,8,1800.0,4.91,5,0,3,#FFD700,86.9,-1.9,87.1,5,5,5,8,SUFFIX(어미변화)
선뜻 달랑스러운,seontteus dalrangseureoun,4,8,0,1,1,32,1,sʌnt͈ɯs̚ talraŋsɯrʌun,4,2,6,8,5,5,2600.0,6.69,8,1800.0,4.91,5,0,3,#FFD700,86.9,-1.9,87.1,5,5,5,8,SUFFIX(어미변화)
단번에 달랑스러운,danbeone dalrangseureoun,4,8,0,1,1,32,1,tanpʌne talraŋsɯrʌun,1,2,5,7,2,5,2100.0,6.25,8,1800.0,4.91,3,0,2,#FFD700,86.9,-1.9,87.1,5,5,5,8,SUFFIX(어미변화)
한번에 달랑스러운,hanbeone dalrangseureoun,4,8,0,1,1,32,1,hanpʌne talraŋsɯrʌun,1,2,5,7,2,5,2100.0,6.25,8,1800.0,4.91,3,0,2,#FFD700,86.9,-1.9,87.1,5,5,5,8,SUFFIX(어미변화)
살짝 달랑해서,saljjag dalranghaeseo,4,8,0,1,1,32,1,saltɕ͈ak̚ talraŋhɛsʌ,4,2,6,8,5,5,2600.0,6.69,8,1800.0,4.91,5,0,3,#FFD700,86.9,-1.9,87.1,5,5,5,8,SUFFIX(어미변화)
슬쩍 달랑해서,seuljjeog dalranghaeseo,4,8,0,1,1,32,1,sɯltɕ͈ʌk̚ talraŋhɛsʌ,4,2,6,8,5,5,2600.0,6.69,8,1800.0,4.91,5,0,3,#FFD700,86.9,-1.9,87.1,5,5,5,8,SUFFIX(어미변화)
선뜻 달랑해서,seontteus dalranghaeseo,4,8,0,1,1,32,1,sʌnt͈ɯs̚ talraŋhɛsʌ,4,2,6,8,5,5,2600.0,6.69,8,1800.0,4.91,5,0,3,#FFD700,86.9,-1.9,87.1,5,5,5,8,SUFFIX(어미변화)
단번에 달랑해서,danbeone dalranghaeseo,4,8,0,1,1,32,1,tanpʌne talraŋhɛsʌ,1,2,5,7,2,5,2100.0,6.25,8,1800.0,4.91,3,0,2,#FFD700,86.9,-1.9,87.1,5,5,5,8,SUFFIX(어미변화)
한번에 달랑해서,hanbeone dalranghaeseo,4,8,0,1,1,32,1,hanpʌne talraŋhɛsʌ,1,2,5,7,2,5,2100.0,6.25,8,1800.0,4.91,3,0,2,#FFD700,86.9,-1.9,87.1,5,5,5,8,SUFFIX(어미변화)
살짝 달랑달랑해서,saljjag dalrangdalranghaeseo,4,8,0,1,1,33,1,saltɕ͈ak̚ talraŋtalraŋhɛsʌ,4,4,6,8,5,5,2600.0,6.69,8,3200.0,5.89,5,0,3,#FFD700,86.9,-1.9,87.1,5,5,5,1,REDUP(첩어・동일)
슬쩍 달랑달랑해서,seuljjeog dalrangdalranghaeseo,4,8,0,1,1,33,1,sɯltɕ͈ʌk̚ talraŋtalraŋhɛsʌ,4,4,6,8,5,5,2600.0,6.69,8,3200.0,5.89,5,0,3,#FFD700,86.9,-1.9,87.1,5,5,5,1,REDUP(첩어・동일)
선뜻 달랑달랑해서,seontteus dalrangdalranghaeseo,4,8,0,1,1,33,1,sʌnt͈ɯs̚ talraŋtalraŋhɛsʌ,4,4,6,8,5,5,2600.0,6.69,8,3200.0,5.89,5,0,3,#FFD700,86.9,-1.9,87.1,5,5,5,1,REDUP(첩어・동일)
단번에 달랑달랑해서,danbeone dalrangdalranghaeseo,4,8,0,1,1,33,1,tanpʌne talraŋtalraŋhɛsʌ,1,4,5,7,2,5,2100.0,6.25,8,3200.0,5.89,3,0,2,#FFD700,86.9,-1.9,87.1,5,5,5,1,REDUP(첩어・동일)
한번에 달랑달랑해서,hanbeone dalrangdalranghaeseo,4,8,0,1,1,33,1,hanpʌne talraŋtalraŋhɛsʌ,1,4,5,7,2,5,2100.0,6.25,8,3200.0,5.89,3,0,2,#FFD700,86.9,-1.9,87.1,5,5,5,1,REDUP(첩어・동일)
살짝 달랑하고,saljjag dalranghago,4,8,0,1,1,32,1,saltɕ͈ak̚ talraŋhako,4,2,6,8,5,5,2600.0,6.69,8,1800.0,4.91,5,0,3,#FFD700,86.9,-1.9,87.1,5,5,5,8,SUFFIX(어미변화)
슬쩍 달랑하고,seuljjeog dalranghago,4,8,0,1,1,32,1,sɯltɕ͈ʌk̚ talraŋhako,4,2,6,8,5,5,2600.0,6.69,8,1800.0,4.91,5,0,3,#FFD700,86.9,-1.9,87.1,5,5,5,8,SUFFIX(어미변화)
선뜻 달랑하고,seontteus dalranghago,4,8,0,1,1,32,1,sʌnt͈ɯs̚ talraŋhako,4,2,6,8,5,5,2600.0,6.69,8,1800.0,4.91,5,0,3,#FFD700,86.9,-1.9,87.1,5,5,5,8,SUFFIX(어미변화)
단번에 달랑하고,danbeone dalranghago,4,8,0,1,1,32,1,tanpʌne talraŋhako,1,2,5,7,2,5,2100.0,6.25,8,1800.0,4.91,3,0,2,#FFD700,86.9,-1.9,87.1,5,5,5,8,SUFFIX(어미변화)
한번에 달랑하고,hanbeone dalranghago,4,8,0,1,1,32,1,hanpʌne talraŋhako,1,2,5,7,2,5,2100.0,6.25,8,1800.0,4.91,3,0,2,#FFD700,86.9,-1.9,87.1,5,5,5,8,SUFFIX(어미변화)
살짝 달랑달랑하고,saljjag dalrangdalranghago,4,8,0,1,1,33,1,saltɕ͈ak̚ talraŋtalraŋhako,4,4,6,8,5,5,2600.0,6.69,8,3200.0,5.89,5,0,3,#FFD700,86.9,-1.9,87.1,5,5,5,1,REDUP(첩어・동일)
슬쩍 달랑달랑하고,seuljjeog dalrangdalranghago,4,8,0,1,1,33,1,sɯltɕ͈ʌk̚ talraŋtalraŋhako,4,4,6,8,5,5,2600.0,6.69,8,3200.0,5.89,5,0,3,#FFD700,86.9,-1.9,87.1,5,5,5,1,REDUP(첩어・동일)
선뜻 달랑달랑하고,seontteus dalrangdalranghago,4,8,0,1,1,33,1,sʌnt͈ɯs̚ talraŋtalraŋhako,4,4,6,8,5,5,2600.0,6.69,8,3200.0,5.89,5,0,3,#FFD700,86.9,-1.9,87.1,5,5,5,1,REDUP(첩어・동일)
단번에 달랑달랑하고,danbeone dalrangdalranghago,4,8,0,1,1,33,1,tanpʌne talraŋtalraŋhako,1,4,5,7,2,5,2100.0,6.25,8,3200.0,5.89,3,0,2,#FFD700,86.9,-1.9,87.1,5,5,5,1,REDUP(첩어・동일)
한번에 달랑달랑하고,hanbeone dalrangdalranghago,4,8,0,1,1,33,1,hanpʌne talraŋtalraŋhako,1,4,5,7,2,5,2100.0,6.25,8,3200.0,5.89,3,0,2,#FFD700,86.9,-1.9,87.1,5,5,5,1,REDUP(첩어・동일)
살짝 찰랑,saljjag chalrang,4,2,1,2,1,40,1,saltɕ͈ak̚ tɕʰalraŋ,4,2,6,8,5,8,2600.0,6.69,8,1800.0,4.91,5,0,3,#FFD700,86.9,-1.9,87.1,5,5,5,8,SUFFIX(어미변화)
슬쩍 찰랑,seuljjeog chalrang,4,2,1,2,1,40,1,sɯltɕ͈ʌk̚ tɕʰalraŋ,4,2,6,8,5,8,2600.0,6.69,8,1800.0,4.91,5,0,3,#FFD700,86.9,-1.9,87.1,5,5,5,8,SUFFIX(어미변화)
선뜻 찰랑,seontteus chalrang,4,2,1,2,1,40,1,sʌnt͈ɯs̚ tɕʰalraŋ,4,2,6,8,5,8,2600.0,6.69,8,1800.0,4.91,5,0,3,#FFD700,86.9,-1.9,87.1,5,5,5,8,SUFFIX(어미변화)
단번에 찰랑,danbeone chalrang,4,2,1,2,1,40,1,tanpʌne tɕʰalraŋ,3,2,6,7,3,8,2900.0,6.92,8,1800.0,4.91,5,0,2,#FFD700,86.9,-1.9,87.1,5,5,5,8,SUFFIX(어미변화)
한번에 찰랑,hanbeone chalrang,4,2,1,2,1,40,1,hanpʌne tɕʰalraŋ,3,2,6,7,3,8,2900.0,6.92,8,1800.0,4.91,5,0,2,#FFD700,86.9,-1.9,87.1,5,5,5,8,SUFFIX(어미변화)
살짝 찰랑찰랑,saljjag chalrangchalrang,4,2,1,2,1,33,1,saltɕ͈ak̚ tɕʰalraŋtɕʰalraŋ,4,4,6,8,5,8,2600.0,6.69,8,3200.0,5.89,5,0,3,#FFD700,86.9,-1.9,87.1,5,5,5,1,REDUP(첩어・동일)
슬쩍 찰랑찰랑,seuljjeog chalrangchalrang,4,2,1,2,1,33,1,sɯltɕ͈ʌk̚ tɕʰalraŋtɕʰalraŋ,4,4,6,8,5,8,2600.0,6.69,8,3200.0,5.89,5,0,3,#FFD700,86.9,-1.9,87.1,5,5,5,1,REDUP(첩어・동일)
선뜻 찰랑찰랑,seontteus chalrangchalrang,4,2,1,2,1,33,1,sʌnt͈ɯs̚ tɕʰalraŋtɕʰalraŋ,4,4,6,8,5,8,2600.0,6.69,8,3200.0,5.89,5,0,3,#FFD700,86.9,-1.9,87.1,5,5,5,1,REDUP(첩어・동일)
단번에 찰랑찰랑,danbeone chalrangchalrang,4,2,1,2,1,33,1,tanpʌne tɕʰalraŋtɕʰalraŋ,3,4,6,7,3,8,2900.0,6.92,8,3200.0,5.89,5,0,2,#FFD700,86.9,-1.9,87.1,5,5,5,1,REDUP(첩어・동일)
한번에 찰랑찰랑,hanbeone chalrangchalrang,4,2,1,2,1,33,1,hanpʌne tɕʰalraŋtɕʰalraŋ,3,4,6,7,3,8,2900.0,6.92,8,3200.0,5.89,5,0,2,#FFD700,86.9,-1.9,87.1,5,5,5,1,REDUP(첩어・동일)
살짝 찰랑찰랑찰랑,saljjag chalrangchalrangchalrang,4,2,1,2,1,33,1,saltɕ͈ak̚ tɕʰalraŋtɕʰalraŋtɕʰalraŋ,4,4,6,8,5,8,2600.0,6.69,8,3200.0,5.89,5,0,3,#FFD700,86.9,-1.9,87.1,5,5,5,1,REDUP(첩어・동일)
슬쩍 찰랑찰랑찰랑,seuljjeog chalrangchalrangchalrang,4,2,1,2,1,33,1,sɯltɕ͈ʌk̚ tɕʰalraŋtɕʰalraŋtɕʰalraŋ,4,4,6,8,5,8,2600.0,6.69,8,3200.0,5.89,5,0,3,#FFD700,86.9,-1.9,87.1,5,5,5,1,REDUP(첩어・동일)
선뜻 찰랑찰랑찰랑,seontteus chalrangchalrangchalrang,4,2,1,2,1,33,1,sʌnt͈ɯs̚ tɕʰalraŋtɕʰalraŋtɕʰalraŋ,4,4,6,8,5,8,2600.0,6.69,8,3200.0,5.89,5,0,3,#FFD700,86.9,-1.9,87.1,5,5,5,1,REDUP(첩어・동일)
단번에 찰랑찰랑찰랑,danbeone chalrangchalrangchalrang,4,2,1,2,1,33,1,tanpʌne tɕʰalraŋtɕʰalraŋtɕʰalraŋ,3,4,6,7,3,8,2900.0,6.92,8,3200.0,5.89,5,0,2,#FFD700,86.9,-1.9,87.1,5,5,5,1,REDUP(첩어・동일)
한번에 찰랑찰랑찰랑,hanbeone chalrangchalrangchalrang,4,2,1,2,1,33,1,hanpʌne tɕʰalraŋtɕʰalraŋtɕʰalraŋ,3,4,6,7,3,8,2900.0,6.92,8,3200.0,5.89,5,0,2,#FFD700,86.9,-1.9,87.1,5,5,5,1,REDUP(첩어・동일)
살짝 찰랑거리다,saljjag chalranggeorida,4,2,1,2,1,32,1,saltɕ͈ak̚ tɕʰalraŋkʌrita,4,2,6,8,5,8,2600.0,6.69,8,1800.0,4.91,5,0,3,#FFD700,86.9,-1.9,87.1,5,5,5,8,STEM+GEORIDA
슬쩍 찰랑거리다,seuljjeog chalranggeorida,4,2,1,2,1,32,1,sɯltɕ͈ʌk̚ tɕʰalraŋkʌrita,4,2,6,8,5,8,2600.0,6.69,8,1800.0,4.91,5,0,3,#FFD700,86.9,-1.9,87.1,5,5,5,8,STEM+GEORIDA
선뜻 찰랑거리다,seontteus chalranggeorida,4,2,1,2,1,32,1,sʌnt͈ɯs̚ tɕʰalraŋkʌrita,4,2,6,8,5,8,2600.0,6.69,8,1800.0,4.91,5,0,3,#FFD700,86.9,-1.9,87.1,5,5,5,8,STEM+GEORIDA
단번에 찰랑거리다,danbeone chalranggeorida,4,2,1,2,1,32,1,tanpʌne tɕʰalraŋkʌrita,3,2,6,7,3,8,2900.0,6.92,8,1800.0,4.91,5,0,2,#FFD700,86.9,-1.9,87.1,5,5,5,8,STEM+GEORIDA
한번에 찰랑거리다,hanbeone chalranggeorida,4,2,1,2,1,32,1,hanpʌne tɕʰalraŋkʌrita,3,2,6,7,3,8,2900.0,6.92,8,1800.0,4.91,5,0,2,#FFD700,86.9,-1.9,87.1,5,5,5,8,STEM+GEORIDA
살짝 찰랑대다,saljjag chalrangdaeda,4,2,1,2,1,32,1,saltɕ͈ak̚ tɕʰalraŋtɛta,4,2,6,8,5,8,2600.0,6.69,8,1800.0,4.91,5,0,3,#FFD700,86.9,-1.9,87.1,5,5,5,8,STEM+DAEDA
슬쩍 찰랑대다,seuljjeog chalrangdaeda,4,2,1,2,1,32,1,sɯltɕ͈ʌk̚ tɕʰalraŋtɛta,4,2,6,8,5,8,2600.0,6.69,8,1800.0,4.91,5,0,3,#FFD700,86.9,-1.9,87.1,5,5,5,8,STEM+DAEDA
선뜻 찰랑대다,seontteus chalrangdaeda,4,2,1,2,1,32,1,sʌnt͈ɯs̚ tɕʰalraŋtɛta,4,2,6,8,5,8,2600.0,6.69,8,1800.0,4.91,5,0,3,#FFD700,86.9,-1.9,87.1,5,5,5,8,STEM+DAEDA
단번에 찰랑대다,danbeone chalrangdaeda,4,2,1,2,1,32,1,tanpʌne tɕʰalraŋtɛta,3,2,6,7,3,8,2900.0,6.92,8,1800.0,4.91,5,0,2,#FFD700,86.9,-1.9,87.1,5,5,5,8,STEM+DAEDA
한번에 찰랑대다,hanbeone chalrangdaeda,4,2,1,2,1,32,1,hanpʌne tɕʰalraŋtɛta,3,2,6,7,3,8,2900.0,6.92,8,1800.0,4.91,5,0,2,#FFD700,86.9,-1.9,87.1,5,5,5,8,STEM+DAEDA
살짝 찰랑찰랑대다,saljjag chalrangchalrangdaeda,4,2,1,2,1,33,1,saltɕ͈ak̚ tɕʰalraŋtɕʰalraŋtɛta,4,4,6,8,5,8,2600.0,6.69,8,3200.0,5.89,5,0,3,#FFD700,86.9,-1.9,87.1,5,5,5,1,STEM+DAEDA
슬쩍 찰랑찰랑대다,seuljjeog chalrangchalrangdaeda,4,2,1,2,1,33,1,sɯltɕ͈ʌk̚ tɕʰalraŋtɕʰalraŋtɛta,4,4,6,8,5,8,2600.0,6.69,8,3200.0,5.89,5,0,3,#FFD700,86.9,-1.9,87.1,5,5,5,1,STEM+DAEDA
선뜻 찰랑찰랑대다,seontteus chalrangchalrangdaeda,4,2,1,2,1,33,1,sʌnt͈ɯs̚ tɕʰalraŋtɕʰalraŋtɛta,4,4,6,8,5,8,2600.0,6.69,8,3200.0,5.89,5,0,3,#FFD700,86.9,-1.9,87.1,5,5,5,1,STEM+DAEDA
단번에 찰랑찰랑대다,danbeone chalrangchalrangdaeda,4,2,1,2,1,33,1,tanpʌne tɕʰalraŋtɕʰalraŋtɛta,3,4,6,7,3,8,2900.0,6.92,8,3200.0,5.89,5,0,2,#FFD700,86.9,-1.9,87.1,5,5,5,1,STEM+DAEDA
한번에 찰랑찰랑대다,hanbeone chalrangchalrangdaeda,4,2,1,2,1,33,1,hanpʌne tɕʰalraŋtɕʰalraŋtɛta,3,4,6,7,3,8,2900.0,6.92,8,3200.0,5.89,5,0,2,#FFD700,86.9,-1.9,87.1,5,5,5,1,STEM+DAEDA
살짝 찰랑이다,saljjag chalrangida,4,2,1,2,1,32,1,saltɕ͈ak̚ tɕʰalraŋita,4,2,6,8,5,8,2600.0,6.69,8,1800.0,4.91,5,0,3,#FFD700,86.9,-1.9,87.1,5,5,5,8,STEM+IDA
슬쩍 찰랑이다,seuljjeog chalrangida,4,2,1,2,1,32,1,sɯltɕ͈ʌk̚ tɕʰalraŋita,4,2,6,8,5,8,2600.0,6.69,8,1800.0,4.91,5,0,3,#FFD700,86.9,-1.9,87.1,5,5,5,8,STEM+IDA
선뜻 찰랑이다,seontteus chalrangida,4,2,1,2,1,32,1,sʌnt͈ɯs̚ tɕʰalraŋita,4,2,6,8,5,8,2600.0,6.69,8,1800.0,4.91,5,0,3,#FFD700,86.9,-1.9,87.1,5,5,5,8,STEM+IDA
단번에 찰랑이다,danbeone chalrangida,4,2,1,2,1,32,1,tanpʌne tɕʰalraŋita,3,2,6,7,3,8,2900.0,6.92,8,1800.0,4.91,5,0,2,#FFD700,86.9,-1.9,87.1,5,5,5,8,STEM+IDA
한번에 찰랑이다,hanbeone chalrangida,4,2,1,2,1,32,1,hanpʌne tɕʰalraŋita,3,2,6,7,3,8,2900.0,6.92,8,1800.0,4.91,5,0,2,#FFD700,86.9,-1.9,87.1,5,5,5,8,STEM+IDA
살짝 찰랑찰랑이다,saljjag chalrangchalrangida,4,2,1,2,1,33,1,saltɕ͈ak̚ tɕʰalraŋtɕʰalraŋita,4,4,6,8,5,8,2600.0,6.69,8,3200.0,5.89,5,0,3,#FFD700,86.9,-1.9,87.1,5,5,5,1,STEM+IDA
슬쩍 찰랑찰랑이다,seuljjeog chalrangchalrangida,4,2,1,2,1,33,1,sɯltɕ͈ʌk̚ tɕʰalraŋtɕʰalraŋita,4,4,6,8,5,8,2600.0,6.69,8,3200.0,5.89,5,0,3,#FFD700,86.9,-1.9,87.1,5,5,5,1,STEM+IDA
선뜻 찰랑찰랑이다,seontteus chalrangchalrangida,4,2,1,2,1,33,1,sʌnt͈ɯs̚ tɕʰalraŋtɕʰalraŋita,4,4,6,8,5,8,2600.0,6.69,8,3200.0,5.89,5,0,3,#FFD700,86.9,-1.9,87.1,5,5,5,1,STEM+IDA
단번에 찰랑찰랑이다,danbeone chalrangchalrangida,4,2,1,2,1,33,1,tanpʌne tɕʰalraŋtɕʰalraŋita,3,4,6,7,3,8,2900.0,6.92,8,3200.0,5.89,5,0,2,#FFD700,86.9,-1.9,87.1,5,5,5,1,STEM+IDA
한번에 찰랑찰랑이다,hanbeone chalrangchalrangida,4,2,1,2,1,33,1,hanpʌne tɕʰalraŋtɕʰalraŋita,3,4,6,7,3,8,2900.0,6.92,8,3200.0,5.89,5,0,2,#FFD700,86.9,-1.9,87.1,5,5,5,1,STEM+IDA
살짝 찰랑하다,saljjag chalranghada,4,2,1,2,1,32,1,saltɕ͈ak̚ tɕʰalraŋhata,4,2,6,8,5,8,2600.0,6.69,8,1800.0,4.91,5,0,3,#FFD700,86.9,-1.9,87.1,5,5,5,8,STEM+HADA
슬쩍 찰랑하다,seuljjeog chalranghada,4,2,1,2,1,32,1,sɯltɕ͈ʌk̚ tɕʰalraŋhata,4,2,6,8,5,8,2600.0,6.69,8,1800.0,4.91,5,0,3,#FFD700,86.9,-1.9,87.1,5,5,5,8,STEM+HADA
선뜻 찰랑하다,seontteus chalranghada,4,2,1,2,1,32,1,sʌnt͈ɯs̚ tɕʰalraŋhata,4,2,6,8,5,8,2600.0,6.69,8,1800.0,4.91,5,0,3,#FFD700,86.9,-1.9,87.1,5,5,5,8,STEM+HADA
단번에 찰랑하다,danbeone chalranghada,4,2,1,2,1,32,1,tanpʌne tɕʰalraŋhata,3,2,6,7,3,8,2900.0,6.92,8,1800.0,4.91,5,0,2,#FFD700,86.9,-1.9,87.1,5,5,5,8,STEM+HADA
한번에 찰랑하다,hanbeone chalranghada,4,2,1,2,1,32,1,hanpʌne tɕʰalraŋhata,3,2,6,7,3,8,2900.0,6.92,8,1800.0,4.91,5,0,2,#FFD700,86.9,-1.9,87.1,5,5,5,8,STEM+HADA
살짝 찰랑찰랑하다,saljjag chalrangchalranghada,4,2,1,2,1,33,1,saltɕ͈ak̚ tɕʰalraŋtɕʰalraŋhata,4,4,6,8,5,8,2600.0,6.69,8,3200.0,5.89,5,0,3,#FFD700,86.9,-1.9,87.1,5,5,5,1,STEM+HADA
슬쩍 찰랑찰랑하다,seuljjeog chalrangchalranghada,4,2,1,2,1,33,1,sɯltɕ͈ʌk̚ tɕʰalraŋtɕʰalraŋhata,4,4,6,8,5,8,2600.0,6.69,8,3200.0,5.89,5,0,3,#FFD700,86.9,-1.9,87.1,5,5,5,1,STEM+HADA
선뜻 찰랑찰랑하다,seontteus chalrangchalranghada,4,2,1,2,1,33,1,sʌnt͈ɯs̚ tɕʰalraŋtɕʰalraŋhata,4,4,6,8,5,8,2600.0,6.69,8,3200.0,5.89,5,0,3,#FFD700,86.9,-1.9,87.1,5,5,5,1,STEM+HADA
단번에 찰랑찰랑하다,danbeone chalrangchalranghada,4,2,1,2,1,33,1,tanpʌne tɕʰalraŋtɕʰalraŋhata,3,4,6,7,3,8,2900.0,6.92,8,3200.0,5.89,5,0,2,#FFD700,86.9,-1.9,87.1,5,5,5,1,STEM+HADA
한번에 찰랑찰랑하다,hanbeone chalrangchalranghada,4,2,1,2,1,33,1,hanpʌne tɕʰalraŋtɕʰalraŋhata,3,4,6,7,3,8,2900.0,6.92,8,3200.0,5.89,5,0,2,#FFD700,86.9,-1.9,87.1,5,5,5,1,STEM+HADA
살짝 찰랑스럽다,saljjag chalrangseureopda,4,2,1,2,1,32,1,saltɕ͈ak̚ tɕʰalraŋsɯrʌp̚ta,4,2,6,8,5,8,2600.0,6.69,8,1800.0,4.91,5,0,3,#FFD700,86.9,-1.9,87.1,5,5,5,8,SUFFIX(어미변화)
슬쩍 찰랑스럽다,seuljjeog chalrangseureopda,4,2,1,2,1,32,1,sɯltɕ͈ʌk̚ tɕʰalraŋsɯrʌp̚ta,4,2,6,8,5,8,2600.0,6.69,8,1800.0,4.91,5,0,3,#FFD700,86.9,-1.9,87.1,5,5,5,8,SUFFIX(어미변화)
선뜻 찰랑스럽다,seontteus chalrangseureopda,4,2,1,2,1,32,1,sʌnt͈ɯs̚ tɕʰalraŋsɯrʌp̚ta,4,2,6,8,5,8,2600.0,6.69,8,1800.0,4.91,5,0,3,#FFD700,86.9,-1.9,87.1,5,5,5,8,SUFFIX(어미변화)
단번에 찰랑스럽다,danbeone chalrangseureopda,4,2,1,2,1,32,1,tanpʌne tɕʰalraŋsɯrʌp̚ta,3,2,6,7,5,8,2900.0,6.92,8,1800.0,4.91,5,0,3,#FFD700,86.9,-1.9,87.1,5,5,5,8,SUFFIX(어미변화)
한번에 찰랑스럽다,hanbeone chalrangseureopda,4,2,1,2,1,32,1,hanpʌne tɕʰalraŋsɯrʌp̚ta,3,2,6,7,5,8,2900.0,6.92,8,1800.0,4.91,5,0,3,#FFD700,86.9,-1.9,87.1,5,5,5,8,SUFFIX(어미변화)
살짝 찰랑맞다,saljjag chalrangmajda,4,2,1,2,1,32,1,saltɕ͈ak̚ tɕʰalraŋmat̚ta,4,2,6,8,5,8,2600.0,6.69,8,1800.0,4.91,5,0,3,#FFD700,86.9,-1.9,87.1,5,5,5,8,SUFFIX(어미변화)
슬쩍 찰랑맞다,seuljjeog chalrangmajda,4,2,1,2,1,32,1,sɯltɕ͈ʌk̚ tɕʰalraŋmat̚ta,4,2,6,8,5,8,2600.0,6.69,8,1800.0,4.91,5,0,3,#FFD700,86.9,-1.9,87.1,5,5,5,8,SUFFIX(어미변화)
선뜻 찰랑맞다,seontteus chalrangmajda,4,2,1,2,1,32,1,sʌnt͈ɯs̚ tɕʰalraŋmat̚ta,4,2,6,8,5,8,2600.0,6.69,8,1800.0,4.91,5,0,3,#FFD700,86.9,-1.9,87.1,5,5,5,8,SUFFIX(어미변화)
단번에 찰랑맞다,danbeone chalrangmajda,4,2,1,2,1,32,1,tanpʌne tɕʰalraŋmat̚ta,3,2,6,7,3,8,2900.0,6.92,8,1800.0,4.91,5,0,2,#FFD700,86.9,-1.9,87.1,5,5,5,8,SUFFIX(어미변화)
한번에 찰랑맞다,hanbeone chalrangmajda,4,2,1,2,1,32,1,hanpʌne tɕʰalraŋmat̚ta,3,2,6,7,3,8,2900.0,6.92,8,1800.0,4.91,5,0,2,#FFD700,86.9,-1.9,87.1,5,5,5,8,SUFFIX(어미변화)
살짝 찰랑찰랑맞다,saljjag chalrangchalrangmajda,4,2,1,2,1,33,1,saltɕ͈ak̚ tɕʰalraŋtɕʰalraŋmat̚ta,4,4,6,8,5,8,2600.0,6.69,8,3200.0,5.89,5,0,3,#FFD700,86.9,-1.9,87.1,5,5,5,1,REDUP(첩어・동일)
슬쩍 찰랑찰랑맞다,seuljjeog chalrangchalrangmajda,4,2,1,2,1,33,1,sɯltɕ͈ʌk̚ tɕʰalraŋtɕʰalraŋmat̚ta,4,4,6,8,5,8,2600.0,6.69,8,3200.0,5.89,5,0,3,#FFD700,86.9,-1.9,87.1,5,5,5,1,REDUP(첩어・동일)
선뜻 찰랑찰랑맞다,seontteus chalrangchalrangmajda,4,2,1,2,1,33,1,sʌnt͈ɯs̚ tɕʰalraŋtɕʰalraŋmat̚ta,4,4,6,8,5,8,2600.0,6.69,8,3200.0,5.89,5,0,3,#FFD700,86.9,-1.9,87.1,5,5,5,1,REDUP(첩어・동일)
단번에 찰랑찰랑맞다,danbeone chalrangchalrangmajda,4,2,1,2,1,33,1,tanpʌne tɕʰalraŋtɕʰalraŋmat̚ta,3,4,6,7,3,8,2900.0,6.92,8,3200.0,5.89,5,0,2,#FFD700,86.9,-1.9,87.1,5,5,5,1,REDUP(첩어・동일)
한번에 찰랑찰랑맞다,hanbeone chalrangchalrangmajda,4,2,1,2,1,33,1,hanpʌne tɕʰalraŋtɕʰalraŋmat̚ta,3,4,6,7,3,8,2900.0,6.92,8,3200.0,5.89,5,0,2,#FFD700,86.9,-1.9,87.1,5,5,5,1,REDUP(첩어・동일)
살짝 찰랑하게,saljjag chalranghage,4,2,1,2,1,32,1,saltɕ͈ak̚ tɕʰalraŋhake,4,2,6,8,5,8,2600.0,6.69,8,1800.0,4.91,5,0,3,#FFD700,86.9,-1.9,87.1,5,5,5,8,SUFFIX(어미변화)
슬쩍 찰랑하게,seuljjeog chalranghage,4,2,1,2,1,32,1,sɯltɕ͈ʌk̚ tɕʰalraŋhake,4,2,6,8,5,8,2600.0,6.69,8,1800.0,4.91,5,0,3,#FFD700,86.9,-1.9,87.1,5,5,5,8,SUFFIX(어미변화)
선뜻 찰랑하게,seontteus chalranghage,4,2,1,2,1,32,1,sʌnt͈ɯs̚ tɕʰalraŋhake,4,2,6,8,5,8,2600.0,6.69,8,1800.0,4.91,5,0,3,#FFD700,86.9,-1.9,87.1,5,5,5,8,SUFFIX(어미변화)
단번에 찰랑하게,danbeone chalranghage,4,2,1,2,1,32,1,tanpʌne tɕʰalraŋhake,3,2,6,7,3,8,2900.0,6.92,8,1800.0,4.91,5,0,2,#FFD700,86.9,-1.9,87.1,5,5,5,8,SUFFIX(어미변화)
한번에 찰랑하게,hanbeone chalranghage,4,2,1,2,1,32,1,hanpʌne tɕʰalraŋhake,3,2,6,7,3,8,2900.0,6.92,8,1800.0,4.91,5,0,2,#FFD700,86.9,-1.9,87.1,5,5,5,8,SUFFIX(어미변화)
살짝 찰랑찰랑하게,saljjag chalrangchalranghage,4,2,1,2,1,33,1,saltɕ͈ak̚ tɕʰalraŋtɕʰalraŋhake,4,4,6,8,5,8,2600.0,6.69,8,3200.0,5.89,5,0,3,#FFD700,86.9,-1.9,87.1,5,5,5,1,REDUP(첩어・동일)
슬쩍 찰랑찰랑하게,seuljjeog chalrangchalranghage,4,2,1,2,1,33,1,sɯltɕ͈ʌk̚ tɕʰalraŋtɕʰalraŋhake,4,4,6,8,5,8,2600.0,6.69,8,3200.0,5.89,5,0,3,#FFD700,86.9,-1.9,87.1,5,5,5,1,REDUP(첩어・동일)
선뜻 찰랑찰랑하게,seontteus chalrangchalranghage,4,2,1,2,1,33,1,sʌnt͈ɯs̚ tɕʰalraŋtɕʰalraŋhake,4,4,6,8,5,8,2600.0,6.69,8,3200.0,5.89,5,0,3,#FFD700,86.9,-1.9,87.1,5,5,5,1,REDUP(첩어・동일)
단번에 찰랑찰랑하게,danbeone chalrangchalranghage,4,2,1,2,1,33,1,tanpʌne tɕʰalraŋtɕʰalraŋhake,3,4,6,7,3,8,2900.0,6.92,8,3200.0,5.89,5,0,2,#FFD700,86.9,-1.9,87.1,5,5,5,1,REDUP(첩어・동일)
한번에 찰랑찰랑하게,hanbeone chalrangchalranghage,4,2,1,2,1,33,1,hanpʌne tɕʰalraŋtɕʰalraŋhake,3,4,6,7,3,8,2900.0,6.92,8,3200.0,5.89,5,0,2,#FFD700,86.9,-1.9,87.1,5,5,5,1,REDUP(첩어・동일)
살짝 찰랑한,saljjag chalranghan,4,2,1,2,1,32,1,saltɕ͈ak̚ tɕʰalraŋhan,4,2,6,8,5,8,2600.0,6.69,8,1800.0,4.91,5,0,3,#FFD700,86.9,-1.9,87.1,5,5,5,8,SUFFIX(어미변화)
슬쩍 찰랑한,seuljjeog chalranghan,4,2,1,2,1,32,1,sɯltɕ͈ʌk̚ tɕʰalraŋhan,4,2,6,8,5,8,2600.0,6.69,8,1800.0,4.91,5,0,3,#FFD700,86.9,-1.9,87.1,5,5,5,8,SUFFIX(어미변화)
선뜻 찰랑한,seontteus chalranghan,4,2,1,2,1,32,1,sʌnt͈ɯs̚ tɕʰalraŋhan,4,2,6,8,5,8,2600.0,6.69,8,1800.0,4.91,5,0,3,#FFD700,86.9,-1.9,87.1,5,5,5,8,SUFFIX(어미변화)
단번에 찰랑한,danbeone chalranghan,4,2,1,2,1,32,1,tanpʌne tɕʰalraŋhan,3,2,6,7,3,8,2900.0,6.92,8,1800.0,4.91,5,0,2,#FFD700,86.9,-1.9,87.1,5,5,5,8,SUFFIX(어미변화)
한번에 찰랑한,hanbeone chalranghan,4,2,1,2,1,32,1,hanpʌne tɕʰalraŋhan,3,2,6,7,3,8,2900.0,6.92,8,1800.0,4.91,5,0,2,#FFD700,86.9,-1.9,87.1,5,5,5,8,SUFFIX(어미변화)
살짝 찰랑찰랑한,saljjag chalrangchalranghan,4,2,1,2,1,33,1,saltɕ͈ak̚ tɕʰalraŋtɕʰalraŋhan,4,4,6,8,5,8,2600.0,6.69,8,3200.0,5.89,5,0,3,#FFD700,86.9,-1.9,87.1,5,5,5,1,REDUP(첩어・동일)
슬쩍 찰랑찰랑한,seuljjeog chalrangchalranghan,4,2,1,2,1,33,1,sɯltɕ͈ʌk̚ tɕʰalraŋtɕʰalraŋhan,4,4,6,8,5,8,2600.0,6.69,8,3200.0,5.89,5,0,3,#FFD700,86.9,-1.9,87.1,5,5,5,1,REDUP(첩어・동일)
선뜻 찰랑찰랑한,seontteus chalrangchalranghan,4,2,1,2,1,33,1,sʌnt͈ɯs̚ tɕʰalraŋtɕʰalraŋhan,4,4,6,8,5,8,2600.0,6.69,8,3200.0,5.89,5,0,3,#FFD700,86.9,-1.9,87.1,5,5,5,1,REDUP(첩어・동일)
단번에 찰랑찰랑한,danbeone chalrangchalranghan,4,2,1,2,1,33,1,tanpʌne tɕʰalraŋtɕʰalraŋhan,3,4,6,7,3,8,2900.0,6.92,8,3200.0,5.89,5,0,2,#FFD700,86.9,-1.9,87.1,5,5,5,1,REDUP(첩어・동일)
한번에 찰랑찰랑한,hanbeone chalrangchalranghan,4,2,1,2,1,33,1,hanpʌne tɕʰalraŋtɕʰalraŋhan,3,4,6,7,3,8,2900.0,6.92,8,3200.0,5.89,5,0,2,#FFD700,86.9,-1.9,87.1,5,5,5,1,REDUP(첩어・동일)
살짝 찰랑스럽게,saljjag chalrangseureopge,4,2,1,2,1,32,1,saltɕ͈ak̚ tɕʰalraŋsɯrʌp̚ke,4,2,6,8,5,8,2600.0,6.69,8,1800.0,4.91,5,0,3,#FFD700,86.9,-1.9,87.1,5,5,5,8,SUFFIX(어미변화)
슬쩍 찰랑스럽게,seuljjeog chalrangseureopge,4,2,1,2,1,32,1,sɯltɕ͈ʌk̚ tɕʰalraŋsɯrʌp̚ke,4,2,6,8,5,8,2600.0,6.69,8,1800.0,4.91,5,0,3,#FFD700,86.9,-1.9,87.1,5,5,5,8,SUFFIX(어미변화)
선뜻 찰랑스럽게,seontteus chalrangseureopge,4,2,1,2,1,32,1,sʌnt͈ɯs̚ tɕʰalraŋsɯrʌp̚ke,4,2,6,8,5,8,2600.0,6.69,8,1800.0,4.91,5,0,3,#FFD700,86.9,-1.9,87.1,5,5,5,8,SUFFIX(어미변화)
단번에 찰랑스럽게,danbeone chalrangseureopge,4,2,1,2,1,32,1,tanpʌne tɕʰalraŋsɯrʌp̚ke,3,2,6,7,5,8,2900.0,6.92,8,1800.0,4.91,5,0,3,#FFD700,86.9,-1.9,87.1,5,5,5,8,SUFFIX(어미변화)
한번에 찰랑스럽게,hanbeone chalrangseureopge,4,2,1,2,1,32,1,hanpʌne tɕʰalraŋsɯrʌp̚ke,3,2,6,7,5,8,2900.0,6.92,8,1800.0,4.91,5,0,3,#FFD700,86.9,-1.9,87.1,5,5,5,8,SUFFIX(어미변화)
살짝 찰랑스러운,saljjag chalrangseureoun,4,2,1,2,1,32,1,saltɕ͈ak̚ tɕʰalraŋsɯrʌun,4,2,6,8,5,8,2600.0,6.69,8,1800.0,4.91,5,0,3,#FFD700,86.9,-1.9,87.1,5,5,5,8,SUFFIX(어미변화)
슬쩍 찰랑스러운,seuljjeog chalrangseureoun,4,2,1,2,1,32,1,sɯltɕ͈ʌk̚ tɕʰalraŋsɯrʌun,4,2,6,8,5,8,2600.0,6.69,8,1800.0,4.91,5,0,3,#FFD700,86.9,-1.9,87.1,5,5,5,8,SUFFIX(어미변화)
선뜻 찰랑스러운,seontteus chalrangseureoun,4,2,1,2,1,32,1,sʌnt͈ɯs̚ tɕʰalraŋsɯrʌun,4,2,6,8,5,8,2600.0,6.69,8,1800.0,4.91,5,0,3,#FFD700,86.9,-1.9,87.1,5,5,5,8,SUFFIX(어미변화)
단번에 찰랑스러운,danbeone chalrangseureoun,4,2,1,2,1,32,1,tanpʌne tɕʰalraŋsɯrʌun,3,2,6,7,3,8,2900.0,6.92,8,1800.0,4.91,5,0,2,#FFD700,86.9,-1.9,87.1,5,5,5,8,SUFFIX(어미변화)
한번에 찰랑스러운,hanbeone chalrangseureoun,4,2,1,2,1,32,1,hanpʌne tɕʰalraŋsɯrʌun,3,2,6,7,3,8,2900.0,6.92,8,1800.0,4.91,5,0,2,#FFD700,86.9,-1.9,87.1,5,5,5,8,SUFFIX(어미변화)
살짝 찰랑해서,saljjag chalranghaeseo,4,2,1,2,1,32,1,saltɕ͈ak̚ tɕʰalraŋhɛsʌ,4,2,6,8,5,8,2600.0,6.69,8,1800.0,4.91,5,0,3,#FFD700,86.9,-1.9,87.1,5,5,5,8,SUFFIX(어미변화)
슬쩍 찰랑해서,seuljjeog chalranghaeseo,4,2,1,2,1,32,1,sɯltɕ͈ʌk̚ tɕʰalraŋhɛsʌ,4,2,6,8,5,8,2600.0,6.69,8,1800.0,4.91,5,0,3,#FFD700,86.9,-1.9,87.1,5,5,5,8,SUFFIX(어미변화)
선뜻 찰랑해서,seontteus chalranghaeseo,4,2,1,2,1,32,1,sʌnt͈ɯs̚ tɕʰalraŋhɛsʌ,4,2,6,8,5,8,2600.0,6.69,8,1800.0,4.91,5,0,3,#FFD700,86.9,-1.9,87.1,5,5,5,8,SUFFIX(어미변화)
단번에 찰랑해서,danbeone chalranghaeseo,4,2,1,2,1,32,1,tanpʌne tɕʰalraŋhɛsʌ,3,2,6,7,3,8,2900.0,6.92,8,1800.0,4.91,5,0,2,#FFD700,86.9,-1.9,87.1,5,5,5,8,SUFFIX(어미변화)
한번에 찰랑해서,hanbeone chalranghaeseo,4,2,1,2,1,32,1,hanpʌne tɕʰalraŋhɛsʌ,3,2,6,7,3,8,2900.0,6.92,8,1800.0,4.91,5,0,2,#FFD700,86.9,-1.9,87.1,5,5,5,8,SUFFIX(어미변화)
살짝 찰랑찰랑해서,saljjag chalrangchalranghaeseo,4,2,1,2,1,33,1,saltɕ͈ak̚ tɕʰalraŋtɕʰalraŋhɛsʌ,4,4,6,8,5,8,2600.0,6.69,8,3200.0,5.89,5,0,3,#FFD700,86.9,-1.9,87.1,5,5,5,1,REDUP(첩어・동일)
슬쩍 찰랑찰랑해서,seuljjeog chalrangchalranghaeseo,4,2,1,2,1,33,1,sɯltɕ͈ʌk̚ tɕʰalraŋtɕʰalraŋhɛsʌ,4,4,6,8,5,8,2600.0,6.69,8,3200.0,5.89,5,0,3,#FFD700,86.9,-1.9,87.1,5,5,5,1,REDUP(첩어・동일)
선뜻 찰랑찰랑해서,seontteus chalrangchalranghaeseo,4,2,1,2,1,33,1,sʌnt͈ɯs̚ tɕʰalraŋtɕʰalraŋhɛsʌ,4,4,6,8,5,8,2600.0,6.69,8,3200.0,5.89,5,0,3,#FFD700,86.9,-1.9,87.1,5,5,5,1,REDUP(첩어・동일)
단번에 찰랑찰랑해서,danbeone chalrangchalranghaeseo,4,2,1,2,1,33,1,tanpʌne tɕʰalraŋtɕʰalraŋhɛsʌ,3,4,6,7,3,8,2900.0,6.92,8,3200.0,5.89,5,0,2,#FFD700,86.9,-1.9,87.1,5,5,5,1,REDUP(첩어・동일)
한번에 찰랑찰랑해서,hanbeone chalrangchalranghaeseo,4,2,1,2,1,33,1,hanpʌne tɕʰalraŋtɕʰalraŋhɛsʌ,3,4,6,7,3,8,2900.0,6.92,8,3200.0,5.89,5,0,2,#FFD700,86.9,-1.9,87.1,5,5,5,1,REDUP(첩어・동일)
살짝 찰랑하고,saljjag chalranghago,4,2,1,2,1,32,1,saltɕ͈ak̚ tɕʰalraŋhako,4,2,6,8,5,8,2600.0,6.69,8,1800.0,4.91,5,0,3,#FFD700,86.9,-1.9,87.1,5,5,5,8,SUFFIX(어미변화)
슬쩍 찰랑하고,seuljjeog chalranghago,4,2,1,2,1,32,1,sɯltɕ͈ʌk̚ tɕʰalraŋhako,4,2,6,8,5,8,2600.0,6.69,8,1800.0,4.91,5,0,3,#FFD700,86.9,-1.9,87.1,5,5,5,8,SUFFIX(어미변화)
선뜻 찰랑하고,seontteus chalranghago,4,2,1,2,1,32,1,sʌnt͈ɯs̚ tɕʰalraŋhako,4,2,6,8,5,8,2600.0,6.69,8,1800.0,4.91,5,0,3,#FFD700,86.9,-1.9,87.1,5,5,5,8,SUFFIX(어미변화)
단번에 찰랑하고,danbeone chalranghago,4,2,1,2,1,32,1,tanpʌne tɕʰalraŋhako,3,2,6,7,3,8,2900.0,6.92,8,1800.0,4.91,5,0,2,#FFD700,86.9,-1.9,87.1,5,5,5,8,SUFFIX(어미변화)
한번에 찰랑하고,hanbeone chalranghago,4,2,1,2,1,32,1,hanpʌne tɕʰalraŋhako,3,2,6,7,3,8,2900.0,6.92,8,1800.0,4.91,5,0,2,#FFD700,86.9,-1.9,87.1,5,5,5,8,SUFFIX(어미변화)
살짝 찰랑찰랑하고,saljjag chalrangchalranghago,4,2,1,2,1,33,1,saltɕ͈ak̚ tɕʰalraŋtɕʰalraŋhako,4,4,6,8,5,8,2600.0,6.69,8,3200.0,5.89,5,0,3,#FFD700,86.9,-1.9,87.1,5,5,5,1,REDUP(첩어・동일)
슬쩍 찰랑찰랑하고,seuljjeog chalrangchalranghago,4,2,1,2,1,33,1,sɯltɕ͈ʌk̚ tɕʰalraŋtɕʰalraŋhako,4,4,6,8,5,8,2600.0,6.69,8,3200.0,5.89,5,0,3,#FFD700,86.9,-1.9,87.1,5,5,5,1,REDUP(첩어・동일)
선뜻 찰랑찰랑하고,seontteus chalrangchalranghago,4,2,1,2,1,33,1,sʌnt͈ɯs̚ tɕʰalraŋtɕʰalraŋhako,4,4,6,8,5,8,2600.0,6.69,8,3200.0,5.89,5,0,3,#FFD700,86.9,-1.9,87.1,5,5,5,1,REDUP(첩어・동일)
단번에 찰랑찰랑하고,danbeone chalrangchalranghago,4,2,1,2,1,33,1,tanpʌne tɕʰalraŋtɕʰalraŋhako,3,4,6,7,3,8,2900.0,6.92,8,3200.0,5.89,5,0,2,#FFD700,86.9,-1.9,87.1,5,5,5,1,REDUP(첩어・동일)
한번에 찰랑찰랑하고,hanbeone chalrangchalranghago,4,2,1,2,1,33,1,hanpʌne tɕʰalraŋtɕʰalraŋhako,3,4,6,7,3,8,2900.0,6.92,8,3200.0,5.89,5,0,2,#FFD700,86.9,-1.9,87.1,5,5,5,1,REDUP(첩어・동일)
살짝 퐁당,saljjag pongdang,2,2,1,2,1,40,1,saltɕ͈ak̚ pʰoŋtaŋ,4,2,6,8,5,8,2600.0,6.69,8,1800.0,4.91,5,0,3,#FFD700,86.9,-1.9,87.1,5,5,5,8,SUFFIX(어미변화)
슬쩍 퐁당,seuljjeog pongdang,2,2,1,2,1,40,1,sɯltɕ͈ʌk̚ pʰoŋtaŋ,4,2,6,8,5,8,2600.0,6.69,8,1800.0,4.91,5,0,3,#FFD700,86.9,-1.9,87.1,5,5,5,8,SUFFIX(어미변화)
선뜻 퐁당,seontteus pongdang,2,2,1,2,1,40,1,sʌnt͈ɯs̚ pʰoŋtaŋ,4,2,6,8,5,8,2600.0,6.69,8,1800.0,4.91,5,0,3,#FFD700,86.9,-1.9,87.1,5,5,5,8,SUFFIX(어미변화)
단번에 퐁당,danbeone pongdang,2,2,1,2,1,40,1,tanpʌne pʰoŋtaŋ,3,2,6,7,3,8,2900.0,6.92,8,1800.0,4.91,5,0,2,#FFD700,86.9,-1.9,87.1,5,5,5,8,SUFFIX(어미변화)
한번에 퐁당,hanbeone pongdang,2,2,1,2,1,40,1,hanpʌne pʰoŋtaŋ,3,2,6,7,3,8,2900.0,6.92,8,1800.0,4.91,5,0,2,#FFD700,86.9,-1.9,87.1,5,5,5,8,SUFFIX(어미변화)
살짝 퐁당퐁당,saljjag pongdangpongdang,2,2,1,2,1,33,1,saltɕ͈ak̚ pʰoŋtaŋpʰoŋtaŋ,4,4,6,8,5,8,2600.0,6.69,8,3200.0,5.89,5,0,3,#FFD700,86.9,-1.9,87.1,5,5,5,1,REDUP(첩어・동일)
슬쩍 퐁당퐁당,seuljjeog pongdangpongdang,2,2,1,2,1,33,1,sɯltɕ͈ʌk̚ pʰoŋtaŋpʰoŋtaŋ,4,4,6,8,5,8,2600.0,6.69,8,3200.0,5.89,5,0,3,#FFD700,86.9,-1.9,87.1,5,5,5,1,REDUP(첩어・동일)
선뜻 퐁당퐁당,seontteus pongdangpongdang,2,2,1,2,1,33,1,sʌnt͈ɯs̚ pʰoŋtaŋpʰoŋtaŋ,4,4,6,8,5,8,2600.0,6.69,8,3200.0,5.89,5,0,3,#FFD700,86.9,-1.9,87.1,5,5,5,1,REDUP(첩어・동일)
단번에 퐁당퐁당,danbeone pongdangpongdang,2,2,1,2,1,33,1,tanpʌne pʰoŋtaŋpʰoŋtaŋ,3,4,6,7,3,8,2900.0,6.92,8,3200.0,5.89,5,0,2,#FFD700,86.9,-1.9,87.1,5,5,5,1,REDUP(첩어・동일)
한번에 퐁당퐁당,hanbeone pongdangpongdang,2,2,1,2,1,33,1,hanpʌne pʰoŋtaŋpʰoŋtaŋ,3,4,6,7,3,8,2900.0,6.92,8,3200.0,5.89,5,0,2,#FFD700,86.9,-1.9,87.1,5,5,5,1,REDUP(첩어・동일)
살짝 퐁당퐁당퐁당,saljjag pongdangpongdangpongdang,2,2,1,2,1,33,1,saltɕ͈ak̚ pʰoŋtaŋpʰoŋtaŋpʰoŋtaŋ,4,4,6,8,5,8,2600.0,6.69,8,3200.0,5.89,5,0,3,#FFD700,86.9,-1.9,87.1,5,5,5,1,REDUP(첩어・동일)
슬쩍 퐁당퐁당퐁당,seuljjeog pongdangpongdangpongdang,2,2,1,2,1,33,1,sɯltɕ͈ʌk̚ pʰoŋtaŋpʰoŋtaŋpʰoŋtaŋ,4,4,6,8,5,8,2600.0,6.69,8,3200.0,5.89,5,0,3,#FFD700,86.9,-1.9,87.1,5,5,5,1,REDUP(첩어・동일)
선뜻 퐁당퐁당퐁당,seontteus pongdangpongdangpongdang,2,2,1,2,1,33,1,sʌnt͈ɯs̚ pʰoŋtaŋpʰoŋtaŋpʰoŋtaŋ,4,4,6,8,5,8,2600.0,6.69,8,3200.0,5.89,5,0,3,#FFD700,86.9,-1.9,87.1,5,5,5,1,REDUP(첩어・동일)
단번에 퐁당퐁당퐁당,danbeone pongdangpongdangpongdang,2,2,1,2,1,33,1,tanpʌne pʰoŋtaŋpʰoŋtaŋpʰoŋtaŋ,3,4,6,7,3,8,2900.0,6.92,8,3200.0,5.89,5,0,2,#FFD700,86.9,-1.9,87.1,5,5,5,1,REDUP(첩어・동일)
한번에 퐁당퐁당퐁당,hanbeone pongdangpongdangpongdang,2,2,1,2,1,33,1,hanpʌne pʰoŋtaŋpʰoŋtaŋpʰoŋtaŋ,3,4,6,7,3,8,2900.0,6.92,8,3200.0,5.89,5,0,2,#FFD700,86.9,-1.9,87.1,5,5,5,1,REDUP(첩어・동일)
살짝 퐁당거리다,saljjag pongdanggeorida,2,2,1,2,1,32,1,saltɕ͈ak̚ pʰoŋtaŋkʌrita,4,2,6,8,5,8,2600.0,6.69,8,1800.0,4.91,5,0,3,#FFD700,86.9,-1.9,87.1,5,5,5,8,STEM+GEORIDA
슬쩍 퐁당거리다,seuljjeog pongdanggeorida,2,2,1,2,1,32,1,sɯltɕ͈ʌk̚ pʰoŋtaŋkʌrita,4,2,6,8,5,8,2600.0,6.69,8,1800.0,4.91,5,0,3,#FFD700,86.9,-1.9,87.1,5,5,5,8,STEM+GEORIDA
선뜻 퐁당거리다,seontteus pongdanggeorida,2,2,1,2,1,32,1,sʌnt͈ɯs̚ pʰoŋtaŋkʌrita,4,2,6,8,5,8,2600.0,6.69,8,1800.0,4.91,5,0,3,#FFD700,86.9,-1.9,87.1,5,5,5,8,STEM+GEORIDA
단번에 퐁당거리다,danbeone pongdanggeorida,2,2,1,2,1,32,1,tanpʌne pʰoŋtaŋkʌrita,3,2,6,7,3,8,2900.0,6.92,8,1800.0,4.91,5,0,2,#FFD700,86.9,-1.9,87.1,5,5,5,8,STEM+GEORIDA
한번에 퐁당거리다,hanbeone pongdanggeorida,2,2,1,2,1,32,1,hanpʌne pʰoŋtaŋkʌrita,3,2,6,7,3,8,2900.0,6.92,8,1800.0,4.91,5,0,2,#FFD700,86.9,-1.9,87.1,5,5,5,8,STEM+GEORIDA
살짝 퐁당대다,saljjag pongdangdaeda,2,2,1,2,1,32,1,saltɕ͈ak̚ pʰoŋtaŋtɛta,4,2,6,8,5,8,2600.0,6.69,8,1800.0,4.91,5,0,3,#FFD700,86.9,-1.9,87.1,5,5,5,8,STEM+DAEDA
슬쩍 퐁당대다,seuljjeog pongdangdaeda,2,2,1,2,1,32,1,sɯltɕ͈ʌk̚ pʰoŋtaŋtɛta,4,2,6,8,5,8,2600.0,6.69,8,1800.0,4.91,5,0,3,#FFD700,86.9,-1.9,87.1,5,5,5,8,STEM+DAEDA
선뜻 퐁당대다,seontteus pongdangdaeda,2,2,1,2,1,32,1,sʌnt͈ɯs̚ pʰoŋtaŋtɛta,4,2,6,8,5,8,2600.0,6.69,8,1800.0,4.91,5,0,3,#FFD700,86.9,-1.9,87.1,5,5,5,8,STEM+DAEDA
단번에 퐁당대다,danbeone pongdangdaeda,2,2,1,2,1,32,1,tanpʌne pʰoŋtaŋtɛta,3,2,6,7,3,8,2900.0,6.92,8,1800.0,4.91,5,0,2,#FFD700,86.9,-1.9,87.1,5,5,5,8,STEM+DAEDA
한번에 퐁당대다,hanbeone pongdangdaeda,2,2,1,2,1,32,1,hanpʌne pʰoŋtaŋtɛta,3,2,6,7,3,8,2900.0,6.92,8,1800.0,4.91,5,0,2,#FFD700,86.9,-1.9,87.1,5,5,5,8,STEM+DAEDA
살짝 퐁당퐁당대다,saljjag pongdangpongdangdaeda,2,2,1,2,1,33,1,saltɕ͈ak̚ pʰoŋtaŋpʰoŋtaŋtɛta,4,4,6,8,5,8,2600.0,6.69,8,3200.0,5.89,5,0,3,#FFD700,86.9,-1.9,87.1,5,5,5,1,STEM+DAEDA
슬쩍 퐁당퐁당대다,seuljjeog pongdangpongdangdaeda,2,2,1,2,1,33,1,sɯltɕ͈ʌk̚ pʰoŋtaŋpʰoŋtaŋtɛta,4,4,6,8,5,8,2600.0,6.69,8,3200.0,5.89,5,0,3,#FFD700,86.9,-1.9,87.1,5,5,5,1,STEM+DAEDA
선뜻 퐁당퐁당대다,seontteus pongdangpongdangdaeda,2,2,1,2,1,33,1,sʌnt͈ɯs̚ pʰoŋtaŋpʰoŋtaŋtɛta,4,4,6,8,5,8,2600.0,6.69,8,3200.0,5.89,5,0,3,#FFD700,86.9,-1.9,87.1,5,5,5,1,STEM+DAEDA
단번에 퐁당퐁당대다,danbeone pongdangpongdangdaeda,2,2,1,2,1,33,1,tanpʌne pʰoŋtaŋpʰoŋtaŋtɛta,3,4,6,7,3,8,2900.0,6.92,8,3200.0,5.89,5,0,2,#FFD700,86.9,-1.9,87.1,5,5,5,1,STEM+DAEDA
한번에 퐁당퐁당대다,hanbeone pongdangpongdangdaeda,2,2,1,2,1,33,1,hanpʌne pʰoŋtaŋpʰoŋtaŋtɛta,3,4,6,7,3,8,2900.0,6.92,8,3200.0,5.89,5,0,2,#FFD700,86.9,-1.9,87.1,5,5,5,1,STEM+DAEDA
살짝 퐁당이다,saljjag pongdangida,2,2,1,2,1,32,1,saltɕ͈ak̚ pʰoŋtaŋita,4,2,6,8,5,8,2600.0,6.69,8,1800.0,4.91,5,0,3,#FFD700,86.9,-1.9,87.1,5,5,5,8,STEM+IDA
슬쩍 퐁당이다,seuljjeog pongdangida,2,2,1,2,1,32,1,sɯltɕ͈ʌk̚ pʰoŋtaŋita,4,2,6,8,5,8,2600.0,6.69,8,1800.0,4.91,5,0,3,#FFD700,86.9,-1.9,87.1,5,5,5,8,STEM+IDA
선뜻 퐁당이다,seontteus pongdangida,2,2,1,2,1,32,1,sʌnt͈ɯs̚ pʰoŋtaŋita,4,2,6,8,5,8,2600.0,6.69,8,1800.0,4.91,5,0,3,#FFD700,86.9,-1.9,87.1,5,5,5,8,STEM+IDA
단번에 퐁당이다,danbeone pongdangida,2,2,1,2,1,32,1,tanpʌne pʰoŋtaŋita,3,2,6,7,3,8,2900.0,6.92,8,1800.0,4.91,5,0,2,#FFD700,86.9,-1.9,87.1,5,5,5,8,STEM+IDA
한번에 퐁당이다,hanbeone pongdangida,2,2,1,2,1,32,1,hanpʌne pʰoŋtaŋita,3,2,6,7,3,8,2900.0,6.92,8,1800.0,4.91,5,0,2,#FFD700,86.9,-1.9,87.1,5,5,5,8,STEM+IDA
살짝 퐁당퐁당이다,saljjag pongdangpongdangida,2,2,1,2,1,33,1,saltɕ͈ak̚ pʰoŋtaŋpʰoŋtaŋita,4,4,6,8,5,8,2600.0,6.69,8,3200.0,5.89,5,0,3,#FFD700,86.9,-1.9,87.1,5,5,5,1,STEM+IDA
슬쩍 퐁당퐁당이다,seuljjeog pongdangpongdangida,2,2,1,2,1,33,1,sɯltɕ͈ʌk̚ pʰoŋtaŋpʰoŋtaŋita,4,4,6,8,5,8,2600.0,6.69,8,3200.0,5.89,5,0,3,#FFD700,86.9,-1.9,87.1,5,5,5,1,STEM+IDA
선뜻 퐁당퐁당이다,seontteus pongdangpongdangida,2,2,1,2,1,33,1,sʌnt͈ɯs̚ pʰoŋtaŋpʰoŋtaŋita,4,4,6,8,5,8,2600.0,6.69,8,3200.0,5.89,5,0,3,#FFD700,86.9,-1.9,87.1,5,5,5,1,STEM+IDA
단번에 퐁당퐁당이다,danbeone pongdangpongdangida,2,2,1,2,1,33,1,tanpʌne pʰoŋtaŋpʰoŋtaŋita,3,4,6,7,3,8,2900.0,6.92,8,3200.0,5.89,5,0,2,#FFD700,86.9,-1.9,87.1,5,5,5,1,STEM+IDA
한번에 퐁당퐁당이다,hanbeone pongdangpongdangida,2,2,1,2,1,33,1,hanpʌne pʰoŋtaŋpʰoŋtaŋita,3,4,6,7,3,8,2900.0,6.92,8,3200.0,5.89,5,0,2,#FFD700,86.9,-1.9,87.1,5,5,5,1,STEM+IDA
살짝 퐁당하다,saljjag pongdanghada,2,2,1,2,1,32,1,saltɕ͈ak̚ pʰoŋtaŋhata,4,2,6,8,5,8,2600.0,6.69,8,1800.0,4.91,5,0,3,#FFD700,86.9,-1.9,87.1,5,5,5,8,STEM+HADA
슬쩍 퐁당하다,seuljjeog pongdanghada,2,2,1,2,1,32,1,sɯltɕ͈ʌk̚ pʰoŋtaŋhata,4,2,6,8,5,8,2600.0,6.69,8,1800.0,4.91,5,0,3,#FFD700,86.9,-1.9,87.1,5,5,5,8,STEM+HADA
선뜻 퐁당하다,seontteus pongdanghada,2,2,1,2,1,32,1,sʌnt͈ɯs̚ pʰoŋtaŋhata,4,2,6,8,5,8,2600.0,6.69,8,1800.0,4.91,5,0,3,#FFD700,86.9,-1.9,87.1,5,5,5,8,STEM+HADA
단번에 퐁당하다,danbeone pongdanghada,2,2,1,2,1,32,1,tanpʌne pʰoŋtaŋhata,3,2,6,7,3,8,2900.0,6.92,8,1800.0,4.91,5,0,2,#FFD700,86.9,-1.9,87.1,5,5,5,8,STEM+HADA
한번에 퐁당하다,hanbeone pongdanghada,2,2,1,2,1,32,1,hanpʌne pʰoŋtaŋhata,3,2,6,7,3,8,2900.0,6.92,8,1800.0,4.91,5,0,2,#FFD700,86.9,-1.9,87.1,5,5,5,8,STEM+HADA
살짝 퐁당퐁당하다,saljjag pongdangpongdanghada,2,2,1,2,1,33,1,saltɕ͈ak̚ pʰoŋtaŋpʰoŋtaŋhata,4,4,6,8,5,8,2600.0,6.69,8,3200.0,5.89,5,0,3,#FFD700,86.9,-1.9,87.1,5,5,5,1,STEM+HADA
슬쩍 퐁당퐁당하다,seuljjeog pongdangpongdanghada,2,2,1,2,1,33,1,sɯltɕ͈ʌk̚ pʰoŋtaŋpʰoŋtaŋhata,4,4,6,8,5,8,2600.0,6.69,8,3200.0,5.89,5,0,3,#FFD700,86.9,-1.9,87.1,5,5,5,1,STEM+HADA
선뜻 퐁당퐁당하다,seontteus pongdangpongdanghada,2,2,1,2,1,33,1,sʌnt͈ɯs̚ pʰoŋtaŋpʰoŋtaŋhata,4,4,6,8,5,8,2600.0,6.69,8,3200.0,5.89,5,0,3,#FFD700,86.9,-1.9,87.1,5,5,5,1,STEM+HADA
단번에 퐁당퐁당하다,danbeone pongdangpongdanghada,2,2,1,2,1,33,1,tanpʌne pʰoŋtaŋpʰoŋtaŋhata,3,4,6,7,3,8,2900.0,6.92,8,3200.0,5.89,5,0,2,#FFD700,86.9,-1.9,87.1,5,5,5,1,STEM+HADA
한번에 퐁당퐁당하다,hanbeone pongdangpongdanghada,2,2,1,2,1,33,1,hanpʌne pʰoŋtaŋpʰoŋtaŋhata,3,4,6,7,3,8,2900.0,6.92,8,3200.0,5.89,5,0,2,#FFD700,86.9,-1.9,87.1,5,5,5,1,STEM+HADA
살짝 퐁당스럽다,saljjag pongdangseureopda,2,2,1,2,1,32,1,saltɕ͈ak̚ pʰoŋtaŋsɯrʌp̚ta,4,2,6,8,5,8,2600.0,6.69,8,1800.0,4.91,5,0,3,#FFD700,86.9,-1.9,87.1,5,5,5,8,SUFFIX(어미변화)
슬쩍 퐁당스럽다,seuljjeog pongdangseureopda,2,2,1,2,1,32,1,sɯltɕ͈ʌk̚ pʰoŋtaŋsɯrʌp̚ta,4,2,6,8,5,8,2600.0,6.69,8,1800.0,4.91,5,0,3,#FFD700,86.9,-1.9,87.1,5,5,5,8,SUFFIX(어미변화)
선뜻 퐁당스럽다,seontteus pongdangseureopda,2,2,1,2,1,32,1,sʌnt͈ɯs̚ pʰoŋtaŋsɯrʌp̚ta,4,2,6,8,5,8,2600.0,6.69,8,1800.0,4.91,5,0,3,#FFD700,86.9,-1.9,87.1,5,5,5,8,SUFFIX(어미변화)
단번에 퐁당스럽다,danbeone pongdangseureopda,2,2,1,2,1,32,1,tanpʌne pʰoŋtaŋsɯrʌp̚ta,3,2,6,7,5,8,2900.0,6.92,8,1800.0,4.91,5,0,3,#FFD700,86.9,-1.9,87.1,5,5,5,8,SUFFIX(어미변화)
한번에 퐁당스럽다,hanbeone pongdangseureopda,2,2,1,2,1,32,1,hanpʌne pʰoŋtaŋsɯrʌp̚ta,3,2,6,7,5,8,2900.0,6.92,8,1800.0,4.91,5,0,3,#FFD700,86.9,-1.9,87.1,5,5,5,8,SUFFIX(어미변화)
살짝 퐁당맞다,saljjag pongdangmajda,2,2,1,2,1,32,1,saltɕ͈ak̚ pʰoŋtaŋmat̚ta,4,2,6,8,5,8,2600.0,6.69,8,1800.0,4.91,5,0,3,#FFD700,86.9,-1.9,87.1,5,5,5,8,SUFFIX(어미변화)
슬쩍 퐁당맞다,seuljjeog pongdangmajda,2,2,1,2,1,32,1,sɯltɕ͈ʌk̚ pʰoŋtaŋmat̚ta,4,2,6,8,5,8,2600.0,6.69,8,1800.0,4.91,5,0,3,#FFD700,86.9,-1.9,87.1,5,5,5,8,SUFFIX(어미변화)
선뜻 퐁당맞다,seontteus pongdangmajda,2,2,1,2,1,32,1,sʌnt͈ɯs̚ pʰoŋtaŋmat̚ta,4,2,6,8,5,8,2600.0,6.69,8,1800.0,4.91,5,0,3,#FFD700,86.9,-1.9,87.1,5,5,5,8,SUFFIX(어미변화)
단번에 퐁당맞다,danbeone pongdangmajda,2,2,1,2,1,32,1,tanpʌne pʰoŋtaŋmat̚ta,3,2,6,7,3,8,2900.0,6.92,8,1800.0,4.91,5,0,2,#FFD700,86.9,-1.9,87.1,5,5,5,8,SUFFIX(어미변화)
한번에 퐁당맞다,hanbeone pongdangmajda,2,2,1,2,1,32,1,hanpʌne pʰoŋtaŋmat̚ta,3,2,6,7,3,8,2900.0,6.92,8,1800.0,4.91,5,0,2,#FFD700,86.9,-1.9,87.1,5,5,5,8,SUFFIX(어미변화)
살짝 퐁당퐁당맞다,saljjag pongdangpongdangmajda,2,2,1,2,1,33,1,saltɕ͈ak̚ pʰoŋtaŋpʰoŋtaŋmat̚ta,4,4,6,8,5,8,2600.0,6.69,8,3200.0,5.89,5,0,3,#FFD700,86.9,-1.9,87.1,5,5,5,1,REDUP(첩어・동일)
슬쩍 퐁당퐁당맞다,seuljjeog pongdangpongdangmajda,2,2,1,2,1,33,1,sɯltɕ͈ʌk̚ pʰoŋtaŋpʰoŋtaŋmat̚ta,4,4,6,8,5,8,2600.0,6.69,8,3200.0,5.89,5,0,3,#FFD700,86.9,-1.9,87.1,5,5,5,1,REDUP(첩어・동일)
선뜻 퐁당퐁당맞다,seontteus pongdangpongdangmajda,2,2,1,2,1,33,1,sʌnt͈ɯs̚ pʰoŋtaŋpʰoŋtaŋmat̚ta,4,4,6,8,5,8,2600.0,6.69,8,3200.0,5.89,5,0,3,#FFD700,86.9,-1.9,87.1,5,5,5,1,REDUP(첩어・동일)
단번에 퐁당퐁당맞다,danbeone pongdangpongdangmajda,2,2,1,2,1,33,1,tanpʌne pʰoŋtaŋpʰoŋtaŋmat̚ta,3,4,6,7,3,8,2900.0,6.92,8,3200.0,5.89,5,0,2,#FFD700,86.9,-1.9,87.1,5,5,5,1,REDUP(첩어・동일)
한번에 퐁당퐁당맞다,hanbeone pongdangpongdangmajda,2,2,1,2,1,33,1,hanpʌne pʰoŋtaŋpʰoŋtaŋmat̚ta,3,4,6,7,3,8,2900.0,6.92,8,3200.0,5.89,5,0,2,#FFD700,86.9,-1.9,87.1,5,5,5,1,REDUP(첩어・동일)
살짝 퐁당하게,saljjag pongdanghage,2,2,1,2,1,32,1,saltɕ͈ak̚ pʰoŋtaŋhake,4,2,6,8,5,8,2600.0,6.69,8,1800.0,4.91,5,0,3,#FFD700,86.9,-1.9,87.1,5,5,5,8,SUFFIX(어미변화)
슬쩍 퐁당하게,seuljjeog pongdanghage,2,2,1,2,1,32,1,sɯltɕ͈ʌk̚ pʰoŋtaŋhake,4,2,6,8,5,8,2600.0,6.69,8,1800.0,4.91,5,0,3,#FFD700,86.9,-1.9,87.1,5,5,5,8,SUFFIX(어미변화)
선뜻 퐁당하게,seontteus pongdanghage,2,2,1,2,1,32,1,sʌnt͈ɯs̚ pʰoŋtaŋhake,4,2,6,8,5,8,2600.0,6.69,8,1800.0,4.91,5,0,3,#FFD700,86.9,-1.9,87.1,5,5,5,8,SUFFIX(어미변화)
단번에 퐁당하게,danbeone pongdanghage,2,2,1,2,1,32,1,tanpʌne pʰoŋtaŋhake,3,2,6,7,3,8,2900.0,6.92,8,1800.0,4.91,5,0,2,#FFD700,86.9,-1.9,87.1,5,5,5,8,SUFFIX(어미변화)
한번에 퐁당하게,hanbeone pongdanghage,2,2,1,2,1,32,1,hanpʌne pʰoŋtaŋhake,3,2,6,7,3,8,2900.0,6.92,8,1800.0,4.91,5,0,2,#FFD700,86.9,-1.9,87.1,5,5,5,8,SUFFIX(어미변화)
살짝 퐁당퐁당하게,saljjag pongdangpongdanghage,2,2,1,2,1,33,1,saltɕ͈ak̚ pʰoŋtaŋpʰoŋtaŋhake,4,4,6,8,5,8,2600.0,6.69,8,3200.0,5.89,5,0,3,#FFD700,86.9,-1.9,87.1,5,5,5,1,REDUP(첩어・동일)
슬쩍 퐁당퐁당하게,seuljjeog pongdangpongdanghage,2,2,1,2,1,33,1,sɯltɕ͈ʌk̚ pʰoŋtaŋpʰoŋtaŋhake,4,4,6,8,5,8,2600.0,6.69,8,3200.0,5.89,5,0,3,#FFD700,86.9,-1.9,87.1,5,5,5,1,REDUP(첩어・동일)
선뜻 퐁당퐁당하게,seontteus pongdangpongdanghage,2,2,1,2,1,33,1,sʌnt͈ɯs̚ pʰoŋtaŋpʰoŋtaŋhake,4,4,6,8,5,8,2600.0,6.69,8,3200.0,5.89,5,0,3,#FFD700,86.9,-1.9,87.1,5,5,5,1,REDUP(첩어・동일)
단번에 퐁당퐁당하게,danbeone pongdangpongdanghage,2,2,1,2,1,33,1,tanpʌne pʰoŋtaŋpʰoŋtaŋhake,3,4,6,7,3,8,2900.0,6.92,8,3200.0,5.89,5,0,2,#FFD700,86.9,-1.9,87.1,5,5,5,1,REDUP(첩어・동일)
한번에 퐁당퐁당하게,hanbeone pongdangpongdanghage,2,2,1,2,1,33,1,hanpʌne pʰoŋtaŋpʰoŋtaŋhake,3,4,6,7,3,8,2900.0,6.92,8,3200.0,5.89,5,0,2,#FFD700,86.9,-1.9,87.1,5,5,5,1,REDUP(첩어・동일)
살짝 퐁당한,saljjag pongdanghan,2,2,1,2,1,32,1,saltɕ͈ak̚ pʰoŋtaŋhan,4,2,6,8,5,8,2600.0,6.69,8,1800.0,4.91,5,0,3,#FFD700,86.9,-1.9,87.1,5,5,5,8,SUFFIX(어미변화)
슬쩍 퐁당한,seuljjeog pongdanghan,2,2,1,2,1,32,1,sɯltɕ͈ʌk̚ pʰoŋtaŋhan,4,2,6,8,5,8,2600.0,6.69,8,1800.0,4.91,5,0,3,#FFD700,86.9,-1.9,87.1,5,5,5,8,SUFFIX(어미변화)
선뜻 퐁당한,seontteus pongdanghan,2,2,1,2,1,32,1,sʌnt͈ɯs̚ pʰoŋtaŋhan,4,2,6,8,5,8,2600.0,6.69,8,1800.0,4.91,5,0,3,#FFD700,86.9,-1.9,87.1,5,5,5,8,SUFFIX(어미변화)
단번에 퐁당한,danbeone pongdanghan,2,2,1,2,1,32,1,tanpʌne pʰoŋtaŋhan,3,2,6,7,3,8,2900.0,6.92,8,1800.0,4.91,5,0,2,#FFD700,86.9,-1.9,87.1,5,5,5,8,SUFFIX(어미변화)
한번에 퐁당한,hanbeone pongdanghan,2,2,1,2,1,32,1,hanpʌne pʰoŋtaŋhan,3,2,6,7,3,8,2900.0,6.92,8,1800.0,4.91,5,0,2,#FFD700,86.9,-1.9,87.1,5,5,5,8,SUFFIX(어미변화)
살짝 퐁당퐁당한,saljjag pongdangpongdanghan,2,2,1,2,1,33,1,saltɕ͈ak̚ pʰoŋtaŋpʰoŋtaŋhan,4,4,6,8,5,8,2600.0,6.69,8,3200.0,5.89,5,0,3,#FFD700,86.9,-1.9,87.1,5,5,5,1,REDUP(첩어・동일)
슬쩍 퐁당퐁당한,seuljjeog pongdangpongdanghan,2,2,1,2,1,33,1,sɯltɕ͈ʌk̚ pʰoŋtaŋpʰoŋtaŋhan,4,4,6,8,5,8,2600.0,6.69,8,3200.0,5.89,5,0,3,#FFD700,86.9,-1.9,87.1,5,5,5,1,REDUP(첩어・동일)
선뜻 퐁당퐁당한,seontteus pongdangpongdanghan,2,2,1,2,1,33,1,sʌnt͈ɯs̚ pʰoŋtaŋpʰoŋtaŋhan,4,4,6,8,5,8,2600.0,6.69,8,3200.0,5.89,5,0,3,#FFD700,86.9,-1.9,87.1,5,5,5,1,REDUP(첩어・동일)
단번에 퐁당퐁당한,danbeone pongdangpongdanghan,2,2,1,2,1,33,1,tanpʌne pʰoŋtaŋpʰoŋtaŋhan,3,4,6,7,3,8,2900.0,6.92,8,3200.0,5.89,5,0,2,#FFD700,86.9,-1.9,87.1,5,5,5,1,REDUP(첩어・동일)
한번에 퐁당퐁당한,hanbeone pongdangpongdanghan,2,2,1,2,1,33,1,hanpʌne pʰoŋtaŋpʰoŋtaŋhan,3,4,6,7,3,8,2900.0,6.92,8,3200.0,5.89,5,0,2,#FFD700,86.9,-1.9,87.1,5,5,5,1,REDUP(첩어・동일)
살짝 퐁당스럽게,saljjag pongdangseureopge,2,2,1,2,1,32,1,saltɕ͈ak̚ pʰoŋtaŋsɯrʌp̚ke,4,2,6,8,5,8,2600.0,6.69,8,1800.0,4.91,5,0,3,#FFD700,86.9,-1.9,87.1,5,5,5,8,SUFFIX(어미변화)
슬쩍 퐁당스럽게,seuljjeog pongdangseureopge,2,2,1,2,1,32,1,sɯltɕ͈ʌk̚ pʰoŋtaŋsɯrʌp̚ke,4,2,6,8,5,8,2600.0,6.69,8,1800.0,4.91,5,0,3,#FFD700,86.9,-1.9,87.1,5,5,5,8,SUFFIX(어미변화)
선뜻 퐁당스럽게,seontteus pongdangseureopge,2,2,1,2,1,32,1,sʌnt͈ɯs̚ pʰoŋtaŋsɯrʌp̚ke,4,2,6,8,5,8,2600.0,6.69,8,1800.0,4.91,5,0,3,#FFD700,86.9,-1.9,87.1,5,5,5,8,SUFFIX(어미변화)
단번에 퐁당스럽게,danbeone pongdangseureopge,2,2,1,2,1,32,1,tanpʌne pʰoŋtaŋsɯrʌp̚ke,3,2,6,7,5,8,2900.0,6.92,8,1800.0,4.91,5,0,3,#FFD700,86.9,-1.9,87.1,5,5,5,8,SUFFIX(어미변화)
한번에 퐁당스럽게,hanbeone pongdangseureopge,2,2,1,2,1,32,1,hanpʌne pʰoŋtaŋsɯrʌp̚ke,3,2,6,7,5,8,2900.0,6.92,8,1800.0,4.91,5,0,3,#FFD700,86.9,-1.9,87.1,5,5,5,8,SUFFIX(어미변화)
살짝 퐁당스러운,saljjag pongdangseureoun,2,2,1,2,1,32,1,saltɕ͈ak̚ pʰoŋtaŋsɯrʌun,4,2,6,8,5,8,2600.0,6.69,8,1800.0,4.91,5,0,3,#FFD700,86.9,-1.9,87.1,5,5,5,8,SUFFIX(어미변화)
슬쩍 퐁당스러운,seuljjeog pongdangseureoun,2,2,1,2,1,32,1,sɯltɕ͈ʌk̚ pʰoŋtaŋsɯrʌun,4,2,6,8,5,8,2600.0,6.69,8,1800.0,4.91,5,0,3,#FFD700,86.9,-1.9,87.1,5,5,5,8,SUFFIX(어미변화)
선뜻 퐁당스러운,seontteus pongdangseureoun,2,2,1,2,1,32,1,sʌnt͈ɯs̚ pʰoŋtaŋsɯrʌun,4,2,6,8,5,8,2600.0,6.69,8,1800.0,4.91,5,0,3,#FFD700,86.9,-1.9,87.1,5,5,5,8,SUFFIX(어미변화)
단번에 퐁당스러운,danbeone pongdangseureoun,2,2,1,2,1,32,1,tanpʌne pʰoŋtaŋsɯrʌun,3,2,6,7,3,8,2900.0,6.92,8,1800.0,4.91,5,0,2,#FFD700,86.9,-1.9,87.1,5,5,5,8,SUFFIX(어미변화)
한번에 퐁당스러운,hanbeone pongdangseureoun,2,2,1,2,1,32,1,hanpʌne pʰoŋtaŋsɯrʌun,3,2,6,7,3,8,2900.0,6.92,8,1800.0,4.91,5,0,2,#FFD700,86.9,-1.9,87.1,5,5,5,8,SUFFIX(어미변화)
살짝 퐁당해서,saljjag pongdanghaeseo,2,2,1,2,1,32,1,saltɕ͈ak̚ pʰoŋtaŋhɛsʌ,4,2,6,8,5,8,2600.0,6.69,8,1800.0,4.91,5,0,3,#FFD700,86.9,-1.9,87.1,5,5,5,8,SUFFIX(어미변화)
슬쩍 퐁당해서,seuljjeog pongdanghaeseo,2,2,1,2,1,32,1,sɯltɕ͈ʌk̚ pʰoŋtaŋhɛsʌ,4,2,6,8,5,8,2600.0,6.69,8,1800.0,4.91,5,0,3,#FFD700,86.9,-1.9,87.1,5,5,5,8,SUFFIX(어미변화)
선뜻 퐁당해서,seontteus pongdanghaeseo,2,2,1,2,1,32,1,sʌnt͈ɯs̚ pʰoŋtaŋhɛsʌ,4,2,6,8,5,8,2600.0,6.69,8,1800.0,4.91,5,0,3,#FFD700,86.9,-1.9,87.1,5,5,5,8,SUFFIX(어미변화)
단번에 퐁당해서,danbeone pongdanghaeseo,2,2,1,2,1,32,1,tanpʌne pʰoŋtaŋhɛsʌ,3,2,6,7,3,8,2900.0,6.92,8,1800.0,4.91,5,0,2,#FFD700,86.9,-1.9,87.1,5,5,5,8,SUFFIX(어미변화)
한번에 퐁당해서,hanbeone pongdanghaeseo,2,2,1,2,1,32,1,hanpʌne pʰoŋtaŋhɛsʌ,3,2,6,7,3,8,2900.0,6.92,8,1800.0,4.91,5,0,2,#FFD700,86.9,-1.9,87.1,5,5,5,8,SUFFIX(어미변화)
살짝 퐁당퐁당해서,saljjag pongdangpongdanghaeseo,2,2,1,2,1,33,1,saltɕ͈ak̚ pʰoŋtaŋpʰoŋtaŋhɛsʌ,4,4,6,8,5,8,2600.0,6.69,8,3200.0,5.89,5,0,3,#FFD700,86.9,-1.9,87.1,5,5,5,1,REDUP(첩어・동일)
슬쩍 퐁당퐁당해서,seuljjeog pongdangpongdanghaeseo,2,2,1,2,1,33,1,sɯltɕ͈ʌk̚ pʰoŋtaŋpʰoŋtaŋhɛsʌ,4,4,6,8,5,8,2600.0,6.69,8,3200.0,5.89,5,0,3,#FFD700,86.9,-1.9,87.1,5,5,5,1,REDUP(첩어・동일)
선뜻 퐁당퐁당해서,seontteus pongdangpongdanghaeseo,2,2,1,2,1,33,1,sʌnt͈ɯs̚ pʰoŋtaŋpʰoŋtaŋhɛsʌ,4,4,6,8,5,8,2600.0,6.69,8,3200.0,5.89,5,0,3,#FFD700,86.9,-1.9,87.1,5,5,5,1,REDUP(첩어・동일)
단번에 퐁당퐁당해서,danbeone pongdangpongdanghaeseo,2,2,1,2,1,33,1,tanpʌne pʰoŋtaŋpʰoŋtaŋhɛsʌ,3,4,6,7,3,8,2900.0,6.92,8,3200.0,5.89,5,0,2,#FFD700,86.9,-1.9,87.1,5,5,5,1,REDUP(첩어・동일)
한번에 퐁당퐁당해서,hanbeone pongdangpongdanghaeseo,2,2,1,2,1,33,1,hanpʌne pʰoŋtaŋpʰoŋtaŋhɛsʌ,3,4,6,7,3,8,2900.0,6.92,8,3200.0,5.89,5,0,2,#FFD700,86.9,-1.9,87.1,5,5,5,1,REDUP(첩어・동일)
살짝 퐁당하고,saljjag pongdanghago,2,2,1,2,1,32,1,saltɕ͈ak̚ pʰoŋtaŋhako,4,2,6,8,5,8,2600.0,6.69,8,1800.0,4.91,5,0,3,#FFD700,86.9,-1.9,87.1,5,5,5,8,SUFFIX(어미변화)
슬쩍 퐁당하고,seuljjeog pongdanghago,2,2,1,2,1,32,1,sɯltɕ͈ʌk̚ pʰoŋtaŋhako,4,2,6,8,5,8,2600.0,6.69,8,1800.0,4.91,5,0,3,#FFD700,86.9,-1.9,87.1,5,5,5,8,SUFFIX(어미변화)
선뜻 퐁당하고,seontteus pongdanghago,2,2,1,2,1,32,1,sʌnt͈ɯs̚ pʰoŋtaŋhako,4,2,6,8,5,8,2600.0,6.69,8,1800.0,4.91,5,0,3,#FFD700,86.9,-1.9,87.1,5,5,5,8,SUFFIX(어미변화)
단번에 퐁당하고,danbeone pongdanghago,2,2,1,2,1,32,1,tanpʌne pʰoŋtaŋhako,3,2,6,7,3,8,2900.0,6.92,8,1800.0,4.91,5,0,2,#FFD700,86.9,-1.9,87.1,5,5,5,8,SUFFIX(어미변화)
한번에 퐁당하고,hanbeone pongdanghago,2,2,1,2,1,32,1,hanpʌne pʰoŋtaŋhako,3,2,6,7,3,8,2900.0,6.92,8,1800.0,4.91,5,0,2,#FFD700,86.9,-1.9,87.1,5,5,5,8,SUFFIX(어미변화)
살짝 퐁당퐁당하고,saljjag pongdangpongdanghago,2,2,1,2,1,33,1,saltɕ͈ak̚ pʰoŋtaŋpʰoŋtaŋhako,4,4,6,8,5,8,2600.0,6.69,8,3200.0,5.89,5,0,3,#FFD700,86.9,-1.9,87.1,5,5,5,1,REDUP(첩어・동일)
슬쩍 퐁당퐁당하고,seuljjeog pongdangpongdanghago,2,2,1,2,1,33,1,sɯltɕ͈ʌk̚ pʰoŋtaŋpʰoŋtaŋhako,4,4,6,8,5,8,2600.0,6.69,8,3200.0,5.89,5,0,3,#FFD700,86.9,-1.9,87.1,5,5,5,1,REDUP(첩어・동일)
선뜻 퐁당퐁당하고,seontteus pongdangpongdanghago,2,2,1,2,1,33,1,sʌnt͈ɯs̚ pʰoŋtaŋpʰoŋtaŋhako,4,4,6,8,5,8,2600.0,6.69,8,3200.0,5.89,5,0,3,#FFD700,86.9,-1.9,87.1,5,5,5,1,REDUP(첩어・동일)
단번에 퐁당퐁당하고,danbeone pongdangpongdanghago,2,2,1,2,1,33,1,tanpʌne pʰoŋtaŋpʰoŋtaŋhako,3,4,6,7,3,8,2900.0,6.92,8,3200.0,5.89,5,0,2,#FFD700,86.9,-1.9,87.1,5,5,5,1,REDUP(첩어・동일)
한번에 퐁당퐁당하고,hanbeone pongdangpongdanghago,2,2,1,2,1,33,1,hanpʌne pʰoŋtaŋpʰoŋtaŋhako,3,4,6,7,3,8,2900.0,6.92,8,3200.0,5.89,5,0,2,#FFD700,86.9,-1.9,87.1,5,5,5,1,REDUP(첩어・동일)
살짝 반짝,saljjag banjjag,4,16,1,1,1,40,1,saltɕ͈ak̚ pantɕ͈ak̚,4,2,4,8,5,5,2600.0,6.69,8,1800.0,4.91,5,0,3,#FFD700,86.9,-1.9,87.1,5,5,5,8,SUFFIX(어미변화)
슬쩍 반짝,seuljjeog banjjag,4,16,1,1,1,40,1,sɯltɕ͈ʌk̚ pantɕ͈ak̚,4,2,4,8,5,5,2600.0,6.69,8,1800.0,4.91,5,0,3,#FFD700,86.9,-1.9,87.1,5,5,5,8,SUFFIX(어미변화)
선뜻 반짝,seontteus banjjag,4,16,1,1,1,40,1,sʌnt͈ɯs̚ pantɕ͈ak̚,4,2,4,8,5,5,2600.0,6.69,8,1800.0,4.91,5,0,3,#FFD700,86.9,-1.9,87.1,5,5,5,8,SUFFIX(어미변화)
단번에 반짝,danbeone banjjag,4,16,1,1,1,40,1,tanpʌne pantɕ͈ak̚,4,2,4,6,5,5,2600.0,6.69,8,1800.0,4.91,5,0,3,#FFD700,86.9,-1.9,87.1,5,5,5,8,SUFFIX(어미변화)
한번에 반짝,hanbeone banjjag,4,16,1,1,1,40,1,hanpʌne pantɕ͈ak̚,4,2,4,8,5,5,2600.0,6.69,8,1800.0,4.91,5,0,3,#FFD700,86.9,-1.9,87.1,5,5,5,8,SUFFIX(어미변화)
살짝 반짝반짝,saljjag banjjagbanjjag,4,16,1,1,1,33,1,saltɕ͈ak̚ pantɕ͈ak̚pantɕ͈ak̚,4,4,4,8,5,5,2600.0,6.69,8,3200.0,5.89,5,0,3,#FFD700,86.9,-1.9,87.1,5,5,5,1,REDUP(첩어・동일)
슬쩍 반짝반짝,seuljjeog banjjagbanjjag,4,16,1,1,1,33,1,sɯltɕ͈ʌk̚ pantɕ͈ak̚pantɕ͈ak̚,4,4,4,8,5,5,2600.0,6.69,8,3200.0,5.89,5,0,3,#FFD700,86.9,-1.9,87.1,5,5,5,1,REDUP(첩어・동일)
선뜻 반짝반짝,seontteus banjjagbanjjag,4,16,1,1,1,33,1,sʌnt͈ɯs̚ pantɕ͈ak̚pantɕ͈ak̚,4,4,4,8,5,5,2600.0,6.69,8,3200.0,5.89,5,0,3,#FFD700,86.9,-1.9,87.1,5,5,5,1,REDUP(첩어・동일)
단번에 반짝반짝,danbeone banjjagbanjjag,4,16,1,1,1,33,1,tanpʌne pantɕ͈ak̚pantɕ͈ak̚,4,4,4,6,5,5,2600.0,6.69,8,3200.0,5.89,5,0,3,#FFD700,86.9,-1.9,87.1,5,5,5,1,REDUP(첩어・동일)
한번에 반짝반짝,hanbeone banjjagbanjjag,4,16,1,1,1,33,1,hanpʌne pantɕ͈ak̚pantɕ͈ak̚,4,4,4,8,5,5,2600.0,6.69,8,3200.0,5.89,5,0,3,#FFD700,86.9,-1.9,87.1,5,5,5,1,REDUP(첩어・동일)
살짝 반짝반짝반짝,saljjag banjjagbanjjagbanjjag,4,16,1,1,1,33,1,saltɕ͈ak̚ pantɕ͈ak̚pantɕ͈ak̚pantɕ͈ak̚,4,4,4,8,5,5,2600.0,6.69,8,3200.0,5.89,5,0,3,#FFD700,86.9,-1.9,87.1,5,5,5,1,REDUP(첩어・동일)
슬쩍 반짝반짝반짝,seuljjeog banjjagbanjjagbanjjag,4,16,1,1,1,33,1,sɯltɕ͈ʌk̚ pantɕ͈ak̚pantɕ͈ak̚pantɕ͈ak̚,4,4,4,8,5,5,2600.0,6.69,8,3200.0,5.89,5,0,3,#FFD700,86.9,-1.9,87.1,5,5,5,1,REDUP(첩어・동일)
선뜻 반짝반짝반짝,seontteus banjjagbanjjagbanjjag,4,16,1,1,1,33,1,sʌnt͈ɯs̚ pantɕ͈ak̚pantɕ͈ak̚pantɕ͈ak̚,4,4,4,8,5,5,2600.0,6.69,8,3200.0,5.89,5,0,3,#FFD700,86.9,-1.9,87.1,5,5,5,1,REDUP(첩어・동일)
단번에 반짝반짝반짝,danbeone banjjagbanjjagbanjjag,4,16,1,1,1,33,1,tanpʌne pantɕ͈ak̚pantɕ͈ak̚pantɕ͈ak̚,4,4,4,6,5,5,2600.0,6.69,8,3200.0,5.89,5,0,3,#FFD700,86.9,-1.9,87.1,5,5,5,1,REDUP(첩어・동일)
한번에 반짝반짝반짝,hanbeone banjjagbanjjagbanjjag,4,16,1,1,1,33,1,hanpʌne pantɕ͈ak̚pantɕ͈ak̚pantɕ͈ak̚,4,4,4,8,5,5,2600.0,6.69,8,3200.0,5.89,5,0,3,#FFD700,86.9,-1.9,87.1,5,5,5,1,REDUP(첩어・동일)
살짝 반짝거리다,saljjag banjjaggeorida,4,16,1,1,1,32,1,saltɕ͈ak̚ pantɕ͈ak̚kʌrita,4,2,4,8,5,5,2600.0,6.69,8,1800.0,4.91,5,0,3,#FFD700,86.9,-1.9,87.1,5,5,5,8,STEM+GEORIDA
슬쩍 반짝거리다,seuljjeog banjjaggeorida,4,16,1,1,1,32,1,sɯltɕ͈ʌk̚ pantɕ͈ak̚kʌrita,4,2,4,8,5,5,2600.0,6.69,8,1800.0,4.91,5,0,3,#FFD700,86.9,-1.9,87.1,5,5,5,8,STEM+GEORIDA
선뜻 반짝거리다,seontteus banjjaggeorida,4,16,1,1,1,32,1,sʌnt͈ɯs̚ pantɕ͈ak̚kʌrita,4,2,4,8,5,5,2600.0,6.69,8,1800.0,4.91,5,0,3,#FFD700,86.9,-1.9,87.1,5,5,5,8,STEM+GEORIDA
단번에 반짝거리다,danbeone banjjaggeorida,4,16,1,1,1,32,1,tanpʌne pantɕ͈ak̚kʌrita,4,2,4,6,5,5,2600.0,6.69,8,1800.0,4.91,5,0,3,#FFD700,86.9,-1.9,87.1,5,5,5,8,STEM+GEORIDA
한번에 반짝거리다,hanbeone banjjaggeorida,4,16,1,1,1,32,1,hanpʌne pantɕ͈ak̚kʌrita,4,2,4,8,5,5,2600.0,6.69,8,1800.0,4.91,5,0,3,#FFD700,86.9,-1.9,87.1,5,5,5,8,STEM+GEORIDA
살짝 반짝대다,saljjag banjjagdaeda,4,16,1,1,1,32,1,saltɕ͈ak̚ pantɕ͈ak̚tɛta,4,2,4,8,5,5,2600.0,6.69,8,1800.0,4.91,5,0,3,#FFD700,86.9,-1.9,87.1,5,5,5,8,STEM+DAEDA
슬쩍 반짝대다,seuljjeog banjjagdaeda,4,16,1,1,1,32,1,sɯltɕ͈ʌk̚ pantɕ͈ak̚tɛta,4,2,4,8,5,5,2600.0,6.69,8,1800.0,4.91,5,0,3,#FFD700,86.9,-1.9,87.1,5,5,5,8,STEM+DAEDA
선뜻 반짝대다,seontteus banjjagdaeda,4,16,1,1,1,32,1,sʌnt͈ɯs̚ pantɕ͈ak̚tɛta,4,2,4,8,5,5,2600.0,6.69,8,1800.0,4.91,5,0,3,#FFD700,86.9,-1.9,87.1,5,5,5,8,STEM+DAEDA
단번에 반짝대다,danbeone banjjagdaeda,4,16,1,1,1,32,1,tanpʌne pantɕ͈ak̚tɛta,4,2,4,6,5,5,2600.0,6.69,8,1800.0,4.91,5,0,3,#FFD700,86.9,-1.9,87.1,5,5,5,8,STEM+DAEDA
한번에 반짝대다,hanbeone banjjagdaeda,4,16,1,1,1,32,1,hanpʌne pantɕ͈ak̚tɛta,4,2,4,8,5,5,2600.0,6.69,8,1800.0,4.91,5,0,3,#FFD700,86.9,-1.9,87.1,5,5,5,8,STEM+DAEDA
살짝 반짝반짝대다,saljjag banjjagbanjjagdaeda,4,16,1,1,1,33,1,saltɕ͈ak̚ pantɕ͈ak̚pantɕ͈ak̚tɛta,4,4,4,8,5,5,2600.0,6.69,8,3200.0,5.89,5,0,3,#FFD700,86.9,-1.9,87.1,5,5,5,1,STEM+DAEDA
슬쩍 반짝반짝대다,seuljjeog banjjagbanjjagdaeda,4,16,1,1,1,33,1,sɯltɕ͈ʌk̚ pantɕ͈ak̚pantɕ͈ak̚tɛta,4,4,4,8,5,5,2600.0,6.69,8,3200.0,5.89,5,0,3,#FFD700,86.9,-1.9,87.1,5,5,5,1,STEM+DAEDA
선뜻 반짝반짝대다,seontteus banjjagbanjjagdaeda,4,16,1,1,1,33,1,sʌnt͈ɯs̚ pantɕ͈ak̚pantɕ͈ak̚tɛta,4,4,4,8,5,5,2600.0,6.69,8,3200.0,5.89,5,0,3,#FFD700,86.9,-1.9,87.1,5,5,5,1,STEM+DAEDA
단번에 반짝반짝대다,danbeone banjjagbanjjagdaeda,4,16,1,1,1,33,1,tanpʌne pantɕ͈ak̚pantɕ͈ak̚tɛta,4,4,4,6,5,5,2600.0,6.69,8,3200.0,5.89,5,0,3,#FFD700,86.9,-1.9,87.1,5,5,5,1,STEM+DAEDA
한번에 반짝반짝대다,hanbeone banjjagbanjjagdaeda,4,16,1,1,1,33,1,hanpʌne pantɕ͈ak̚pantɕ͈ak̚tɛta,4,4,4,8,5,5,2600.0,6.69,8,3200.0,5.89,5,0,3,#FFD700,86.9,-1.9,87.1,5,5,5,1,STEM+DAEDA
살짝 반짝이다,saljjag banjjagida,4,16,1,1,1,32,1,saltɕ͈ak̚ pantɕ͈ak̚ita,4,2,4,8,5,5,2600.0,6.69,8,1800.0,4.91,5,0,3,#FFD700,86.9,-1.9,87.1,5,5,5,8,STEM+IDA
슬쩍 반짝이다,seuljjeog banjjagida,4,16,1,1,1,32,1,sɯltɕ͈ʌk̚ pantɕ͈ak̚ita,4,2,4,8,5,5,2600.0,6.69,8,1800.0,4.91,5,0,3,#FFD700,86.9,-1.9,87.1,5,5,5,8,STEM+IDA
선뜻 반짝이다,seontteus banjjagida,4,16,1,1,1,32,1,sʌnt͈ɯs̚ pantɕ͈ak̚ita,4,2,4,8,5,5,2600.0,6.69,8,1800.0,4.91,5,0,3,#FFD700,86.9,-1.9,87.1,5,5,5,8,STEM+IDA
단번에 반짝이다,danbeone banjjagida,4,16,1,1,1,32,1,tanpʌne pantɕ͈ak̚ita,4,2,4,6,5,5,2600.0,6.69,8,1800.0,4.91,5,0,3,#FFD700,86.9,-1.9,87.1,5,5,5,8,STEM+IDA
한번에 반짝이다,hanbeone banjjagida,4,16,1,1,1,32,1,hanpʌne pantɕ͈ak̚ita,4,2,4,8,5,5,2600.0,6.69,8,1800.0,4.91,5,0,3,#FFD700,86.9,-1.9,87.1,5,5,5,8,STEM+IDA
살짝 반짝반짝이다,saljjag banjjagbanjjagida,4,16,1,1,1,33,1,saltɕ͈ak̚ pantɕ͈ak̚pantɕ͈ak̚ita,4,4,4,8,5,5,2600.0,6.69,8,3200.0,5.89,5,0,3,#FFD700,86.9,-1.9,87.1,5,5,5,1,STEM+IDA
슬쩍 반짝반짝이다,seuljjeog banjjagbanjjagida,4,16,1,1,1,33,1,sɯltɕ͈ʌk̚ pantɕ͈ak̚pantɕ͈ak̚ita,4,4,4,8,5,5,2600.0,6.69,8,3200.0,5.89,5,0,3,#FFD700,86.9,-1.9,87.1,5,5,5,1,STEM+IDA
선뜻 반짝반짝이다,seontteus banjjagbanjjagida,4,16,1,1,1,33,1,sʌnt͈ɯs̚ pantɕ͈ak̚pantɕ͈ak̚ita,4,4,4,8,5,5,2600.0,6.69,8,3200.0,5.89,5,0,3,#FFD700,86.9,-1.9,87.1,5,5,5,1,STEM+IDA
단번에 반짝반짝이다,danbeone banjjagbanjjagida,4,16,1,1,1,33,1,tanpʌne pantɕ͈ak̚pantɕ͈ak̚ita,4,4,4,6,5,5,2600.0,6.69,8,3200.0,5.89,5,0,3,#FFD700,86.9,-1.9,87.1,5,5,5,1,STEM+IDA
한번에 반짝반짝이다,hanbeone banjjagbanjjagida,4,16,1,1,1,33,1,hanpʌne pantɕ͈ak̚pantɕ͈ak̚ita,4,4,4,8,5,5,2600.0,6.69,8,3200.0,5.89,5,0,3,#FFD700,86.9,-1.9,87.1,5,5,5,1,STEM+IDA
살짝 반짝하다,saljjag banjjaghada,4,16,1,1,1,32,1,saltɕ͈ak̚ pantɕ͈ak̚hata,4,2,4,8,5,5,2600.0,6.69,8,1800.0,4.91,5,0,3,#FFD700,86.9,-1.9,87.1,5,5,5,8,STEM+HADA
슬쩍 반짝하다,seuljjeog banjjaghada,4,16,1,1,1,32,1,sɯltɕ͈ʌk̚ pantɕ͈ak̚hata,4,2,4,8,5,5,2600.0,6.69,8,1800.0,4.91,5,0,3,#FFD700,86.9,-1.9,87.1,5,5,5,8,STEM+HADA
선뜻 반짝하다,seontteus banjjaghada,4,16,1,1,1,32,1,sʌnt͈ɯs̚ pantɕ͈ak̚hata,4,2,4,8,5,5,2600.0,6.69,8,1800.0,4.91,5,0,3,#FFD700,86.9,-1.9,87.1,5,5,5,8,STEM+HADA
단번에 반짝하다,danbeone banjjaghada,4,16,1,1,1,32,1,tanpʌne pantɕ͈ak̚hata,4,2,4,8,5,5,2600.0,6.69,8,1800.0,4.91,5,0,3,#FFD700,86.9,-1.9,87.1,5,5,5,8,STEM+HADA
한번에 반짝하다,hanbeone banjjaghada,4,16,1,1,1,32,1,hanpʌne pantɕ͈ak̚hata,4,2,4,8,5,5,2600.0,6.69,8,1800.0,4.91,5,0,3,#FFD700,86.9,-1.9,87.1,5,5,5,8,STEM+HADA
살짝 반짝반짝하다,saljjag banjjagbanjjaghada,4,16,1,1,1,33,1,saltɕ͈ak̚ pantɕ͈ak̚pantɕ͈ak̚hata,4,4,4,8,5,5,2600.0,6.69,8,3200.0,5.89,5,0,3,#FFD700,86.9,-1.9,87.1,5,5,5,1,STEM+HADA
슬쩍 반짝반짝하다,seuljjeog banjjagbanjjaghada,4,16,1,1,1,33,1,sɯltɕ͈ʌk̚ pantɕ͈ak̚pantɕ͈ak̚hata,4,4,4,8,5,5,2600.0,6.69,8,3200.0,5.89,5,0,3,#FFD700,86.9,-1.9,87.1,5,5,5,1,STEM+HADA
선뜻 반짝반짝하다,seontteus banjjagbanjjaghada,4,16,1,1,1,33,1,sʌnt͈ɯs̚ pantɕ͈ak̚pantɕ͈ak̚hata,4,4,4,8,5,5,2600.0,6.69,8,3200.0,5.89,5,0,3,#FFD700,86.9,-1.9,87.1,5,5,5,1,STEM+HADA
단번에 반짝반짝하다,danbeone banjjagbanjjaghada,4,16,1,1,1,33,1,tanpʌne pantɕ͈ak̚pantɕ͈ak̚hata,4,4,4,8,5,5,2600.0,6.69,8,3200.0,5.89,5,0,3,#FFD700,86.9,-1.9,87.1,5,5,5,1,STEM+HADA
한번에 반짝반짝하다,hanbeone banjjagbanjjaghada,4,16,1,1,1,33,1,hanpʌne pantɕ͈ak̚pantɕ͈ak̚hata,4,4,4,8,5,5,2600.0,6.69,8,3200.0,5.89,5,0,3,#FFD700,86.9,-1.9,87.1,5,5,5,1,STEM+HADA
살짝 반짝스럽다,saljjag banjjagseureopda,4,16,1,1,1,32,1,saltɕ͈ak̚ pantɕ͈ak̚sɯrʌp̚ta,4,2,4,8,5,5,2600.0,6.69,8,1800.0,4.91,5,0,3,#FFD700,86.9,-1.9,87.1,5,5,5,8,SUFFIX(어미변화)
슬쩍 반짝스럽다,seuljjeog banjjagseureopda,4,16,1,1,1,32,1,sɯltɕ͈ʌk̚ pantɕ͈ak̚sɯrʌp̚ta,4,2,4,8,5,5,2600.0,6.69,8,1800.0,4.91,5,0,3,#FFD700,86.9,-1.9,87.1,5,5,5,8,SUFFIX(어미변화)
선뜻 반짝스럽다,seontteus banjjagseureopda,4,16,1,1,1,32,1,sʌnt͈ɯs̚ pantɕ͈ak̚sɯrʌp̚ta,4,2,4,8,5,5,2600.0,6.69,8,1800.0,4.91,5,0,3,#FFD700,86.9,-1.9,87.1,5,5,5,8,SUFFIX(어미변화)
단번에 반짝스럽다,danbeone banjjagseureopda,4,16,1,1,1,32,1,tanpʌne pantɕ͈ak̚sɯrʌp̚ta,4,2,4,8,5,5,2600.0,6.69,8,1800.0,4.91,5,0,3,#FFD700,86.9,-1.9,87.1,5,5,5,8,SUFFIX(어미변화)
한번에 반짝스럽다,hanbeone banjjagseureopda,4,16,1,1,1,32,1,hanpʌne pantɕ͈ak̚sɯrʌp̚ta,4,2,4,8,5,5,2600.0,6.69,8,1800.0,4.91,5,0,3,#FFD700,86.9,-1.9,87.1,5,5,5,8,SUFFIX(어미변화)
살짝 반짝맞다,saljjag banjjagmajda,4,16,1,1,1,32,1,saltɕ͈ak̚ pantɕ͈ak̚mat̚ta,4,2,4,8,5,5,2600.0,6.69,8,1800.0,4.91,5,0,3,#FFD700,86.9,-1.9,87.1,5,5,5,8,SUFFIX(어미변화)
슬쩍 반짝맞다,seuljjeog banjjagmajda,4,16,1,1,1,32,1,sɯltɕ͈ʌk̚ pantɕ͈ak̚mat̚ta,4,2,4,8,5,5,2600.0,6.69,8,1800.0,4.91,5,0,3,#FFD700,86.9,-1.9,87.1,5,5,5,8,SUFFIX(어미변화)
선뜻 반짝맞다,seontteus banjjagmajda,4,16,1,1,1,32,1,sʌnt͈ɯs̚ pantɕ͈ak̚mat̚ta,4,2,4,8,5,5,2600.0,6.69,8,1800.0,4.91,5,0,3,#FFD700,86.9,-1.9,87.1,5,5,5,8,SUFFIX(어미변화)
단번에 반짝맞다,danbeone banjjagmajda,4,16,1,1,1,32,1,tanpʌne pantɕ͈ak̚mat̚ta,4,2,4,6,5,5,2600.0,6.69,8,1800.0,4.91,5,0,3,#FFD700,86.9,-1.9,87.1,5,5,5,8,SUFFIX(어미변화)
한번에 반짝맞다,hanbeone banjjagmajda,4,16,1,1,1,32,1,hanpʌne pantɕ͈ak̚mat̚ta,4,2,4,8,5,5,2600.0,6.69,8,1800.0,4.91,5,0,3,#FFD700,86.9,-1.9,87.1,5,5,5,8,SUFFIX(어미변화)
살짝 반짝반짝맞다,saljjag banjjagbanjjagmajda,4,16,1,1,1,33,1,saltɕ͈ak̚ pantɕ͈ak̚pantɕ͈ak̚mat̚ta,4,4,4,8,5,5,2600.0,6.69,8,3200.0,5.89,5,0,3,#FFD700,86.9,-1.9,87.1,5,5,5,1,REDUP(첩어・동일)
슬쩍 반짝반짝맞다,seuljjeog banjjagbanjjagmajda,4,16,1,1,1,33,1,sɯltɕ͈ʌk̚ pantɕ͈ak̚pantɕ͈ak̚mat̚ta,4,4,4,8,5,5,2600.0,6.69,8,3200.0,5.89,5,0,3,#FFD700,86.9,-1.9,87.1,5,5,5,1,REDUP(첩어・동일)
선뜻 반짝반짝맞다,seontteus banjjagbanjjagmajda,4,16,1,1,1,33,1,sʌnt͈ɯs̚ pantɕ͈ak̚pantɕ͈ak̚mat̚ta,4,4,4,8,5,5,2600.0,6.69,8,3200.0,5.89,5,0,3,#FFD700,86.9,-1.9,87.1,5,5,5,1,REDUP(첩어・동일)
단번에 반짝반짝맞다,danbeone banjjagbanjjagmajda,4,16,1,1,1,33,1,tanpʌne pantɕ͈ak̚pantɕ͈ak̚mat̚ta,4,4,4,6,5,5,2600.0,6.69,8,3200.0,5.89,5,0,3,#FFD700,86.9,-1.9,87.1,5,5,5,1,REDUP(첩어・동일)
한번에 반짝반짝맞다,hanbeone banjjagbanjjagmajda,4,16,1,1,1,33,1,hanpʌne pantɕ͈ak̚pantɕ͈ak̚mat̚ta,4,4,4,8,5,5,2600.0,6.69,8,3200.0,5.89,5,0,3,#FFD700,86.9,-1.9,87.1,5,5,5,1,REDUP(첩어・동일)
살짝 반짝하게,saljjag banjjaghage,4,16,1,1,1,32,1,saltɕ͈ak̚ pantɕ͈ak̚hake,4,2,4,8,5,5,2600.0,6.69,8,1800.0,4.91,5,0,3,#FFD700,86.9,-1.9,87.1,5,5,5,8,SUFFIX(어미변화)
슬쩍 반짝하게,seuljjeog banjjaghage,4,16,1,1,1,32,1,sɯltɕ͈ʌk̚ pantɕ͈ak̚hake,4,2,4,8,5,5,2600.0,6.69,8,1800.0,4.91,5,0,3,#FFD700,86.9,-1.9,87.1,5,5,5,8,SUFFIX(어미변화)
선뜻 반짝하게,seontteus banjjaghage,4,16,1,1,1,32,1,sʌnt͈ɯs̚ pantɕ͈ak̚hake,4,2,4,8,5,5,2600.0,6.69,8,1800.0,4.91,5,0,3,#FFD700,86.9,-1.9,87.1,5,5,5,8,SUFFIX(어미변화)
단번에 반짝하게,danbeone banjjaghage,4,16,1,1,1,32,1,tanpʌne pantɕ͈ak̚hake,4,2,4,8,5,5,2600.0,6.69,8,1800.0,4.91,5,0,3,#FFD700,86.9,-1.9,87.1,5,5,5,8,SUFFIX(어미변화)
한번에 반짝하게,hanbeone banjjaghage,4,16,1,1,1,32,1,hanpʌne pantɕ͈ak̚hake,4,2,4,8,5,5,2600.0,6.69,8,1800.0,4.91,5,0,3,#FFD700,86.9,-1.9,87.1,5,5,5,8,SUFFIX(어미변화)
살짝 반짝반짝하게,saljjag banjjagbanjjaghage,4,16,1,1,1,33,1,saltɕ͈ak̚ pantɕ͈ak̚pantɕ͈ak̚hake,4,4,4,8,5,5,2600.0,6.69,8,3200.0,5.89,5,0,3,#FFD700,86.9,-1.9,87.1,5,5,5,1,REDUP(첩어・동일)
슬쩍 반짝반짝하게,seuljjeog banjjagbanjjaghage,4,16,1,1,1,33,1,sɯltɕ͈ʌk̚ pantɕ͈ak̚pantɕ͈ak̚hake,4,4,4,8,5,5,2600.0,6.69,8,3200.0,5.89,5,0,3,#FFD700,86.9,-1.9,87.1,5,5,5,1,REDUP(첩어・동일)
선뜻 반짝반짝하게,seontteus banjjagbanjjaghage,4,16,1,1,1,33,1,sʌnt͈ɯs̚ pantɕ͈ak̚pantɕ͈ak̚hake,4,4,4,8,5,5,2600.0,6.69,8,3200.0,5.89,5,0,3,#FFD700,86.9,-1.9,87.1,5,5,5,1,REDUP(첩어・동일)
단번에 반짝반짝하게,danbeone banjjagbanjjaghage,4,16,1,1,1,33,1,tanpʌne pantɕ͈ak̚pantɕ͈ak̚hake,4,4,4,8,5,5,2600.0,6.69,8,3200.0,5.89,5,0,3,#FFD700,86.9,-1.9,87.1,5,5,5,1,REDUP(첩어・동일)
한번에 반짝반짝하게,hanbeone banjjagbanjjaghage,4,16,1,1,1,33,1,hanpʌne pantɕ͈ak̚pantɕ͈ak̚hake,4,4,4,8,5,5,2600.0,6.69,8,3200.0,5.89,5,0,3,#FFD700,86.9,-1.9,87.1,5,5,5,1,REDUP(첩어・동일)
살짝 반짝한,saljjag banjjaghan,4,16,1,1,1,32,1,saltɕ͈ak̚ pantɕ͈ak̚han,4,2,4,8,5,5,2600.0,6.69,8,1800.0,4.91,5,0,3,#FFD700,86.9,-1.9,87.1,5,5,5,8,SUFFIX(어미변화)
슬쩍 반짝한,seuljjeog banjjaghan,4,16,1,1,1,32,1,sɯltɕ͈ʌk̚ pantɕ͈ak̚han,4,2,4,8,5,5,2600.0,6.69,8,1800.0,4.91,5,0,3,#FFD700,86.9,-1.9,87.1,5,5,5,8,SUFFIX(어미변화)
선뜻 반짝한,seontteus banjjaghan,4,16,1,1,1,32,1,sʌnt͈ɯs̚ pantɕ͈ak̚han,4,2,4,8,5,5,2600.0,6.69,8,1800.0,4.91,5,0,3,#FFD700,86.9,-1.9,87.1,5,5,5,8,SUFFIX(어미변화)
단번에 반짝한,danbeone banjjaghan,4,16,1,1,1,32,1,tanpʌne pantɕ͈ak̚han,4,2,4,8,5,5,2600.0,6.69,8,1800.0,4.91,5,0,3,#FFD700,86.9,-1.9,87.1,5,5,5,8,SUFFIX(어미변화)
한번에 반짝한,hanbeone banjjaghan,4,16,1,1,1,32,1,hanpʌne pantɕ͈ak̚han,4,2,4,8,5,5,2600.0,6.69,8,1800.0,4.91,5,0,3,#FFD700,86.9,-1.9,87.1,5,5,5,8,SUFFIX(어미변화)
살짝 반짝반짝한,saljjag banjjagbanjjaghan,4,16,1,1,1,33,1,saltɕ͈ak̚ pantɕ͈ak̚pantɕ͈ak̚han,4,4,4,8,5,5,2600.0,6.69,8,3200.0,5.89,5,0,3,#FFD700,86.9,-1.9,87.1,5,5,5,1,REDUP(첩어・동일)
슬쩍 반짝반짝한,seuljjeog banjjagbanjjaghan,4,16,1,1,1,33,1,sɯltɕ͈ʌk̚ pantɕ͈ak̚pantɕ͈ak̚han,4,4,4,8,5,5,2600.0,6.69,8,3200.0,5.89,5,0,3,#FFD700,86.9,-1.9,87.1,5,5,5,1,REDUP(첩어・동일)
선뜻 반짝반짝한,seontteus banjjagbanjjaghan,4,16,1,1,1,33,1,sʌnt͈ɯs̚ pantɕ͈ak̚pantɕ͈ak̚han,4,4,4,8,5,5,2600.0,6.69,8,3200.0,5.89,5,0,3,#FFD700,86.9,-1.9,87.1,5,5,5,1,REDUP(첩어・동일)
단번에 반짝반짝한,danbeone banjjagbanjjaghan,4,16,1,1,1,33,1,tanpʌne pantɕ͈ak̚pantɕ͈ak̚han,4,4,4,8,5,5,2600.0,6.69,8,3200.0,5.89,5,0,3,#FFD700,86.9,-1.9,87.1,5,5,5,1,REDUP(첩어・동일)
한번에 반짝반짝한,hanbeone banjjagbanjjaghan,4,16,1,1,1,33,1,hanpʌne pantɕ͈ak̚pantɕ͈ak̚han,4,4,4,8,5,5,2600.0,6.69,8,3200.0,5.89,5,0,3,#FFD700,86.9,-1.9,87.1,5,5,5,1,REDUP(첩어・동일)
살짝 반짝스럽게,saljjag banjjagseureopge,4,16,1,1,1,32,1,saltɕ͈ak̚ pantɕ͈ak̚sɯrʌp̚ke,4,2,4,8,5,5,2600.0,6.69,8,1800.0,4.91,5,0,3,#FFD700,86.9,-1.9,87.1,5,5,5,8,SUFFIX(어미변화)
슬쩍 반짝스럽게,seuljjeog banjjagseureopge,4,16,1,1,1,32,1,sɯltɕ͈ʌk̚ pantɕ͈ak̚sɯrʌp̚ke,4,2,4,8,5,5,2600.0,6.69,8,1800.0,4.91,5,0,3,#FFD700,86.9,-1.9,87.1,5,5,5,8,SUFFIX(어미변화)
선뜻 반짝스럽게,seontteus banjjagseureopge,4,16,1,1,1,32,1,sʌnt͈ɯs̚ pantɕ͈ak̚sɯrʌp̚ke,4,2,4,8,5,5,2600.0,6.69,8,1800.0,4.91,5,0,3,#FFD700,86.9,-1.9,87.1,5,5,5,8,SUFFIX(어미변화)
단번에 반짝스럽게,danbeone banjjagseureopge,4,16,1,1,1,32,1,tanpʌne pantɕ͈ak̚sɯrʌp̚ke,4,2,4,8,5,5,2600.0,6.69,8,1800.0,4.91,5,0,3,#FFD700,86.9,-1.9,87.1,5,5,5,8,SUFFIX(어미변화)
한번에 반짝스럽게,hanbeone banjjagseureopge,4,16,1,1,1,32,1,hanpʌne pantɕ͈ak̚sɯrʌp̚ke,4,2,4,8,5,5,2600.0,6.69,8,1800.0,4.91,5,0,3,#FFD700,86.9,-1.9,87.1,5,5,5,8,SUFFIX(어미변화)
살짝 반짝스러운,saljjag banjjagseureoun,4,16,1,1,1,32,1,saltɕ͈ak̚ pantɕ͈ak̚sɯrʌun,4,2,4,8,5,5,2600.0,6.69,8,1800.0,4.91,5,0,3,#FFD700,86.9,-1.9,87.1,5,5,5,8,SUFFIX(어미변화)
슬쩍 반짝스러운,seuljjeog banjjagseureoun,4,16,1,1,1,32,1,sɯltɕ͈ʌk̚ pantɕ͈ak̚sɯrʌun,4,2,4,8,5,5,2600.0,6.69,8,1800.0,4.91,5,0,3,#FFD700,86.9,-1.9,87.1,5,5,5,8,SUFFIX(어미변화)
선뜻 반짝스러운,seontteus banjjagseureoun,4,16,1,1,1,32,1,sʌnt͈ɯs̚ pantɕ͈ak̚sɯrʌun,4,2,4,8,5,5,2600.0,6.69,8,1800.0,4.91,5,0,3,#FFD700,86.9,-1.9,87.1,5,5,5,8,SUFFIX(어미변화)
단번에 반짝스러운,danbeone banjjagseureoun,4,16,1,1,1,32,1,tanpʌne pantɕ͈ak̚sɯrʌun,4,2,4,8,5,5,2600.0,6.69,8,1800.0,4.91,5,0,3,#FFD700,86.9,-1.9,87.1,5,5,5,8,SUFFIX(어미변화)
한번에 반짝스러운,hanbeone banjjagseureoun,4,16,1,1,1,32,1,hanpʌne pantɕ͈ak̚sɯrʌun,4,2,4,8,5,5,2600.0,6.69,8,1800.0,4.91,5,0,3,#FFD700,86.9,-1.9,87.1,5,5,5,8,SUFFIX(어미변화)
살짝 반짝해서,saljjag banjjaghaeseo,4,16,1,1,1,32,1,saltɕ͈ak̚ pantɕ͈ak̚hɛsʌ,4,2,4,8,5,5,2600.0,6.69,8,1800.0,4.91,5,0,3,#FFD700,86.9,-1.9,87.1,5,5,5,8,SUFFIX(어미변화)
슬쩍 반짝해서,seuljjeog banjjaghaeseo,4,16,1,1,1,32,1,sɯltɕ͈ʌk̚ pantɕ͈ak̚hɛsʌ,4,2,4,8,5,5,2600.0,6.69,8,1800.0,4.91,5,0,3,#FFD700,86.9,-1.9,87.1,5,5,5,8,SUFFIX(어미변화)
선뜻 반짝해서,seontteus banjjaghaeseo,4,16,1,1,1,32,1,sʌnt͈ɯs̚ pantɕ͈ak̚hɛsʌ,4,2,4,8,5,5,2600.0,6.69,8,1800.0,4.91,5,0,3,#FFD700,86.9,-1.9,87.1,5,5,5,8,SUFFIX(어미변화)
단번에 반짝해서,danbeone banjjaghaeseo,4,16,1,1,1,32,1,tanpʌne pantɕ͈ak̚hɛsʌ,4,2,4,8,5,5,2600.0,6.69,8,1800.0,4.91,5,0,3,#FFD700,86.9,-1.9,87.1,5,5,5,8,SUFFIX(어미변화)
한번에 반짝해서,hanbeone banjjaghaeseo,4,16,1,1,1,32,1,hanpʌne pantɕ͈ak̚hɛsʌ,4,2,4,8,5,5,2600.0,6.69,8,1800.0,4.91,5,0,3,#FFD700,86.9,-1.9,87.1,5,5,5,8,SUFFIX(어미변화)
살짝 반짝반짝해서,saljjag banjjagbanjjaghaeseo,4,16,1,1,1,33,1,saltɕ͈ak̚ pantɕ͈ak̚pantɕ͈ak̚hɛsʌ,4,4,4,8,5,5,2600.0,6.69,8,3200.0,5.89,5,0,3,#FFD700,86.9,-1.9,87.1,5,5,5,1,REDUP(첩어・동일)
슬쩍 반짝반짝해서,seuljjeog banjjagbanjjaghaeseo,4,16,1,1,1,33,1,sɯltɕ͈ʌk̚ pantɕ͈ak̚pantɕ͈ak̚hɛsʌ,4,4,4,8,5,5,2600.0,6.69,8,3200.0,5.89,5,0,3,#FFD700,86.9,-1.9,87.1,5,5,5,1,REDUP(첩어・동일)
선뜻 반짝반짝해서,seontteus banjjagbanjjaghaeseo,4,16,1,1,1,33,1,sʌnt͈ɯs̚ pantɕ͈ak̚pantɕ͈ak̚hɛsʌ,4,4,4,8,5,5,2600.0,6.69,8,3200.0,5.89,5,0,3,#FFD700,86.9,-1.9,87.1,5,5,5,1,REDUP(첩어・동일)
단번에 반짝반짝해서,danbeone banjjagbanjjaghaeseo,4,16,1,1,1,33,1,tanpʌne pantɕ͈ak̚pantɕ͈ak̚hɛsʌ,4,4,4,8,5,5,2600.0,6.69,8,3200.0,5.89,5,0,3,#FFD700,86.9,-1.9,87.1,5,5,5,1,REDUP(첩어・동일)
한번에 반짝반짝해서,hanbeone banjjagbanjjaghaeseo,4,16,1,1,1,33,1,hanpʌne pantɕ͈ak̚pantɕ͈ak̚hɛsʌ,4,4,4,8,5,5,2600.0,6.69,8,3200.0,5.89,5,0,3,#FFD700,86.9,-1.9,87.1,5,5,5,1,REDUP(첩어・동일)
살짝 반짝하고,saljjag banjjaghago,4,16,1,1,1,32,1,saltɕ͈ak̚ pantɕ͈ak̚hako,4,2,4,8,5,5,2600.0,6.69,8,1800.0,4.91,5,0,3,#FFD700,86.9,-1.9,87.1,5,5,5,8,SUFFIX(어미변화)
슬쩍 반짝하고,seuljjeog banjjaghago,4,16,1,1,1,32,1,sɯltɕ͈ʌk̚ pantɕ͈ak̚hako,4,2,4,8,5,5,2600.0,6.69,8,1800.0,4.91,5,0,3,#FFD700,86.9,-1.9,87.1,5,5,5,8,SUFFIX(어미변화)
선뜻 반짝하고,seontteus banjjaghago,4,16,1,1,1,32,1,sʌnt͈ɯs̚ pantɕ͈ak̚hako,4,2,4,8,5,5,2600.0,6.69,8,1800.0,4.91,5,0,3,#FFD700,86.9,-1.9,87.1,5,5,5,8,SUFFIX(어미변화)
단번에 반짝하고,danbeone banjjaghago,4,16,1,1,1,32,1,tanpʌne pantɕ͈ak̚hako,4,2,4,8,5,5,2600.0,6.69,8,1800.0,4.91,5,0,3,#FFD700,86.9,-1.9,87.1,5,5,5,8,SUFFIX(어미변화)
한번에 반짝하고,hanbeone banjjaghago,4,16,1,1,1,32,1,hanpʌne pantɕ͈ak̚hako,4,2,4,8,5,5,2600.0,6.69,8,1800.0,4.91,5,0,3,#FFD700,86.9,-1.9,87.1,5,5,5,8,SUFFIX(어미변화)
살짝 반짝반짝하고,saljjag banjjagbanjjaghago,4,16,1,1,1,33,1,saltɕ͈ak̚ pantɕ͈ak̚pantɕ͈ak̚hako,4,4,4,8,5,5,2600.0,6.69,8,3200.0,5.89,5,0,3,#FFD700,86.9,-1.9,87.1,5,5,5,1,REDUP(첩어・동일)
슬쩍 반짝반짝하고,seuljjeog banjjagbanjjaghago,4,16,1,1,1,33,1,sɯltɕ͈ʌk̚ pantɕ͈ak̚pantɕ͈ak̚hako,4,4,4,8,5,5,2600.0,6.69,8,3200.0,5.89,5,0,3,#FFD700,86.9,-1.9,87.1,5,5,5,1,REDUP(첩어・동일)
선뜻 반짝반짝하고,seontteus banjjagbanjjaghago,4,16,1,1,1,33,1,sʌnt͈ɯs̚ pantɕ͈ak̚pantɕ͈ak̚hako,4,4,4,8,5,5,2600.0,6.69,8,3200.0,5.89,5,0,3,#FFD700,86.9,-1.9,87.1,5,5,5,1,REDUP(첩어・동일)
단번에 반짝반짝하고,danbeone banjjagbanjjaghago,4,16,1,1,1,33,1,tanpʌne pantɕ͈ak̚pantɕ͈ak̚hako,4,4,4,8,5,5,2600.0,6.69,8,3200.0,5.89,5,0,3,#FFD700,86.9,-1.9,87.1,5,5,5,1,REDUP(첩어・동일)
한번에 반짝반짝하고,hanbeone banjjagbanjjaghago,4,16,1,1,1,33,1,hanpʌne pantɕ͈ak̚pantɕ͈ak̚hako,4,4,4,8,5,5,2600.0,6.69,8,3200.0,5.89,5,0,3,#FFD700,86.9,-1.9,87.1,5,5,5,1,REDUP(첩어・동일)
살짝 말랑,saljjag malrang,4,1,1,1,1,40,1,saltɕ͈ak̚ malraŋ,4,2,4,8,5,5,2600.0,6.69,8,1800.0,4.91,5,0,3,#FFD700,86.9,-1.9,87.1,5,5,5,8,SUFFIX(어미변화)
슬쩍 말랑,seuljjeog malrang,4,1,1,1,1,40,1,sɯltɕ͈ʌk̚ malraŋ,4,2,4,8,5,5,2600.0,6.69,8,1800.0,4.91,5,0,3,#FFD700,86.9,-1.9,87.1,5,5,5,8,SUFFIX(어미변화)
선뜻 말랑,seontteus malrang,4,1,1,1,1,40,1,sʌnt͈ɯs̚ malraŋ,4,2,4,8,5,5,2600.0,6.69,8,1800.0,4.91,5,0,3,#FFD700,86.9,-1.9,87.1,5,5,5,8,SUFFIX(어미변화)
단번에 말랑,danbeone malrang,4,1,1,1,1,40,1,tanpʌne malraŋ,1,2,3,7,2,5,2100.0,6.25,8,1800.0,4.91,3,0,2,#FFD700,86.9,-1.9,87.1,5,5,5,8,SUFFIX(어미변화)
한번에 말랑,hanbeone malrang,4,1,1,1,1,40,1,hanpʌne malraŋ,1,2,3,7,2,5,2100.0,6.25,8,1800.0,4.91,3,0,2,#FFD700,86.9,-1.9,87.1,5,5,5,8,SUFFIX(어미변화)
살짝 말랑말랑,saljjag malrangmalrang,4,1,1,1,1,33,1,saltɕ͈ak̚ malraŋmalraŋ,4,4,4,8,5,5,2600.0,6.69,8,3200.0,5.89,5,0,3,#FFD700,86.9,-1.9,87.1,5,5,5,1,REDUP(첩어・동일)
슬쩍 말랑말랑,seuljjeog malrangmalrang,4,1,1,1,1,33,1,sɯltɕ͈ʌk̚ malraŋmalraŋ,4,4,4,8,5,5,2600.0,6.69,8,3200.0,5.89,5,0,3,#FFD700,86.9,-1.9,87.1,5,5,5,1,REDUP(첩어・동일)
선뜻 말랑말랑,seontteus malrangmalrang,4,1,1,1,1,33,1,sʌnt͈ɯs̚ malraŋmalraŋ,4,4,4,8,5,5,2600.0,6.69,8,3200.0,5.89,5,0,3,#FFD700,86.9,-1.9,87.1,5,5,5,1,REDUP(첩어・동일)
단번에 말랑말랑,danbeone malrangmalrang,4,1,1,1,1,33,1,tanpʌne malraŋmalraŋ,1,4,3,7,2,5,2100.0,6.25,8,3200.0,5.89,3,0,2,#FFD700,86.9,-1.9,87.1,5,5,5,1,REDUP(첩어・동일)
한번에 말랑말랑,hanbeone malrangmalrang,4,1,1,1,1,33,1,hanpʌne malraŋmalraŋ,1,4,3,7,2,5,2100.0,6.25,8,3200.0,5.89,3,0,2,#FFD700,86.9,-1.9,87.1,5,5,5,1,REDUP(첩어・동일)
살짝 말랑말랑말랑,saljjag malrangmalrangmalrang,4,1,1,1,1,33,1,saltɕ͈ak̚ malraŋmalraŋmalraŋ,4,4,4,8,5,5,2600.0,6.69,8,3200.0,5.89,5,0,3,#FFD700,86.9,-1.9,87.1,5,5,5,1,REDUP(첩어・동일)
슬쩍 말랑말랑말랑,seuljjeog malrangmalrangmalrang,4,1,1,1,1,33,1,sɯltɕ͈ʌk̚ malraŋmalraŋmalraŋ,4,4,4,8,5,5,2600.0,6.69,8,3200.0,5.89,5,0,3,#FFD700,86.9,-1.9,87.1,5,5,5,1,REDUP(첩어・동일)
선뜻 말랑말랑말랑,seontteus malrangmalrangmalrang,4,1,1,1,1,33,1,sʌnt͈ɯs̚ malraŋmalraŋmalraŋ,4,4,4,8,5,5,2600.0,6.69,8,3200.0,5.89,5,0,3,#FFD700,86.9,-1.9,87.1,5,5,5,1,REDUP(첩어・동일)
단번에 말랑말랑말랑,danbeone malrangmalrangmalrang,4,1,1,1,1,33,1,tanpʌne malraŋmalraŋmalraŋ,1,4,3,7,2,5,2100.0,6.25,8,3200.0,5.89,3,0,2,#FFD700,86.9,-1.9,87.1,5,5,5,1,REDUP(첩어・동일)
한번에 말랑말랑말랑,hanbeone malrangmalrangmalrang,4,1,1,1,1,33,1,hanpʌne malraŋmalraŋmalraŋ,1,4,3,7,2,5,2100.0,6.25,8,3200.0,5.89,3,0,2,#FFD700,86.9,-1.9,87.1,5,5,5,1,REDUP(첩어・동일)
살짝 말랑거리다,saljjag malranggeorida,4,1,1,1,1,32,1,saltɕ͈ak̚ malraŋkʌrita,4,2,4,8,5,5,2600.0,6.69,8,1800.0,4.91,5,0,3,#FFD700,86.9,-1.9,87.1,5,5,5,8,STEM+GEORIDA
슬쩍 말랑거리다,seuljjeog malranggeorida,4,1,1,1,1,32,1,sɯltɕ͈ʌk̚ malraŋkʌrita,4,2,4,8,5,5,2600.0,6.69,8,1800.0,4.91,5,0,3,#FFD700,86.9,-1.9,87.1,5,5,5,8,STEM+GEORIDA
선뜻 말랑거리다,seontteus malranggeorida,4,1,1,1,1,32,1,sʌnt͈ɯs̚ malraŋkʌrita,4,2,4,8,5,5,2600.0,6.69,8,1800.0,4.91,5,0,3,#FFD700,86.9,-1.9,87.1,5,5,5,8,STEM+GEORIDA
단번에 말랑거리다,danbeone malranggeorida,4,1,1,1,1,32,1,tanpʌne malraŋkʌrita,1,2,3,7,2,5,2100.0,6.25,8,1800.0,4.91,3,0,2,#FFD700,86.9,-1.9,87.1,5,5,5,8,STEM+GEORIDA
한번에 말랑거리다,hanbeone malranggeorida,4,1,1,1,1,32,1,hanpʌne malraŋkʌrita,1,2,3,7,2,5,2100.0,6.25,8,1800.0,4.91,3,0,2,#FFD700,86.9,-1.9,87.1,5,5,5,8,STEM+GEORIDA
살짝 말랑대다,saljjag malrangdaeda,4,1,1,1,1,32,1,saltɕ͈ak̚ malraŋtɛta,4,2,4,8,5,5,2600.0,6.69,8,1800.0,4.91,5,0,3,#FFD700,86.9,-1.9,87.1,5,5,5,8,STEM+DAEDA
슬쩍 말랑대다,seuljjeog malrangdaeda,4,1,1,1,1,32,1,sɯltɕ͈ʌk̚ malraŋtɛta,4,2,4,8,5,5,2600.0,6.69,8,1800.0,4.91,5,0,3,#FFD700,86.9,-1.9,87.1,5,5,5,8,STEM+DAEDA
선뜻 말랑대다,seontteus malrangdaeda,4,1,1,1,1,32,1,sʌnt͈ɯs̚ malraŋtɛta,4,2,4,8,5,5,2600.0,6.69,8,1800.0,4.91,5,0,3,#FFD700,86.9,-1.9,87.1,5,5,5,8,STEM+DAEDA
단번에 말랑대다,danbeone malrangdaeda,4,1,1,1,1,32,1,tanpʌne malraŋtɛta,1,2,3,7,2,5,2100.0,6.25,8,1800.0,4.91,3,0,2,#FFD700,86.9,-1.9,87.1,5,5,5,8,STEM+DAEDA
한번에 말랑대다,hanbeone malrangdaeda,4,1,1,1,1,32,1,hanpʌne malraŋtɛta,1,2,3,7,2,5,2100.0,6.25,8,1800.0,4.91,3,0,2,#FFD700,86.9,-1.9,87.1,5,5,5,8,STEM+DAEDA
살짝 말랑말랑대다,saljjag malrangmalrangdaeda,4,1,1,1,1,33,1,saltɕ͈ak̚ malraŋmalraŋtɛta,4,4,4,8,5,5,2600.0,6.69,8,3200.0,5.89,5,0,3,#FFD700,86.9,-1.9,87.1,5,5,5,1,STEM+DAEDA
슬쩍 말랑말랑대다,seuljjeog malrangmalrangdaeda,4,1,1,1,1,33,1,sɯltɕ͈ʌk̚ malraŋmalraŋtɛta,4,4,4,8,5,5,2600.0,6.69,8,3200.0,5.89,5,0,3,#FFD700,86.9,-1.9,87.1,5,5,5,1,STEM+DAEDA
선뜻 말랑말랑대다,seontteus malrangmalrangdaeda,4,1,1,1,1,33,1,sʌnt͈ɯs̚ malraŋmalraŋtɛta,4,4,4,8,5,5,2600.0,6.69,8,3200.0,5.89,5,0,3,#FFD700,86.9,-1.9,87.1,5,5,5,1,STEM+DAEDA
단번에 말랑말랑대다,danbeone malrangmalrangdaeda,4,1,1,1,1,33,1,tanpʌne malraŋmalraŋtɛta,1,4,3,7,2,5,2100.0,6.25,8,3200.0,5.89,3,0,2,#FFD700,86.9,-1.9,87.1,5,5,5,1,STEM+DAEDA
한번에 말랑말랑대다,hanbeone malrangmalrangdaeda,4,1,1,1,1,33,1,hanpʌne malraŋmalraŋtɛta,1,4,3,7,2,5,2100.0,6.25,8,3200.0,5.89,3,0,2,#FFD700,86.9,-1.9,87.1,5,5,5,1,STEM+DAEDA
살짝 말랑이다,saljjag malrangida,4,1,1,1,1,32,1,saltɕ͈ak̚ malraŋita,4,2,4,8,5,5,2600.0,6.69,8,1800.0,4.91,5,0,3,#FFD700,86.9,-1.9,87.1,5,5,5,8,STEM+IDA
슬쩍 말랑이다,seuljjeog malrangida,4,1,1,1,1,32,1,sɯltɕ͈ʌk̚ malraŋita,4,2,4,8,5,5,2600.0,6.69,8,1800.0,4.91,5,0,3,#FFD700,86.9,-1.9,87.1,5,5,5,8,STEM+IDA
선뜻 말랑이다,seontteus malrangida,4,1,1,1,1,32,1,sʌnt͈ɯs̚ malraŋita,4,2,4,8,5,5,2600.0,6.69,8,1800.0,4.91,5,0,3,#FFD700,86.9,-1.9,87.1,5,5,5,8,STEM+IDA
단번에 말랑이다,danbeone malrangida,4,1,1,1,1,32,1,tanpʌne malraŋita,1,2,3,7,2,5,2100.0,6.25,8,1800.0,4.91,3,0,2,#FFD700,86.9,-1.9,87.1,5,5,5,8,STEM+IDA
한번에 말랑이다,hanbeone malrangida,4,1,1,1,1,32,1,hanpʌne malraŋita,1,2,3,7,2,5,2100.0,6.25,8,1800.0,4.91,3,0,2,#FFD700,86.9,-1.9,87.1,5,5,5,8,STEM+IDA
살짝 말랑말랑이다,saljjag malrangmalrangida,4,1,1,1,1,33,1,saltɕ͈ak̚ malraŋmalraŋita,4,4,4,8,5,5,2600.0,6.69,8,3200.0,5.89,5,0,3,#FFD700,86.9,-1.9,87.1,5,5,5,1,STEM+IDA
슬쩍 말랑말랑이다,seuljjeog malrangmalrangida,4,1,1,1,1,33,1,sɯltɕ͈ʌk̚ malraŋmalraŋita,4,4,4,8,5,5,2600.0,6.69,8,3200.0,5.89,5,0,3,#FFD700,86.9,-1.9,87.1,5,5,5,1,STEM+IDA
선뜻 말랑말랑이다,seontteus malrangmalrangida,4,1,1,1,1,33,1,sʌnt͈ɯs̚ malraŋmalraŋita,4,4,4,8,5,5,2600.0,6.69,8,3200.0,5.89,5,0,3,#FFD700,86.9,-1.9,87.1,5,5,5,1,STEM+IDA
단번에 말랑말랑이다,danbeone malrangmalrangida,4,1,1,1,1,33,1,tanpʌne malraŋmalraŋita,1,4,3,7,2,5,2100.0,6.25,8,3200.0,5.89,3,0,2,#FFD700,86.9,-1.9,87.1,5,5,5,1,STEM+IDA
한번에 말랑말랑이다,hanbeone malrangmalrangida,4,1,1,1,1,33,1,hanpʌne malraŋmalraŋita,1,4,3,7,2,5,2100.0,6.25,8,3200.0,5.89,3,0,2,#FFD700,86.9,-1.9,87.1,5,5,5,1,STEM+IDA
살짝 말랑하다,saljjag malranghada,4,1,1,1,1,32,1,saltɕ͈ak̚ malraŋhata,4,2,4,8,5,5,2600.0,6.69,8,1800.0,4.91,5,0,3,#FFD700,86.9,-1.9,87.1,5,5,5,8,STEM+HADA
슬쩍 말랑하다,seuljjeog malranghada,4,1,1,1,1,32,1,sɯltɕ͈ʌk̚ malraŋhata,4,2,4,8,5,5,2600.0,6.69,8,1800.0,4.91,5,0,3,#FFD700,86.9,-1.9,87.1,5,5,5,8,STEM+HADA
선뜻 말랑하다,seontteus malranghada,4,1,1,1,1,32,1,sʌnt͈ɯs̚ malraŋhata,4,2,4,8,5,5,2600.0,6.69,8,1800.0,4.91,5,0,3,#FFD700,86.9,-1.9,87.1,5,5,5,8,STEM+HADA
단번에 말랑하다,danbeone malranghada,4,1,1,1,1,32,1,tanpʌne malraŋhata,1,2,3,7,2,5,2100.0,6.25,8,1800.0,4.91,3,0,2,#FFD700,86.9,-1.9,87.1,5,5,5,8,STEM+HADA
한번에 말랑하다,hanbeone malranghada,4,1,1,1,1,32,1,hanpʌne malraŋhata,1,2,3,7,2,5,2100.0,6.25,8,1800.0,4.91,3,0,2,#FFD700,86.9,-1.9,87.1,5,5,5,8,STEM+HADA
살짝 말랑말랑하다,saljjag malrangmalranghada,4,1,1,1,1,33,1,saltɕ͈ak̚ malraŋmalraŋhata,4,4,4,8,5,5,2600.0,6.69,8,3200.0,5.89,5,0,3,#FFD700,86.9,-1.9,87.1,5,5,5,1,STEM+HADA
슬쩍 말랑말랑하다,seuljjeog malrangmalranghada,4,1,1,1,1,33,1,sɯltɕ͈ʌk̚ malraŋmalraŋhata,4,4,4,8,5,5,2600.0,6.69,8,3200.0,5.89,5,0,3,#FFD700,86.9,-1.9,87.1,5,5,5,1,STEM+HADA
선뜻 말랑말랑하다,seontteus malrangmalranghada,4,1,1,1,1,33,1,sʌnt͈ɯs̚ malraŋmalraŋhata,4,4,4,8,5,5,2600.0,6.69,8,3200.0,5.89,5,0,3,#FFD700,86.9,-1.9,87.1,5,5,5,1,STEM+HADA
단번에 말랑말랑하다,danbeone malrangmalranghada,4,1,1,1,1,33,1,tanpʌne malraŋmalraŋhata,1,4,3,7,2,5,2100.0,6.25,8,3200.0,5.89,3,0,2,#FFD700,86.9,-1.9,87.1,5,5,5,1,STEM+HADA
한번에 말랑말랑하다,hanbeone malrangmalranghada,4,1,1,1,1,33,1,hanpʌne malraŋmalraŋhata,1,4,3,7,2,5,2100.0,6.25,8,3200.0,5.89,3,0,2,#FFD700,86.9,-1.9,87.1,5,5,5,1,STEM+HADA
살짝 말랑스럽다,saljjag malrangseureopda,4,1,1,1,1,32,1,saltɕ͈ak̚ malraŋsɯrʌp̚ta,4,2,4,8,5,5,2600.0,6.69,8,1800.0,4.91,5,0,3,#FFD700,86.9,-1.9,87.1,5,5,5,8,SUFFIX(어미변화)
슬쩍 말랑스럽다,seuljjeog malrangseureopda,4,1,1,1,1,32,1,sɯltɕ͈ʌk̚ malraŋsɯrʌp̚ta,4,2,4,8,5,5,2600.0,6.69,8,1800.0,4.91,5,0,3,#FFD700,86.9,-1.9,87.1,5,5,5,8,SUFFIX(어미변화)
선뜻 말랑스럽다,seontteus malrangseureopda,4,1,1,1,1,32,1,sʌnt͈ɯs̚ malraŋsɯrʌp̚ta,4,2,4,8,5,5,2600.0,6.69,8,1800.0,4.91,5,0,3,#FFD700,86.9,-1.9,87.1,5,5,5,8,SUFFIX(어미변화)
단번에 말랑스럽다,danbeone malrangseureopda,4,1,1,1,1,32,1,tanpʌne malraŋsɯrʌp̚ta,1,2,3,7,5,5,2100.0,6.25,8,1800.0,4.91,3,0,3,#FFD700,86.9,-1.9,87.1,5,5,5,8,SUFFIX(어미변화)
한번에 말랑스럽다,hanbeone malrangseureopda,4,1,1,1,1,32,1,hanpʌne malraŋsɯrʌp̚ta,1,2,3,7,5,5,2100.0,6.25,8,1800.0,4.91,3,0,3,#FFD700,86.9,-1.9,87.1,5,5,5,8,SUFFIX(어미변화)
살짝 말랑맞다,saljjag malrangmajda,4,1,1,1,1,32,1,saltɕ͈ak̚ malraŋmat̚ta,4,2,4,8,5,5,2600.0,6.69,8,1800.0,4.91,5,0,3,#FFD700,86.9,-1.9,87.1,5,5,5,8,SUFFIX(어미변화)
슬쩍 말랑맞다,seuljjeog malrangmajda,4,1,1,1,1,32,1,sɯltɕ͈ʌk̚ malraŋmat̚ta,4,2,4,8,5,5,2600.0,6.69,8,1800.0,4.91,5,0,3,#FFD700,86.9,-1.9,87.1,5,5,5,8,SUFFIX(어미변화)
선뜻 말랑맞다,seontteus malrangmajda,4,1,1,1,1,32,1,sʌnt͈ɯs̚ malraŋmat̚ta,4,2,4,8,5,5,2600.0,6.69,8,1800.0,4.91,5,0,3,#FFD700,86.9,-1.9,87.1,5,5,5,8,SUFFIX(어미변화)
단번에 말랑맞다,danbeone malrangmajda,4,1,1,1,1,32,1,tanpʌne malraŋmat̚ta,1,2,3,7,2,5,2100.0,6.25,8,1800.0,4.91,3,0,2,#FFD700,86.9,-1.9,87.1,5,5,5,8,SUFFIX(어미변화)
한번에 말랑맞다,hanbeone malrangmajda,4,1,1,1,1,32,1,hanpʌne malraŋmat̚ta,1,2,3,7,2,5,2100.0,6.25,8,1800.0,4.91,3,0,2,#FFD700,86.9,-1.9,87.1,5,5,5,8,SUFFIX(어미변화)
살짝 말랑말랑맞다,saljjag malrangmalrangmajda,4,1,1,1,1,33,1,saltɕ͈ak̚ malraŋmalraŋmat̚ta,4,4,4,8,5,5,2600.0,6.69,8,3200.0,5.89,5,0,3,#FFD700,86.9,-1.9,87.1,5,5,5,1,REDUP(첩어・동일)
슬쩍 말랑말랑맞다,seuljjeog malrangmalrangmajda,4,1,1,1,1,33,1,sɯltɕ͈ʌk̚ malraŋmalraŋmat̚ta,4,4,4,8,5,5,2600.0,6.69,8,3200.0,5.89,5,0,3,#FFD700,86.9,-1.9,87.1,5,5,5,1,REDUP(첩어・동일)
선뜻 말랑말랑맞다,seontteus malrangmalrangmajda,4,1,1,1,1,33,1,sʌnt͈ɯs̚ malraŋmalraŋmat̚ta,4,4,4,8,5,5,2600.0,6.69,8,3200.0,5.89,5,0,3,#FFD700,86.9,-1.9,87.1,5,5,5,1,REDUP(첩어・동일)
단번에 말랑말랑맞다,danbeone malrangmalrangmajda,4,1,1,1,1,33,1,tanpʌne malraŋmalraŋmat̚ta,1,4,3,7,2,5,2100.0,6.25,8,3200.0,5.89,3,0,2,#FFD700,86.9,-1.9,87.1,5,5,5,1,REDUP(첩어・동일)
한번에 말랑말랑맞다,hanbeone malrangmalrangmajda,4,1,1,1,1,33,1,hanpʌne malraŋmalraŋmat̚ta,1,4,3,7,2,5,2100.0,6.25,8,3200.0,5.89,3,0,2,#FFD700,86.9,-1.9,87.1,5,5,5,1,REDUP(첩어・동일)
살짝 말랑하게,saljjag malranghage,4,1,1,1,1,32,1,saltɕ͈ak̚ malraŋhake,4,2,4,8,5,5,2600.0,6.69,8,1800.0,4.91,5,0,3,#FFD700,86.9,-1.9,87.1,5,5,5,8,SUFFIX(어미변화)
슬쩍 말랑하게,seuljjeog malranghage,4,1,1,1,1,32,1,sɯltɕ͈ʌk̚ malraŋhake,4,2,4,8,5,5,2600.0,6.69,8,1800.0,4.91,5,0,3,#FFD700,86.9,-1.9,87.1,5,5,5,8,SUFFIX(어미변화)
선뜻 말랑하게,seontteus malranghage,4,1,1,1,1,32,1,sʌnt͈ɯs̚ malraŋhake,4,2,4,8,5,5,2600.0,6.69,8,1800.0,4.91,5,0,3,#FFD700,86.9,-1.9,87.1,5,5,5,8,SUFFIX(어미변화)
단번에 말랑하게,danbeone malranghage,4,1,1,1,1,32,1,tanpʌne malraŋhake,1,2,3,7,2,5,2100.0,6.25,8,1800.0,4.91,3,0,2,#FFD700,86.9,-1.9,87.1,5,5,5,8,SUFFIX(어미변화)
한번에 말랑하게,hanbeone malranghage,4,1,1,1,1,32,1,hanpʌne malraŋhake,1,2,3,7,2,5,2100.0,6.25,8,1800.0,4.91,3,0,2,#FFD700,86.9,-1.9,87.1,5,5,5,8,SUFFIX(어미변화)
살짝 말랑말랑하게,saljjag malrangmalranghage,4,1,1,1,1,33,1,saltɕ͈ak̚ malraŋmalraŋhake,4,4,4,8,5,5,2600.0,6.69,8,3200.0,5.89,5,0,3,#FFD700,86.9,-1.9,87.1,5,5,5,1,REDUP(첩어・동일)
슬쩍 말랑말랑하게,seuljjeog malrangmalranghage,4,1,1,1,1,33,1,sɯltɕ͈ʌk̚ malraŋmalraŋhake,4,4,4,8,5,5,2600.0,6.69,8,3200.0,5.89,5,0,3,#FFD700,86.9,-1.9,87.1,5,5,5,1,REDUP(첩어・동일)
선뜻 말랑말랑하게,seontteus malrangmalranghage,4,1,1,1,1,33,1,sʌnt͈ɯs̚ malraŋmalraŋhake,4,4,4,8,5,5,2600.0,6.69,8,3200.0,5.89,5,0,3,#FFD700,86.9,-1.9,87.1,5,5,5,1,REDUP(첩어・동일)
단번에 말랑말랑하게,danbeone malrangmalranghage,4,1,1,1,1,33,1,tanpʌne malraŋmalraŋhake,1,4,3,7,2,5,2100.0,6.25,8,3200.0,5.89,3,0,2,#FFD700,86.9,-1.9,87.1,5,5,5,1,REDUP(첩어・동일)
한번에 말랑말랑하게,hanbeone malrangmalranghage,4,1,1,1,1,33,1,hanpʌne malraŋmalraŋhake,1,4,3,7,2,5,2100.0,6.25,8,3200.0,5.89,3,0,2,#FFD700,86.9,-1.9,87.1,5,5,5,1,REDUP(첩어・동일)
살짝 말랑한,saljjag malranghan,4,1,1,1,1,32,1,saltɕ͈ak̚ malraŋhan,4,2,4,8,5,5,2600.0,6.69,8,1800.0,4.91,5,0,3,#FFD700,86.9,-1.9,87.1,5,5,5,8,SUFFIX(어미변화)
슬쩍 말랑한,seuljjeog malranghan,4,1,1,1,1,32,1,sɯltɕ͈ʌk̚ malraŋhan,4,2,4,8,5,5,2600.0,6.69,8,1800.0,4.91,5,0,3,#FFD700,86.9,-1.9,87.1,5,5,5,8,SUFFIX(어미변화)
선뜻 말랑한,seontteus malranghan,4,1,1,1,1,32,1,sʌnt͈ɯs̚ malraŋhan,4,2,4,8,5,5,2600.0,6.69,8,1800.0,4.91,5,0,3,#FFD700,86.9,-1.9,87.1,5,5,5,8,SUFFIX(어미변화)
단번에 말랑한,danbeone malranghan,4,1,1,1,1,32,1,tanpʌne malraŋhan,1,2,3,7,2,5,2100.0,6.25,8,1800.0,4.91,3,0,2,#FFD700,86.9,-1.9,87.1,5,5,5,8,SUFFIX(어미변화)
한번에 말랑한,hanbeone malranghan,4,1,1,1,1,32,1,hanpʌne malraŋhan,1,2,3,7,2,5,2100.0,6.25,8,1800.0,4.91,3,0,2,#FFD700,86.9,-1.9,87.1,5,5,5,8,SUFFIX(어미변화)
살짝 말랑말랑한,saljjag malrangmalranghan,4,1,1,1,1,33,1,saltɕ͈ak̚ malraŋmalraŋhan,4,4,4,8,5,5,2600.0,6.69,8,3200.0,5.89,5,0,3,#FFD700,86.9,-1.9,87.1,5,5,5,1,REDUP(첩어・동일)
슬쩍 말랑말랑한,seuljjeog malrangmalranghan,4,1,1,1,1,33,1,sɯltɕ͈ʌk̚ malraŋmalraŋhan,4,4,4,8,5,5,2600.0,6.69,8,3200.0,5.89,5,0,3,#FFD700,86.9,-1.9,87.1,5,5,5,1,REDUP(첩어・동일)
선뜻 말랑말랑한,seontteus malrangmalranghan,4,1,1,1,1,33,1,sʌnt͈ɯs̚ malraŋmalraŋhan,4,4,4,8,5,5,2600.0,6.69,8,3200.0,5.89,5,0,3,#FFD700,86.9,-1.9,87.1,5,5,5,1,REDUP(첩어・동일)
단번에 말랑말랑한,danbeone malrangmalranghan,4,1,1,1,1,33,1,tanpʌne malraŋmalraŋhan,1,4,3,7,2,5,2100.0,6.25,8,3200.0,5.89,3,0,2,#FFD700,86.9,-1.9,87.1,5,5,5,1,REDUP(첩어・동일)
한번에 말랑말랑한,hanbeone malrangmalranghan,4,1,1,1,1,33,1,hanpʌne malraŋmalraŋhan,1,4,3,7,2,5,2100.0,6.25,8,3200.0,5.89,3,0,2,#FFD700,86.9,-1.9,87.1,5,5,5,1,REDUP(첩어・동일)
살짝 말랑스럽게,saljjag malrangseureopge,4,1,1,1,1,32,1,saltɕ͈ak̚ malraŋsɯrʌp̚ke,4,2,4,8,5,5,2600.0,6.69,8,1800.0,4.91,5,0,3,#FFD700,86.9,-1.9,87.1,5,5,5,8,SUFFIX(어미변화)
슬쩍 말랑스럽게,seuljjeog malrangseureopge,4,1,1,1,1,32,1,sɯltɕ͈ʌk̚ malraŋsɯrʌp̚ke,4,2,4,8,5,5,2600.0,6.69,8,1800.0,4.91,5,0,3,#FFD700,86.9,-1.9,87.1,5,5,5,8,SUFFIX(어미변화)
선뜻 말랑스럽게,seontteus malrangseureopge,4,1,1,1,1,32,1,sʌnt͈ɯs̚ malraŋsɯrʌp̚ke,4,2,4,8,5,5,2600.0,6.69,8,1800.0,4.91,5,0,3,#FFD700,86.9,-1.9,87.1,5,5,5,8,SUFFIX(어미변화)
단번에 말랑스럽게,danbeone malrangseureopge,4,1,1,1,1,32,1,tanpʌne malraŋsɯrʌp̚ke,1,2,3,7,5,5,2100.0,6.25,8,1800.0,4.91,3,0,3,#FFD700,86.9,-1.9,87.1,5,5,5,8,SUFFIX(어미변화)
한번에 말랑스럽게,hanbeone malrangseureopge,4,1,1,1,1,32,1,hanpʌne malraŋsɯrʌp̚ke,1,2,3,7,5,5,2100.0,6.25,8,1800.0,4.91,3,0,3,#FFD700,86.9,-1.9,87.1,5,5,5,8,SUFFIX(어미변화)
살짝 말랑스러운,saljjag malrangseureoun,4,1,1,1,1,32,1,saltɕ͈ak̚ malraŋsɯrʌun,4,2,4,8,5,5,2600.0,6.69,8,1800.0,4.91,5,0,3,#FFD700,86.9,-1.9,87.1,5,5,5,8,SUFFIX(어미변화)
슬쩍 말랑스러운,seuljjeog malrangseureoun,4,1,1,1,1,32,1,sɯltɕ͈ʌk̚ malraŋsɯrʌun,4,2,4,8,5,5,2600.0,6.69,8,1800.0,4.91,5,0,3,#FFD700,86.9,-1.9,87.1,5,5,5,8,SUFFIX(어미변화)
선뜻 말랑스러운,seontteus malrangseureoun,4,1,1,1,1,32,1,sʌnt͈ɯs̚ malraŋsɯrʌun,4,2,4,8,5,5,2600.0,6.69,8,1800.0,4.91,5,0,3,#FFD700,86.9,-1.9,87.1,5,5,5,8,SUFFIX(어미변화)
단번에 말랑스러운,danbeone malrangseureoun,4,1,1,1,1,32,1,tanpʌne malraŋsɯrʌun,1,2,3,7,2,5,2100.0,6.25,8,1800.0,4.91,3,0,2,#FFD700,86.9,-1.9,87.1,5,5,5,8,SUFFIX(어미변화)
한번에 말랑스러운,hanbeone malrangseureoun,4,1,1,1,1,32,1,hanpʌne malraŋsɯrʌun,1,2,3,7,2,5,2100.0,6.25,8,1800.0,4.91,3,0,2,#FFD700,86.9,-1.9,87.1,5,5,5,8,SUFFIX(어미변화)
살짝 말랑해서,saljjag malranghaeseo,4,1,1,1,1,32,1,saltɕ͈ak̚ malraŋhɛsʌ,4,2,4,8,5,5,2600.0,6.69,8,1800.0,4.91,5,0,3,#FFD700,86.9,-1.9,87.1,5,5,5,8,SUFFIX(어미변화)
슬쩍 말랑해서,seuljjeog malranghaeseo,4,1,1,1,1,32,1,sɯltɕ͈ʌk̚ malraŋhɛsʌ,4,2,4,8,5,5,2600.0,6.69,8,1800.0,4.91,5,0,3,#FFD700,86.9,-1.9,87.1,5,5,5,8,SUFFIX(어미변화)
선뜻 말랑해서,seontteus malranghaeseo,4,1,1,1,1,32,1,sʌnt͈ɯs̚ malraŋhɛsʌ,4,2,4,8,5,5,2600.0,6.69,8,1800.0,4.91,5,0,3,#FFD700,86.9,-1.9,87.1,5,5,5,8,SUFFIX(어미변화)
단번에 말랑해서,danbeone malranghaeseo,4,1,1,1,1,32,1,tanpʌne malraŋhɛsʌ,1,2,3,7,2,5,2100.0,6.25,8,1800.0,4.91,3,0,2,#FFD700,86.9,-1.9,87.1,5,5,5,8,SUFFIX(어미변화)
한번에 말랑해서,hanbeone malranghaeseo,4,1,1,1,1,32,1,hanpʌne malraŋhɛsʌ,1,2,3,7,2,5,2100.0,6.25,8,1800.0,4.91,3,0,2,#FFD700,86.9,-1.9,87.1,5,5,5,8,SUFFIX(어미변화)
살짝 말랑말랑해서,saljjag malrangmalranghaeseo,4,1,1,1,1,33,1,saltɕ͈ak̚ malraŋmalraŋhɛsʌ,4,4,4,8,5,5,2600.0,6.69,8,3200.0,5.89,5,0,3,#FFD700,86.9,-1.9,87.1,5,5,5,1,REDUP(첩어・동일)
슬쩍 말랑말랑해서,seuljjeog malrangmalranghaeseo,4,1,1,1,1,33,1,sɯltɕ͈ʌk̚ malraŋmalraŋhɛsʌ,4,4,4,8,5,5,2600.0,6.69,8,3200.0,5.89,5,0,3,#FFD700,86.9,-1.9,87.1,5,5,5,1,REDUP(첩어・동일)
선뜻 말랑말랑해서,seontteus malrangmalranghaeseo,4,1,1,1,1,33,1,sʌnt͈ɯs̚ malraŋmalraŋhɛsʌ,4,4,4,8,5,5,2600.0,6.69,8,3200.0,5.89,5,0,3,#FFD700,86.9,-1.9,87.1,5,5,5,1,REDUP(첩어・동일)
단번에 말랑말랑해서,danbeone malrangmalranghaeseo,4,1,1,1,1,33,1,tanpʌne malraŋmalraŋhɛsʌ,1,4,3,7,2,5,2100.0,6.25,8,3200.0,5.89,3,0,2,#FFD700,86.9,-1.9,87.1,5,5,5,1,REDUP(첩어・동일)
한번에 말랑말랑해서,hanbeone malrangmalranghaeseo,4,1,1,1,1,33,1,hanpʌne malraŋmalraŋhɛsʌ,1,4,3,7,2,5,2100.0,6.25,8,3200.0,5.89,3,0,2,#FFD700,86.9,-1.9,87.1,5,5,5,1,REDUP(첩어・동일)
살짝 말랑하고,saljjag malranghago,4,1,1,1,1,32,1,saltɕ͈ak̚ malraŋhako,4,2,4,8,5,5,2600.0,6.69,8,1800.0,4.91,5,0,3,#FFD700,86.9,-1.9,87.1,5,5,5,8,SUFFIX(어미변화)
슬쩍 말랑하고,seuljjeog malranghago,4,1,1,1,1,32,1,sɯltɕ͈ʌk̚ malraŋhako,4,2,4,8,5,5,2600.0,6.69,8,1800.0,4.91,5,0,3,#FFD700,86.9,-1.9,87.1,5,5,5,8,SUFFIX(어미변화)
선뜻 말랑하고,seontteus malranghago,4,1,1,1,1,32,1,sʌnt͈ɯs̚ malraŋhako,4,2,4,8,5,5,2600.0,6.69,8,1800.0,4.91,5,0,3,#FFD700,86.9,-1.9,87.1,5,5,5,8,SUFFIX(어미변화)
단번에 말랑하고,danbeone malranghago,4,1,1,1,1,32,1,tanpʌne malraŋhako,1,2,3,7,2,5,2100.0,6.25,8,1800.0,4.91,3,0,2,#FFD700,86.9,-1.9,87.1,5,5,5,8,SUFFIX(어미변화)
한번에 말랑하고,hanbeone malranghago,4,1,1,1,1,32,1,hanpʌne malraŋhako,1,2,3,7,2,5,2100.0,6.25,8,1800.0,4.91,3,0,2,#FFD700,86.9,-1.9,87.1,5,5,5,8,SUFFIX(어미변화)
살짝 말랑말랑하고,saljjag malrangmalranghago,4,1,1,1,1,33,1,saltɕ͈ak̚ malraŋmalraŋhako,4,4,4,8,5,5,2600.0,6.69,8,3200.0,5.89,5,0,3,#FFD700,86.9,-1.9,87.1,5,5,5,1,REDUP(첩어・동일)
슬쩍 말랑말랑하고,seuljjeog malrangmalranghago,4,1,1,1,1,33,1,sɯltɕ͈ʌk̚ malraŋmalraŋhako,4,4,4,8,5,5,2600.0,6.69,8,3200.0,5.89,5,0,3,#FFD700,86.9,-1.9,87.1,5,5,5,1,REDUP(첩어・동일)
선뜻 말랑말랑하고,seontteus malrangmalranghago,4,1,1,1,1,33,1,sʌnt͈ɯs̚ malraŋmalraŋhako,4,4,4,8,5,5,2600.0,6.69,8,3200.0,5.89,5,0,3,#FFD700,86.9,-1.9,87.1,5,5,5,1,REDUP(첩어・동일)
단번에 말랑말랑하고,danbeone malrangmalranghago,4,1,1,1,1,33,1,tanpʌne malraŋmalraŋhako,1,4,3,7,2,5,2100.0,6.25,8,3200.0,5.89,3,0,2,#FFD700,86.9,-1.9,87.1,5,5,5,1,REDUP(첩어・동일)
한번에 말랑말랑하고,hanbeone malrangmalranghago,4,1,1,1,1,33,1,hanpʌne malraŋmalraŋhako,1,4,3,7,2,5,2100.0,6.25,8,3200.0,5.89,3,0,2,#FFD700,86.9,-1.9,87.1,5,5,5,1,REDUP(첩어・동일)
살짝 쫀득,saljjag jjondeuk,4,256,1,4,1,40,1,saltɕ͈ak̚ tɕ͈ontɯk̚,4,2,4,6,5,5,2600.0,6.69,8,1800.0,4.91,5,0,3,#FFD700,86.9,-1.9,87.1,5,5,5,8,SUFFIX(어미변화)
슬쩍 쫀득,seuljjeog jjondeuk,4,256,1,4,1,40,1,sɯltɕ͈ʌk̚ tɕ͈ontɯk̚,4,2,4,6,5,5,2600.0,6.69,8,1800.0,4.91,5,0,3,#FFD700,86.9,-1.9,87.1,5,5,5,8,SUFFIX(어미변화)
선뜻 쫀득,seontteus jjondeuk,4,256,1,4,1,40,1,sʌnt͈ɯs̚ tɕ͈ontɯk̚,4,2,4,6,5,5,2600.0,6.69,8,1800.0,4.91,5,0,3,#FFD700,86.9,-1.9,87.1,5,5,5,8,SUFFIX(어미변화)
단번에 쫀득,danbeone jjondeuk,4,256,1,4,1,40,1,tanpʌne tɕ͈ontɯk̚,4,2,4,4,5,5,2600.0,6.69,8,1800.0,4.91,5,0,3,#FFD700,86.9,-1.9,87.1,5,5,5,8,SUFFIX(어미변화)
한번에 쫀득,hanbeone jjondeuk,4,256,1,4,1,40,1,hanpʌne tɕ͈ontɯk̚,4,2,4,6,5,5,2600.0,6.69,8,1800.0,4.91,5,0,3,#FFD700,86.9,-1.9,87.1,5,5,5,8,SUFFIX(어미변화)
살짝 쫀득쫀득,saljjag jjondeukjjondeuk,4,256,1,4,1,33,1,saltɕ͈ak̚ tɕ͈ontɯk̚tɕ͈ontɯk̚,4,4,4,6,5,5,2600.0,6.69,8,3200.0,5.89,5,0,3,#FFD700,86.9,-1.9,87.1,5,5,5,1,REDUP(첩어・동일)
슬쩍 쫀득쫀득,seuljjeog jjondeukjjondeuk,4,256,1,4,1,33,1,sɯltɕ͈ʌk̚ tɕ͈ontɯk̚tɕ͈ontɯk̚,4,4,4,6,5,5,2600.0,6.69,8,3200.0,5.89,5,0,3,#FFD700,86.9,-1.9,87.1,5,5,5,1,REDUP(첩어・동일)
선뜻 쫀득쫀득,seontteus jjondeukjjondeuk,4,256,1,4,1,33,1,sʌnt͈ɯs̚ tɕ͈ontɯk̚tɕ͈ontɯk̚,4,4,4,6,5,5,2600.0,6.69,8,3200.0,5.89,5,0,3,#FFD700,86.9,-1.9,87.1,5,5,5,1,REDUP(첩어・동일)
단번에 쫀득쫀득,danbeone jjondeukjjondeuk,4,256,1,4,1,33,1,tanpʌne tɕ͈ontɯk̚tɕ͈ontɯk̚,4,4,4,4,5,5,2600.0,6.69,8,3200.0,5.89,5,0,3,#FFD700,86.9,-1.9,87.1,5,5,5,1,REDUP(첩어・동일)
한번에 쫀득쫀득,hanbeone jjondeukjjondeuk,4,256,1,4,1,33,1,hanpʌne tɕ͈ontɯk̚tɕ͈ontɯk̚,4,4,4,6,5,5,2600.0,6.69,8,3200.0,5.89,5,0,3,#FFD700,86.9,-1.9,87.1,5,5,5,1,REDUP(첩어・동일)
살짝 쫀득쫀득쫀득,saljjag jjondeukjjondeukjjondeuk,4,256,1,4,1,33,1,saltɕ͈ak̚ tɕ͈ontɯk̚tɕ͈ontɯk̚tɕ͈ontɯk̚,4,4,4,6,5,5,2600.0,6.69,8,3200.0,5.89,5,0,3,#FFD700,86.9,-1.9,87.1,5,5,5,1,REDUP(첩어・동일)
슬쩍 쫀득쫀득쫀득,seuljjeog jjondeukjjondeukjjondeuk,4,256,1,4,1,33,1,sɯltɕ͈ʌk̚ tɕ͈ontɯk̚tɕ͈ontɯk̚tɕ͈ontɯk̚,4,4,4,6,5,5,2600.0,6.69,8,3200.0,5.89,5,0,3,#FFD700,86.9,-1.9,87.1,5,5,5,1,REDUP(첩어・동일)
선뜻 쫀득쫀득쫀득,seontteus jjondeukjjondeukjjondeuk,4,256,1,4,1,33,1,sʌnt͈ɯs̚ tɕ͈ontɯk̚tɕ͈ontɯk̚tɕ͈ontɯk̚,4,4,4,6,5,5,2600.0,6.69,8,3200.0,5.89,5,0,3,#FFD700,86.9,-1.9,87.1,5,5,5,1,REDUP(첩어・동일)
단번에 쫀득쫀득쫀득,danbeone jjondeukjjondeukjjondeuk,4,256,1,4,1,33,1,tanpʌne tɕ͈ontɯk̚tɕ͈ontɯk̚tɕ͈ontɯk̚,4,4,4,4,5,5,2600.0,6.69,8,3200.0,5.89,5,0,3,#FFD700,86.9,-1.9,87.1,5,5,5,1,REDUP(첩어・동일)
한번에 쫀득쫀득쫀득,hanbeone jjondeukjjondeukjjondeuk,4,256,1,4,1,33,1,hanpʌne tɕ͈ontɯk̚tɕ͈ontɯk̚tɕ͈ontɯk̚,4,4,4,6,5,5,2600.0,6.69,8,3200.0,5.89,5,0,3,#FFD700,86.9,-1.9,87.1,5,5,5,1,REDUP(첩어・동일)
살짝 쫀득거리다,saljjag jjondeukgeorida,4,256,1,4,1,32,1,saltɕ͈ak̚ tɕ͈ontɯk̚kʌrita,4,2,4,6,5,5,2600.0,6.69,8,1800.0,4.91,5,0,3,#FFD700,86.9,-1.9,87.1,5,5,5,8,STEM+GEORIDA
슬쩍 쫀득거리다,seuljjeog jjondeukgeorida,4,256,1,4,1,32,1,sɯltɕ͈ʌk̚ tɕ͈ontɯk̚kʌrita,4,2,4,6,5,5,2600.0,6.69,8,1800.0,4.91,5,0,3,#FFD700,86.9,-1.9,87.1,5,5,5,8,STEM+GEORIDA
선뜻 쫀득거리다,seontteus jjondeukgeorida,4,256,1,4,1,32,1,sʌnt͈ɯs̚ tɕ͈ontɯk̚kʌrita,4,2,4,6,5,5,2600.0,6.69,8,1800.0,4.91,5,0,3,#FFD700,86.9,-1.9,87.1,5,5,5,8,STEM+GEORIDA
단번에 쫀득거리다,danbeone jjondeukgeorida,4,256,1,4,1,32,1,tanpʌne tɕ͈ontɯk̚kʌrita,4,2,4,4,5,5,2600.0,6.69,8,1800.0,4.91,5,0,3,#FFD700,86.9,-1.9,87.1,5,5,5,8,STEM+GEORIDA
한번에 쫀득거리다,hanbeone jjondeukgeorida,4,256,1,4,1,32,1,hanpʌne tɕ͈ontɯk̚kʌrita,4,2,4,6,5,5,2600.0,6.69,8,1800.0,4.91,5,0,3,#FFD700,86.9,-1.9,87.1,5,5,5,8,STEM+GEORIDA
살짝 쫀득대다,saljjag jjondeukdaeda,4,256,1,4,1,32,1,saltɕ͈ak̚ tɕ͈ontɯk̚tɛta,4,2,4,6,5,5,2600.0,6.69,8,1800.0,4.91,5,0,3,#FFD700,86.9,-1.9,87.1,5,5,5,8,STEM+DAEDA
슬쩍 쫀득대다,seuljjeog jjondeukdaeda,4,256,1,4,1,32,1,sɯltɕ͈ʌk̚ tɕ͈ontɯk̚tɛta,4,2,4,6,5,5,2600.0,6.69,8,1800.0,4.91,5,0,3,#FFD700,86.9,-1.9,87.1,5,5,5,8,STEM+DAEDA
선뜻 쫀득대다,seontteus jjondeukdaeda,4,256,1,4,1,32,1,sʌnt͈ɯs̚ tɕ͈ontɯk̚tɛta,4,2,4,6,5,5,2600.0,6.69,8,1800.0,4.91,5,0,3,#FFD700,86.9,-1.9,87.1,5,5,5,8,STEM+DAEDA
단번에 쫀득대다,danbeone jjondeukdaeda,4,256,1,4,1,32,1,tanpʌne tɕ͈ontɯk̚tɛta,4,2,4,4,5,5,2600.0,6.69,8,1800.0,4.91,5,0,3,#FFD700,86.9,-1.9,87.1,5,5,5,8,STEM+DAEDA
한번에 쫀득대다,hanbeone jjondeukdaeda,4,256,1,4,1,32,1,hanpʌne tɕ͈ontɯk̚tɛta,4,2,4,6,5,5,2600.0,6.69,8,1800.0,4.91,5,0,3,#FFD700,86.9,-1.9,87.1,5,5,5,8,STEM+DAEDA
살짝 쫀득쫀득대다,saljjag jjondeukjjondeukdaeda,4,256,1,4,1,33,1,saltɕ͈ak̚ tɕ͈ontɯk̚tɕ͈ontɯk̚tɛta,4,4,4,6,5,5,2600.0,6.69,8,3200.0,5.89,5,0,3,#FFD700,86.9,-1.9,87.1,5,5,5,1,STEM+DAEDA
슬쩍 쫀득쫀득대다,seuljjeog jjondeukjjondeukdaeda,4,256,1,4,1,33,1,sɯltɕ͈ʌk̚ tɕ͈ontɯk̚tɕ͈ontɯk̚tɛta,4,4,4,6,5,5,2600.0,6.69,8,3200.0,5.89,5,0,3,#FFD700,86.9,-1.9,87.1,5,5,5,1,STEM+DAEDA
선뜻 쫀득쫀득대다,seontteus jjondeukjjondeukdaeda,4,256,1,4,1,33,1,sʌnt͈ɯs̚ tɕ͈ontɯk̚tɕ͈ontɯk̚tɛta,4,4,4,6,5,5,2600.0,6.69,8,3200.0,5.89,5,0,3,#FFD700,86.9,-1.9,87.1,5,5,5,1,STEM+DAEDA
단번에 쫀득쫀득대다,danbeone jjondeukjjondeukdaeda,4,256,1,4,1,33,1,tanpʌne tɕ͈ontɯk̚tɕ͈ontɯk̚tɛta,4,4,4,4,5,5,2600.0,6.69,8,3200.0,5.89,5,0,3,#FFD700,86.9,-1.9,87.1,5,5,5,1,STEM+DAEDA
한번에 쫀득쫀득대다,hanbeone jjondeukjjondeukdaeda,4,256,1,4,1,33,1,hanpʌne tɕ͈ontɯk̚tɕ͈ontɯk̚tɛta,4,4,4,6,5,5,2600.0,6.69,8,3200.0,5.89,5,0,3,#FFD700,86.9,-1.9,87.1,5,5,5,1,STEM+DAEDA
살짝 쫀득이다,saljjag jjondeukida,4,256,1,4,1,32,1,saltɕ͈ak̚ tɕ͈ontɯk̚ita,4,2,4,6,5,5,2600.0,6.69,8,1800.0,4.91,5,0,3,#FFD700,86.9,-1.9,87.1,5,5,5,8,STEM+IDA
슬쩍 쫀득이다,seuljjeog jjondeukida,4,256,1,4,1,32,1,sɯltɕ͈ʌk̚ tɕ͈ontɯk̚ita,4,2,4,6,5,5,2600.0,6.69,8,1800.0,4.91,5,0,3,#FFD700,86.9,-1.9,87.1,5,5,5,8,STEM+IDA
선뜻 쫀득이다,seontteus jjondeukida,4,256,1,4,1,32,1,sʌnt͈ɯs̚ tɕ͈ontɯk̚ita,4,2,4,6,5,5,2600.0,6.69,8,1800.0,4.91,5,0,3,#FFD700,86.9,-1.9,87.1,5,5,5,8,STEM+IDA
단번에 쫀득이다,danbeone jjondeukida,4,256,1,4,1,32,1,tanpʌne tɕ͈ontɯk̚ita,4,2,4,4,5,5,2600.0,6.69,8,1800.0,4.91,5,0,3,#FFD700,86.9,-1.9,87.1,5,5,5,8,STEM+IDA
한번에 쫀득이다,hanbeone jjondeukida,4,256,1,4,1,32,1,hanpʌne tɕ͈ontɯk̚ita,4,2,4,6,5,5,2600.0,6.69,8,1800.0,4.91,5,0,3,#FFD700,86.9,-1.9,87.1,5,5,5,8,STEM+IDA
살짝 쫀득쫀득이다,saljjag jjondeukjjondeukida,4,256,1,4,1,33,1,saltɕ͈ak̚ tɕ͈ontɯk̚tɕ͈ontɯk̚ita,4,4,4,6,5,5,2600.0,6.69,8,3200.0,5.89,5,0,3,#FFD700,86.9,-1.9,87.1,5,5,5,1,STEM+IDA
슬쩍 쫀득쫀득이다,seuljjeog jjondeukjjondeukida,4,256,1,4,1,33,1,sɯltɕ͈ʌk̚ tɕ͈ontɯk̚tɕ͈ontɯk̚ita,4,4,4,6,5,5,2600.0,6.69,8,3200.0,5.89,5,0,3,#FFD700,86.9,-1.9,87.1,5,5,5,1,STEM+IDA
선뜻 쫀득쫀득이다,seontteus jjondeukjjondeukida,4,256,1,4,1,33,1,sʌnt͈ɯs̚ tɕ͈ontɯk̚tɕ͈ontɯk̚ita,4,4,4,6,5,5,2600.0,6.69,8,3200.0,5.89,5,0,3,#FFD700,86.9,-1.9,87.1,5,5,5,1,STEM+IDA
단번에 쫀득쫀득이다,danbeone jjondeukjjondeukida,4,256,1,4,1,33,1,tanpʌne tɕ͈ontɯk̚tɕ͈ontɯk̚ita,4,4,4,4,5,5,2600.0,6.69,8,3200.0,5.89,5,0,3,#FFD700,86.9,-1.9,87.1,5,5,5,1,STEM+IDA
한번에 쫀득쫀득이다,hanbeone jjondeukjjondeukida,4,256,1,4,1,33,1,hanpʌne tɕ͈ontɯk̚tɕ͈ontɯk̚ita,4,4,4,6,5,5,2600.0,6.69,8,3200.0,5.89,5,0,3,#FFD700,86.9,-1.9,87.1,5,5,5,1,STEM+IDA
살짝 쫀득하다,saljjag jjondeukhada,4,256,1,4,1,32,1,saltɕ͈ak̚ tɕ͈ontɯk̚hata,4,2,4,6,5,5,2600.0,6.69,8,1800.0,4.91,5,0,3,#FFD700,86.9,-1.9,87.1,5,5,5,8,STEM+HADA
슬쩍 쫀득하다,seuljjeog jjondeukhada,4,256,1,4,1,32,1,sɯltɕ͈ʌk̚ tɕ͈ontɯk̚hata,4,2,4,6,5,5,2600.0,6.69,8,1800.0,4.91,5,0,3,#FFD700,86.9,-1.9,87.1,5,5,5,8,STEM+HADA
선뜻 쫀득하다,seontteus jjondeukhada,4,256,1,4,1,32,1,sʌnt͈ɯs̚ tɕ͈ontɯk̚hata,4,2,4,6,5,5,2600.0,6.69,8,1800.0,4.91,5,0,3,#FFD700,86.9,-1.9,87.1,5,5,5,8,STEM+HADA
단번에 쫀득하다,danbeone jjondeukhada,4,256,1,4,1,32,1,tanpʌne tɕ͈ontɯk̚hata,4,2,4,6,5,5,2600.0,6.69,8,1800.0,4.91,5,0,3,#FFD700,86.9,-1.9,87.1,5,5,5,8,STEM+HADA
한번에 쫀득하다,hanbeone jjondeukhada,4,256,1,4,1,32,1,hanpʌne tɕ͈ontɯk̚hata,4,2,4,6,5,5,2600.0,6.69,8,1800.0,4.91,5,0,3,#FFD700,86.9,-1.9,87.1,5,5,5,8,STEM+HADA
살짝 쫀득쫀득하다,saljjag jjondeukjjondeukhada,4,256,1,4,1,33,1,saltɕ͈ak̚ tɕ͈ontɯk̚tɕ͈ontɯk̚hata,4,4,4,6,5,5,2600.0,6.69,8,3200.0,5.89,5,0,3,#FFD700,86.9,-1.9,87.1,5,5,5,1,STEM+HADA
슬쩍 쫀득쫀득하다,seuljjeog jjondeukjjondeukhada,4,256,1,4,1,33,1,sɯltɕ͈ʌk̚ tɕ͈ontɯk̚tɕ͈ontɯk̚hata,4,4,4,6,5,5,2600.0,6.69,8,3200.0,5.89,5,0,3,#FFD700,86.9,-1.9,87.1,5,5,5,1,STEM+HADA
선뜻 쫀득쫀득하다,seontteus jjondeukjjondeukhada,4,256,1,4,1,33,1,sʌnt͈ɯs̚ tɕ͈ontɯk̚tɕ͈ontɯk̚hata,4,4,4,6,5,5,2600.0,6.69,8,3200.0,5.89,5,0,3,#FFD700,86.9,-1.9,87.1,5,5,5,1,STEM+HADA
단번에 쫀득쫀득하다,danbeone jjondeukjjondeukhada,4,256,1,4,1,33,1,tanpʌne tɕ͈ontɯk̚tɕ͈ontɯk̚hata,4,4,4,6,5,5,2600.0,6.69,8,3200.0,5.89,5,0,3,#FFD700,86.9,-1.9,87.1,5,5,5,1,STEM+HADA
한번에 쫀득쫀득하다,hanbeone jjondeukjjondeukhada,4,256,1,4,1,33,1,hanpʌne tɕ͈ontɯk̚tɕ͈ontɯk̚hata,4,4,4,6,5,5,2600.0,6.69,8,3200.0,5.89,5,0,3,#FFD700,86.9,-1.9,87.1,5,5,5,1,STEM+HADA
살짝 쫀득스럽다,saljjag jjondeukseureopda,4,256,1,4,1,32,1,saltɕ͈ak̚ tɕ͈ontɯk̚sɯrʌp̚ta,4,2,4,6,5,5,2600.0,6.69,8,1800.0,4.91,5,0,3,#FFD700,86.9,-1.9,87.1,5,5,5,8,SUFFIX(어미변화)
슬쩍 쫀득스럽다,seuljjeog jjondeukseureopda,4,256,1,4,1,32,1,sɯltɕ͈ʌk̚ tɕ͈ontɯk̚sɯrʌp̚ta,4,2,4,6,5,5,2600.0,6.69,8,1800.0,4.91,5,0,3,#FFD700,86.9,-1.9,87.1,5,5,5,8,SUFFIX(어미변화)
선뜻 쫀득스럽다,seontteus jjondeukseureopda,4,256,1,4,1,32,1,sʌnt͈ɯs̚ tɕ͈ontɯk̚sɯrʌp̚ta,4,2,4,6,5,5,2600.0,6.69,8,1800.0,4.91,5,0,3,#FFD700,86.9,-1.9,87.1,5,5,5,8,SUFFIX(어미변화)
단번에 쫀득스럽다,danbeone jjondeukseureopda,4,256,1,4,1,32,1,tanpʌne tɕ͈ontɯk̚sɯrʌp̚ta,4,2,4,6,5,5,2600.0,6.69,8,1800.0,4.91,5,0,3,#FFD700,86.9,-1.9,87.1,5,5,5,8,SUFFIX(어미변화)
한번에 쫀득스럽다,hanbeone jjondeukseureopda,4,256,1,4,1,32,1,hanpʌne tɕ͈ontɯk̚sɯrʌp̚ta,4,2,4,6,5,5,2600.0,6.69,8,1800.0,4.91,5,0,3,#FFD700,86.9,-1.9,87.1,5,5,5,8,SUFFIX(어미변화)
살짝 쫀득맞다,saljjag jjondeukmajda,4,256,1,4,1,32,1,saltɕ͈ak̚ tɕ͈ontɯk̚mat̚ta,4,2,4,6,5,5,2600.0,6.69,8,1800.0,4.91,5,0,3,#FFD700,86.9,-1.9,87.1,5,5,5,8,SUFFIX(어미변화)
슬쩍 쫀득맞다,seuljjeog jjondeukmajda,4,256,1,4,1,32,1,sɯltɕ͈ʌk̚ tɕ͈ontɯk̚mat̚ta,4,2,4,6,5,5,2600.0,6.69,8,1800.0,4.91,5,0,3,#FFD700,86.9,-1.9,87.1,5,5,5,8,SUFFIX(어미변화)
선뜻 쫀득맞다,seontteus jjondeukmajda,4,256,1,4,1,32,1,sʌnt͈ɯs̚ tɕ͈ontɯk̚mat̚ta,4,2,4,6,5,5,2600.0,6.69,8,1800.0,4.91,5,0,3,#FFD700,86.9,-1.9,87.1,5,5,5,8,SUFFIX(어미변화)
단번에 쫀득맞다,danbeone jjondeukmajda,4,256,1,4,1,32,1,tanpʌne tɕ͈ontɯk̚mat̚ta,4,2,4,4,5,5,2600.0,6.69,8,1800.0,4.91,5,0,3,#FFD700,86.9,-1.9,87.1,5,5,5,8,SUFFIX(어미변화)
한번에 쫀득맞다,hanbeone jjondeukmajda,4,256,1,4,1,32,1,hanpʌne tɕ͈ontɯk̚mat̚ta,4,2,4,6,5,5,2600.0,6.69,8,1800.0,4.91,5,0,3,#FFD700,86.9,-1.9,87.1,5,5,5,8,SUFFIX(어미변화)
살짝 쫀득쫀득맞다,saljjag jjondeukjjondeukmajda,4,256,1,4,1,33,1,saltɕ͈ak̚ tɕ͈ontɯk̚tɕ͈ontɯk̚mat̚ta,4,4,4,6,5,5,2600.0,6.69,8,3200.0,5.89,5,0,3,#FFD700,86.9,-1.9,87.1,5,5,5,1,REDUP(첩어・동일)
슬쩍 쫀득쫀득맞다,seuljjeog jjondeukjjondeukmajda,4,256,1,4,1,33,1,sɯltɕ͈ʌk̚ tɕ͈ontɯk̚tɕ͈ontɯk̚mat̚ta,4,4,4,6,5,5,2600.0,6.69,8,3200.0,5.89,5,0,3,#FFD700,86.9,-1.9,87.1,5,5,5,1,REDUP(첩어・동일)
선뜻 쫀득쫀득맞다,seontteus jjondeukjjondeukmajda,4,256,1,4,1,33,1,sʌnt͈ɯs̚ tɕ͈ontɯk̚tɕ͈ontɯk̚mat̚ta,4,4,4,6,5,5,2600.0,6.69,8,3200.0,5.89,5,0,3,#FFD700,86.9,-1.9,87.1,5,5,5,1,REDUP(첩어・동일)
단번에 쫀득쫀득맞다,danbeone jjondeukjjondeukmajda,4,256,1,4,1,33,1,tanpʌne tɕ͈ontɯk̚tɕ͈ontɯk̚mat̚ta,4,4,4,4,5,5,2600.0,6.69,8,3200.0,5.89,5,0,3,#FFD700,86.9,-1.9,87.1,5,5,5,1,REDUP(첩어・동일)
한번에 쫀득쫀득맞다,hanbeone jjondeukjjondeukmajda,4,256,1,4,1,33,1,hanpʌne tɕ͈ontɯk̚tɕ͈ontɯk̚mat̚ta,4,4,4,6,5,5,2600.0,6.69,8,3200.0,5.89,5,0,3,#FFD700,86.9,-1.9,87.1,5,5,5,1,REDUP(첩어・동일)
살짝 쫀득하게,saljjag jjondeukhage,4,256,1,4,1,32,1,saltɕ͈ak̚ tɕ͈ontɯk̚hake,4,2,4,6,5,5,2600.0,6.69,8,1800.0,4.91,5,0,3,#FFD700,86.9,-1.9,87.1,5,5,5,8,SUFFIX(어미변화)
슬쩍 쫀득하게,seuljjeog jjondeukhage,4,256,1,4,1,32,1,sɯltɕ͈ʌk̚ tɕ͈ontɯk̚hake,4,2,4,6,5,5,2600.0,6.69,8,1800.0,4.91,5,0,3,#FFD700,86.9,-1.9,87.1,5,5,5,8,SUFFIX(어미변화)
선뜻 쫀득하게,seontteus jjondeukhage,4,256,1,4,1,32,1,sʌnt͈ɯs̚ tɕ͈ontɯk̚hake,4,2,4,6,5,5,2600.0,6.69,8,1800.0,4.91,5,0,3,#FFD700,86.9,-1.9,87.1,5,5,5,8,SUFFIX(어미변화)
단번에 쫀득하게,danbeone jjondeukhage,4,256,1,4,1,32,1,tanpʌne tɕ͈ontɯk̚hake,4,2,4,6,5,5,2600.0,6.69,8,1800.0,4.91,5,0,3,#FFD700,86.9,-1.9,87.1,5,5,5,8,SUFFIX(어미변화)
한번에 쫀득하게,hanbeone jjondeukhage,4,256,1,4,1,32,1,hanpʌne tɕ͈ontɯk̚hake,4,2,4,6,5,5,2600.0,6.69,8,1800.0,4.91,5,0,3,#FFD700,86.9,-1.9,87.1,5,5,5,8,SUFFIX(어미변화)
살짝 쫀득쫀득하게,saljjag jjondeukjjondeukhage,4,256,1,4,1,33,1,saltɕ͈ak̚ tɕ͈ontɯk̚tɕ͈ontɯk̚hake,4,4,4,6,5,5,2600.0,6.69,8,3200.0,5.89,5,0,3,#FFD700,86.9,-1.9,87.1,5,5,5,1,REDUP(첩어・동일)
슬쩍 쫀득쫀득하게,seuljjeog jjondeukjjondeukhage,4,256,1,4,1,33,1,sɯltɕ͈ʌk̚ tɕ͈ontɯk̚tɕ͈ontɯk̚hake,4,4,4,6,5,5,2600.0,6.69,8,3200.0,5.89,5,0,3,#FFD700,86.9,-1.9,87.1,5,5,5,1,REDUP(첩어・동일)
선뜻 쫀득쫀득하게,seontteus jjondeukjjondeukhage,4,256,1,4,1,33,1,sʌnt͈ɯs̚ tɕ͈ontɯk̚tɕ͈ontɯk̚hake,4,4,4,6,5,5,2600.0,6.69,8,3200.0,5.89,5,0,3,#FFD700,86.9,-1.9,87.1,5,5,5,1,REDUP(첩어・동일)
단번에 쫀득쫀득하게,danbeone jjondeukjjondeukhage,4,256,1,4,1,33,1,tanpʌne tɕ͈ontɯk̚tɕ͈ontɯk̚hake,4,4,4,6,5,5,2600.0,6.69,8,3200.0,5.89,5,0,3,#FFD700,86.9,-1.9,87.1,5,5,5,1,REDUP(첩어・동일)
한번에 쫀득쫀득하게,hanbeone jjondeukjjondeukhage,4,256,1,4,1,33,1,hanpʌne tɕ͈ontɯk̚tɕ͈ontɯk̚hake,4,4,4,6,5,5,2600.0,6.69,8,3200.0,5.89,5,0,3,#FFD700,86.9,-1.9,87.1,5,5,5,1,REDUP(첩어・동일)
살짝 쫀득한,saljjag jjondeukhan,4,256,1,4,1,32,1,saltɕ͈ak̚ tɕ͈ontɯk̚han,4,2,4,6,5,5,2600.0,6.69,8,1800.0,4.91,5,0,3,#FFD700,86.9,-1.9,87.1,5,5,5,8,SUFFIX(어미변화)
슬쩍 쫀득한,seuljjeog jjondeukhan,4,256,1,4,1,32,1,sɯltɕ͈ʌk̚ tɕ͈ontɯk̚han,4,2,4,6,5,5,2600.0,6.69,8,1800.0,4.91,5,0,3,#FFD700,86.9,-1.9,87.1,5,5,5,8,SUFFIX(어미변화)
선뜻 쫀득한,seontteus jjondeukhan,4,256,1,4,1,32,1,sʌnt͈ɯs̚ tɕ͈ontɯk̚han,4,2,4,6,5,5,2600.0,6.69,8,1800.0,4.91,5,0,3,#FFD700,86.9,-1.9,87.1,5,5,5,8,SUFFIX(어미변화)
단번에 쫀득한,danbeone jjondeukhan,4,256,1,4,1,32,1,tanpʌne tɕ͈ontɯk̚han,4,2,4,6,5,5,2600.0,6.69,8,1800.0,4.91,5,0,3,#FFD700,86.9,-1.9,87.1,5,5,5,8,SUFFIX(어미변화)
한번에 쫀득한,hanbeone jjondeukhan,4,256,1,4,1,32,1,hanpʌne tɕ͈ontɯk̚han,4,2,4,6,5,5,2600.0,6.69,8,1800.0,4.91,5,0,3,#FFD700,86.9,-1.9,87.1,5,5,5,8,SUFFIX(어미변화)
살짝 쫀득쫀득한,saljjag jjondeukjjondeukhan,4,256,1,4,1,33,1,saltɕ͈ak̚ tɕ͈ontɯk̚tɕ͈ontɯk̚han,4,4,4,6,5,5,2600.0,6.69,8,3200.0,5.89,5,0,3,#FFD700,86.9,-1.9,87.1,5,5,5,1,REDUP(첩어・동일)
슬쩍 쫀득쫀득한,seuljjeog jjondeukjjondeukhan,4,256,1,4,1,33,1,sɯltɕ͈ʌk̚ tɕ͈ontɯk̚tɕ͈ontɯk̚han,4,4,4,6,5,5,2600.0,6.69,8,3200.0,5.89,5,0,3,#FFD700,86.9,-1.9,87.1,5,5,5,1,REDUP(첩어・동일)
선뜻 쫀득쫀득한,seontteus jjondeukjjondeukhan,4,256,1,4,1,33,1,sʌnt͈ɯs̚ tɕ͈ontɯk̚tɕ͈ontɯk̚han,4,4,4,6,5,5,2600.0,6.69,8,3200.0,5.89,5,0,3,#FFD700,86.9,-1.9,87.1,5,5,5,1,REDUP(첩어・동일)
단번에 쫀득쫀득한,danbeone jjondeukjjondeukhan,4,256,1,4,1,33,1,tanpʌne tɕ͈ontɯk̚tɕ͈ontɯk̚han,4,4,4,6,5,5,2600.0,6.69,8,3200.0,5.89,5,0,3,#FFD700,86.9,-1.9,87.1,5,5,5,1,REDUP(첩어・동일)
한번에 쫀득쫀득한,hanbeone jjondeukjjondeukhan,4,256,1,4,1,33,1,hanpʌne tɕ͈ontɯk̚tɕ͈ontɯk̚han,4,4,4,6,5,5,2600.0,6.69,8,3200.0,5.89,5,0,3,#FFD700,86.9,-1.9,87.1,5,5,5,1,REDUP(첩어・동일)
살짝 쫀득스럽게,saljjag jjondeukseureopge,4,256,1,4,1,32,1,saltɕ͈ak̚ tɕ͈ontɯk̚sɯrʌp̚ke,4,2,4,6,5,5,2600.0,6.69,8,1800.0,4.91,5,0,3,#FFD700,86.9,-1.9,87.1,5,5,5,8,SUFFIX(어미변화)
슬쩍 쫀득스럽게,seuljjeog jjondeukseureopge,4,256,1,4,1,32,1,sɯltɕ͈ʌk̚ tɕ͈ontɯk̚sɯrʌp̚ke,4,2,4,6,5,5,2600.0,6.69,8,1800.0,4.91,5,0,3,#FFD700,86.9,-1.9,87.1,5,5,5,8,SUFFIX(어미변화)
선뜻 쫀득스럽게,seontteus jjondeukseureopge,4,256,1,4,1,32,1,sʌnt͈ɯs̚ tɕ͈ontɯk̚sɯrʌp̚ke,4,2,4,6,5,5,2600.0,6.69,8,1800.0,4.91,5,0,3,#FFD700,86.9,-1.9,87.1,5,5,5,8,SUFFIX(어미변화)
단번에 쫀득스럽게,danbeone jjondeukseureopge,4,256,1,4,1,32,1,tanpʌne tɕ͈ontɯk̚sɯrʌp̚ke,4,2,4,6,5,5,2600.0,6.69,8,1800.0,4.91,5,0,3,#FFD700,86.9,-1.9,87.1,5,5,5,8,SUFFIX(어미변화)
한번에 쫀득스럽게,hanbeone jjondeukseureopge,4,256,1,4,1,32,1,hanpʌne tɕ͈ontɯk̚sɯrʌp̚ke,4,2,4,6,5,5,2600.0,6.69,8,1800.0,4.91,5,0,3,#FFD700,86.9,-1.9,87.1,5,5,5,8,SUFFIX(어미변화)
살짝 쫀득스러운,saljjag jjondeukseureoun,4,256,1,4,1,32,1,saltɕ͈ak̚ tɕ͈ontɯk̚sɯrʌun,4,2,4,6,5,5,2600.0,6.69,8,1800.0,4.91,5,0,3,#FFD700,86.9,-1.9,87.1,5,5,5,8,SUFFIX(어미변화)
슬쩍 쫀득스러운,seuljjeog jjondeukseureoun,4,256,1,4,1,32,1,sɯltɕ͈ʌk̚ tɕ͈ontɯk̚sɯrʌun,4,2,4,6,5,5,2600.0,6.69,8,1800.0,4.91,5,0,3,#FFD700,86.9,-1.9,87.1,5,5,5,8,SUFFIX(어미변화)
선뜻 쫀득스러운,seontteus jjondeukseureoun,4,256,1,4,1,32,1,sʌnt͈ɯs̚ tɕ͈ontɯk̚sɯrʌun,4,2,4,6,5,5,2600.0,6.69,8,1800.0,4.91,5,0,3,#FFD700,86.9,-1.9,87.1,5,5,5,8,SUFFIX(어미변화)
단번에 쫀득스러운,danbeone jjondeukseureoun,4,256,1,4,1,32,1,tanpʌne tɕ͈ontɯk̚sɯrʌun,4,2,4,6,5,5,2600.0,6.69,8,1800.0,4.91,5,0,3,#FFD700,86.9,-1.9,87.1,5,5,5,8,SUFFIX(어미변화)
한번에 쫀득스러운,hanbeone jjondeukseureoun,4,256,1,4,1,32,1,hanpʌne tɕ͈ontɯk̚sɯrʌun,4,2,4,6,5,5,2600.0,6.69,8,1800.0,4.91,5,0,3,#FFD700,86.9,-1.9,87.1,5,5,5,8,SUFFIX(어미변화)
살짝 쫀득해서,saljjag jjondeukhaeseo,4,256,1,4,1,32,1,saltɕ͈ak̚ tɕ͈ontɯk̚hɛsʌ,4,2,4,6,5,5,2600.0,6.69,8,1800.0,4.91,5,0,3,#FFD700,86.9,-1.9,87.1,5,5,5,8,SUFFIX(어미변화)
슬쩍 쫀득해서,seuljjeog jjondeukhaeseo,4,256,1,4,1,32,1,sɯltɕ͈ʌk̚ tɕ͈ontɯk̚hɛsʌ,4,2,4,6,5,5,2600.0,6.69,8,1800.0,4.91,5,0,3,#FFD700,86.9,-1.9,87.1,5,5,5,8,SUFFIX(어미변화)
선뜻 쫀득해서,seontteus jjondeukhaeseo,4,256,1,4,1,32,1,sʌnt͈ɯs̚ tɕ͈ontɯk̚hɛsʌ,4,2,4,6,5,5,2600.0,6.69,8,1800.0,4.91,5,0,3,#FFD700,86.9,-1.9,87.1,5,5,5,8,SUFFIX(어미변화)
단번에 쫀득해서,danbeone jjondeukhaeseo,4,256,1,4,1,32,1,tanpʌne tɕ͈ontɯk̚hɛsʌ,4,2,4,6,5,5,2600.0,6.69,8,1800.0,4.91,5,0,3,#FFD700,86.9,-1.9,87.1,5,5,5,8,SUFFIX(어미변화)
한번에 쫀득해서,hanbeone jjondeukhaeseo,4,256,1,4,1,32,1,hanpʌne tɕ͈ontɯk̚hɛsʌ,4,2,4,6,5,5,2600.0,6.69,8,1800.0,4.91,5,0,3,#FFD700,86.9,-1.9,87.1,5,5,5,8,SUFFIX(어미변화)
살짝 쫀득쫀득해서,saljjag jjondeukjjondeukhaeseo,4,256,1,4,1,33,1,saltɕ͈ak̚ tɕ͈ontɯk̚tɕ͈ontɯk̚hɛsʌ,4,4,4,6,5,5,2600.0,6.69,8,3200.0,5.89,5,0,3,#FFD700,86.9,-1.9,87.1,5,5,5,1,REDUP(첩어・동일)
슬쩍 쫀득쫀득해서,seuljjeog jjondeukjjondeukhaeseo,4,256,1,4,1,33,1,sɯltɕ͈ʌk̚ tɕ͈ontɯk̚tɕ͈ontɯk̚hɛsʌ,4,4,4,6,5,5,2600.0,6.69,8,3200.0,5.89,5,0,3,#FFD700,86.9,-1.9,87.1,5,5,5,1,REDUP(첩어・동일)
선뜻 쫀득쫀득해서,seontteus jjondeukjjondeukhaeseo,4,256,1,4,1,33,1,sʌnt͈ɯs̚ tɕ͈ontɯk̚tɕ͈ontɯk̚hɛsʌ,4,4,4,6,5,5,2600.0,6.69,8,3200.0,5.89,5,0,3,#FFD700,86.9,-1.9,87.1,5,5,5,1,REDUP(첩어・동일)
단번에 쫀득쫀득해서,danbeone jjondeukjjondeukhaeseo,4,256,1,4,1,33,1,tanpʌne tɕ͈ontɯk̚tɕ͈ontɯk̚hɛsʌ,4,4,4,6,5,5,2600.0,6.69,8,3200.0,5.89,5,0,3,#FFD700,86.9,-1.9,87.1,5,5,5,1,REDUP(첩어・동일)
한번에 쫀득쫀득해서,hanbeone jjondeukjjondeukhaeseo,4,256,1,4,1,33,1,hanpʌne tɕ͈ontɯk̚tɕ͈ontɯk̚hɛsʌ,4,4,4,6,5,5,2600.0,6.69,8,3200.0,5.89,5,0,3,#FFD700,86.9,-1.9,87.1,5,5,5,1,REDUP(첩어・동일)
살짝 쫀득하고,saljjag jjondeukhago,4,256,1,4,1,32,1,saltɕ͈ak̚ tɕ͈ontɯk̚hako,4,2,4,6,5,5,2600.0,6.69,8,1800.0,4.91,5,0,3,#FFD700,86.9,-1.9,87.1,5,5,5,8,SUFFIX(어미변화)
슬쩍 쫀득하고,seuljjeog jjondeukhago,4,256,1,4,1,32,1,sɯltɕ͈ʌk̚ tɕ͈ontɯk̚hako,4,2,4,6,5,5,2600.0,6.69,8,1800.0,4.91,5,0,3,#FFD700,86.9,-1.9,87.1,5,5,5,8,SUFFIX(어미변화)
선뜻 쫀득하고,seontteus jjondeukhago,4,256,1,4,1,32,1,sʌnt͈ɯs̚ tɕ͈ontɯk̚hako,4,2,4,6,5,5,2600.0,6.69,8,1800.0,4.91,5,0,3,#FFD700,86.9,-1.9,87.1,5,5,5,8,SUFFIX(어미변화)
단번에 쫀득하고,danbeone jjondeukhago,4,256,1,4,1,32,1,tanpʌne tɕ͈ontɯk̚hako,4,2,4,6,5,5,2600.0,6.69,8,1800.0,4.91,5,0,3,#FFD700,86.9,-1.9,87.1,5,5,5,8,SUFFIX(어미변화)
한번에 쫀득하고,hanbeone jjondeukhago,4,256,1,4,1,32,1,hanpʌne tɕ͈ontɯk̚hako,4,2,4,6,5,5,2600.0,6.69,8,1800.0,4.91,5,0,3,#FFD700,86.9,-1.9,87.1,5,5,5,8,SUFFIX(어미변화)
살짝 쫀득쫀득하고,saljjag jjondeukjjondeukhago,4,256,1,4,1,33,1,saltɕ͈ak̚ tɕ͈ontɯk̚tɕ͈ontɯk̚hako,4,4,4,6,5,5,2600.0,6.69,8,3200.0,5.89,5,0,3,#FFD700,86.9,-1.9,87.1,5,5,5,1,REDUP(첩어・동일)
슬쩍 쫀득쫀득하고,seuljjeog jjondeukjjondeukhago,4,256,1,4,1,33,1,sɯltɕ͈ʌk̚ tɕ͈ontɯk̚tɕ͈ontɯk̚hako,4,4,4,6,5,5,2600.0,6.69,8,3200.0,5.89,5,0,3,#FFD700,86.9,-1.9,87.1,5,5,5,1,REDUP(첩어・동일)
선뜻 쫀득쫀득하고,seontteus jjondeukjjondeukhago,4,256,1,4,1,33,1,sʌnt͈ɯs̚ tɕ͈ontɯk̚tɕ͈ontɯk̚hako,4,4,4,6,5,5,2600.0,6.69,8,3200.0,5.89,5,0,3,#FFD700,86.9,-1.9,87.1,5,5,5,1,REDUP(첩어・동일)
단번에 쫀득쫀득하고,danbeone jjondeukjjondeukhago,4,256,1,4,1,33,1,tanpʌne tɕ͈ontɯk̚tɕ͈ontɯk̚hako,4,4,4,6,5,5,2600.0,6.69,8,3200.0,5.89,5,0,3,#FFD700,86.9,-1.9,87.1,5,5,5,1,REDUP(첩어・동일)
한번에 쫀득쫀득하고,hanbeone jjondeukjjondeukhago,4,256,1,4,1,33,1,hanpʌne tɕ͈ontɯk̚tɕ͈ontɯk̚hako,4,4,4,6,5,5,2600.0,6.69,8,3200.0,5.89,5,0,3,#FFD700,86.9,-1.9,87.1,5,5,5,1,REDUP(첩어・동일)
살짝 따끈,saljjag ttakkeun,4,4,1,4,1,40,1,saltɕ͈ak̚ t͈ak͈ɯn,4,2,4,8,5,5,2600.0,6.69,8,1800.0,4.91,5,0,3,#FFD700,86.9,-1.9,87.1,5,5,5,8,SUFFIX(어미변화)
슬쩍 따끈,seuljjeog ttakkeun,4,4,1,4,1,40,1,sɯltɕ͈ʌk̚ t͈ak͈ɯn,4,2,4,8,5,5,2600.0,6.69,8,1800.0,4.91,5,0,3,#FFD700,86.9,-1.9,87.1,5,5,5,8,SUFFIX(어미변화)
선뜻 따끈,seontteus ttakkeun,4,4,1,4,1,40,1,sʌnt͈ɯs̚ t͈ak͈ɯn,4,2,4,8,5,5,2600.0,6.69,8,1800.0,4.91,5,0,3,#FFD700,86.9,-1.9,87.1,5,5,5,8,SUFFIX(어미변화)
단번에 따끈,danbeone ttakkeun,4,4,1,4,1,40,1,tanpʌne t͈ak͈ɯn,4,2,4,6,5,5,2600.0,6.69,8,1800.0,4.91,5,0,3,#FFD700,86.9,-1.9,87.1,5,5,5,8,SUFFIX(어미변화)
한번에 따끈,hanbeone ttakkeun,4,4,1,4,1,40,1,hanpʌne t͈ak͈ɯn,4,2,4,8,5,5,2600.0,6.69,8,1800.0,4.91,5,0,3,#FFD700,86.9,-1.9,87.1,5,5,5,8,SUFFIX(어미변화)
살짝 따끈따끈,saljjag ttakkeunttakkeun,4,4,1,4,1,33,1,saltɕ͈ak̚ t͈ak͈ɯnt͈ak͈ɯn,4,4,4,8,5,5,2600.0,6.69,8,3200.0,5.89,5,0,3,#FFD700,86.9,-1.9,87.1,5,5,5,1,REDUP(첩어・동일)
슬쩍 따끈따끈,seuljjeog ttakkeunttakkeun,4,4,1,4,1,33,1,sɯltɕ͈ʌk̚ t͈ak͈ɯnt͈ak͈ɯn,4,4,4,8,5,5,2600.0,6.69,8,3200.0,5.89,5,0,3,#FFD700,86.9,-1.9,87.1,5,5,5,1,REDUP(첩어・동일)
선뜻 따끈따끈,seontteus ttakkeunttakkeun,4,4,1,4,1,33,1,sʌnt͈ɯs̚ t͈ak͈ɯnt͈ak͈ɯn,4,4,4,8,5,5,2600.0,6.69,8,3200.0,5.89,5,0,3,#FFD700,86.9,-1.9,87.1,5,5,5,1,REDUP(첩어・동일)
단번에 따끈따끈,danbeone ttakkeunttakkeun,4,4,1,4,1,33,1,tanpʌne t͈ak͈ɯnt͈ak͈ɯn,4,4,4,6,5,5,2600.0,6.69,8,3200.0,5.89,5,0,3,#FFD700,86.9,-1.9,87.1,5,5,5,1,REDUP(첩어・동일)
한번에 따끈따끈,hanbeone ttakkeunttakkeun,4,4,1,4,1,33,1,hanpʌne t͈ak͈ɯnt͈ak͈ɯn,4,4,4,8,5,5,2600.0,6.69,8,3200.0,5.89,5,0,3,#FFD700,86.9,-1.9,87.1,5,5,5,1,REDUP(첩어・동일)
살짝 따끈따끈따끈,saljjag ttakkeunttakkeunttakkeun,4,4,1,4,1,33,1,saltɕ͈ak̚ t͈ak͈ɯnt͈ak͈ɯnt͈ak͈ɯn,4,4,4,8,5,5,2600.0,6.69,8,3200.0,5.89,5,0,3,#FFD700,86.9,-1.9,87.1,5,5,5,1,REDUP(첩어・동일)
슬쩍 따끈따끈따끈,seuljjeog ttakkeunttakkeunttakkeun,4,4,1,4,1,33,1,sɯltɕ͈ʌk̚ t͈ak͈ɯnt͈ak͈ɯnt͈ak͈ɯn,4,4,4,8,5,5,2600.0,6.69,8,3200.0,5.89,5,0,3,#FFD700,86.9,-1.9,87.1,5,5,5,1,REDUP(첩어・동일)
선뜻 따끈따끈따끈,seontteus ttakkeunttakkeunttakkeun,4,4,1,4,1,33,1,sʌnt͈ɯs̚ t͈ak͈ɯnt͈ak͈ɯnt͈ak͈ɯn,4,4,4,8,5,5,2600.0,6.69,8,3200.0,5.89,5,0,3,#FFD700,86.9,-1.9,87.1,5,5,5,1,REDUP(첩어・동일)
단번에 따끈따끈따끈,danbeone ttakkeunttakkeunttakkeun,4,4,1,4,1,33,1,tanpʌne t͈ak͈ɯnt͈ak͈ɯnt͈ak͈ɯn,4,4,4,6,5,5,2600.0,6.69,8,3200.0,5.89,5,0,3,#FFD700,86.9,-1.9,87.1,5,5,5,1,REDUP(첩어・동일)
한번에 따끈따끈따끈,hanbeone ttakkeunttakkeunttakkeun,4,4,1,4,1,33,1,hanpʌne t͈ak͈ɯnt͈ak͈ɯnt͈ak͈ɯn,4,4,4,8,5,5,2600.0,6.69,8,3200.0,5.89,5,0,3,#FFD700,86.9,-1.9,87.1,5,5,5,1,REDUP(첩어・동일)
살짝 따끈거리다,saljjag ttakkeungeorida,4,4,1,4,1,32,1,saltɕ͈ak̚ t͈ak͈ɯnkʌrita,4,2,4,8,5,5,2600.0,6.69,8,1800.0,4.91,5,0,3,#FFD700,86.9,-1.9,87.1,5,5,5,8,STEM+GEORIDA
슬쩍 따끈거리다,seuljjeog ttakkeungeorida,4,4,1,4,1,32,1,sɯltɕ͈ʌk̚ t͈ak͈ɯnkʌrita,4,2,4,8,5,5,2600.0,6.69,8,1800.0,4.91,5,0,3,#FFD700,86.9,-1.9,87.1,5,5,5,8,STEM+GEORIDA
선뜻 따끈거리다,seontteus ttakkeungeorida,4,4,1,4,1,32,1,sʌnt͈ɯs̚ t͈ak͈ɯnkʌrita,4,2,4,8,5,5,2600.0,6.69,8,1800.0,4.91,5,0,3,#FFD700,86.9,-1.9,87.1,5,5,5,8,STEM+GEORIDA
단번에 따끈거리다,danbeone ttakkeungeorida,4,4,1,4,1,32,1,tanpʌne t͈ak͈ɯnkʌrita,4,2,4,6,5,5,2600.0,6.69,8,1800.0,4.91,5,0,3,#FFD700,86.9,-1.9,87.1,5,5,5,8,STEM+GEORIDA
한번에 따끈거리다,hanbeone ttakkeungeorida,4,4,1,4,1,32,1,hanpʌne t͈ak͈ɯnkʌrita,4,2,4,8,5,5,2600.0,6.69,8,1800.0,4.91,5,0,3,#FFD700,86.9,-1.9,87.1,5,5,5,8,STEM+GEORIDA
살짝 따끈대다,saljjag ttakkeundaeda,4,4,1,4,1,32,1,saltɕ͈ak̚ t͈ak͈ɯntɛta,4,2,4,8,5,5,2600.0,6.69,8,1800.0,4.91,5,0,3,#FFD700,86.9,-1.9,87.1,5,5,5,8,STEM+DAEDA
슬쩍 따끈대다,seuljjeog ttakkeundaeda,4,4,1,4,1,32,1,sɯltɕ͈ʌk̚ t͈ak͈ɯntɛta,4,2,4,8,5,5,2600.0,6.69,8,1800.0,4.91,5,0,3,#FFD700,86.9,-1.9,87.1,5,5,5,8,STEM+DAEDA
선뜻 따끈대다,seontteus ttakkeundaeda,4,4,1,4,1,32,1,sʌnt͈ɯs̚ t͈ak͈ɯntɛta,4,2,4,8,5,5,2600.0,6.69,8,1800.0,4.91,5,0,3,#FFD700,86.9,-1.9,87.1,5,5,5,8,STEM+DAEDA
단번에 따끈대다,danbeone ttakkeundaeda,4,4,1,4,1,32,1,tanpʌne t͈ak͈ɯntɛta,4,2,4,6,5,5,2600.0,6.69,8,1800.0,4.91,5,0,3,#FFD700,86.9,-1.9,87.1,5,5,5,8,STEM+DAEDA
한번에 따끈대다,hanbeone ttakkeundaeda,4,4,1,4,1,32,1,hanpʌne t͈ak͈ɯntɛta,4,2,4,8,5,5,2600.0,6.69,8,1800.0,4.91,5,0,3,#FFD700,86.9,-1.9,87.1,5,5,5,8,STEM+DAEDA
살짝 따끈따끈대다,saljjag ttakkeunttakkeundaeda,4,4,1,4,1,33,1,saltɕ͈ak̚ t͈ak͈ɯnt͈ak͈ɯntɛta,4,4,4,8,5,5,2600.0,6.69,8,3200.0,5.89,5,0,3,#FFD700,86.9,-1.9,87.1,5,5,5,1,STEM+DAEDA
슬쩍 따끈따끈대다,seuljjeog ttakkeunttakkeundaeda,4,4,1,4,1,33,1,sɯltɕ͈ʌk̚ t͈ak͈ɯnt͈ak͈ɯntɛta,4,4,4,8,5,5,2600.0,6.69,8,3200.0,5.89,5,0,3,#FFD700,86.9,-1.9,87.1,5,5,5,1,STEM+DAEDA
선뜻 따끈따끈대다,seontteus ttakkeunttakkeundaeda,4,4,1,4,1,33,1,sʌnt͈ɯs̚ t͈ak͈ɯnt͈ak͈ɯntɛta,4,4,4,8,5,5,2600.0,6.69,8,3200.0,5.89,5,0,3,#FFD700,86.9,-1.9,87.1,5,5,5,1,STEM+DAEDA
단번에 따끈따끈대다,danbeone ttakkeunttakkeundaeda,4,4,1,4,1,33,1,tanpʌne t͈ak͈ɯnt͈ak͈ɯntɛta,4,4,4,6,5,5,2600.0,6.69,8,3200.0,5.89,5,0,3,#FFD700,86.9,-1.9,87.1,5,5,5,1,STEM+DAEDA
한번에 따끈따끈대다,hanbeone ttakkeunttakkeundaeda,4,4,1,4,1,33,1,hanpʌne t͈ak͈ɯnt͈ak͈ɯntɛta,4,4,4,8,5,5,2600.0,6.69,8,3200.0,5.89,5,0,3,#FFD700,86.9,-1.9,87.1,5,5,5,1,STEM+DAEDA
살짝 따끈이다,saljjag ttakkeunida,4,4,1,4,1,32,1,saltɕ͈ak̚ t͈ak͈ɯnita,4,2,4,8,5,5,2600.0,6.69,8,1800.0,4.91,5,0,3,#FFD700,86.9,-1.9,87.1,5,5,5,8,STEM+IDA
슬쩍 따끈이다,seuljjeog ttakkeunida,4,4,1,4,1,32,1,sɯltɕ͈ʌk̚ t͈ak͈ɯnita,4,2,4,8,5,5,2600.0,6.69,8,1800.0,4.91,5,0,3,#FFD700,86.9,-1.9,87.1,5,5,5,8,STEM+IDA
선뜻 따끈이다,seontteus ttakkeunida,4,4,1,4,1,32,1,sʌnt͈ɯs̚ t͈ak͈ɯnita,4,2,4,8,5,5,2600.0,6.69,8,1800.0,4.91,5,0,3,#FFD700,86.9,-1.9,87.1,5,5,5,8,STEM+IDA
단번에 따끈이다,danbeone ttakkeunida,4,4,1,4,1,32,1,tanpʌne t͈ak͈ɯnita,4,2,4,6,5,5,2600.0,6.69,8,1800.0,4.91,5,0,3,#FFD700,86.9,-1.9,87.1,5,5,5,8,STEM+IDA
한번에 따끈이다,hanbeone ttakkeunida,4,4,1,4,1,32,1,hanpʌne t͈ak͈ɯnita,4,2,4,8,5,5,2600.0,6.69,8,1800.0,4.91,5,0,3,#FFD700,86.9,-1.9,87.1,5,5,5,8,STEM+IDA
살짝 따끈따끈이다,saljjag ttakkeunttakkeunida,4,4,1,4,1,33,1,saltɕ͈ak̚ t͈ak͈ɯnt͈ak͈ɯnita,4,4,4,8,5,5,2600.0,6.69,8,3200.0,5.89,5,0,3,#FFD700,86.9,-1.9,87.1,5,5,5,1,STEM+IDA
슬쩍 따끈따끈이다,seuljjeog ttakkeunttakkeunida,4,4,1,4,1,33,1,sɯltɕ͈ʌk̚ t͈ak͈ɯnt͈ak͈ɯnita,4,4,4,8,5,5,2600.0,6.69,8,3200.0,5.89,5,0,3,#FFD700,86.9,-1.9,87.1,5,5,5,1,STEM+IDA
선뜻 따끈따끈이다,seontteus ttakkeunttakkeunida,4,4,1,4,1,33,1,sʌnt͈ɯs̚ t͈ak͈ɯnt͈ak͈ɯnita,4,4,4,8,5,5,2600.0,6.69,8,3200.0,5.89,5,0,3,#FFD700,86.9,-1.9,87.1,5,5,5,1,STEM+IDA
단번에 따끈따끈이다,danbeone ttakkeunttakkeunida,4,4,1,4,1,33,1,tanpʌne t͈ak͈ɯnt͈ak͈ɯnita,4,4,4,6,5,5,2600.0,6.69,8,3200.0,5.89,5,0,3,#FFD700,86.9,-1.9,87.1,5,5,5,1,STEM+IDA
한번에 따끈따끈이다,hanbeone ttakkeunttakkeunida,4,4,1,4,1,33,1,hanpʌne t͈ak͈ɯnt͈ak͈ɯnita,4,4,4,8,5,5,2600.0,6.69,8,3200.0,5.89,5,0,3,#FFD700,86.9,-1.9,87.1,5,5,5,1,STEM+IDA
살짝 따끈하다,saljjag ttakkeunhada,4,4,1,4,1,32,1,saltɕ͈ak̚ t͈ak͈ɯnhata,4,2,4,8,5,5,2600.0,6.69,8,1800.0,4.91,5,0,3,#FFD700,86.9,-1.9,87.1,5,5,5,8,STEM+HADA
슬쩍 따끈하다,seuljjeog ttakkeunhada,4,4,1,4,1,32,1,sɯltɕ͈ʌk̚ t͈ak͈ɯnhata,4,2,4,8,5,5,2600.0,6.69,8,1800.0,4.91,5,0,3,#FFD700,86.9,-1.9,87.1,5,5,5,8,STEM+HADA
선뜻 따끈하다,seontteus ttakkeunhada,4,4,1,4,1,32,1,sʌnt͈ɯs̚ t͈ak͈ɯnhata,4,2,4,8,5,5,2600.0,6.69,8,1800.0,4.91,5,0,3,#FFD700,86.9,-1.9,87.1,5,5,5,8,STEM+HADA
단번에 따끈하다,danbeone ttakkeunhada,4,4,1,4,1,32,1,tanpʌne t͈ak͈ɯnhata,4,2,4,8,5,5,2600.0,6.69,8,1800.0,4.91,5,0,3,#FFD700,86.9,-1.9,87.1,5,5,5,8,STEM+HADA
한번에 따끈하다,hanbeone ttakkeunhada,4,4,1,4,1,32,1,hanpʌne t͈ak͈ɯnhata,4,2,4,8,5,5,2600.0,6.69,8,1800.0,4.91,5,0,3,#FFD700,86.9,-1.9,87.1,5,5,5,8,STEM+HADA
살짝 따끈따끈하다,saljjag ttakkeunttakkeunhada,4,4,1,4,1,33,1,saltɕ͈ak̚ t͈ak͈ɯnt͈ak͈ɯnhata,4,4,4,8,5,5,2600.0,6.69,8,3200.0,5.89,5,0,3,#FFD700,86.9,-1.9,87.1,5,5,5,1,STEM+HADA
슬쩍 따끈따끈하다,seuljjeog ttakkeunttakkeunhada,4,4,1,4,1,33,1,sɯltɕ͈ʌk̚ t͈ak͈ɯnt͈ak͈ɯnhata,4,4,4,8,5,5,2600.0,6.69,8,3200.0,5.89,5,0,3,#FFD700,86.9,-1.9,87.1,5,5,5,1,STEM+HADA
선뜻 따끈따끈하다,seontteus ttakkeunttakkeunhada,4,4,1,4,1,33,1,sʌnt͈ɯs̚ t͈ak͈ɯnt͈ak͈ɯnhata,4,4,4,8,5,5,2600.0,6.69,8,3200.0,5.89,5,0,3,#FFD700,86.9,-1.9,87.1,5,5,5,1,STEM+HADA
단번에 따끈따끈하다,danbeone ttakkeunttakkeunhada,4,4,1,4,1,33,1,tanpʌne t͈ak͈ɯnt͈ak͈ɯnhata,4,4,4,8,5,5,2600.0,6.69,8,3200.0,5.89,5,0,3,#FFD700,86.9,-1.9,87.1,5,5,5,1,STEM+HADA
한번에 따끈따끈하다,hanbeone ttakkeunttakkeunhada,4,4,1,4,1,33,1,hanpʌne t͈ak͈ɯnt͈ak͈ɯnhata,4,4,4,8,5,5,2600.0,6.69,8,3200.0,5.89,5,0,3,#FFD700,86.9,-1.9,87.1,5,5,5,1,STEM+HADA
살짝 따끈스럽다,saljjag ttakkeunseureopda,4,4,1,4,1,32,1,saltɕ͈ak̚ t͈ak͈ɯnsɯrʌp̚ta,4,2,4,8,5,5,2600.0,6.69,8,1800.0,4.91,5,0,3,#FFD700,86.9,-1.9,87.1,5,5,5,8,SUFFIX(어미변화)
슬쩍 따끈스럽다,seuljjeog ttakkeunseureopda,4,4,1,4,1,32,1,sɯltɕ͈ʌk̚ t͈ak͈ɯnsɯrʌp̚ta,4,2,4,8,5,5,2600.0,6.69,8,1800.0,4.91,5,0,3,#FFD700,86.9,-1.9,87.1,5,5,5,8,SUFFIX(어미변화)
선뜻 따끈스럽다,seontteus ttakkeunseureopda,4,4,1,4,1,32,1,sʌnt͈ɯs̚ t͈ak͈ɯnsɯrʌp̚ta,4,2,4,8,5,5,2600.0,6.69,8,1800.0,4.91,5,0,3,#FFD700,86.9,-1.9,87.1,5,5,5,8,SUFFIX(어미변화)
단번에 따끈스럽다,danbeone ttakkeunseureopda,4,4,1,4,1,32,1,tanpʌne t͈ak͈ɯnsɯrʌp̚ta,4,2,4,8,5,5,2600.0,6.69,8,1800.0,4.91,5,0,3,#FFD700,86.9,-1.9,87.1,5,5,5,8,SUFFIX(어미변화)
한번에 따끈스럽다,hanbeone ttakkeunseureopda,4,4,1,4,1,32,1,hanpʌne t͈ak͈ɯnsɯrʌp̚ta,4,2,4,8,5,5,2600.0,6.69,8,1800.0,4.91,5,0,3,#FFD700,86.9,-1.9,87.1,5,5,5,8,SUFFIX(어미변화)
살짝 따끈맞다,saljjag ttakkeunmajda,4,4,1,4,1,32,1,saltɕ͈ak̚ t͈ak͈ɯnmat̚ta,4,2,4,8,5,5,2600.0,6.69,8,1800.0,4.91,5,0,3,#FFD700,86.9,-1.9,87.1,5,5,5,8,SUFFIX(어미변화)
슬쩍 따끈맞다,seuljjeog ttakkeunmajda,4,4,1,4,1,32,1,sɯltɕ͈ʌk̚ t͈ak͈ɯnmat̚ta,4,2,4,8,5,5,2600.0,6.69,8,1800.0,4.91,5,0,3,#FFD700,86.9,-1.9,87.1,5,5,5,8,SUFFIX(어미변화)
선뜻 따끈맞다,seontteus ttakkeunmajda,4,4,1,4,1,32,1,sʌnt͈ɯs̚ t͈ak͈ɯnmat̚ta,4,2,4,8,5,5,2600.0,6.69,8,1800.0,4.91,5,0,3,#FFD700,86.9,-1.9,87.1,5,5,5,8,SUFFIX(어미변화)
단번에 따끈맞다,danbeone ttakkeunmajda,4,4,1,4,1,32,1,tanpʌne t͈ak͈ɯnmat̚ta,4,2,4,6,5,5,2600.0,6.69,8,1800.0,4.91,5,0,3,#FFD700,86.9,-1.9,87.1,5,5,5,8,SUFFIX(어미변화)
한번에 따끈맞다,hanbeone ttakkeunmajda,4,4,1,4,1,32,1,hanpʌne t͈ak͈ɯnmat̚ta,4,2,4,8,5,5,2600.0,6.69,8,1800.0,4.91,5,0,3,#FFD700,86.9,-1.9,87.1,5,5,5,8,SUFFIX(어미변화)
살짝 따끈따끈맞다,saljjag ttakkeunttakkeunmajda,4,4,1,4,1,33,1,saltɕ͈ak̚ t͈ak͈ɯnt͈ak͈ɯnmat̚ta,4,4,4,8,5,5,2600.0,6.69,8,3200.0,5.89,5,0,3,#FFD700,86.9,-1.9,87.1,5,5,5,1,REDUP(첩어・동일)
슬쩍 따끈따끈맞다,seuljjeog ttakkeunttakkeunmajda,4,4,1,4,1,33,1,sɯltɕ͈ʌk̚ t͈ak͈ɯnt͈ak͈ɯnmat̚ta,4,4,4,8,5,5,2600.0,6.69,8,3200.0,5.89,5,0,3,#FFD700,86.9,-1.9,87.1,5,5,5,1,REDUP(첩어・동일)
선뜻 따끈따끈맞다,seontteus ttakkeunttakkeunmajda,4,4,1,4,1,33,1,sʌnt͈ɯs̚ t͈ak͈ɯnt͈ak͈ɯnmat̚ta,4,4,4,8,5,5,2600.0,6.69,8,3200.0,5.89,5,0,3,#FFD700,86.9,-1.9,87.1,5,5,5,1,REDUP(첩어・동일)
단번에 따끈따끈맞다,danbeone ttakkeunttakkeunmajda,4,4,1,4,1,33,1,tanpʌne t͈ak͈ɯnt͈ak͈ɯnmat̚ta,4,4,4,6,5,5,2600.0,6.69,8,3200.0,5.89,5,0,3,#FFD700,86.9,-1.9,87.1,5,5,5,1,REDUP(첩어・동일)
한번에 따끈따끈맞다,hanbeone ttakkeunttakkeunmajda,4,4,1,4,1,33,1,hanpʌne t͈ak͈ɯnt͈ak͈ɯnmat̚ta,4,4,4,8,5,5,2600.0,6.69,8,3200.0,5.89,5,0,3,#FFD700,86.9,-1.9,87.1,5,5,5,1,REDUP(첩어・동일)
살짝 따끈하게,saljjag ttakkeunhage,4,4,1,4,1,32,1,saltɕ͈ak̚ t͈ak͈ɯnhake,4,2,4,8,5,5,2600.0,6.69,8,1800.0,4.91,5,0,3,#FFD700,86.9,-1.9,87.1,5,5,5,8,SUFFIX(어미변화)
슬쩍 따끈하게,seuljjeog ttakkeunhage,4,4,1,4,1,32,1,sɯltɕ͈ʌk̚ t͈ak͈ɯnhake,4,2,4,8,5,5,2600.0,6.69,8,1800.0,4.91,5,0,3,#FFD700,86.9,-1.9,87.1,5,5,5,8,SUFFIX(어미변화)
선뜻 따끈하게,seontteus ttakkeunhage,4,4,1,4,1,32,1,sʌnt͈ɯs̚ t͈ak͈ɯnhake,4,2,4,8,5,5,2600.0,6.69,8,1800.0,4.91,5,0,3,#FFD700,86.9,-1.9,87.1,5,5,5,8,SUFFIX(어미변화)
단번에 따끈하게,danbeone ttakkeunhage,4,4,1,4,1,32,1,tanpʌne t͈ak͈ɯnhake,4,2,4,8,5,5,2600.0,6.69,8,1800.0,4.91,5,0,3,#FFD700,86.9,-1.9,87.1,5,5,5,8,SUFFIX(어미변화)
한번에 따끈하게,hanbeone ttakkeunhage,4,4,1,4,1,32,1,hanpʌne t͈ak͈ɯnhake,4,2,4,8,5,5,2600.0,6.69,8,1800.0,4.91,5,0,3,#FFD700,86.9,-1.9,87.1,5,5,5,8,SUFFIX(어미변화)
살짝 따끈따끈하게,saljjag ttakkeunttakkeunhage,4,4,1,4,1,33,1,saltɕ͈ak̚ t͈ak͈ɯnt͈ak͈ɯnhake,4,4,4,8,5,5,2600.0,6.69,8,3200.0,5.89,5,0,3,#FFD700,86.9,-1.9,87.1,5,5,5,1,REDUP(첩어・동일)
슬쩍 따끈따끈하게,seuljjeog ttakkeunttakkeunhage,4,4,1,4,1,33,1,sɯltɕ͈ʌk̚ t͈ak͈ɯnt͈ak͈ɯnhake,4,4,4,8,5,5,2600.0,6.69,8,3200.0,5.89,5,0,3,#FFD700,86.9,-1.9,87.1,5,5,5,1,REDUP(첩어・동일)
선뜻 따끈따끈하게,seontteus ttakkeunttakkeunhage,4,4,1,4,1,33,1,sʌnt͈ɯs̚ t͈ak͈ɯnt͈ak͈ɯnhake,4,4,4,8,5,5,2600.0,6.69,8,3200.0,5.89,5,0,3,#FFD700,86.9,-1.9,87.1,5,5,5,1,REDUP(첩어・동일)
단번에 따끈따끈하게,danbeone ttakkeunttakkeunhage,4,4,1,4,1,33,1,tanpʌne t͈ak͈ɯnt͈ak͈ɯnhake,4,4,4,8,5,5,2600.0,6.69,8,3200.0,5.89,5,0,3,#FFD700,86.9,-1.9,87.1,5,5,5,1,REDUP(첩어・동일)
한번에 따끈따끈하게,hanbeone ttakkeunttakkeunhage,4,4,1,4,1,33,1,hanpʌne t͈ak͈ɯnt͈ak͈ɯnhake,4,4,4,8,5,5,2600.0,6.69,8,3200.0,5.89,5,0,3,#FFD700,86.9,-1.9,87.1,5,5,5,1,REDUP(첩어・동일)
살짝 따끈한,saljjag ttakkeunhan,4,4,1,4,1,32,1,saltɕ͈ak̚ t͈ak͈ɯnhan,4,2,4,8,5,5,2600.0,6.69,8,1800.0,4.91,5,0,3,#FFD700,86.9,-1.9,87.1,5,5,5,8,SUFFIX(어미변화)
슬쩍 따끈한,seuljjeog ttakkeunhan,4,4,1,4,1,32,1,sɯltɕ͈ʌk̚ t͈ak͈ɯnhan,4,2,4,8,5,5,2600.0,6.69,8,1800.0,4.91,5,0,3,#FFD700,86.9,-1.9,87.1,5,5,5,8,SUFFIX(어미변화)
선뜻 따끈한,seontteus ttakkeunhan,4,4,1,4,1,32,1,sʌnt͈ɯs̚ t͈ak͈ɯnhan,4,2,4,8,5,5,2600.0,6.69,8,1800.0,4.91,5,0,3,#FFD700,86.9,-1.9,87.1,5,5,5,8,SUFFIX(어미변화)
단번에 따끈한,danbeone ttakkeunhan,4,4,1,4,1,32,1,tanpʌne t͈ak͈ɯnhan,4,2,4,8,5,5,2600.0,6.69,8,1800.0,4.91,5,0,3,#FFD700,86.9,-1.9,87.1,5,5,5,8,SUFFIX(어미변화)
한번에 따끈한,hanbeone ttakkeunhan,4,4,1,4,1,32,1,hanpʌne t͈ak͈ɯnhan,4,2,4,8,5,5,2600.0,6.69,8,1800.0,4.91,5,0,3,#FFD700,86.9,-1.9,87.1,5,5,5,8,SUFFIX(어미변화)
살짝 따끈따끈한,saljjag ttakkeunttakkeunhan,4,4,1,4,1,33,1,saltɕ͈ak̚ t͈ak͈ɯnt͈ak͈ɯnhan,4,4,4,8,5,5,2600.0,6.69,8,3200.0,5.89,5,0,3,#FFD700,86.9,-1.9,87.1,5,5,5,1,REDUP(첩어・동일)
슬쩍 따끈따끈한,seuljjeog ttakkeunttakkeunhan,4,4,1,4,1,33,1,sɯltɕ͈ʌk̚ t͈ak͈ɯnt͈ak͈ɯnhan,4,4,4,8,5,5,2600.0,6.69,8,3200.0,5.89,5,0,3,#FFD700,86.9,-1.9,87.1,5,5,5,1,REDUP(첩어・동일)
선뜻 따끈따끈한,seontteus ttakkeunttakkeunhan,4,4,1,4,1,33,1,sʌnt͈ɯs̚ t͈ak͈ɯnt͈ak͈ɯnhan,4,4,4,8,5,5,2600.0,6.69,8,3200.0,5.89,5,0,3,#FFD700,86.9,-1.9,87.1,5,5,5,1,REDUP(첩어・동일)
단번에 따끈따끈한,danbeone ttakkeunttakkeunhan,4,4,1,4,1,33,1,tanpʌne t͈ak͈ɯnt͈ak͈ɯnhan,4,4,4,8,5,5,2600.0,6.69,8,3200.0,5.89,5,0,3,#FFD700,86.9,-1.9,87.1,5,5,5,1,REDUP(첩어・동일)
한번에 따끈따끈한,hanbeone ttakkeunttakkeunhan,4,4,1,4,1,33,1,hanpʌne t͈ak͈ɯnt͈ak͈ɯnhan,4,4,4,8,5,5,2600.0,6.69,8,3200.0,5.89,5,0,3,#FFD700,86.9,-1.9,87.1,5,5,5,1,REDUP(첩어・동일)
살짝 따끈스럽게,saljjag ttakkeunseureopge,4,4,1,4,1,32,1,saltɕ͈ak̚ t͈ak͈ɯnsɯrʌp̚ke,4,2,4,8,5,5,2600.0,6.69,8,1800.0,4.91,5,0,3,#FFD700,86.9,-1.9,87.1,5,5,5,8,SUFFIX(어미변화)
슬쩍 따끈스럽게,seuljjeog ttakkeunseureopge,4,4,1,4,1,32,1,sɯltɕ͈ʌk̚ t͈ak͈ɯnsɯrʌp̚ke,4,2,4,8,5,5,2600.0,6.69,8,1800.0,4.91,5,0,3,#FFD700,86.9,-1.9,87.1,5,5,5,8,SUFFIX(어미변화)
선뜻 따끈스럽게,seontteus ttakkeunseureopge,4,4,1,4,1,32,1,sʌnt͈ɯs̚ t͈ak͈ɯnsɯrʌp̚ke,4,2,4,8,5,5,2600.0,6.69,8,1800.0,4.91,5,0,3,#FFD700,86.9,-1.9,87.1,5,5,5,8,SUFFIX(어미변화)
단번에 따끈스럽게,danbeone ttakkeunseureopge,4,4,1,4,1,32,1,tanpʌne t͈ak͈ɯnsɯrʌp̚ke,4,2,4,8,5,5,2600.0,6.69,8,1800.0,4.91,5,0,3,#FFD700,86.9,-1.9,87.1,5,5,5,8,SUFFIX(어미변화)
한번에 따끈스럽게,hanbeone ttakkeunseureopge,4,4,1,4,1,32,1,hanpʌne t͈ak͈ɯnsɯrʌp̚ke,4,2,4,8,5,5,2600.0,6.69,8,1800.0,4.91,5,0,3,#FFD700,86.9,-1.9,87.1,5,5,5,8,SUFFIX(어미변화)
살짝 따끈스러운,saljjag ttakkeunseureoun,4,4,1,4,1,32,1,saltɕ͈ak̚ t͈ak͈ɯnsɯrʌun,4,2,4,8,5,5,2600.0,6.69,8,1800.0,4.91,5,0,3,#FFD700,86.9,-1.9,87.1,5,5,5,8,SUFFIX(어미변화)
슬쩍 따끈스러운,seuljjeog ttakkeunseureoun,4,4,1,4,1,32,1,sɯltɕ͈ʌk̚ t͈ak͈ɯnsɯrʌun,4,2,4,8,5,5,2600.0,6.69,8,1800.0,4.91,5,0,3,#FFD700,86.9,-1.9,87.1,5,5,5,8,SUFFIX(어미변화)
선뜻 따끈스러운,seontteus ttakkeunseureoun,4,4,1,4,1,32,1,sʌnt͈ɯs̚ t͈ak͈ɯnsɯrʌun,4,2,4,8,5,5,2600.0,6.69,8,1800.0,4.91,5,0,3,#FFD700,86.9,-1.9,87.1,5,5,5,8,SUFFIX(어미변화)
단번에 따끈스러운,danbeone ttakkeunseureoun,4,4,1,4,1,32,1,tanpʌne t͈ak͈ɯnsɯrʌun,4,2,4,8,5,5,2600.0,6.69,8,1800.0,4.91,5,0,3,#FFD700,86.9,-1.9,87.1,5,5,5,8,SUFFIX(어미변화)
한번에 따끈스러운,hanbeone ttakkeunseureoun,4,4,1,4,1,32,1,hanpʌne t͈ak͈ɯnsɯrʌun,4,2,4,8,5,5,2600.0,6.69,8,1800.0,4.91,5,0,3,#FFD700,86.9,-1.9,87.1,5,5,5,8,SUFFIX(어미변화)
살짝 따끈해서,saljjag ttakkeunhaeseo,4,4,1,4,1,32,1,saltɕ͈ak̚ t͈ak͈ɯnhɛsʌ,4,2,4,8,5,5,2600.0,6.69,8,1800.0,4.91,5,0,3,#FFD700,86.9,-1.9,87.1,5,5,5,8,SUFFIX(어미변화)
슬쩍 따끈해서,seuljjeog ttakkeunhaeseo,4,4,1,4,1,32,1,sɯltɕ͈ʌk̚ t͈ak͈ɯnhɛsʌ,4,2,4,8,5,5,2600.0,6.69,8,1800.0,4.91,5,0,3,#FFD700,86.9,-1.9,87.1,5,5,5,8,SUFFIX(어미변화)
선뜻 따끈해서,seontteus ttakkeunhaeseo,4,4,1,4,1,32,1,sʌnt͈ɯs̚ t͈ak͈ɯnhɛsʌ,4,2,4,8,5,5,2600.0,6.69,8,1800.0,4.91,5,0,3,#FFD700,86.9,-1.9,87.1,5,5,5,8,SUFFIX(어미변화)
단번에 따끈해서,danbeone ttakkeunhaeseo,4,4,1,4,1,32,1,tanpʌne t͈ak͈ɯnhɛsʌ,4,2,4,8,5,5,2600.0,6.69,8,1800.0,4.91,5,0,3,#FFD700,86.9,-1.9,87.1,5,5,5,8,SUFFIX(어미변화)
한번에 따끈해서,hanbeone ttakkeunhaeseo,4,4,1,4,1,32,1,hanpʌne t͈ak͈ɯnhɛsʌ,4,2,4,8,5,5,2600.0,6.69,8,1800.0,4.91,5,0,3,#FFD700,86.9,-1.9,87.1,5,5,5,8,SUFFIX(어미변화)
살짝 따끈따끈해서,saljjag ttakkeunttakkeunhaeseo,4,4,1,4,1,33,1,saltɕ͈ak̚ t͈ak͈ɯnt͈ak͈ɯnhɛsʌ,4,4,4,8,5,5,2600.0,6.69,8,3200.0,5.89,5,0,3,#FFD700,86.9,-1.9,87.1,5,5,5,1,REDUP(첩어・동일)
슬쩍 따끈따끈해서,seuljjeog ttakkeunttakkeunhaeseo,4,4,1,4,1,33,1,sɯltɕ͈ʌk̚ t͈ak͈ɯnt͈ak͈ɯnhɛsʌ,4,4,4,8,5,5,2600.0,6.69,8,3200.0,5.89,5,0,3,#FFD700,86.9,-1.9,87.1,5,5,5,1,REDUP(첩어・동일)
선뜻 따끈따끈해서,seontteus ttakkeunttakkeunhaeseo,4,4,1,4,1,33,1,sʌnt͈ɯs̚ t͈ak͈ɯnt͈ak͈ɯnhɛsʌ,4,4,4,8,5,5,2600.0,6.69,8,3200.0,5.89,5,0,3,#FFD700,86.9,-1.9,87.1,5,5,5,1,REDUP(첩어・동일)
단번에 따끈따끈해서,danbeone ttakkeunttakkeunhaeseo,4,4,1,4,1,33,1,tanpʌne t͈ak͈ɯnt͈ak͈ɯnhɛsʌ,4,4,4,8,5,5,2600.0,6.69,8,3200.0,5.89,5,0,3,#FFD700,86.9,-1.9,87.1,5,5,5,1,REDUP(첩어・동일)
한번에 따끈따끈해서,hanbeone ttakkeunttakkeunhaeseo,4,4,1,4,1,33,1,hanpʌne t͈ak͈ɯnt͈ak͈ɯnhɛsʌ,4,4,4,8,5,5,2600.0,6.69,8,3200.0,5.89,5,0,3,#FFD700,86.9,-1.9,87.1,5,5,5,1,REDUP(첩어・동일)
살짝 따끈하고,saljjag ttakkeunhago,4,4,1,4,1,32,1,saltɕ͈ak̚ t͈ak͈ɯnhako,4,2,4,8,5,5,2600.0,6.69,8,1800.0,4.91,5,0,3,#FFD700,86.9,-1.9,87.1,5,5,5,8,SUFFIX(어미변화)
슬쩍 따끈하고,seuljjeog ttakkeunhago,4,4,1,4,1,32,1,sɯltɕ͈ʌk̚ t͈ak͈ɯnhako,4,2,4,8,5,5,2600.0,6.69,8,1800.0,4.91,5,0,3,#FFD700,86.9,-1.9,87.1,5,5,5,8,SUFFIX(어미변화)
선뜻 따끈하고,seontteus ttakkeunhago,4,4,1,4,1,32,1,sʌnt͈ɯs̚ t͈ak͈ɯnhako,4,2,4,8,5,5,2600.0,6.69,8,1800.0,4.91,5,0,3,#FFD700,86.9,-1.9,87.1,5,5,5,8,SUFFIX(어미변화)
단번에 따끈하고,danbeone ttakkeunhago,4,4,1,4,1,32,1,tanpʌne t͈ak͈ɯnhako,4,2,4,8,5,5,2600.0,6.69,8,1800.0,4.91,5,0,3,#FFD700,86.9,-1.9,87.1,5,5,5,8,SUFFIX(어미변화)
한번에 따끈하고,hanbeone ttakkeunhago,4,4,1,4,1,32,1,hanpʌne t͈ak͈ɯnhako,4,2,4,8,5,5,2600.0,6.69,8,1800.0,4.91,5,0,3,#FFD700,86.9,-1.9,87.1,5,5,5,8,SUFFIX(어미변화)
살짝 따끈따끈하고,saljjag ttakkeunttakkeunhago,4,4,1,4,1,33,1,saltɕ͈ak̚ t͈ak͈ɯnt͈ak͈ɯnhako,4,4,4,8,5,5,2600.0,6.69,8,3200.0,5.89,5,0,3,#FFD700,86.9,-1.9,87.1,5,5,5,1,REDUP(첩어・동일)
슬쩍 따끈따끈하고,seuljjeog ttakkeunttakkeunhago,4,4,1,4,1,33,1,sɯltɕ͈ʌk̚ t͈ak͈ɯnt͈ak͈ɯnhako,4,4,4,8,5,5,2600.0,6.69,8,3200.0,5.89,5,0,3,#FFD700,86.9,-1.9,87.1,5,5,5,1,REDUP(첩어・동일)
선뜻 따끈따끈하고,seontteus ttakkeunttakkeunhago,4,4,1,4,1,33,1,sʌnt͈ɯs̚ t͈ak͈ɯnt͈ak͈ɯnhako,4,4,4,8,5,5,2600.0,6.69,8,3200.0,5.89,5,0,3,#FFD700,86.9,-1.9,87.1,5,5,5,1,REDUP(첩어・동일)
단번에 따끈따끈하고,danbeone ttakkeunttakkeunhago,4,4,1,4,1,33,1,tanpʌne t͈ak͈ɯnt͈ak͈ɯnhako,4,4,4,8,5,5,2600.0,6.69,8,3200.0,5.89,5,0,3,#FFD700,86.9,-1.9,87.1,5,5,5,1,REDUP(첩어・동일)
한번에 따끈따끈하고,hanbeone ttakkeunttakkeunhago,4,4,1,4,1,33,1,hanpʌne t͈ak͈ɯnt͈ak͈ɯnhako,4,4,4,8,5,5,2600.0,6.69,8,3200.0,5.89,5,0,3,#FFD700,86.9,-1.9,87.1,5,5,5,1,REDUP(첩어・동일)
살짝 싱글,saljjag singgeul,4,2048,1,1,2,40,1,saltɕ͈ak̚ siŋkɯl,8,2,4,8,5,5,950.0,4.62,2,1800.0,4.91,9,0,3,#2F4F4F,31.3,-11.7,-3.7,5,5,5,8,SUFFIX(어미변화)
슬쩍 싱글,seuljjeog singgeul,4,2048,1,1,2,40,1,sɯltɕ͈ʌk̚ siŋkɯl,8,2,4,8,5,5,950.0,4.62,2,1800.0,4.91,9,0,3,#2F4F4F,31.3,-11.7,-3.7,5,5,5,8,SUFFIX(어미변화)
선뜻 싱글,seontteus singgeul,4,2048,1,1,2,40,1,sʌnt͈ɯs̚ siŋkɯl,8,2,4,8,5,5,950.0,4.62,2,1800.0,4.91,9,0,3,#2F4F4F,31.3,-11.7,-3.7,5,5,5,8,SUFFIX(어미변화)
단번에 싱글,danbeone singgeul,4,2048,1,1,2,40,1,tanpʌne siŋkɯl,5,2,3,7,2,5,450.0,3.09,2,1800.0,4.91,7,0,2,#2F4F4F,31.3,-11.7,-3.7,5,5,5,8,SUFFIX(어미변화)
한번에 싱글,hanbeone singgeul,4,2048,1,1,2,40,1,hanpʌne siŋkɯl,5,2,3,7,2,5,450.0,3.09,2,1800.0,4.91,7,0,2,#2F4F4F,31.3,-11.7,-3.7,5,5,5,8,SUFFIX(어미변화)
살짝 싱글싱글,saljjag singgeulsinggeul,4,2048,1,1,2,33,1,saltɕ͈ak̚ siŋkɯlsiŋkɯl,8,4,4,8,5,5,950.0,4.62,2,3200.0,5.89,9,0,3,#2F4F4F,31.3,-11.7,-3.7,5,5,5,1,REDUP(첩어・동일)
슬쩍 싱글싱글,seuljjeog singgeulsinggeul,4,2048,1,1,2,33,1,sɯltɕ͈ʌk̚ siŋkɯlsiŋkɯl,8,4,4,8,5,5,950.0,4.62,2,3200.0,5.89,9,0,3,#2F4F4F,31.3,-11.7,-3.7,5,5,5,1,REDUP(첩어・동일)
선뜻 싱글싱글,seontteus singgeulsinggeul,4,2048,1,1,2,33,1,sʌnt͈ɯs̚ siŋkɯlsiŋkɯl,8,4,4,8,5,5,950.0,4.62,2,3200.0,5.89,9,0,3,#2F4F4F,31.3,-11.7,-3.7,5,5,5,1,REDUP(첩어・동일)
단번에 싱글싱글,danbeone singgeulsinggeul,4,2048,1,1,2,33,1,tanpʌne siŋkɯlsiŋkɯl,5,4,3,7,2,5,450.0,3.09,2,3200.0,5.89,7,0,2,#2F4F4F,31.3,-11.7,-3.7,5,5,5,1,REDUP(첩어・동일)
한번에 싱글싱글,hanbeone singgeulsinggeul,4,2048,1,1,2,33,1,hanpʌne siŋkɯlsiŋkɯl,5,4,3,7,2,5,450.0,3.09,2,3200.0,5.89,7,0,2,#2F4F4F,31.3,-11.7,-3.7,5,5,5,1,REDUP(첩어・동일)
살짝 싱글싱글싱글,saljjag singgeulsinggeulsinggeul,4,2048,1,1,2,33,1,saltɕ͈ak̚ siŋkɯlsiŋkɯlsiŋkɯl,8,4,4,8,5,5,950.0,4.62,2,3200.0,5.89,9,0,3,#2F4F4F,31.3,-11.7,-3.7,5,5,5,1,REDUP(첩어・동일)
슬쩍 싱글싱글싱글,seuljjeog singgeulsinggeulsinggeul,4,2048,1,1,2,33,1,sɯltɕ͈ʌk̚ siŋkɯlsiŋkɯlsiŋkɯl,8,4,4,8,5,5,950.0,4.62,2,3200.0,5.89,9,0,3,#2F4F4F,31.3,-11.7,-3.7,5,5,5,1,REDUP(첩어・동일)
선뜻 싱글싱글싱글,seontteus singgeulsinggeulsinggeul,4,2048,1,1,2,33,1,sʌnt͈ɯs̚ siŋkɯlsiŋkɯlsiŋkɯl,8,4,4,8,5,5,950.0,4.62,2,3200.0,5.89,9,0,3,#2F4F4F,31.3,-11.7,-3.7,5,5,5,1,REDUP(첩어・동일)
단번에 싱글싱글싱글,danbeone singgeulsinggeulsinggeul,4,2048,1,1,2,33,1,tanpʌne siŋkɯlsiŋkɯlsiŋkɯl,5,4,3,7,2,5,450.0,3.09,2,3200.0,5.89,7,0,2,#2F4F4F,31.3,-11.7,-3.7,5,5,5,1,REDUP(첩어・동일)
한번에 싱글싱글싱글,hanbeone singgeulsinggeulsinggeul,4,2048,1,1,2,33,1,hanpʌne siŋkɯlsiŋkɯlsiŋkɯl,5,4,3,7,2,5,450.0,3.09,2,3200.0,5.89,7,0,2,#2F4F4F,31.3,-11.7,-3.7,5,5,5,1,REDUP(첩어・동일)
살짝 싱글거리다,saljjag singgeulgeorida,4,2048,1,1,2,32,1,saltɕ͈ak̚ siŋkɯlkʌrita,8,2,4,8,5,5,950.0,4.62,2,1800.0,4.91,9,0,3,#2F4F4F,31.3,-11.7,-3.7,5,5,5,8,STEM+GEORIDA
슬쩍 싱글거리다,seuljjeog singgeulgeorida,4,2048,1,1,2,32,1,sɯltɕ͈ʌk̚ siŋkɯlkʌrita,8,2,4,8,5,5,950.0,4.62,2,1800.0,4.91,9,0,3,#2F4F4F,31.3,-11.7,-3.7,5,5,5,8,STEM+GEORIDA
선뜻 싱글거리다,seontteus singgeulgeorida,4,2048,1,1,2,32,1,sʌnt͈ɯs̚ siŋkɯlkʌrita,8,2,4,8,5,5,950.0,4.62,2,1800.0,4.91,9,0,3,#2F4F4F,31.3,-11.7,-3.7,5,5,5,8,STEM+GEORIDA
단번에 싱글거리다,danbeone singgeulgeorida,4,2048,1,1,2,32,1,tanpʌne siŋkɯlkʌrita,5,2,3,7,2,5,450.0,3.09,2,1800.0,4.91,7,0,2,#2F4F4F,31.3,-11.7,-3.7,5,5,5,8,STEM+GEORIDA
한번에 싱글거리다,hanbeone singgeulgeorida,4,2048,1,1,2,32,1,hanpʌne siŋkɯlkʌrita,5,2,3,7,2,5,450.0,3.09,2,1800.0,4.91,7,0,2,#2F4F4F,31.3,-11.7,-3.7,5,5,5,8,STEM+GEORIDA
살짝 싱글대다,saljjag singgeuldaeda,4,2048,1,1,2,32,1,saltɕ͈ak̚ siŋkɯltɛta,8,2,4,8,5,5,950.0,4.62,2,1800.0,4.91,9,0,3,#2F4F4F,31.3,-11.7,-3.7,5,5,5,8,STEM+DAEDA
슬쩍 싱글대다,seuljjeog singgeuldaeda,4,2048,1,1,2,32,1,sɯltɕ͈ʌk̚ siŋkɯltɛta,8,2,4,8,5,5,950.0,4.62,2,1800.0,4.91,9,0,3,#2F4F4F,31.3,-11.7,-3.7,5,5,5,8,STEM+DAEDA
선뜻 싱글대다,seontteus singgeuldaeda,4,2048,1,1,2,32,1,sʌnt͈ɯs̚ siŋkɯltɛta,8,2,4,8,5,5,950.0,4.62,2,1800.0,4.91,9,0,3,#2F4F4F,31.3,-11.7,-3.7,5,5,5,8,STEM+DAEDA
단번에 싱글대다,danbeone singgeuldaeda,4,2048,1,1,2,32,1,tanpʌne siŋkɯltɛta,5,2,3,7,2,5,450.0,3.09,2,1800.0,4.91,7,0,2,#2F4F4F,31.3,-11.7,-3.7,5,5,5,8,STEM+DAEDA
한번에 싱글대다,hanbeone singgeuldaeda,4,2048,1,1,2,32,1,hanpʌne siŋkɯltɛta,5,2,3,7,2,5,450.0,3.09,2,1800.0,4.91,7,0,2,#2F4F4F,31.3,-11.7,-3.7,5,5,5,8,STEM+DAEDA
살짝 싱글싱글대다,saljjag singgeulsinggeuldaeda,4,2048,1,1,2,33,1,saltɕ͈ak̚ siŋkɯlsiŋkɯltɛta,8,4,4,8,5,5,950.0,4.62,2,3200.0,5.89,9,0,3,#2F4F4F,31.3,-11.7,-3.7,5,5,5,1,STEM+DAEDA
슬쩍 싱글싱글대다,seuljjeog singgeulsinggeuldaeda,4,2048,1,1,2,33,1,sɯltɕ͈ʌk̚ siŋkɯlsiŋkɯltɛta,8,4,4,8,5,5,950.0,4.62,2,3200.0,5.89,9,0,3,#2F4F4F,31.3,-11.7,-3.7,5,5,5,1,STEM+DAEDA
선뜻 싱글싱글대다,seontteus singgeulsinggeuldaeda,4,2048,1,1,2,33,1,sʌnt͈ɯs̚ siŋkɯlsiŋkɯltɛta,8,4,4,8,5,5,950.0,4.62,2,3200.0,5.89,9,0,3,#2F4F4F,31.3,-11.7,-3.7,5,5,5,1,STEM+DAEDA
단번에 싱글싱글대다,danbeone singgeulsinggeuldaeda,4,2048,1,1,2,33,1,tanpʌne siŋkɯlsiŋkɯltɛta,5,4,3,7,2,5,450.0,3.09,2,3200.0,5.89,7,0,2,#2F4F4F,31.3,-11.7,-3.7,5,5,5,1,STEM+DAEDA
한번에 싱글싱글대다,hanbeone singgeulsinggeuldaeda,4,2048,1,1,2,33,1,hanpʌne siŋkɯlsiŋkɯltɛta,5,4,3,7,2,5,450.0,3.09,2,3200.0,5.89,7,0,2,#2F4F4F,31.3,-11.7,-3.7,5,5,5,1,STEM+DAEDA
살짝 싱글이다,saljjag singgeulida,4,2048,1,1,2,32,1,saltɕ͈ak̚ siŋkɯlita,8,2,4,8,5,5,950.0,4.62,2,1800.0,4.91,9,0,3,#2F4F4F,31.3,-11.7,-3.7,5,5,5,8,STEM+IDA
슬쩍 싱글이다,seuljjeog singgeulida,4,2048,1,1,2,32,1,sɯltɕ͈ʌk̚ siŋkɯlita,8,2,4,8,5,5,950.0,4.62,2,1800.0,4.91,9,0,3,#2F4F4F,31.3,-11.7,-3.7,5,5,5,8,STEM+IDA
선뜻 싱글이다,seontteus singgeulida,4,2048,1,1,2,32,1,sʌnt͈ɯs̚ siŋkɯlita,8,2,4,8,5,5,950.0,4.62,2,1800.0,4.91,9,0,3,#2F4F4F,31.3,-11.7,-3.7,5,5,5,8,STEM+IDA
단번에 싱글이다,danbeone singgeulida,4,2048,1,1,2,32,1,tanpʌne siŋkɯlita,5,2,3,7,2,5,450.0,3.09,2,1800.0,4.91,7,0,2,#2F4F4F,31.3,-11.7,-3.7,5,5,5,8,STEM+IDA
한번에 싱글이다,hanbeone singgeulida,4,2048,1,1,2,32,1,hanpʌne siŋkɯlita,5,2,3,7,2,5,450.0,3.09,2,1800.0,4.91,7,0,2,#2F4F4F,31.3,-11.7,-3.7,5,5,5,8,STEM+IDA
살짝 싱글싱글이다,saljjag singgeulsinggeulida,4,2048,1,1,2,33,1,saltɕ͈ak̚ siŋkɯlsiŋkɯlita,8,4,4,8,5,5,950.0,4.62,2,3200.0,5.89,9,0,3,#2F4F4F,31.3,-11.7,-3.7,5,5,5,1,STEM+IDA
슬쩍 싱글싱글이다,seuljjeog singgeulsinggeulida,4,2048,1,1,2,33,1,sɯltɕ͈ʌk̚ siŋkɯlsiŋkɯlita,8,4,4,8,5,5,950.0,4.62,2,3200.0,5.89,9,0,3,#2F4F4F,31.3,-11.7,-3.7,5,5,5,1,STEM+IDA
선뜻 싱글싱글이다,seontteus singgeulsinggeulida,4,2048,1,1,2,33,1,sʌnt͈ɯs̚ siŋkɯlsiŋkɯlita,8,4,4,8,5,5,950.0,4.62,2,3200.0,5.89,9,0,3,#2F4F4F,31.3,-11.7,-3.7,5,5,5,1,STEM+IDA
단번에 싱글싱글이다,danbeone singgeulsinggeulida,4,2048,1,1,2,33,1,tanpʌne siŋkɯlsiŋkɯlita,5,4,3,7,2,5,450.0,3.09,2,3200.0,5.89,7,0,2,#2F4F4F,31.3,-11.7,-3.7,5,5,5,1,STEM+IDA
한번에 싱글싱글이다,hanbeone singgeulsinggeulida,4,2048,1,1,2,33,1,hanpʌne siŋkɯlsiŋkɯlita,5,4,3,7,2,5,450.0,3.09,2,3200.0,5.89,7,0,2,#2F4F4F,31.3,-11.7,-3.7,5,5,5,1,STEM+IDA
살짝 싱글하다,saljjag singgeulhada,4,2048,1,1,2,32,1,saltɕ͈ak̚ siŋkɯlhata,8,2,4,8,5,5,950.0,4.62,2,1800.0,4.91,9,0,3,#2F4F4F,31.3,-11.7,-3.7,5,5,5,8,STEM+HADA
슬쩍 싱글하다,seuljjeog singgeulhada,4,2048,1,1,2,32,1,sɯltɕ͈ʌk̚ siŋkɯlhata,8,2,4,8,5,5,950.0,4.62,2,1800.0,4.91,9,0,3,#2F4F4F,31.3,-11.7,-3.7,5,5,5,8,STEM+HADA
선뜻 싱글하다,seontteus singgeulhada,4,2048,1,1,2,32,1,sʌnt͈ɯs̚ siŋkɯlhata,8,2,4,8,5,5,950.0,4.62,2,1800.0,4.91,9,0,3,#2F4F4F,31.3,-11.7,-3.7,5,5,5,8,STEM+HADA
단번에 싱글하다,danbeone singgeulhada,4,2048,1,1,2,32,1,tanpʌne siŋkɯlhata,5,2,3,7,2,5,450.0,3.09,2,1800.0,4.91,7,0,2,#2F4F4F,31.3,-11.7,-3.7,5,5,5,8,STEM+HADA
한번에 싱글하다,hanbeone singgeulhada,4,2048,1,1,2,32,1,hanpʌne siŋkɯlhata,5,2,3,7,2,5,450.0,3.09,2,1800.0,4.91,7,0,2,#2F4F4F,31.3,-11.7,-3.7,5,5,5,8,STEM+HADA
살짝 싱글싱글하다,saljjag singgeulsinggeulhada,4,2048,1,1,2,33,1,saltɕ͈ak̚ siŋkɯlsiŋkɯlhata,8,4,4,8,5,5,950.0,4.62,2,3200.0,5.89,9,0,3,#2F4F4F,31.3,-11.7,-3.7,5,5,5,1,STEM+HADA
슬쩍 싱글싱글하다,seuljjeog singgeulsinggeulhada,4,2048,1,1,2,33,1,sɯltɕ͈ʌk̚ siŋkɯlsiŋkɯlhata,8,4,4,8,5,5,950.0,4.62,2,3200.0,5.89,9,0,3,#2F4F4F,31.3,-11.7,-3.7,5,5,5,1,STEM+HADA
선뜻 싱글싱글하다,seontteus singgeulsinggeulhada,4,2048,1,1,2,33,1,sʌnt͈ɯs̚ siŋkɯlsiŋkɯlhata,8,4,4,8,5,5,950.0,4.62,2,3200.0,5.89,9,0,3,#2F4F4F,31.3,-11.7,-3.7,5,5,5,1,STEM+HADA
단번에 싱글싱글하다,danbeone singgeulsinggeulhada,4,2048,1,1,2,33,1,tanpʌne siŋkɯlsiŋkɯlhata,5,4,3,7,2,5,450.0,3.09,2,3200.0,5.89,7,0,2,#2F4F4F,31.3,-11.7,-3.7,5,5,5,1,STEM+HADA
한번에 싱글싱글하다,hanbeone singgeulsinggeulhada,4,2048,1,1,2,33,1,hanpʌne siŋkɯlsiŋkɯlhata,5,4,3,7,2,5,450.0,3.09,2,3200.0,5.89,7,0,2,#2F4F4F,31.3,-11.7,-3.7,5,5,5,1,STEM+HADA
살짝 싱글스럽다,saljjag singgeulseureopda,4,2048,1,1,2,32,1,saltɕ͈ak̚ siŋkɯlsɯrʌp̚ta,8,2,4,8,5,5,950.0,4.62,2,1800.0,4.91,9,0,3,#2F4F4F,31.3,-11.7,-3.7,5,5,5,8,SUFFIX(어미변화)
슬쩍 싱글스럽다,seuljjeog singgeulseureopda,4,2048,1,1,2,32,1,sɯltɕ͈ʌk̚ siŋkɯlsɯrʌp̚ta,8,2,4,8,5,5,950.0,4.62,2,1800.0,4.91,9,0,3,#2F4F4F,31.3,-11.7,-3.7,5,5,5,8,SUFFIX(어미변화)
선뜻 싱글스럽다,seontteus singgeulseureopda,4,2048,1,1,2,32,1,sʌnt͈ɯs̚ siŋkɯlsɯrʌp̚ta,8,2,4,8,5,5,950.0,4.62,2,1800.0,4.91,9,0,3,#2F4F4F,31.3,-11.7,-3.7,5,5,5,8,SUFFIX(어미변화)
단번에 싱글스럽다,danbeone singgeulseureopda,4,2048,1,1,2,32,1,tanpʌne siŋkɯlsɯrʌp̚ta,5,2,3,7,5,5,450.0,3.09,2,1800.0,4.91,7,0,3,#2F4F4F,31.3,-11.7,-3.7,5,5,5,8,SUFFIX(어미변화)
한번에 싱글스럽다,hanbeone singgeulseureopda,4,2048,1,1,2,32,1,hanpʌne siŋkɯlsɯrʌp̚ta,5,2,3,7,5,5,450.0,3.09,2,1800.0,4.91,7,0,3,#2F4F4F,31.3,-11.7,-3.7,5,5,5,8,SUFFIX(어미변화)
살짝 싱글맞다,saljjag singgeulmajda,4,2048,1,1,2,32,1,saltɕ͈ak̚ siŋkɯlmat̚ta,8,2,4,8,5,5,950.0,4.62,2,1800.0,4.91,9,0,3,#2F4F4F,31.3,-11.7,-3.7,5,5,5,8,SUFFIX(어미변화)
슬쩍 싱글맞다,seuljjeog singgeulmajda,4,2048,1,1,2,32,1,sɯltɕ͈ʌk̚ siŋkɯlmat̚ta,8,2,4,8,5,5,950.0,4.62,2,1800.0,4.91,9,0,3,#2F4F4F,31.3,-11.7,-3.7,5,5,5,8,SUFFIX(어미변화)
선뜻 싱글맞다,seontteus singgeulmajda,4,2048,1,1,2,32,1,sʌnt͈ɯs̚ siŋkɯlmat̚ta,8,2,4,8,5,5,950.0,4.62,2,1800.0,4.91,9,0,3,#2F4F4F,31.3,-11.7,-3.7,5,5,5,8,SUFFIX(어미변화)
단번에 싱글맞다,danbeone singgeulmajda,4,2048,1,1,2,32,1,tanpʌne siŋkɯlmat̚ta,5,2,3,7,2,5,450.0,3.09,2,1800.0,4.91,7,0,2,#2F4F4F,31.3,-11.7,-3.7,5,5,5,8,SUFFIX(어미변화)
한번에 싱글맞다,hanbeone singgeulmajda,4,2048,1,1,2,32,1,hanpʌne siŋkɯlmat̚ta,5,2,3,7,2,5,450.0,3.09,2,1800.0,4.91,7,0,2,#2F4F4F,31.3,-11.7,-3.7,5,5,5,8,SUFFIX(어미변화)
살짝 싱글싱글맞다,saljjag singgeulsinggeulmajda,4,2048,1,1,2,33,1,saltɕ͈ak̚ siŋkɯlsiŋkɯlmat̚ta,8,4,4,8,5,5,950.0,4.62,2,3200.0,5.89,9,0,3,#2F4F4F,31.3,-11.7,-3.7,5,5,5,1,REDUP(첩어・동일)
슬쩍 싱글싱글맞다,seuljjeog singgeulsinggeulmajda,4,2048,1,1,2,33,1,sɯltɕ͈ʌk̚ siŋkɯlsiŋkɯlmat̚ta,8,4,4,8,5,5,950.0,4.62,2,3200.0,5.89,9,0,3,#2F4F4F,31.3,-11.7,-3.7,5,5,5,1,REDUP(첩어・동일)
선뜻 싱글싱글맞다,seontteus singgeulsinggeulmajda,4,2048,1,1,2,33,1,sʌnt͈ɯs̚ siŋkɯlsiŋkɯlmat̚ta,8,4,4,8,5,5,950.0,4.62,2,3200.0,5.89,9,0,3,#2F4F4F,31.3,-11.7,-3.7,5,5,5,1,REDUP(첩어・동일)
단번에 싱글싱글맞다,danbeone singgeulsinggeulmajda,4,2048,1,1,2,33,1,tanpʌne siŋkɯlsiŋkɯlmat̚ta,5,4,3,7,2,5,450.0,3.09,2,3200.0,5.89,7,0,2,#2F4F4F,31.3,-11.7,-3.7,5,5,5,1,REDUP(첩어・동일)
한번에 싱글싱글맞다,hanbeone singgeulsinggeulmajda,4,2048,1,1,2,33,1,hanpʌne siŋkɯlsiŋkɯlmat̚ta,5,4,3,7,2,5,450.0,3.09,2,3200.0,5.89,7,0,2,#2F4F4F,31.3,-11.7,-3.7,5,5,5,1,REDUP(첩어・동일)
살짝 싱글하게,saljjag singgeulhage,4,2048,1,1,2,32,1,saltɕ͈ak̚ siŋkɯlhake,8,2,4,8,5,5,950.0,4.62,2,1800.0,4.91,9,0,3,#2F4F4F,31.3,-11.7,-3.7,5,5,5,8,SUFFIX(어미변화)
슬쩍 싱글하게,seuljjeog singgeulhage,4,2048,1,1,2,32,1,sɯltɕ͈ʌk̚ siŋkɯlhake,8,2,4,8,5,5,950.0,4.62,2,1800.0,4.91,9,0,3,#2F4F4F,31.3,-11.7,-3.7,5,5,5,8,SUFFIX(어미변화)
선뜻 싱글하게,seontteus singgeulhage,4,2048,1,1,2,32,1,sʌnt͈ɯs̚ siŋkɯlhake,8,2,4,8,5,5,950.0,4.62,2,1800.0,4.91,9,0,3,#2F4F4F,31.3,-11.7,-3.7,5,5,5,8,SUFFIX(어미변화)
단번에 싱글하게,danbeone singgeulhage,4,2048,1,1,2,32,1,tanpʌne siŋkɯlhake,5,2,3,7,2,5,450.0,3.09,2,1800.0,4.91,7,0,2,#2F4F4F,31.3,-11.7,-3.7,5,5,5,8,SUFFIX(어미변화)
한번에 싱글하게,hanbeone singgeulhage,4,2048,1,1,2,32,1,hanpʌne siŋkɯlhake,5,2,3,7,2,5,450.0,3.09,2,1800.0,4.91,7,0,2,#2F4F4F,31.3,-11.7,-3.7,5,5,5,8,SUFFIX(어미변화)
살짝 싱글싱글하게,saljjag singgeulsinggeulhage,4,2048,1,1,2,33,1,saltɕ͈ak̚ siŋkɯlsiŋkɯlhake,8,4,4,8,5,5,950.0,4.62,2,3200.0,5.89,9,0,3,#2F4F4F,31.3,-11.7,-3.7,5,5,5,1,REDUP(첩어・동일)
슬쩍 싱글싱글하게,seuljjeog singgeulsinggeulhage,4,2048,1,1,2,33,1,sɯltɕ͈ʌk̚ siŋkɯlsiŋkɯlhake,8,4,4,8,5,5,950.0,4.62,2,3200.0,5.89,9,0,3,#2F4F4F,31.3,-11.7,-3.7,5,5,5,1,REDUP(첩어・동일)
선뜻 싱글싱글하게,seontteus singgeulsinggeulhage,4,2048,1,1,2,33,1,sʌnt͈ɯs̚ siŋkɯlsiŋkɯlhake,8,4,4,8,5,5,950.0,4.62,2,3200.0,5.89,9,0,3,#2F4F4F,31.3,-11.7,-3.7,5,5,5,1,REDUP(첩어・동일)
단번에 싱글싱글하게,danbeone singgeulsinggeulhage,4,2048,1,1,2,33,1,tanpʌne siŋkɯlsiŋkɯlhake,5,4,3,7,2,5,450.0,3.09,2,3200.0,5.89,7,0,2,#2F4F4F,31.3,-11.7,-3.7,5,5,5,1,REDUP(첩어・동일)
한번에 싱글싱글하게,hanbeone singgeulsinggeulhage,4,2048,1,1,2,33,1,hanpʌne siŋkɯlsiŋkɯlhake,5,4,3,7,2,5,450.0,3.09,2,3200.0,5.89,7,0,2,#2F4F4F,31.3,-11.7,-3.7,5,5,5,1,REDUP(첩어・동일)
살짝 싱글한,saljjag singgeulhan,4,2048,1,1,2,32,1,saltɕ͈ak̚ siŋkɯlhan,8,2,4,8,5,5,950.0,4.62,2,1800.0,4.91,9,0,3,#2F4F4F,31.3,-11.7,-3.7,5,5,5,8,SUFFIX(어미변화)
슬쩍 싱글한,seuljjeog singgeulhan,4,2048,1,1,2,32,1,sɯltɕ͈ʌk̚ siŋkɯlhan,8,2,4,8,5,5,950.0,4.62,2,1800.0,4.91,9,0,3,#2F4F4F,31.3,-11.7,-3.7,5,5,5,8,SUFFIX(어미변화)
선뜻 싱글한,seontteus singgeulhan,4,2048,1,1,2,32,1,sʌnt͈ɯs̚ siŋkɯlhan,8,2,4,8,5,5,950.0,4.62,2,1800.0,4.91,9,0,3,#2F4F4F,31.3,-11.7,-3.7,5,5,5,8,SUFFIX(어미변화)
단번에 싱글한,danbeone singgeulhan,4,2048,1,1,2,32,1,tanpʌne siŋkɯlhan,5,2,3,7,2,5,450.0,3.09,2,1800.0,4.91,7,0,2,#2F4F4F,31.3,-11.7,-3.7,5,5,5,8,SUFFIX(어미변화)
한번에 싱글한,hanbeone singgeulhan,4,2048,1,1,2,32,1,hanpʌne siŋkɯlhan,5,2,3,7,2,5,450.0,3.09,2,1800.0,4.91,7,0,2,#2F4F4F,31.3,-11.7,-3.7,5,5,5,8,SUFFIX(어미변화)
살짝 싱글싱글한,saljjag singgeulsinggeulhan,4,2048,1,1,2,33,1,saltɕ͈ak̚ siŋkɯlsiŋkɯlhan,8,4,4,8,5,5,950.0,4.62,2,3200.0,5.89,9,0,3,#2F4F4F,31.3,-11.7,-3.7,5,5,5,1,REDUP(첩어・동일)
슬쩍 싱글싱글한,seuljjeog singgeulsinggeulhan,4,2048,1,1,2,33,1,sɯltɕ͈ʌk̚ siŋkɯlsiŋkɯlhan,8,4,4,8,5,5,950.0,4.62,2,3200.0,5.89,9,0,3,#2F4F4F,31.3,-11.7,-3.7,5,5,5,1,REDUP(첩어・동일)
선뜻 싱글싱글한,seontteus singgeulsinggeulhan,4,2048,1,1,2,33,1,sʌnt͈ɯs̚ siŋkɯlsiŋkɯlhan,8,4,4,8,5,5,950.0,4.62,2,3200.0,5.89,9,0,3,#2F4F4F,31.3,-11.7,-3.7,5,5,5,1,REDUP(첩어・동일)
단번에 싱글싱글한,danbeone singgeulsinggeulhan,4,2048,1,1,2,33,1,tanpʌne siŋkɯlsiŋkɯlhan,5,4,3,7,2,5,450.0,3.09,2,3200.0,5.89,7,0,2,#2F4F4F,31.3,-11.7,-3.7,5,5,5,1,REDUP(첩어・동일)
한번에 싱글싱글한,hanbeone singgeulsinggeulhan,4,2048,1,1,2,33,1,hanpʌne siŋkɯlsiŋkɯlhan,5,4,3,7,2,5,450.0,3.09,2,3200.0,5.89,7,0,2,#2F4F4F,31.3,-11.7,-3.7,5,5,5,1,REDUP(첩어・동일)
살짝 싱글스럽게,saljjag singgeulseureopge,4,2048,1,1,2,32,1,saltɕ͈ak̚ siŋkɯlsɯrʌp̚ke,8,2,4,8,5,5,950.0,4.62,2,1800.0,4.91,9,0,3,#2F4F4F,31.3,-11.7,-3.7,5,5,5,8,SUFFIX(어미변화)
슬쩍 싱글스럽게,seuljjeog singgeulseureopge,4,2048,1,1,2,32,1,sɯltɕ͈ʌk̚ siŋkɯlsɯrʌp̚ke,8,2,4,8,5,5,950.0,4.62,2,1800.0,4.91,9,0,3,#2F4F4F,31.3,-11.7,-3.7,5,5,5,8,SUFFIX(어미변화)
선뜻 싱글스럽게,seontteus singgeulseureopge,4,2048,1,1,2,32,1,sʌnt͈ɯs̚ siŋkɯlsɯrʌp̚ke,8,2,4,8,5,5,950.0,4.62,2,1800.0,4.91,9,0,3,#2F4F4F,31.3,-11.7,-3.7,5,5,5,8,SUFFIX(어미변화)
단번에 싱글스럽게,danbeone singgeulseureopge,4,2048,1,1,2,32,1,tanpʌne siŋkɯlsɯrʌp̚ke,5,2,3,7,5,5,450.0,3.09,2,1800.0,4.91,7,0,3,#2F4F4F,31.3,-11.7,-3.7,5,5,5,8,SUFFIX(어미변화)
한번에 싱글스럽게,hanbeone singgeulseureopge,4,2048,1,1,2,32,1,hanpʌne siŋkɯlsɯrʌp̚ke,5,2,3,7,5,5,450.0,3.09,2,1800.0,4.91,7,0,3,#2F4F4F,31.3,-11.7,-3.7,5,5,5,8,SUFFIX(어미변화)
살짝 싱글스러운,saljjag singgeulseureoun,4,2048,1,1,2,32,1,saltɕ͈ak̚ siŋkɯlsɯrʌun,8,2,4,8,5,5,950.0,4.62,2,1800.0,4.91,9,0,3,#2F4F4F,31.3,-11.7,-3.7,5,5,5,8,SUFFIX(어미변화)
슬쩍 싱글스러운,seuljjeog singgeulseureoun,4,2048,1,1,2,32,1,sɯltɕ͈ʌk̚ siŋkɯlsɯrʌun,8,2,4,8,5,5,950.0,4.62,2,1800.0,4.91,9,0,3,#2F4F4F,31.3,-11.7,-3.7,5,5,5,8,SUFFIX(어미변화)
선뜻 싱글스러운,seontteus singgeulseureoun,4,2048,1,1,2,32,1,sʌnt͈ɯs̚ siŋkɯlsɯrʌun,8,2,4,8,5,5,950.0,4.62,2,1800.0,4.91,9,0,3,#2F4F4F,31.3,-11.7,-3.7,5,5,5,8,SUFFIX(어미변화)
단번에 싱글스러운,danbeone singgeulseureoun,4,2048,1,1,2,32,1,tanpʌne siŋkɯlsɯrʌun,5,2,3,7,2,5,450.0,3.09,2,1800.0,4.91,7,0,2,#2F4F4F,31.3,-11.7,-3.7,5,5,5,8,SUFFIX(어미변화)
한번에 싱글스러운,hanbeone singgeulseureoun,4,2048,1,1,2,32,1,hanpʌne siŋkɯlsɯrʌun,5,2,3,7,2,5,450.0,3.09,2,1800.0,4.91,7,0,2,#2F4F4F,31.3,-11.7,-3.7,5,5,5,8,SUFFIX(어미변화)
살짝 싱글해서,saljjag singgeulhaeseo,4,2048,1,1,2,32,1,saltɕ͈ak̚ siŋkɯlhɛsʌ,8,2,4,8,5,5,950.0,4.62,2,1800.0,4.91,9,0,3,#2F4F4F,31.3,-11.7,-3.7,5,5,5,8,SUFFIX(어미변화)
슬쩍 싱글해서,seuljjeog singgeulhaeseo,4,2048,1,1,2,32,1,sɯltɕ͈ʌk̚ siŋkɯlhɛsʌ,8,2,4,8,5,5,950.0,4.62,2,1800.0,4.91,9,0,3,#2F4F4F,31.3,-11.7,-3.7,5,5,5,8,SUFFIX(어미변화)
선뜻 싱글해서,seontteus singgeulhaeseo,4,2048,1,1,2,32,1,sʌnt͈ɯs̚ siŋkɯlhɛsʌ,8,2,4,8,5,5,950.0,4.62,2,1800.0,4.91,9,0,3,#2F4F4F,31.3,-11.7,-3.7,5,5,5,8,SUFFIX(어미변화)
단번에 싱글해서,danbeone singgeulhaeseo,4,2048,1,1,2,32,1,tanpʌne siŋkɯlhɛsʌ,5,2,3,7,2,5,450.0,3.09,2,1800.0,4.91,7,0,2,#2F4F4F,31.3,-11.7,-3.7,5,5,5,8,SUFFIX(어미변화)
한번에 싱글해서,hanbeone singgeulhaeseo,4,2048,1,1,2,32,1,hanpʌne siŋkɯlhɛsʌ,5,2,3,7,2,5,450.0,3.09,2,1800.0,4.91,7,0,2,#2F4F4F,31.3,-11.7,-3.7,5,5,5,8,SUFFIX(어미변화)
살짝 싱글싱글해서,saljjag singgeulsinggeulhaeseo,4,2048,1,1,2,33,1,saltɕ͈ak̚ siŋkɯlsiŋkɯlhɛsʌ,8,4,4,8,5,5,950.0,4.62,2,3200.0,5.89,9,0,3,#2F4F4F,31.3,-11.7,-3.7,5,5,5,1,REDUP(첩어・동일)
슬쩍 싱글싱글해서,seuljjeog singgeulsinggeulhaeseo,4,2048,1,1,2,33,1,sɯltɕ͈ʌk̚ siŋkɯlsiŋkɯlhɛsʌ,8,4,4,8,5,5,950.0,4.62,2,3200.0,5.89,9,0,3,#2F4F4F,31.3,-11.7,-3.7,5,5,5,1,REDUP(첩어・동일)
선뜻 싱글싱글해서,seontteus singgeulsinggeulhaeseo,4,2048,1,1,2,33,1,sʌnt͈ɯs̚ siŋkɯlsiŋkɯlhɛsʌ,8,4,4,8,5,5,950.0,4.62,2,3200.0,5.89,9,0,3,#2F4F4F,31.3,-11.7,-3.7,5,5,5,1,REDUP(첩어・동일)
단번에 싱글싱글해서,danbeone singgeulsinggeulhaeseo,4,2048,1,1,2,33,1,tanpʌne siŋkɯlsiŋkɯlhɛsʌ,5,4,3,7,2,5,450.0,3.09,2,3200.0,5.89,7,0,2,#2F4F4F,31.3,-11.7,-3.7,5,5,5,1,REDUP(첩어・동일)
한번에 싱글싱글해서,hanbeone singgeulsinggeulhaeseo,4,2048,1,1,2,33,1,hanpʌne siŋkɯlsiŋkɯlhɛsʌ,5,4,3,7,2,5,450.0,3.09,2,3200.0,5.89,7,0,2,#2F4F4F,31.3,-11.7,-3.7,5,5,5,1,REDUP(첩어・동일)
살짝 싱글하고,saljjag singgeulhago,4,2048,1,1,2,32,1,saltɕ͈ak̚ siŋkɯlhako,8,2,4,8,5,5,950.0,4.62,2,1800.0,4.91,9,0,3,#2F4F4F,31.3,-11.7,-3.7,5,5,5,8,SUFFIX(어미변화)
슬쩍 싱글하고,seuljjeog singgeulhago,4,2048,1,1,2,32,1,sɯltɕ͈ʌk̚ siŋkɯlhako,8,2,4,8,5,5,950.0,4.62,2,1800.0,4.91,9,0,3,#2F4F4F,31.3,-11.7,-3.7,5,5,5,8,SUFFIX(어미변화)
선뜻 싱글하고,seontteus singgeulhago,4,2048,1,1,2,32,1,sʌnt͈ɯs̚ siŋkɯlhako,8,2,4,8,5,5,950.0,4.62,2,1800.0,4.91,9,0,3,#2F4F4F,31.3,-11.7,-3.7,5,5,5,8,SUFFIX(어미변화)
단번에 싱글하고,danbeone singgeulhago,4,2048,1,1,2,32,1,tanpʌne siŋkɯlhako,5,2,3,7,2,5,450.0,3.09,2,1800.0,4.91,7,0,2,#2F4F4F,31.3,-11.7,-3.7,5,5,5,8,SUFFIX(어미변화)
한번에 싱글하고,hanbeone singgeulhago,4,2048,1,1,2,32,1,hanpʌne siŋkɯlhako,5,2,3,7,2,5,450.0,3.09,2,1800.0,4.91,7,0,2,#2F4F4F,31.3,-11.7,-3.7,5,5,5,8,SUFFIX(어미변화)
살짝 싱글싱글하고,saljjag singgeulsinggeulhago,4,2048,1,1,2,33,1,saltɕ͈ak̚ siŋkɯlsiŋkɯlhako,8,4,4,8,5,5,950.0,4.62,2,3200.0,5.89,9,0,3,#2F4F4F,31.3,-11.7,-3.7,5,5,5,1,REDUP(첩어・동일)
슬쩍 싱글싱글하고,seuljjeog singgeulsinggeulhago,4,2048,1,1,2,33,1,sɯltɕ͈ʌk̚ siŋkɯlsiŋkɯlhako,8,4,4,8,5,5,950.0,4.62,2,3200.0,5.89,9,0,3,#2F4F4F,31.3,-11.7,-3.7,5,5,5,1,REDUP(첩어・동일)
선뜻 싱글싱글하고,seontteus singgeulsinggeulhago,4,2048,1,1,2,33,1,sʌnt͈ɯs̚ siŋkɯlsiŋkɯlhako,8,4,4,8,5,5,950.0,4.62,2,3200.0,5.89,9,0,3,#2F4F4F,31.3,-11.7,-3.7,5,5,5,1,REDUP(첩어・동일)
단번에 싱글싱글하고,danbeone singgeulsinggeulhago,4,2048,1,1,2,33,1,tanpʌne siŋkɯlsiŋkɯlhako,5,4,3,7,2,5,450.0,3.09,2,3200.0,5.89,7,0,2,#2F4F4F,31.3,-11.7,-3.7,5,5,5,1,REDUP(첩어・동일)
한번에 싱글싱글하고,hanbeone singgeulsinggeulhago,4,2048,1,1,2,33,1,hanpʌne siŋkɯlsiŋkɯlhako,5,4,3,7,2,5,450.0,3.09,2,3200.0,5.89,7,0,2,#2F4F4F,31.3,-11.7,-3.7,5,5,5,1,REDUP(첩어・동일)
살짝 방글,saljjag banggeul,4,2048,1,1,1,40,1,saltɕ͈ak̚ paŋkɯl,4,2,4,8,5,5,2600.0,6.69,8,1800.0,4.91,9,0,3,#FFD700,86.9,-1.9,87.1,5,5,5,8,SUFFIX(어미변화)
슬쩍 방글,seuljjeog banggeul,4,2048,1,1,1,40,1,sɯltɕ͈ʌk̚ paŋkɯl,4,2,4,8,5,5,2600.0,6.69,8,1800.0,4.91,9,0,3,#FFD700,86.9,-1.9,87.1,5,5,5,8,SUFFIX(어미변화)
선뜻 방글,seontteus banggeul,4,2048,1,1,1,40,1,sʌnt͈ɯs̚ paŋkɯl,4,2,4,8,5,5,2600.0,6.69,8,1800.0,4.91,9,0,3,#FFD700,86.9,-1.9,87.1,5,5,5,8,SUFFIX(어미변화)
단번에 방글,danbeone banggeul,4,2048,1,1,1,40,1,tanpʌne paŋkɯl,1,2,3,5,2,5,2100.0,6.25,8,1800.0,4.91,7,0,2,#FFD700,86.9,-1.9,87.1,5,5,5,8,SUFFIX(어미변화)
한번에 방글,hanbeone banggeul,4,2048,1,1,1,40,1,hanpʌne paŋkɯl,1,2,3,7,2,5,2100.0,6.25,8,1800.0,4.91,7,0,2,#FFD700,86.9,-1.9,87.1,5,5,5,8,SUFFIX(어미변화)
살짝 방글방글,saljjag banggeulbanggeul,4,2048,1,1,1,33,1,saltɕ͈ak̚ paŋkɯlpaŋkɯl,4,4,4,8,5,5,2600.0,6.69,8,3200.0,5.89,9,0,3,#FFD700,86.9,-1.9,87.1,5,5,5,1,REDUP(첩어・동일)
슬쩍 방글방글,seuljjeog banggeulbanggeul,4,2048,1,1,1,33,1,sɯltɕ͈ʌk̚ paŋkɯlpaŋkɯl,4,4,4,8,5,5,2600.0,6.69,8,3200.0,5.89,9,0,3,#FFD700,86.9,-1.9,87.1,5,5,5,1,REDUP(첩어・동일)
선뜻 방글방글,seontteus banggeulbanggeul,4,2048,1,1,1,33,1,sʌnt͈ɯs̚ paŋkɯlpaŋkɯl,4,4,4,8,5,5,2600.0,6.69,8,3200.0,5.89,9,0,3,#FFD700,86.9,-1.9,87.1,5,5,5,1,REDUP(첩어・동일)
단번에 방글방글,danbeone banggeulbanggeul,4,2048,1,1,1,33,1,tanpʌne paŋkɯlpaŋkɯl,1,4,3,5,2,5,2100.0,6.25,8,3200.0,5.89,7,0,2,#FFD700,86.9,-1.9,87.1,5,5,5,1,REDUP(첩어・동일)
한번에 방글방글,hanbeone banggeulbanggeul,4,2048,1,1,1,33,1,hanpʌne paŋkɯlpaŋkɯl,1,4,3,7,2,5,2100.0,6.25,8,3200.0,5.89,7,0,2,#FFD700,86.9,-1.9,87.1,5,5,5,1,REDUP(첩어・동일)
살짝 방글방글방글,saljjag banggeulbanggeulbanggeul,4,2048,1,1,1,33,1,saltɕ͈ak̚ paŋkɯlpaŋkɯlpaŋkɯl,4,4,4,8,5,5,2600.0,6.69,8,3200.0,5.89,9,0,3,#FFD700,86.9,-1.9,87.1,5,5,5,1,REDUP(첩어・동일)
슬쩍 방글방글방글,seuljjeog banggeulbanggeulbanggeul,4,2048,1,1,1,33,1,sɯltɕ͈ʌk̚ paŋkɯlpaŋkɯlpaŋkɯl,4,4,4,8,5,5,2600.0,6.69,8,3200.0,5.89,9,0,3,#FFD700,86.9,-1.9,87.1,5,5,5,1,REDUP(첩어・동일)
선뜻 방글방글방글,seontteus banggeulbanggeulbanggeul,4,2048,1,1,1,33,1,sʌnt͈ɯs̚ paŋkɯlpaŋkɯlpaŋkɯl,4,4,4,8,5,5,2600.0,6.69,8,3200.0,5.89,9,0,3,#FFD700,86.9,-1.9,87.1,5,5,5,1,REDUP(첩어・동일)
단번에 방글방글방글,danbeone banggeulbanggeulbanggeul,4,2048,1,1,1,33,1,tanpʌne paŋkɯlpaŋkɯlpaŋkɯl,1,4,3,5,2,5,2100.0,6.25,8,3200.0,5.89,7,0,2,#FFD700,86.9,-1.9,87.1,5,5,5,1,REDUP(첩어・동일)
한번에 방글방글방글,hanbeone banggeulbanggeulbanggeul,4,2048,1,1,1,33,1,hanpʌne paŋkɯlpaŋkɯlpaŋkɯl,1,4,3,7,2,5,2100.0,6.25,8,3200.0,5.89,7,0,2,#FFD700,86.9,-1.9,87.1,5,5,5,1,REDUP(첩어・동일)
살짝 방글거리다,saljjag banggeulgeorida,4,2048,1,1,1,32,1,saltɕ͈ak̚ paŋkɯlkʌrita,4,2,4,8,5,5,2600.0,6.69,8,1800.0,4.91,9,0,3,#FFD700,86.9,-1.9,87.1,5,5,5,8,STEM+GEORIDA
슬쩍 방글거리다,seuljjeog banggeulgeorida,4,2048,1,1,1,32,1,sɯltɕ͈ʌk̚ paŋkɯlkʌrita,4,2,4,8,5,5,2600.0,6.69,8,1800.0,4.91,9,0,3,#FFD700,86.9,-1.9,87.1,5,5,5,8,STEM+GEORIDA
선뜻 방글거리다,seontteus banggeulgeorida,4,2048,1,1,1,32,1,sʌnt͈ɯs̚ paŋkɯlkʌrita,4,2,4,8,5,5,2600.0,6.69,8,1800.0,4.91,9,0,3,#FFD700,86.9,-1.9,87.1,5,5,5,8,STEM+GEORIDA
단번에 방글거리다,danbeone banggeulgeorida,4,2048,1,1,1,32,1,tanpʌne paŋkɯlkʌrita,1,2,3,5,2,5,2100.0,6.25,8,1800.0,4.91,7,0,2,#FFD700,86.9,-1.9,87.1,5,5,5,8,STEM+GEORIDA
한번에 방글거리다,hanbeone banggeulgeorida,4,2048,1,1,1,32,1,hanpʌne paŋkɯlkʌrita,1,2,3,7,2,5,2100.0,6.25,8,1800.0,4.91,7,0,2,#FFD700,86.9,-1.9,87.1,5,5,5,8,STEM+GEORIDA
살짝 방글대다,saljjag banggeuldaeda,4,2048,1,1,1,32,1,saltɕ͈ak̚ paŋkɯltɛta,4,2,4,8,5,5,2600.0,6.69,8,1800.0,4.91,9,0,3,#FFD700,86.9,-1.9,87.1,5,5,5,8,STEM+DAEDA
슬쩍 방글대다,seuljjeog banggeuldaeda,4,2048,1,1,1,32,1,sɯltɕ͈ʌk̚ paŋkɯltɛta,4,2,4,8,5,5,2600.0,6.69,8,1800.0,4.91,9,0,3,#FFD700,86.9,-1.9,87.1,5,5,5,8,STEM+DAEDA
선뜻 방글대다,seontteus banggeuldaeda,4,2048,1,1,1,32,1,sʌnt͈ɯs̚ paŋkɯltɛta,4,2,4,8,5,5,2600.0,6.69,8,1800.0,4.91,9,0,3,#FFD700,86.9,-1.9,87.1,5,5,5,8,STEM+DAEDA
단번에 방글대다,danbeone banggeuldaeda,4,2048,1,1,1,32,1,tanpʌne paŋkɯltɛta,1,2,3,5,2,5,2100.0,6.25,8,1800.0,4.91,7,0,2,#FFD700,86.9,-1.9,87.1,5,5,5,8,STEM+DAEDA
한번에 방글대다,hanbeone banggeuldaeda,4,2048,1,1,1,32,1,hanpʌne paŋkɯltɛta,1,2,3,7,2,5,2100.0,6.25,8,1800.0,4.91,7,0,2,#FFD700,86.9,-1.9,87.1,5,5,5,8,STEM+DAEDA
살짝 방글방글대다,saljjag banggeulbanggeuldaeda,4,2048,1,1,1,33,1,saltɕ͈ak̚ paŋkɯlpaŋkɯltɛta,4,4,4,8,5,5,2600.0,6.69,8,3200.0,5.89,9,0,3,#FFD700,86.9,-1.9,87.1,5,5,5,1,STEM+DAEDA
슬쩍 방글방글대다,seuljjeog banggeulbanggeuldaeda,4,2048,1,1,1,33,1,sɯltɕ͈ʌk̚ paŋkɯlpaŋkɯltɛta,4,4,4,8,5,5,2600.0,6.69,8,3200.0,5.89,9,0,3,#FFD700,86.9,-1.9,87.1,5,5,5,1,STEM+DAEDA
선뜻 방글방글대다,seontteus banggeulbanggeuldaeda,4,2048,1,1,1,33,1,sʌnt͈ɯs̚ paŋkɯlpaŋkɯltɛta,4,4,4,8,5,5,2600.0,6.69,8,3200.0,5.89,9,0,3,#FFD700,86.9,-1.9,87.1,5,5,5,1,STEM+DAEDA
단번에 방글방글대다,danbeone banggeulbanggeuldaeda,4,2048,1,1,1,33,1,tanpʌne paŋkɯlpaŋkɯltɛta,1,4,3,5,2,5,2100.0,6.25,8,3200.0,5.89,7,0,2,#FFD700,86.9,-1.9,87.1,5,5,5,1,STEM+DAEDA
한번에 방글방글대다,hanbeone banggeulbanggeuldaeda,4,2048,1,1,1,33,1,hanpʌne paŋkɯlpaŋkɯltɛta,1,4,3,7,2,5,2100.0,6.25,8,3200.0,5.89,7,0,2,#FFD700,86.9,-1.9,87.1,5,5,5,1,STEM+DAEDA
살짝 방글이다,saljjag banggeulida,4,2048,1,1,1,32,1,saltɕ͈ak̚ paŋkɯlita,4,2,4,8,5,5,2600.0,6.69,8,1800.0,4.91,9,0,3,#FFD700,86.9,-1.9,87.1,5,5,5,8,STEM+IDA
슬쩍 방글이다,seuljjeog banggeulida,4,2048,1,1,1,32,1,sɯltɕ͈ʌk̚ paŋkɯlita,4,2,4,8,5,5,2600.0,6.69,8,1800.0,4.91,9,0,3,#FFD700,86.9,-1.9,87.1,5,5,5,8,STEM+IDA
선뜻 방글이다,seontteus banggeulida,4,2048,1,1,1,32,1,sʌnt͈ɯs̚ paŋkɯlita,4,2,4,8,5,5,2600.0,6.69,8,1800.0,4.91,9,0,3,#FFD700,86.9,-1.9,87.1,5,5,5,8,STEM+IDA
단번에 방글이다,danbeone banggeulida,4,2048,1,1,1,32,1,tanpʌne paŋkɯlita,1,2,3,5,2,5,2100.0,6.25,8,1800.0,4.91,7,0,2,#FFD700,86.9,-1.9,87.1,5,5,5,8,STEM+IDA
한번에 방글이다,hanbeone banggeulida,4,2048,1,1,1,32,1,hanpʌne paŋkɯlita,1,2,3,7,2,5,2100.0,6.25,8,1800.0,4.91,7,0,2,#FFD700,86.9,-1.9,87.1,5,5,5,8,STEM+IDA
살짝 방글방글이다,saljjag banggeulbanggeulida,4,2048,1,1,1,33,1,saltɕ͈ak̚ paŋkɯlpaŋkɯlita,4,4,4,8,5,5,2600.0,6.69,8,3200.0,5.89,9,0,3,#FFD700,86.9,-1.9,87.1,5,5,5,1,STEM+IDA
슬쩍 방글방글이다,seuljjeog banggeulbanggeulida,4,2048,1,1,1,33,1,sɯltɕ͈ʌk̚ paŋkɯlpaŋkɯlita,4,4,4,8,5,5,2600.0,6.69,8,3200.0,5.89,9,0,3,#FFD700,86.9,-1.9,87.1,5,5,5,1,STEM+IDA
선뜻 방글방글이다,seontteus banggeulbanggeulida,4,2048,1,1,1,33,1,sʌnt͈ɯs̚ paŋkɯlpaŋkɯlita,4,4,4,8,5,5,2600.0,6.69,8,3200.0,5.89,9,0,3,#FFD700,86.9,-1.9,87.1,5,5,5,1,STEM+IDA
단번에 방글방글이다,danbeone banggeulbanggeulida,4,2048,1,1,1,33,1,tanpʌne paŋkɯlpaŋkɯlita,1,4,3,5,2,5,2100.0,6.25,8,3200.0,5.89,7,0,2,#FFD700,86.9,-1.9,87.1,5,5,5,1,STEM+IDA
한번에 방글방글이다,hanbeone banggeulbanggeulida,4,2048,1,1,1,33,1,hanpʌne paŋkɯlpaŋkɯlita,1,4,3,7,2,5,2100.0,6.25,8,3200.0,5.89,7,0,2,#FFD700,86.9,-1.9,87.1,5,5,5,1,STEM+IDA
살짝 방글하다,saljjag banggeulhada,4,2048,1,1,1,32,1,saltɕ͈ak̚ paŋkɯlhata,4,2,4,8,5,5,2600.0,6.69,8,1800.0,4.91,9,0,3,#FFD700,86.9,-1.9,87.1,5,5,5,8,STEM+HADA
슬쩍 방글하다,seuljjeog banggeulhada,4,2048,1,1,1,32,1,sɯltɕ͈ʌk̚ paŋkɯlhata,4,2,4,8,5,5,2600.0,6.69,8,1800.0,4.91,9,0,3,#FFD700,86.9,-1.9,87.1,5,5,5,8,STEM+HADA
선뜻 방글하다,seontteus banggeulhada,4,2048,1,1,1,32,1,sʌnt͈ɯs̚ paŋkɯlhata,4,2,4,8,5,5,2600.0,6.69,8,1800.0,4.91,9,0,3,#FFD700,86.9,-1.9,87.1,5,5,5,8,STEM+HADA
단번에 방글하다,danbeone banggeulhada,4,2048,1,1,1,32,1,tanpʌne paŋkɯlhata,1,2,3,7,2,5,2100.0,6.25,8,1800.0,4.91,7,0,2,#FFD700,86.9,-1.9,87.1,5,5,5,8,STEM+HADA
한번에 방글하다,hanbeone banggeulhada,4,2048,1,1,1,32,1,hanpʌne paŋkɯlhata,1,2,3,7,2,5,2100.0,6.25,8,1800.0,4.91,7,0,2,#FFD700,86.9,-1.9,87.1,5,5,5,8,STEM+HADA
살짝 방글방글하다,saljjag banggeulbanggeulhada,4,2048,1,1,1,33,1,saltɕ͈ak̚ paŋkɯlpaŋkɯlhata,4,4,4,8,5,5,2600.0,6.69,8,3200.0,5.89,9,0,3,#FFD700,86.9,-1.9,87.1,5,5,5,1,STEM+HADA
슬쩍 방글방글하다,seuljjeog banggeulbanggeulhada,4,2048,1,1,1,33,1,sɯltɕ͈ʌk̚ paŋkɯlpaŋkɯlhata,4,4,4,8,5,5,2600.0,6.69,8,3200.0,5.89,9,0,3,#FFD700,86.9,-1.9,87.1,5,5,5,1,STEM+HADA
선뜻 방글방글하다,seontteus banggeulbanggeulhada,4,2048,1,1,1,33,1,sʌnt͈ɯs̚ paŋkɯlpaŋkɯlhata,4,4,4,8,5,5,2600.0,6.69,8,3200.0,5.89,9,0,3,#FFD700,86.9,-1.9,87.1,5,5,5,1,STEM+HADA
단번에 방글방글하다,danbeone banggeulbanggeulhada,4,2048,1,1,1,33,1,tanpʌne paŋkɯlpaŋkɯlhata,1,4,3,7,2,5,2100.0,6.25,8,3200.0,5.89,7,0,2,#FFD700,86.9,-1.9,87.1,5,5,5,1,STEM+HADA
한번에 방글방글하다,hanbeone banggeulbanggeulhada,4,2048,1,1,1,33,1,hanpʌne paŋkɯlpaŋkɯlhata,1,4,3,7,2,5,2100.0,6.25,8,3200.0,5.89,7,0,2,#FFD700,86.9,-1.9,87.1,5,5,5,1,STEM+HADA
살짝 방글스럽다,saljjag banggeulseureopda,4,2048,1,1,1,32,1,saltɕ͈ak̚ paŋkɯlsɯrʌp̚ta,4,2,4,8,5,5,2600.0,6.69,8,1800.0,4.91,9,0,3,#FFD700,86.9,-1.9,87.1,5,5,5,8,SUFFIX(어미변화)
슬쩍 방글스럽다,seuljjeog banggeulseureopda,4,2048,1,1,1,32,1,sɯltɕ͈ʌk̚ paŋkɯlsɯrʌp̚ta,4,2,4,8,5,5,2600.0,6.69,8,1800.0,4.91,9,0,3,#FFD700,86.9,-1.9,87.1,5,5,5,8,SUFFIX(어미변화)
선뜻 방글스럽다,seontteus banggeulseureopda,4,2048,1,1,1,32,1,sʌnt͈ɯs̚ paŋkɯlsɯrʌp̚ta,4,2,4,8,5,5,2600.0,6.69,8,1800.0,4.91,9,0,3,#FFD700,86.9,-1.9,87.1,5,5,5,8,SUFFIX(어미변화)
단번에 방글스럽다,danbeone banggeulseureopda,4,2048,1,1,1,32,1,tanpʌne paŋkɯlsɯrʌp̚ta,1,2,3,7,5,5,2100.0,6.25,8,1800.0,4.91,7,0,3,#FFD700,86.9,-1.9,87.1,5,5,5,8,SUFFIX(어미변화)
한번에 방글스럽다,hanbeone banggeulseureopda,4,2048,1,1,1,32,1,hanpʌne paŋkɯlsɯrʌp̚ta,1,2,3,7,5,5,2100.0,6.25,8,1800.0,4.91,7,0,3,#FFD700,86.9,-1.9,87.1,5,5,5,8,SUFFIX(어미변화)
살짝 방글맞다,saljjag banggeulmajda,4,2048,1,1,1,32,1,saltɕ͈ak̚ paŋkɯlmat̚ta,4,2,4,8,5,5,2600.0,6.69,8,1800.0,4.91,9,0,3,#FFD700,86.9,-1.9,87.1,5,5,5,8,SUFFIX(어미변화)
슬쩍 방글맞다,seuljjeog banggeulmajda,4,2048,1,1,1,32,1,sɯltɕ͈ʌk̚ paŋkɯlmat̚ta,4,2,4,8,5,5,2600.0,6.69,8,1800.0,4.91,9,0,3,#FFD700,86.9,-1.9,87.1,5,5,5,8,SUFFIX(어미변화)
선뜻 방글맞다,seontteus banggeulmajda,4,2048,1,1,1,32,1,sʌnt͈ɯs̚ paŋkɯlmat̚ta,4,2,4,8,5,5,2600.0,6.69,8,1800.0,4.91,9,0,3,#FFD700,86.9,-1.9,87.1,5,5,5,8,SUFFIX(어미변화)
단번에 방글맞다,danbeone banggeulmajda,4,2048,1,1,1,32,1,tanpʌne paŋkɯlmat̚ta,1,2,3,5,2,5,2100.0,6.25,8,1800.0,4.91,7,0,2,#FFD700,86.9,-1.9,87.1,5,5,5,8,SUFFIX(어미변화)
한번에 방글맞다,hanbeone banggeulmajda,4,2048,1,1,1,32,1,hanpʌne paŋkɯlmat̚ta,1,2,3,7,2,5,2100.0,6.25,8,1800.0,4.91,7,0,2,#FFD700,86.9,-1.9,87.1,5,5,5,8,SUFFIX(어미변화)
살짝 방글방글맞다,saljjag banggeulbanggeulmajda,4,2048,1,1,1,33,1,saltɕ͈ak̚ paŋkɯlpaŋkɯlmat̚ta,4,4,4,8,5,5,2600.0,6.69,8,3200.0,5.89,9,0,3,#FFD700,86.9,-1.9,87.1,5,5,5,1,REDUP(첩어・동일)
슬쩍 방글방글맞다,seuljjeog banggeulbanggeulmajda,4,2048,1,1,1,33,1,sɯltɕ͈ʌk̚ paŋkɯlpaŋkɯlmat̚ta,4,4,4,8,5,5,2600.0,6.69,8,3200.0,5.89,9,0,3,#FFD700,86.9,-1.9,87.1,5,5,5,1,REDUP(첩어・동일)
선뜻 방글방글맞다,seontteus banggeulbanggeulmajda,4,2048,1,1,1,33,1,sʌnt͈ɯs̚ paŋkɯlpaŋkɯlmat̚ta,4,4,4,8,5,5,2600.0,6.69,8,3200.0,5.89,9,0,3,#FFD700,86.9,-1.9,87.1,5,5,5,1,REDUP(첩어・동일)
단번에 방글방글맞다,danbeone banggeulbanggeulmajda,4,2048,1,1,1,33,1,tanpʌne paŋkɯlpaŋkɯlmat̚ta,1,4,3,5,2,5,2100.0,6.25,8,3200.0,5.89,7,0,2,#FFD700,86.9,-1.9,87.1,5,5,5,1,REDUP(첩어・동일)
한번에 방글방글맞다,hanbeone banggeulbanggeulmajda,4,2048,1,1,1,33,1,hanpʌne paŋkɯlpaŋkɯlmat̚ta,1,4,3,7,2,5,2100.0,6.25,8,3200.0,5.89,7,0,2,#FFD700,86.9,-1.9,87.1,5,5,5,1,REDUP(첩어・동일)
살짝 방글하게,saljjag banggeulhage,4,2048,1,1,1,32,1,saltɕ͈ak̚ paŋkɯlhake,4,2,4,8,5,5,2600.0,6.69,8,1800.0,4.91,9,0,3,#FFD700,86.9,-1.9,87.1,5,5,5,8,SUFFIX(어미변화)
슬쩍 방글하게,seuljjeog banggeulhage,4,2048,1,1,1,32,1,sɯltɕ͈ʌk̚ paŋkɯlhake,4,2,4,8,5,5,2600.0,6.69,8,1800.0,4.91,9,0,3,#FFD700,86.9,-1.9,87.1,5,5,5,8,SUFFIX(어미변화)
선뜻 방글하게,seontteus banggeulhage,4,2048,1,1,1,32,1,sʌnt͈ɯs̚ paŋkɯlhake,4,2,4,8,5,5,2600.0,6.69,8,1800.0,4.91,9,0,3,#FFD700,86.9,-1.9,87.1,5,5,5,8,SUFFIX(어미변화)
단번에 방글하게,danbeone banggeulhage,4,2048,1,1,1,32,1,tanpʌne paŋkɯlhake,1,2,3,7,2,5,2100.0,6.25,8,1800.0,4.91,7,0,2,#FFD700,86.9,-1.9,87.1,5,5,5,8,SUFFIX(어미변화)
한번에 방글하게,hanbeone banggeulhage,4,2048,1,1,1,32,1,hanpʌne paŋkɯlhake,1,2,3,7,2,5,2100.0,6.25,8,1800.0,4.91,7,0,2,#FFD700,86.9,-1.9,87.1,5,5,5,8,SUFFIX(어미변화)
살짝 방글방글하게,saljjag banggeulbanggeulhage,4,2048,1,1,1,33,1,saltɕ͈ak̚ paŋkɯlpaŋkɯlhake,4,4,4,8,5,5,2600.0,6.69,8,3200.0,5.89,9,0,3,#FFD700,86.9,-1.9,87.1,5,5,5,1,REDUP(첩어・동일)
슬쩍 방글방글하게,seuljjeog banggeulbanggeulhage,4,2048,1,1,1,33,1,sɯltɕ͈ʌk̚ paŋkɯlpaŋkɯlhake,4,4,4,8,5,5,2600.0,6.69,8,3200.0,5.89,9,0,3,#FFD700,86.9,-1.9,87.1,5,5,5,1,REDUP(첩어・동일)
선뜻 방글방글하게,seontteus banggeulbanggeulhage,4,2048,1,1,1,33,1,sʌnt͈ɯs̚ paŋkɯlpaŋkɯlhake,4,4,4,8,5,5,2600.0,6.69,8,3200.0,5.89,9,0,3,#FFD700,86.9,-1.9,87.1,5,5,5,1,REDUP(첩어・동일)
단번에 방글방글하게,danbeone banggeulbanggeulhage,4,2048,1,1,1,33,1,tanpʌne paŋkɯlpaŋkɯlhake,1,4,3,7,2,5,2100.0,6.25,8,3200.0,5.89,7,0,2,#FFD700,86.9,-1.9,87.1,5,5,5,1,REDUP(첩어・동일)
한번에 방글방글하게,hanbeone banggeulbanggeulhage,4,2048,1,1,1,33,1,hanpʌne paŋkɯlpaŋkɯlhake,1,4,3,7,2,5,2100.0,6.25,8,3200.0,5.89,7,0,2,#FFD700,86.9,-1.9,87.1,5,5,5,1,REDUP(첩어・동일)
살짝 방글한,saljjag banggeulhan,4,2048,1,1,1,32,1,saltɕ͈ak̚ paŋkɯlhan,4,2,4,8,5,5,2600.0,6.69,8,1800.0,4.91,9,0,3,#FFD700,86.9,-1.9,87.1,5,5,5,8,SUFFIX(어미변화)
슬쩍 방글한,seuljjeog banggeulhan,4,2048,1,1,1,32,1,sɯltɕ͈ʌk̚ paŋkɯlhan,4,2,4,8,5,5,2600.0,6.69,8,1800.0,4.91,9,0,3,#FFD700,86.9,-1.9,87.1,5,5,5,8,SUFFIX(어미변화)
선뜻 방글한,seontteus banggeulhan,4,2048,1,1,1,32,1,sʌnt͈ɯs̚ paŋkɯlhan,4,2,4,8,5,5,2600.0,6.69,8,1800.0,4.91,9,0,3,#FFD700,86.9,-1.9,87.1,5,5,5,8,SUFFIX(어미변화)
단번에 방글한,danbeone banggeulhan,4,2048,1,1,1,32,1,tanpʌne paŋkɯlhan,1,2,3,7,2,5,2100.0,6.25,8,1800.0,4.91,7,0,2,#FFD700,86.9,-1.9,87.1,5,5,5,8,SUFFIX(어미변화)
한번에 방글한,hanbeone banggeulhan,4,2048,1,1,1,32,1,hanpʌne paŋkɯlhan,1,2,3,7,2,5,2100.0,6.25,8,1800.0,4.91,7,0,2,#FFD700,86.9,-1.9,87.1,5,5,5,8,SUFFIX(어미변화)
살짝 방글방글한,saljjag banggeulbanggeulhan,4,2048,1,1,1,33,1,saltɕ͈ak̚ paŋkɯlpaŋkɯlhan,4,4,4,8,5,5,2600.0,6.69,8,3200.0,5.89,9,0,3,#FFD700,86.9,-1.9,87.1,5,5,5,1,REDUP(첩어・동일)
슬쩍 방글방글한,seuljjeog banggeulbanggeulhan,4,2048,1,1,1,33,1,sɯltɕ͈ʌk̚ paŋkɯlpaŋkɯlhan,4,4,4,8,5,5,2600.0,6.69,8,3200.0,5.89,9,0,3,#FFD700,86.9,-1.9,87.1,5,5,5,1,REDUP(첩어・동일)
선뜻 방글방글한,seontteus banggeulbanggeulhan,4,2048,1,1,1,33,1,sʌnt͈ɯs̚ paŋkɯlpaŋkɯlhan,4,4,4,8,5,5,2600.0,6.69,8,3200.0,5.89,9,0,3,#FFD700,86.9,-1.9,87.1,5,5,5,1,REDUP(첩어・동일)
단번에 방글방글한,danbeone banggeulbanggeulhan,4,2048,1,1,1,33,1,tanpʌne paŋkɯlpaŋkɯlhan,1,4,3,7,2,5,2100.0,6.25,8,3200.0,5.89,7,0,2,#FFD700,86.9,-1.9,87.1,5,5,5,1,REDUP(첩어・동일)
한번에 방글방글한,hanbeone banggeulbanggeulhan,4,2048,1,1,1,33,1,hanpʌne paŋkɯlpaŋkɯlhan,1,4,3,7,2,5,2100.0,6.25,8,3200.0,5.89,7,0,2,#FFD700,86.9,-1.9,87.1,5,5,5,1,REDUP(첩어・동일)
살짝 방글스럽게,saljjag banggeulseureopge,4,2048,1,1,1,32,1,saltɕ͈ak̚ paŋkɯlsɯrʌp̚ke,4,2,4,8,5,5,2600.0,6.69,8,1800.0,4.91,9,0,3,#FFD700,86.9,-1.9,87.1,5,5,5,8,SUFFIX(어미변화)
슬쩍 방글스럽게,seuljjeog banggeulseureopge,4,2048,1,1,1,32,1,sɯltɕ͈ʌk̚ paŋkɯlsɯrʌp̚ke,4,2,4,8,5,5,2600.0,6.69,8,1800.0,4.91,9,0,3,#FFD700,86.9,-1.9,87.1,5,5,5,8,SUFFIX(어미변화)
선뜻 방글스럽게,seontteus banggeulseureopge,4,2048,1,1,1,32,1,sʌnt͈ɯs̚ paŋkɯlsɯrʌp̚ke,4,2,4,8,5,5,2600.0,6.69,8,1800.0,4.91,9,0,3,#FFD700,86.9,-1.9,87.1,5,5,5,8,SUFFIX(어미변화)
단번에 방글스럽게,danbeone banggeulseureopge,4,2048,1,1,1,32,1,tanpʌne paŋkɯlsɯrʌp̚ke,1,2,3,7,5,5,2100.0,6.25,8,1800.0,4.91,7,0,3,#FFD700,86.9,-1.9,87.1,5,5,5,8,SUFFIX(어미변화)
한번에 방글스럽게,hanbeone banggeulseureopge,4,2048,1,1,1,32,1,hanpʌne paŋkɯlsɯrʌp̚ke,1,2,3,7,5,5,2100.0,6.25,8,1800.0,4.91,7,0,3,#FFD700,86.9,-1.9,87.1,5,5,5,8,SUFFIX(어미변화)
살짝 방글스러운,saljjag banggeulseureoun,4,2048,1,1,1,32,1,saltɕ͈ak̚ paŋkɯlsɯrʌun,4,2,4,8,5,5,2600.0,6.69,8,1800.0,4.91,9,0,3,#FFD700,86.9,-1.9,87.1,5,5,5,8,SUFFIX(어미변화)
슬쩍 방글스러운,seuljjeog banggeulseureoun,4,2048,1,1,1,32,1,sɯltɕ͈ʌk̚ paŋkɯlsɯrʌun,4,2,4,8,5,5,2600.0,6.69,8,1800.0,4.91,9,0,3,#FFD700,86.9,-1.9,87.1,5,5,5,8,SUFFIX(어미변화)
선뜻 방글스러운,seontteus banggeulseureoun,4,2048,1,1,1,32,1,sʌnt͈ɯs̚ paŋkɯlsɯrʌun,4,2,4,8,5,5,2600.0,6.69,8,1800.0,4.91,9,0,3,#FFD700,86.9,-1.9,87.1,5,5,5,8,SUFFIX(어미변화)
단번에 방글스러운,danbeone banggeulseureoun,4,2048,1,1,1,32,1,tanpʌne paŋkɯlsɯrʌun,1,2,3,7,2,5,2100.0,6.25,8,1800.0,4.91,7,0,2,#FFD700,86.9,-1.9,87.1,5,5,5,8,SUFFIX(어미변화)
한번에 방글스러운,hanbeone banggeulseureoun,4,2048,1,1,1,32,1,hanpʌne paŋkɯlsɯrʌun,1,2,3,7,2,5,2100.0,6.25,8,1800.0,4.91,7,0,2,#FFD700,86.9,-1.9,87.1,5,5,5,8,SUFFIX(어미변화)
살짝 방글해서,saljjag banggeulhaeseo,4,2048,1,1,1,32,1,saltɕ͈ak̚ paŋkɯlhɛsʌ,4,2,4,8,5,5,2600.0,6.69,8,1800.0,4.91,9,0,3,#FFD700,86.9,-1.9,87.1,5,5,5,8,SUFFIX(어미변화)
슬쩍 방글해서,seuljjeog banggeulhaeseo,4,2048,1,1,1,32,1,sɯltɕ͈ʌk̚ paŋkɯlhɛsʌ,4,2,4,8,5,5,2600.0,6.69,8,1800.0,4.91,9,0,3,#FFD700,86.9,-1.9,87.1,5,5,5,8,SUFFIX(어미변화)
선뜻 방글해서,seontteus banggeulhaeseo,4,2048,1,1,1,32,1,sʌnt͈ɯs̚ paŋkɯlhɛsʌ,4,2,4,8,5,5,2600.0,6.69,8,1800.0,4.91,9,0,3,#FFD700,86.9,-1.9,87.1,5,5,5,8,SUFFIX(어미변화)
단번에 방글해서,danbeone banggeulhaeseo,4,2048,1,1,1,32,1,tanpʌne paŋkɯlhɛsʌ,1,2,3,7,2,5,2100.0,6.25,8,1800.0,4.91,7,0,2,#FFD700,86.9,-1.9,87.1,5,5,5,8,SUFFIX(어미변화)
한번에 방글해서,hanbeone banggeulhaeseo,4,2048,1,1,1,32,1,hanpʌne paŋkɯlhɛsʌ,1,2,3,7,2,5,2100.0,6.25,8,1800.0,4.91,7,0,2,#FFD700,86.9,-1.9,87.1,5,5,5,8,SUFFIX(어미변화)
살짝 방글방글해서,saljjag banggeulbanggeulhaeseo,4,2048,1,1,1,33,1,saltɕ͈ak̚ paŋkɯlpaŋkɯlhɛsʌ,4,4,4,8,5,5,2600.0,6.69,8,3200.0,5.89,9,0,3,#FFD700,86.9,-1.9,87.1,5,5,5,1,REDUP(첩어・동일)
슬쩍 방글방글해서,seuljjeog banggeulbanggeulhaeseo,4,2048,1,1,1,33,1,sɯltɕ͈ʌk̚ paŋkɯlpaŋkɯlhɛsʌ,4,4,4,8,5,5,2600.0,6.69,8,3200.0,5.89,9,0,3,#FFD700,86.9,-1.9,87.1,5,5,5,1,REDUP(첩어・동일)
선뜻 방글방글해서,seontteus banggeulbanggeulhaeseo,4,2048,1,1,1,33,1,sʌnt͈ɯs̚ paŋkɯlpaŋkɯlhɛsʌ,4,4,4,8,5,5,2600.0,6.69,8,3200.0,5.89,9,0,3,#FFD700,86.9,-1.9,87.1,5,5,5,1,REDUP(첩어・동일)
단번에 방글방글해서,danbeone banggeulbanggeulhaeseo,4,2048,1,1,1,33,1,tanpʌne paŋkɯlpaŋkɯlhɛsʌ,1,4,3,7,2,5,2100.0,6.25,8,3200.0,5.89,7,0,2,#FFD700,86.9,-1.9,87.1,5,5,5,1,REDUP(첩어・동일)
한번에 방글방글해서,hanbeone banggeulbanggeulhaeseo,4,2048,1,1,1,33,1,hanpʌne paŋkɯlpaŋkɯlhɛsʌ,1,4,3,7,2,5,2100.0,6.25,8,3200.0,5.89,7,0,2,#FFD700,86.9,-1.9,87.1,5,5,5,1,REDUP(첩어・동일)
살짝 방글하고,saljjag banggeulhago,4,2048,1,1,1,32,1,saltɕ͈ak̚ paŋkɯlhako,4,2,4,8,5,5,2600.0,6.69,8,1800.0,4.91,9,0,3,#FFD700,86.9,-1.9,87.1,5,5,5,8,SUFFIX(어미변화)
슬쩍 방글하고,seuljjeog banggeulhago,4,2048,1,1,1,32,1,sɯltɕ͈ʌk̚ paŋkɯlhako,4,2,4,8,5,5,2600.0,6.69,8,1800.0,4.91,9,0,3,#FFD700,86.9,-1.9,87.1,5,5,5,8,SUFFIX(어미변화)
선뜻 방글하고,seontteus banggeulhago,4,2048,1,1,1,32,1,sʌnt͈ɯs̚ paŋkɯlhako,4,2,4,8,5,5,2600.0,6.69,8,1800.0,4.91,9,0,3,#FFD700,86.9,-1.9,87.1,5,5,5,8,SUFFIX(어미변화)
단번에 방글하고,danbeone banggeulhago,4,2048,1,1,1,32,1,tanpʌne paŋkɯlhako,1,2,3,7,2,5,2100.0,6.25,8,1800.0,4.91,7,0,2,#FFD700,86.9,-1.9,87.1,5,5,5,8,SUFFIX(어미변화)
한번에 방글하고,hanbeone banggeulhago,4,2048,1,1,1,32,1,hanpʌne paŋkɯlhako,1,2,3,7,2,5,2100.0,6.25,8,1800.0,4.91,7,0,2,#FFD700,86.9,-1.9,87.1,5,5,5,8,SUFFIX(어미변화)
살짝 방글방글하고,saljjag banggeulbanggeulhago,4,2048,1,1,1,33,1,saltɕ͈ak̚ paŋkɯlpaŋkɯlhako,4,4,4,8,5,5,2600.0,6.69,8,3200.0,5.89,9,0,3,#FFD700,86.9,-1.9,87.1,5,5,5,1,REDUP(첩어・동일)
슬쩍 방글방글하고,seuljjeog banggeulbanggeulhago,4,2048,1,1,1,33,1,sɯltɕ͈ʌk̚ paŋkɯlpaŋkɯlhako,4,4,4,8,5,5,2600.0,6.69,8,3200.0,5.89,9,0,3,#FFD700,86.9,-1.9,87.1,5,5,5,1,REDUP(첩어・동일)
선뜻 방글방글하고,seontteus banggeulbanggeulhago,4,2048,1,1,1,33,1,sʌnt͈ɯs̚ paŋkɯlpaŋkɯlhako,4,4,4,8,5,5,2600.0,6.69,8,3200.0,5.89,9,0,3,#FFD700,86.9,-1.9,87.1,5,5,5,1,REDUP(첩어・동일)
단번에 방글방글하고,danbeone banggeulbanggeulhago,4,2048,1,1,1,33,1,tanpʌne paŋkɯlpaŋkɯlhako,1,4,3,7,2,5,2100.0,6.25,8,3200.0,5.89,7,0,2,#FFD700,86.9,-1.9,87.1,5,5,5,1,REDUP(첩어・동일)
한번에 방글방글하고,hanbeone banggeulbanggeulhago,4,2048,1,1,1,33,1,hanpʌne paŋkɯlpaŋkɯlhako,1,4,3,7,2,5,2100.0,6.25,8,3200.0,5.89,7,0,2,#FFD700,86.9,-1.9,87.1,5,5,5,1,REDUP(첩어・동일)
살짝 두근,saljjag dugeun,8,2048,1,1,2,40,1,saltɕ͈ak̚ tukɯn,8,2,4,8,5,5,950.0,4.62,2,1800.0,4.91,9,0,3,#2F4F4F,31.3,-11.7,-3.7,5,5,5,8,SUFFIX(어미변화)
슬쩍 두근,seuljjeog dugeun,8,2048,1,1,2,40,1,sɯltɕ͈ʌk̚ tukɯn,8,2,4,8,5,5,950.0,4.62,2,1800.0,4.91,9,0,3,#2F4F4F,31.3,-11.7,-3.7,5,5,5,8,SUFFIX(어미변화)
선뜻 두근,seontteus dugeun,8,2048,1,1,2,40,1,sʌnt͈ɯs̚ tukɯn,8,2,4,8,5,5,950.0,4.62,2,1800.0,4.91,9,0,3,#2F4F4F,31.3,-11.7,-3.7,5,5,5,8,SUFFIX(어미변화)
단번에 두근,danbeone dugeun,8,2048,1,1,2,40,1,tanpʌne tukɯn,5,2,3,5,2,5,450.0,3.09,2,1800.0,4.91,7,0,2,#2F4F4F,31.3,-11.7,-3.7,5,5,5,8,SUFFIX(어미변화)
한번에 두근,hanbeone dugeun,8,2048,1,1,2,40,1,hanpʌne tukɯn,5,2,3,7,2,5,450.0,3.09,2,1800.0,4.91,7,0,2,#2F4F4F,31.3,-11.7,-3.7,5,5,5,8,SUFFIX(어미변화)
살짝 두근두근,saljjag dugeundugeun,8,2048,1,1,2,33,1,saltɕ͈ak̚ tukɯntukɯn,8,4,4,8,5,5,950.0,4.62,2,3200.0,5.89,9,0,3,#2F4F4F,31.3,-11.7,-3.7,5,5,5,1,REDUP(첩어・동일)
슬쩍 두근두근,seuljjeog dugeundugeun,8,2048,1,1,2,33,1,sɯltɕ͈ʌk̚ tukɯntukɯn,8,4,4,8,5,5,950.0,4.62,2,3200.0,5.89,9,0,3,#2F4F4F,31.3,-11.7,-3.7,5,5,5,1,REDUP(첩어・동일)
선뜻 두근두근,seontteus dugeundugeun,8,2048,1,1,2,33,1,sʌnt͈ɯs̚ tukɯntukɯn,8,4,4,8,5,5,950.0,4.62,2,3200.0,5.89,9,0,3,#2F4F4F,31.3,-11.7,-3.7,5,5,5,1,REDUP(첩어・동일)
단번에 두근두근,danbeone dugeundugeun,8,2048,1,1,2,33,1,tanpʌne tukɯntukɯn,5,4,3,5,2,5,450.0,3.09,2,3200.0,5.89,7,0,2,#2F4F4F,31.3,-11.7,-3.7,5,5,5,1,REDUP(첩어・동일)
한번에 두근두근,hanbeone dugeundugeun,8,2048,1,1,2,33,1,hanpʌne tukɯntukɯn,5,4,3,7,2,5,450.0,3.09,2,3200.0,5.89,7,0,2,#2F4F4F,31.3,-11.7,-3.7,5,5,5,1,REDUP(첩어・동일)
살짝 두근두근두근,saljjag dugeundugeundugeun,8,2048,1,1,2,33,1,saltɕ͈ak̚ tukɯntukɯntukɯn,8,4,4,8,5,5,950.0,4.62,2,3200.0,5.89,9,0,3,#2F4F4F,31.3,-11.7,-3.7,5,5,5,1,REDUP(첩어・동일)
슬쩍 두근두근두근,seuljjeog dugeundugeundugeun,8,2048,1,1,2,33,1,sɯltɕ͈ʌk̚ tukɯntukɯntukɯn,8,4,4,8,5,5,950.0,4.62,2,3200.0,5.89,9,0,3,#2F4F4F,31.3,-11.7,-3.7,5,5,5,1,REDUP(첩어・동일)
선뜻 두근두근두근,seontteus dugeundugeundugeun,8,2048,1,1,2,33,1,sʌnt͈ɯs̚ tukɯntukɯntukɯn,8,4,4,8,5,5,950.0,4.62,2,3200.0,5.89,9,0,3,#2F4F4F,31.3,-11.7,-3.7,5,5,5,1,REDUP(첩어・동일)
단번에 두근두근두근,danbeone dugeundugeundugeun,8,2048,1,1,2,33,1,tanpʌne tukɯntukɯntukɯn,5,4,3,5,2,5,450.0,3.09,2,3200.0,5.89,7,0,2,#2F4F4F,31.3,-11.7,-3.7,5,5,5,1,REDUP(첩어・동일)
한번에 두근두근두근,hanbeone dugeundugeundugeun,8,2048,1,1,2,33,1,hanpʌne tukɯntukɯntukɯn,5,4,3,7,2,5,450.0,3.09,2,3200.0,5.89,7,0,2,#2F4F4F,31.3,-11.7,-3.7,5,5,5,1,REDUP(첩어・동일)
살짝 두근거리다,saljjag dugeungeorida,8,2048,1,1,2,32,1,saltɕ͈ak̚ tukɯnkʌrita,8,2,4,8,5,5,950.0,4.62,2,1800.0,4.91,9,0,3,#2F4F4F,31.3,-11.7,-3.7,5,5,5,8,STEM+GEORIDA
슬쩍 두근거리다,seuljjeog dugeungeorida,8,2048,1,1,2,32,1,sɯltɕ͈ʌk̚ tukɯnkʌrita,8,2,4,8,5,5,950.0,4.62,2,1800.0,4.91,9,0,3,#2F4F4F,31.3,-11.7,-3.7,5,5,5,8,STEM+GEORIDA
선뜻 두근거리다,seontteus dugeungeorida,8,2048,1,1,2,32,1,sʌnt͈ɯs̚ tukɯnkʌrita,8,2,4,8,5,5,950.0,4.62,2,1800.0,4.91,9,0,3,#2F4F4F,31.3,-11.7,-3.7,5,5,5,8,STEM+GEORIDA
단번에 두근거리다,danbeone dugeungeorida,8,2048,1,1,2,32,1,tanpʌne tukɯnkʌrita,5,2,3,5,2,5,450.0,3.09,2,1800.0,4.91,7,0,2,#2F4F4F,31.3,-11.7,-3.7,5,5,5,8,STEM+GEORIDA
한번에 두근거리다,hanbeone dugeungeorida,8,2048,1,1,2,32,1,hanpʌne tukɯnkʌrita,5,2,3,7,2,5,450.0,3.09,2,1800.0,4.91,7,0,2,#2F4F4F,31.3,-11.7,-3.7,5,5,5,8,STEM+GEORIDA
살짝 두근대다,saljjag dugeundaeda,8,2048,1,1,2,32,1,saltɕ͈ak̚ tukɯntɛta,8,2,4,8,5,5,950.0,4.62,2,1800.0,4.91,9,0,3,#2F4F4F,31.3,-11.7,-3.7,5,5,5,8,STEM+DAEDA
슬쩍 두근대다,seuljjeog dugeundaeda,8,2048,1,1,2,32,1,sɯltɕ͈ʌk̚ tukɯntɛta,8,2,4,8,5,5,950.0,4.62,2,1800.0,4.91,9,0,3,#2F4F4F,31.3,-11.7,-3.7,5,5,5,8,STEM+DAEDA
선뜻 두근대다,seontteus dugeundaeda,8,2048,1,1,2,32,1,sʌnt͈ɯs̚ tukɯntɛta,8,2,4,8,5,5,950.0,4.62,2,1800.0,4.91,9,0,3,#2F4F4F,31.3,-11.7,-3.7,5,5,5,8,STEM+DAEDA
단번에 두근대다,danbeone dugeundaeda,8,2048,1,1,2,32,1,tanpʌne tukɯntɛta,5,2,3,5,2,5,450.0,3.09,2,1800.0,4.91,7,0,2,#2F4F4F,31.3,-11.7,-3.7,5,5,5,8,STEM+DAEDA
한번에 두근대다,hanbeone dugeundaeda,8,2048,1,1,2,32,1,hanpʌne tukɯntɛta,5,2,3,7,2,5,450.0,3.09,2,1800.0,4.91,7,0,2,#2F4F4F,31.3,-11.7,-3.7,5,5,5,8,STEM+DAEDA
살짝 두근두근대다,saljjag dugeundugeundaeda,8,2048,1,1,2,33,1,saltɕ͈ak̚ tukɯntukɯntɛta,8,4,4,8,5,5,950.0,4.62,2,3200.0,5.89,9,0,3,#2F4F4F,31.3,-11.7,-3.7,5,5,5,1,STEM+DAEDA
슬쩍 두근두근대다,seuljjeog dugeundugeundaeda,8,2048,1,1,2,33,1,sɯltɕ͈ʌk̚ tukɯntukɯntɛta,8,4,4,8,5,5,950.0,4.62,2,3200.0,5.89,9,0,3,#2F4F4F,31.3,-11.7,-3.7,5,5,5,1,STEM+DAEDA
선뜻 두근두근대다,seontteus dugeundugeundaeda,8,2048,1,1,2,33,1,sʌnt͈ɯs̚ tukɯntukɯntɛta,8,4,4,8,5,5,950.0,4.62,2,3200.0,5.89,9,0,3,#2F4F4F,31.3,-11.7,-3.7,5,5,5,1,STEM+DAEDA
단번에 두근두근대다,danbeone dugeundugeundaeda,8,2048,1,1,2,33,1,tanpʌne tukɯntukɯntɛta,5,4,3,5,2,5,450.0,3.09,2,3200.0,5.89,7,0,2,#2F4F4F,31.3,-11.7,-3.7,5,5,5,1,STEM+DAEDA
한번에 두근두근대다,hanbeone dugeundugeundaeda,8,2048,1,1,2,33,1,hanpʌne tukɯntukɯntɛta,5,4,3,7,2,5,450.0,3.09,2,3200.0,5.89,7,0,2,#2F4F4F,31.3,-11.7,-3.7,5,5,5,1,STEM+DAEDA
살짝 두근이다,saljjag dugeunida,8,2048,1,1,2,32,1,saltɕ͈ak̚ tukɯnita,8,2,4,8,5,5,950.0,4.62,2,1800.0,4.91,9,0,3,#2F4F4F,31.3,-11.7,-3.7,5,5,5,8,STEM+IDA
슬쩍 두근이다,seuljjeog dugeunida,8,2048,1,1,2,32,1,sɯltɕ͈ʌk̚ tukɯnita,8,2,4,8,5,5,950.0,4.62,2,1800.0,4.91,9,0,3,#2F4F4F,31.3,-11.7,-3.7,5,5,5,8,STEM+IDA
선뜻 두근이다,seontteus dugeunida,8,2048,1,1,2,32,1,sʌnt͈ɯs̚ tukɯnita,8,2,4,8,5,5,950.0,4.62,2,1800.0,4.91,9,0,3,#2F4F4F,31.3,-11.7,-3.7,5,5,5,8,STEM+IDA
단번에 두근이다,danbeone dugeunida,8,2048,1,1,2,32,1,tanpʌne tukɯnita,5,2,3,5,2,5,450.0,3.09,2,1800.0,4.91,7,0,2,#2F4F4F,31.3,-11.7,-3.7,5,5,5,8,STEM+IDA
한번에 두근이다,hanbeone dugeunida,8,2048,1,1,2,32,1,hanpʌne tukɯnita,5,2,3,7,2,5,450.0,3.09,2,1800.0,4.91,7,0,2,#2F4F4F,31.3,-11.7,-3.7,5,5,5,8,STEM+IDA
살짝 두근두근이다,saljjag dugeundugeunida,8,2048,1,1,2,33,1,saltɕ͈ak̚ tukɯntukɯnita,8,4,4,8,5,5,950.0,4.62,2,3200.0,5.89,9,0,3,#2F4F4F,31.3,-11.7,-3.7,5,5,5,1,STEM+IDA
슬쩍 두근두근이다,seuljjeog dugeundugeunida,8,2048,1,1,2,33,1,sɯltɕ͈ʌk̚ tukɯntukɯnita,8,4,4,8,5,5,950.0,4.62,2,3200.0,5.89,9,0,3,#2F4F4F,31.3,-11.7,-3.7,5,5,5,1,STEM+IDA
선뜻 두근두근이다,seontteus dugeundugeunida,8,2048,1,1,2,33,1,sʌnt͈ɯs̚ tukɯntukɯnita,8,4,4,8,5,5,950.0,4.62,2,3200.0,5.89,9,0,3,#2F4F4F,31.3,-11.7,-3.7,5,5,5,1,STEM+IDA
단번에 두근두근이다,danbeone dugeundugeunida,8,2048,1,1,2,33,1,tanpʌne tukɯntukɯnita,5,4,3,5,2,5,450.0,3.09,2,3200.0,5.89,7,0,2,#2F4F4F,31.3,-11.7,-3.7,5,5,5,1,STEM+IDA
한번에 두근두근이다,hanbeone dugeundugeunida,8,2048,1,1,2,33,1,hanpʌne tukɯntukɯnita,5,4,3,7,2,5,450.0,3.09,2,3200.0,5.89,7,0,2,#2F4F4F,31.3,-11.7,-3.7,5,5,5,1,STEM+IDA
살짝 두근하다,saljjag dugeunhada,8,2048,1,1,2,32,1,saltɕ͈ak̚ tukɯnhata,8,2,4,8,5,5,950.0,4.62,2,1800.0,4.91,9,0,3,#2F4F4F,31.3,-11.7,-3.7,5,5,5,8,STEM+HADA
슬쩍 두근하다,seuljjeog dugeunhada,8,2048,1,1,2,32,1,sɯltɕ͈ʌk̚ tukɯnhata,8,2,4,8,5,5,950.0,4.62,2,1800.0,4.91,9,0,3,#2F4F4F,31.3,-11.7,-3.7,5,5,5,8,STEM+HADA
선뜻 두근하다,seontteus dugeunhada,8,2048,1,1,2,32,1,sʌnt͈ɯs̚ tukɯnhata,8,2,4,8,5,5,950.0,4.62,2,1800.0,4.91,9,0,3,#2F4F4F,31.3,-11.7,-3.7,5,5,5,8,STEM+HADA
단번에 두근하다,danbeone dugeunhada,8,2048,1,1,2,32,1,tanpʌne tukɯnhata,5,2,3,7,2,5,450.0,3.09,2,1800.0,4.91,7,0,2,#2F4F4F,31.3,-11.7,-3.7,5,5,5,8,STEM+HADA
한번에 두근하다,hanbeone dugeunhada,8,2048,1,1,2,32,1,hanpʌne tukɯnhata,5,2,3,7,2,5,450.0,3.09,2,1800.0,4.91,7,0,2,#2F4F4F,31.3,-11.7,-3.7,5,5,5,8,STEM+HADA
살짝 두근두근하다,saljjag dugeundugeunhada,8,2048,1,1,2,33,1,saltɕ͈ak̚ tukɯntukɯnhata,8,4,4,8,5,5,950.0,4.62,2,3200.0,5.89,9,0,3,#2F4F4F,31.3,-11.7,-3.7,5,5,5,1,STEM+HADA
슬쩍 두근두근하다,seuljjeog dugeundugeunhada,8,2048,1,1,2,33,1,sɯltɕ͈ʌk̚ tukɯntukɯnhata,8,4,4,8,5,5,950.0,4.62,2,3200.0,5.89,9,0,3,#2F4F4F,31.3,-11.7,-3.7,5,5,5,1,STEM+HADA
선뜻 두근두근하다,seontteus dugeundugeunhada,8,2048,1,1,2,33,1,sʌnt͈ɯs̚ tukɯntukɯnhata,8,4,4,8,5,5,950.0,4.62,2,3200.0,5.89,9,0,3,#2F4F4F,31.3,-11.7,-3.7,5,5,5,1,STEM+HADA
단번에 두근두근하다,danbeone dugeundugeunhada,8,2048,1,1,2,33,1,tanpʌne tukɯntukɯnhata,5,4,3,7,2,5,450.0,3.09,2,3200.0,5.89,7,0,2,#2F4F4F,31.3,-11.7,-3.7,5,5,5,1,STEM+HADA
한번에 두근두근하다,hanbeone dugeundugeunhada,8,2048,1,1,2,33,1,hanpʌne tukɯntukɯnhata,5,4,3,7,2,5,450.0,3.09,2,3200.0,5.89,7,0,2,#2F4F4F,31.3,-11.7,-3.7,5,5,5,1,STEM+HADA
살짝 두근스럽다,saljjag dugeunseureopda,8,2048,1,1,2,32,1,saltɕ͈ak̚ tukɯnsɯrʌp̚ta,8,2,4,8,5,5,950.0,4.62,2,1800.0,4.91,9,0,3,#2F4F4F,31.3,-11.7,-3.7,5,5,5,8,SUFFIX(어미변화)
슬쩍 두근스럽다,seuljjeog dugeunseureopda,8,2048,1,1,2,32,1,sɯltɕ͈ʌk̚ tukɯnsɯrʌp̚ta,8,2,4,8,5,5,950.0,4.62,2,1800.0,4.91,9,0,3,#2F4F4F,31.3,-11.7,-3.7,5,5,5,8,SUFFIX(어미변화)
선뜻 두근스럽다,seontteus dugeunseureopda,8,2048,1,1,2,32,1,sʌnt͈ɯs̚ tukɯnsɯrʌp̚ta,8,2,4,8,5,5,950.0,4.62,2,1800.0,4.91,9,0,3,#2F4F4F,31.3,-11.7,-3.7,5,5,5,8,SUFFIX(어미변화)
단번에 두근스럽다,danbeone dugeunseureopda,8,2048,1,1,2,32,1,tanpʌne tukɯnsɯrʌp̚ta,5,2,3,7,5,5,450.0,3.09,2,1800.0,4.91,7,0,3,#2F4F4F,31.3,-11.7,-3.7,5,5,5,8,SUFFIX(어미변화)
한번에 두근스럽다,hanbeone dugeunseureopda,8,2048,1,1,2,32,1,hanpʌne tukɯnsɯrʌp̚ta,5,2,3,7,5,5,450.0,3.09,2,1800.0,4.91,7,0,3,#2F4F4F,31.3,-11.7,-3.7,5,5,5,8,SUFFIX(어미변화)
살짝 두근맞다,saljjag dugeunmajda,8,2048,1,1,2,32,1,saltɕ͈ak̚ tukɯnmat̚ta,8,2,4,8,5,5,950.0,4.62,2,1800.0,4.91,9,0,3,#2F4F4F,31.3,-11.7,-3.7,5,5,5,8,SUFFIX(어미변화)
슬쩍 두근맞다,seuljjeog dugeunmajda,8,2048,1,1,2,32,1,sɯltɕ͈ʌk̚ tukɯnmat̚ta,8,2,4,8,5,5,950.0,4.62,2,1800.0,4.91,9,0,3,#2F4F4F,31.3,-11.7,-3.7,5,5,5,8,SUFFIX(어미변화)
선뜻 두근맞다,seontteus dugeunmajda,8,2048,1,1,2,32,1,sʌnt͈ɯs̚ tukɯnmat̚ta,8,2,4,8,5,5,950.0,4.62,2,1800.0,4.91,9,0,3,#2F4F4F,31.3,-11.7,-3.7,5,5,5,8,SUFFIX(어미변화)
단번에 두근맞다,danbeone dugeunmajda,8,2048,1,1,2,32,1,tanpʌne tukɯnmat̚ta,5,2,3,5,2,5,450.0,3.09,2,1800.0,4.91,7,0,2,#2F4F4F,31.3,-11.7,-3.7,5,5,5,8,SUFFIX(어미변화)
한번에 두근맞다,hanbeone dugeunmajda,8,2048,1,1,2,32,1,hanpʌne tukɯnmat̚ta,5,2,3,7,2,5,450.0,3.09,2,1800.0,4.91,7,0,2,#2F4F4F,31.3,-11.7,-3.7,5,5,5,8,SUFFIX(어미변화)
살짝 두근두근맞다,saljjag dugeundugeunmajda,8,2048,1,1,2,33,1,saltɕ͈ak̚ tukɯntukɯnmat̚ta,8,4,4,8,5,5,950.0,4.62,2,3200.0,5.89,9,0,3,#2F4F4F,31.3,-11.7,-3.7,5,5,5,1,REDUP(첩어・동일)
슬쩍 두근두근맞다,seuljjeog dugeundugeunmajda,8,2048,1,1,2,33,1,sɯltɕ͈ʌk̚ tukɯntukɯnmat̚ta,8,4,4,8,5,5,950.0,4.62,2,3200.0,5.89,9,0,3,#2F4F4F,31.3,-11.7,-3.7,5,5,5,1,REDUP(첩어・동일)
선뜻 두근두근맞다,seontteus dugeundugeunmajda,8,2048,1,1,2,33,1,sʌnt͈ɯs̚ tukɯntukɯnmat̚ta,8,4,4,8,5,5,950.0,4.62,2,3200.0,5.89,9,0,3,#2F4F4F,31.3,-11.7,-3.7,5,5,5,1,REDUP(첩어・동일)
단번에 두근두근맞다,danbeone dugeundugeunmajda,8,2048,1,1,2,33,1,tanpʌne tukɯntukɯnmat̚ta,5,4,3,5,2,5,450.0,3.09,2,3200.0,5.89,7,0,2,#2F4F4F,31.3,-11.7,-3.7,5,5,5,1,REDUP(첩어・동일)
한번에 두근두근맞다,hanbeone dugeundugeunmajda,8,2048,1,1,2,33,1,hanpʌne tukɯntukɯnmat̚ta,5,4,3,7,2,5,450.0,3.09,2,3200.0,5.89,7,0,2,#2F4F4F,31.3,-11.7,-3.7,5,5,5,1,REDUP(첩어・동일)
살짝 두근하게,saljjag dugeunhage,8,2048,1,1,2,32,1,saltɕ͈ak̚ tukɯnhake,8,2,4,8,5,5,950.0,4.62,2,1800.0,4.91,9,0,3,#2F4F4F,31.3,-11.7,-3.7,5,5,5,8,SUFFIX(어미변화)
슬쩍 두근하게,seuljjeog dugeunhage,8,2048,1,1,2,32,1,sɯltɕ͈ʌk̚ tukɯnhake,8,2,4,8,5,5,950.0,4.62,2,1800.0,4.91,9,0,3,#2F4F4F,31.3,-11.7,-3.7,5,5,5,8,SUFFIX(어미변화)
선뜻 두근하게,seontteus dugeunhage,8,2048,1,1,2,32,1,sʌnt͈ɯs̚ tukɯnhake,8,2,4,8,5,5,950.0,4.62,2,1800.0,4.91,9,0,3,#2F4F4F,31.3,-11.7,-3.7,5,5,5,8,SUFFIX(어미변화)
단번에 두근하게,danbeone dugeunhage,8,2048,1,1,2,32,1,tanpʌne tukɯnhake,5,2,3,7,2,5,450.0,3.09,2,1800.0,4.91,7,0,2,#2F4F4F,31.3,-11.7,-3.7,5,5,5,8,SUFFIX(어미변화)
한번에 두근하게,hanbeone dugeunhage,8,2048,1,1,2,32,1,hanpʌne tukɯnhake,5,2,3,7,2,5,450.0,3.09,2,1800.0,4.91,7,0,2,#2F4F4F,31.3,-11.7,-3.7,5,5,5,8,SUFFIX(어미변화)
살짝 두근두근하게,saljjag dugeundugeunhage,8,2048,1,1,2,33,1,saltɕ͈ak̚ tukɯntukɯnhake,8,4,4,8,5,5,950.0,4.62,2,3200.0,5.89,9,0,3,#2F4F4F,31.3,-11.7,-3.7,5,5,5,1,REDUP(첩어・동일)
슬쩍 두근두근하게,seuljjeog dugeundugeunhage,8,2048,1,1,2,33,1,sɯltɕ͈ʌk̚ tukɯntukɯnhake,8,4,4,8,5,5,950.0,4.62,2,3200.0,5.89,9,0,3,#2F4F4F,31.3,-11.7,-3.7,5,5,5,1,REDUP(첩어・동일)
선뜻 두근두근하게,seontteus dugeundugeunhage,8,2048,1,1,2,33,1,sʌnt͈ɯs̚ tukɯntukɯnhake,8,4,4,8,5,5,950.0,4.62,2,3200.0,5.89,9,0,3,#2F4F4F,31.3,-11.7,-3.7,5,5,5,1,REDUP(첩어・동일)
단번에 두근두근하게,danbeone dugeundugeunhage,8,2048,1,1,2,33,1,tanpʌne tukɯntukɯnhake,5,4,3,7,2,5,450.0,3.09,2,3200.0,5.89,7,0,2,#2F4F4F,31.3,-11.7,-3.7,5,5,5,1,REDUP(첩어・동일)
한번에 두근두근하게,hanbeone dugeundugeunhage,8,2048,1,1,2,33,1,hanpʌne tukɯntukɯnhake,5,4,3,7,2,5,450.0,3.09,2,3200.0,5.89,7,0,2,#2F4F4F,31.3,-11.7,-3.7,5,5,5,1,REDUP(첩어・동일)
살짝 두근한,saljjag dugeunhan,8,2048,1,1,2,32,1,saltɕ͈ak̚ tukɯnhan,8,2,4,8,5,5,950.0,4.62,2,1800.0,4.91,9,0,3,#2F4F4F,31.3,-11.7,-3.7,5,5,5,8,SUFFIX(어미변화)
슬쩍 두근한,seuljjeog dugeunhan,8,2048,1,1,2,32,1,sɯltɕ͈ʌk̚ tukɯnhan,8,2,4,8,5,5,950.0,4.62,2,1800.0,4.91,9,0,3,#2F4F4F,31.3,-11.7,-3.7,5,5,5,8,SUFFIX(어미변화)
선뜻 두근한,seontteus dugeunhan,8,2048,1,1,2,32,1,sʌnt͈ɯs̚ tukɯnhan,8,2,4,8,5,5,950.0,4.62,2,1800.0,4.91,9,0,3,#2F4F4F,31.3,-11.7,-3.7,5,5,5,8,SUFFIX(어미변화)
단번에 두근한,danbeone dugeunhan,8,2048,1,1,2,32,1,tanpʌne tukɯnhan,5,2,3,7,2,5,450.0,3.09,2,1800.0,4.91,7,0,2,#2F4F4F,31.3,-11.7,-3.7,5,5,5,8,SUFFIX(어미변화)
한번에 두근한,hanbeone dugeunhan,8,2048,1,1,2,32,1,hanpʌne tukɯnhan,5,2,3,7,2,5,450.0,3.09,2,1800.0,4.91,7,0,2,#2F4F4F,31.3,-11.7,-3.7,5,5,5,8,SUFFIX(어미변화)
살짝 두근두근한,saljjag dugeundugeunhan,8,2048,1,1,2,33,1,saltɕ͈ak̚ tukɯntukɯnhan,8,4,4,8,5,5,950.0,4.62,2,3200.0,5.89,9,0,3,#2F4F4F,31.3,-11.7,-3.7,5,5,5,1,REDUP(첩어・동일)
슬쩍 두근두근한,seuljjeog dugeundugeunhan,8,2048,1,1,2,33,1,sɯltɕ͈ʌk̚ tukɯntukɯnhan,8,4,4,8,5,5,950.0,4.62,2,3200.0,5.89,9,0,3,#2F4F4F,31.3,-11.7,-3.7,5,5,5,1,REDUP(첩어・동일)
선뜻 두근두근한,seontteus dugeundugeunhan,8,2048,1,1,2,33,1,sʌnt͈ɯs̚ tukɯntukɯnhan,8,4,4,8,5,5,950.0,4.62,2,3200.0,5.89,9,0,3,#2F4F4F,31.3,-11.7,-3.7,5,5,5,1,REDUP(첩어・동일)
단번에 두근두근한,danbeone dugeundugeunhan,8,2048,1,1,2,33,1,tanpʌne tukɯntukɯnhan,5,4,3,7,2,5,450.0,3.09,2,3200.0,5.89,7,0,2,#2F4F4F,31.3,-11.7,-3.7,5,5,5,1,REDUP(첩어・동일)
한번에 두근두근한,hanbeone dugeundugeunhan,8,2048,1,1,2,33,1,hanpʌne tukɯntukɯnhan,5,4,3,7,2,5,450.0,3.09,2,3200.0,5.89,7,0,2,#2F4F4F,31.3,-11.7,-3.7,5,5,5,1,REDUP(첩어・동일)
살짝 두근스럽게,saljjag dugeunseureopge,8,2048,1,1,2,32,1,saltɕ͈ak̚ tukɯnsɯrʌp̚ke,8,2,4,8,5,5,950.0,4.62,2,1800.0,4.91,9,0,3,#2F4F4F,31.3,-11.7,-3.7,5,5,5,8,SUFFIX(어미변화)
슬쩍 두근스럽게,seuljjeog dugeunseureopge,8,2048,1,1,2,32,1,sɯltɕ͈ʌk̚ tukɯnsɯrʌp̚ke,8,2,4,8,5,5,950.0,4.62,2,1800.0,4.91,9,0,3,#2F4F4F,31.3,-11.7,-3.7,5,5,5,8,SUFFIX(어미변화)
선뜻 두근스럽게,seontteus dugeunseureopge,8,2048,1,1,2,32,1,sʌnt͈ɯs̚ tukɯnsɯrʌp̚ke,8,2,4,8,5,5,950.0,4.62,2,1800.0,4.91,9,0,3,#2F4F4F,31.3,-11.7,-3.7,5,5,5,8,SUFFIX(어미변화)
단번에 두근스럽게,danbeone dugeunseureopge,8,2048,1,1,2,32,1,tanpʌne tukɯnsɯrʌp̚ke,5,2,3,7,5,5,450.0,3.09,2,1800.0,4.91,7,0,3,#2F4F4F,31.3,-11.7,-3.7,5,5,5,8,SUFFIX(어미변화)
한번에 두근스럽게,hanbeone dugeunseureopge,8,2048,1,1,2,32,1,hanpʌne tukɯnsɯrʌp̚ke,5,2,3,7,5,5,450.0,3.09,2,1800.0,4.91,7,0,3,#2F4F4F,31.3,-11.7,-3.7,5,5,5,8,SUFFIX(어미변화)
살짝 두근스러운,saljjag dugeunseureoun,8,2048,1,1,2,32,1,saltɕ͈ak̚ tukɯnsɯrʌun,8,2,4,8,5,5,950.0,4.62,2,1800.0,4.91,9,0,3,#2F4F4F,31.3,-11.7,-3.7,5,5,5,8,SUFFIX(어미변화)
슬쩍 두근스러운,seuljjeog dugeunseureoun,8,2048,1,1,2,32,1,sɯltɕ͈ʌk̚ tukɯnsɯrʌun,8,2,4,8,5,5,950.0,4.62,2,1800.0,4.91,9,0,3,#2F4F4F,31.3,-11.7,-3.7,5,5,5,8,SUFFIX(어미변화)
선뜻 두근스러운,seontteus dugeunseureoun,8,2048,1,1,2,32,1,sʌnt͈ɯs̚ tukɯnsɯrʌun,8,2,4,8,5,5,950.0,4.62,2,1800.0,4.91,9,0,3,#2F4F4F,31.3,-11.7,-3.7,5,5,5,8,SUFFIX(어미변화)
단번에 두근스러운,danbeone dugeunseureoun,8,2048,1,1,2,32,1,tanpʌne tukɯnsɯrʌun,5,2,3,7,2,5,450.0,3.09,2,1800.0,4.91,7,0,2,#2F4F4F,31.3,-11.7,-3.7,5,5,5,8,SUFFIX(어미변화)
한번에 두근스러운,hanbeone dugeunseureoun,8,2048,1,1,2,32,1,hanpʌne tukɯnsɯrʌun,5,2,3,7,2,5,450.0,3.09,2,1800.0,4.91,7,0,2,#2F4F4F,31.3,-11.7,-3.7,5,5,5,8,SUFFIX(어미변화)
살짝 두근해서,saljjag dugeunhaeseo,8,2048,1,1,2,32,1,saltɕ͈ak̚ tukɯnhɛsʌ,8,2,4,8,5,5,950.0,4.62,2,1800.0,4.91,9,0,3,#2F4F4F,31.3,-11.7,-3.7,5,5,5,8,SUFFIX(어미변화)
슬쩍 두근해서,seuljjeog dugeunhaeseo,8,2048,1,1,2,32,1,sɯltɕ͈ʌk̚ tukɯnhɛsʌ,8,2,4,8,5,5,950.0,4.62,2,1800.0,4.91,9,0,3,#2F4F4F,31.3,-11.7,-3.7,5,5,5,8,SUFFIX(어미변화)
선뜻 두근해서,seontteus dugeunhaeseo,8,2048,1,1,2,32,1,sʌnt͈ɯs̚ tukɯnhɛsʌ,8,2,4,8,5,5,950.0,4.62,2,1800.0,4.91,9,0,3,#2F4F4F,31.3,-11.7,-3.7,5,5,5,8,SUFFIX(어미변화)
단번에 두근해서,danbeone dugeunhaeseo,8,2048,1,1,2,32,1,tanpʌne tukɯnhɛsʌ,5,2,3,7,2,5,450.0,3.09,2,1800.0,4.91,7,0,2,#2F4F4F,31.3,-11.7,-3.7,5,5,5,8,SUFFIX(어미변화)
한번에 두근해서,hanbeone dugeunhaeseo,8,2048,1,1,2,32,1,hanpʌne tukɯnhɛsʌ,5,2,3,7,2,5,450.0,3.09,2,1800.0,4.91,7,0,2,#2F4F4F,31.3,-11.7,-3.7,5,5,5,8,SUFFIX(어미변화)
살짝 두근두근해서,saljjag dugeundugeunhaeseo,8,2048,1,1,2,33,1,saltɕ͈ak̚ tukɯntukɯnhɛsʌ,8,4,4,8,5,5,950.0,4.62,2,3200.0,5.89,9,0,3,#2F4F4F,31.3,-11.7,-3.7,5,5,5,1,REDUP(첩어・동일)
슬쩍 두근두근해서,seuljjeog dugeundugeunhaeseo,8,2048,1,1,2,33,1,sɯltɕ͈ʌk̚ tukɯntukɯnhɛsʌ,8,4,4,8,5,5,950.0,4.62,2,3200.0,5.89,9,0,3,#2F4F4F,31.3,-11.7,-3.7,5,5,5,1,REDUP(첩어・동일)
선뜻 두근두근해서,seontteus dugeundugeunhaeseo,8,2048,1,1,2,33,1,sʌnt͈ɯs̚ tukɯntukɯnhɛsʌ,8,4,4,8,5,5,950.0,4.62,2,3200.0,5.89,9,0,3,#2F4F4F,31.3,-11.7,-3.7,5,5,5,1,REDUP(첩어・동일)
단번에 두근두근해서,danbeone dugeundugeunhaeseo,8,2048,1,1,2,33,1,tanpʌne tukɯntukɯnhɛsʌ,5,4,3,7,2,5,450.0,3.09,2,3200.0,5.89,7,0,2,#2F4F4F,31.3,-11.7,-3.7,5,5,5,1,REDUP(첩어・동일)
한번에 두근두근해서,hanbeone dugeundugeunhaeseo,8,2048,1,1,2,33,1,hanpʌne tukɯntukɯnhɛsʌ,5,4,3,7,2,5,450.0,3.09,2,3200.0,5.89,7,0,2,#2F4F4F,31.3,-11.7,-3.7,5,5,5,1,REDUP(첩어・동일)
살짝 두근하고,saljjag dugeunhago,8,2048,1,1,2,32,1,saltɕ͈ak̚ tukɯnhako,8,2,4,8,5,5,950.0,4.62,2,1800.0,4.91,9,0,3,#2F4F4F,31.3,-11.7,-3.7,5,5,5,8,SUFFIX(어미변화)
슬쩍 두근하고,seuljjeog dugeunhago,8,2048,1,1,2,32,1,sɯltɕ͈ʌk̚ tukɯnhako,8,2,4,8,5,5,950.0,4.62,2,1800.0,4.91,9,0,3,#2F4F4F,31.3,-11.7,-3.7,5,5,5,8,SUFFIX(어미변화)
선뜻 두근하고,seontteus dugeunhago,8,2048,1,1,2,32,1,sʌnt͈ɯs̚ tukɯnhako,8,2,4,8,5,5,950.0,4.62,2,1800.0,4.91,9,0,3,#2F4F4F,31.3,-11.7,-3.7,5,5,5,8,SUFFIX(어미변화)
단번에 두근하고,danbeone dugeunhago,8,2048,1,1,2,32,1,tanpʌne tukɯnhako,5,2,3,7,2,5,450.0,3.09,2,1800.0,4.91,7,0,2,#2F4F4F,31.3,-11.7,-3.7,5,5,5,8,SUFFIX(어미변화)
한번에 두근하고,hanbeone dugeunhago,8,2048,1,1,2,32,1,hanpʌne tukɯnhako,5,2,3,7,2,5,450.0,3.09,2,1800.0,4.91,7,0,2,#2F4F4F,31.3,-11.7,-3.7,5,5,5,8,SUFFIX(어미변화)
살짝 두근두근하고,saljjag dugeundugeunhago,8,2048,1,1,2,33,1,saltɕ͈ak̚ tukɯntukɯnhako,8,4,4,8,5,5,950.0,4.62,2,3200.0,5.89,9,0,3,#2F4F4F,31.3,-11.7,-3.7,5,5,5,1,REDUP(첩어・동일)
슬쩍 두근두근하고,seuljjeog dugeundugeunhago,8,2048,1,1,2,33,1,sɯltɕ͈ʌk̚ tukɯntukɯnhako,8,4,4,8,5,5,950.0,4.62,2,3200.0,5.89,9,0,3,#2F4F4F,31.3,-11.7,-3.7,5,5,5,1,REDUP(첩어・동일)
선뜻 두근두근하고,seontteus dugeundugeunhago,8,2048,1,1,2,33,1,sʌnt͈ɯs̚ tukɯntukɯnhako,8,4,4,8,5,5,950.0,4.62,2,3200.0,5.89,9,0,3,#2F4F4F,31.3,-11.7,-3.7,5,5,5,1,REDUP(첩어・동일)
단번에 두근두근하고,danbeone dugeundugeunhago,8,2048,1,1,2,33,1,tanpʌne tukɯntukɯnhako,5,4,3,7,2,5,450.0,3.09,2,3200.0,5.89,7,0,2,#2F4F4F,31.3,-11.7,-3.7,5,5,5,1,REDUP(첩어・동일)
한번에 두근두근하고,hanbeone dugeundugeunhago,8,2048,1,1,2,33,1,hanpʌne tukɯntukɯnhako,5,4,3,7,2,5,450.0,3.09,2,3200.0,5.89,7,0,2,#2F4F4F,31.3,-11.7,-3.7,5,5,5,1,REDUP(첩어・동일)
살짝 콩닥,saljjag kongdak,8,2048,1,2,1,40,1,saltɕ͈ak̚ kʰoŋtak̚,4,2,4,8,5,5,2600.0,6.69,8,1800.0,4.91,9,0,3,#FFD700,86.9,-1.9,87.1,5,5,5,8,SUFFIX(어미변화)
슬쩍 콩닥,seuljjeog kongdak,8,2048,1,2,1,40,1,sɯltɕ͈ʌk̚ kʰoŋtak̚,4,2,4,8,5,5,2600.0,6.69,8,1800.0,4.91,9,0,3,#FFD700,86.9,-1.9,87.1,5,5,5,8,SUFFIX(어미변화)
선뜻 콩닥,seontteus kongdak,8,2048,1,2,1,40,1,sʌnt͈ɯs̚ kʰoŋtak̚,4,2,4,8,5,5,2600.0,6.69,8,1800.0,4.91,9,0,3,#FFD700,86.9,-1.9,87.1,5,5,5,8,SUFFIX(어미변화)
단번에 콩닥,danbeone kongdak,8,2048,1,2,1,40,1,tanpʌne kʰoŋtak̚,3,2,4,7,5,5,2900.0,6.92,8,1800.0,4.91,9,0,3,#FFD700,86.9,-1.9,87.1,5,5,5,8,SUFFIX(어미변화)
한번에 콩닥,hanbeone kongdak,8,2048,1,2,1,40,1,hanpʌne kʰoŋtak̚,3,2,4,7,5,5,2900.0,6.92,8,1800.0,4.91,9,0,3,#FFD700,86.9,-1.9,87.1,5,5,5,8,SUFFIX(어미변화)
살짝 콩닥콩닥,saljjag kongdakkongdak,8,2048,1,2,1,33,1,saltɕ͈ak̚ kʰoŋtak̚kʰoŋtak̚,4,4,4,8,5,5,2600.0,6.69,8,3200.0,5.89,9,0,3,#FFD700,86.9,-1.9,87.1,5,5,5,1,REDUP(첩어・동일)
슬쩍 콩닥콩닥,seuljjeog kongdakkongdak,8,2048,1,2,1,33,1,sɯltɕ͈ʌk̚ kʰoŋtak̚kʰoŋtak̚,4,4,4,8,5,5,2600.0,6.69,8,3200.0,5.89,9,0,3,#FFD700,86.9,-1.9,87.1,5,5,5,1,REDUP(첩어・동일)
선뜻 콩닥콩닥,seontteus kongdakkongdak,8,2048,1,2,1,33,1,sʌnt͈ɯs̚ kʰoŋtak̚kʰoŋtak̚,4,4,4,8,5,5,2600.0,6.69,8,3200.0,5.89,9,0,3,#FFD700,86.9,-1.9,87.1,5,5,5,1,REDUP(첩어・동일)
단번에 콩닥콩닥,danbeone kongdakkongdak,8,2048,1,2,1,33,1,tanpʌne kʰoŋtak̚kʰoŋtak̚,3,4,4,7,5,5,2900.0,6.92,8,3200.0,5.89,9,0,3,#FFD700,86.9,-1.9,87.1,5,5,5,1,REDUP(첩어・동일)
한번에 콩닥콩닥,hanbeone kongdakkongdak,8,2048,1,2,1,33,1,hanpʌne kʰoŋtak̚kʰoŋtak̚,3,4,4,7,5,5,2900.0,6.92,8,3200.0,5.89,9,0,3,#FFD700,86.9,-1.9,87.1,5,5,5,1,REDUP(첩어・동일)
살짝 콩닥콩닥콩닥,saljjag kongdakkongdakkongdak,8,2048,1,2,1,33,1,saltɕ͈ak̚ kʰoŋtak̚kʰoŋtak̚kʰoŋtak̚,4,4,4,8,5,5,2600.0,6.69,8,3200.0,5.89,9,0,3,#FFD700,86.9,-1.9,87.1,5,5,5,1,REDUP(첩어・동일)
슬쩍 콩닥콩닥콩닥,seuljjeog kongdakkongdakkongdak,8,2048,1,2,1,33,1,sɯltɕ͈ʌk̚ kʰoŋtak̚kʰoŋtak̚kʰoŋtak̚,4,4,4,8,5,5,2600.0,6.69,8,3200.0,5.89,9,0,3,#FFD700,86.9,-1.9,87.1,5,5,5,1,REDUP(첩어・동일)
선뜻 콩닥콩닥콩닥,seontteus kongdakkongdakkongdak,8,2048,1,2,1,33,1,sʌnt͈ɯs̚ kʰoŋtak̚kʰoŋtak̚kʰoŋtak̚,4,4,4,8,5,5,2600.0,6.69,8,3200.0,5.89,9,0,3,#FFD700,86.9,-1.9,87.1,5,5,5,1,REDUP(첩어・동일)
단번에 콩닥콩닥콩닥,danbeone kongdakkongdakkongdak,8,2048,1,2,1,33,1,tanpʌne kʰoŋtak̚kʰoŋtak̚kʰoŋtak̚,3,4,4,7,5,5,2900.0,6.92,8,3200.0,5.89,9,0,3,#FFD700,86.9,-1.9,87.1,5,5,5,1,REDUP(첩어・동일)
한번에 콩닥콩닥콩닥,hanbeone kongdakkongdakkongdak,8,2048,1,2,1,33,1,hanpʌne kʰoŋtak̚kʰoŋtak̚kʰoŋtak̚,3,4,4,7,5,5,2900.0,6.92,8,3200.0,5.89,9,0,3,#FFD700,86.9,-1.9,87.1,5,5,5,1,REDUP(첩어・동일)
살짝 콩닥거리다,saljjag kongdakgeorida,8,2048,1,2,1,32,1,saltɕ͈ak̚ kʰoŋtak̚kʌrita,4,2,4,8,5,5,2600.0,6.69,8,1800.0,4.91,9,0,3,#FFD700,86.9,-1.9,87.1,5,5,5,8,STEM+GEORIDA
슬쩍 콩닥거리다,seuljjeog kongdakgeorida,8,2048,1,2,1,32,1,sɯltɕ͈ʌk̚ kʰoŋtak̚kʌrita,4,2,4,8,5,5,2600.0,6.69,8,1800.0,4.91,9,0,3,#FFD700,86.9,-1.9,87.1,5,5,5,8,STEM+GEORIDA
선뜻 콩닥거리다,seontteus kongdakgeorida,8,2048,1,2,1,32,1,sʌnt͈ɯs̚ kʰoŋtak̚kʌrita,4,2,4,8,5,5,2600.0,6.69,8,1800.0,4.91,9,0,3,#FFD700,86.9,-1.9,87.1,5,5,5,8,STEM+GEORIDA
단번에 콩닥거리다,danbeone kongdakgeorida,8,2048,1,2,1,32,1,tanpʌne kʰoŋtak̚kʌrita,3,2,4,7,5,5,2900.0,6.92,8,1800.0,4.91,9,0,3,#FFD700,86.9,-1.9,87.1,5,5,5,8,STEM+GEORIDA
한번에 콩닥거리다,hanbeone kongdakgeorida,8,2048,1,2,1,32,1,hanpʌne kʰoŋtak̚kʌrita,3,2,4,7,5,5,2900.0,6.92,8,1800.0,4.91,9,0,3,#FFD700,86.9,-1.9,87.1,5,5,5,8,STEM+GEORIDA
살짝 콩닥대다,saljjag kongdakdaeda,8,2048,1,2,1,32,1,saltɕ͈ak̚ kʰoŋtak̚tɛta,4,2,4,8,5,5,2600.0,6.69,8,1800.0,4.91,9,0,3,#FFD700,86.9,-1.9,87.1,5,5,5,8,STEM+DAEDA
슬쩍 콩닥대다,seuljjeog kongdakdaeda,8,2048,1,2,1,32,1,sɯltɕ͈ʌk̚ kʰoŋtak̚tɛta,4,2,4,8,5,5,2600.0,6.69,8,1800.0,4.91,9,0,3,#FFD700,86.9,-1.9,87.1,5,5,5,8,STEM+DAEDA
선뜻 콩닥대다,seontteus kongdakdaeda,8,2048,1,2,1,32,1,sʌnt͈ɯs̚ kʰoŋtak̚tɛta,4,2,4,8,5,5,2600.0,6.69,8,1800.0,4.91,9,0,3,#FFD700,86.9,-1.9,87.1,5,5,5,8,STEM+DAEDA
단번에 콩닥대다,danbeone kongdakdaeda,8,2048,1,2,1,32,1,tanpʌne kʰoŋtak̚tɛta,3,2,4,7,5,5,2900.0,6.92,8,1800.0,4.91,9,0,3,#FFD700,86.9,-1.9,87.1,5,5,5,8,STEM+DAEDA
한번에 콩닥대다,hanbeone kongdakdaeda,8,2048,1,2,1,32,1,hanpʌne kʰoŋtak̚tɛta,3,2,4,7,5,5,2900.0,6.92,8,1800.0,4.91,9,0,3,#FFD700,86.9,-1.9,87.1,5,5,5,8,STEM+DAEDA
살짝 콩닥콩닥대다,saljjag kongdakkongdakdaeda,8,2048,1,2,1,33,1,saltɕ͈ak̚ kʰoŋtak̚kʰoŋtak̚tɛta,4,4,4,8,5,5,2600.0,6.69,8,3200.0,5.89,9,0,3,#FFD700,86.9,-1.9,87.1,5,5,5,1,STEM+DAEDA
슬쩍 콩닥콩닥대다,seuljjeog kongdakkongdakdaeda,8,2048,1,2,1,33,1,sɯltɕ͈ʌk̚ kʰoŋtak̚kʰoŋtak̚tɛta,4,4,4,8,5,5,2600.0,6.69,8,3200.0,5.89,9,0,3,#FFD700,86.9,-1.9,87.1,5,5,5,1,STEM+DAEDA
선뜻 콩닥콩닥대다,seontteus kongdakkongdakdaeda,8,2048,1,2,1,33,1,sʌnt͈ɯs̚ kʰoŋtak̚kʰoŋtak̚tɛta,4,4,4,8,5,5,2600.0,6.69,8,3200.0,5.89,9,0,3,#FFD700,86.9,-1.9,87.1,5,5,5,1,STEM+DAEDA
단번에 콩닥콩닥대다,danbeone kongdakkongdakdaeda,8,2048,1,2,1,33,1,tanpʌne kʰoŋtak̚kʰoŋtak̚tɛta,3,4,4,7,5,5,2900.0,6.92,8,3200.0,5.89,9,0,3,#FFD700,86.9,-1.9,87.1,5,5,5,1,STEM+DAEDA
한번에 콩닥콩닥대다,hanbeone kongdakkongdakdaeda,8,2048,1,2,1,33,1,hanpʌne kʰoŋtak̚kʰoŋtak̚tɛta,3,4,4,7,5,5,2900.0,6.92,8,3200.0,5.89,9,0,3,#FFD700,86.9,-1.9,87.1,5,5,5,1,STEM+DAEDA
살짝 콩닥이다,saljjag kongdakida,8,2048,1,2,1,32,1,saltɕ͈ak̚ kʰoŋtak̚ita,4,2,4,8,5,5,2600.0,6.69,8,1800.0,4.91,9,0,3,#FFD700,86.9,-1.9,87.1,5,5,5,8,STEM+IDA
슬쩍 콩닥이다,seuljjeog kongdakida,8,2048,1,2,1,32,1,sɯltɕ͈ʌk̚ kʰoŋtak̚ita,4,2,4,8,5,5,2600.0,6.69,8,1800.0,4.91,9,0,3,#FFD700,86.9,-1.9,87.1,5,5,5,8,STEM+IDA
선뜻 콩닥이다,seontteus kongdakida,8,2048,1,2,1,32,1,sʌnt͈ɯs̚ kʰoŋtak̚ita,4,2,4,8,5,5,2600.0,6.69,8,1800.0,4.91,9,0,3,#FFD700,86.9,-1.9,87.1,5,5,5,8,STEM+IDA
단번에 콩닥이다,danbeone kongdakida,8,2048,1,2,1,32,1,tanpʌne kʰoŋtak̚ita,3,2,4,7,5,5,2900.0,6.92,8,1800.0,4.91,9,0,3,#FFD700,86.9,-1.9,87.1,5,5,5,8,STEM+IDA
한번에 콩닥이다,hanbeone kongdakida,8,2048,1,2,1,32,1,hanpʌne kʰoŋtak̚ita,3,2,4,7,5,5,2900.0,6.92,8,1800.0,4.91,9,0,3,#FFD700,86.9,-1.9,87.1,5,5,5,8,STEM+IDA
살짝 콩닥콩닥이다,saljjag kongdakkongdakida,8,2048,1,2,1,33,1,saltɕ͈ak̚ kʰoŋtak̚kʰoŋtak̚ita,4,4,4,8,5,5,2600.0,6.69,8,3200.0,5.89,9,0,3,#FFD700,86.9,-1.9,87.1,5,5,5,1,STEM+IDA
슬쩍 콩닥콩닥이다,seuljjeog kongdakkongdakida,8,2048,1,2,1,33,1,sɯltɕ͈ʌk̚ kʰoŋtak̚kʰoŋtak̚ita,4,4,4,8,5,5,2600.0,6.69,8,3200.0,5.89,9,0,3,#FFD700,86.9,-1.9,87.1,5,5,5,1,STEM+IDA
선뜻 콩닥콩닥이다,seontteus kongdakkongdakida,8,2048,1,2,1,33,1,sʌnt͈ɯs̚ kʰoŋtak̚kʰoŋtak̚ita,4,4,4,8,5,5,2600.0,6.69,8,3200.0,5.89,9,0,3,#FFD700,86.9,-1.9,87.1,5,5,5,1,STEM+IDA
단번에 콩닥콩닥이다,danbeone kongdakkongdakida,8,2048,1,2,1,33,1,tanpʌne kʰoŋtak̚kʰoŋtak̚ita,3,4,4,7,5,5,2900.0,6.92,8,3200.0,5.89,9,0,3,#FFD700,86.9,-1.9,87.1,5,5,5,1,STEM+IDA
한번에 콩닥콩닥이다,hanbeone kongdakkongdakida,8,2048,1,2,1,33,1,hanpʌne kʰoŋtak̚kʰoŋtak̚ita,3,4,4,7,5,5,2900.0,6.92,8,3200.0,5.89,9,0,3,#FFD700,86.9,-1.9,87.1,5,5,5,1,STEM+IDA
살짝 콩닥하다,saljjag kongdakhada,8,2048,1,2,1,32,1,saltɕ͈ak̚ kʰoŋtak̚hata,4,2,4,8,5,5,2600.0,6.69,8,1800.0,4.91,9,0,3,#FFD700,86.9,-1.9,87.1,5,5,5,8,STEM+HADA
슬쩍 콩닥하다,seuljjeog kongdakhada,8,2048,1,2,1,32,1,sɯltɕ͈ʌk̚ kʰoŋtak̚hata,4,2,4,8,5,5,2600.0,6.69,8,1800.0,4.91,9,0,3,#FFD700,86.9,-1.9,87.1,5,5,5,8,STEM+HADA
선뜻 콩닥하다,seontteus kongdakhada,8,2048,1,2,1,32,1,sʌnt͈ɯs̚ kʰoŋtak̚hata,4,2,4,8,5,5,2600.0,6.69,8,1800.0,4.91,9,0,3,#FFD700,86.9,-1.9,87.1,5,5,5,8,STEM+HADA
단번에 콩닥하다,danbeone kongdakhada,8,2048,1,2,1,32,1,tanpʌne kʰoŋtak̚hata,3,2,4,7,5,5,2900.0,6.92,8,1800.0,4.91,9,0,3,#FFD700,86.9,-1.9,87.1,5,5,5,8,STEM+HADA
한번에 콩닥하다,hanbeone kongdakhada,8,2048,1,2,1,32,1,hanpʌne kʰoŋtak̚hata,3,2,4,7,5,5,2900.0,6.92,8,1800.0,4.91,9,0,3,#FFD700,86.9,-1.9,87.1,5,5,5,8,STEM+HADA
살짝 콩닥콩닥하다,saljjag kongdakkongdakhada,8,2048,1,2,1,33,1,saltɕ͈ak̚ kʰoŋtak̚kʰoŋtak̚hata,4,4,4,8,5,5,2600.0,6.69,8,3200.0,5.89,9,0,3,#FFD700,86.9,-1.9,87.1,5,5,5,1,STEM+HADA
슬쩍 콩닥콩닥하다,seuljjeog kongdakkongdakhada,8,2048,1,2,1,33,1,sɯltɕ͈ʌk̚ kʰoŋtak̚kʰoŋtak̚hata,4,4,4,8,5,5,2600.0,6.69,8,3200.0,5.89,9,0,3,#FFD700,86.9,-1.9,87.1,5,5,5,1,STEM+HADA
선뜻 콩닥콩닥하다,seontteus kongdakkongdakhada,8,2048,1,2,1,33,1,sʌnt͈ɯs̚ kʰoŋtak̚kʰoŋtak̚hata,4,4,4,8,5,5,2600.0,6.69,8,3200.0,5.89,9,0,3,#FFD700,86.9,-1.9,87.1,5,5,5,1,STEM+HADA
단번에 콩닥콩닥하다,danbeone kongdakkongdakhada,8,2048,1,2,1,33,1,tanpʌne kʰoŋtak̚kʰoŋtak̚hata,3,4,4,7,5,5,2900.0,6.92,8,3200.0,5.89,9,0,3,#FFD700,86.9,-1.9,87.1,5,5,5,1,STEM+HADA
한번에 콩닥콩닥하다,hanbeone kongdakkongdakhada,8,2048,1,2,1,33,1,hanpʌne kʰoŋtak̚kʰoŋtak̚hata,3,4,4,7,5,5,2900.0,6.92,8,3200.0,5.89,9,0,3,#FFD700,86.9,-1.9,87.1,5,5,5,1,STEM+HADA
살짝 콩닥스럽다,saljjag kongdakseureopda,8,2048,1,2,1,32,1,saltɕ͈ak̚ kʰoŋtak̚sɯrʌp̚ta,4,2,4,8,5,5,2600.0,6.69,8,1800.0,4.91,9,0,3,#FFD700,86.9,-1.9,87.1,5,5,5,8,SUFFIX(어미변화)
슬쩍 콩닥스럽다,seuljjeog kongdakseureopda,8,2048,1,2,1,32,1,sɯltɕ͈ʌk̚ kʰoŋtak̚sɯrʌp̚ta,4,2,4,8,5,5,2600.0,6.69,8,1800.0,4.91,9,0,3,#FFD700,86.9,-1.9,87.1,5,5,5,8,SUFFIX(어미변화)
선뜻 콩닥스럽다,seontteus kongdakseureopda,8,2048,1,2,1,32,1,sʌnt͈ɯs̚ kʰoŋtak̚sɯrʌp̚ta,4,2,4,8,5,5,2600.0,6.69,8,1800.0,4.91,9,0,3,#FFD700,86.9,-1.9,87.1,5,5,5,8,SUFFIX(어미변화)
단번에 콩닥스럽다,danbeone kongdakseureopda,8,2048,1,2,1,32,1,tanpʌne kʰoŋtak̚sɯrʌp̚ta,3,2,4,7,5,5,2900.0,6.92,8,1800.0,4.91,9,0,3,#FFD700,86.9,-1.9,87.1,5,5,5,8,SUFFIX(어미변화)
한번에 콩닥스럽다,hanbeone kongdakseureopda,8,2048,1,2,1,32,1,hanpʌne kʰoŋtak̚sɯrʌp̚ta,3,2,4,7,5,5,2900.0,6.92,8,1800.0,4.91,9,0,3,#FFD700,86.9,-1.9,87.1,5,5,5,8,SUFFIX(어미변화)
살짝 콩닥맞다,saljjag kongdakmajda,8,2048,1,2,1,32,1,saltɕ͈ak̚ kʰoŋtak̚mat̚ta,4,2,4,8,5,5,2600.0,6.69,8,1800.0,4.91,9,0,3,#FFD700,86.9,-1.9,87.1,5,5,5,8,SUFFIX(어미변화)
슬쩍 콩닥맞다,seuljjeog kongdakmajda,8,2048,1,2,1,32,1,sɯltɕ͈ʌk̚ kʰoŋtak̚mat̚ta,4,2,4,8,5,5,2600.0,6.69,8,1800.0,4.91,9,0,3,#FFD700,86.9,-1.9,87.1,5,5,5,8,SUFFIX(어미변화)
선뜻 콩닥맞다,seontteus kongdakmajda,8,2048,1,2,1,32,1,sʌnt͈ɯs̚ kʰoŋtak̚mat̚ta,4,2,4,8,5,5,2600.0,6.69,8,1800.0,4.91,9,0,3,#FFD700,86.9,-1.9,87.1,5,5,5,8,SUFFIX(어미변화)
단번에 콩닥맞다,danbeone kongdakmajda,8,2048,1,2,1,32,1,tanpʌne kʰoŋtak̚mat̚ta,3,2,4,7,5,5,2900.0,6.92,8,1800.0,4.91,9,0,3,#FFD700,86.9,-1.9,87.1,5,5,5,8,SUFFIX(어미변화)
한번에 콩닥맞다,hanbeone kongdakmajda,8,2048,1,2,1,32,1,hanpʌne kʰoŋtak̚mat̚ta,3,2,4,7,5,5,2900.0,6.92,8,1800.0,4.91,9,0,3,#FFD700,86.9,-1.9,87.1,5,5,5,8,SUFFIX(어미변화)
살짝 콩닥콩닥맞다,saljjag kongdakkongdakmajda,8,2048,1,2,1,33,1,saltɕ͈ak̚ kʰoŋtak̚kʰoŋtak̚mat̚ta,4,4,4,8,5,5,2600.0,6.69,8,3200.0,5.89,9,0,3,#FFD700,86.9,-1.9,87.1,5,5,5,1,REDUP(첩어・동일)
슬쩍 콩닥콩닥맞다,seuljjeog kongdakkongdakmajda,8,2048,1,2,1,33,1,sɯltɕ͈ʌk̚ kʰoŋtak̚kʰoŋtak̚mat̚ta,4,4,4,8,5,5,2600.0,6.69,8,3200.0,5.89,9,0,3,#FFD700,86.9,-1.9,87.1,5,5,5,1,REDUP(첩어・동일)
선뜻 콩닥콩닥맞다,seontteus kongdakkongdakmajda,8,2048,1,2,1,33,1,sʌnt͈ɯs̚ kʰoŋtak̚kʰoŋtak̚mat̚ta,4,4,4,8,5,5,2600.0,6.69,8,3200.0,5.89,9,0,3,#FFD700,86.9,-1.9,87.1,5,5,5,1,REDUP(첩어・동일)
단번에 콩닥콩닥맞다,danbeone kongdakkongdakmajda,8,2048,1,2,1,33,1,tanpʌne kʰoŋtak̚kʰoŋtak̚mat̚ta,3,4,4,7,5,5,2900.0,6.92,8,3200.0,5.89,9,0,3,#FFD700,86.9,-1.9,87.1,5,5,5,1,REDUP(첩어・동일)
한번에 콩닥콩닥맞다,hanbeone kongdakkongdakmajda,8,2048,1,2,1,33,1,hanpʌne kʰoŋtak̚kʰoŋtak̚mat̚ta,3,4,4,7,5,5,2900.0,6.92,8,3200.0,5.89,9,0,3,#FFD700,86.9,-1.9,87.1,5,5,5,1,REDUP(첩어・동일)
살짝 콩닥하게,saljjag kongdakhage,8,2048,1,2,1,32,1,saltɕ͈ak̚ kʰoŋtak̚hake,4,2,4,8,5,5,2600.0,6.69,8,1800.0,4.91,9,0,3,#FFD700,86.9,-1.9,87.1,5,5,5,8,SUFFIX(어미변화)
슬쩍 콩닥하게,seuljjeog kongdakhage,8,2048,1,2,1,32,1,sɯltɕ͈ʌk̚ kʰoŋtak̚hake,4,2,4,8,5,5,2600.0,6.69,8,1800.0,4.91,9,0,3,#FFD700,86.9,-1.9,87.1,5,5,5,8,SUFFIX(어미변화)
선뜻 콩닥하게,seontteus kongdakhage,8,2048,1,2,1,32,1,sʌnt͈ɯs̚ kʰoŋtak̚hake,4,2,4,8,5,5,2600.0,6.69,8,1800.0,4.91,9,0,3,#FFD700,86.9,-1.9,87.1,5,5,5,8,SUFFIX(어미변화)
단번에 콩닥하게,danbeone kongdakhage,8,2048,1,2,1,32,1,tanpʌne kʰoŋtak̚hake,3,2,4,7,5,5,2900.0,6.92,8,1800.0,4.91,9,0,3,#FFD700,86.9,-1.9,87.1,5,5,5,8,SUFFIX(어미변화)
한번에 콩닥하게,hanbeone kongdakhage,8,2048,1,2,1,32,1,hanpʌne kʰoŋtak̚hake,3,2,4,7,5,5,2900.0,6.92,8,1800.0,4.91,9,0,3,#FFD700,86.9,-1.9,87.1,5,5,5,8,SUFFIX(어미변화)
살짝 콩닥콩닥하게,saljjag kongdakkongdakhage,8,2048,1,2,1,33,1,saltɕ͈ak̚ kʰoŋtak̚kʰoŋtak̚hake,4,4,4,8,5,5,2600.0,6.69,8,3200.0,5.89,9,0,3,#FFD700,86.9,-1.9,87.1,5,5,5,1,REDUP(첩어・동일)
슬쩍 콩닥콩닥하게,seuljjeog kongdakkongdakhage,8,2048,1,2,1,33,1,sɯltɕ͈ʌk̚ kʰoŋtak̚kʰoŋtak̚hake,4,4,4,8,5,5,2600.0,6.69,8,3200.0,5.89,9,0,3,#FFD700,86.9,-1.9,87.1,5,5,5,1,REDUP(첩어・동일)
선뜻 콩닥콩닥하게,seontteus kongdakkongdakhage,8,2048,1,2,1,33,1,sʌnt͈ɯs̚ kʰoŋtak̚kʰoŋtak̚hake,4,4,4,8,5,5,2600.0,6.69,8,3200.0,5.89,9,0,3,#FFD700,86.9,-1.9,87.1,5,5,5,1,REDUP(첩어・동일)
단번에 콩닥콩닥하게,danbeone kongdakkongdakhage,8,2048,1,2,1,33,1,tanpʌne kʰoŋtak̚kʰoŋtak̚hake,3,4,4,7,5,5,2900.0,6.92,8,3200.0,5.89,9,0,3,#FFD700,86.9,-1.9,87.1,5,5,5,1,REDUP(첩어・동일)
한번에 콩닥콩닥하게,hanbeone kongdakkongdakhage,8,2048,1,2,1,33,1,hanpʌne kʰoŋtak̚kʰoŋtak̚hake,3,4,4,7,5,5,2900.0,6.92,8,3200.0,5.89,9,0,3,#FFD700,86.9,-1.9,87.1,5,5,5,1,REDUP(첩어・동일)
살짝 콩닥한,saljjag kongdakhan,8,2048,1,2,1,32,1,saltɕ͈ak̚ kʰoŋtak̚han,4,2,4,8,5,5,2600.0,6.69,8,1800.0,4.91,9,0,3,#FFD700,86.9,-1.9,87.1,5,5,5,8,SUFFIX(어미변화)
슬쩍 콩닥한,seuljjeog kongdakhan,8,2048,1,2,1,32,1,sɯltɕ͈ʌk̚ kʰoŋtak̚han,4,2,4,8,5,5,2600.0,6.69,8,1800.0,4.91,9,0,3,#FFD700,86.9,-1.9,87.1,5,5,5,8,SUFFIX(어미변화)
선뜻 콩닥한,seontteus kongdakhan,8,2048,1,2,1,32,1,sʌnt͈ɯs̚ kʰoŋtak̚han,4,2,4,8,5,5,2600.0,6.69,8,1800.0,4.91,9,0,3,#FFD700,86.9,-1.9,87.1,5,5,5,8,SUFFIX(어미변화)
단번에 콩닥한,danbeone kongdakhan,8,2048,1,2,1,32,1,tanpʌne kʰoŋtak̚han,3,2,4,7,5,5,2900.0,6.92,8,1800.0,4.91,9,0,3,#FFD700,86.9,-1.9,87.1,5,5,5,8,SUFFIX(어미변화)
한번에 콩닥한,hanbeone kongdakhan,8,2048,1,2,1,32,1,hanpʌne kʰoŋtak̚han,3,2,4,7,5,5,2900.0,6.92,8,1800.0,4.91,9,0,3,#FFD700,86.9,-1.9,87.1,5,5,5,8,SUFFIX(어미변화)
살짝 콩닥콩닥한,saljjag kongdakkongdakhan,8,2048,1,2,1,33,1,saltɕ͈ak̚ kʰoŋtak̚kʰoŋtak̚han,4,4,4,8,5,5,2600.0,6.69,8,3200.0,5.89,9,0,3,#FFD700,86.9,-1.9,87.1,5,5,5,1,REDUP(첩어・동일)
슬쩍 콩닥콩닥한,seuljjeog kongdakkongdakhan,8,2048,1,2,1,33,1,sɯltɕ͈ʌk̚ kʰoŋtak̚kʰoŋtak̚han,4,4,4,8,5,5,2600.0,6.69,8,3200.0,5.89,9,0,3,#FFD700,86.9,-1.9,87.1,5,5,5,1,REDUP(첩어・동일)
선뜻 콩닥콩닥한,seontteus kongdakkongdakhan,8,2048,1,2,1,33,1,sʌnt͈ɯs̚ kʰoŋtak̚kʰoŋtak̚han,4,4,4,8,5,5,2600.0,6.69,8,3200.0,5.89,9,0,3,#FFD700,86.9,-1.9,87.1,5,5,5,1,REDUP(첩어・동일)
단번에 콩닥콩닥한,danbeone kongdakkongdakhan,8,2048,1,2,1,33,1,tanpʌne kʰoŋtak̚kʰoŋtak̚han,3,4,4,7,5,5,2900.0,6.92,8,3200.0,5.89,9,0,3,#FFD700,86.9,-1.9,87.1,5,5,5,1,REDUP(첩어・동일)
한번에 콩닥콩닥한,hanbeone kongdakkongdakhan,8,2048,1,2,1,33,1,hanpʌne kʰoŋtak̚kʰoŋtak̚han,3,4,4,7,5,5,2900.0,6.92,8,3200.0,5.89,9,0,3,#FFD700,86.9,-1.9,87.1,5,5,5,1,REDUP(첩어・동일)
살짝 콩닥스럽게,saljjag kongdakseureopge,8,2048,1,2,1,32,1,saltɕ͈ak̚ kʰoŋtak̚sɯrʌp̚ke,4,2,4,8,5,5,2600.0,6.69,8,1800.0,4.91,9,0,3,#FFD700,86.9,-1.9,87.1,5,5,5,8,SUFFIX(어미변화)
슬쩍 콩닥스럽게,seuljjeog kongdakseureopge,8,2048,1,2,1,32,1,sɯltɕ͈ʌk̚ kʰoŋtak̚sɯrʌp̚ke,4,2,4,8,5,5,2600.0,6.69,8,1800.0,4.91,9,0,3,#FFD700,86.9,-1.9,87.1,5,5,5,8,SUFFIX(어미변화)
선뜻 콩닥스럽게,seontteus kongdakseureopge,8,2048,1,2,1,32,1,sʌnt͈ɯs̚ kʰoŋtak̚sɯrʌp̚ke,4,2,4,8,5,5,2600.0,6.69,8,1800.0,4.91,9,0,3,#FFD700,86.9,-1.9,87.1,5,5,5,8,SUFFIX(어미변화)
단번에 콩닥스럽게,danbeone kongdakseureopge,8,2048,1,2,1,32,1,tanpʌne kʰoŋtak̚sɯrʌp̚ke,3,2,4,7,5,5,2900.0,6.92,8,1800.0,4.91,9,0,3,#FFD700,86.9,-1.9,87.1,5,5,5,8,SUFFIX(어미변화)
한번에 콩닥스럽게,hanbeone kongdakseureopge,8,2048,1,2,1,32,1,hanpʌne kʰoŋtak̚sɯrʌp̚ke,3,2,4,7,5,5,2900.0,6.92,8,1800.0,4.91,9,0,3,#FFD700,86.9,-1.9,87.1,5,5,5,8,SUFFIX(어미변화)
살짝 콩닥스러운,saljjag kongdakseureoun,8,2048,1,2,1,32,1,saltɕ͈ak̚ kʰoŋtak̚sɯrʌun,4,2,4,8,5,5,2600.0,6.69,8,1800.0,4.91,9,0,3,#FFD700,86.9,-1.9,87.1,5,5,5,8,SUFFIX(어미변화)
슬쩍 콩닥스러운,seuljjeog kongdakseureoun,8,2048,1,2,1,32,1,sɯltɕ͈ʌk̚ kʰoŋtak̚sɯrʌun,4,2,4,8,5,5,2600.0,6.69,8,1800.0,4.91,9,0,3,#FFD700,86.9,-1.9,87.1,5,5,5,8,SUFFIX(어미변화)
선뜻 콩닥스러운,seontteus kongdakseureoun,8,2048,1,2,1,32,1,sʌnt͈ɯs̚ kʰoŋtak̚sɯrʌun,4,2,4,8,5,5,2600.0,6.69,8,1800.0,4.91,9,0,3,#FFD700,86.9,-1.9,87.1,5,5,5,8,SUFFIX(어미변화)
단번에 콩닥스러운,danbeone kongdakseureoun,8,2048,1,2,1,32,1,tanpʌne kʰoŋtak̚sɯrʌun,3,2,4,7,5,5,2900.0,6.92,8,1800.0,4.91,9,0,3,#FFD700,86.9,-1.9,87.1,5,5,5,8,SUFFIX(어미변화)
한번에 콩닥스러운,hanbeone kongdakseureoun,8,2048,1,2,1,32,1,hanpʌne kʰoŋtak̚sɯrʌun,3,2,4,7,5,5,2900.0,6.92,8,1800.0,4.91,9,0,3,#FFD700,86.9,-1.9,87.1,5,5,5,8,SUFFIX(어미변화)
살짝 콩닥해서,saljjag kongdakhaeseo,8,2048,1,2,1,32,1,saltɕ͈ak̚ kʰoŋtak̚hɛsʌ,4,2,4,8,5,5,2600.0,6.69,8,1800.0,4.91,9,0,3,#FFD700,86.9,-1.9,87.1,5,5,5,8,SUFFIX(어미변화)
슬쩍 콩닥해서,seuljjeog kongdakhaeseo,8,2048,1,2,1,32,1,sɯltɕ͈ʌk̚ kʰoŋtak̚hɛsʌ,4,2,4,8,5,5,2600.0,6.69,8,1800.0,4.91,9,0,3,#FFD700,86.9,-1.9,87.1,5,5,5,8,SUFFIX(어미변화)
선뜻 콩닥해서,seontteus kongdakhaeseo,8,2048,1,2,1,32,1,sʌnt͈ɯs̚ kʰoŋtak̚hɛsʌ,4,2,4,8,5,5,2600.0,6.69,8,1800.0,4.91,9,0,3,#FFD700,86.9,-1.9,87.1,5,5,5,8,SUFFIX(어미변화)
단번에 콩닥해서,danbeone kongdakhaeseo,8,2048,1,2,1,32,1,tanpʌne kʰoŋtak̚hɛsʌ,3,2,4,7,5,5,2900.0,6.92,8,1800.0,4.91,9,0,3,#FFD700,86.9,-1.9,87.1,5,5,5,8,SUFFIX(어미변화)
한번에 콩닥해서,hanbeone kongdakhaeseo,8,2048,1,2,1,32,1,hanpʌne kʰoŋtak̚hɛsʌ,3,2,4,7,5,5,2900.0,6.92,8,1800.0,4.91,9,0,3,#FFD700,86.9,-1.9,87.1,5,5,5,8,SUFFIX(어미변화)
살짝 콩닥콩닥해서,saljjag kongdakkongdakhaeseo,8,2048,1,2,1,33,1,saltɕ͈ak̚ kʰoŋtak̚kʰoŋtak̚hɛsʌ,4,4,4,8,5,5,2600.0,6.69,8,3200.0,5.89,9,0,3,#FFD700,86.9,-1.9,87.1,5,5,5,1,REDUP(첩어・동일)
슬쩍 콩닥콩닥해서,seuljjeog kongdakkongdakhaeseo,8,2048,1,2,1,33,1,sɯltɕ͈ʌk̚ kʰoŋtak̚kʰoŋtak̚hɛsʌ,4,4,4,8,5,5,2600.0,6.69,8,3200.0,5.89,9,0,3,#FFD700,86.9,-1.9,87.1,5,5,5,1,REDUP(첩어・동일)
선뜻 콩닥콩닥해서,seontteus kongdakkongdakhaeseo,8,2048,1,2,1,33,1,sʌnt͈ɯs̚ kʰoŋtak̚kʰoŋtak̚hɛsʌ,4,4,4,8,5,5,2600.0,6.69,8,3200.0,5.89,9,0,3,#FFD700,86.9,-1.9,87.1,5,5,5,1,REDUP(첩어・동일)
단번에 콩닥콩닥해서,danbeone kongdakkongdakhaeseo,8,2048,1,2,1,33,1,tanpʌne kʰoŋtak̚kʰoŋtak̚hɛsʌ,3,4,4,7,5,5,2900.0,6.92,8,3200.0,5.89,9,0,3,#FFD700,86.9,-1.9,87.1,5,5,5,1,REDUP(첩어・동일)
한번에 콩닥콩닥해서,hanbeone kongdakkongdakhaeseo,8,2048,1,2,1,33,1,hanpʌne kʰoŋtak̚kʰoŋtak̚hɛsʌ,3,4,4,7,5,5,2900.0,6.92,8,3200.0,5.89,9,0,3,#FFD700,86.9,-1.9,87.1,5,5,5,1,REDUP(첩어・동일)
살짝 콩닥하고,saljjag kongdakhago,8,2048,1,2,1,32,1,saltɕ͈ak̚ kʰoŋtak̚hako,4,2,4,8,5,5,2600.0,6.69,8,1800.0,4.91,9,0,3,#FFD700,86.9,-1.9,87.1,5,5,5,8,SUFFIX(어미변화)
슬쩍 콩닥하고,seuljjeog kongdakhago,8,2048,1,2,1,32,1,sɯltɕ͈ʌk̚ kʰoŋtak̚hako,4,2,4,8,5,5,2600.0,6.69,8,1800.0,4.91,9,0,3,#FFD700,86.9,-1.9,87.1,5,5,5,8,SUFFIX(어미변화)
선뜻 콩닥하고,seontteus kongdakhago,8,2048,1,2,1,32,1,sʌnt͈ɯs̚ kʰoŋtak̚hako,4,2,4,8,5,5,2600.0,6.69,8,1800.0,4.91,9,0,3,#FFD700,86.9,-1.9,87.1,5,5,5,8,SUFFIX(어미변화)
단번에 콩닥하고,danbeone kongdakhago,8,2048,1,2,1,32,1,tanpʌne kʰoŋtak̚hako,3,2,4,7,5,5,2900.0,6.92,8,1800.0,4.91,9,0,3,#FFD700,86.9,-1.9,87.1,5,5,5,8,SUFFIX(어미변화)
한번에 콩닥하고,hanbeone kongdakhago,8,2048,1,2,1,32,1,hanpʌne kʰoŋtak̚hako,3,2,4,7,5,5,2900.0,6.92,8,1800.0,4.91,9,0,3,#FFD700,86.9,-1.9,87.1,5,5,5,8,SUFFIX(어미변화)
살짝 콩닥콩닥하고,saljjag kongdakkongdakhago,8,2048,1,2,1,33,1,saltɕ͈ak̚ kʰoŋtak̚kʰoŋtak̚hako,4,4,4,8,5,5,2600.0,6.69,8,3200.0,5.89,9,0,3,#FFD700,86.9,-1.9,87.1,5,5,5,1,REDUP(첩어・동일)
슬쩍 콩닥콩닥하고,seuljjeog kongdakkongdakhago,8,2048,1,2,1,33,1,sɯltɕ͈ʌk̚ kʰoŋtak̚kʰoŋtak̚hako,4,4,4,8,5,5,2600.0,6.69,8,3200.0,5.89,9,0,3,#FFD700,86.9,-1.9,87.1,5,5,5,1,REDUP(첩어・동일)
선뜻 콩닥콩닥하고,seontteus kongdakkongdakhago,8,2048,1,2,1,33,1,sʌnt͈ɯs̚ kʰoŋtak̚kʰoŋtak̚hako,4,4,4,8,5,5,2600.0,6.69,8,3200.0,5.89,9,0,3,#FFD700,86.9,-1.9,87.1,5,5,5,1,REDUP(첩어・동일)
단번에 콩닥콩닥하고,danbeone kongdakkongdakhago,8,2048,1,2,1,33,1,tanpʌne kʰoŋtak̚kʰoŋtak̚hako,3,4,4,7,5,5,2900.0,6.92,8,3200.0,5.89,9,0,3,#FFD700,86.9,-1.9,87.1,5,5,5,1,REDUP(첩어・동일)
한번에 콩닥콩닥하고,hanbeone kongdakkongdakhago,8,2048,1,2,1,33,1,hanpʌne kʰoŋtak̚kʰoŋtak̚hako,3,4,4,7,5,5,2900.0,6.92,8,3200.0,5.89,9,0,3,#FFD700,86.9,-1.9,87.1,5,5,5,1,REDUP(첩어・동일)
살짝 찌릿,saljjag jjiris,16,16384,2,4,1,40,1,saltɕ͈ak̚ tɕ͈iris̚,4,2,4,8,5,5,2600.0,6.69,8,1800.0,4.91,9,0,3,#FFD700,86.9,-1.9,87.1,5,5,5,8,SUFFIX(어미변화)
슬쩍 찌릿,seuljjeog jjiris,16,16384,2,4,1,40,1,sɯltɕ͈ʌk̚ tɕ͈iris̚,4,2,4,8,5,5,2600.0,6.69,8,1800.0,4.91,9,0,3,#FFD700,86.9,-1.9,87.1,5,5,5,8,SUFFIX(어미변화)
선뜻 찌릿,seontteus jjiris,16,16384,2,4,1,40,1,sʌnt͈ɯs̚ tɕ͈iris̚,4,2,4,8,5,5,2600.0,6.69,8,1800.0,4.91,9,0,3,#FFD700,86.9,-1.9,87.1,5,5,5,8,SUFFIX(어미변화)
단번에 찌릿,danbeone jjiris,16,16384,2,4,1,40,1,tanpʌne tɕ͈iris̚,4,2,4,6,5,5,2600.0,6.69,8,1800.0,4.91,9,0,3,#FFD700,86.9,-1.9,87.1,5,5,5,8,SUFFIX(어미변화)
한번에 찌릿,hanbeone jjiris,16,16384,2,4,1,40,1,hanpʌne tɕ͈iris̚,4,2,4,8,5,5,2600.0,6.69,8,1800.0,4.91,9,0,3,#FFD700,86.9,-1.9,87.1,5,5,5,8,SUFFIX(어미변화)
살짝 찌릿찌릿,saljjag jjirisjjiris,16,16384,2,4,1,33,1,saltɕ͈ak̚ tɕ͈iris̚tɕ͈iris̚,4,4,4,8,5,5,2600.0,6.69,8,3200.0,5.89,9,0,3,#FFD700,86.9,-1.9,87.1,5,5,5,1,REDUP(첩어・동일)
슬쩍 찌릿찌릿,seuljjeog jjirisjjiris,16,16384,2,4,1,33,1,sɯltɕ͈ʌk̚ tɕ͈iris̚tɕ͈iris̚,4,4,4,8,5,5,2600.0,6.69,8,3200.0,5.89,9,0,3,#FFD700,86.9,-1.9,87.1,5,5,5,1,REDUP(첩어・동일)
선뜻 찌릿찌릿,seontteus jjirisjjiris,16,16384,2,4,1,33,1,sʌnt͈ɯs̚ tɕ͈iris̚tɕ͈iris̚,4,4,4,8,5,5,2600.0,6.69,8,3200.0,5.89,9,0,3,#FFD700,86.9,-1.9,87.1,5,5,5,1,REDUP(첩어・동일)
단번에 찌릿찌릿,danbeone jjirisjjiris,16,16384,2,4,1,33,1,tanpʌne tɕ͈iris̚tɕ͈iris̚,4,4,4,6,5,5,2600.0,6.69,8,3200.0,5.89,9,0,3,#FFD700,86.9,-1.9,87.1,5,5,5,1,REDUP(첩어・동일)
한번에 찌릿찌릿,hanbeone jjirisjjiris,16,16384,2,4,1,33,1,hanpʌne tɕ͈iris̚tɕ͈iris̚,4,4,4,8,5,5,2600.0,6.69,8,3200.0,5.89,9,0,3,#FFD700,86.9,-1.9,87.1,5,5,5,1,REDUP(첩어・동일)
살짝 찌릿찌릿찌릿,saljjag jjirisjjirisjjiris,16,16384,2,4,1,33,1,saltɕ͈ak̚ tɕ͈iris̚tɕ͈iris̚tɕ͈iris̚,4,4,4,8,5,5,2600.0,6.69,8,3200.0,5.89,9,0,3,#FFD700,86.9,-1.9,87.1,5,5,5,1,REDUP(첩어・동일)
슬쩍 찌릿찌릿찌릿,seuljjeog jjirisjjirisjjiris,16,16384,2,4,1,33,1,sɯltɕ͈ʌk̚ tɕ͈iris̚tɕ͈iris̚tɕ͈iris̚,4,4,4,8,5,5,2600.0,6.69,8,3200.0,5.89,9,0,3,#FFD700,86.9,-1.9,87.1,5,5,5,1,REDUP(첩어・동일)
선뜻 찌릿찌릿찌릿,seontteus jjirisjjirisjjiris,16,16384,2,4,1,33,1,sʌnt͈ɯs̚ tɕ͈iris̚tɕ͈iris̚tɕ͈iris̚,4,4,4,8,5,5,2600.0,6.69,8,3200.0,5.89,9,0,3,#FFD700,86.9,-1.9,87.1,5,5,5,1,REDUP(첩어・동일)
단번에 찌릿찌릿찌릿,danbeone jjirisjjirisjjiris,16,16384,2,4,1,33,1,tanpʌne tɕ͈iris̚tɕ͈iris̚tɕ͈iris̚,4,4,4,6,5,5,2600.0,6.69,8,3200.0,5.89,9,0,3,#FFD700,86.9,-1.9,87.1,5,5,5,1,REDUP(첩어・동일)
한번에 찌릿찌릿찌릿,hanbeone jjirisjjirisjjiris,16,16384,2,4,1,33,1,hanpʌne tɕ͈iris̚tɕ͈iris̚tɕ͈iris̚,4,4,4,8,5,5,2600.0,6.69,8,3200.0,5.89,9,0,3,#FFD700,86.9,-1.9,87.1,5,5,5,1,REDUP(첩어・동일)
살짝 찌릿거리다,saljjag jjirisgeorida,16,16384,2,4,1,32,1,saltɕ͈ak̚ tɕ͈iris̚kʌrita,4,2,4,8,5,5,2600.0,6.69,8,1800.0,4.91,9,0,3,#FFD700,86.9,-1.9,87.1,5,5,5,8,STEM+GEORIDA
슬쩍 찌릿거리다,seuljjeog jjirisgeorida,16,16384,2,4,1,32,1,sɯltɕ͈ʌk̚ tɕ͈iris̚kʌrita,4,2,4,8,5,5,2600.0,6.69,8,1800.0,4.91,9,0,3,#FFD700,86.9,-1.9,87.1,5,5,5,8,STEM+GEORIDA
선뜻 찌릿거리다,seontteus jjirisgeorida,16,16384,2,4,1,32,1,sʌnt͈ɯs̚ tɕ͈iris̚kʌrita,4,2,4,8,5,5,2600.0,6.69,8,1800.0,4.91,9,0,3,#FFD700,86.9,-1.9,87.1,5,5,5,8,STEM+GEORIDA
단번에 찌릿거리다,danbeone jjirisgeorida,16,16384,2,4,1,32,1,tanpʌne tɕ͈iris̚kʌrita,4,2,4,6,5,5,2600.0,6.69,8,1800.0,4.91,9,0,3,#FFD700,86.9,-1.9,87.1,5,5,5,8,STEM+GEORIDA
한번에 찌릿거리다,hanbeone jjirisgeorida,16,16384,2,4,1,32,1,hanpʌne tɕ͈iris̚kʌrita,4,2,4,8,5,5,2600.0,6.69,8,1800.0,4.91,9,0,3,#FFD700,86.9,-1.9,87.1,5,5,5,8,STEM+GEORIDA
살짝 찌릿대다,saljjag jjirisdaeda,16,16384,2,4,1,32,1,saltɕ͈ak̚ tɕ͈iris̚tɛta,4,2,4,8,5,5,2600.0,6.69,8,1800.0,4.91,9,0,3,#FFD700,86.9,-1.9,87.1,5,5,5,8,STEM+DAEDA
슬쩍 찌릿대다,seuljjeog jjirisdaeda,16,16384,2,4,1,32,1,sɯltɕ͈ʌk̚ tɕ͈iris̚tɛta,4,2,4,8,5,5,2600.0,6.69,8,1800.0,4.91,9,0,3,#FFD700,86.9,-1.9,87.1,5,5,5,8,STEM+DAEDA
선뜻 찌릿대다,seontteus jjirisdaeda,16,16384,2,4,1,32,1,sʌnt͈ɯs̚ tɕ͈iris̚tɛta,4,2,4,8,5,5,2600.0,6.69,8,1800.0,4.91,9,0,3,#FFD700,86.9,-1.9,87.1,5,5,5,8,STEM+DAEDA
단번에 찌릿대다,danbeone jjirisdaeda,16,16384,2,4,1,32,1,tanpʌne tɕ͈iris̚tɛta,4,2,4,6,5,5,2600.0,6.69,8,1800.0,4.91,9,0,3,#FFD700,86.9,-1.9,87.1,5,5,5,8,STEM+DAEDA
한번에 찌릿대다,hanbeone jjirisdaeda,16,16384,2,4,1,32,1,hanpʌne tɕ͈iris̚tɛta,4,2,4,8,5,5,2600.0,6.69,8,1800.0,4.91,9,0,3,#FFD700,86.9,-1.9,87.1,5,5,5,8,STEM+DAEDA
살짝 찌릿찌릿대다,saljjag jjirisjjirisdaeda,16,16384,2,4,1,33,1,saltɕ͈ak̚ tɕ͈iris̚tɕ͈iris̚tɛta,4,4,4,8,5,5,2600.0,6.69,8,3200.0,5.89,9,0,3,#FFD700,86.9,-1.9,87.1,5,5,5,1,STEM+DAEDA
슬쩍 찌릿찌릿대다,seuljjeog jjirisjjirisdaeda,16,16384,2,4,1,33,1,sɯltɕ͈ʌk̚ tɕ͈iris̚tɕ͈iris̚tɛta,4,4,4,8,5,5,2600.0,6.69,8,3200.0,5.89,9,0,3,#FFD700,86.9,-1.9,87.1,5,5,5,1,STEM+DAEDA
선뜻 찌릿찌릿대다,seontteus jjirisjjirisdaeda,16,16384,2,4,1,33,1,sʌnt͈ɯs̚ tɕ͈iris̚tɕ͈iris̚tɛta,4,4,4,8,5,5,2600.0,6.69,8,3200.0,5.89,9,0,3,#FFD700,86.9,-1.9,87.1,5,5,5,1,STEM+DAEDA
단번에 찌릿찌릿대다,danbeone jjirisjjirisdaeda,16,16384,2,4,1,33,1,tanpʌne tɕ͈iris̚tɕ͈iris̚tɛta,4,4,4,6,5,5,2600.0,6.69,8,3200.0,5.89,9,0,3,#FFD700,86.9,-1.9,87.1,5,5,5,1,STEM+DAEDA
한번에 찌릿찌릿대다,hanbeone jjirisjjirisdaeda,16,16384,2,4,1,33,1,hanpʌne tɕ͈iris̚tɕ͈iris̚tɛta,4,4,4,8,5,5,2600.0,6.69,8,3200.0,5.89,9,0,3,#FFD700,86.9,-1.9,87.1,5,5,5,1,STEM+DAEDA
살짝 찌릿이다,saljjag jjirisida,16,16384,2,4,1,32,1,saltɕ͈ak̚ tɕ͈iris̚ita,4,2,4,8,5,5,2600.0,6.69,8,1800.0,4.91,9,0,3,#FFD700,86.9,-1.9,87.1,5,5,5,8,STEM+IDA
슬쩍 찌릿이다,seuljjeog jjirisida,16,16384,2,4,1,32,1,sɯltɕ͈ʌk̚ tɕ͈iris̚ita,4,2,4,8,5,5,2600.0,6.69,8,1800.0,4.91,9,0,3,#FFD700,86.9,-1.9,87.1,5,5,5,8,STEM+IDA
선뜻 찌릿이다,seontteus jjirisida,16,16384,2,4,1,32,1,sʌnt͈ɯs̚ tɕ͈iris̚ita,4,2,4,8,5,5,2600.0,6.69,8,1800.0,4.91,9,0,3,#FFD700,86.9,-1.9,87.1,5,5,5,8,STEM+IDA
단번에 찌릿이다,danbeone jjirisida,16,16384,2,4,1,32,1,tanpʌne tɕ͈iris̚ita,4,2,4,6,5,5,2600.0,6.69,8,1800.0,4.91,9,0,3,#FFD700,86.9,-1.9,87.1,5,5,5,8,STEM+IDA
한번에 찌릿이다,hanbeone jjirisida,16,16384,2,4,1,32,1,hanpʌne tɕ͈iris̚ita,4,2,4,8,5,5,2600.0,6.69,8,1800.0,4.91,9,0,3,#FFD700,86.9,-1.9,87.1,5,5,5,8,STEM+IDA
살짝 찌릿찌릿이다,saljjag jjirisjjirisida,16,16384,2,4,1,33,1,saltɕ͈ak̚ tɕ͈iris̚tɕ͈iris̚ita,4,4,4,8,5,5,2600.0,6.69,8,3200.0,5.89,9,0,3,#FFD700,86.9,-1.9,87.1,5,5,5,1,STEM+IDA
슬쩍 찌릿찌릿이다,seuljjeog jjirisjjirisida,16,16384,2,4,1,33,1,sɯltɕ͈ʌk̚ tɕ͈iris̚tɕ͈iris̚ita,4,4,4,8,5,5,2600.0,6.69,8,3200.0,5.89,9,0,3,#FFD700,86.9,-1.9,87.1,5,5,5,1,STEM+IDA
선뜻 찌릿찌릿이다,seontteus jjirisjjirisida,16,16384,2,4,1,33,1,sʌnt͈ɯs̚ tɕ͈iris̚tɕ͈iris̚ita,4,4,4,8,5,5,2600.0,6.69,8,3200.0,5.89,9,0,3,#FFD700,86.9,-1.9,87.1,5,5,5,1,STEM+IDA
단번에 찌릿찌릿이다,danbeone jjirisjjirisida,16,16384,2,4,1,33,1,tanpʌne tɕ͈iris̚tɕ͈iris̚ita,4,4,4,6,5,5,2600.0,6.69,8,3200.0,5.89,9,0,3,#FFD700,86.9,-1.9,87.1,5,5,5,1,STEM+IDA
한번에 찌릿찌릿이다,hanbeone jjirisjjirisida,16,16384,2,4,1,33,1,hanpʌne tɕ͈iris̚tɕ͈iris̚ita,4,4,4,8,5,5,2600.0,6.69,8,3200.0,5.89,9,0,3,#FFD700,86.9,-1.9,87.1,5,5,5,1,STEM+IDA
살짝 찌릿하다,saljjag jjirishada,16,16384,2,4,1,32,1,saltɕ͈ak̚ tɕ͈iris̚hata,4,2,4,8,5,5,2600.0,6.69,8,1800.0,4.91,9,0,3,#FFD700,86.9,-1.9,87.1,5,5,5,8,STEM+HADA
슬쩍 찌릿하다,seuljjeog jjirishada,16,16384,2,4,1,32,1,sɯltɕ͈ʌk̚ tɕ͈iris̚hata,4,2,4,8,5,5,2600.0,6.69,8,1800.0,4.91,9,0,3,#FFD700,86.9,-1.9,87.1,5,5,5,8,STEM+HADA
선뜻 찌릿하다,seontteus jjirishada,16,16384,2,4,1,32,1,sʌnt͈ɯs̚ tɕ͈iris̚hata,4,2,4,8,5,5,2600.0,6.69,8,1800.0,4.91,9,0,3,#FFD700,86.9,-1.9,87.1,5,5,5,8,STEM+HADA
단번에 찌릿하다,danbeone jjirishada,16,16384,2,4,1,32,1,tanpʌne tɕ͈iris̚hata,4,2,4,8,5,5,2600.0,6.69,8,1800.0,4.91,9,0,3,#FFD700,86.9,-1.9,87.1,5,5,5,8,STEM+HADA
한번에 찌릿하다,hanbeone jjirishada,16,16384,2,4,1,32,1,hanpʌne tɕ͈iris̚hata,4,2,4,8,5,5,2600.0,6.69,8,1800.0,4.91,9,0,3,#FFD700,86.9,-1.9,87.1,5,5,5,8,STEM+HADA
살짝 찌릿찌릿하다,saljjag jjirisjjirishada,16,16384,2,4,1,33,1,saltɕ͈ak̚ tɕ͈iris̚tɕ͈iris̚hata,4,4,4,8,5,5,2600.0,6.69,8,3200.0,5.89,9,0,3,#FFD700,86.9,-1.9,87.1,5,5,5,1,STEM+HADA
슬쩍 찌릿찌릿하다,seuljjeog jjirisjjirishada,16,16384,2,4,1,33,1,sɯltɕ͈ʌk̚ tɕ͈iris̚tɕ͈iris̚hata,4,4,4,8,5,5,2600.0,6.69,8,3200.0,5.89,9,0,3,#FFD700,86.9,-1.9,87.1,5,5,5,1,STEM+HADA
선뜻 찌릿찌릿하다,seontteus jjirisjjirishada,16,16384,2,4,1,33,1,sʌnt͈ɯs̚ tɕ͈iris̚tɕ͈iris̚hata,4,4,4,8,5,5,2600.0,6.69,8,3200.0,5.89,9,0,3,#FFD700,86.9,-1.9,87.1,5,5,5,1,STEM+HADA
단번에 찌릿찌릿하다,danbeone jjirisjjirishada,16,16384,2,4,1,33,1,tanpʌne tɕ͈iris̚tɕ͈iris̚hata,4,4,4,8,5,5,2600.0,6.69,8,3200.0,5.89,9,0,3,#FFD700,86.9,-1.9,87.1,5,5,5,1,STEM+HADA
한번에 찌릿찌릿하다,hanbeone jjirisjjirishada,16,16384,2,4,1,33,1,hanpʌne tɕ͈iris̚tɕ͈iris̚hata,4,4,4,8,5,5,2600.0,6.69,8,3200.0,5.89,9,0,3,#FFD700,86.9,-1.9,87.1,5,5,5,1,STEM+HADA
살짝 찌릿스럽다,saljjag jjirisseureopda,16,16384,2,4,1,32,1,saltɕ͈ak̚ tɕ͈iris̚sɯrʌp̚ta,4,2,4,8,5,5,2600.0,6.69,8,1800.0,4.91,9,0,3,#FFD700,86.9,-1.9,87.1,5,5,5,8,SUFFIX(어미변화)
슬쩍 찌릿스럽다,seuljjeog jjirisseureopda,16,16384,2,4,1,32,1,sɯltɕ͈ʌk̚ tɕ͈iris̚sɯrʌp̚ta,4,2,4,8,5,5,2600.0,6.69,8,1800.0,4.91,9,0,3,#FFD700,86.9,-1.9,87.1,5,5,5,8,SUFFIX(어미변화)
선뜻 찌릿스럽다,seontteus jjirisseureopda,16,16384,2,4,1,32,1,sʌnt͈ɯs̚ tɕ͈iris̚sɯrʌp̚ta,4,2,4,8,5,5,2600.0,6.69,8,1800.0,4.91,9,0,3,#FFD700,86.9,-1.9,87.1,5,5,5,8,SUFFIX(어미변화)
단번에 찌릿스럽다,danbeone jjirisseureopda,16,16384,2,4,1,32,1,tanpʌne tɕ͈iris̚sɯrʌp̚ta,4,2,4,8,5,5,2600.0,6.69,8,1800.0,4.91,9,0,3,#FFD700,86.9,-1.9,87.1,5,5,5,8,SUFFIX(어미변화)
한번에 찌릿스럽다,hanbeone jjirisseureopda,16,16384,2,4,1,32,1,hanpʌne tɕ͈iris̚sɯrʌp̚ta,4,2,4,8,5,5,2600.0,6.69,8,1800.0,4.91,9,0,3,#FFD700,86.9,-1.9,87.1,5,5,5,8,SUFFIX(어미변화)
살짝 찌릿맞다,saljjag jjirismajda,16,16384,2,4,1,32,1,saltɕ͈ak̚ tɕ͈iris̚mat̚ta,4,2,4,8,5,5,2600.0,6.69,8,1800.0,4.91,9,0,3,#FFD700,86.9,-1.9,87.1,5,5,5,8,SUFFIX(어미변화)
슬쩍 찌릿맞다,seuljjeog jjirismajda,16,16384,2,4,1,32,1,sɯltɕ͈ʌk̚ tɕ͈iris̚mat̚ta,4,2,4,8,5,5,2600.0,6.69,8,1800.0,4.91,9,0,3,#FFD700,86.9,-1.9,87.1,5,5,5,8,SUFFIX(어미변화)
선뜻 찌릿맞다,seontteus jjirismajda,16,16384,2,4,1,32,1,sʌnt͈ɯs̚ tɕ͈iris̚mat̚ta,4,2,4,8,5,5,2600.0,6.69,8,1800.0,4.91,9,0,3,#FFD700,86.9,-1.9,87.1,5,5,5,8,SUFFIX(어미변화)
단번에 찌릿맞다,danbeone jjirismajda,16,16384,2,4,1,32,1,tanpʌne tɕ͈iris̚mat̚ta,4,2,4,6,5,5,2600.0,6.69,8,1800.0,4.91,9,0,3,#FFD700,86.9,-1.9,87.1,5,5,5,8,SUFFIX(어미변화)
한번에 찌릿맞다,hanbeone jjirismajda,16,16384,2,4,1,32,1,hanpʌne tɕ͈iris̚mat̚ta,4,2,4,8,5,5,2600.0,6.69,8,1800.0,4.91,9,0,3,#FFD700,86.9,-1.9,87.1,5,5,5,8,SUFFIX(어미변화)
살짝 찌릿찌릿맞다,saljjag jjirisjjirismajda,16,16384,2,4,1,33,1,saltɕ͈ak̚ tɕ͈iris̚tɕ͈iris̚mat̚ta,4,4,4,8,5,5,2600.0,6.69,8,3200.0,5.89,9,0,3,#FFD700,86.9,-1.9,87.1,5,5,5,1,REDUP(첩어・동일)
슬쩍 찌릿찌릿맞다,seuljjeog jjirisjjirismajda,16,16384,2,4,1,33,1,sɯltɕ͈ʌk̚ tɕ͈iris̚tɕ͈iris̚mat̚ta,4,4,4,8,5,5,2600.0,6.69,8,3200.0,5.89,9,0,3,#FFD700,86.9,-1.9,87.1,5,5,5,1,REDUP(첩어・동일)
선뜻 찌릿찌릿맞다,seontteus jjirisjjirismajda,16,16384,2,4,1,33,1,sʌnt͈ɯs̚ tɕ͈iris̚tɕ͈iris̚mat̚ta,4,4,4,8,5,5,2600.0,6.69,8,3200.0,5.89,9,0,3,#FFD700,86.9,-1.9,87.1,5,5,5,1,REDUP(첩어・동일)
단번에 찌릿찌릿맞다,danbeone jjirisjjirismajda,16,16384,2,4,1,33,1,tanpʌne tɕ͈iris̚tɕ͈iris̚mat̚ta,4,4,4,6,5,5,2600.0,6.69,8,3200.0,5.89,9,0,3,#FFD700,86.9,-1.9,87.1,5,5,5,1,REDUP(첩어・동일)
한번에 찌릿찌릿맞다,hanbeone jjirisjjirismajda,16,16384,2,4,1,33,1,hanpʌne tɕ͈iris̚tɕ͈iris̚mat̚ta,4,4,4,8,5,5,2600.0,6.69,8,3200.0,5.89,9,0,3,#FFD700,86.9,-1.9,87.1,5,5,5,1,REDUP(첩어・동일)
살짝 찌릿하게,saljjag jjirishage,16,16384,2,4,1,32,1,saltɕ͈ak̚ tɕ͈iris̚hake,4,2,4,8,5,5,2600.0,6.69,8,1800.0,4.91,9,0,3,#FFD700,86.9,-1.9,87.1,5,5,5,8,SUFFIX(어미변화)
슬쩍 찌릿하게,seuljjeog jjirishage,16,16384,2,4,1,32,1,sɯltɕ͈ʌk̚ tɕ͈iris̚hake,4,2,4,8,5,5,2600.0,6.69,8,1800.0,4.91,9,0,3,#FFD700,86.9,-1.9,87.1,5,5,5,8,SUFFIX(어미변화)
선뜻 찌릿하게,seontteus jjirishage,16,16384,2,4,1,32,1,sʌnt͈ɯs̚ tɕ͈iris̚hake,4,2,4,8,5,5,2600.0,6.69,8,1800.0,4.91,9,0,3,#FFD700,86.9,-1.9,87.1,5,5,5,8,SUFFIX(어미변화)
단번에 찌릿하게,danbeone jjirishage,16,16384,2,4,1,32,1,tanpʌne tɕ͈iris̚hake,4,2,4,8,5,5,2600.0,6.69,8,1800.0,4.91,9,0,3,#FFD700,86.9,-1.9,87.1,5,5,5,8,SUFFIX(어미변화)
한번에 찌릿하게,hanbeone jjirishage,16,16384,2,4,1,32,1,hanpʌne tɕ͈iris̚hake,4,2,4,8,5,5,2600.0,6.69,8,1800.0,4.91,9,0,3,#FFD700,86.9,-1.9,87.1,5,5,5,8,SUFFIX(어미변화)
살짝 찌릿찌릿하게,saljjag jjirisjjirishage,16,16384,2,4,1,33,1,saltɕ͈ak̚ tɕ͈iris̚tɕ͈iris̚hake,4,4,4,8,5,5,2600.0,6.69,8,3200.0,5.89,9,0,3,#FFD700,86.9,-1.9,87.1,5,5,5,1,REDUP(첩어・동일)
슬쩍 찌릿찌릿하게,seuljjeog jjirisjjirishage,16,16384,2,4,1,33,1,sɯltɕ͈ʌk̚ tɕ͈iris̚tɕ͈iris̚hake,4,4,4,8,5,5,2600.0,6.69,8,3200.0,5.89,9,0,3,#FFD700,86.9,-1.9,87.1,5,5,5,1,REDUP(첩어・동일)
선뜻 찌릿찌릿하게,seontteus jjirisjjirishage,16,16384,2,4,1,33,1,sʌnt͈ɯs̚ tɕ͈iris̚tɕ͈iris̚hake,4,4,4,8,5,5,2600.0,6.69,8,3200.0,5.89,9,0,3,#FFD700,86.9,-1.9,87.1,5,5,5,1,REDUP(첩어・동일)
단번에 찌릿찌릿하게,danbeone jjirisjjirishage,16,16384,2,4,1,33,1,tanpʌne tɕ͈iris̚tɕ͈iris̚hake,4,4,4,8,5,5,2600.0,6.69,8,3200.0,5.89,9,0,3,#FFD700,86.9,-1.9,87.1,5,5,5,1,REDUP(첩어・동일)
한번에 찌릿찌릿하게,hanbeone jjirisjjirishage,16,16384,2,4,1,33,1,hanpʌne tɕ͈iris̚tɕ͈iris̚hake,4,4,4,8,5,5,2600.0,6.69,8,3200.0,5.89,9,0,3,#FFD700,86.9,-1.9,87.1,5,5,5,1,REDUP(첩어・동일)
살짝 찌릿한,saljjag jjirishan,16,16384,2,4,1,32,1,saltɕ͈ak̚ tɕ͈iris̚han,4,2,4,8,5,5,2600.0,6.69,8,1800.0,4.91,9,0,3,#FFD700,86.9,-1.9,87.1,5,5,5,8,SUFFIX(어미변화)
슬쩍 찌릿한,seuljjeog jjirishan,16,16384,2,4,1,32,1,sɯltɕ͈ʌk̚ tɕ͈iris̚han,4,2,4,8,5,5,2600.0,6.69,8,1800.0,4.91,9,0,3,#FFD700,86.9,-1.9,87.1,5,5,5,8,SUFFIX(어미변화)
선뜻 찌릿한,seontteus jjirishan,16,16384,2,4,1,32,1,sʌnt͈ɯs̚ tɕ͈iris̚han,4,2,4,8,5,5,2600.0,6.69,8,1800.0,4.91,9,0,3,#FFD700,86.9,-1.9,87.1,5,5,5,8,SUFFIX(어미변화)
단번에 찌릿한,danbeone jjirishan,16,16384,2,4,1,32,1,tanpʌne tɕ͈iris̚han,4,2,4,8,5,5,2600.0,6.69,8,1800.0,4.91,9,0,3,#FFD700,86.9,-1.9,87.1,5,5,5,8,SUFFIX(어미변화)
한번에 찌릿한,hanbeone jjirishan,16,16384,2,4,1,32,1,hanpʌne tɕ͈iris̚han,4,2,4,8,5,5,2600.0,6.69,8,1800.0,4.91,9,0,3,#FFD700,86.9,-1.9,87.1,5,5,5,8,SUFFIX(어미변화)
살짝 찌릿찌릿한,saljjag jjirisjjirishan,16,16384,2,4,1,33,1,saltɕ͈ak̚ tɕ͈iris̚tɕ͈iris̚han,4,4,4,8,5,5,2600.0,6.69,8,3200.0,5.89,9,0,3,#FFD700,86.9,-1.9,87.1,5,5,5,1,REDUP(첩어・동일)
슬쩍 찌릿찌릿한,seuljjeog jjirisjjirishan,16,16384,2,4,1,33,1,sɯltɕ͈ʌk̚ tɕ͈iris̚tɕ͈iris̚han,4,4,4,8,5,5,2600.0,6.69,8,3200.0,5.89,9,0,3,#FFD700,86.9,-1.9,87.1,5,5,5,1,REDUP(첩어・동일)
선뜻 찌릿찌릿한,seontteus jjirisjjirishan,16,16384,2,4,1,33,1,sʌnt͈ɯs̚ tɕ͈iris̚tɕ͈iris̚han,4,4,4,8,5,5,2600.0,6.69,8,3200.0,5.89,9,0,3,#FFD700,86.9,-1.9,87.1,5,5,5,1,REDUP(첩어・동일)
단번에 찌릿찌릿한,danbeone jjirisjjirishan,16,16384,2,4,1,33,1,tanpʌne tɕ͈iris̚tɕ͈iris̚han,4,4,4,8,5,5,2600.0,6.69,8,3200.0,5.89,9,0,3,#FFD700,86.9,-1.9,87.1,5,5,5,1,REDUP(첩어・동일)
한번에 찌릿찌릿한,hanbeone jjirisjjirishan,16,16384,2,4,1,33,1,hanpʌne tɕ͈iris̚tɕ͈iris̚han,4,4,4,8,5,5,2600.0,6.69,8,3200.0,5.89,9,0,3,#FFD700,86.9,-1.9,87.1,5,5,5,1,REDUP(첩어・동일)
살짝 찌릿스럽게,saljjag jjirisseureopge,16,16384,2,4,1,32,1,saltɕ͈ak̚ tɕ͈iris̚sɯrʌp̚ke,4,2,4,8,5,5,2600.0,6.69,8,1800.0,4.91,9,0,3,#FFD700,86.9,-1.9,87.1,5,5,5,8,SUFFIX(어미변화)
슬쩍 찌릿스럽게,seuljjeog jjirisseureopge,16,16384,2,4,1,32,1,sɯltɕ͈ʌk̚ tɕ͈iris̚sɯrʌp̚ke,4,2,4,8,5,5,2600.0,6.69,8,1800.0,4.91,9,0,3,#FFD700,86.9,-1.9,87.1,5,5,5,8,SUFFIX(어미변화)
선뜻 찌릿스럽게,seontteus jjirisseureopge,16,16384,2,4,1,32,1,sʌnt͈ɯs̚ tɕ͈iris̚sɯrʌp̚ke,4,2,4,8,5,5,2600.0,6.69,8,1800.0,4.91,9,0,3,#FFD700,86.9,-1.9,87.1,5,5,5,8,SUFFIX(어미변화)
단번에 찌릿스럽게,danbeone jjirisseureopge,16,16384,2,4,1,32,1,tanpʌne tɕ͈iris̚sɯrʌp̚ke,4,2,4,8,5,5,2600.0,6.69,8,1800.0,4.91,9,0,3,#FFD700,86.9,-1.9,87.1,5,5,5,8,SUFFIX(어미변화)
한번에 찌릿스럽게,hanbeone jjirisseureopge,16,16384,2,4,1,32,1,hanpʌne tɕ͈iris̚sɯrʌp̚ke,4,2,4,8,5,5,2600.0,6.69,8,1800.0,4.91,9,0,3,#FFD700,86.9,-1.9,87.1,5,5,5,8,SUFFIX(어미변화)
살짝 찌릿스러운,saljjag jjirisseureoun,16,16384,2,4,1,32,1,saltɕ͈ak̚ tɕ͈iris̚sɯrʌun,4,2,4,8,5,5,2600.0,6.69,8,1800.0,4.91,9,0,3,#FFD700,86.9,-1.9,87.1,5,5,5,8,SUFFIX(어미변화)
슬쩍 찌릿스러운,seuljjeog jjirisseureoun,16,16384,2,4,1,32,1,sɯltɕ͈ʌk̚ tɕ͈iris̚sɯrʌun,4,2,4,8,5,5,2600.0,6.69,8,1800.0,4.91,9,0,3,#FFD700,86.9,-1.9,87.1,5,5,5,8,SUFFIX(어미변화)
선뜻 찌릿스러운,seontteus jjirisseureoun,16,16384,2,4,1,32,1,sʌnt͈ɯs̚ tɕ͈iris̚sɯrʌun,4,2,4,8,5,5,2600.0,6.69,8,1800.0,4.91,9,0,3,#FFD700,86.9,-1.9,87.1,5,5,5,8,SUFFIX(어미변화)
단번에 찌릿스러운,danbeone jjirisseureoun,16,16384,2,4,1,32,1,tanpʌne tɕ͈iris̚sɯrʌun,4,2,4,8,5,5,2600.0,6.69,8,1800.0,4.91,9,0,3,#FFD700,86.9,-1.9,87.1,5,5,5,8,SUFFIX(어미변화)
한번에 찌릿스러운,hanbeone jjirisseureoun,16,16384,2,4,1,32,1,hanpʌne tɕ͈iris̚sɯrʌun,4,2,4,8,5,5,2600.0,6.69,8,1800.0,4.91,9,0,3,#FFD700,86.9,-1.9,87.1,5,5,5,8,SUFFIX(어미변화)
살짝 찌릿해서,saljjag jjirishaeseo,16,16384,2,4,1,32,1,saltɕ͈ak̚ tɕ͈iris̚hɛsʌ,4,2,4,8,5,5,2600.0,6.69,8,1800.0,4.91,9,0,3,#FFD700,86.9,-1.9,87.1,5,5,5,8,SUFFIX(어미변화)
슬쩍 찌릿해서,seuljjeog jjirishaeseo,16,16384,2,4,1,32,1,sɯltɕ͈ʌk̚ tɕ͈iris̚hɛsʌ,4,2,4,8,5,5,2600.0,6.69,8,1800.0,4.91,9,0,3,#FFD700,86.9,-1.9,87.1,5,5,5,8,SUFFIX(어미변화)
선뜻 찌릿해서,seontteus jjirishaeseo,16,16384,2,4,1,32,1,sʌnt͈ɯs̚ tɕ͈iris̚hɛsʌ,4,2,4,8,5,5,2600.0,6.69,8,1800.0,4.91,9,0,3,#FFD700,86.9,-1.9,87.1,5,5,5,8,SUFFIX(어미변화)
단번에 찌릿해서,danbeone jjirishaeseo,16,16384,2,4,1,32,1,tanpʌne tɕ͈iris̚hɛsʌ,4,2,4,8,5,5,2600.0,6.69,8,1800.0,4.91,9,0,3,#FFD700,86.9,-1.9,87.1,5,5,5,8,SUFFIX(어미변화)
한번에 찌릿해서,hanbeone jjirishaeseo,16,16384,2,4,1,32,1,hanpʌne tɕ͈iris̚hɛsʌ,4,2,4,8,5,5,2600.0,6.69,8,1800.0,4.91,9,0,3,#FFD700,86.9,-1.9,87.1,5,5,5,8,SUFFIX(어미변화)
살짝 찌릿찌릿해서,saljjag jjirisjjirishaeseo,16,16384,2,4,1,33,1,saltɕ͈ak̚ tɕ͈iris̚tɕ͈iris̚hɛsʌ,4,4,4,8,5,5,2600.0,6.69,8,3200.0,5.89,9,0,3,#FFD700,86.9,-1.9,87.1,5,5,5,1,REDUP(첩어・동일)
슬쩍 찌릿찌릿해서,seuljjeog jjirisjjirishaeseo,16,16384,2,4,1,33,1,sɯltɕ͈ʌk̚ tɕ͈iris̚tɕ͈iris̚hɛsʌ,4,4,4,8,5,5,2600.0,6.69,8,3200.0,5.89,9,0,3,#FFD700,86.9,-1.9,87.1,5,5,5,1,REDUP(첩어・동일)
선뜻 찌릿찌릿해서,seontteus jjirisjjirishaeseo,16,16384,2,4,1,33,1,sʌnt͈ɯs̚ tɕ͈iris̚tɕ͈iris̚hɛsʌ,4,4,4,8,5,5,2600.0,6.69,8,3200.0,5.89,9,0,3,#FFD700,86.9,-1.9,87.1,5,5,5,1,REDUP(첩어・동일)
단번에 찌릿찌릿해서,danbeone jjirisjjirishaeseo,16,16384,2,4,1,33,1,tanpʌne tɕ͈iris̚tɕ͈iris̚hɛsʌ,4,4,4,8,5,5,2600.0,6.69,8,3200.0,5.89,9,0,3,#FFD700,86.9,-1.9,87.1,5,5,5,1,REDUP(첩어・동일)
한번에 찌릿찌릿해서,hanbeone jjirisjjirishaeseo,16,16384,2,4,1,33,1,hanpʌne tɕ͈iris̚tɕ͈iris̚hɛsʌ,4,4,4,8,5,5,2600.0,6.69,8,3200.0,5.89,9,0,3,#FFD700,86.9,-1.9,87.1,5,5,5,1,REDUP(첩어・동일)
살짝 찌릿하고,saljjag jjirishago,16,16384,2,4,1,32,1,saltɕ͈ak̚ tɕ͈iris̚hako,4,2,4,8,5,5,2600.0,6.69,8,1800.0,4.91,9,0,3,#FFD700,86.9,-1.9,87.1,5,5,5,8,SUFFIX(어미변화)
슬쩍 찌릿하고,seuljjeog jjirishago,16,16384,2,4,1,32,1,sɯltɕ͈ʌk̚ tɕ͈iris̚hako,4,2,4,8,5,5,2600.0,6.69,8,1800.0,4.91,9,0,3,#FFD700,86.9,-1.9,87.1,5,5,5,8,SUFFIX(어미변화)
선뜻 찌릿하고,seontteus jjirishago,16,16384,2,4,1,32,1,sʌnt͈ɯs̚ tɕ͈iris̚hako,4,2,4,8,5,5,2600.0,6.69,8,1800.0,4.91,9,0,3,#FFD700,86.9,-1.9,87.1,5,5,5,8,SUFFIX(어미변화)
단번에 찌릿하고,danbeone jjirishago,16,16384,2,4,1,32,1,tanpʌne tɕ͈iris̚hako,4,2,4,8,5,5,2600.0,6.69,8,1800.0,4.91,9,0,3,#FFD700,86.9,-1.9,87.1,5,5,5,8,SUFFIX(어미변화)
한번에 찌릿하고,hanbeone jjirishago,16,16384,2,4,1,32,1,hanpʌne tɕ͈iris̚hako,4,2,4,8,5,5,2600.0,6.69,8,1800.0,4.91,9,0,3,#FFD700,86.9,-1.9,87.1,5,5,5,8,SUFFIX(어미변화)
살짝 찌릿찌릿하고,saljjag jjirisjjirishago,16,16384,2,4,1,33,1,saltɕ͈ak̚ tɕ͈iris̚tɕ͈iris̚hako,4,4,4,8,5,5,2600.0,6.69,8,3200.0,5.89,9,0,3,#FFD700,86.9,-1.9,87.1,5,5,5,1,REDUP(첩어・동일)
슬쩍 찌릿찌릿하고,seuljjeog jjirisjjirishago,16,16384,2,4,1,33,1,sɯltɕ͈ʌk̚ tɕ͈iris̚tɕ͈iris̚hako,4,4,4,8,5,5,2600.0,6.69,8,3200.0,5.89,9,0,3,#FFD700,86.9,-1.9,87.1,5,5,5,1,REDUP(첩어・동일)
선뜻 찌릿찌릿하고,seontteus jjirisjjirishago,16,16384,2,4,1,33,1,sʌnt͈ɯs̚ tɕ͈iris̚tɕ͈iris̚hako,4,4,4,8,5,5,2600.0,6.69,8,3200.0,5.89,9,0,3,#FFD700,86.9,-1.9,87.1,5,5,5,1,REDUP(첩어・동일)
단번에 찌릿찌릿하고,danbeone jjirisjjirishago,16,16384,2,4,1,33,1,tanpʌne tɕ͈iris̚tɕ͈iris̚hako,4,4,4,8,5,5,2600.0,6.69,8,3200.0,5.89,9,0,3,#FFD700,86.9,-1.9,87.1,5,5,5,1,REDUP(첩어・동일)
한번에 찌릿찌릿하고,hanbeone jjirisjjirishago,16,16384,2,4,1,33,1,hanpʌne tɕ͈iris̚tɕ͈iris̚hako,4,4,4,8,5,5,2600.0,6.69,8,3200.0,5.89,9,0,3,#FFD700,86.9,-1.9,87.1,5,5,5,1,REDUP(첩어・동일)
살짝 콕콕,saljjag kogkog,16,16384,2,2,1,40,1,saltɕ͈ak̚ kʰok̚kʰok̚,4,2,4,8,5,5,2600.0,6.69,8,1800.0,4.91,9,0,3,#FFD700,86.9,-1.9,87.1,5,5,5,8,SUFFIX(어미변화)
슬쩍 콕콕,seuljjeog kogkog,16,16384,2,2,1,40,1,sɯltɕ͈ʌk̚ kʰok̚kʰok̚,4,2,4,8,5,5,2600.0,6.69,8,1800.0,4.91,9,0,3,#FFD700,86.9,-1.9,87.1,5,5,5,8,SUFFIX(어미변화)
선뜻 콕콕,seontteus kogkog,16,16384,2,2,1,40,1,sʌnt͈ɯs̚ kʰok̚kʰok̚,4,2,4,8,5,5,2600.0,6.69,8,1800.0,4.91,9,0,3,#FFD700,86.9,-1.9,87.1,5,5,5,8,SUFFIX(어미변화)
단번에 콕콕,danbeone kogkog,16,16384,2,2,1,40,1,tanpʌne kʰok̚kʰok̚,3,2,4,7,5,5,2900.0,6.92,8,1800.0,4.91,9,0,3,#FFD700,86.9,-1.9,87.1,5,5,5,8,SUFFIX(어미변화)
한번에 콕콕,hanbeone kogkog,16,16384,2,2,1,40,1,hanpʌne kʰok̚kʰok̚,3,2,4,7,5,5,2900.0,6.92,8,1800.0,4.91,9,0,3,#FFD700,86.9,-1.9,87.1,5,5,5,8,SUFFIX(어미변화)
살짝 콕콕콕콕,saljjag kogkogkogkog,16,16384,2,2,1,33,1,saltɕ͈ak̚ kʰok̚kʰok̚kʰok̚kʰok̚,4,4,4,8,5,5,2600.0,6.69,8,3200.0,5.89,9,0,3,#FFD700,86.9,-1.9,87.1,5,5,5,1,REDUP(첩어・동일)
슬쩍 콕콕콕콕,seuljjeog kogkogkogkog,16,16384,2,2,1,33,1,sɯltɕ͈ʌk̚ kʰok̚kʰok̚kʰok̚kʰok̚,4,4,4,8,5,5,2600.0,6.69,8,3200.0,5.89,9,0,3,#FFD700,86.9,-1.9,87.1,5,5,5,1,REDUP(첩어・동일)
선뜻 콕콕콕콕,seontteus kogkogkogkog,16,16384,2,2,1,33,1,sʌnt͈ɯs̚ kʰok̚kʰok̚kʰok̚kʰok̚,4,4,4,8,5,5,2600.0,6.69,8,3200.0,5.89,9,0,3,#FFD700,86.9,-1.9,87.1,5,5,5,1,REDUP(첩어・동일)
단번에 콕콕콕콕,danbeone kogkogkogkog,16,16384,2,2,1,33,1,tanpʌne kʰok̚kʰok̚kʰok̚kʰok̚,3,4,4,7,5,5,2900.0,6.92,8,3200.0,5.89,9,0,3,#FFD700,86.9,-1.9,87.1,5,5,5,1,REDUP(첩어・동일)
한번에 콕콕콕콕,hanbeone kogkogkogkog,16,16384,2,2,1,33,1,hanpʌne kʰok̚kʰok̚kʰok̚kʰok̚,3,4,4,7,5,5,2900.0,6.92,8,3200.0,5.89,9,0,3,#FFD700,86.9,-1.9,87.1,5,5,5,1,REDUP(첩어・동일)
살짝 콕콕콕콕콕콕,saljjag kogkogkogkogkogkog,16,16384,2,2,1,33,1,saltɕ͈ak̚ kʰok̚kʰok̚kʰok̚kʰok̚kʰok̚kʰok̚,4,4,4,8,5,5,2600.0,6.69,8,3200.0,5.89,9,0,3,#FFD700,86.9,-1.9,87.1,5,5,5,1,REDUP(첩어・동일)
슬쩍 콕콕콕콕콕콕,seuljjeog kogkogkogkogkogkog,16,16384,2,2,1,33,1,sɯltɕ͈ʌk̚ kʰok̚kʰok̚kʰok̚kʰok̚kʰok̚kʰok̚,4,4,4,8,5,5,2600.0,6.69,8,3200.0,5.89,9,0,3,#FFD700,86.9,-1.9,87.1,5,5,5,1,REDUP(첩어・동일)
선뜻 콕콕콕콕콕콕,seontteus kogkogkogkogkogkog,16,16384,2,2,1,33,1,sʌnt͈ɯs̚ kʰok̚kʰok̚kʰok̚kʰok̚kʰok̚kʰok̚,4,4,4,8,5,5,2600.0,6.69,8,3200.0,5.89,9,0,3,#FFD700,86.9,-1.9,87.1,5,5,5,1,REDUP(첩어・동일)
단번에 콕콕콕콕콕콕,danbeone kogkogkogkogkogkog,16,16384,2,2,1,33,1,tanpʌne kʰok̚kʰok̚kʰok̚kʰok̚kʰok̚kʰok̚,3,4,4,7,5,5,2900.0,6.92,8,3200.0,5.89,9,0,3,#FFD700,86.9,-1.9,87.1,5,5,5,1,REDUP(첩어・동일)
한번에 콕콕콕콕콕콕,hanbeone kogkogkogkogkogkog,16,16384,2,2,1,33,1,hanpʌne kʰok̚kʰok̚kʰok̚kʰok̚kʰok̚kʰok̚,3,4,4,7,5,5,2900.0,6.92,8,3200.0,5.89,9,0,3,#FFD700,86.9,-1.9,87.1,5,5,5,1,REDUP(첩어・동일)
살짝 콕콕거리다,saljjag kogkoggeorida,16,16384,2,2,1,32,1,saltɕ͈ak̚ kʰok̚kʰok̚kʌrita,4,2,4,8,5,5,2600.0,6.69,8,1800.0,4.91,9,0,3,#FFD700,86.9,-1.9,87.1,5,5,5,8,STEM+GEORIDA
슬쩍 콕콕거리다,seuljjeog kogkoggeorida,16,16384,2,2,1,32,1,sɯltɕ͈ʌk̚ kʰok̚kʰok̚kʌrita,4,2,4,8,5,5,2600.0,6.69,8,1800.0,4.91,9,0,3,#FFD700,86.9,-1.9,87.1,5,5,5,8,STEM+GEORIDA
선뜻 콕콕거리다,seontteus kogkoggeorida,16,16384,2,2,1,32,1,sʌnt͈ɯs̚ kʰok̚kʰok̚kʌrita,4,2,4,8,5,5,2600.0,6.69,8,1800.0,4.91,9,0,3,#FFD700,86.9,-1.9,87.1,5,5,5,8,STEM+GEORIDA
단번에 콕콕거리다,danbeone kogkoggeorida,16,16384,2,2,1,32,1,tanpʌne kʰok̚kʰok̚kʌrita,3,2,4,7,5,5,2900.0,6.92,8,1800.0,4.91,9,0,3,#FFD700,86.9,-1.9,87.1,5,5,5,8,STEM+GEORIDA
한번에 콕콕거리다,hanbeone kogkoggeorida,16,16384,2,2,1,32,1,hanpʌne kʰok̚kʰok̚kʌrita,3,2,4,7,5,5,2900.0,6.92,8,1800.0,4.91,9,0,3,#FFD700,86.9,-1.9,87.1,5,5,5,8,STEM+GEORIDA
살짝 콕콕대다,saljjag kogkogdaeda,16,16384,2,2,1,32,1,saltɕ͈ak̚ kʰok̚kʰok̚tɛta,4,2,4,8,5,5,2600.0,6.69,8,1800.0,4.91,9,0,3,#FFD700,86.9,-1.9,87.1,5,5,5,8,STEM+DAEDA
슬쩍 콕콕대다,seuljjeog kogkogdaeda,16,16384,2,2,1,32,1,sɯltɕ͈ʌk̚ kʰok̚kʰok̚tɛta,4,2,4,8,5,5,2600.0,6.69,8,1800.0,4.91,9,0,3,#FFD700,86.9,-1.9,87.1,5,5,5,8,STEM+DAEDA
선뜻 콕콕대다,seontteus kogkogdaeda,16,16384,2,2,1,32,1,sʌnt͈ɯs̚ kʰok̚kʰok̚tɛta,4,2,4,8,5,5,2600.0,6.69,8,1800.0,4.91,9,0,3,#FFD700,86.9,-1.9,87.1,5,5,5,8,STEM+DAEDA
단번에 콕콕대다,danbeone kogkogdaeda,16,16384,2,2,1,32,1,tanpʌne kʰok̚kʰok̚tɛta,3,2,4,7,5,5,2900.0,6.92,8,1800.0,4.91,9,0,3,#FFD700,86.9,-1.9,87.1,5,5,5,8,STEM+DAEDA
한번에 콕콕대다,hanbeone kogkogdaeda,16,16384,2,2,1,32,1,hanpʌne kʰok̚kʰok̚tɛta,3,2,4,7,5,5,2900.0,6.92,8,1800.0,4.91,9,0,3,#FFD700,86.9,-1.9,87.1,5,5,5,8,STEM+DAEDA
살짝 콕콕콕콕대다,saljjag kogkogkogkogdaeda,16,16384,2,2,1,33,1,saltɕ͈ak̚ kʰok̚kʰok̚kʰok̚kʰok̚tɛta,4,4,4,8,5,5,2600.0,6.69,8,3200.0,5.89,9,0,3,#FFD700,86.9,-1.9,87.1,5,5,5,1,STEM+DAEDA
슬쩍 콕콕콕콕대다,seuljjeog kogkogkogkogdaeda,16,16384,2,2,1,33,1,sɯltɕ͈ʌk̚ kʰok̚kʰok̚kʰok̚kʰok̚tɛta,4,4,4,8,5,5,2600.0,6.69,8,3200.0,5.89,9,0,3,#FFD700,86.9,-1.9,87.1,5,5,5,1,STEM+DAEDA
선뜻 콕콕콕콕대다,seontteus kogkogkogkogdaeda,16,16384,2,2,1,33,1,sʌnt͈ɯs̚ kʰok̚kʰok̚kʰok̚kʰok̚tɛta,4,4,4,8,5,5,2600.0,6.69,8,3200.0,5.89,9,0,3,#FFD700,86.9,-1.9,87.1,5,5,5,1,STEM+DAEDA
단번에 콕콕콕콕대다,danbeone kogkogkogkogdaeda,16,16384,2,2,1,33,1,tanpʌne kʰok̚kʰok̚kʰok̚kʰok̚tɛta,3,4,4,7,5,5,2900.0,6.92,8,3200.0,5.89,9,0,3,#FFD700,86.9,-1.9,87.1,5,5,5,1,STEM+DAEDA
한번에 콕콕콕콕대다,hanbeone kogkogkogkogdaeda,16,16384,2,2,1,33,1,hanpʌne kʰok̚kʰok̚kʰok̚kʰok̚tɛta,3,4,4,7,5,5,2900.0,6.92,8,3200.0,5.89,9,0,3,#FFD700,86.9,-1.9,87.1,5,5,5,1,STEM+DAEDA
살짝 콕콕이다,saljjag kogkogida,16,16384,2,2,1,32,1,saltɕ͈ak̚ kʰok̚kʰok̚ita,4,2,4,8,5,5,2600.0,6.69,8,1800.0,4.91,9,0,3,#FFD700,86.9,-1.9,87.1,5,5,5,8,STEM+IDA
슬쩍 콕콕이다,seuljjeog kogkogida,16,16384,2,2,1,32,1,sɯltɕ͈ʌk̚ kʰok̚kʰok̚ita,4,2,4,8,5,5,2600.0,6.69,8,1800.0,4.91,9,0,3,#FFD700,86.9,-1.9,87.1,5,5,5,8,STEM+IDA
선뜻 콕콕이다,seontteus kogkogida,16,16384,2,2,1,32,1,sʌnt͈ɯs̚ kʰok̚kʰok̚ita,4,2,4,8,5,5,2600.0,6.69,8,1800.0,4.91,9,0,3,#FFD700,86.9,-1.9,87.1,5,5,5,8,STEM+IDA
단번에 콕콕이다,danbeone kogkogida,16,16384,2,2,1,32,1,tanpʌne kʰok̚kʰok̚ita,3,2,4,7,5,5,2900.0,6.92,8,1800.0,4.91,9,0,3,#FFD700,86.9,-1.9,87.1,5,5,5,8,STEM+IDA
한번에 콕콕이다,hanbeone kogkogida,16,16384,2,2,1,32,1,hanpʌne kʰok̚kʰok̚ita,3,2,4,7,5,5,2900.0,6.92,8,1800.0,4.91,9,0,3,#FFD700,86.9,-1.9,87.1,5,5,5,8,STEM+IDA
살짝 콕콕콕콕이다,saljjag kogkogkogkogida,16,16384,2,2,1,33,1,saltɕ͈ak̚ kʰok̚kʰok̚kʰok̚kʰok̚ita,4,4,4,8,5,5,2600.0,6.69,8,3200.0,5.89,9,0,3,#FFD700,86.9,-1.9,87.1,5,5,5,1,STEM+IDA
슬쩍 콕콕콕콕이다,seuljjeog kogkogkogkogida,16,16384,2,2,1,33,1,sɯltɕ͈ʌk̚ kʰok̚kʰok̚kʰok̚kʰok̚ita,4,4,4,8,5,5,2600.0,6.69,8,3200.0,5.89,9,0,3,#FFD700,86.9,-1.9,87.1,5,5,5,1,STEM+IDA
선뜻 콕콕콕콕이다,seontteus kogkogkogkogida,16,16384,2,2,1,33,1,sʌnt͈ɯs̚ kʰok̚kʰok̚kʰok̚kʰok̚ita,4,4,4,8,5,5,2600.0,6.69,8,3200.0,5.89,9,0,3,#FFD700,86.9,-1.9,87.1,5,5,5,1,STEM+IDA
단번에 콕콕콕콕이다,danbeone kogkogkogkogida,16,16384,2,2,1,33,1,tanpʌne kʰok̚kʰok̚kʰok̚kʰok̚ita,3,4,4,7,5,5,2900.0,6.92,8,3200.0,5.89,9,0,3,#FFD700,86.9,-1.9,87.1,5,5,5,1,STEM+IDA
한번에 콕콕콕콕이다,hanbeone kogkogkogkogida,16,16384,2,2,1,33,1,hanpʌne kʰok̚kʰok̚kʰok̚kʰok̚ita,3,4,4,7,5,5,2900.0,6.92,8,3200.0,5.89,9,0,3,#FFD700,86.9,-1.9,87.1,5,5,5,1,STEM+IDA
살짝 콕콕하다,saljjag kogkoghada,16,16384,2,2,1,32,1,saltɕ͈ak̚ kʰok̚kʰok̚hata,4,2,4,8,5,5,2600.0,6.69,8,1800.0,4.91,9,0,3,#FFD700,86.9,-1.9,87.1,5,5,5,8,STEM+HADA
슬쩍 콕콕하다,seuljjeog kogkoghada,16,16384,2,2,1,32,1,sɯltɕ͈ʌk̚ kʰok̚kʰok̚hata,4,2,4,8,5,5,2600.0,6.69,8,1800.0,4.91,9,0,3,#FFD700,86.9,-1.9,87.1,5,5,5,8,STEM+HADA
선뜻 콕콕하다,seontteus kogkoghada,16,16384,2,2,1,32,1,sʌnt͈ɯs̚ kʰok̚kʰok̚hata,4,2,4,8,5,5,2600.0,6.69,8,1800.0,4.91,9,0,3,#FFD700,86.9,-1.9,87.1,5,5,5,8,STEM+HADA
단번에 콕콕하다,danbeone kogkoghada,16,16384,2,2,1,32,1,tanpʌne kʰok̚kʰok̚hata,3,2,4,7,5,5,2900.0,6.92,8,1800.0,4.91,9,0,3,#FFD700,86.9,-1.9,87.1,5,5,5,8,STEM+HADA
한번에 콕콕하다,hanbeone kogkoghada,16,16384,2,2,1,32,1,hanpʌne kʰok̚kʰok̚hata,3,2,4,7,5,5,2900.0,6.92,8,1800.0,4.91,9,0,3,#FFD700,86.9,-1.9,87.1,5,5,5,8,STEM+HADA
살짝 콕콕콕콕하다,saljjag kogkogkogkoghada,16,16384,2,2,1,33,1,saltɕ͈ak̚ kʰok̚kʰok̚kʰok̚kʰok̚hata,4,4,4,8,5,5,2600.0,6.69,8,3200.0,5.89,9,0,3,#FFD700,86.9,-1.9,87.1,5,5,5,1,STEM+HADA
슬쩍 콕콕콕콕하다,seuljjeog kogkogkogkoghada,16,16384,2,2,1,33,1,sɯltɕ͈ʌk̚ kʰok̚kʰok̚kʰok̚kʰok̚hata,4,4,4,8,5,5,2600.0,6.69,8,3200.0,5.89,9,0,3,#FFD700,86.9,-1.9,87.1,5,5,5,1,STEM+HADA
선뜻 콕콕콕콕하다,seontteus kogkogkogkoghada,16,16384,2,2,1,33,1,sʌnt͈ɯs̚ kʰok̚kʰok̚kʰok̚kʰok̚hata,4,4,4,8,5,5,2600.0,6.69,8,3200.0,5.89,9,0,3,#FFD700,86.9,-1.9,87.1,5,5,5,1,STEM+HADA
단번에 콕콕콕콕하다,danbeone kogkogkogkoghada,16,16384,2,2,1,33,1,tanpʌne kʰok̚kʰok̚kʰok̚kʰok̚hata,3,4,4,7,5,5,2900.0,6.92,8,3200.0,5.89,9,0,3,#FFD700,86.9,-1.9,87.1,5,5,5,1,STEM+HADA
한번에 콕콕콕콕하다,hanbeone kogkogkogkoghada,16,16384,2,2,1,33,1,hanpʌne kʰok̚kʰok̚kʰok̚kʰok̚hata,3,4,4,7,5,5,2900.0,6.92,8,3200.0,5.89,9,0,3,#FFD700,86.9,-1.9,87.1,5,5,5,1,STEM+HADA
살짝 콕콕스럽다,saljjag kogkogseureopda,16,16384,2,2,1,32,1,saltɕ͈ak̚ kʰok̚kʰok̚sɯrʌp̚ta,4,2,4,8,5,5,2600.0,6.69,8,1800.0,4.91,9,0,3,#FFD700,86.9,-1.9,87.1,5,5,5,8,SUFFIX(어미변화)
슬쩍 콕콕스럽다,seuljjeog kogkogseureopda,16,16384,2,2,1,32,1,sɯltɕ͈ʌk̚ kʰok̚kʰok̚sɯrʌp̚ta,4,2,4,8,5,5,2600.0,6.69,8,1800.0,4.91,9,0,3,#FFD700,86.9,-1.9,87.1,5,5,5,8,SUFFIX(어미변화)
선뜻 콕콕스럽다,seontteus kogkogseureopda,16,16384,2,2,1,32,1,sʌnt͈ɯs̚ kʰok̚kʰok̚sɯrʌp̚ta,4,2,4,8,5,5,2600.0,6.69,8,1800.0,4.91,9,0,3,#FFD700,86.9,-1.9,87.1,5,5,5,8,SUFFIX(어미변화)
단번에 콕콕스럽다,danbeone kogkogseureopda,16,16384,2,2,1,32,1,tanpʌne kʰok̚kʰok̚sɯrʌp̚ta,3,2,4,7,5,5,2900.0,6.92,8,1800.0,4.91,9,0,3,#FFD700,86.9,-1.9,87.1,5,5,5,8,SUFFIX(어미변화)
한번에 콕콕스럽다,hanbeone kogkogseureopda,16,16384,2,2,1,32,1,hanpʌne kʰok̚kʰok̚sɯrʌp̚ta,3,2,4,7,5,5,2900.0,6.92,8,1800.0,4.91,9,0,3,#FFD700,86.9,-1.9,87.1,5,5,5,8,SUFFIX(어미변화)
살짝 콕콕맞다,saljjag kogkogmajda,16,16384,2,2,1,32,1,saltɕ͈ak̚ kʰok̚kʰok̚mat̚ta,4,2,4,8,5,5,2600.0,6.69,8,1800.0,4.91,9,0,3,#FFD700,86.9,-1.9,87.1,5,5,5,8,SUFFIX(어미변화)
슬쩍 콕콕맞다,seuljjeog kogkogmajda,16,16384,2,2,1,32,1,sɯltɕ͈ʌk̚ kʰok̚kʰok̚mat̚ta,4,2,4,8,5,5,2600.0,6.69,8,1800.0,4.91,9,0,3,#FFD700,86.9,-1.9,87.1,5,5,5,8,SUFFIX(어미변화)
선뜻 콕콕맞다,seontteus kogkogmajda,16,16384,2,2,1,32,1,sʌnt͈ɯs̚ kʰok̚kʰok̚mat̚ta,4,2,4,8,5,5,2600.0,6.69,8,1800.0,4.91,9,0,3,#FFD700,86.9,-1.9,87.1,5,5,5,8,SUFFIX(어미변화)
단번에 콕콕맞다,danbeone kogkogmajda,16,16384,2,2,1,32,1,tanpʌne kʰok̚kʰok̚mat̚ta,3,2,4,7,5,5,2900.0,6.92,8,1800.0,4.91,9,0,3,#FFD700,86.9,-1.9,87.1,5,5,5,8,SUFFIX(어미변화)
한번에 콕콕맞다,hanbeone kogkogmajda,16,16384,2,2,1,32,1,hanpʌne kʰok̚kʰok̚mat̚ta,3,2,4,7,5,5,2900.0,6.92,8,1800.0,4.91,9,0,3,#FFD700,86.9,-1.9,87.1,5,5,5,8,SUFFIX(어미변화)
살짝 콕콕콕콕맞다,saljjag kogkogkogkogmajda,16,16384,2,2,1,33,1,saltɕ͈ak̚ kʰok̚kʰok̚kʰok̚kʰok̚mat̚ta,4,4,4,8,5,5,2600.0,6.69,8,3200.0,5.89,9,0,3,#FFD700,86.9,-1.9,87.1,5,5,5,1,REDUP(첩어・동일)
슬쩍 콕콕콕콕맞다,seuljjeog kogkogkogkogmajda,16,16384,2,2,1,33,1,sɯltɕ͈ʌk̚ kʰok̚kʰok̚kʰok̚kʰok̚mat̚ta,4,4,4,8,5,5,2600.0,6.69,8,3200.0,5.89,9,0,3,#FFD700,86.9,-1.9,87.1,5,5,5,1,REDUP(첩어・동일)
선뜻 콕콕콕콕맞다,seontteus kogkogkogkogmajda,16,16384,2,2,1,33,1,sʌnt͈ɯs̚ kʰok̚kʰok̚kʰok̚kʰok̚mat̚ta,4,4,4,8,5,5,2600.0,6.69,8,3200.0,5.89,9,0,3,#FFD700,86.9,-1.9,87.1,5,5,5,1,REDUP(첩어・동일)
단번에 콕콕콕콕맞다,danbeone kogkogkogkogmajda,16,16384,2,2,1,33,1,tanpʌne kʰok̚kʰok̚kʰok̚kʰok̚mat̚ta,3,4,4,7,5,5,2900.0,6.92,8,3200.0,5.89,9,0,3,#FFD700,86.9,-1.9,87.1,5,5,5,1,REDUP(첩어・동일)
한번에 콕콕콕콕맞다,hanbeone kogkogkogkogmajda,16,16384,2,2,1,33,1,hanpʌne kʰok̚kʰok̚kʰok̚kʰok̚mat̚ta,3,4,4,7,5,5,2900.0,6.92,8,3200.0,5.89,9,0,3,#FFD700,86.9,-1.9,87.1,5,5,5,1,REDUP(첩어・동일)
살짝 콕콕하게,saljjag kogkoghage,16,16384,2,2,1,32,1,saltɕ͈ak̚ kʰok̚kʰok̚hake,4,2,4,8,5,5,2600.0,6.69,8,1800.0,4.91,9,0,3,#FFD700,86.9,-1.9,87.1,5,5,5,8,SUFFIX(어미변화)
슬쩍 콕콕하게,seuljjeog kogkoghage,16,16384,2,2,1,32,1,sɯltɕ͈ʌk̚ kʰok̚kʰok̚hake,4,2,4,8,5,5,2600.0,6.69,8,1800.0,4.91,9,0,3,#FFD700,86.9,-1.9,87.1,5,5,5,8,SUFFIX(어미변화)
선뜻 콕콕하게,seontteus kogkoghage,16,16384,2,2,1,32,1,sʌnt͈ɯs̚ kʰok̚kʰok̚hake,4,2,4,8,5,5,2600.0,6.69,8,1800.0,4.91,9,0,3,#FFD700,86.9,-1.9,87.1,5,5,5,8,SUFFIX(어미변화)
단번에 콕콕하게,danbeone kogkoghage,16,16384,2,2,1,32,1,tanpʌne kʰok̚kʰok̚hake,3,2,4,7,5,5,2900.0,6.92,8,1800.0,4.91,9,0,3,#FFD700,86.9,-1.9,87.1,5,5,5,8,SUFFIX(어미변화)
한번에 콕콕하게,hanbeone kogkoghage,16,16384,2,2,1,32,1,hanpʌne kʰok̚kʰok̚hake,3,2,4,7,5,5,2900.0,6.92,8,1800.0,4.91,9,0,3,#FFD700,86.9,-1.9,87.1,5,5,5,8,SUFFIX(어미변화)
살짝 콕콕콕콕하게,saljjag kogkogkogkoghage,16,16384,2,2,1,33,1,saltɕ͈ak̚ kʰok̚kʰok̚kʰok̚kʰok̚hake,4,4,4,8,5,5,2600.0,6.69,8,3200.0,5.89,9,0,3,#FFD700,86.9,-1.9,87.1,5,5,5,1,REDUP(첩어・동일)
슬쩍 콕콕콕콕하게,seuljjeog kogkogkogkoghage,16,16384,2,2,1,33,1,sɯltɕ͈ʌk̚ kʰok̚kʰok̚kʰok̚kʰok̚hake,4,4,4,8,5,5,2600.0,6.69,8,3200.0,5.89,9,0,3,#FFD700,86.9,-1.9,87.1,5,5,5,1,REDUP(첩어・동일)
선뜻 콕콕콕콕하게,seontteus kogkogkogkoghage,16,16384,2,2,1,33,1,sʌnt͈ɯs̚ kʰok̚kʰok̚kʰok̚kʰok̚hake,4,4,4,8,5,5,2600.0,6.69,8,3200.0,5.89,9,0,3,#FFD700,86.9,-1.9,87.1,5,5,5,1,REDUP(첩어・동일)
단번에 콕콕콕콕하게,danbeone kogkogkogkoghage,16,16384,2,2,1,33,1,tanpʌne kʰok̚kʰok̚kʰok̚kʰok̚hake,3,4,4,7,5,5,2900.0,6.92,8,3200.0,5.89,9,0,3,#FFD700,86.9,-1.9,87.1,5,5,5,1,REDUP(첩어・동일)
한번에 콕콕콕콕하게,hanbeone kogkogkogkoghage,16,16384,2,2,1,33,1,hanpʌne kʰok̚kʰok̚kʰok̚kʰok̚hake,3,4,4,7,5,5,2900.0,6.92,8,3200.0,5.89,9,0,3,#FFD700,86.9,-1.9,87.1,5,5,5,1,REDUP(첩어・동일)
살짝 콕콕한,saljjag kogkoghan,16,16384,2,2,1,32,1,saltɕ͈ak̚ kʰok̚kʰok̚han,4,2,4,8,5,5,2600.0,6.69,8,1800.0,4.91,9,0,3,#FFD700,86.9,-1.9,87.1,5,5,5,8,SUFFIX(어미변화)
슬쩍 콕콕한,seuljjeog kogkoghan,16,16384,2,2,1,32,1,sɯltɕ͈ʌk̚ kʰok̚kʰok̚han,4,2,4,8,5,5,2600.0,6.69,8,1800.0,4.91,9,0,3,#FFD700,86.9,-1.9,87.1,5,5,5,8,SUFFIX(어미변화)
선뜻 콕콕한,seontteus kogkoghan,16,16384,2,2,1,32,1,sʌnt͈ɯs̚ kʰok̚kʰok̚han,4,2,4,8,5,5,2600.0,6.69,8,1800.0,4.91,9,0,3,#FFD700,86.9,-1.9,87.1,5,5,5,8,SUFFIX(어미변화)
단번에 콕콕한,danbeone kogkoghan,16,16384,2,2,1,32,1,tanpʌne kʰok̚kʰok̚han,3,2,4,7,5,5,2900.0,6.92,8,1800.0,4.91,9,0,3,#FFD700,86.9,-1.9,87.1,5,5,5,8,SUFFIX(어미변화)
한번에 콕콕한,hanbeone kogkoghan,16,16384,2,2,1,32,1,hanpʌne kʰok̚kʰok̚han,3,2,4,7,5,5,2900.0,6.92,8,1800.0,4.91,9,0,3,#FFD700,86.9,-1.9,87.1,5,5,5,8,SUFFIX(어미변화)
살짝 콕콕콕콕한,saljjag kogkogkogkoghan,16,16384,2,2,1,33,1,saltɕ͈ak̚ kʰok̚kʰok̚kʰok̚kʰok̚han,4,4,4,8,5,5,2600.0,6.69,8,3200.0,5.89,9,0,3,#FFD700,86.9,-1.9,87.1,5,5,5,1,REDUP(첩어・동일)
슬쩍 콕콕콕콕한,seuljjeog kogkogkogkoghan,16,16384,2,2,1,33,1,sɯltɕ͈ʌk̚ kʰok̚kʰok̚kʰok̚kʰok̚han,4,4,4,8,5,5,2600.0,6.69,8,3200.0,5.89,9,0,3,#FFD700,86.9,-1.9,87.1,5,5,5,1,REDUP(첩어・동일)
선뜻 콕콕콕콕한,seontteus kogkogkogkoghan,16,16384,2,2,1,33,1,sʌnt͈ɯs̚ kʰok̚kʰok̚kʰok̚kʰok̚han,4,4,4,8,5,5,2600.0,6.69,8,3200.0,5.89,9,0,3,#FFD700,86.9,-1.9,87.1,5,5,5,1,REDUP(첩어・동일)
단번에 콕콕콕콕한,danbeone kogkogkogkoghan,16,16384,2,2,1,33,1,tanpʌne kʰok̚kʰok̚kʰok̚kʰok̚han,3,4,4,7,5,5,2900.0,6.92,8,3200.0,5.89,9,0,3,#FFD700,86.9,-1.9,87.1,5,5,5,1,REDUP(첩어・동일)
한번에 콕콕콕콕한,hanbeone kogkogkogkoghan,16,16384,2,2,1,33,1,hanpʌne kʰok̚kʰok̚kʰok̚kʰok̚han,3,4,4,7,5,5,2900.0,6.92,8,3200.0,5.89,9,0,3,#FFD700,86.9,-1.9,87.1,5,5,5,1,REDUP(첩어・동일)
살짝 콕콕스럽게,saljjag kogkogseureopge,16,16384,2,2,1,32,1,saltɕ͈ak̚ kʰok̚kʰok̚sɯrʌp̚ke,4,2,4,8,5,5,2600.0,6.69,8,1800.0,4.91,9,0,3,#FFD700,86.9,-1.9,87.1,5,5,5,8,SUFFIX(어미변화)
슬쩍 콕콕스럽게,seuljjeog kogkogseureopge,16,16384,2,2,1,32,1,sɯltɕ͈ʌk̚ kʰok̚kʰok̚sɯrʌp̚ke,4,2,4,8,5,5,2600.0,6.69,8,1800.0,4.91,9,0,3,#FFD700,86.9,-1.9,87.1,5,5,5,8,SUFFIX(어미변화)
선뜻 콕콕스럽게,seontteus kogkogseureopge,16,16384,2,2,1,32,1,sʌnt͈ɯs̚ kʰok̚kʰok̚sɯrʌp̚ke,4,2,4,8,5,5,2600.0,6.69,8,1800.0,4.91,9,0,3,#FFD700,86.9,-1.9,87.1,5,5,5,8,SUFFIX(어미변화)
단번에 콕콕스럽게,danbeone kogkogseureopge,16,16384,2,2,1,32,1,tanpʌne kʰok̚kʰok̚sɯrʌp̚ke,3,2,4,7,5,5,2900.0,6.92,8,1800.0,4.91,9,0,3,#FFD700,86.9,-1.9,87.1,5,5,5,8,SUFFIX(어미변화)
한번에 콕콕스럽게,hanbeone kogkogseureopge,16,16384,2,2,1,32,1,hanpʌne kʰok̚kʰok̚sɯrʌp̚ke,3,2,4,7,5,5,2900.0,6.92,8,1800.0,4.91,9,0,3,#FFD700,86.9,-1.9,87.1,5,5,5,8,SUFFIX(어미변화)
살짝 콕콕스러운,saljjag kogkogseureoun,16,16384,2,2,1,32,1,saltɕ͈ak̚ kʰok̚kʰok̚sɯrʌun,4,2,4,8,5,5,2600.0,6.69,8,1800.0,4.91,9,0,3,#FFD700,86.9,-1.9,87.1,5,5,5,8,SUFFIX(어미변화)
슬쩍 콕콕스러운,seuljjeog kogkogseureoun,16,16384,2,2,1,32,1,sɯltɕ͈ʌk̚ kʰok̚kʰok̚sɯrʌun,4,2,4,8,5,5,2600.0,6.69,8,1800.0,4.91,9,0,3,#FFD700,86.9,-1.9,87.1,5,5,5,8,SUFFIX(어미변화)
선뜻 콕콕스러운,seontteus kogkogseureoun,16,16384,2,2,1,32,1,sʌnt͈ɯs̚ kʰok̚kʰok̚sɯrʌun,4,2,4,8,5,5,2600.0,6.69,8,1800.0,4.91,9,0,3,#FFD700,86.9,-1.9,87.1,5,5,5,8,SUFFIX(어미변화)
단번에 콕콕스러운,danbeone kogkogseureoun,16,16384,2,2,1,32,1,tanpʌne kʰok̚kʰok̚sɯrʌun,3,2,4,7,5,5,2900.0,6.92,8,1800.0,4.91,9,0,3,#FFD700,86.9,-1.9,87.1,5,5,5,8,SUFFIX(어미변화)
한번에 콕콕스러운,hanbeone kogkogseureoun,16,16384,2,2,1,32,1,hanpʌne kʰok̚kʰok̚sɯrʌun,3,2,4,7,5,5,2900.0,6.92,8,1800.0,4.91,9,0,3,#FFD700,86.9,-1.9,87.1,5,5,5,8,SUFFIX(어미변화)
살짝 콕콕해서,saljjag kogkoghaeseo,16,16384,2,2,1,32,1,saltɕ͈ak̚ kʰok̚kʰok̚hɛsʌ,4,2,4,8,5,5,2600.0,6.69,8,1800.0,4.91,9,0,3,#FFD700,86.9,-1.9,87.1,5,5,5,8,SUFFIX(어미변화)
슬쩍 콕콕해서,seuljjeog kogkoghaeseo,16,16384,2,2,1,32,1,sɯltɕ͈ʌk̚ kʰok̚kʰok̚hɛsʌ,4,2,4,8,5,5,2600.0,6.69,8,1800.0,4.91,9,0,3,#FFD700,86.9,-1.9,87.1,5,5,5,8,SUFFIX(어미변화)
선뜻 콕콕해서,seontteus kogkoghaeseo,16,16384,2,2,1,32,1,sʌnt͈ɯs̚ kʰok̚kʰok̚hɛsʌ,4,2,4,8,5,5,2600.0,6.69,8,1800.0,4.91,9,0,3,#FFD700,86.9,-1.9,87.1,5,5,5,8,SUFFIX(어미변화)
단번에 콕콕해서,danbeone kogkoghaeseo,16,16384,2,2,1,32,1,tanpʌne kʰok̚kʰok̚hɛsʌ,3,2,4,7,5,5,2900.0,6.92,8,1800.0,4.91,9,0,3,#FFD700,86.9,-1.9,87.1,5,5,5,8,SUFFIX(어미변화)
한번에 콕콕해서,hanbeone kogkoghaeseo,16,16384,2,2,1,32,1,hanpʌne kʰok̚kʰok̚hɛsʌ,3,2,4,7,5,5,2900.0,6.92,8,1800.0,4.91,9,0,3,#FFD700,86.9,-1.9,87.1,5,5,5,8,SUFFIX(어미변화)
살짝 콕콕콕콕해서,saljjag kogkogkogkoghaeseo,16,16384,2,2,1,33,1,saltɕ͈ak̚ kʰok̚kʰok̚kʰok̚kʰok̚hɛsʌ,4,4,4,8,5,5,2600.0,6.69,8,3200.0,5.89,9,0,3,#FFD700,86.9,-1.9,87.1,5,5,5,1,REDUP(첩어・동일)
슬쩍 콕콕콕콕해서,seuljjeog kogkogkogkoghaeseo,16,16384,2,2,1,33,1,sɯltɕ͈ʌk̚ kʰok̚kʰok̚kʰok̚kʰok̚hɛsʌ,4,4,4,8,5,5,2600.0,6.69,8,3200.0,5.89,9,0,3,#FFD700,86.9,-1.9,87.1,5,5,5,1,REDUP(첩어・동일)
선뜻 콕콕콕콕해서,seontteus kogkogkogkoghaeseo,16,16384,2,2,1,33,1,sʌnt͈ɯs̚ kʰok̚kʰok̚kʰok̚kʰok̚hɛsʌ,4,4,4,8,5,5,2600.0,6.69,8,3200.0,5.89,9,0,3,#FFD700,86.9,-1.9,87.1,5,5,5,1,REDUP(첩어・동일)
단번에 콕콕콕콕해서,danbeone kogkogkogkoghaeseo,16,16384,2,2,1,33,1,tanpʌne kʰok̚kʰok̚kʰok̚kʰok̚hɛsʌ,3,4,4,7,5,5,2900.0,6.92,8,3200.0,5.89,9,0,3,#FFD700,86.9,-1.9,87.1,5,5,5,1,REDUP(첩어・동일)
한번에 콕콕콕콕해서,hanbeone kogkogkogkoghaeseo,16,16384,2,2,1,33,1,hanpʌne kʰok̚kʰok̚kʰok̚kʰok̚hɛsʌ,3,4,4,7,5,5,2900.0,6.92,8,3200.0,5.89,9,0,3,#FFD700,86.9,-1.9,87.1,5,5,5,1,REDUP(첩어・동일)
살짝 콕콕하고,saljjag kogkoghago,16,16384,2,2,1,32,1,saltɕ͈ak̚ kʰok̚kʰok̚hako,4,2,4,8,5,5,2600.0,6.69,8,1800.0,4.91,9,0,3,#FFD700,86.9,-1.9,87.1,5,5,5,8,SUFFIX(어미변화)
슬쩍 콕콕하고,seuljjeog kogkoghago,16,16384,2,2,1,32,1,sɯltɕ͈ʌk̚ kʰok̚kʰok̚hako,4,2,4,8,5,5,2600.0,6.69,8,1800.0,4.91,9,0,3,#FFD700,86.9,-1.9,87.1,5,5,5,8,SUFFIX(어미변화)
선뜻 콕콕하고,seontteus kogkoghago,16,16384,2,2,1,32,1,sʌnt͈ɯs̚ kʰok̚kʰok̚hako,4,2,4,8,5,5,2600.0,6.69,8,1800.0,4.91,9,0,3,#FFD700,86.9,-1.9,87.1,5,5,5,8,SUFFIX(어미변화)
단번에 콕콕하고,danbeone kogkoghago,16,16384,2,2,1,32,1,tanpʌne kʰok̚kʰok̚hako,3,2,4,7,5,5,2900.0,6.92,8,1800.0,4.91,9,0,3,#FFD700,86.9,-1.9,87.1,5,5,5,8,SUFFIX(어미변화)
한번에 콕콕하고,hanbeone kogkoghago,16,16384,2,2,1,32,1,hanpʌne kʰok̚kʰok̚hako,3,2,4,7,5,5,2900.0,6.92,8,1800.0,4.91,9,0,3,#FFD700,86.9,-1.9,87.1,5,5,5,8,SUFFIX(어미변화)
살짝 콕콕콕콕하고,saljjag kogkogkogkoghago,16,16384,2,2,1,33,1,saltɕ͈ak̚ kʰok̚kʰok̚kʰok̚kʰok̚hako,4,4,4,8,5,5,2600.0,6.69,8,3200.0,5.89,9,0,3,#FFD700,86.9,-1.9,87.1,5,5,5,1,REDUP(첩어・동일)
슬쩍 콕콕콕콕하고,seuljjeog kogkogkogkoghago,16,16384,2,2,1,33,1,sɯltɕ͈ʌk̚ kʰok̚kʰok̚kʰok̚kʰok̚hako,4,4,4,8,5,5,2600.0,6.69,8,3200.0,5.89,9,0,3,#FFD700,86.9,-1.9,87.1,5,5,5,1,REDUP(첩어・동일)
선뜻 콕콕콕콕하고,seontteus kogkogkogkoghago,16,16384,2,2,1,33,1,sʌnt͈ɯs̚ kʰok̚kʰok̚kʰok̚kʰok̚hako,4,4,4,8,5,5,2600.0,6.69,8,3200.0,5.89,9,0,3,#FFD700,86.9,-1.9,87.1,5,5,5,1,REDUP(첩어・동일)
단번에 콕콕콕콕하고,danbeone kogkogkogkoghago,16,16384,2,2,1,33,1,tanpʌne kʰok̚kʰok̚kʰok̚kʰok̚hako,3,4,4,7,5,5,2900.0,6.92,8,3200.0,5.89,9,0,3,#FFD700,86.9,-1.9,87.1,5,5,5,1,REDUP(첩어・동일)
한번에 콕콕콕콕하고,hanbeone kogkogkogkoghago,16,16384,2,2,1,33,1,hanpʌne kʰok̚kʰok̚kʰok̚kʰok̚hako,3,4,4,7,5,5,2900.0,6.92,8,3200.0,5.89,9,0,3,#FFD700,86.9,-1.9,87.1,5,5,5,1,REDUP(첩어・동일)
살짝 욱신,saljjag ugsin,16,16384,2,1,2,40,1,saltɕ͈ak̚ uk̚sin,8,2,4,8,5,5,950.0,4.62,2,1800.0,4.91,9,0,3,#2F4F4F,31.3,-11.7,-3.7,5,5,5,8,SUFFIX(어미변화)
슬쩍 욱신,seuljjeog ugsin,16,16384,2,1,2,40,1,sɯltɕ͈ʌk̚ uk̚sin,8,2,4,8,5,5,950.0,4.62,2,1800.0,4.91,9,0,3,#2F4F4F,31.3,-11.7,-3.7,5,5,5,8,SUFFIX(어미변화)
선뜻 욱신,seontteus ugsin,16,16384,2,1,2,40,1,sʌnt͈ɯs̚ uk̚sin,8,2,4,8,5,5,950.0,4.62,2,1800.0,4.91,9,0,3,#2F4F4F,31.3,-11.7,-3.7,5,5,5,8,SUFFIX(어미변화)
단번에 욱신,danbeone ugsin,16,16384,2,1,2,40,1,tanpʌne uk̚sin,5,2,3,7,5,5,450.0,3.09,2,1800.0,4.91,7,0,3,#2F4F4F,31.3,-11.7,-3.7,5,5,5,8,SUFFIX(어미변화)
한번에 욱신,hanbeone ugsin,16,16384,2,1,2,40,1,hanpʌne uk̚sin,5,2,3,7,5,5,450.0,3.09,2,1800.0,4.91,7,0,3,#2F4F4F,31.3,-11.7,-3.7,5,5,5,8,SUFFIX(어미변화)
살짝 욱신욱신,saljjag ugsinugsin,16,16384,2,1,2,33,1,saltɕ͈ak̚ uk̚sinuk̚sin,8,4,4,8,5,5,950.0,4.62,2,3200.0,5.89,9,0,3,#2F4F4F,31.3,-11.7,-3.7,5,5,5,1,REDUP(첩어・동일)
슬쩍 욱신욱신,seuljjeog ugsinugsin,16,16384,2,1,2,33,1,sɯltɕ͈ʌk̚ uk̚sinuk̚sin,8,4,4,8,5,5,950.0,4.62,2,3200.0,5.89,9,0,3,#2F4F4F,31.3,-11.7,-3.7,5,5,5,1,REDUP(첩어・동일)
선뜻 욱신욱신,seontteus ugsinugsin,16,16384,2,1,2,33,1,sʌnt͈ɯs̚ uk̚sinuk̚sin,8,4,4,8,5,5,950.0,4.62,2,3200.0,5.89,9,0,3,#2F4F4F,31.3,-11.7,-3.7,5,5,5,1,REDUP(첩어・동일)
단번에 욱신욱신,danbeone ugsinugsin,16,16384,2,1,2,33,1,tanpʌne uk̚sinuk̚sin,5,4,3,7,5,5,450.0,3.09,2,3200.0,5.89,7,0,3,#2F4F4F,31.3,-11.7,-3.7,5,5,5,1,REDUP(첩어・동일)
한번에 욱신욱신,hanbeone ugsinugsin,16,16384,2,1,2,33,1,hanpʌne uk̚sinuk̚sin,5,4,3,7,5,5,450.0,3.09,2,3200.0,5.89,7,0,3,#2F4F4F,31.3,-11.7,-3.7,5,5,5,1,REDUP(첩어・동일)
살짝 욱신욱신욱신,saljjag ugsinugsinugsin,16,16384,2,1,2,33,1,saltɕ͈ak̚ uk̚sinuk̚sinuk̚sin,8,4,4,8,5,5,950.0,4.62,2,3200.0,5.89,9,0,3,#2F4F4F,31.3,-11.7,-3.7,5,5,5,1,REDUP(첩어・동일)
슬쩍 욱신욱신욱신,seuljjeog ugsinugsinugsin,16,16384,2,1,2,33,1,sɯltɕ͈ʌk̚ uk̚sinuk̚sinuk̚sin,8,4,4,8,5,5,950.0,4.62,2,3200.0,5.89,9,0,3,#2F4F4F,31.3,-11.7,-3.7,5,5,5,1,REDUP(첩어・동일)
선뜻 욱신욱신욱신,seontteus ugsinugsinugsin,16,16384,2,1,2,33,1,sʌnt͈ɯs̚ uk̚sinuk̚sinuk̚sin,8,4,4,8,5,5,950.0,4.62,2,3200.0,5.89,9,0,3,#2F4F4F,31.3,-11.7,-3.7,5,5,5,1,REDUP(첩어・동일)
단번에 욱신욱신욱신,danbeone ugsinugsinugsin,16,16384,2,1,2,33,1,tanpʌne uk̚sinuk̚sinuk̚sin,5,4,3,7,5,5,450.0,3.09,2,3200.0,5.89,7,0,3,#2F4F4F,31.3,-11.7,-3.7,5,5,5,1,REDUP(첩어・동일)
한번에 욱신욱신욱신,hanbeone ugsinugsinugsin,16,16384,2,1,2,33,1,hanpʌne uk̚sinuk̚sinuk̚sin,5,4,3,7,5,5,450.0,3.09,2,3200.0,5.89,7,0,3,#2F4F4F,31.3,-11.7,-3.7,5,5,5,1,REDUP(첩어・동일)
살짝 욱신거리다,saljjag ugsingeorida,16,16384,2,1,2,32,1,saltɕ͈ak̚ uk̚sinkʌrita,8,2,4,8,5,5,950.0,4.62,2,1800.0,4.91,9,0,3,#2F4F4F,31.3,-11.7,-3.7,5,5,5,8,STEM+GEORIDA
슬쩍 욱신거리다,seuljjeog ugsingeorida,16,16384,2,1,2,32,1,sɯltɕ͈ʌk̚ uk̚sinkʌrita,8,2,4,8,5,5,950.0,4.62,2,1800.0,4.91,9,0,3,#2F4F4F,31.3,-11.7,-3.7,5,5,5,8,STEM+GEORIDA
선뜻 욱신거리다,seontteus ugsingeorida,16,16384,2,1,2,32,1,sʌnt͈ɯs̚ uk̚sinkʌrita,8,2,4,8,5,5,950.0,4.62,2,1800.0,4.91,9,0,3,#2F4F4F,31.3,-11.7,-3.7,5,5,5,8,STEM+GEORIDA
단번에 욱신거리다,danbeone ugsingeorida,16,16384,2,1,2,32,1,tanpʌne uk̚sinkʌrita,5,2,3,7,5,5,450.0,3.09,2,1800.0,4.91,7,0,3,#2F4F4F,31.3,-11.7,-3.7,5,5,5,8,STEM+GEORIDA
한번에 욱신거리다,hanbeone ugsingeorida,16,16384,2,1,2,32,1,hanpʌne uk̚sinkʌrita,5,2,3,7,5,5,450.0,3.09,2,1800.0,4.91,7,0,3,#2F4F4F,31.3,-11.7,-3.7,5,5,5,8,STEM+GEORIDA
살짝 욱신대다,saljjag ugsindaeda,16,16384,2,1,2,32,1,saltɕ͈ak̚ uk̚sintɛta,8,2,4,8,5,5,950.0,4.62,2,1800.0,4.91,9,0,3,#2F4F4F,31.3,-11.7,-3.7,5,5,5,8,STEM+DAEDA
슬쩍 욱신대다,seuljjeog ugsindaeda,16,16384,2,1,2,32,1,sɯltɕ͈ʌk̚ uk̚sintɛta,8,2,4,8,5,5,950.0,4.62,2,1800.0,4.91,9,0,3,#2F4F4F,31.3,-11.7,-3.7,5,5,5,8,STEM+DAEDA
선뜻 욱신대다,seontteus ugsindaeda,16,16384,2,1,2,32,1,sʌnt͈ɯs̚ uk̚sintɛta,8,2,4,8,5,5,950.0,4.62,2,1800.0,4.91,9,0,3,#2F4F4F,31.3,-11.7,-3.7,5,5,5,8,STEM+DAEDA
단번에 욱신대다,danbeone ugsindaeda,16,16384,2,1,2,32,1,tanpʌne uk̚sintɛta,5,2,3,7,5,5,450.0,3.09,2,1800.0,4.91,7,0,3,#2F4F4F,31.3,-11.7,-3.7,5,5,5,8,STEM+DAEDA
한번에 욱신대다,hanbeone ugsindaeda,16,16384,2,1,2,32,1,hanpʌne uk̚sintɛta,5,2,3,7,5,5,450.0,3.09,2,1800.0,4.91,7,0,3,#2F4F4F,31.3,-11.7,-3.7,5,5,5,8,STEM+DAEDA
살짝 욱신욱신대다,saljjag ugsinugsindaeda,16,16384,2,1,2,33,1,saltɕ͈ak̚ uk̚sinuk̚sintɛta,8,4,4,8,5,5,950.0,4.62,2,3200.0,5.89,9,0,3,#2F4F4F,31.3,-11.7,-3.7,5,5,5,1,STEM+DAEDA
슬쩍 욱신욱신대다,seuljjeog ugsinugsindaeda,16,16384,2,1,2,33,1,sɯltɕ͈ʌk̚ uk̚sinuk̚sintɛta,8,4,4,8,5,5,950.0,4.62,2,3200.0,5.89,9,0,3,#2F4F4F,31.3,-11.7,-3.7,5,5,5,1,STEM+DAEDA
선뜻 욱신욱신대다,seontteus ugsinugsindaeda,16,16384,2,1,2,33,1,sʌnt͈ɯs̚ uk̚sinuk̚sintɛta,8,4,4,8,5,5,950.0,4.62,2,3200.0,5.89,9,0,3,#2F4F4F,31.3,-11.7,-3.7,5,5,5,1,STEM+DAEDA
단번에 욱신욱신대다,danbeone ugsinugsindaeda,16,16384,2,1,2,33,1,tanpʌne uk̚sinuk̚sintɛta,5,4,3,7,5,5,450.0,3.09,2,3200.0,5.89,7,0,3,#2F4F4F,31.3,-11.7,-3.7,5,5,5,1,STEM+DAEDA
한번에 욱신욱신대다,hanbeone ugsinugsindaeda,16,16384,2,1,2,33,1,hanpʌne uk̚sinuk̚sintɛta,5,4,3,7,5,5,450.0,3.09,2,3200.0,5.89,7,0,3,#2F4F4F,31.3,-11.7,-3.7,5,5,5,1,STEM+DAEDA
살짝 욱신이다,saljjag ugsinida,16,16384,2,1,2,32,1,saltɕ͈ak̚ uk̚sinita,8,2,4,8,5,5,950.0,4.62,2,1800.0,4.91,9,0,3,#2F4F4F,31.3,-11.7,-3.7,5,5,5,8,STEM+IDA
슬쩍 욱신이다,seuljjeog ugsinida,16,16384,2,1,2,32,1,sɯltɕ͈ʌk̚ uk̚sinita,8,2,4,8,5,5,950.0,4.62,2,1800.0,4.91,9,0,3,#2F4F4F,31.3,-11.7,-3.7,5,5,5,8,STEM+IDA
선뜻 욱신이다,seontteus ugsinida,16,16384,2,1,2,32,1,sʌnt͈ɯs̚ uk̚sinita,8,2,4,8,5,5,950.0,4.62,2,1800.0,4.91,9,0,3,#2F4F4F,31.3,-11.7,-3.7,5,5,5,8,STEM+IDA
단번에 욱신이다,danbeone ugsinida,16,16384,2,1,2,32,1,tanpʌne uk̚sinita,5,2,3,7,5,5,450.0,3.09,2,1800.0,4.91,7,0,3,#2F4F4F,31.3,-11.7,-3.7,5,5,5,8,STEM+IDA
한번에 욱신이다,hanbeone ugsinida,16,16384,2,1,2,32,1,hanpʌne uk̚sinita,5,2,3,7,5,5,450.0,3.09,2,1800.0,4.91,7,0,3,#2F4F4F,31.3,-11.7,-3.7,5,5,5,8,STEM+IDA
살짝 욱신욱신이다,saljjag ugsinugsinida,16,16384,2,1,2,33,1,saltɕ͈ak̚ uk̚sinuk̚sinita,8,4,4,8,5,5,950.0,4.62,2,3200.0,5.89,9,0,3,#2F4F4F,31.3,-11.7,-3.7,5,5,5,1,STEM+IDA
슬쩍 욱신욱신이다,seuljjeog ugsinugsinida,16,16384,2,1,2,33,1,sɯltɕ͈ʌk̚ uk̚sinuk̚sinita,8,4,4,8,5,5,950.0,4.62,2,3200.0,5.89,9,0,3,#2F4F4F,31.3,-11.7,-3.7,5,5,5,1,STEM+IDA
선뜻 욱신욱신이다,seontteus ugsinugsinida,16,16384,2,1,2,33,1,sʌnt͈ɯs̚ uk̚sinuk̚sinita,8,4,4,8,5,5,950.0,4.62,2,3200.0,5.89,9,0,3,#2F4F4F,31.3,-11.7,-3.7,5,5,5,1,STEM+IDA
단번에 욱신욱신이다,danbeone ugsinugsinida,16,16384,2,1,2,33,1,tanpʌne uk̚sinuk̚sinita,5,4,3,7,5,5,450.0,3.09,2,3200.0,5.89,7,0,3,#2F4F4F,31.3,-11.7,-3.7,5,5,5,1,STEM+IDA
한번에 욱신욱신이다,hanbeone ugsinugsinida,16,16384,2,1,2,33,1,hanpʌne uk̚sinuk̚sinita,5,4,3,7,5,5,450.0,3.09,2,3200.0,5.89,7,0,3,#2F4F4F,31.3,-11.7,-3.7,5,5,5,1,STEM+IDA
살짝 욱신하다,saljjag ugsinhada,16,16384,2,1,2,32,1,saltɕ͈ak̚ uk̚sinhata,8,2,4,8,5,5,950.0,4.62,2,1800.0,4.91,9,0,3,#2F4F4F,31.3,-11.7,-3.7,5,5,5,8,STEM+HADA
슬쩍 욱신하다,seuljjeog ugsinhada,16,16384,2,1,2,32,1,sɯltɕ͈ʌk̚ uk̚sinhata,8,2,4,8,5,5,950.0,4.62,2,1800.0,4.91,9,0,3,#2F4F4F,31.3,-11.7,-3.7,5,5,5,8,STEM+HADA
선뜻 욱신하다,seontteus ugsinhada,16,16384,2,1,2,32,1,sʌnt͈ɯs̚ uk̚sinhata,8,2,4,8,5,5,950.0,4.62,2,1800.0,4.91,9,0,3,#2F4F4F,31.3,-11.7,-3.7,5,5,5,8,STEM+HADA
단번에 욱신하다,danbeone ugsinhada,16,16384,2,1,2,32,1,tanpʌne uk̚sinhata,5,2,3,7,5,5,450.0,3.09,2,1800.0,4.91,7,0,3,#2F4F4F,31.3,-11.7,-3.7,5,5,5,8,STEM+HADA
한번에 욱신하다,hanbeone ugsinhada,16,16384,2,1,2,32,1,hanpʌne uk̚sinhata,5,2,3,7,5,5,450.0,3.09,2,1800.0,4.91,7,0,3,#2F4F4F,31.3,-11.7,-3.7,5,5,5,8,STEM+HADA
살짝 욱신욱신하다,saljjag ugsinugsinhada,16,16384,2,1,2,33,1,saltɕ͈ak̚ uk̚sinuk̚sinhata,8,4,4,8,5,5,950.0,4.62,2,3200.0,5.89,9,0,3,#2F4F4F,31.3,-11.7,-3.7,5,5,5,1,STEM+HADA
슬쩍 욱신욱신하다,seuljjeog ugsinugsinhada,16,16384,2,1,2,33,1,sɯltɕ͈ʌk̚ uk̚sinuk̚sinhata,8,4,4,8,5,5,950.0,4.62,2,3200.0,5.89,9,0,3,#2F4F4F,31.3,-11.7,-3.7,5,5,5,1,STEM+HADA
선뜻 욱신욱신하다,seontteus ugsinugsinhada,16,16384,2,1,2,33,1,sʌnt͈ɯs̚ uk̚sinuk̚sinhata,8,4,4,8,5,5,950.0,4.62,2,3200.0,5.89,9,0,3,#2F4F4F,31.3,-11.7,-3.7,5,5,5,1,STEM+HADA
단번에 욱신욱신하다,danbeone ugsinugsinhada,16,16384,2,1,2,33,1,tanpʌne uk̚sinuk̚sinhata,5,4,3,7,5,5,450.0,3.09,2,3200.0,5.89,7,0,3,#2F4F4F,31.3,-11.7,-3.7,5,5,5,1,STEM+HADA
한번에 욱신욱신하다,hanbeone ugsinugsinhada,16,16384,2,1,2,33,1,hanpʌne uk̚sinuk̚sinhata,5,4,3,7,5,5,450.0,3.09,2,3200.0,5.89,7,0,3,#2F4F4F,31.3,-11.7,-3.7,5,5,5,1,STEM+HADA
살짝 욱신스럽다,saljjag ugsinseureopda,16,16384,2,1,2,32,1,saltɕ͈ak̚ uk̚sinsɯrʌp̚ta,8,2,4,8,5,5,950.0,4.62,2,1800.0,4.91,9,0,3,#2F4F4F,31.3,-11.7,-3.7,5,5,5,8,SUFFIX(어미변화)
슬쩍 욱신스럽다,seuljjeog ugsinseureopda,16,16384,2,1,2,32,1,sɯltɕ͈ʌk̚ uk̚sinsɯrʌp̚ta,8,2,4,8,5,5,950.0,4.62,2,1800.0,4.91,9,0,3,#2F4F4F,31.3,-11.7,-3.7,5,5,5,8,SUFFIX(어미변화)
선뜻 욱신스럽다,seontteus ugsinseureopda,16,16384,2,1,2,32,1,sʌnt͈ɯs̚ uk̚sinsɯrʌp̚ta,8,2,4,8,5,5,950.0,4.62,2,1800.0,4.91,9,0,3,#2F4F4F,31.3,-11.7,-3.7,5,5,5,8,SUFFIX(어미변화)
단번에 욱신스럽다,danbeone ugsinseureopda,16,16384,2,1,2,32,1,tanpʌne uk̚sinsɯrʌp̚ta,5,2,3,7,5,5,450.0,3.09,2,1800.0,4.91,7,0,3,#2F4F4F,31.3,-11.7,-3.7,5,5,5,8,SUFFIX(어미변화)
한번에 욱신스럽다,hanbeone ugsinseureopda,16,16384,2,1,2,32,1,hanpʌne uk̚sinsɯrʌp̚ta,5,2,3,7,5,5,450.0,3.09,2,1800.0,4.91,7,0,3,#2F4F4F,31.3,-11.7,-3.7,5,5,5,8,SUFFIX(어미변화)
살짝 욱신맞다,saljjag ugsinmajda,16,16384,2,1,2,32,1,saltɕ͈ak̚ uk̚sinmat̚ta,8,2,4,8,5,5,950.0,4.62,2,1800.0,4.91,9,0,3,#2F4F4F,31.3,-11.7,-3.7,5,5,5,8,SUFFIX(어미변화)
슬쩍 욱신맞다,seuljjeog ugsinmajda,16,16384,2,1,2,32,1,sɯltɕ͈ʌk̚ uk̚sinmat̚ta,8,2,4,8,5,5,950.0,4.62,2,1800.0,4.91,9,0,3,#2F4F4F,31.3,-11.7,-3.7,5,5,5,8,SUFFIX(어미변화)
선뜻 욱신맞다,seontteus ugsinmajda,16,16384,2,1,2,32,1,sʌnt͈ɯs̚ uk̚sinmat̚ta,8,2,4,8,5,5,950.0,4.62,2,1800.0,4.91,9,0,3,#2F4F4F,31.3,-11.7,-3.7,5,5,5,8,SUFFIX(어미변화)
단번에 욱신맞다,danbeone ugsinmajda,16,16384,2,1,2,32,1,tanpʌne uk̚sinmat̚ta,5,2,3,7,5,5,450.0,3.09,2,1800.0,4.91,7,0,3,#2F4F4F,31.3,-11.7,-3.7,5,5,5,8,SUFFIX(어미변화)
한번에 욱신맞다,hanbeone ugsinmajda,16,16384,2,1,2,32,1,hanpʌne uk̚sinmat̚ta,5,2,3,7,5,5,450.0,3.09,2,1800.0,4.91,7,0,3,#2F4F4F,31.3,-11.7,-3.7,5,5,5,8,SUFFIX(어미변화)
살짝 욱신욱신맞다,saljjag ugsinugsinmajda,16,16384,2,1,2,33,1,saltɕ͈ak̚ uk̚sinuk̚sinmat̚ta,8,4,4,8,5,5,950.0,4.62,2,3200.0,5.89,9,0,3,#2F4F4F,31.3,-11.7,-3.7,5,5,5,1,REDUP(첩어・동일)
슬쩍 욱신욱신맞다,seuljjeog ugsinugsinmajda,16,16384,2,1,2,33,1,sɯltɕ͈ʌk̚ uk̚sinuk̚sinmat̚ta,8,4,4,8,5,5,950.0,4.62,2,3200.0,5.89,9,0,3,#2F4F4F,31.3,-11.7,-3.7,5,5,5,1,REDUP(첩어・동일)
선뜻 욱신욱신맞다,seontteus ugsinugsinmajda,16,16384,2,1,2,33,1,sʌnt͈ɯs̚ uk̚sinuk̚sinmat̚ta,8,4,4,8,5,5,950.0,4.62,2,3200.0,5.89,9,0,3,#2F4F4F,31.3,-11.7,-3.7,5,5,5,1,REDUP(첩어・동일)
단번에 욱신욱신맞다,danbeone ugsinugsinmajda,16,16384,2,1,2,33,1,tanpʌne uk̚sinuk̚sinmat̚ta,5,4,3,7,5,5,450.0,3.09,2,3200.0,5.89,7,0,3,#2F4F4F,31.3,-11.7,-3.7,5,5,5,1,REDUP(첩어・동일)
한번에 욱신욱신맞다,hanbeone ugsinugsinmajda,16,16384,2,1,2,33,1,hanpʌne uk̚sinuk̚sinmat̚ta,5,4,3,7,5,5,450.0,3.09,2,3200.0,5.89,7,0,3,#2F4F4F,31.3,-11.7,-3.7,5,5,5,1,REDUP(첩어・동일)
살짝 욱신하게,saljjag ugsinhage,16,16384,2,1,2,32,1,saltɕ͈ak̚ uk̚sinhake,8,2,4,8,5,5,950.0,4.62,2,1800.0,4.91,9,0,3,#2F4F4F,31.3,-11.7,-3.7,5,5,5,8,SUFFIX(어미변화)
슬쩍 욱신하게,seuljjeog ugsinhage,16,16384,2,1,2,32,1,sɯltɕ͈ʌk̚ uk̚sinhake,8,2,4,8,5,5,950.0,4.62,2,1800.0,4.91,9,0,3,#2F4F4F,31.3,-11.7,-3.7,5,5,5,8,SUFFIX(어미변화)
선뜻 욱신하게,seontteus ugsinhage,16,16384,2,1,2,32,1,sʌnt͈ɯs̚ uk̚sinhake,8,2,4,8,5,5,950.0,4.62,2,1800.0,4.91,9,0,3,#2F4F4F,31.3,-11.7,-3.7,5,5,5,8,SUFFIX(어미변화)
단번에 욱신하게,danbeone ugsinhage,16,16384,2,1,2,32,1,tanpʌne uk̚sinhake,5,2,3,7,5,5,450.0,3.09,2,1800.0,4.91,7,0,3,#2F4F4F,31.3,-11.7,-3.7,5,5,5,8,SUFFIX(어미변화)
한번에 욱신하게,hanbeone ugsinhage,16,16384,2,1,2,32,1,hanpʌne uk̚sinhake,5,2,3,7,5,5,450.0,3.09,2,1800.0,4.91,7,0,3,#2F4F4F,31.3,-11.7,-3.7,5,5,5,8,SUFFIX(어미변화)
살짝 욱신욱신하게,saljjag ugsinugsinhage,16,16384,2,1,2,33,1,saltɕ͈ak̚ uk̚sinuk̚sinhake,8,4,4,8,5,5,950.0,4.62,2,3200.0,5.89,9,0,3,#2F4F4F,31.3,-11.7,-3.7,5,5,5,1,REDUP(첩어・동일)
슬쩍 욱신욱신하게,seuljjeog ugsinugsinhage,16,16384,2,1,2,33,1,sɯltɕ͈ʌk̚ uk̚sinuk̚sinhake,8,4,4,8,5,5,950.0,4.62,2,3200.0,5.89,9,0,3,#2F4F4F,31.3,-11.7,-3.7,5,5,5,1,REDUP(첩어・동일)
선뜻 욱신욱신하게,seontteus ugsinugsinhage,16,16384,2,1,2,33,1,sʌnt͈ɯs̚ uk̚sinuk̚sinhake,8,4,4,8,5,5,950.0,4.62,2,3200.0,5.89,9,0,3,#2F4F4F,31.3,-11.7,-3.7,5,5,5,1,REDUP(첩어・동일)
단번에 욱신욱신하게,danbeone ugsinugsinhage,16,16384,2,1,2,33,1,tanpʌne uk̚sinuk̚sinhake,5,4,3,7,5,5,450.0,3.09,2,3200.0,5.89,7,0,3,#2F4F4F,31.3,-11.7,-3.7,5,5,5,1,REDUP(첩어・동일)
한번에 욱신욱신하게,hanbeone ugsinugsinhage,16,16384,2,1,2,33,1,hanpʌne uk̚sinuk̚sinhake,5,4,3,7,5,5,450.0,3.09,2,3200.0,5.89,7,0,3,#2F4F4F,31.3,-11.7,-3.7,5,5,5,1,REDUP(첩어・동일)
살짝 욱신한,saljjag ugsinhan,16,16384,2,1,2,32,1,saltɕ͈ak̚ uk̚sinhan,8,2,4,8,5,5,950.0,4.62,2,1800.0,4.91,9,0,3,#2F4F4F,31.3,-11.7,-3.7,5,5,5,8,SUFFIX(어미변화)
슬쩍 욱신한,seuljjeog ugsinhan,16,16384,2,1,2,32,1,sɯltɕ͈ʌk̚ uk̚sinhan,8,2,4,8,5,5,950.0,4.62,2,1800.0,4.91,9,0,3,#2F4F4F,31.3,-11.7,-3.7,5,5,5,8,SUFFIX(어미변화)
선뜻 욱신한,seontteus ugsinhan,16,16384,2,1,2,32,1,sʌnt͈ɯs̚ uk̚sinhan,8,2,4,8,5,5,950.0,4.62,2,1800.0,4.91,9,0,3,#2F4F4F,31.3,-11.7,-3.7,5,5,5,8,SUFFIX(어미변화)
단번에 욱신한,danbeone ugsinhan,16,16384,2,1,2,32,1,tanpʌne uk̚sinhan,5,2,3,7,5,5,450.0,3.09,2,1800.0,4.91,7,0,3,#2F4F4F,31.3,-11.7,-3.7,5,5,5,8,SUFFIX(어미변화)
한번에 욱신한,hanbeone ugsinhan,16,16384,2,1,2,32,1,hanpʌne uk̚sinhan,5,2,3,7,5,5,450.0,3.09,2,1800.0,4.91,7,0,3,#2F4F4F,31.3,-11.7,-3.7,5,5,5,8,SUFFIX(어미변화)
살짝 욱신욱신한,saljjag ugsinugsinhan,16,16384,2,1,2,33,1,saltɕ͈ak̚ uk̚sinuk̚sinhan,8,4,4,8,5,5,950.0,4.62,2,3200.0,5.89,9,0,3,#2F4F4F,31.3,-11.7,-3.7,5,5,5,1,REDUP(첩어・동일)
슬쩍 욱신욱신한,seuljjeog ugsinugsinhan,16,16384,2,1,2,33,1,sɯltɕ͈ʌk̚ uk̚sinuk̚sinhan,8,4,4,8,5,5,950.0,4.62,2,3200.0,5.89,9,0,3,#2F4F4F,31.3,-11.7,-3.7,5,5,5,1,REDUP(첩어・동일)
선뜻 욱신욱신한,seontteus ugsinugsinhan,16,16384,2,1,2,33,1,sʌnt͈ɯs̚ uk̚sinuk̚sinhan,8,4,4,8,5,5,950.0,4.62,2,3200.0,5.89,9,0,3,#2F4F4F,31.3,-11.7,-3.7,5,5,5,1,REDUP(첩어・동일)
단번에 욱신욱신한,danbeone ugsinugsinhan,16,16384,2,1,2,33,1,tanpʌne uk̚sinuk̚sinhan,5,4,3,7,5,5,450.0,3.09,2,3200.0,5.89,7,0,3,#2F4F4F,31.3,-11.7,-3.7,5,5,5,1,REDUP(첩어・동일)
한번에 욱신욱신한,hanbeone ugsinugsinhan,16,16384,2,1,2,33,1,hanpʌne uk̚sinuk̚sinhan,5,4,3,7,5,5,450.0,3.09,2,3200.0,5.89,7,0,3,#2F4F4F,31.3,-11.7,-3.7,5,5,5,1,REDUP(첩어・동일)
살짝 욱신스럽게,saljjag ugsinseureopge,16,16384,2,1,2,32,1,saltɕ͈ak̚ uk̚sinsɯrʌp̚ke,8,2,4,8,5,5,950.0,4.62,2,1800.0,4.91,9,0,3,#2F4F4F,31.3,-11.7,-3.7,5,5,5,8,SUFFIX(어미변화)
슬쩍 욱신스럽게,seuljjeog ugsinseureopge,16,16384,2,1,2,32,1,sɯltɕ͈ʌk̚ uk̚sinsɯrʌp̚ke,8,2,4,8,5,5,950.0,4.62,2,1800.0,4.91,9,0,3,#2F4F4F,31.3,-11.7,-3.7,5,5,5,8,SUFFIX(어미변화)
선뜻 욱신스럽게,seontteus ugsinseureopge,16,16384,2,1,2,32,1,sʌnt͈ɯs̚ uk̚sinsɯrʌp̚ke,8,2,4,8,5,5,950.0,4.62,2,1800.0,4.91,9,0,3,#2F4F4F,31.3,-11.7,-3.7,5,5,5,8,SUFFIX(어미변화)
단번에 욱신스럽게,danbeone ugsinseureopge,16,16384,2,1,2,32,1,tanpʌne uk̚sinsɯrʌp̚ke,5,2,3,7,5,5,450.0,3.09,2,1800.0,4.91,7,0,3,#2F4F4F,31.3,-11.7,-3.7,5,5,5,8,SUFFIX(어미변화)
한번에 욱신스럽게,hanbeone ugsinseureopge,16,16384,2,1,2,32,1,hanpʌne uk̚sinsɯrʌp̚ke,5,2,3,7,5,5,450.0,3.09,2,1800.0,4.91,7,0,3,#2F4F4F,31.3,-11.7,-3.7,5,5,5,8,SUFFIX(어미변화)
살짝 욱신스러운,saljjag ugsinseureoun,16,16384,2,1,2,32,1,saltɕ͈ak̚ uk̚sinsɯrʌun,8,2,4,8,5,5,950.0,4.62,2,1800.0,4.91,9,0,3,#2F4F4F,31.3,-11.7,-3.7,5,5,5,8,SUFFIX(어미변화)
슬쩍 욱신스러운,seuljjeog ugsinseureoun,16,16384,2,1,2,32,1,sɯltɕ͈ʌk̚ uk̚sinsɯrʌun,8,2,4,8,5,5,950.0,4.62,2,1800.0,4.91,9,0,3,#2F4F4F,31.3,-11.7,-3.7,5,5,5,8,SUFFIX(어미변화)
선뜻 욱신스러운,seontteus ugsinseureoun,16,16384,2,1,2,32,1,sʌnt͈ɯs̚ uk̚sinsɯrʌun,8,2,4,8,5,5,950.0,4.62,2,1800.0,4.91,9,0,3,#2F4F4F,31.3,-11.7,-3.7,5,5,5,8,SUFFIX(어미변화)
단번에 욱신스러운,danbeone ugsinseureoun,16,16384,2,1,2,32,1,tanpʌne uk̚sinsɯrʌun,5,2,3,7,5,5,450.0,3.09,2,1800.0,4.91,7,0,3,#2F4F4F,31.3,-11.7,-3.7,5,5,5,8,SUFFIX(어미변화)
한번에 욱신스러운,hanbeone ugsinseureoun,16,16384,2,1,2,32,1,hanpʌne uk̚sinsɯrʌun,5,2,3,7,5,5,450.0,3.09,2,1800.0,4.91,7,0,3,#2F4F4F,31.3,-11.7,-3.7,5,5,5,8,SUFFIX(어미변화)
살짝 욱신해서,saljjag ugsinhaeseo,16,16384,2,1,2,32,1,saltɕ͈ak̚ uk̚sinhɛsʌ,8,2,4,8,5,5,950.0,4.62,2,1800.0,4.91,9,0,3,#2F4F4F,31.3,-11.7,-3.7,5,5,5,8,SUFFIX(어미변화)
슬쩍 욱신해서,seuljjeog ugsinhaeseo,16,16384,2,1,2,32,1,sɯltɕ͈ʌk̚ uk̚sinhɛsʌ,8,2,4,8,5,5,950.0,4.62,2,1800.0,4.91,9,0,3,#2F4F4F,31.3,-11.7,-3.7,5,5,5,8,SUFFIX(어미변화)
선뜻 욱신해서,seontteus ugsinhaeseo,16,16384,2,1,2,32,1,sʌnt͈ɯs̚ uk̚sinhɛsʌ,8,2,4,8,5,5,950.0,4.62,2,1800.0,4.91,9,0,3,#2F4F4F,31.3,-11.7,-3.7,5,5,5,8,SUFFIX(어미변화)
단번에 욱신해서,danbeone ugsinhaeseo,16,16384,2,1,2,32,1,tanpʌne uk̚sinhɛsʌ,5,2,3,7,5,5,450.0,3.09,2,1800.0,4.91,7,0,3,#2F4F4F,31.3,-11.7,-3.7,5,5,5,8,SUFFIX(어미변화)
한번에 욱신해서,hanbeone ugsinhaeseo,16,16384,2,1,2,32,1,hanpʌne uk̚sinhɛsʌ,5,2,3,7,5,5,450.0,3.09,2,1800.0,4.91,7,0,3,#2F4F4F,31.3,-11.7,-3.7,5,5,5,8,SUFFIX(어미변화)
살짝 욱신욱신해서,saljjag ugsinugsinhaeseo,16,16384,2,1,2,33,1,saltɕ͈ak̚ uk̚sinuk̚sinhɛsʌ,8,4,4,8,5,5,950.0,4.62,2,3200.0,5.89,9,0,3,#2F4F4F,31.3,-11.7,-3.7,5,5,5,1,REDUP(첩어・동일)
슬쩍 욱신욱신해서,seuljjeog ugsinugsinhaeseo,16,16384,2,1,2,33,1,sɯltɕ͈ʌk̚ uk̚sinuk̚sinhɛsʌ,8,4,4,8,5,5,950.0,4.62,2,3200.0,5.89,9,0,3,#2F4F4F,31.3,-11.7,-3.7,5,5,5,1,REDUP(첩어・동일)
선뜻 욱신욱신해서,seontteus ugsinugsinhaeseo,16,16384,2,1,2,33,1,sʌnt͈ɯs̚ uk̚sinuk̚sinhɛsʌ,8,4,4,8,5,5,950.0,4.62,2,3200.0,5.89,9,0,3,#2F4F4F,31.3,-11.7,-3.7,5,5,5,1,REDUP(첩어・동일)
단번에 욱신욱신해서,danbeone ugsinugsinhaeseo,16,16384,2,1,2,33,1,tanpʌne uk̚sinuk̚sinhɛsʌ,5,4,3,7,5,5,450.0,3.09,2,3200.0,5.89,7,0,3,#2F4F4F,31.3,-11.7,-3.7,5,5,5,1,REDUP(첩어・동일)
한번에 욱신욱신해서,hanbeone ugsinugsinhaeseo,16,16384,2,1,2,33,1,hanpʌne uk̚sinuk̚sinhɛsʌ,5,4,3,7,5,5,450.0,3.09,2,3200.0,5.89,7,0,3,#2F4F4F,31.3,-11.7,-3.7,5,5,5,1,REDUP(첩어・동일)
살짝 욱신하고,saljjag ugsinhago,16,16384,2,1,2,32,1,saltɕ͈ak̚ uk̚sinhako,8,2,4,8,5,5,950.0,4.62,2,1800.0,4.91,9,0,3,#2F4F4F,31.3,-11.7,-3.7,5,5,5,8,SUFFIX(어미변화)
슬쩍 욱신하고,seuljjeog ugsinhago,16,16384,2,1,2,32,1,sɯltɕ͈ʌk̚ uk̚sinhako,8,2,4,8,5,5,950.0,4.62,2,1800.0,4.91,9,0,3,#2F4F4F,31.3,-11.7,-3.7,5,5,5,8,SUFFIX(어미변화)
선뜻 욱신하고,seontteus ugsinhago,16,16384,2,1,2,32,1,sʌnt͈ɯs̚ uk̚sinhako,8,2,4,8,5,5,950.0,4.62,2,1800.0,4.91,9,0,3,#2F4F4F,31.3,-11.7,-3.7,5,5,5,8,SUFFIX(어미변화)
단번에 욱신하고,danbeone ugsinhago,16,16384,2,1,2,32,1,tanpʌne uk̚sinhako,5,2,3,7,5,5,450.0,3.09,2,1800.0,4.91,7,0,3,#2F4F4F,31.3,-11.7,-3.7,5,5,5,8,SUFFIX(어미변화)
한번에 욱신하고,hanbeone ugsinhago,16,16384,2,1,2,32,1,hanpʌne uk̚sinhako,5,2,3,7,5,5,450.0,3.09,2,1800.0,4.91,7,0,3,#2F4F4F,31.3,-11.7,-3.7,5,5,5,8,SUFFIX(어미변화)
살짝 욱신욱신하고,saljjag ugsinugsinhago,16,16384,2,1,2,33,1,saltɕ͈ak̚ uk̚sinuk̚sinhako,8,4,4,8,5,5,950.0,4.62,2,3200.0,5.89,9,0,3,#2F4F4F,31.3,-11.7,-3.7,5,5,5,1,REDUP(첩어・동일)
슬쩍 욱신욱신하고,seuljjeog ugsinugsinhago,16,16384,2,1,2,33,1,sɯltɕ͈ʌk̚ uk̚sinuk̚sinhako,8,4,4,8,5,5,950.0,4.62,2,3200.0,5.89,9,0,3,#2F4F4F,31.3,-11.7,-3.7,5,5,5,1,REDUP(첩어・동일)
선뜻 욱신욱신하고,seontteus ugsinugsinhago,16,16384,2,1,2,33,1,sʌnt͈ɯs̚ uk̚sinuk̚sinhako,8,4,4,8,5,5,950.0,4.62,2,3200.0,5.89,9,0,3,#2F4F4F,31.3,-11.7,-3.7,5,5,5,1,REDUP(첩어・동일)
단번에 욱신욱신하고,danbeone ugsinugsinhago,16,16384,2,1,2,33,1,tanpʌne uk̚sinuk̚sinhako,5,4,3,7,5,5,450.0,3.09,2,3200.0,5.89,7,0,3,#2F4F4F,31.3,-11.7,-3.7,5,5,5,1,REDUP(첩어・동일)
한번에 욱신욱신하고,hanbeone ugsinugsinhago,16,16384,2,1,2,33,1,hanpʌne uk̚sinuk̚sinhako,5,4,3,7,5,5,450.0,3.09,2,3200.0,5.89,7,0,3,#2F4F4F,31.3,-11.7,-3.7,5,5,5,1,REDUP(첩어・동일)
살짝 똑똑,saljjag ttogttog,2,8,0,1,1,40,1,saltɕ͈ak̚ t͈ok̚t͈ok̚,4,2,6,8,5,5,2600.0,6.69,8,1800.0,4.91,5,0,3,#FFD700,86.9,-1.9,87.1,5,5,5,8,SUFFIX(어미변화)
슬쩍 똑똑,seuljjeog ttogttog,2,8,0,1,1,40,1,sɯltɕ͈ʌk̚ t͈ok̚t͈ok̚,4,2,6,8,5,5,2600.0,6.69,8,1800.0,4.91,5,0,3,#FFD700,86.9,-1.9,87.1,5,5,5,8,SUFFIX(어미변화)
선뜻 똑똑,seontteus ttogttog,2,8,0,1,1,40,1,sʌnt͈ɯs̚ t͈ok̚t͈ok̚,4,2,6,8,5,5,2600.0,6.69,8,1800.0,4.91,5,0,3,#FFD700,86.9,-1.9,87.1,5,5,5,8,SUFFIX(어미변화)
단번에 똑똑,danbeone ttogttog,2,8,0,1,1,40,1,tanpʌne t͈ok̚t͈ok̚,4,2,6,6,5,5,2600.0,6.69,8,1800.0,4.91,5,0,3,#FFD700,86.9,-1.9,87.1,5,5,5,8,SUFFIX(어미변화)
한번에 똑똑,hanbeone ttogttog,2,8,0,1,1,40,1,hanpʌne t͈ok̚t͈ok̚,4,2,6,8,5,5,2600.0,6.69,8,1800.0,4.91,5,0,3,#FFD700,86.9,-1.9,87.1,5,5,5,8,SUFFIX(어미변화)
살짝 똑똑똑똑,saljjag ttogttogttogttog,2,8,0,1,1,33,1,saltɕ͈ak̚ t͈ok̚t͈ok̚t͈ok̚t͈ok̚,4,4,6,8,5,5,2600.0,6.69,8,3200.0,5.89,5,0,3,#FFD700,86.9,-1.9,87.1,5,5,5,1,REDUP(첩어・동일)
슬쩍 똑똑똑똑,seuljjeog ttogttogttogttog,2,8,0,1,1,33,1,sɯltɕ͈ʌk̚ t͈ok̚t͈ok̚t͈ok̚t͈ok̚,4,4,6,8,5,5,2600.0,6.69,8,3200.0,5.89,5,0,3,#FFD700,86.9,-1.9,87.1,5,5,5,1,REDUP(첩어・동일)
선뜻 똑똑똑똑,seontteus ttogttogttogttog,2,8,0,1,1,33,1,sʌnt͈ɯs̚ t͈ok̚t͈ok̚t͈ok̚t͈ok̚,4,4,6,8,5,5,2600.0,6.69,8,3200.0,5.89,5,0,3,#FFD700,86.9,-1.9,87.1,5,5,5,1,REDUP(첩어・동일)
단번에 똑똑똑똑,danbeone ttogttogttogttog,2,8,0,1,1,33,1,tanpʌne t͈ok̚t͈ok̚t͈ok̚t͈ok̚,4,4,6,6,5,5,2600.0,6.69,8,3200.0,5.89,5,0,3,#FFD700,86.9,-1.9,87.1,5,5,5,1,REDUP(첩어・동일)
한번에 똑똑똑똑,hanbeone ttogttogttogttog,2,8,0,1,1,33,1,hanpʌne t͈ok̚t͈ok̚t͈ok̚t͈ok̚,4,4,6,8,5,5,2600.0,6.69,8,3200.0,5.89,5,0,3,#FFD700,86.9,-1.9,87.1,5,5,5,1,REDUP(첩어・동일)
살짝 똑똑똑똑똑똑,saljjag ttogttogttogttogttogttog,2,8,0,1,1,33,1,saltɕ͈ak̚ t͈ok̚t͈ok̚t͈ok̚t͈ok̚t͈ok̚t͈ok̚,4,4,6,8,5,5,2600.0,6.69,8,3200.0,5.89,5,0,3,#FFD700,86.9,-1.9,87.1,5,5,5,1,REDUP(첩어・동일)
슬쩍 똑똑똑똑똑똑,seuljjeog ttogttogttogttogttogttog,2,8,0,1,1,33,1,sɯltɕ͈ʌk̚ t͈ok̚t͈ok̚t͈ok̚t͈ok̚t͈ok̚t͈ok̚,4,4,6,8,5,5,2600.0,6.69,8,3200.0,5.89,5,0,3,#FFD700,86.9,-1.9,87.1,5,5,5,1,REDUP(첩어・동일)
선뜻 똑똑똑똑똑똑,seontteus ttogttogttogttogttogttog,2,8,0,1,1,33,1,sʌnt͈ɯs̚ t͈ok̚t͈ok̚t͈ok̚t͈ok̚t͈ok̚t͈ok̚,4,4,6,8,5,5,2600.0,6.69,8,3200.0,5.89,5,0,3,#FFD700,86.9,-1.9,87.1,5,5,5,1,REDUP(첩어・동일)
단번에 똑똑똑똑똑똑,danbeone ttogttogttogttogttogttog,2,8,0,1,1,33,1,tanpʌne t͈ok̚t͈ok̚t͈ok̚t͈ok̚t͈ok̚t͈ok̚,4,4,6,6,5,5,2600.0,6.69,8,3200.0,5.89,5,0,3,#FFD700,86.9,-1.9,87.1,5,5,5,1,REDUP(첩어・동일)
한번에 똑똑똑똑똑똑,hanbeone ttogttogttogttogttogttog,2,8,0,1,1,33,1,hanpʌne t͈ok̚t͈ok̚t͈ok̚t͈ok̚t͈ok̚t͈ok̚,4,4,6,8,5,5,2600.0,6.69,8,3200.0,5.89,5,0,3,#FFD700,86.9,-1.9,87.1,5,5,5,1,REDUP(첩어・동일)
살짝 똑똑거리다,saljjag ttogttoggeorida,2,8,0,1,1,32,1,saltɕ͈ak̚ t͈ok̚t͈ok̚kʌrita,4,2,6,8,5,5,2600.0,6.69,8,1800.0,4.91,5,0,3,#FFD700,86.9,-1.9,87.1,5,5,5,8,STEM+GEORIDA
슬쩍 똑똑거리다,seuljjeog ttogttoggeorida,2,8,0,1,1,32,1,sɯltɕ͈ʌk̚ t͈ok̚t͈ok̚kʌrita,4,2,6,8,5,5,2600.0,6.69,8,1800.0,4.91,5,0,3,#FFD700,86.9,-1.9,87.1,5,5,5,8,STEM+GEORIDA
선뜻 똑똑거리다,seontteus ttogttoggeorida,2,8,0,1,1,32,1,sʌnt͈ɯs̚ t͈ok̚t͈ok̚kʌrita,4,2,6,8,5,5,2600.0,6.69,8,1800.0,4.91,5,0,3,#FFD700,86.9,-1.9,87.1,5,5,5,8,STEM+GEORIDA
단번에 똑똑거리다,danbeone ttogttoggeorida,2,8,0,1,1,32,1,tanpʌne t͈ok̚t͈ok̚kʌrita,4,2,6,6,5,5,2600.0,6.69,8,1800.0,4.91,5,0,3,#FFD700,86.9,-1.9,87.1,5,5,5,8,STEM+GEORIDA
한번에 똑똑거리다,hanbeone ttogttoggeorida,2,8,0,1,1,32,1,hanpʌne t͈ok̚t͈ok̚kʌrita,4,2,6,8,5,5,2600.0,6.69,8,1800.0,4.91,5,0,3,#FFD700,86.9,-1.9,87.1,5,5,5,8,STEM+GEORIDA
살짝 똑똑대다,saljjag ttogttogdaeda,2,8,0,1,1,32,1,saltɕ͈ak̚ t͈ok̚t͈ok̚tɛta,4,2,6,8,5,5,2600.0,6.69,8,1800.0,4.91,5,0,3,#FFD700,86.9,-1.9,87.1,5,5,5,8,STEM+DAEDA
슬쩍 똑똑대다,seuljjeog ttogttogdaeda,2,8,0,1,1,32,1,sɯltɕ͈ʌk̚ t͈ok̚t͈ok̚tɛta,4,2,6,8,5,5,2600.0,6.69,8,1800.0,4.91,5,0,3,#FFD700,86.9,-1.9,87.1,5,5,5,8,STEM+DAEDA
선뜻 똑똑대다,seontteus ttogttogdaeda,2,8,0,1,1,32,1,sʌnt͈ɯs̚ t͈ok̚t͈ok̚tɛta,4,2,6,8,5,5,2600.0,6.69,8,1800.0,4.91,5,0,3,#FFD700,86.9,-1.9,87.1,5,5,5,8,STEM+DAEDA
단번에 똑똑대다,danbeone ttogttogdaeda,2,8,0,1,1,32,1,tanpʌne t͈ok̚t͈ok̚tɛta,4,2,6,6,5,5,2600.0,6.69,8,1800.0,4.91,5,0,3,#FFD700,86.9,-1.9,87.1,5,5,5,8,STEM+DAEDA
한번에 똑똑대다,hanbeone ttogttogdaeda,2,8,0,1,1,32,1,hanpʌne t͈ok̚t͈ok̚tɛta,4,2,6,8,5,5,2600.0,6.69,8,1800.0,4.91,5,0,3,#FFD700,86.9,-1.9,87.1,5,5,5,8,STEM+DAEDA
살짝 똑똑똑똑대다,saljjag ttogttogttogttogdaeda,2,8,0,1,1,33,1,saltɕ͈ak̚ t͈ok̚t͈ok̚t͈ok̚t͈ok̚tɛta,4,4,6,8,5,5,2600.0,6.69,8,3200.0,5.89,5,0,3,#FFD700,86.9,-1.9,87.1,5,5,5,1,STEM+DAEDA
슬쩍 똑똑똑똑대다,seuljjeog ttogttogttogttogdaeda,2,8,0,1,1,33,1,sɯltɕ͈ʌk̚ t͈ok̚t͈ok̚t͈ok̚t͈ok̚tɛta,4,4,6,8,5,5,2600.0,6.69,8,3200.0,5.89,5,0,3,#FFD700,86.9,-1.9,87.1,5,5,5,1,STEM+DAEDA
선뜻 똑똑똑똑대다,seontteus ttogttogttogttogdaeda,2,8,0,1,1,33,1,sʌnt͈ɯs̚ t͈ok̚t͈ok̚t͈ok̚t͈ok̚tɛta,4,4,6,8,5,5,2600.0,6.69,8,3200.0,5.89,5,0,3,#FFD700,86.9,-1.9,87.1,5,5,5,1,STEM+DAEDA
단번에 똑똑똑똑대다,danbeone ttogttogttogttogdaeda,2,8,0,1,1,33,1,tanpʌne t͈ok̚t͈ok̚t͈ok̚t͈ok̚tɛta,4,4,6,6,5,5,2600.0,6.69,8,3200.0,5.89,5,0,3,#FFD700,86.9,-1.9,87.1,5,5,5,1,STEM+DAEDA
한번에 똑똑똑똑대다,hanbeone ttogttogttogttogdaeda,2,8,0,1,1,33,1,hanpʌne t͈ok̚t͈ok̚t͈ok̚t͈ok̚tɛta,4,4,6,8,5,5,2600.0,6.69,8,3200.0,5.89,5,0,3,#FFD700,86.9,-1.9,87.1,5,5,5,1,STEM+DAEDA
살짝 똑똑이다,saljjag ttogttogida,2,8,0,1,1,32,1,saltɕ͈ak̚ t͈ok̚t͈ok̚ita,4,2,6,8,5,5,2600.0,6.69,8,1800.0,4.91,5,0,3,#FFD700,86.9,-1.9,87.1,5,5,5,8,STEM+IDA
슬쩍 똑똑이다,seuljjeog ttogttogida,2,8,0,1,1,32,1,sɯltɕ͈ʌk̚ t͈ok̚t͈ok̚ita,4,2,6,8,5,5,2600.0,6.69,8,1800.0,4.91,5,0,3,#FFD700,86.9,-1.9,87.1,5,5,5,8,STEM+IDA
선뜻 똑똑이다,seontteus ttogttogida,2,8,0,1,1,32,1,sʌnt͈ɯs̚ t͈ok̚t͈ok̚ita,4,2,6,8,5,5,2600.0,6.69,8,1800.0,4.91,5,0,3,#FFD700,86.9,-1.9,87.1,5,5,5,8,STEM+IDA
단번에 똑똑이다,danbeone ttogttogida,2,8,0,1,1,32,1,tanpʌne t͈ok̚t͈ok̚ita,4,2,6,6,5,5,2600.0,6.69,8,1800.0,4.91,5,0,3,#FFD700,86.9,-1.9,87.1,5,5,5,8,STEM+IDA
한번에 똑똑이다,hanbeone ttogttogida,2,8,0,1,1,32,1,hanpʌne t͈ok̚t͈ok̚ita,4,2,6,8,5,5,2600.0,6.69,8,1800.0,4.91,5,0,3,#FFD700,86.9,-1.9,87.1,5,5,5,8,STEM+IDA
살짝 똑똑똑똑이다,saljjag ttogttogttogttogida,2,8,0,1,1,33,1,saltɕ͈ak̚ t͈ok̚t͈ok̚t͈ok̚t͈ok̚ita,4,4,6,8,5,5,2600.0,6.69,8,3200.0,5.89,5,0,3,#FFD700,86.9,-1.9,87.1,5,5,5,1,STEM+IDA
슬쩍 똑똑똑똑이다,seuljjeog ttogttogttogttogida,2,8,0,1,1,33,1,sɯltɕ͈ʌk̚ t͈ok̚t͈ok̚t͈ok̚t͈ok̚ita,4,4,6,8,5,5,2600.0,6.69,8,3200.0,5.89,5,0,3,#FFD700,86.9,-1.9,87.1,5,5,5,1,STEM+IDA
선뜻 똑똑똑똑이다,seontteus ttogttogttogttogida,2,8,0,1,1,33,1,sʌnt͈ɯs̚ t͈ok̚t͈ok̚t͈ok̚t͈ok̚ita,4,4,6,8,5,5,2600.0,6.69,8,3200.0,5.89,5,0,3,#FFD700,86.9,-1.9,87.1,5,5,5,1,STEM+IDA
단번에 똑똑똑똑이다,danbeone ttogttogttogttogida,2,8,0,1,1,33,1,tanpʌne t͈ok̚t͈ok̚t͈ok̚t͈ok̚ita,4,4,6,6,5,5,2600.0,6.69,8,3200.0,5.89,5,0,3,#FFD700,86.9,-1.9,87.1,5,5,5,1,STEM+IDA
한번에 똑똑똑똑이다,hanbeone ttogttogttogttogida,2,8,0,1,1,33,1,hanpʌne t͈ok̚t͈ok̚t͈ok̚t͈ok̚ita,4,4,6,8,5,5,2600.0,6.69,8,3200.0,5.89,5,0,3,#FFD700,86.9,-1.9,87.1,5,5,5,1,STEM+IDA
살짝 똑똑하다,saljjag ttogttoghada,2,8,0,1,1,32,1,saltɕ͈ak̚ t͈ok̚t͈ok̚hata,4,2,6,8,5,5,2600.0,6.69,8,1800.0,4.91,5,0,3,#FFD700,86.9,-1.9,87.1,5,5,5,8,STEM+HADA
슬쩍 똑똑하다,seuljjeog ttogttoghada,2,8,0,1,1,32,1,sɯltɕ͈ʌk̚ t͈ok̚t͈ok̚hata,4,2,6,8,5,5,2600.0,6.69,8,1800.0,4.91,5,0,3,#FFD700,86.9,-1.9,87.1,5,5,5,8,STEM+HADA
선뜻 똑똑하다,seontteus ttogttoghada,2,8,0,1,1,32,1,sʌnt͈ɯs̚ t͈ok̚t͈ok̚hata,4,2,6,8,5,5,2600.0,6.69,8,1800.0,4.91,5,0,3,#FFD700,86.9,-1.9,87.1,5,5,5,8,STEM+HADA
단번에 똑똑하다,danbeone ttogttoghada,2,8,0,1,1,32,1,tanpʌne t͈ok̚t͈ok̚hata,4,2,6,8,5,5,2600.0,6.69,8,1800.0,4.91,5,0,3,#FFD700,86.9,-1.9,87.1,5,5,5,8,STEM+HADA
한번에 똑똑하다,hanbeone ttogttoghada,2,8,0,1,1,32,1,hanpʌne t͈ok̚t͈ok̚hata,4,2,6,8,5,5,2600.0,6.69,8,1800.0,4.91,5,0,3,#FFD700,86.9,-1.9,87.1,5,5,5,8,STEM+HADA
살짝 똑똑똑똑하다,saljjag ttogttogttogttoghada,2,8,0,1,1,33,1,saltɕ͈ak̚ t͈ok̚t͈ok̚t͈ok̚t͈ok̚hata,4,4,6,8,5,5,2600.0,6.69,8,3200.0,5.89,5,0,3,#FFD700,86.9,-1.9,87.1,5,5,5,1,STEM+HADA
슬쩍 똑똑똑똑하다,seuljjeog ttogttogttogttoghada,2,8,0,1,1,33,1,sɯltɕ͈ʌk̚ t͈ok̚t͈ok̚t͈ok̚t͈ok̚hata,4,4,6,8,5,5,2600.0,6.69,8,3200.0,5.89,5,0,3,#FFD700,86.9,-1.9,87.1,5,5,5,1,STEM+HADA
선뜻 똑똑똑똑하다,seontteus ttogttogttogttoghada,2,8,0,1,1,33,1,sʌnt͈ɯs̚ t͈ok̚t͈ok̚t͈ok̚t͈ok̚hata,4,4,6,8,5,5,2600.0,6.69,8,3200.0,5.89,5,0,3,#FFD700,86.9,-1.9,87.1,5,5,5,1,STEM+HADA
단번에 똑똑똑똑하다,danbeone ttogttogttogttoghada,2,8,0,1,1,33,1,tanpʌne t͈ok̚t͈ok̚t͈ok̚t͈ok̚hata,4,4,6,8,5,5,2600.0,6.69,8,3200.0,5.89,5,0,3,#FFD700,86.9,-1.9,87.1,5,5,5,1,STEM+HADA
한번에 똑똑똑똑하다,hanbeone ttogttogttogttoghada,2,8,0,1,1,33,1,hanpʌne t͈ok̚t͈ok̚t͈ok̚t͈ok̚hata,4,4,6,8,5,5,2600.0,6.69,8,3200.0,5.89,5,0,3,#FFD700,86.9,-1.9,87.1,5,5,5,1,STEM+HADA
살짝 똑똑스럽다,saljjag ttogttogseureopda,2,8,0,1,1,32,1,saltɕ͈ak̚ t͈ok̚t͈ok̚sɯrʌp̚ta,4,2,6,8,5,5,2600.0,6.69,8,1800.0,4.91,5,0,3,#FFD700,86.9,-1.9,87.1,5,5,5,8,SUFFIX(어미변화)
슬쩍 똑똑스럽다,seuljjeog ttogttogseureopda,2,8,0,1,1,32,1,sɯltɕ͈ʌk̚ t͈ok̚t͈ok̚sɯrʌp̚ta,4,2,6,8,5,5,2600.0,6.69,8,1800.0,4.91,5,0,3,#FFD700,86.9,-1.9,87.1,5,5,5,8,SUFFIX(어미변화)
선뜻 똑똑스럽다,seontteus ttogttogseureopda,2,8,0,1,1,32,1,sʌnt͈ɯs̚ t͈ok̚t͈ok̚sɯrʌp̚ta,4,2,6,8,5,5,2600.0,6.69,8,1800.0,4.91,5,0,3,#FFD700,86.9,-1.9,87.1,5,5,5,8,SUFFIX(어미변화)
단번에 똑똑스럽다,danbeone ttogttogseureopda,2,8,0,1,1,32,1,tanpʌne t͈ok̚t͈ok̚sɯrʌp̚ta,4,2,6,8,5,5,2600.0,6.69,8,1800.0,4.91,5,0,3,#FFD700,86.9,-1.9,87.1,5,5,5,8,SUFFIX(어미변화)
한번에 똑똑스럽다,hanbeone ttogttogseureopda,2,8,0,1,1,32,1,hanpʌne t͈ok̚t͈ok̚sɯrʌp̚ta,4,2,6,8,5,5,2600.0,6.69,8,1800.0,4.91,5,0,3,#FFD700,86.9,-1.9,87.1,5,5,5,8,SUFFIX(어미변화)
살짝 똑똑맞다,saljjag ttogttogmajda,2,8,0,1,1,32,1,saltɕ͈ak̚ t͈ok̚t͈ok̚mat̚ta,4,2,6,8,5,5,2600.0,6.69,8,1800.0,4.91,5,0,3,#FFD700,86.9,-1.9,87.1,5,5,5,8,SUFFIX(어미변화)
슬쩍 똑똑맞다,seuljjeog ttogttogmajda,2,8,0,1,1,32,1,sɯltɕ͈ʌk̚ t͈ok̚t͈ok̚mat̚ta,4,2,6,8,5,5,2600.0,6.69,8,1800.0,4.91,5,0,3,#FFD700,86.9,-1.9,87.1,5,5,5,8,SUFFIX(어미변화)
선뜻 똑똑맞다,seontteus ttogttogmajda,2,8,0,1,1,32,1,sʌnt͈ɯs̚ t͈ok̚t͈ok̚mat̚ta,4,2,6,8,5,5,2600.0,6.69,8,1800.0,4.91,5,0,3,#FFD700,86.9,-1.9,87.1,5,5,5,8,SUFFIX(어미변화)
단번에 똑똑맞다,danbeone ttogttogmajda,2,8,0,1,1,32,1,tanpʌne t͈ok̚t͈ok̚mat̚ta,4,2,6,6,5,5,2600.0,6.69,8,1800.0,4.91,5,0,3,#FFD700,86.9,-1.9,87.1,5,5,5,8,SUFFIX(어미변화)
한번에 똑똑맞다,hanbeone ttogttogmajda,2,8,0,1,1,32,1,hanpʌne t͈ok̚t͈ok̚mat̚ta,4,2,6,8,5,5,2600.0,6.69,8,1800.0,4.91,5,0,3,#FFD700,86.9,-1.9,87.1,5,5,5,8,SUFFIX(어미변화)
살짝 똑똑똑똑맞다,saljjag ttogttogttogttogmajda,2,8,0,1,1,33,1,saltɕ͈ak̚ t͈ok̚t͈ok̚t͈ok̚t͈ok̚mat̚ta,4,4,6,8,5,5,2600.0,6.69,8,3200.0,5.89,5,0,3,#FFD700,86.9,-1.9,87.1,5,5,5,1,REDUP(첩어・동일)
슬쩍 똑똑똑똑맞다,seuljjeog ttogttogttogttogmajda,2,8,0,1,1,33,1,sɯltɕ͈ʌk̚ t͈ok̚t͈ok̚t͈ok̚t͈ok̚mat̚ta,4,4,6,8,5,5,2600.0,6.69,8,3200.0,5.89,5,0,3,#FFD700,86.9,-1.9,87.1,5,5,5,1,REDUP(첩어・동일)
선뜻 똑똑똑똑맞다,seontteus ttogttogttogttogmajda,2,8,0,1,1,33,1,sʌnt͈ɯs̚ t͈ok̚t͈ok̚t͈ok̚t͈ok̚mat̚ta,4,4,6,8,5,5,2600.0,6.69,8,3200.0,5.89,5,0,3,#FFD700,86.9,-1.9,87.1,5,5,5,1,REDUP(첩어・동일)
단번에 똑똑똑똑맞다,danbeone ttogttogttogttogmajda,2,8,0,1,1,33,1,tanpʌne t͈ok̚t͈ok̚t͈ok̚t͈ok̚mat̚ta,4,4,6,6,5,5,2600.0,6.69,8,3200.0,5.89,5,0,3,#FFD700,86.9,-1.9,87.1,5,5,5,1,REDUP(첩어・동일)
한번에 똑똑똑똑맞다,hanbeone ttogttogttogttogmajda,2,8,0,1,1,33,1,hanpʌne t͈ok̚t͈ok̚t͈ok̚t͈ok̚mat̚ta,4,4,6,8,5,5,2600.0,6.69,8,3200.0,5.89,5,0,3,#FFD700,86.9,-1.9,87.1,5,5,5,1,REDUP(첩어・동일)
살짝 똑똑하게,saljjag ttogttoghage,2,8,0,1,1,32,1,saltɕ͈ak̚ t͈ok̚t͈ok̚hake,4,2,6,8,5,5,2600.0,6.69,8,1800.0,4.91,5,0,3,#FFD700,86.9,-1.9,87.1,5,5,5,8,SUFFIX(어미변화)
슬쩍 똑똑하게,seuljjeog ttogttoghage,2,8,0,1,1,32,1,sɯltɕ͈ʌk̚ t͈ok̚t͈ok̚hake,4,2,6,8,5,5,2600.0,6.69,8,1800.0,4.91,5,0,3,#FFD700,86.9,-1.9,87.1,5,5,5,8,SUFFIX(어미변화)
선뜻 똑똑하게,seontteus ttogttoghage,2,8,0,1,1,32,1,sʌnt͈ɯs̚ t͈ok̚t͈ok̚hake,4,2,6,8,5,5,2600.0,6.69,8,1800.0,4.91,5,0,3,#FFD700,86.9,-1.9,87.1,5,5,5,8,SUFFIX(어미변화)
단번에 똑똑하게,danbeone ttogttoghage,2,8,0,1,1,32,1,tanpʌne t͈ok̚t͈ok̚hake,4,2,6,8,5,5,2600.0,6.69,8,1800.0,4.91,5,0,3,#FFD700,86.9,-1.9,87.1,5,5,5,8,SUFFIX(어미변화)
한번에 똑똑하게,hanbeone ttogttoghage,2,8,0,1,1,32,1,hanpʌne t͈ok̚t͈ok̚hake,4,2,6,8,5,5,2600.0,6.69,8,1800.0,4.91,5,0,3,#FFD700,86.9,-1.9,87.1,5,5,5,8,SUFFIX(어미변화)
살짝 똑똑똑똑하게,saljjag ttogttogttogttoghage,2,8,0,1,1,33,1,saltɕ͈ak̚ t͈ok̚t͈ok̚t͈ok̚t͈ok̚hake,4,4,6,8,5,5,2600.0,6.69,8,3200.0,5.89,5,0,3,#FFD700,86.9,-1.9,87.1,5,5,5,1,REDUP(첩어・동일)
슬쩍 똑똑똑똑하게,seuljjeog ttogttogttogttoghage,2,8,0,1,1,33,1,sɯltɕ͈ʌk̚ t͈ok̚t͈ok̚t͈ok̚t͈ok̚hake,4,4,6,8,5,5,2600.0,6.69,8,3200.0,5.89,5,0,3,#FFD700,86.9,-1.9,87.1,5,5,5,1,REDUP(첩어・동일)
선뜻 똑똑똑똑하게,seontteus ttogttogttogttoghage,2,8,0,1,1,33,1,sʌnt͈ɯs̚ t͈ok̚t͈ok̚t͈ok̚t͈ok̚hake,4,4,6,8,5,5,2600.0,6.69,8,3200.0,5.89,5,0,3,#FFD700,86.9,-1.9,87.1,5,5,5,1,REDUP(첩어・동일)
단번에 똑똑똑똑하게,danbeone ttogttogttogttoghage,2,8,0,1,1,33,1,tanpʌne t͈ok̚t͈ok̚t͈ok̚t͈ok̚hake,4,4,6,8,5,5,2600.0,6.69,8,3200.0,5.89,5,0,3,#FFD700,86.9,-1.9,87.1,5,5,5,1,REDUP(첩어・동일)
한번에 똑똑똑똑하게,hanbeone ttogttogttogttoghage,2,8,0,1,1,33,1,hanpʌne t͈ok̚t͈ok̚t͈ok̚t͈ok̚hake,4,4,6,8,5,5,2600.0,6.69,8,3200.0,5.89,5,0,3,#FFD700,86.9,-1.9,87.1,5,5,5,1,REDUP(첩어・동일)
살짝 똑똑한,saljjag ttogttoghan,2,8,0,1,1,32,1,saltɕ͈ak̚ t͈ok̚t͈ok̚han,4,2,6,8,5,5,2600.0,6.69,8,1800.0,4.91,5,0,3,#FFD700,86.9,-1.9,87.1,5,5,5,8,SUFFIX(어미변화)
슬쩍 똑똑한,seuljjeog ttogttoghan,2,8,0,1,1,32,1,sɯltɕ͈ʌk̚ t͈ok̚t͈ok̚han,4,2,6,8,5,5,2600.0,6.69,8,1800.0,4.91,5,0,3,#FFD700,86.9,-1.9,87.1,5,5,5,8,SUFFIX(어미변화)
선뜻 똑똑한,seontteus ttogttoghan,2,8,0,1,1,32,1,sʌnt͈ɯs̚ t͈ok̚t͈ok̚han,4,2,6,8,5,5,2600.0,6.69,8,1800.0,4.91,5,0,3,#FFD700,86.9,-1.9,87.1,5,5,5,8,SUFFIX(어미변화)
단번에 똑똑한,danbeone ttogttoghan,2,8,0,1,1,32,1,tanpʌne t͈ok̚t͈ok̚han,4,2,6,8,5,5,2600.0,6.69,8,1800.0,4.91,5,0,3,#FFD700,86.9,-1.9,87.1,5,5,5,8,SUFFIX(어미변화)
한번에 똑똑한,hanbeone ttogttoghan,2,8,0,1,1,32,1,hanpʌne t͈ok̚t͈ok̚han,4,2,6,8,5,5,2600.0,6.69,8,1800.0,4.91,5,0,3,#FFD700,86.9,-1.9,87.1,5,5,5,8,SUFFIX(어미변화)
살짝 똑똑똑똑한,saljjag ttogttogttogttoghan,2,8,0,1,1,33,1,saltɕ͈ak̚ t͈ok̚t͈ok̚t͈ok̚t͈ok̚han,4,4,6,8,5,5,2600.0,6.69,8,3200.0,5.89,5,0,3,#FFD700,86.9,-1.9,87.1,5,5,5,1,REDUP(첩어・동일)
슬쩍 똑똑똑똑한,seuljjeog ttogttogttogttoghan,2,8,0,1,1,33,1,sɯltɕ͈ʌk̚ t͈ok̚t͈ok̚t͈ok̚t͈ok̚han,4,4,6,8,5,5,2600.0,6.69,8,3200.0,5.89,5,0,3,#FFD700,86.9,-1.9,87.1,5,5,5,1,REDUP(첩어・동일)
선뜻 똑똑똑똑한,seontteus ttogttogttogttoghan,2,8,0,1,1,33,1,sʌnt͈ɯs̚ t͈ok̚t͈ok̚t͈ok̚t͈ok̚han,4,4,6,8,5,5,2600.0,6.69,8,3200.0,5.89,5,0,3,#FFD700,86.9,-1.9,87.1,5,5,5,1,REDUP(첩어・동일)
단번에 똑똑똑똑한,danbeone ttogttogttogttoghan,2,8,0,1,1,33,1,tanpʌne t͈ok̚t͈ok̚t͈ok̚t͈ok̚han,4,4,6,8,5,5,2600.0,6.69,8,3200.0,5.89,5,0,3,#FFD700,86.9,-1.9,87.1,5,5,5,1,REDUP(첩어・동일)
한번에 똑똑똑똑한,hanbeone ttogttogttogttoghan,2,8,0,1,1,33,1,hanpʌne t͈ok̚t͈ok̚t͈ok̚t͈ok̚han,4,4,6,8,5,5,2600.0,6.69,8,3200.0,5.89,5,0,3,#FFD700,86.9,-1.9,87.1,5,5,5,1,REDUP(첩어・동일)
살짝 똑똑스럽게,saljjag ttogttogseureopge,2,8,0,1,1,32,1,saltɕ͈ak̚ t͈ok̚t͈ok̚sɯrʌp̚ke,4,2,6,8,5,5,2600.0,6.69,8,1800.0,4.91,5,0,3,#FFD700,86.9,-1.9,87.1,5,5,5,8,SUFFIX(어미변화)
슬쩍 똑똑스럽게,seuljjeog ttogttogseureopge,2,8,0,1,1,32,1,sɯltɕ͈ʌk̚ t͈ok̚t͈ok̚sɯrʌp̚ke,4,2,6,8,5,5,2600.0,6.69,8,1800.0,4.91,5,0,3,#FFD700,86.9,-1.9,87.1,5,5,5,8,SUFFIX(어미변화)
선뜻 똑똑스럽게,seontteus ttogttogseureopge,2,8,0,1,1,32,1,sʌnt͈ɯs̚ t͈ok̚t͈ok̚sɯrʌp̚ke,4,2,6,8,5,5,2600.0,6.69,8,1800.0,4.91,5,0,3,#FFD700,86.9,-1.9,87.1,5,5,5,8,SUFFIX(어미변화)
단번에 똑똑스럽게,danbeone ttogttogseureopge,2,8,0,1,1,32,1,tanpʌne t͈ok̚t͈ok̚sɯrʌp̚ke,4,2,6,8,5,5,2600.0,6.69,8,1800.0,4.91,5,0,3,#FFD700,86.9,-1.9,87.1,5,5,5,8,SUFFIX(어미변화)
한번에 똑똑스럽게,hanbeone ttogttogseureopge,2,8,0,1,1,32,1,hanpʌne t͈ok̚t͈ok̚sɯrʌp̚ke,4,2,6,8,5,5,2600.0,6.69,8,1800.0,4.91,5,0,3,#FFD700,86.9,-1.9,87.1,5,5,5,8,SUFFIX(어미변화)
살짝 똑똑스러운,saljjag ttogttogseureoun,2,8,0,1,1,32,1,saltɕ͈ak̚ t͈ok̚t͈ok̚sɯrʌun,4,2,6,8,5,5,2600.0,6.69,8,1800.0,4.91,5,0,3,#FFD700,86.9,-1.9,87.1,5,5,5,8,SUFFIX(어미변화)
슬쩍 똑똑스러운,seuljjeog ttogttogseureoun,2,8,0,1,1,32,1,sɯltɕ͈ʌk̚ t͈ok̚t͈ok̚sɯrʌun,4,2,6,8,5,5,2600.0,6.69,8,1800.0,4.91,5,0,3,#FFD700,86.9,-1.9,87.1,5,5,5,8,SUFFIX(어미변화)
선뜻 똑똑스러운,seontteus ttogttogseureoun,2,8,0,1,1,32,1,sʌnt͈ɯs̚ t͈ok̚t͈ok̚sɯrʌun,4,2,6,8,5,5,2600.0,6.69,8,1800.0,4.91,5,0,3,#FFD700,86.9,-1.9,87.1,5,5,5,8,SUFFIX(어미변화)
단번에 똑똑스러운,danbeone ttogttogseureoun,2,8,0,1,1,32,1,tanpʌne t͈ok̚t͈ok̚sɯrʌun,4,2,6,8,5,5,2600.0,6.69,8,1800.0,4.91,5,0,3,#FFD700,86.9,-1.9,87.1,5,5,5,8,SUFFIX(어미변화)
한번에 똑똑스러운,hanbeone ttogttogseureoun,2,8,0,1,1,32,1,hanpʌne t͈ok̚t͈ok̚sɯrʌun,4,2,6,8,5,5,2600.0,6.69,8,1800.0,4.91,5,0,3,#FFD700,86.9,-1.9,87.1,5,5,5,8,SUFFIX(어미변화)
살짝 똑똑해서,saljjag ttogttoghaeseo,2,8,0,1,1,32,1,saltɕ͈ak̚ t͈ok̚t͈ok̚hɛsʌ,4,2,6,8,5,5,2600.0,6.69,8,1800.0,4.91,5,0,3,#FFD700,86.9,-1.9,87.1,5,5,5,8,SUFFIX(어미변화)
슬쩍 똑똑해서,seuljjeog ttogttoghaeseo,2,8,0,1,1,32,1,sɯltɕ͈ʌk̚ t͈ok̚t͈ok̚hɛsʌ,4,2,6,8,5,5,2600.0,6.69,8,1800.0,4.91,5,0,3,#FFD700,86.9,-1.9,87.1,5,5,5,8,SUFFIX(어미변화)
선뜻 똑똑해서,seontteus ttogttoghaeseo,2,8,0,1,1,32,1,sʌnt͈ɯs̚ t͈ok̚t͈ok̚hɛsʌ,4,2,6,8,5,5,2600.0,6.69,8,1800.0,4.91,5,0,3,#FFD700,86.9,-1.9,87.1,5,5,5,8,SUFFIX(어미변화)
단번에 똑똑해서,danbeone ttogttoghaeseo,2,8,0,1,1,32,1,tanpʌne t͈ok̚t͈ok̚hɛsʌ,4,2,6,8,5,5,2600.0,6.69,8,1800.0,4.91,5,0,3,#FFD700,86.9,-1.9,87.1,5,5,5,8,SUFFIX(어미변화)
한번에 똑똑해서,hanbeone ttogttoghaeseo,2,8,0,1,1,32,1,hanpʌne t͈ok̚t͈ok̚hɛsʌ,4,2,6,8,5,5,2600.0,6.69,8,1800.0,4.91,5,0,3,#FFD700,86.9,-1.9,87.1,5,5,5,8,SUFFIX(어미변화)
살짝 똑똑똑똑해서,saljjag ttogttogttogttoghaeseo,2,8,0,1,1,33,1,saltɕ͈ak̚ t͈ok̚t͈ok̚t͈ok̚t͈ok̚hɛsʌ,4,4,6,8,5,5,2600.0,6.69,8,3200.0,5.89,5,0,3,#FFD700,86.9,-1.9,87.1,5,5,5,1,REDUP(첩어・동일)
슬쩍 똑똑똑똑해서,seuljjeog ttogttogttogttoghaeseo,2,8,0,1,1,33,1,sɯltɕ͈ʌk̚ t͈ok̚t͈ok̚t͈ok̚t͈ok̚hɛsʌ,4,4,6,8,5,5,2600.0,6.69,8,3200.0,5.89,5,0,3,#FFD700,86.9,-1.9,87.1,5,5,5,1,REDUP(첩어・동일)
선뜻 똑똑똑똑해서,seontteus ttogttogttogttoghaeseo,2,8,0,1,1,33,1,sʌnt͈ɯs̚ t͈ok̚t͈ok̚t͈ok̚t͈ok̚hɛsʌ,4,4,6,8,5,5,2600.0,6.69,8,3200.0,5.89,5,0,3,#FFD700,86.9,-1.9,87.1,5,5,5,1,REDUP(첩어・동일)
단번에 똑똑똑똑해서,danbeone ttogttogttogttoghaeseo,2,8,0,1,1,33,1,tanpʌne t͈ok̚t͈ok̚t͈ok̚t͈ok̚hɛsʌ,4,4,6,8,5,5,2600.0,6.69,8,3200.0,5.89,5,0,3,#FFD700,86.9,-1.9,87.1,5,5,5,1,REDUP(첩어・동일)
한번에 똑똑똑똑해서,hanbeone ttogttogttogttoghaeseo,2,8,0,1,1,33,1,hanpʌne t͈ok̚t͈ok̚t͈ok̚t͈ok̚hɛsʌ,4,4,6,8,5,5,2600.0,6.69,8,3200.0,5.89,5,0,3,#FFD700,86.9,-1.9,87.1,5,5,5,1,REDUP(첩어・동일)
살짝 똑똑하고,saljjag ttogttoghago,2,8,0,1,1,32,1,saltɕ͈ak̚ t͈ok̚t͈ok̚hako,4,2,6,8,5,5,2600.0,6.69,8,1800.0,4.91,5,0,3,#FFD700,86.9,-1.9,87.1,5,5,5,8,SUFFIX(어미변화)
슬쩍 똑똑하고,seuljjeog ttogttoghago,2,8,0,1,1,32,1,sɯltɕ͈ʌk̚ t͈ok̚t͈ok̚hako,4,2,6,8,5,5,2600.0,6.69,8,1800.0,4.91,5,0,3,#FFD700,86.9,-1.9,87.1,5,5,5,8,SUFFIX(어미변화)
선뜻 똑똑하고,seontteus ttogttoghago,2,8,0,1,1,32,1,sʌnt͈ɯs̚ t͈ok̚t͈ok̚hako,4,2,6,8,5,5,2600.0,6.69,8,1800.0,4.91,5,0,3,#FFD700,86.9,-1.9,87.1,5,5,5,8,SUFFIX(어미변화)
단번에 똑똑하고,danbeone ttogttoghago,2,8,0,1,1,32,1,tanpʌne t͈ok̚t͈ok̚hako,4,2,6,8,5,5,2600.0,6.69,8,1800.0,4.91,5,0,3,#FFD700,86.9,-1.9,87.1,5,5,5,8,SUFFIX(어미변화)
한번에 똑똑하고,hanbeone ttogttoghago,2,8,0,1,1,32,1,hanpʌne t͈ok̚t͈ok̚hako,4,2,6,8,5,5,2600.0,6.69,8,1800.0,4.91,5,0,3,#FFD700,86.9,-1.9,87.1,5,5,5,8,SUFFIX(어미변화)
살짝 똑똑똑똑하고,saljjag ttogttogttogttoghago,2,8,0,1,1,33,1,saltɕ͈ak̚ t͈ok̚t͈ok̚t͈ok̚t͈ok̚hako,4,4,6,8,5,5,2600.0,6.69,8,3200.0,5.89,5,0,3,#FFD700,86.9,-1.9,87.1,5,5,5,1,REDUP(첩어・동일)
슬쩍 똑똑똑똑하고,seuljjeog ttogttogttogttoghago,2,8,0,1,1,33,1,sɯltɕ͈ʌk̚ t͈ok̚t͈ok̚t͈ok̚t͈ok̚hako,4,4,6,8,5,5,2600.0,6.69,8,3200.0,5.89,5,0,3,#FFD700,86.9,-1.9,87.1,5,5,5,1,REDUP(첩어・동일)
선뜻 똑똑똑똑하고,seontteus ttogttogttogttoghago,2,8,0,1,1,33,1,sʌnt͈ɯs̚ t͈ok̚t͈ok̚t͈ok̚t͈ok̚hako,4,4,6,8,5,5,2600.0,6.69,8,3200.0,5.89,5,0,3,#FFD700,86.9,-1.9,87.1,5,5,5,1,REDUP(첩어・동일)
단번에 똑똑똑똑하고,danbeone ttogttogttogttoghago,2,8,0,1,1,33,1,tanpʌne t͈ok̚t͈ok̚t͈ok̚t͈ok̚hako,4,4,6,8,5,5,2600.0,6.69,8,3200.0,5.89,5,0,3,#FFD700,86.9,-1.9,87.1,5,5,5,1,REDUP(첩어・동일)
한번에 똑똑똑똑하고,hanbeone ttogttogttogttoghago,2,8,0,1,1,33,1,hanpʌne t͈ok̚t͈ok̚t͈ok̚t͈ok̚hako,4,4,6,8,5,5,2600.0,6.69,8,3200.0,5.89,5,0,3,#FFD700,86.9,-1.9,87.1,5,5,5,1,REDUP(첩어・동일)
살짝 쿵,saljjag kung,2,512,0,1,2,40,1,saltɕ͈ak̚ kʰuŋ,9,2,4,8,5,5,950.0,4.62,2,1800.0,4.91,5,0,3,#2F4F4F,31.3,-11.7,-3.7,5,5,5,8,SUFFIX(어미변화)
슬쩍 쿵,seuljjeog kung,2,512,0,1,2,40,1,sɯltɕ͈ʌk̚ kʰuŋ,9,2,4,8,5,5,950.0,4.62,2,1800.0,4.91,5,0,3,#2F4F4F,31.3,-11.7,-3.7,5,5,5,8,SUFFIX(어미변화)
선뜻 쿵,seontteus kung,2,512,0,1,2,40,1,sʌnt͈ɯs̚ kʰuŋ,9,2,4,8,5,5,950.0,4.62,2,1800.0,4.91,5,0,3,#2F4F4F,31.3,-11.7,-3.7,5,5,5,8,SUFFIX(어미변화)
단번에 쿵,danbeone kung,2,512,0,1,2,40,1,tanpʌne kʰuŋ,9,2,4,7,3,5,1250.0,5.19,2,1800.0,4.91,5,0,2,#2F4F4F,31.3,-11.7,-3.7,5,5,5,8,SUFFIX(어미변화)
한번에 쿵,hanbeone kung,2,512,0,1,2,40,1,hanpʌne kʰuŋ,9,2,4,7,3,5,1250.0,5.19,2,1800.0,4.91,5,0,2,#2F4F4F,31.3,-11.7,-3.7,5,5,5,8,SUFFIX(어미변화)
살짝 쿵쿵,saljjag kungkung,2,512,0,1,2,33,1,saltɕ͈ak̚ kʰuŋkʰuŋ,9,4,4,8,5,5,950.0,4.62,2,3200.0,5.89,5,0,3,#2F4F4F,31.3,-11.7,-3.7,5,5,5,1,REDUP(첩어・동일)
슬쩍 쿵쿵,seuljjeog kungkung,2,512,0,1,2,33,1,sɯltɕ͈ʌk̚ kʰuŋkʰuŋ,9,4,4,8,5,5,950.0,4.62,2,3200.0,5.89,5,0,3,#2F4F4F,31.3,-11.7,-3.7,5,5,5,1,REDUP(첩어・동일)
선뜻 쿵쿵,seontteus kungkung,2,512,0,1,2,33,1,sʌnt͈ɯs̚ kʰuŋkʰuŋ,9,4,4,8,5,5,950.0,4.62,2,3200.0,5.89,5,0,3,#2F4F4F,31.3,-11.7,-3.7,5,5,5,1,REDUP(첩어・동일)
단번에 쿵쿵,danbeone kungkung,2,512,0,1,2,33,1,tanpʌne kʰuŋkʰuŋ,9,4,4,7,3,5,1250.0,5.19,2,3200.0,5.89,5,0,2,#2F4F4F,31.3,-11.7,-3.7,5,5,5,1,REDUP(첩어・동일)
한번에 쿵쿵,hanbeone kungkung,2,512,0,1,2,33,1,hanpʌne kʰuŋkʰuŋ,9,4,4,7,3,5,1250.0,5.19,2,3200.0,5.89,5,0,2,#2F4F4F,31.3,-11.7,-3.7,5,5,5,1,REDUP(첩어・동일)
살짝 쿵쿵쿵,saljjag kungkungkung,2,512,0,1,2,33,1,saltɕ͈ak̚ kʰuŋkʰuŋkʰuŋ,9,4,4,8,5,5,950.0,4.62,2,3200.0,5.89,5,0,3,#2F4F4F,31.3,-11.7,-3.7,5,5,5,1,REDUP(첩어・동일)
슬쩍 쿵쿵쿵,seuljjeog kungkungkung,2,512,0,1,2,33,1,sɯltɕ͈ʌk̚ kʰuŋkʰuŋkʰuŋ,9,4,4,8,5,5,950.0,4.62,2,3200.0,5.89,5,0,3,#2F4F4F,31.3,-11.7,-3.7,5,5,5,1,REDUP(첩어・동일)
선뜻 쿵쿵쿵,seontteus kungkungkung,2,512,0,1,2,33,1,sʌnt͈ɯs̚ kʰuŋkʰuŋkʰuŋ,9,4,4,8,5,5,950.0,4.62,2,3200.0,5.89,5,0,3,#2F4F4F,31.3,-11.7,-3.7,5,5,5,1,REDUP(첩어・동일)
단번에 쿵쿵쿵,danbeone kungkungkung,2,512,0,1,2,33,1,tanpʌne kʰuŋkʰuŋkʰuŋ,9,4,4,7,3,5,1250.0,5.19,2,3200.0,5.89,5,0,2,#2F4F4F,31.3,-11.7,-3.7,5,5,5,1,REDUP(첩어・동일)
한번에 쿵쿵쿵,hanbeone kungkungkung,2,512,0,1,2,33,1,hanpʌne kʰuŋkʰuŋkʰuŋ,9,4,4,7,3,5,1250.0,5.19,2,3200.0,5.89,5,0,2,#2F4F4F,31.3,-11.7,-3.7,5,5,5,1,REDUP(첩어・동일)
살짝 쿵거리다,saljjag kunggeorida,2,512,0,1,2,32,1,saltɕ͈ak̚ kʰuŋkʌrita,9,2,4,8,5,5,950.0,4.62,2,1800.0,4.91,5,0,3,#2F4F4F,31.3,-11.7,-3.7,5,5,5,8,STEM+GEORIDA
슬쩍 쿵거리다,seuljjeog kunggeorida,2,512,0,1,2,32,1,sɯltɕ͈ʌk̚ kʰuŋkʌrita,9,2,4,8,5,5,950.0,4.62,2,1800.0,4.91,5,0,3,#2F4F4F,31.3,-11.7,-3.7,5,5,5,8,STEM+GEORIDA
선뜻 쿵거리다,seontteus kunggeorida,2,512,0,1,2,32,1,sʌnt͈ɯs̚ kʰuŋkʌrita,9,2,4,8,5,5,950.0,4.62,2,1800.0,4.91,5,0,3,#2F4F4F,31.3,-11.7,-3.7,5,5,5,8,STEM+GEORIDA
단번에 쿵거리다,danbeone kunggeorida,2,512,0,1,2,32,1,tanpʌne kʰuŋkʌrita,9,2,4,7,3,5,1250.0,5.19,2,1800.0,4.91,5,0,2,#2F4F4F,31.3,-11.7,-3.7,5,5,5,8,STEM+GEORIDA
한번에 쿵거리다,hanbeone kunggeorida,2,512,0,1,2,32,1,hanpʌne kʰuŋkʌrita,9,2,4,7,3,5,1250.0,5.19,2,1800.0,4.91,5,0,2,#2F4F4F,31.3,-11.7,-3.7,5,5,5,8,STEM+GEORIDA
살짝 쿵쿵거리다,saljjag kungkunggeorida,2,512,0,1,2,33,1,saltɕ͈ak̚ kʰuŋkʰuŋkʌrita,9,4,4,8,5,5,950.0,4.62,2,3200.0,5.89,5,0,3,#2F4F4F,31.3,-11.7,-3.7,5,5,5,1,STEM+GEORIDA
슬쩍 쿵쿵거리다,seuljjeog kungkunggeorida,2,512,0,1,2,33,1,sɯltɕ͈ʌk̚ kʰuŋkʰuŋkʌrita,9,4,4,8,5,5,950.0,4.62,2,3200.0,5.89,5,0,3,#2F4F4F,31.3,-11.7,-3.7,5,5,5,1,STEM+GEORIDA
선뜻 쿵쿵거리다,seontteus kungkunggeorida,2,512,0,1,2,33,1,sʌnt͈ɯs̚ kʰuŋkʰuŋkʌrita,9,4,4,8,5,5,950.0,4.62,2,3200.0,5.89,5,0,3,#2F4F4F,31.3,-11.7,-3.7,5,5,5,1,STEM+GEORIDA
단번에 쿵쿵거리다,danbeone kungkunggeorida,2,512,0,1,2,33,1,tanpʌne kʰuŋkʰuŋkʌrita,9,4,4,7,3,5,1250.0,5.19,2,3200.0,5.89,5,0,2,#2F4F4F,31.3,-11.7,-3.7,5,5,5,1,STEM+GEORIDA
한번에 쿵쿵거리다,hanbeone kungkunggeorida,2,512,0,1,2,33,1,hanpʌne kʰuŋkʰuŋkʌrita,9,4,4,7,3,5,1250.0,5.19,2,3200.0,5.89,5,0,2,#2F4F4F,31.3,-11.7,-3.7,5,5,5,1,STEM+GEORIDA
살짝 쿵대다,saljjag kungdaeda,2,512,0,1,2,32,1,saltɕ͈ak̚ kʰuŋtɛta,9,2,4,8,5,5,950.0,4.62,2,1800.0,4.91,5,0,3,#2F4F4F,31.3,-11.7,-3.7,5,5,5,8,STEM+DAEDA
슬쩍 쿵대다,seuljjeog kungdaeda,2,512,0,1,2,32,1,sɯltɕ͈ʌk̚ kʰuŋtɛta,9,2,4,8,5,5,950.0,4.62,2,1800.0,4.91,5,0,3,#2F4F4F,31.3,-11.7,-3.7,5,5,5,8,STEM+DAEDA
선뜻 쿵대다,seontteus kungdaeda,2,512,0,1,2,32,1,sʌnt͈ɯs̚ kʰuŋtɛta,9,2,4,8,5,5,950.0,4.62,2,1800.0,4.91,5,0,3,#2F4F4F,31.3,-11.7,-3.7,5,5,5,8,STEM+DAEDA
단번에 쿵대다,danbeone kungdaeda,2,512,0,1,2,32,1,tanpʌne kʰuŋtɛta,9,2,4,7,3,5,1250.0,5.19,2,1800.0,4.91,5,0,2,#2F4F4F,31.3,-11.7,-3.7,5,5,5,8,STEM+DAEDA
한번에 쿵대다,hanbeone kungdaeda,2,512,0,1,2,32,1,hanpʌne kʰuŋtɛta,9,2,4,7,3,5,1250.0,5.19,2,1800.0,4.91,5,0,2,#2F4F4F,31.3,-11.7,-3.7,5,5,5,8,STEM+DAEDA
살짝 쿵쿵대다,saljjag kungkungdaeda,2,512,0,1,2,33,1,saltɕ͈ak̚ kʰuŋkʰuŋtɛta,9,4,4,8,5,5,950.0,4.62,2,3200.0,5.89,5,0,3,#2F4F4F,31.3,-11.7,-3.7,5,5,5,1,STEM+DAEDA
슬쩍 쿵쿵대다,seuljjeog kungkungdaeda,2,512,0,1,2,33,1,sɯltɕ͈ʌk̚ kʰuŋkʰuŋtɛta,9,4,4,8,5,5,950.0,4.62,2,3200.0,5.89,5,0,3,#2F4F4F,31.3,-11.7,-3.7,5,5,5,1,STEM+DAEDA
선뜻 쿵쿵대다,seontteus kungkungdaeda,2,512,0,1,2,33,1,sʌnt͈ɯs̚ kʰuŋkʰuŋtɛta,9,4,4,8,5,5,950.0,4.62,2,3200.0,5.89,5,0,3,#2F4F4F,31.3,-11.7,-3.7,5,5,5,1,STEM+DAEDA
단번에 쿵쿵대다,danbeone kungkungdaeda,2,512,0,1,2,33,1,tanpʌne kʰuŋkʰuŋtɛta,9,4,4,7,3,5,1250.0,5.19,2,3200.0,5.89,5,0,2,#2F4F4F,31.3,-11.7,-3.7,5,5,5,1,STEM+DAEDA
한번에 쿵쿵대다,hanbeone kungkungdaeda,2,512,0,1,2,33,1,hanpʌne kʰuŋkʰuŋtɛta,9,4,4,7,3,5,1250.0,5.19,2,3200.0,5.89,5,0,2,#2F4F4F,31.3,-11.7,-3.7,5,5,5,1,STEM+DAEDA
살짝 쿵이다,saljjag kungida,2,512,0,1,2,32,1,saltɕ͈ak̚ kʰuŋita,9,2,4,8,5,5,950.0,4.62,2,1800.0,4.91,5,0,3,#2F4F4F,31.3,-11.7,-3.7,5,5,5,8,STEM+IDA
슬쩍 쿵이다,seuljjeog kungida,2,512,0,1,2,32,1,sɯltɕ͈ʌk̚ kʰuŋita,9,2,4,8,5,5,950.0,4.62,2,1800.0,4.91,5,0,3,#2F4F4F,31.3,-11.7,-3.7,5,5,5,8,STEM+IDA
선뜻 쿵이다,seontteus kungida,2,512,0,1,2,32,1,sʌnt͈ɯs̚ kʰuŋita,9,2,4,8,5,5,950.0,4.62,2,1800.0,4.91,5,0,3,#2F4F4F,31.3,-11.7,-3.7,5,5,5,8,STEM+IDA
단번에 쿵이다,danbeone kungida,2,512,0,1,2,32,1,tanpʌne kʰuŋita,9,2,4,7,3,5,1250.0,5.19,2,1800.0,4.91,5,0,2,#2F4F4F,31.3,-11.7,-3.7,5,5,5,8,STEM+IDA
한번에 쿵이다,hanbeone kungida,2,512,0,1,2,32,1,hanpʌne kʰuŋita,9,2,4,7,3,5,1250.0,5.19,2,1800.0,4.91,5,0,2,#2F4F4F,31.3,-11.7,-3.7,5,5,5,8,STEM+IDA
살짝 쿵쿵이다,saljjag kungkungida,2,512,0,1,2,33,1,saltɕ͈ak̚ kʰuŋkʰuŋita,9,4,4,8,5,5,950.0,4.62,2,3200.0,5.89,5,0,3,#2F4F4F,31.3,-11.7,-3.7,5,5,5,1,STEM+IDA
슬쩍 쿵쿵이다,seuljjeog kungkungida,2,512,0,1,2,33,1,sɯltɕ͈ʌk̚ kʰuŋkʰuŋita,9,4,4,8,5,5,950.0,4.62,2,3200.0,5.89,5,0,3,#2F4F4F,31.3,-11.7,-3.7,5,5,5,1,STEM+IDA
선뜻 쿵쿵이다,seontteus kungkungida,2,512,0,1,2,33,1,sʌnt͈ɯs̚ kʰuŋkʰuŋita,9,4,4,8,5,5,950.0,4.62,2,3200.0,5.89,5,0,3,#2F4F4F,31.3,-11.7,-3.7,5,5,5,1,STEM+IDA
단번에 쿵쿵이다,danbeone kungkungida,2,512,0,1,2,33,1,tanpʌne kʰuŋkʰuŋita,9,4,4,7,3,5,1250.0,5.19,2,3200.0,5.89,5,0,2,#2F4F4F,31.3,-11.7,-3.7,5,5,5,1,STEM+IDA
한번에 쿵쿵이다,hanbeone kungkungida,2,512,0,1,2,33,1,hanpʌne kʰuŋkʰuŋita,9,4,4,7,3,5,1250.0,5.19,2,3200.0,5.89,5,0,2,#2F4F4F,31.3,-11.7,-3.7,5,5,5,1,STEM+IDA
살짝 쿵하다,saljjag kunghada,2,512,0,1,2,32,1,saltɕ͈ak̚ kʰuŋhata,9,2,4,8,5,5,950.0,4.62,2,1800.0,4.91,5,0,3,#2F4F4F,31.3,-11.7,-3.7,5,5,5,8,STEM+HADA
슬쩍 쿵하다,seuljjeog kunghada,2,512,0,1,2,32,1,sɯltɕ͈ʌk̚ kʰuŋhata,9,2,4,8,5,5,950.0,4.62,2,1800.0,4.91,5,0,3,#2F4F4F,31.3,-11.7,-3.7,5,5,5,8,STEM+HADA
선뜻 쿵하다,seontteus kunghada,2,512,0,1,2,32,1,sʌnt͈ɯs̚ kʰuŋhata,9,2,4,8,5,5,950.0,4.62,2,1800.0,4.91,5,0,3,#2F4F4F,31.3,-11.7,-3.7,5,5,5,8,STEM+HADA
단번에 쿵하다,danbeone kunghada,2,512,0,1,2,32,1,tanpʌne kʰuŋhata,9,2,4,7,3,5,1250.0,5.19,2,1800.0,4.91,5,0,2,#2F4F4F,31.3,-11.7,-3.7,5,5,5,8,STEM+HADA
한번에 쿵하다,hanbeone kunghada,2,512,0,1,2,32,1,hanpʌne kʰuŋhata,9,2,4,7,3,5,1250.0,5.19,2,1800.0,4.91,5,0,2,#2F4F4F,31.3,-11.7,-3.7,5,5,5,8,STEM+HADA
살짝 쿵쿵하다,saljjag kungkunghada,2,512,0,1,2,33,1,saltɕ͈ak̚ kʰuŋkʰuŋhata,9,4,4,8,5,5,950.0,4.62,2,3200.0,5.89,5,0,3,#2F4F4F,31.3,-11.7,-3.7,5,5,5,1,STEM+HADA
슬쩍 쿵쿵하다,seuljjeog kungkunghada,2,512,0,1,2,33,1,sɯltɕ͈ʌk̚ kʰuŋkʰuŋhata,9,4,4,8,5,5,950.0,4.62,2,3200.0,5.89,5,0,3,#2F4F4F,31.3,-11.7,-3.7,5,5,5,1,STEM+HADA
선뜻 쿵쿵하다,seontteus kungkunghada,2,512,0,1,2,33,1,sʌnt͈ɯs̚ kʰuŋkʰuŋhata,9,4,4,8,5,5,950.0,4.62,2,3200.0,5.89,5,0,3,#2F4F4F,31.3,-11.7,-3.7,5,5,5,1,STEM+HADA
단번에 쿵쿵하다,danbeone kungkunghada,2,512,0,1,2,33,1,tanpʌne kʰuŋkʰuŋhata,9,4,4,7,3,5,1250.0,5.19,2,3200.0,5.89,5,0,2,#2F4F4F,31.3,-11.7,-3.7,5,5,5,1,STEM+HADA
한번에 쿵쿵하다,hanbeone kungkunghada,2,512,0,1,2,33,1,hanpʌne kʰuŋkʰuŋhata,9,4,4,7,3,5,1250.0,5.19,2,3200.0,5.89,5,0,2,#2F4F4F,31.3,-11.7,-3.7,5,5,5,1,STEM+HADA
살짝 쿵스럽다,saljjag kungseureopda,2,512,0,1,2,32,1,saltɕ͈ak̚ kʰuŋsɯrʌp̚ta,9,2,4,8,5,5,950.0,4.62,2,1800.0,4.91,5,0,3,#2F4F4F,31.3,-11.7,-3.7,5,5,5,8,SUFFIX(어미변화)
슬쩍 쿵스럽다,seuljjeog kungseureopda,2,512,0,1,2,32,1,sɯltɕ͈ʌk̚ kʰuŋsɯrʌp̚ta,9,2,4,8,5,5,950.0,4.62,2,1800.0,4.91,5,0,3,#2F4F4F,31.3,-11.7,-3.7,5,5,5,8,SUFFIX(어미변화)
선뜻 쿵스럽다,seontteus kungseureopda,2,512,0,1,2,32,1,sʌnt͈ɯs̚ kʰuŋsɯrʌp̚ta,9,2,4,8,5,5,950.0,4.62,2,1800.0,4.91,5,0,3,#2F4F4F,31.3,-11.7,-3.7,5,5,5,8,SUFFIX(어미변화)
단번에 쿵스럽다,danbeone kungseureopda,2,512,0,1,2,32,1,tanpʌne kʰuŋsɯrʌp̚ta,9,2,4,7,5,5,1250.0,5.19,2,1800.0,4.91,5,0,3,#2F4F4F,31.3,-11.7,-3.7,5,5,5,8,SUFFIX(어미변화)
한번에 쿵스럽다,hanbeone kungseureopda,2,512,0,1,2,32,1,hanpʌne kʰuŋsɯrʌp̚ta,9,2,4,7,5,5,1250.0,5.19,2,1800.0,4.91,5,0,3,#2F4F4F,31.3,-11.7,-3.7,5,5,5,8,SUFFIX(어미변화)
살짝 쿵쿵스럽다,saljjag kungkungseureopda,2,512,0,1,2,33,1,saltɕ͈ak̚ kʰuŋkʰuŋsɯrʌp̚ta,9,4,4,8,5,5,950.0,4.62,2,3200.0,5.89,5,0,3,#2F4F4F,31.3,-11.7,-3.7,5,5,5,1,REDUP(첩어・동일)
슬쩍 쿵쿵스럽다,seuljjeog kungkungseureopda,2,512,0,1,2,33,1,sɯltɕ͈ʌk̚ kʰuŋkʰuŋsɯrʌp̚ta,9,4,4,8,5,5,950.0,4.62,2,3200.0,5.89,5,0,3,#2F4F4F,31.3,-11.7,-3.7,5,5,5,1,REDUP(첩어・동일)
선뜻 쿵쿵스럽다,seontteus kungkungseureopda,2,512,0,1,2,33,1,sʌnt͈ɯs̚ kʰuŋkʰuŋsɯrʌp̚ta,9,4,4,8,5,5,950.0,4.62,2,3200.0,5.89,5,0,3,#2F4F4F,31.3,-11.7,-3.7,5,5,5,1,REDUP(첩어・동일)
단번에 쿵쿵스럽다,danbeone kungkungseureopda,2,512,0,1,2,33,1,tanpʌne kʰuŋkʰuŋsɯrʌp̚ta,9,4,4,7,5,5,1250.0,5.19,2,3200.0,5.89,5,0,3,#2F4F4F,31.3,-11.7,-3.7,5,5,5,1,REDUP(첩어・동일)
한번에 쿵쿵스럽다,hanbeone kungkungseureopda,2,512,0,1,2,33,1,hanpʌne kʰuŋkʰuŋsɯrʌp̚ta,9,4,4,7,5,5,1250.0,5.19,2,3200.0,5.89,5,0,3,#2F4F4F,31.3,-11.7,-3.7,5,5,5,1,REDUP(첩어・동일)
살짝 쿵맞다,saljjag kungmajda,2,512,0,1,2,32,1,saltɕ͈ak̚ kʰuŋmat̚ta,9,2,4,8,5,5,950.0,4.62,2,1800.0,4.91,5,0,3,#2F4F4F,31.3,-11.7,-3.7,5,5,5,8,SUFFIX(어미변화)
슬쩍 쿵맞다,seuljjeog kungmajda,2,512,0,1,2,32,1,sɯltɕ͈ʌk̚ kʰuŋmat̚ta,9,2,4,8,5,5,950.0,4.62,2,1800.0,4.91,5,0,3,#2F4F4F,31.3,-11.7,-3.7,5,5,5,8,SUFFIX(어미변화)
선뜻 쿵맞다,seontteus kungmajda,2,512,0,1,2,32,1,sʌnt͈ɯs̚ kʰuŋmat̚ta,9,2,4,8,5,5,950.0,4.62,2,1800.0,4.91,5,0,3,#2F4F4F,31.3,-11.7,-3.7,5,5,5,8,SUFFIX(어미변화)
단번에 쿵맞다,danbeone kungmajda,2,512,0,1,2,32,1,tanpʌne kʰuŋmat̚ta,9,2,4,7,3,5,1250.0,5.19,2,1800.0,4.91,5,0,2,#2F4F4F,31.3,-11.7,-3.7,5,5,5,8,SUFFIX(어미변화)
한번에 쿵맞다,hanbeone kungmajda,2,512,0,1,2,32,1,hanpʌne kʰuŋmat̚ta,9,2,4,7,3,5,1250.0,5.19,2,1800.0,4.91,5,0,2,#2F4F4F,31.3,-11.7,-3.7,5,5,5,8,SUFFIX(어미변화)
살짝 쿵쿵맞다,saljjag kungkungmajda,2,512,0,1,2,33,1,saltɕ͈ak̚ kʰuŋkʰuŋmat̚ta,9,4,4,8,5,5,950.0,4.62,2,3200.0,5.89,5,0,3,#2F4F4F,31.3,-11.7,-3.7,5,5,5,1,REDUP(첩어・동일)
슬쩍 쿵쿵맞다,seuljjeog kungkungmajda,2,512,0,1,2,33,1,sɯltɕ͈ʌk̚ kʰuŋkʰuŋmat̚ta,9,4,4,8,5,5,950.0,4.62,2,3200.0,5.89,5,0,3,#2F4F4F,31.3,-11.7,-3.7,5,5,5,1,REDUP(첩어・동일)
선뜻 쿵쿵맞다,seontteus kungkungmajda,2,512,0,1,2,33,1,sʌnt͈ɯs̚ kʰuŋkʰuŋmat̚ta,9,4,4,8,5,5,950.0,4.62,2,3200.0,5.89,5,0,3,#2F4F4F,31.3,-11.7,-3.7,5,5,5,1,REDUP(첩어・동일)
단번에 쿵쿵맞다,danbeone kungkungmajda,2,512,0,1,2,33,1,tanpʌne kʰuŋkʰuŋmat̚ta,9,4,4,7,3,5,1250.0,5.19,2,3200.0,5.89,5,0,2,#2F4F4F,31.3,-11.7,-3.7,5,5,5,1,REDUP(첩어・동일)
한번에 쿵쿵맞다,hanbeone kungkungmajda,2,512,0,1,2,33,1,hanpʌne kʰuŋkʰuŋmat̚ta,9,4,4,7,3,5,1250.0,5.19,2,3200.0,5.89,5,0,2,#2F4F4F,31.3,-11.7,-3.7,5,5,5,1,REDUP(첩어・동일)
살짝 쿵하게,saljjag kunghage,2,512,0,1,2,32,1,saltɕ͈ak̚ kʰuŋhake,9,2,4,8,5,5,950.0,4.62,2,1800.0,4.91,5,0,3,#2F4F4F,31.3,-11.7,-3.7,5,5,5,8,SUFFIX(어미변화)
슬쩍 쿵하게,seuljjeog kunghage,2,512,0,1,2,32,1,sɯltɕ͈ʌk̚ kʰuŋhake,9,2,4,8,5,5,950.0,4.62,2,1800.0,4.91,5,0,3,#2F4F4F,31.3,-11.7,-3.7,5,5,5,8,SUFFIX(어미변화)
선뜻 쿵하게,seontteus kunghage,2,512,0,1,2,32,1,sʌnt͈ɯs̚ kʰuŋhake,9,2,4,8,5,5,950.0,4.62,2,1800.0,4.91,5,0,3,#2F4F4F,31.3,-11.7,-3.7,5,5,5,8,SUFFIX(어미변화)
단번에 쿵하게,danbeone kunghage,2,512,0,1,2,32,1,tanpʌne kʰuŋhake,9,2,4,7,3,5,1250.0,5.19,2,1800.0,4.91,5,0,2,#2F4F4F,31.3,-11.7,-3.7,5,5,5,8,SUFFIX(어미변화)
한번에 쿵하게,hanbeone kunghage,2,512,0,1,2,32,1,hanpʌne kʰuŋhake,9,2,4,7,3,5,1250.0,5.19,2,1800.0,4.91,5,0,2,#2F4F4F,31.3,-11.7,-3.7,5,5,5,8,SUFFIX(어미변화)
살짝 쿵쿵하게,saljjag kungkunghage,2,512,0,1,2,33,1,saltɕ͈ak̚ kʰuŋkʰuŋhake,9,4,4,8,5,5,950.0,4.62,2,3200.0,5.89,5,0,3,#2F4F4F,31.3,-11.7,-3.7,5,5,5,1,REDUP(첩어・동일)
슬쩍 쿵쿵하게,seuljjeog kungkunghage,2,512,0,1,2,33,1,sɯltɕ͈ʌk̚ kʰuŋkʰuŋhake,9,4,4,8,5,5,950.0,4.62,2,3200.0,5.89,5,0,3,#2F4F4F,31.3,-11.7,-3.7,5,5,5,1,REDUP(첩어・동일)
선뜻 쿵쿵하게,seontteus kungkunghage,2,512,0,1,2,33,1,sʌnt͈ɯs̚ kʰuŋkʰuŋhake,9,4,4,8,5,5,950.0,4.62,2,3200.0,5.89,5,0,3,#2F4F4F,31.3,-11.7,-3.7,5,5,5,1,REDUP(첩어・동일)
단번에 쿵쿵하게,danbeone kungkunghage,2,512,0,1,2,33,1,tanpʌne kʰuŋkʰuŋhake,9,4,4,7,3,5,1250.0,5.19,2,3200.0,5.89,5,0,2,#2F4F4F,31.3,-11.7,-3.7,5,5,5,1,REDUP(첩어・동일)
한번에 쿵쿵하게,hanbeone kungkunghage,2,512,0,1,2,33,1,hanpʌne kʰuŋkʰuŋhake,9,4,4,7,3,5,1250.0,5.19,2,3200.0,5.89,5,0,2,#2F4F4F,31.3,-11.7,-3.7,5,5,5,1,REDUP(첩어・동일)
살짝 쿵한,saljjag kunghan,2,512,0,1,2,32,1,saltɕ͈ak̚ kʰuŋhan,9,2,4,8,5,5,950.0,4.62,2,1800.0,4.91,5,0,3,#2F4F4F,31.3,-11.7,-3.7,5,5,5,8,SUFFIX(어미변화)
슬쩍 쿵한,seuljjeog kunghan,2,512,0,1,2,32,1,sɯltɕ͈ʌk̚ kʰuŋhan,9,2,4,8,5,5,950.0,4.62,2,1800.0,4.91,5,0,3,#2F4F4F,31.3,-11.7,-3.7,5,5,5,8,SUFFIX(어미변화)
선뜻 쿵한,seontteus kunghan,2,512,0,1,2,32,1,sʌnt͈ɯs̚ kʰuŋhan,9,2,4,8,5,5,950.0,4.62,2,1800.0,4.91,5,0,3,#2F4F4F,31.3,-11.7,-3.7,5,5,5,8,SUFFIX(어미변화)
단번에 쿵한,danbeone kunghan,2,512,0,1,2,32,1,tanpʌne kʰuŋhan,9,2,4,7,3,5,1250.0,5.19,2,1800.0,4.91,5,0,2,#2F4F4F,31.3,-11.7,-3.7,5,5,5,8,SUFFIX(어미변화)
한번에 쿵한,hanbeone kunghan,2,512,0,1,2,32,1,hanpʌne kʰuŋhan,9,2,4,7,3,5,1250.0,5.19,2,1800.0,4.91,5,0,2,#2F4F4F,31.3,-11.7,-3.7,5,5,5,8,SUFFIX(어미변화)
살짝 쿵쿵한,saljjag kungkunghan,2,512,0,1,2,33,1,saltɕ͈ak̚ kʰuŋkʰuŋhan,9,4,4,8,5,5,950.0,4.62,2,3200.0,5.89,5,0,3,#2F4F4F,31.3,-11.7,-3.7,5,5,5,1,REDUP(첩어・동일)
슬쩍 쿵쿵한,seuljjeog kungkunghan,2,512,0,1,2,33,1,sɯltɕ͈ʌk̚ kʰuŋkʰuŋhan,9,4,4,8,5,5,950.0,4.62,2,3200.0,5.89,5,0,3,#2F4F4F,31.3,-11.7,-3.7,5,5,5,1,REDUP(첩어・동일)
선뜻 쿵쿵한,seontteus kungkunghan,2,512,0,1,2,33,1,sʌnt͈ɯs̚ kʰuŋkʰuŋhan,9,4,4,8,5,5,950.0,4.62,2,3200.0,5.89,5,0,3,#2F4F4F,31.3,-11.7,-3.7,5,5,5,1,REDUP(첩어・동일)
단번에 쿵쿵한,danbeone kungkunghan,2,512,0,1,2,33,1,tanpʌne kʰuŋkʰuŋhan,9,4,4,7,3,5,1250.0,5.19,2,3200.0,5.89,5,0,2,#2F4F4F,31.3,-11.7,-3.7,5,5,5,1,REDUP(첩어・동일)
한번에 쿵쿵한,hanbeone kungkunghan,2,512,0,1,2,33,1,hanpʌne kʰuŋkʰuŋhan,9,4,4,7,3,5,1250.0,5.19,2,3200.0,5.89,5,0,2,#2F4F4F,31.3,-11.7,-3.7,5,5,5,1,REDUP(첩어・동일)
살짝 쿵스럽게,saljjag kungseureopge,2,512,0,1,2,32,1,saltɕ͈ak̚ kʰuŋsɯrʌp̚ke,9,2,4,8,5,5,950.0,4.62,2,1800.0,4.91,5,0,3,#2F4F4F,31.3,-11.7,-3.7,5,5,5,8,SUFFIX(어미변화)
슬쩍 쿵스럽게,seuljjeog kungseureopge,2,512,0,1,2,32,1,sɯltɕ͈ʌk̚ kʰuŋsɯrʌp̚ke,9,2,4,8,5,5,950.0,4.62,2,1800.0,4.91,5,0,3,#2F4F4F,31.3,-11.7,-3.7,5,5,5,8,SUFFIX(어미변화)
선뜻 쿵스럽게,seontteus kungseureopge,2,512,0,1,2,32,1,sʌnt͈ɯs̚ kʰuŋsɯrʌp̚ke,9,2,4,8,5,5,950.0,4.62,2,1800.0,4.91,5,0,3,#2F4F4F,31.3,-11.7,-3.7,5,5,5,8,SUFFIX(어미변화)
단번에 쿵스럽게,danbeone kungseureopge,2,512,0,1,2,32,1,tanpʌne kʰuŋsɯrʌp̚ke,9,2,4,7,5,5,1250.0,5.19,2,1800.0,4.91,5,0,3,#2F4F4F,31.3,-11.7,-3.7,5,5,5,8,SUFFIX(어미변화)
한번에 쿵스럽게,hanbeone kungseureopge,2,512,0,1,2,32,1,hanpʌne kʰuŋsɯrʌp̚ke,9,2,4,7,5,5,1250.0,5.19,2,1800.0,4.91,5,0,3,#2F4F4F,31.3,-11.7,-3.7,5,5,5,8,SUFFIX(어미변화)
살짝 쿵쿵스럽게,saljjag kungkungseureopge,2,512,0,1,2,33,1,saltɕ͈ak̚ kʰuŋkʰuŋsɯrʌp̚ke,9,4,4,8,5,5,950.0,4.62,2,3200.0,5.89,5,0,3,#2F4F4F,31.3,-11.7,-3.7,5,5,5,1,REDUP(첩어・동일)
슬쩍 쿵쿵스럽게,seuljjeog kungkungseureopge,2,512,0,1,2,33,1,sɯltɕ͈ʌk̚ kʰuŋkʰuŋsɯrʌp̚ke,9,4,4,8,5,5,950.0,4.62,2,3200.0,5.89,5,0,3,#2F4F4F,31.3,-11.7,-3.7,5,5,5,1,REDUP(첩어・동일)
선뜻 쿵쿵스럽게,seontteus kungkungseureopge,2,512,0,1,2,33,1,sʌnt͈ɯs̚ kʰuŋkʰuŋsɯrʌp̚ke,9,4,4,8,5,5,950.0,4.62,2,3200.0,5.89,5,0,3,#2F4F4F,31.3,-11.7,-3.7,5,5,5,1,REDUP(첩어・동일)
단번에 쿵쿵스럽게,danbeone kungkungseureopge,2,512,0,1,2,33,1,tanpʌne kʰuŋkʰuŋsɯrʌp̚ke,9,4,4,7,5,5,1250.0,5.19,2,3200.0,5.89,5,0,3,#2F4F4F,31.3,-11.7,-3.7,5,5,5,1,REDUP(첩어・동일)
한번에 쿵쿵스럽게,hanbeone kungkungseureopge,2,512,0,1,2,33,1,hanpʌne kʰuŋkʰuŋsɯrʌp̚ke,9,4,4,7,5,5,1250.0,5.19,2,3200.0,5.89,5,0,3,#2F4F4F,31.3,-11.7,-3.7,5,5,5,1,REDUP(첩어・동일)
살짝 쿵스러운,saljjag kungseureoun,2,512,0,1,2,32,1,saltɕ͈ak̚ kʰuŋsɯrʌun,9,2,4,8,5,5,950.0,4.62,2,1800.0,4.91,5,0,3,#2F4F4F,31.3,-11.7,-3.7,5,5,5,8,SUFFIX(어미변화)
슬쩍 쿵스러운,seuljjeog kungseureoun,2,512,0,1,2,32,1,sɯltɕ͈ʌk̚ kʰuŋsɯrʌun,9,2,4,8,5,5,950.0,4.62,2,1800.0,4.91,5,0,3,#2F4F4F,31.3,-11.7,-3.7,5,5,5,8,SUFFIX(어미변화)
선뜻 쿵스러운,seontteus kungseureoun,2,512,0,1,2,32,1,sʌnt͈ɯs̚ kʰuŋsɯrʌun,9,2,4,8,5,5,950.0,4.62,2,1800.0,4.91,5,0,3,#2F4F4F,31.3,-11.7,-3.7,5,5,5,8,SUFFIX(어미변화)
단번에 쿵스러운,danbeone kungseureoun,2,512,0,1,2,32,1,tanpʌne kʰuŋsɯrʌun,9,2,4,7,3,5,1250.0,5.19,2,1800.0,4.91,5,0,2,#2F4F4F,31.3,-11.7,-3.7,5,5,5,8,SUFFIX(어미변화)
한번에 쿵스러운,hanbeone kungseureoun,2,512,0,1,2,32,1,hanpʌne kʰuŋsɯrʌun,9,2,4,7,3,5,1250.0,5.19,2,1800.0,4.91,5,0,2,#2F4F4F,31.3,-11.7,-3.7,5,5,5,8,SUFFIX(어미변화)
살짝 쿵쿵스러운,saljjag kungkungseureoun,2,512,0,1,2,33,1,saltɕ͈ak̚ kʰuŋkʰuŋsɯrʌun,9,4,4,8,5,5,950.0,4.62,2,3200.0,5.89,5,0,3,#2F4F4F,31.3,-11.7,-3.7,5,5,5,1,REDUP(첩어・동일)
슬쩍 쿵쿵스러운,seuljjeog kungkungseureoun,2,512,0,1,2,33,1,sɯltɕ͈ʌk̚ kʰuŋkʰuŋsɯrʌun,9,4,4,8,5,5,950.0,4.62,2,3200.0,5.89,5,0,3,#2F4F4F,31.3,-11.7,-3.7,5,5,5,1,REDUP(첩어・동일)
선뜻 쿵쿵스러운,seontteus kungkungseureoun,2,512,0,1,2,33,1,sʌnt͈ɯs̚ kʰuŋkʰuŋsɯrʌun,9,4,4,8,5,5,950.0,4.62,2,3200.0,5.89,5,0,3,#2F4F4F,31.3,-11.7,-3.7,5,5,5,1,REDUP(첩어・동일)
단번에 쿵쿵스러운,danbeone kungkungseureoun,2,512,0,1,2,33,1,tanpʌne kʰuŋkʰuŋsɯrʌun,9,4,4,7,3,5,1250.0,5.19,2,3200.0,5.89,5,0,2,#2F4F4F,31.3,-11.7,-3.7,5,5,5,1,REDUP(첩어・동일)
한번에 쿵쿵스러운,hanbeone kungkungseureoun,2,512,0,1,2,33,1,hanpʌne kʰuŋkʰuŋsɯrʌun,9,4,4,7,3,5,1250.0,5.19,2,3200.0,5.89,5,0,2,#2F4F4F,31.3,-11.7,-3.7,5,5,5,1,REDUP(첩어・동일)
살짝 쿵해서,saljjag kunghaeseo,2,512,0,1,2,32,1,saltɕ͈ak̚ kʰuŋhɛsʌ,9,2,4,8,5,5,950.0,4.62,2,1800.0,4.91,5,0,3,#2F4F4F,31.3,-11.7,-3.7,5,5,5,8,SUFFIX(어미변화)
슬쩍 쿵해서,seuljjeog kunghaeseo,2,512,0,1,2,32,1,sɯltɕ͈ʌk̚ kʰuŋhɛsʌ,9,2,4,8,5,5,950.0,4.62,2,1800.0,4.91,5,0,3,#2F4F4F,31.3,-11.7,-3.7,5,5,5,8,SUFFIX(어미변화)
선뜻 쿵해서,seontteus kunghaeseo,2,512,0,1,2,32,1,sʌnt͈ɯs̚ kʰuŋhɛsʌ,9,2,4,8,5,5,950.0,4.62,2,1800.0,4.91,5,0,3,#2F4F4F,31.3,-11.7,-3.7,5,5,5,8,SUFFIX(어미변화)
단번에 쿵해서,danbeone kunghaeseo,2,512,0,1,2,32,1,tanpʌne kʰuŋhɛsʌ,9,2,4,7,3,5,1250.0,5.19,2,1800.0,4.91,5,0,2,#2F4F4F,31.3,-11.7,-3.7,5,5,5,8,SUFFIX(어미변화)
한번에 쿵해서,hanbeone kunghaeseo,2,512,0,1,2,32,1,hanpʌne kʰuŋhɛsʌ,9,2,4,7,3,5,1250.0,5.19,2,1800.0,4.91,5,0,2,#2F4F4F,31.3,-11.7,-3.7,5,5,5,8,SUFFIX(어미변화)
살짝 쿵쿵해서,saljjag kungkunghaeseo,2,512,0,1,2,33,1,saltɕ͈ak̚ kʰuŋkʰuŋhɛsʌ,9,4,4,8,5,5,950.0,4.62,2,3200.0,5.89,5,0,3,#2F4F4F,31.3,-11.7,-3.7,5,5,5,1,REDUP(첩어・동일)
슬쩍 쿵쿵해서,seuljjeog kungkunghaeseo,2,512,0,1,2,33,1,sɯltɕ͈ʌk̚ kʰuŋkʰuŋhɛsʌ,9,4,4,8,5,5,950.0,4.62,2,3200.0,5.89,5,0,3,#2F4F4F,31.3,-11.7,-3.7,5,5,5,1,REDUP(첩어・동일)
선뜻 쿵쿵해서,seontteus kungkunghaeseo,2,512,0,1,2,33,1,sʌnt͈ɯs̚ kʰuŋkʰuŋhɛsʌ,9,4,4,8,5,5,950.0,4.62,2,3200.0,5.89,5,0,3,#2F4F4F,31.3,-11.7,-3.7,5,5,5,1,REDUP(첩어・동일)
단번에 쿵쿵해서,danbeone kungkunghaeseo,2,512,0,1,2,33,1,tanpʌne kʰuŋkʰuŋhɛsʌ,9,4,4,7,3,5,1250.0,5.19,2,3200.0,5.89,5,0,2,#2F4F4F,31.3,-11.7,-3.7,5,5,5,1,REDUP(첩어・동일)
한번에 쿵쿵해서,hanbeone kungkunghaeseo,2,512,0,1,2,33,1,hanpʌne kʰuŋkʰuŋhɛsʌ,9,4,4,7,3,5,1250.0,5.19,2,3200.0,5.89,5,0,2,#2F4F4F,31.3,-11.7,-3.7,5,5,5,1,REDUP(첩어・동일)
살짝 쿵하고,saljjag kunghago,2,512,0,1,2,32,1,saltɕ͈ak̚ kʰuŋhako,9,2,4,8,5,5,950.0,4.62,2,1800.0,4.91,5,0,3,#2F4F4F,31.3,-11.7,-3.7,5,5,5,8,SUFFIX(어미변화)
슬쩍 쿵하고,seuljjeog kunghago,2,512,0,1,2,32,1,sɯltɕ͈ʌk̚ kʰuŋhako,9,2,4,8,5,5,950.0,4.62,2,1800.0,4.91,5,0,3,#2F4F4F,31.3,-11.7,-3.7,5,5,5,8,SUFFIX(어미변화)
선뜻 쿵하고,seontteus kunghago,2,512,0,1,2,32,1,sʌnt͈ɯs̚ kʰuŋhako,9,2,4,8,5,5,950.0,4.62,2,1800.0,4.91,5,0,3,#2F4F4F,31.3,-11.7,-3.7,5,5,5,8,SUFFIX(어미변화)
단번에 쿵하고,danbeone kunghago,2,512,0,1,2,32,1,tanpʌne kʰuŋhako,9,2,4,7,3,5,1250.0,5.19,2,1800.0,4.91,5,0,2,#2F4F4F,31.3,-11.7,-3.7,5,5,5,8,SUFFIX(어미변화)
한번에 쿵하고,hanbeone kunghago,2,512,0,1,2,32,1,hanpʌne kʰuŋhako,9,2,4,7,3,5,1250.0,5.19,2,1800.0,4.91,5,0,2,#2F4F4F,31.3,-11.7,-3.7,5,5,5,8,SUFFIX(어미변화)
살짝 쿵쿵하고,saljjag kungkunghago,2,512,0,1,2,33,1,saltɕ͈ak̚ kʰuŋkʰuŋhako,9,4,4,8,5,5,950.0,4.62,2,3200.0,5.89,5,0,3,#2F4F4F,31.3,-11.7,-3.7,5,5,5,1,REDUP(첩어・동일)
슬쩍 쿵쿵하고,seuljjeog kungkunghago,2,512,0,1,2,33,1,sɯltɕ͈ʌk̚ kʰuŋkʰuŋhako,9,4,4,8,5,5,950.0,4.62,2,3200.0,5.89,5,0,3,#2F4F4F,31.3,-11.7,-3.7,5,5,5,1,REDUP(첩어・동일)
선뜻 쿵쿵하고,seontteus kungkunghago,2,512,0,1,2,33,1,sʌnt͈ɯs̚ kʰuŋkʰuŋhako,9,4,4,8,5,5,950.0,4.62,2,3200.0,5.89,5,0,3,#2F4F4F,31.3,-11.7,-3.7,5,5,5,1,REDUP(첩어・동일)
단번에 쿵쿵하고,danbeone kungkunghago,2,512,0,1,2,33,1,tanpʌne kʰuŋkʰuŋhako,9,4,4,7,3,5,1250.0,5.19,2,3200.0,5.89,5,0,2,#2F4F4F,31.3,-11.7,-3.7,5,5,5,1,REDUP(첩어・동일)
한번에 쿵쿵하고,hanbeone kungkunghago,2,512,0,1,2,33,1,hanpʌne kʰuŋkʰuŋhako,9,4,4,7,3,5,1250.0,5.19,2,3200.0,5.89,5,0,2,#2F4F4F,31.3,-11.7,-3.7,5,5,5,1,REDUP(첩어・동일)
살짝 쾅,saljjag kwang,2,512,0,2,1,40,1,saltɕ͈ak̚ kʰwaŋ,6,2,4,8,5,5,2600.0,6.69,8,1800.0,4.91,5,0,3,#FFD700,86.9,-1.9,87.1,5,5,5,8,SUFFIX(어미변화)
슬쩍 쾅,seuljjeog kwang,2,512,0,2,1,40,1,sɯltɕ͈ʌk̚ kʰwaŋ,6,2,4,8,5,5,2600.0,6.69,8,1800.0,4.91,5,0,3,#FFD700,86.9,-1.9,87.1,5,5,5,8,SUFFIX(어미변화)
선뜻 쾅,seontteus kwang,2,512,0,2,1,40,1,sʌnt͈ɯs̚ kʰwaŋ,6,2,4,8,5,5,2600.0,6.69,8,1800.0,4.91,5,0,3,#FFD700,86.9,-1.9,87.1,5,5,5,8,SUFFIX(어미변화)
단번에 쾅,danbeone kwang,2,512,0,2,1,40,1,tanpʌne kʰwaŋ,5,2,4,7,3,5,2900.0,6.92,8,1800.0,4.91,5,0,2,#FFD700,86.9,-1.9,87.1,5,5,5,8,SUFFIX(어미변화)
한번에 쾅,hanbeone kwang,2,512,0,2,1,40,1,hanpʌne kʰwaŋ,5,2,4,7,3,5,2900.0,6.92,8,1800.0,4.91,5,0,2,#FFD700,86.9,-1.9,87.1,5,5,5,8,SUFFIX(어미변화)
살짝 쾅쾅,saljjag kwangkwang,2,512,0,2,1,33,1,saltɕ͈ak̚ kʰwaŋkʰwaŋ,6,4,4,8,5,5,2600.0,6.69,8,3200.0,5.89,5,0,3,#FFD700,86.9,-1.9,87.1,5,5,5,1,REDUP(첩어・동일)
슬쩍 쾅쾅,seuljjeog kwangkwang,2,512,0,2,1,33,1,sɯltɕ͈ʌk̚ kʰwaŋkʰwaŋ,6,4,4,8,5,5,2600.0,6.69,8,3200.0,5.89,5,0,3,#FFD700,86.9,-1.9,87.1,5,5,5,1,REDUP(첩어・동일)
선뜻 쾅쾅,seontteus kwangkwang,2,512,0,2,1,33,1,sʌnt͈ɯs̚ kʰwaŋkʰwaŋ,6,4,4,8,5,5,2600.0,6.69,8,3200.0,5.89,5,0,3,#FFD700,86.9,-1.9,87.1,5,5,5,1,REDUP(첩어・동일)
단번에 쾅쾅,danbeone kwangkwang,2,512,0,2,1,33,1,tanpʌne kʰwaŋkʰwaŋ,5,4,4,7,3,5,2900.0,6.92,8,3200.0,5.89,5,0,2,#FFD700,86.9,-1.9,87.1,5,5,5,1,REDUP(첩어・동일)
한번에 쾅쾅,hanbeone kwangkwang,2,512,0,2,1,33,1,hanpʌne kʰwaŋkʰwaŋ,5,4,4,7,3,5,2900.0,6.92,8,3200.0,5.89,5,0,2,#FFD700,86.9,-1.9,87.1,5,5,5,1,REDUP(첩어・동일)
살짝 쾅쾅쾅,saljjag kwangkwangkwang,2,512,0,2,1,33,1,saltɕ͈ak̚ kʰwaŋkʰwaŋkʰwaŋ,6,4,4,8,5,5,2600.0,6.69,8,3200.0,5.89,5,0,3,#FFD700,86.9,-1.9,87.1,5,5,5,1,REDUP(첩어・동일)
슬쩍 쾅쾅쾅,seuljjeog kwangkwangkwang,2,512,0,2,1,33,1,sɯltɕ͈ʌk̚ kʰwaŋkʰwaŋkʰwaŋ,6,4,4,8,5,5,2600.0,6.69,8,3200.0,5.89,5,0,3,#FFD700,86.9,-1.9,87.1,5,5,5,1,REDUP(첩어・동일)
선뜻 쾅쾅쾅,seontteus kwangkwangkwang,2,512,0,2,1,33,1,sʌnt͈ɯs̚ kʰwaŋkʰwaŋkʰwaŋ,6,4,4,8,5,5,2600.0,6.69,8,3200.0,5.89,5,0,3,#FFD700,86.9,-1.9,87.1,5,5,5,1,REDUP(첩어・동일)
단번에 쾅쾅쾅,danbeone kwangkwangkwang,2,512,0,2,1,33,1,tanpʌne kʰwaŋkʰwaŋkʰwaŋ,5,4,4,7,3,5,2900.0,6.92,8,3200.0,5.89,5,0,2,#FFD700,86.9,-1.9,87.1,5,5,5,1,REDUP(첩어・동일)
한번에 쾅쾅쾅,hanbeone kwangkwangkwang,2,512,0,2,1,33,1,hanpʌne kʰwaŋkʰwaŋkʰwaŋ,5,4,4,7,3,5,2900.0,6.92,8,3200.0,5.89,5,0,2,#FFD700,86.9,-1.9,87.1,5,5,5,1,REDUP(첩어・동일)
살짝 쾅거리다,saljjag kwanggeorida,2,512,0,2,1,32,1,saltɕ͈ak̚ kʰwaŋkʌrita,6,2,4,8,5,5,2600.0,6.69,8,1800.0,4.91,5,0,3,#FFD700,86.9,-1.9,87.1,5,5,5,8,STEM+GEORIDA
슬쩍 쾅거리다,seuljjeog kwanggeorida,2,512,0,2,1,32,1,sɯltɕ͈ʌk̚ kʰwaŋkʌrita,6,2,4,8,5,5,2600.0,6.69,8,1800.0,4.91,5,0,3,#FFD700,86.9,-1.9,87.1,5,5,5,8,STEM+GEORIDA
선뜻 쾅거리다,seontteus kwanggeorida,2,512,0,2,1,32,1,sʌnt͈ɯs̚ kʰwaŋkʌrita,6,2,4,8,5,5,2600.0,6.69,8,1800.0,4.91,5,0,3,#FFD700,86.9,-1.9,87.1,5,5,5,8,STEM+GEORIDA
단번에 쾅거리다,danbeone kwanggeorida,2,512,0,2,1,32,1,tanpʌne kʰwaŋkʌrita,5,2,4,7,3,5,2900.0,6.92,8,1800.0,4.91,5,0,2,#FFD700,86.9,-1.9,87.1,5,5,5,8,STEM+GEORIDA
한번에 쾅거리다,hanbeone kwanggeorida,2,512,0,2,1,32,1,hanpʌne kʰwaŋkʌrita,5,2,4,7,3,5,2900.0,6.92,8,1800.0,4.91,5,0,2,#FFD700,86.9,-1.9,87.1,5,5,5,8,STEM+GEORIDA
살짝 쾅쾅거리다,saljjag kwangkwanggeorida,2,512,0,2,1,33,1,saltɕ͈ak̚ kʰwaŋkʰwaŋkʌrita,6,4,4,8,5,5,2600.0,6.69,8,3200.0,5.89,5,0,3,#FFD700,86.9,-1.9,87.1,5,5,5,1,STEM+GEORIDA
슬쩍 쾅쾅거리다,seuljjeog kwangkwanggeorida,2,512,0,2,1,33,1,sɯltɕ͈ʌk̚ kʰwaŋkʰwaŋkʌrita,6,4,4,8,5,5,2600.0,6.69,8,3200.0,5.89,5,0,3,#FFD700,86.9,-1.9,87.1,5,5,5,1,STEM+GEORIDA
선뜻 쾅쾅거리다,seontteus kwangkwanggeorida,2,512,0,2,1,33,1,sʌnt͈ɯs̚ kʰwaŋkʰwaŋkʌrita,6,4,4,8,5,5,2600.0,6.69,8,3200.0,5.89,5,0,3,#FFD700,86.9,-1.9,87.1,5,5,5,1,STEM+GEORIDA
단번에 쾅쾅거리다,danbeone kwangkwanggeorida,2,512,0,2,1,33,1,tanpʌne kʰwaŋkʰwaŋkʌrita,5,4,4,7,3,5,2900.0,6.92,8,3200.0,5.89,5,0,2,#FFD700,86.9,-1.9,87.1,5,5,5,1,STEM+GEORIDA
한번에 쾅쾅거리다,hanbeone kwangkwanggeorida,2,512,0,2,1,33,1,hanpʌne kʰwaŋkʰwaŋkʌrita,5,4,4,7,3,5,2900.0,6.92,8,3200.0,5.89,5,0,2,#FFD700,86.9,-1.9,87.1,5,5,5,1,STEM+GEORIDA
살짝 쾅대다,saljjag kwangdaeda,2,512,0,2,1,32,1,saltɕ͈ak̚ kʰwaŋtɛta,6,2,4,8,5,5,2600.0,6.69,8,1800.0,4.91,5,0,3,#FFD700,86.9,-1.9,87.1,5,5,5,8,STEM+DAEDA
슬쩍 쾅대다,seuljjeog kwangdaeda,2,512,0,2,1,32,1,sɯltɕ͈ʌk̚ kʰwaŋtɛta,6,2,4,8,5,5,2600.0,6.69,8,1800.0,4.91,5,0,3,#FFD700,86.9,-1.9,87.1,5,5,5,8,STEM+DAEDA
선뜻 쾅대다,seontteus kwangdaeda,2,512,0,2,1,32,1,sʌnt͈ɯs̚ kʰwaŋtɛta,6,2,4,8,5,5,2600.0,6.69,8,1800.0,4.91,5,0,3,#FFD700,86.9,-1.9,87.1,5,5,5,8,STEM+DAEDA
단번에 쾅대다,danbeone kwangdaeda,2,512,0,2,1,32,1,tanpʌne kʰwaŋtɛta,5,2,4,7,3,5,2900.0,6.92,8,1800.0,4.91,5,0,2,#FFD700,86.9,-1.9,87.1,5,5,5,8,STEM+DAEDA
한번에 쾅대다,hanbeone kwangdaeda,2,512,0,2,1,32,1,hanpʌne kʰwaŋtɛta,5,2,4,7,3,5,2900.0,6.92,8,1800.0,4.91,5,0,2,#FFD700,86.9,-1.9,87.1,5,5,5,8,STEM+DAEDA
살짝 쾅쾅대다,saljjag kwangkwangdaeda,2,512,0,2,1,33,1,saltɕ͈ak̚ kʰwaŋkʰwaŋtɛta,6,4,4,8,5,5,2600.0,6.69,8,3200.0,5.89,5,0,3,#FFD700,86.9,-1.9,87.1,5,5,5,1,STEM+DAEDA
슬쩍 쾅쾅대다,seuljjeog kwangkwangdaeda,2,512,0,2,1,33,1,sɯltɕ͈ʌk̚ kʰwaŋkʰwaŋtɛta,6,4,4,8,5,5,2600.0,6.69,8,3200.0,5.89,5,0,3,#FFD700,86.9,-1.9,87.1,5,5,5,1,STEM+DAEDA
선뜻 쾅쾅대다,seontteus kwangkwangdaeda,2,512,0,2,1,33,1,sʌnt͈ɯs̚ kʰwaŋkʰwaŋtɛta,6,4,4,8,5,5,2600.0,6.69,8,3200.0,5.89,5,0,3,#FFD700,86.9,-1.9,87.1,5,5,5,1,STEM+DAEDA
단번에 쾅쾅대다,danbeone kwangkwangdaeda,2,512,0,2,1,33,1,tanpʌne kʰwaŋkʰwaŋtɛta,5,4,4,7,3,5,2900.0,6.92,8,3200.0,5.89,5,0,2,#FFD700,86.9,-1.9,87.1,5,5,5,1,STEM+DAEDA
한번에 쾅쾅대다,hanbeone kwangkwangdaeda,2,512,0,2,1,33,1,hanpʌne kʰwaŋkʰwaŋtɛta,5,4,4,7,3,5,2900.0,6.92,8,3200.0,5.89,5,0,2,#FFD700,86.9,-1.9,87.1,5,5,5,1,STEM+DAEDA
살짝 쾅이다,saljjag kwangida,2,512,0,2,1,32,1,saltɕ͈ak̚ kʰwaŋita,6,2,4,8,5,5,2600.0,6.69,8,1800.0,4.91,5,0,3,#FFD700,86.9,-1.9,87.1,5,5,5,8,STEM+IDA
슬쩍 쾅이다,seuljjeog kwangida,2,512,0,2,1,32,1,sɯltɕ͈ʌk̚ kʰwaŋita,6,2,4,8,5,5,2600.0,6.69,8,1800.0,4.91,5,0,3,#FFD700,86.9,-1.9,87.1,5,5,5,8,STEM+IDA
선뜻 쾅이다,seontteus kwangida,2,512,0,2,1,32,1,sʌnt͈ɯs̚ kʰwaŋita,6,2,4,8,5,5,2600.0,6.69,8,1800.0,4.91,5,0,3,#FFD700,86.9,-1.9,87.1,5,5,5,8,STEM+IDA
단번에 쾅이다,danbeone kwangida,2,512,0,2,1,32,1,tanpʌne kʰwaŋita,5,2,4,7,3,5,2900.0,6.92,8,1800.0,4.91,5,0,2,#FFD700,86.9,-1.9,87.1,5,5,5,8,STEM+IDA
한번에 쾅이다,hanbeone kwangida,2,512,0,2,1,32,1,hanpʌne kʰwaŋita,5,2,4,7,3,5,2900.0,6.92,8,1800.0,4.91,5,0,2,#FFD700,86.9,-1.9,87.1,5,5,5,8,STEM+IDA
살짝 쾅쾅이다,saljjag kwangkwangida,2,512,0,2,1,33,1,saltɕ͈ak̚ kʰwaŋkʰwaŋita,6,4,4,8,5,5,2600.0,6.69,8,3200.0,5.89,5,0,3,#FFD700,86.9,-1.9,87.1,5,5,5,1,STEM+IDA
슬쩍 쾅쾅이다,seuljjeog kwangkwangida,2,512,0,2,1,33,1,sɯltɕ͈ʌk̚ kʰwaŋkʰwaŋita,6,4,4,8,5,5,2600.0,6.69,8,3200.0,5.89,5,0,3,#FFD700,86.9,-1.9,87.1,5,5,5,1,STEM+IDA
선뜻 쾅쾅이다,seontteus kwangkwangida,2,512,0,2,1,33,1,sʌnt͈ɯs̚ kʰwaŋkʰwaŋita,6,4,4,8,5,5,2600.0,6.69,8,3200.0,5.89,5,0,3,#FFD700,86.9,-1.9,87.1,5,5,5,1,STEM+IDA
단번에 쾅쾅이다,danbeone kwangkwangida,2,512,0,2,1,33,1,tanpʌne kʰwaŋkʰwaŋita,5,4,4,7,3,5,2900.0,6.92,8,3200.0,5.89,5,0,2,#FFD700,86.9,-1.9,87.1,5,5,5,1,STEM+IDA
한번에 쾅쾅이다,hanbeone kwangkwangida,2,512,0,2,1,33,1,hanpʌne kʰwaŋkʰwaŋita,5,4,4,7,3,5,2900.0,6.92,8,3200.0,5.89,5,0,2,#FFD700,86.9,-1.9,87.1,5,5,5,1,STEM+IDA
살짝 쾅하다,saljjag kwanghada,2,512,0,2,1,32,1,saltɕ͈ak̚ kʰwaŋhata,6,2,4,8,5,5,2600.0,6.69,8,1800.0,4.91,5,0,3,#FFD700,86.9,-1.9,87.1,5,5,5,8,STEM+HADA
슬쩍 쾅하다,seuljjeog kwanghada,2,512,0,2,1,32,1,sɯltɕ͈ʌk̚ kʰwaŋhata,6,2,4,8,5,5,2600.0,6.69,8,1800.0,4.91,5,0,3,#FFD700,86.9,-1.9,87.1,5,5,5,8,STEM+HADA
선뜻 쾅하다,seontteus kwanghada,2,512,0,2,1,32,1,sʌnt͈ɯs̚ kʰwaŋhata,6,2,4,8,5,5,2600.0,6.69,8,1800.0,4.91,5,0,3,#FFD700,86.9,-1.9,87.1,5,5,5,8,STEM+HADA
단번에 쾅하다,danbeone kwanghada,2,512,0,2,1,32,1,tanpʌne kʰwaŋhata,5,2,4,7,3,5,2900.0,6.92,8,1800.0,4.91,5,0,2,#FFD700,86.9,-1.9,87.1,5,5,5,8,STEM+HADA
한번에 쾅하다,hanbeone kwanghada,2,512,0,2,1,32,1,hanpʌne kʰwaŋhata,5,2,4,7,3,5,2900.0,6.92,8,1800.0,4.91,5,0,2,#FFD700,86.9,-1.9,87.1,5,5,5,8,STEM+HADA
살짝 쾅쾅하다,saljjag kwangkwanghada,2,512,0,2,1,33,1,saltɕ͈ak̚ kʰwaŋkʰwaŋhata,6,4,4,8,5,5,2600.0,6.69,8,3200.0,5.89,5,0,3,#FFD700,86.9,-1.9,87.1,5,5,5,1,STEM+HADA
슬쩍 쾅쾅하다,seuljjeog kwangkwanghada,2,512,0,2,1,33,1,sɯltɕ͈ʌk̚ kʰwaŋkʰwaŋhata,6,4,4,8,5,5,2600.0,6.69,8,3200.0,5.89,5,0,3,#FFD700,86.9,-1.9,87.1,5,5,5,1,STEM+HADA
선뜻 쾅쾅하다,seontteus kwangkwanghada,2,512,0,2,1,33,1,sʌnt͈ɯs̚ kʰwaŋkʰwaŋhata,6,4,4,8,5,5,2600.0,6.69,8,3200.0,5.89,5,0,3,#FFD700,86.9,-1.9,87.1,5,5,5,1,STEM+HADA
단번에 쾅쾅하다,danbeone kwangkwanghada,2,512,0,2,1,33,1,tanpʌne kʰwaŋkʰwaŋhata,5,4,4,7,3,5,2900.0,6.92,8,3200.0,5.89,5,0,2,#FFD700,86.9,-1.9,87.1,5,5,5,1,STEM+HADA
한번에 쾅쾅하다,hanbeone kwangkwanghada,2,512,0,2,1,33,1,hanpʌne kʰwaŋkʰwaŋhata,5,4,4,7,3,5,2900.0,6.92,8,3200.0,5.89,5,0,2,#FFD700,86.9,-1.9,87.1,5,5,5,1,STEM+HADA
살짝 쾅스럽다,saljjag kwangseureopda,2,512,0,2,1,32,1,saltɕ͈ak̚ kʰwaŋsɯrʌp̚ta,6,2,4,8,5,5,2600.0,6.69,8,1800.0,4.91,5,0,3,#FFD700,86.9,-1.9,87.1,5,5,5,8,SUFFIX(어미변화)
슬쩍 쾅스럽다,seuljjeog kwangseureopda,2,512,0,2,1,32,1,sɯltɕ͈ʌk̚ kʰwaŋsɯrʌp̚ta,6,2,4,8,5,5,2600.0,6.69,8,1800.0,4.91,5,0,3,#FFD700,86.9,-1.9,87.1,5,5,5,8,SUFFIX(어미변화)
선뜻 쾅스럽다,seontteus kwangseureopda,2,512,0,2,1,32,1,sʌnt͈ɯs̚ kʰwaŋsɯrʌp̚ta,6,2,4,8,5,5,2600.0,6.69,8,1800.0,4.91,5,0,3,#FFD700,86.9,-1.9,87.1,5,5,5,8,SUFFIX(어미변화)
단번에 쾅스럽다,danbeone kwangseureopda,2,512,0,2,1,32,1,tanpʌne kʰwaŋsɯrʌp̚ta,5,2,4,7,5,5,2900.0,6.92,8,1800.0,4.91,5,0,3,#FFD700,86.9,-1.9,87.1,5,5,5,8,SUFFIX(어미변화)
한번에 쾅스럽다,hanbeone kwangseureopda,2,512,0,2,1,32,1,hanpʌne kʰwaŋsɯrʌp̚ta,5,2,4,7,5,5,2900.0,6.92,8,1800.0,4.91,5,0,3,#FFD700,86.9,-1.9,87.1,5,5,5,8,SUFFIX(어미변화)
살짝 쾅쾅스럽다,saljjag kwangkwangseureopda,2,512,0,2,1,33,1,saltɕ͈ak̚ kʰwaŋkʰwaŋsɯrʌp̚ta,6,4,4,8,5,5,2600.0,6.69,8,3200.0,5.89,5,0,3,#FFD700,86.9,-1.9,87.1,5,5,5,1,REDUP(첩어・동일)
슬쩍 쾅쾅스럽다,seuljjeog kwangkwangseureopda,2,512,0,2,1,33,1,sɯltɕ͈ʌk̚ kʰwaŋkʰwaŋsɯrʌp̚ta,6,4,4,8,5,5,2600.0,6.69,8,3200.0,5.89,5,0,3,#FFD700,86.9,-1.9,87.1,5,5,5,1,REDUP(첩어・동일)
선뜻 쾅쾅스럽다,seontteus kwangkwangseureopda,2,512,0,2,1,33,1,sʌnt͈ɯs̚ kʰwaŋkʰwaŋsɯrʌp̚ta,6,4,4,8,5,5,2600.0,6.69,8,3200.0,5.89,5,0,3,#FFD700,86.9,-1.9,87.1,5,5,5,1,REDUP(첩어・동일)
단번에 쾅쾅스럽다,danbeone kwangkwangseureopda,2,512,0,2,1,33,1,tanpʌne kʰwaŋkʰwaŋsɯrʌp̚ta,5,4,4,7,5,5,2900.0,6.92,8,3200.0,5.89,5,0,3,#FFD700,86.9,-1.9,87.1,5,5,5,1,REDUP(첩어・동일)
한번에 쾅쾅스럽다,hanbeone kwangkwangseureopda,2,512,0,2,1,33,1,hanpʌne kʰwaŋkʰwaŋsɯrʌp̚ta,5,4,4,7,5,5,2900.0,6.92,8,3200.0,5.89,5,0,3,#FFD700,86.9,-1.9,87.1,5,5,5,1,REDUP(첩어・동일)
살짝 쾅맞다,saljjag kwangmajda,2,512,0,2,1,32,1,saltɕ͈ak̚ kʰwaŋmat̚ta,6,2,4,8,5,5,2600.0,6.69,8,1800.0,4.91,5,0,3,#FFD700,86.9,-1.9,87.1,5,5,5,8,SUFFIX(어미변화)
슬쩍 쾅맞다,seuljjeog kwangmajda,2,512,0,2,1,32,1,sɯltɕ͈ʌk̚ kʰwaŋmat̚ta,6,2,4,8,5,5,2600.0,6.69,8,1800.0,4.91,5,0,3,#FFD700,86.9,-1.9,87.1,5,5,5,8,SUFFIX(어미변화)
선뜻 쾅맞다,seontteus kwangmajda,2,512,0,2,1,32,1,sʌnt͈ɯs̚ kʰwaŋmat̚ta,6,2,4,8,5,5,2600.0,6.69,8,1800.0,4.91,5,0,3,#FFD700,86.9,-1.9,87.1,5,5,5,8,SUFFIX(어미변화)
단번에 쾅맞다,danbeone kwangmajda,2,512,0,2,1,32,1,tanpʌne kʰwaŋmat̚ta,5,2,4,7,3,5,2900.0,6.92,8,1800.0,4.91,5,0,2,#FFD700,86.9,-1.9,87.1,5,5,5,8,SUFFIX(어미변화)
한번에 쾅맞다,hanbeone kwangmajda,2,512,0,2,1,32,1,hanpʌne kʰwaŋmat̚ta,5,2,4,7,3,5,2900.0,6.92,8,1800.0,4.91,5,0,2,#FFD700,86.9,-1.9,87.1,5,5,5,8,SUFFIX(어미변화)
살짝 쾅쾅맞다,saljjag kwangkwangmajda,2,512,0,2,1,33,1,saltɕ͈ak̚ kʰwaŋkʰwaŋmat̚ta,6,4,4,8,5,5,2600.0,6.69,8,3200.0,5.89,5,0,3,#FFD700,86.9,-1.9,87.1,5,5,5,1,REDUP(첩어・동일)
슬쩍 쾅쾅맞다,seuljjeog kwangkwangmajda,2,512,0,2,1,33,1,sɯltɕ͈ʌk̚ kʰwaŋkʰwaŋmat̚ta,6,4,4,8,5,5,2600.0,6.69,8,3200.0,5.89,5,0,3,#FFD700,86.9,-1.9,87.1,5,5,5,1,REDUP(첩어・동일)
선뜻 쾅쾅맞다,seontteus kwangkwangmajda,2,512,0,2,1,33,1,sʌnt͈ɯs̚ kʰwaŋkʰwaŋmat̚ta,6,4,4,8,5,5,2600.0,6.69,8,3200.0,5.89,5,0,3,#FFD700,86.9,-1.9,87.1,5,5,5,1,REDUP(첩어・동일)
단번에 쾅쾅맞다,danbeone kwangkwangmajda,2,512,0,2,1,33,1,tanpʌne kʰwaŋkʰwaŋmat̚ta,5,4,4,7,3,5,2900.0,6.92,8,3200.0,5.89,5,0,2,#FFD700,86.9,-1.9,87.1,5,5,5,1,REDUP(첩어・동일)
한번에 쾅쾅맞다,hanbeone kwangkwangmajda,2,512,0,2,1,33,1,hanpʌne kʰwaŋkʰwaŋmat̚ta,5,4,4,7,3,5,2900.0,6.92,8,3200.0,5.89,5,0,2,#FFD700,86.9,-1.9,87.1,5,5,5,1,REDUP(첩어・동일)
살짝 쾅하게,saljjag kwanghage,2,512,0,2,1,32,1,saltɕ͈ak̚ kʰwaŋhake,6,2,4,8,5,5,2600.0,6.69,8,1800.0,4.91,5,0,3,#FFD700,86.9,-1.9,87.1,5,5,5,8,SUFFIX(어미변화)
슬쩍 쾅하게,seuljjeog kwanghage,2,512,0,2,1,32,1,sɯltɕ͈ʌk̚ kʰwaŋhake,6,2,4,8,5,5,2600.0,6.69,8,1800.0,4.91,5,0,3,#FFD700,86.9,-1.9,87.1,5,5,5,8,SUFFIX(어미변화)
선뜻 쾅하게,seontteus kwanghage,2,512,0,2,1,32,1,sʌnt͈ɯs̚ kʰwaŋhake,6,2,4,8,5,5,2600.0,6.69,8,1800.0,4.91,5,0,3,#FFD700,86.9,-1.9,87.1,5,5,5,8,SUFFIX(어미변화)
단번에 쾅하게,danbeone kwanghage,2,512,0,2,1,32,1,tanpʌne kʰwaŋhake,5,2,4,7,3,5,2900.0,6.92,8,1800.0,4.91,5,0,2,#FFD700,86.9,-1.9,87.1,5,5,5,8,SUFFIX(어미변화)
한번에 쾅하게,hanbeone kwanghage,2,512,0,2,1,32,1,hanpʌne kʰwaŋhake,5,2,4,7,3,5,2900.0,6.92,8,1800.0,4.91,5,0,2,#FFD700,86.9,-1.9,87.1,5,5,5,8,SUFFIX(어미변화)
살짝 쾅쾅하게,saljjag kwangkwanghage,2,512,0,2,1,33,1,saltɕ͈ak̚ kʰwaŋkʰwaŋhake,6,4,4,8,5,5,2600.0,6.69,8,3200.0,5.89,5,0,3,#FFD700,86.9,-1.9,87.1,5,5,5,1,REDUP(첩어・동일)
슬쩍 쾅쾅하게,seuljjeog kwangkwanghage,2,512,0,2,1,33,1,sɯltɕ͈ʌk̚ kʰwaŋkʰwaŋhake,6,4,4,8,5,5,2600.0,6.69,8,3200.0,5.89,5,0,3,#FFD700,86.9,-1.9,87.1,5,5,5,1,REDUP(첩어・동일)
선뜻 쾅쾅하게,seontteus kwangkwanghage,2,512,0,2,1,33,1,sʌnt͈ɯs̚ kʰwaŋkʰwaŋhake,6,4,4,8,5,5,2600.0,6.69,8,3200.0,5.89,5,0,3,#FFD700,86.9,-1.9,87.1,5,5,5,1,REDUP(첩어・동일)
단번에 쾅쾅하게,danbeone kwangkwanghage,2,512,0,2,1,33,1,tanpʌne kʰwaŋkʰwaŋhake,5,4,4,7,3,5,2900.0,6.92,8,3200.0,5.89,5,0,2,#FFD700,86.9,-1.9,87.1,5,5,5,1,REDUP(첩어・동일)
한번에 쾅쾅하게,hanbeone kwangkwanghage,2,512,0,2,1,33,1,hanpʌne kʰwaŋkʰwaŋhake,5,4,4,7,3,5,2900.0,6.92,8,3200.0,5.89,5,0,2,#FFD700,86.9,-1.9,87.1,5,5,5,1,REDUP(첩어・동일)
살짝 쾅한,saljjag kwanghan,2,512,0,2,1,32,1,saltɕ͈ak̚ kʰwaŋhan,6,2,4,8,5,5,2600.0,6.69,8,1800.0,4.91,5,0,3,#FFD700,86.9,-1.9,87.1,5,5,5,8,SUFFIX(어미변화)
슬쩍 쾅한,seuljjeog kwanghan,2,512,0,2,1,32,1,sɯltɕ͈ʌk̚ kʰwaŋhan,6,2,4,8,5,5,2600.0,6.69,8,1800.0,4.91,5,0,3,#FFD700,86.9,-1.9,87.1,5,5,5,8,SUFFIX(어미변화)
선뜻 쾅한,seontteus kwanghan,2,512,0,2,1,32,1,sʌnt͈ɯs̚ kʰwaŋhan,6,2,4,8,5,5,2600.0,6.69,8,1800.0,4.91,5,0,3,#FFD700,86.9,-1.9,87.1,5,5,5,8,SUFFIX(어미변화)
단번에 쾅한,danbeone kwanghan,2,512,0,2,1,32,1,tanpʌne kʰwaŋhan,5,2,4,7,3,5,2900.0,6.92,8,1800.0,4.91,5,0,2,#FFD700,86.9,-1.9,87.1,5,5,5,8,SUFFIX(어미변화)
한번에 쾅한,hanbeone kwanghan,2,512,0,2,1,32,1,hanpʌne kʰwaŋhan,5,2,4,7,3,5,2900.0,6.92,8,1800.0,4.91,5,0,2,#FFD700,86.9,-1.9,87.1,5,5,5,8,SUFFIX(어미변화)
살짝 쾅쾅한,saljjag kwangkwanghan,2,512,0,2,1,33,1,saltɕ͈ak̚ kʰwaŋkʰwaŋhan,6,4,4,8,5,5,2600.0,6.69,8,3200.0,5.89,5,0,3,#FFD700,86.9,-1.9,87.1,5,5,5,1,REDUP(첩어・동일)
슬쩍 쾅쾅한,seuljjeog kwangkwanghan,2,512,0,2,1,33,1,sɯltɕ͈ʌk̚ kʰwaŋkʰwaŋhan,6,4,4,8,5,5,2600.0,6.69,8,3200.0,5.89,5,0,3,#FFD700,86.9,-1.9,87.1,5,5,5,1,REDUP(첩어・동일)
선뜻 쾅쾅한,seontteus kwangkwanghan,2,512,0,2,1,33,1,sʌnt͈ɯs̚ kʰwaŋkʰwaŋhan,6,4,4,8,5,5,2600.0,6.69,8,3200.0,5.89,5,0,3,#FFD700,86.9,-1.9,87.1,5,5,5,1,REDUP(첩어・동일)
단번에 쾅쾅한,danbeone kwangkwanghan,2,512,0,2,1,33,1,tanpʌne kʰwaŋkʰwaŋhan,5,4,4,7,3,5,2900.0,6.92,8,3200.0,5.89,5,0,2,#FFD700,86.9,-1.9,87.1,5,5,5,1,REDUP(첩어・동일)
한번에 쾅쾅한,hanbeone kwangkwanghan,2,512,0,2,1,33,1,hanpʌne kʰwaŋkʰwaŋhan,5,4,4,7,3,5,2900.0,6.92,8,3200.0,5.89,5,0,2,#FFD700,86.9,-1.9,87.1,5,5,5,1,REDUP(첩어・동일)
살짝 쾅스럽게,saljjag kwangseureopge,2,512,0,2,1,32,1,saltɕ͈ak̚ kʰwaŋsɯrʌp̚ke,6,2,4,8,5,5,2600.0,6.69,8,1800.0,4.91,5,0,3,#FFD700,86.9,-1.9,87.1,5,5,5,8,SUFFIX(어미변화)
슬쩍 쾅스럽게,seuljjeog kwangseureopge,2,512,0,2,1,32,1,sɯltɕ͈ʌk̚ kʰwaŋsɯrʌp̚ke,6,2,4,8,5,5,2600.0,6.69,8,1800.0,4.91,5,0,3,#FFD700,86.9,-1.9,87.1,5,5,5,8,SUFFIX(어미변화)
선뜻 쾅스럽게,seontteus kwangseureopge,2,512,0,2,1,32,1,sʌnt͈ɯs̚ kʰwaŋsɯrʌp̚ke,6,2,4,8,5,5,2600.0,6.69,8,1800.0,4.91,5,0,3,#FFD700,86.9,-1.9,87.1,5,5,5,8,SUFFIX(어미변화)
단번에 쾅스럽게,danbeone kwangseureopge,2,512,0,2,1,32,1,tanpʌne kʰwaŋsɯrʌp̚ke,5,2,4,7,5,5,2900.0,6.92,8,1800.0,4.91,5,0,3,#FFD700,86.9,-1.9,87.1,5,5,5,8,SUFFIX(어미변화)
한번에 쾅스럽게,hanbeone kwangseureopge,2,512,0,2,1,32,1,hanpʌne kʰwaŋsɯrʌp̚ke,5,2,4,7,5,5,2900.0,6.92,8,1800.0,4.91,5,0,3,#FFD700,86.9,-1.9,87.1,5,5,5,8,SUFFIX(어미변화)
살짝 쾅쾅스럽게,saljjag kwangkwangseureopge,2,512,0,2,1,33,1,saltɕ͈ak̚ kʰwaŋkʰwaŋsɯrʌp̚ke,6,4,4,8,5,5,2600.0,6.69,8,3200.0,5.89,5,0,3,#FFD700,86.9,-1.9,87.1,5,5,5,1,REDUP(첩어・동일)
슬쩍 쾅쾅스럽게,seuljjeog kwangkwangseureopge,2,512,0,2,1,33,1,sɯltɕ͈ʌk̚ kʰwaŋkʰwaŋsɯrʌp̚ke,6,4,4,8,5,5,2600.0,6.69,8,3200.0,5.89,5,0,3,#FFD700,86.9,-1.9,87.1,5,5,5,1,REDUP(첩어・동일)
선뜻 쾅쾅스럽게,seontteus kwangkwangseureopge,2,512,0,2,1,33,1,sʌnt͈ɯs̚ kʰwaŋkʰwaŋsɯrʌp̚ke,6,4,4,8,5,5,2600.0,6.69,8,3200.0,5.89,5,0,3,#FFD700,86.9,-1.9,87.1,5,5,5,1,REDUP(첩어・동일)
단번에 쾅쾅스럽게,danbeone kwangkwangseureopge,2,512,0,2,1,33,1,tanpʌne kʰwaŋkʰwaŋsɯrʌp̚ke,5,4,4,7,5,5,2900.0,6.92,8,3200.0,5.89,5,0,3,#FFD700,86.9,-1.9,87.1,5,5,5,1,REDUP(첩어・동일)
한번에 쾅쾅스럽게,hanbeone kwangkwangseureopge,2,512,0,2,1,33,1,hanpʌne kʰwaŋkʰwaŋsɯrʌp̚ke,5,4,4,7,5,5,2900.0,6.92,8,3200.0,5.89,5,0,3,#FFD700,86.9,-1.9,87.1,5,5,5,1,REDUP(첩어・동일)
살짝 쾅스러운,saljjag kwangseureoun,2,512,0,2,1,32,1,saltɕ͈ak̚ kʰwaŋsɯrʌun,6,2,4,8,5,5,2600.0,6.69,8,1800.0,4.91,5,0,3,#FFD700,86.9,-1.9,87.1,5,5,5,8,SUFFIX(어미변화)
슬쩍 쾅스러운,seuljjeog kwangseureoun,2,512,0,2,1,32,1,sɯltɕ͈ʌk̚ kʰwaŋsɯrʌun,6,2,4,8,5,5,2600.0,6.69,8,1800.0,4.91,5,0,3,#FFD700,86.9,-1.9,87.1,5,5,5,8,SUFFIX(어미변화)
선뜻 쾅스러운,seontteus kwangseureoun,2,512,0,2,1,32,1,sʌnt͈ɯs̚ kʰwaŋsɯrʌun,6,2,4,8,5,5,2600.0,6.69,8,1800.0,4.91,5,0,3,#FFD700,86.9,-1.9,87.1,5,5,5,8,SUFFIX(어미변화)
단번에 쾅스러운,danbeone kwangseureoun,2,512,0,2,1,32,1,tanpʌne kʰwaŋsɯrʌun,5,2,4,7,3,5,2900.0,6.92,8,1800.0,4.91,5,0,2,#FFD700,86.9,-1.9,87.1,5,5,5,8,SUFFIX(어미변화)
한번에 쾅스러운,hanbeone kwangseureoun,2,512,0,2,1,32,1,hanpʌne kʰwaŋsɯrʌun,5,2,4,7,3,5,2900.0,6.92,8,1800.0,4.91,5,0,2,#FFD700,86.9,-1.9,87.1,5,5,5,8,SUFFIX(어미변화)
살짝 쾅쾅스러운,saljjag kwangkwangseureoun,2,512,0,2,1,33,1,saltɕ͈ak̚ kʰwaŋkʰwaŋsɯrʌun,6,4,4,8,5,5,2600.0,6.69,8,3200.0,5.89,5,0,3,#FFD700,86.9,-1.9,87.1,5,5,5,1,REDUP(첩어・동일)
슬쩍 쾅쾅스러운,seuljjeog kwangkwangseureoun,2,512,0,2,1,33,1,sɯltɕ͈ʌk̚ kʰwaŋkʰwaŋsɯrʌun,6,4,4,8,5,5,2600.0,6.69,8,3200.0,5.89,5,0,3,#FFD700,86.9,-1.9,87.1,5,5,5,1,REDUP(첩어・동일)
선뜻 쾅쾅스러운,seontteus kwangkwangseureoun,2,512,0,2,1,33,1,sʌnt͈ɯs̚ kʰwaŋkʰwaŋsɯrʌun,6,4,4,8,5,5,2600.0,6.69,8,3200.0,5.89,5,0,3,#FFD700,86.9,-1.9,87.1,5,5,5,1,REDUP(첩어・동일)
단번에 쾅쾅스러운,danbeone kwangkwangseureoun,2,512,0,2,1,33,1,tanpʌne kʰwaŋkʰwaŋsɯrʌun,5,4,4,7,3,5,2900.0,6.92,8,3200.0,5.89,5,0,2,#FFD700,86.9,-1.9,87.1,5,5,5,1,REDUP(첩어・동일)
한번에 쾅쾅스러운,hanbeone kwangkwangseureoun,2,512,0,2,1,33,1,hanpʌne kʰwaŋkʰwaŋsɯrʌun,5,4,4,7,3,5,2900.0,6.92,8,3200.0,5.89,5,0,2,#FFD700,86.9,-1.9,87.1,5,5,5,1,REDUP(첩어・동일)
살짝 쾅해서,saljjag kwanghaeseo,2,512,0,2,1,32,1,saltɕ͈ak̚ kʰwaŋhɛsʌ,6,2,4,8,5,5,2600.0,6.69,8,1800.0,4.91,5,0,3,#FFD700,86.9,-1.9,87.1,5,5,5,8,SUFFIX(어미변화)
슬쩍 쾅해서,seuljjeog kwanghaeseo,2,512,0,2,1,32,1,sɯltɕ͈ʌk̚ kʰwaŋhɛsʌ,6,2,4,8,5,5,2600.0,6.69,8,1800.0,4.91,5,0,3,#FFD700,86.9,-1.9,87.1,5,5,5,8,SUFFIX(어미변화)
선뜻 쾅해서,seontteus kwanghaeseo,2,512,0,2,1,32,1,sʌnt͈ɯs̚ kʰwaŋhɛsʌ,6,2,4,8,5,5,2600.0,6.69,8,1800.0,4.91,5,0,3,#FFD700,86.9,-1.9,87.1,5,5,5,8,SUFFIX(어미변화)
단번에 쾅해서,danbeone kwanghaeseo,2,512,0,2,1,32,1,tanpʌne kʰwaŋhɛsʌ,5,2,4,7,3,5,2900.0,6.92,8,1800.0,4.91,5,0,2,#FFD700,86.9,-1.9,87.1,5,5,5,8,SUFFIX(어미변화)
한번에 쾅해서,hanbeone kwanghaeseo,2,512,0,2,1,32,1,hanpʌne kʰwaŋhɛsʌ,5,2,4,7,3,5,2900.0,6.92,8,1800.0,4.91,5,0,2,#FFD700,86.9,-1.9,87.1,5,5,5,8,SUFFIX(어미변화)
살짝 쾅쾅해서,saljjag kwangkwanghaeseo,2,512,0,2,1,33,1,saltɕ͈ak̚ kʰwaŋkʰwaŋhɛsʌ,6,4,4,8,5,5,2600.0,6.69,8,3200.0,5.89,5,0,3,#FFD700,86.9,-1.9,87.1,5,5,5,1,REDUP(첩어・동일)
슬쩍 쾅쾅해서,seuljjeog kwangkwanghaeseo,2,512,0,2,1,33,1,sɯltɕ͈ʌk̚ kʰwaŋkʰwaŋhɛsʌ,6,4,4,8,5,5,2600.0,6.69,8,3200.0,5.89,5,0,3,#FFD700,86.9,-1.9,87.1,5,5,5,1,REDUP(첩어・동일)
선뜻 쾅쾅해서,seontteus kwangkwanghaeseo,2,512,0,2,1,33,1,sʌnt͈ɯs̚ kʰwaŋkʰwaŋhɛsʌ,6,4,4,8,5,5,2600.0,6.69,8,3200.0,5.89,5,0,3,#FFD700,86.9,-1.9,87.1,5,5,5,1,REDUP(첩어・동일)
단번에 쾅쾅해서,danbeone kwangkwanghaeseo,2,512,0,2,1,33,1,tanpʌne kʰwaŋkʰwaŋhɛsʌ,5,4,4,7,3,5,2900.0,6.92,8,3200.0,5.89,5,0,2,#FFD700,86.9,-1.9,87.1,5,5,5,1,REDUP(첩어・동일)
한번에 쾅쾅해서,hanbeone kwangkwanghaeseo,2,512,0,2,1,33,1,hanpʌne kʰwaŋkʰwaŋhɛsʌ,5,4,4,7,3,5,2900.0,6.92,8,3200.0,5.89,5,0,2,#FFD700,86.9,-1.9,87.1,5,5,5,1,REDUP(첩어・동일)
살짝 쾅하고,saljjag kwanghago,2,512,0,2,1,32,1,saltɕ͈ak̚ kʰwaŋhako,6,2,4,8,5,5,2600.0,6.69,8,1800.0,4.91,5,0,3,#FFD700,86.9,-1.9,87.1,5,5,5,8,SUFFIX(어미변화)
슬쩍 쾅하고,seuljjeog kwanghago,2,512,0,2,1,32,1,sɯltɕ͈ʌk̚ kʰwaŋhako,6,2,4,8,5,5,2600.0,6.69,8,1800.0,4.91,5,0,3,#FFD700,86.9,-1.9,87.1,5,5,5,8,SUFFIX(어미변화)
선뜻 쾅하고,seontteus kwanghago,2,512,0,2,1,32,1,sʌnt͈ɯs̚ kʰwaŋhako,6,2,4,8,5,5,2600.0,6.69,8,1800.0,4.91,5,0,3,#FFD700,86.9,-1.9,87.1,5,5,5,8,SUFFIX(어미변화)
단번에 쾅하고,danbeone kwanghago,2,512,0,2,1,32,1,tanpʌne kʰwaŋhako,5,2,4,7,3,5,2900.0,6.92,8,1800.0,4.91,5,0,2,#FFD700,86.9,-1.9,87.1,5,5,5,8,SUFFIX(어미변화)
한번에 쾅하고,hanbeone kwanghago,2,512,0,2,1,32,1,hanpʌne kʰwaŋhako,5,2,4,7,3,5,2900.0,6.92,8,1800.0,4.91,5,0,2,#FFD700,86.9,-1.9,87.1,5,5,5,8,SUFFIX(어미변화)
살짝 쾅쾅하고,saljjag kwangkwanghago,2,512,0,2,1,33,1,saltɕ͈ak̚ kʰwaŋkʰwaŋhako,6,4,4,8,5,5,2600.0,6.69,8,3200.0,5.89,5,0,3,#FFD700,86.9,-1.9,87.1,5,5,5,1,REDUP(첩어・동일)
슬쩍 쾅쾅하고,seuljjeog kwangkwanghago,2,512,0,2,1,33,1,sɯltɕ͈ʌk̚ kʰwaŋkʰwaŋhako,6,4,4,8,5,5,2600.0,6.69,8,3200.0,5.89,5,0,3,#FFD700,86.9,-1.9,87.1,5,5,5,1,REDUP(첩어・동일)
선뜻 쾅쾅하고,seontteus kwangkwanghago,2,512,0,2,1,33,1,sʌnt͈ɯs̚ kʰwaŋkʰwaŋhako,6,4,4,8,5,5,2600.0,6.69,8,3200.0,5.89,5,0,3,#FFD700,86.9,-1.9,87.1,5,5,5,1,REDUP(첩어・동일)
단번에 쾅쾅하고,danbeone kwangkwanghago,2,512,0,2,1,33,1,tanpʌne kʰwaŋkʰwaŋhako,5,4,4,7,3,5,2900.0,6.92,8,3200.0,5.89,5,0,2,#FFD700,86.9,-1.9,87.1,5,5,5,1,REDUP(첩어・동일)
한번에 쾅쾅하고,hanbeone kwangkwanghago,2,512,0,2,1,33,1,hanpʌne kʰwaŋkʰwaŋhako,5,4,4,7,3,5,2900.0,6.92,8,3200.0,5.89,5,0,2,#FFD700,86.9,-1.9,87.1,5,5,5,1,REDUP(첩어・동일)
살짝 우당탕,saljjag udangtang,2,2,0,1,1,40,1,saltɕ͈ak̚ utaŋtʰaŋ,4,2,6,8,5,5,2600.0,6.69,8,1800.0,4.91,5,0,3,#FFD700,86.9,-1.9,87.1,5,5,5,8,SUFFIX(어미변화)
슬쩍 우당탕,seuljjeog udangtang,2,2,0,1,1,40,1,sɯltɕ͈ʌk̚ utaŋtʰaŋ,4,2,6,8,5,5,2600.0,6.69,8,1800.0,4.91,5,0,3,#FFD700,86.9,-1.9,87.1,5,5,5,8,SUFFIX(어미변화)
선뜻 우당탕,seontteus udangtang,2,2,0,1,1,40,1,sʌnt͈ɯs̚ utaŋtʰaŋ,4,2,6,8,5,5,2600.0,6.69,8,1800.0,4.91,5,0,3,#FFD700,86.9,-1.9,87.1,5,5,5,8,SUFFIX(어미변화)
단번에 우당탕,danbeone udangtang,2,2,0,1,1,40,1,tanpʌne utaŋtʰaŋ,3,2,6,7,3,5,2900.0,6.92,8,1800.0,4.91,5,0,2,#FFD700,86.9,-1.9,87.1,5,5,5,8,SUFFIX(어미변화)
한번에 우당탕,hanbeone udangtang,2,2,0,1,1,40,1,hanpʌne utaŋtʰaŋ,3,2,6,7,3,5,2900.0,6.92,8,1800.0,4.91,5,0,2,#FFD700,86.9,-1.9,87.1,5,5,5,8,SUFFIX(어미변화)
살짝 우당탕우당탕,saljjag udangtangudangtang,2,2,0,1,1,33,1,saltɕ͈ak̚ utaŋtʰaŋutaŋtʰaŋ,4,4,6,8,5,5,2600.0,6.69,8,3200.0,5.89,5,0,3,#FFD700,86.9,-1.9,87.1,5,5,5,1,REDUP(첩어・동일)
슬쩍 우당탕우당탕,seuljjeog udangtangudangtang,2,2,0,1,1,33,1,sɯltɕ͈ʌk̚ utaŋtʰaŋutaŋtʰaŋ,4,4,6,8,5,5,2600.0,6.69,8,3200.0,5.89,5,0,3,#FFD700,86.9,-1.9,87.1,5,5,5,1,REDUP(첩어・동일)
선뜻 우당탕우당탕,seontteus udangtangudangtang,2,2,0,1,1,33,1,sʌnt͈ɯs̚ utaŋtʰaŋutaŋtʰaŋ,4,4,6,8,5,5,2600.0,6.69,8,3200.0,5.89,5,0,3,#FFD700,86.9,-1.9,87.1,5,5,5,1,REDUP(첩어・동일)
단번에 우당탕우당탕,danbeone udangtangudangtang,2,2,0,1,1,33,1,tanpʌne utaŋtʰaŋutaŋtʰaŋ,3,4,6,7,3,5,2900.0,6.92,8,3200.0,5.89,5,0,2,#FFD700,86.9,-1.9,87.1,5,5,5,1,REDUP(첩어・동일)
한번에 우당탕우당탕,hanbeone udangtangudangtang,2,2,0,1,1,33,1,hanpʌne utaŋtʰaŋutaŋtʰaŋ,3,4,6,7,3,5,2900.0,6.92,8,3200.0,5.89,5,0,2,#FFD700,86.9,-1.9,87.1,5,5,5,1,REDUP(첩어・동일)
살짝 우당탕거리다,saljjag udangtanggeorida,2,2,0,1,1,32,1,saltɕ͈ak̚ utaŋtʰaŋkʌrita,4,2,6,8,5,5,2600.0,6.69,8,1800.0,4.91,5,0,3,#FFD700,86.9,-1.9,87.1,5,5,5,8,STEM+GEORIDA
슬쩍 우당탕거리다,seuljjeog udangtanggeorida,2,2,0,1,1,32,1,sɯltɕ͈ʌk̚ utaŋtʰaŋkʌrita,4,2,6,8,5,5,2600.0,6.69,8,1800.0,4.91,5,0,3,#FFD700,86.9,-1.9,87.1,5,5,5,8,STEM+GEORIDA
선뜻 우당탕거리다,seontteus udangtanggeorida,2,2,0,1,1,32,1,sʌnt͈ɯs̚ utaŋtʰaŋkʌrita,4,2,6,8,5,5,2600.0,6.69,8,1800.0,4.91,5,0,3,#FFD700,86.9,-1.9,87.1,5,5,5,8,STEM+GEORIDA
단번에 우당탕거리다,danbeone udangtanggeorida,2,2,0,1,1,32,1,tanpʌne utaŋtʰaŋkʌrita,3,2,6,7,3,5,2900.0,6.92,8,1800.0,4.91,5,0,2,#FFD700,86.9,-1.9,87.1,5,5,5,8,STEM+GEORIDA
한번에 우당탕거리다,hanbeone udangtanggeorida,2,2,0,1,1,32,1,hanpʌne utaŋtʰaŋkʌrita,3,2,6,7,3,5,2900.0,6.92,8,1800.0,4.91,5,0,2,#FFD700,86.9,-1.9,87.1,5,5,5,8,STEM+GEORIDA
살짝 우당탕대다,saljjag udangtangdaeda,2,2,0,1,1,32,1,saltɕ͈ak̚ utaŋtʰaŋtɛta,4,2,6,8,5,5,2600.0,6.69,8,1800.0,4.91,5,0,3,#FFD700,86.9,-1.9,87.1,5,5,5,8,STEM+DAEDA
슬쩍 우당탕대다,seuljjeog udangtangdaeda,2,2,0,1,1,32,1,sɯltɕ͈ʌk̚ utaŋtʰaŋtɛta,4,2,6,8,5,5,2600.0,6.69,8,1800.0,4.91,5,0,3,#FFD700,86.9,-1.9,87.1,5,5,5,8,STEM+DAEDA
선뜻 우당탕대다,seontteus udangtangdaeda,2,2,0,1,1,32,1,sʌnt͈ɯs̚ utaŋtʰaŋtɛta,4,2,6,8,5,5,2600.0,6.69,8,1800.0,4.91,5,0,3,#FFD700,86.9,-1.9,87.1,5,5,5,8,STEM+DAEDA
단번에 우당탕대다,danbeone udangtangdaeda,2,2,0,1,1,32,1,tanpʌne utaŋtʰaŋtɛta,3,2,6,7,3,5,2900.0,6.92,8,1800.0,4.91,5,0,2,#FFD700,86.9,-1.9,87.1,5,5,5,8,STEM+DAEDA
한번에 우당탕대다,hanbeone udangtangdaeda,2,2,0,1,1,32,1,hanpʌne utaŋtʰaŋtɛta,3,2,6,7,3,5,2900.0,6.92,8,1800.0,4.91,5,0,2,#FFD700,86.9,-1.9,87.1,5,5,5,8,STEM+DAEDA
살짝 우당탕이다,saljjag udangtangida,2,2,0,1,1,32,1,saltɕ͈ak̚ utaŋtʰaŋita,4,2,6,8,5,5,2600.0,6.69,8,1800.0,4.91,5,0,3,#FFD700,86.9,-1.9,87.1,5,5,5,8,STEM+IDA
슬쩍 우당탕이다,seuljjeog udangtangida,2,2,0,1,1,32,1,sɯltɕ͈ʌk̚ utaŋtʰaŋita,4,2,6,8,5,5,2600.0,6.69,8,1800.0,4.91,5,0,3,#FFD700,86.9,-1.9,87.1,5,5,5,8,STEM+IDA
선뜻 우당탕이다,seontteus udangtangida,2,2,0,1,1,32,1,sʌnt͈ɯs̚ utaŋtʰaŋita,4,2,6,8,5,5,2600.0,6.69,8,1800.0,4.91,5,0,3,#FFD700,86.9,-1.9,87.1,5,5,5,8,STEM+IDA
단번에 우당탕이다,danbeone udangtangida,2,2,0,1,1,32,1,tanpʌne utaŋtʰaŋita,3,2,6,7,3,5,2900.0,6.92,8,1800.0,4.91,5,0,2,#FFD700,86.9,-1.9,87.1,5,5,5,8,STEM+IDA
한번에 우당탕이다,hanbeone udangtangida,2,2,0,1,1,32,1,hanpʌne utaŋtʰaŋita,3,2,6,7,3,5,2900.0,6.92,8,1800.0,4.91,5,0,2,#FFD700,86.9,-1.9,87.1,5,5,5,8,STEM+IDA
살짝 우당탕하다,saljjag udangtanghada,2,2,0,1,1,32,1,saltɕ͈ak̚ utaŋtʰaŋhata,4,2,6,8,5,5,2600.0,6.69,8,1800.0,4.91,5,0,3,#FFD700,86.9,-1.9,87.1,5,5,5,8,STEM+HADA
슬쩍 우당탕하다,seuljjeog udangtanghada,2,2,0,1,1,32,1,sɯltɕ͈ʌk̚ utaŋtʰaŋhata,4,2,6,8,5,5,2600.0,6.69,8,1800.0,4.91,5,0,3,#FFD700,86.9,-1.9,87.1,5,5,5,8,STEM+HADA
선뜻 우당탕하다,seontteus udangtanghada,2,2,0,1,1,32,1,sʌnt͈ɯs̚ utaŋtʰaŋhata,4,2,6,8,5,5,2600.0,6.69,8,1800.0,4.91,5,0,3,#FFD700,86.9,-1.9,87.1,5,5,5,8,STEM+HADA
단번에 우당탕하다,danbeone udangtanghada,2,2,0,1,1,32,1,tanpʌne utaŋtʰaŋhata,3,2,6,7,3,5,2900.0,6.92,8,1800.0,4.91,5,0,2,#FFD700,86.9,-1.9,87.1,5,5,5,8,STEM+HADA
한번에 우당탕하다,hanbeone udangtanghada,2,2,0,1,1,32,1,hanpʌne utaŋtʰaŋhata,3,2,6,7,3,5,2900.0,6.92,8,1800.0,4.91,5,0,2,#FFD700,86.9,-1.9,87.1,5,5,5,8,STEM+HADA
살짝 우당탕스럽다,saljjag udangtangseureopda,2,2,0,1,1,32,1,saltɕ͈ak̚ utaŋtʰaŋsɯrʌp̚ta,4,2,6,8,5,5,2600.0,6.69,8,1800.0,4.91,5,0,3,#FFD700,86.9,-1.9,87.1,5,5,5,8,SUFFIX(어미변화)
슬쩍 우당탕스럽다,seuljjeog udangtangseureopda,2,2,0,1,1,32,1,sɯltɕ͈ʌk̚ utaŋtʰaŋsɯrʌp̚ta,4,2,6,8,5,5,2600.0,6.69,8,1800.0,4.91,5,0,3,#FFD700,86.9,-1.9,87.1,5,5,5,8,SUFFIX(어미변화)
선뜻 우당탕스럽다,seontteus udangtangseureopda,2,2,0,1,1,32,1,sʌnt͈ɯs̚ utaŋtʰaŋsɯrʌp̚ta,4,2,6,8,5,5,2600.0,6.69,8,1800.0,4.91,5,0,3,#FFD700,86.9,-1.9,87.1,5,5,5,8,SUFFIX(어미변화)
단번에 우당탕스럽다,danbeone udangtangseureopda,2,2,0,1,1,32,1,tanpʌne utaŋtʰaŋsɯrʌp̚ta,3,2,6,7,5,5,2900.0,6.92,8,1800.0,4.91,5,0,3,#FFD700,86.9,-1.9,87.1,5,5,5,8,SUFFIX(어미변화)
한번에 우당탕스럽다,hanbeone udangtangseureopda,2,2,0,1,1,32,1,hanpʌne utaŋtʰaŋsɯrʌp̚ta,3,2,6,7,5,5,2900.0,6.92,8,1800.0,4.91,5,0,3,#FFD700,86.9,-1.9,87.1,5,5,5,8,SUFFIX(어미변화)
살짝 우당탕맞다,saljjag udangtangmajda,2,2,0,1,1,32,1,saltɕ͈ak̚ utaŋtʰaŋmat̚ta,4,2,6,8,5,5,2600.0,6.69,8,1800.0,4.91,5,0,3,#FFD700,86.9,-1.9,87.1,5,5,5,8,SUFFIX(어미변화)
슬쩍 우당탕맞다,seuljjeog udangtangmajda,2,2,0,1,1,32,1,sɯltɕ͈ʌk̚ utaŋtʰaŋmat̚ta,4,2,6,8,5,5,2600.0,6.69,8,1800.0,4.91,5,0,3,#FFD700,86.9,-1.9,87.1,5,5,5,8,SUFFIX(어미변화)
선뜻 우당탕맞다,seontteus udangtangmajda,2,2,0,1,1,32,1,sʌnt͈ɯs̚ utaŋtʰaŋmat̚ta,4,2,6,8,5,5,2600.0,6.69,8,1800.0,4.91,5,0,3,#FFD700,86.9,-1.9,87.1,5,5,5,8,SUFFIX(어미변화)
단번에 우당탕맞다,danbeone udangtangmajda,2,2,0,1,1,32,1,tanpʌne utaŋtʰaŋmat̚ta,3,2,6,7,3,5,2900.0,6.92,8,1800.0,4.91,5,0,2,#FFD700,86.9,-1.9,87.1,5,5,5,8,SUFFIX(어미변화)
한번에 우당탕맞다,hanbeone udangtangmajda,2,2,0,1,1,32,1,hanpʌne utaŋtʰaŋmat̚ta,3,2,6,7,3,5,2900.0,6.92,8,1800.0,4.91,5,0,2,#FFD700,86.9,-1.9,87.1,5,5,5,8,SUFFIX(어미변화)
살짝 우당탕하게,saljjag udangtanghage,2,2,0,1,1,32,1,saltɕ͈ak̚ utaŋtʰaŋhake,4,2,6,8,5,5,2600.0,6.69,8,1800.0,4.91,5,0,3,#FFD700,86.9,-1.9,87.1,5,5,5,8,SUFFIX(어미변화)
슬쩍 우당탕하게,seuljjeog udangtanghage,2,2,0,1,1,32,1,sɯltɕ͈ʌk̚ utaŋtʰaŋhake,4,2,6,8,5,5,2600.0,6.69,8,1800.0,4.91,5,0,3,#FFD700,86.9,-1.9,87.1,5,5,5,8,SUFFIX(어미변화)
선뜻 우당탕하게,seontteus udangtanghage,2,2,0,1,1,32,1,sʌnt͈ɯs̚ utaŋtʰaŋhake,4,2,6,8,5,5,2600.0,6.69,8,1800.0,4.91,5,0,3,#FFD700,86.9,-1.9,87.1,5,5,5,8,SUFFIX(어미변화)
단번에 우당탕하게,danbeone udangtanghage,2,2,0,1,1,32,1,tanpʌne utaŋtʰaŋhake,3,2,6,7,3,5,2900.0,6.92,8,1800.0,4.91,5,0,2,#FFD700,86.9,-1.9,87.1,5,5,5,8,SUFFIX(어미변화)
한번에 우당탕하게,hanbeone udangtanghage,2,2,0,1,1,32,1,hanpʌne utaŋtʰaŋhake,3,2,6,7,3,5,2900.0,6.92,8,1800.0,4.91,5,0,2,#FFD700,86.9,-1.9,87.1,5,5,5,8,SUFFIX(어미변화)
살짝 우당탕한,saljjag udangtanghan,2,2,0,1,1,32,1,saltɕ͈ak̚ utaŋtʰaŋhan,4,2,6,8,5,5,2600.0,6.69,8,1800.0,4.91,5,0,3,#FFD700,86.9,-1.9,87.1,5,5,5,8,SUFFIX(어미변화)
슬쩍 우당탕한,seuljjeog udangtanghan,2,2,0,1,1,32,1,sɯltɕ͈ʌk̚ utaŋtʰaŋhan,4,2,6,8,5,5,2600.0,6.69,8,1800.0,4.91,5,0,3,#FFD700,86.9,-1.9,87.1,5,5,5,8,SUFFIX(어미변화)
선뜻 우당탕한,seontteus udangtanghan,2,2,0,1,1,32,1,sʌnt͈ɯs̚ utaŋtʰaŋhan,4,2,6,8,5,5,2600.0,6.69,8,1800.0,4.91,5,0,3,#FFD700,86.9,-1.9,87.1,5,5,5,8,SUFFIX(어미변화)
단번에 우당탕한,danbeone udangtanghan,2,2,0,1,1,32,1,tanpʌne utaŋtʰaŋhan,3,2,6,7,3,5,2900.0,6.92,8,1800.0,4.91,5,0,2,#FFD700,86.9,-1.9,87.1,5,5,5,8,SUFFIX(어미변화)
한번에 우당탕한,hanbeone udangtanghan,2,2,0,1,1,32,1,hanpʌne utaŋtʰaŋhan,3,2,6,7,3,5,2900.0,6.92,8,1800.0,4.91,5,0,2,#FFD700,86.9,-1.9,87.1,5,5,5,8,SUFFIX(어미변화)
살짝 우당탕스럽게,saljjag udangtangseureopge,2,2,0,1,1,32,1,saltɕ͈ak̚ utaŋtʰaŋsɯrʌp̚ke,4,2,6,8,5,5,2600.0,6.69,8,1800.0,4.91,5,0,3,#FFD700,86.9,-1.9,87.1,5,5,5,8,SUFFIX(어미변화)
슬쩍 우당탕스럽게,seuljjeog udangtangseureopge,2,2,0,1,1,32,1,sɯltɕ͈ʌk̚ utaŋtʰaŋsɯrʌp̚ke,4,2,6,8,5,5,2600.0,6.69,8,1800.0,4.91,5,0,3,#FFD700,86.9,-1.9,87.1,5,5,5,8,SUFFIX(어미변화)
선뜻 우당탕스럽게,seontteus udangtangseureopge,2,2,0,1,1,32,1,sʌnt͈ɯs̚ utaŋtʰaŋsɯrʌp̚ke,4,2,6,8,5,5,2600.0,6.69,8,1800.0,4.91,5,0,3,#FFD700,86.9,-1.9,87.1,5,5,5,8,SUFFIX(어미변화)
단번에 우당탕스럽게,danbeone udangtangseureopge,2,2,0,1,1,32,1,tanpʌne utaŋtʰaŋsɯrʌp̚ke,3,2,6,7,5,5,2900.0,6.92,8,1800.0,4.91,5,0,3,#FFD700,86.9,-1.9,87.1,5,5,5,8,SUFFIX(어미변화)
한번에 우당탕스럽게,hanbeone udangtangseureopge,2,2,0,1,1,32,1,hanpʌne utaŋtʰaŋsɯrʌp̚ke,3,2,6,7,5,5,2900.0,6.92,8,1800.0,4.91,5,0,3,#FFD700,86.9,-1.9,87.1,5,5,5,8,SUFFIX(어미변화)
살짝 우당탕스러운,saljjag udangtangseureoun,2,2,0,1,1,32,1,saltɕ͈ak̚ utaŋtʰaŋsɯrʌun,4,2,6,8,5,5,2600.0,6.69,8,1800.0,4.91,5,0,3,#FFD700,86.9,-1.9,87.1,5,5,5,8,SUFFIX(어미변화)
슬쩍 우당탕스러운,seuljjeog udangtangseureoun,2,2,0,1,1,32,1,sɯltɕ͈ʌk̚ utaŋtʰaŋsɯrʌun,4,2,6,8,5,5,2600.0,6.69,8,1800.0,4.91,5,0,3,#FFD700,86.9,-1.9,87.1,5,5,5,8,SUFFIX(어미변화)
선뜻 우당탕스러운,seontteus udangtangseureoun,2,2,0,1,1,32,1,sʌnt͈ɯs̚ utaŋtʰaŋsɯrʌun,4,2,6,8,5,5,2600.0,6.69,8,1800.0,4.91,5,0,3,#FFD700,86.9,-1.9,87.1,5,5,5,8,SUFFIX(어미변화)
단번에 우당탕스러운,danbeone udangtangseureoun,2,2,0,1,1,32,1,tanpʌne utaŋtʰaŋsɯrʌun,3,2,6,7,3,5,2900.0,6.92,8,1800.0,4.91,5,0,2,#FFD700,86.9,-1.9,87.1,5,5,5,8,SUFFIX(어미변화)
한번에 우당탕스러운,hanbeone udangtangseureoun,2,2,0,1,1,32,1,hanpʌne utaŋtʰaŋsɯrʌun,3,2,6,7,3,5,2900.0,6.92,8,1800.0,4.91,5,0,2,#FFD700,86.9,-1.9,87.1,5,5,5,8,SUFFIX(어미변화)
살짝 우당탕해서,saljjag udangtanghaeseo,2,2,0,1,1,32,1,saltɕ͈ak̚ utaŋtʰaŋhɛsʌ,4,2,6,8,5,5,2600.0,6.69,8,1800.0,4.91,5,0,3,#FFD700,86.9,-1.9,87.1,5,5,5,8,SUFFIX(어미변화)
슬쩍 우당탕해서,seuljjeog udangtanghaeseo,2,2,0,1,1,32,1,sɯltɕ͈ʌk̚ utaŋtʰaŋhɛsʌ,4,2,6,8,5,5,2600.0,6.69,8,1800.0,4.91,5,0,3,#FFD700,86.9,-1.9,87.1,5,5,5,8,SUFFIX(어미변화)
선뜻 우당탕해서,seontteus udangtanghaeseo,2,2,0,1,1,32,1,sʌnt͈ɯs̚ utaŋtʰaŋhɛsʌ,4,2,6,8,5,5,2600.0,6.69,8,1800.0,4.91,5,0,3,#FFD700,86.9,-1.9,87.1,5,5,5,8,SUFFIX(어미변화)
단번에 우당탕해서,danbeone udangtanghaeseo,2,2,0,1,1,32,1,tanpʌne utaŋtʰaŋhɛsʌ,3,2,6,7,3,5,2900.0,6.92,8,1800.0,4.91,5,0,2,#FFD700,86.9,-1.9,87.1,5,5,5,8,SUFFIX(어미변화)
한번에 우당탕해서,hanbeone udangtanghaeseo,2,2,0,1,1,32,1,hanpʌne utaŋtʰaŋhɛsʌ,3,2,6,7,3,5,2900.0,6.92,8,1800.0,4.91,5,0,2,#FFD700,86.9,-1.9,87.1,5,5,5,8,SUFFIX(어미변화)
살짝 우당탕하고,saljjag udangtanghago,2,2,0,1,1,32,1,saltɕ͈ak̚ utaŋtʰaŋhako,4,2,6,8,5,5,2600.0,6.69,8,1800.0,4.91,5,0,3,#FFD700,86.9,-1.9,87.1,5,5,5,8,SUFFIX(어미변화)
슬쩍 우당탕하고,seuljjeog udangtanghago,2,2,0,1,1,32,1,sɯltɕ͈ʌk̚ utaŋtʰaŋhako,4,2,6,8,5,5,2600.0,6.69,8,1800.0,4.91,5,0,3,#FFD700,86.9,-1.9,87.1,5,5,5,8,SUFFIX(어미변화)
선뜻 우당탕하고,seontteus udangtanghago,2,2,0,1,1,32,1,sʌnt͈ɯs̚ utaŋtʰaŋhako,4,2,6,8,5,5,2600.0,6.69,8,1800.0,4.91,5,0,3,#FFD700,86.9,-1.9,87.1,5,5,5,8,SUFFIX(어미변화)
단번에 우당탕하고,danbeone udangtanghago,2,2,0,1,1,32,1,tanpʌne utaŋtʰaŋhako,3,2,6,7,3,5,2900.0,6.92,8,1800.0,4.91,5,0,2,#FFD700,86.9,-1.9,87.1,5,5,5,8,SUFFIX(어미변화)
한번에 우당탕하고,hanbeone udangtanghago,2,2,0,1,1,32,1,hanpʌne utaŋtʰaŋhako,3,2,6,7,3,5,2900.0,6.92,8,1800.0,4.91,5,0,2,#FFD700,86.9,-1.9,87.1,5,5,5,8,SUFFIX(어미변화)
살짝 와르르,saljjag wareureu,4,2,0,1,1,40,1,saltɕ͈ak̚ warɯrɯ,4,2,6,8,5,5,2600.0,6.69,8,1800.0,4.91,5,0,3,#FFD700,86.9,-1.9,87.1,5,5,5,8,SUFFIX(어미변화)
슬쩍 와르르,seuljjeog wareureu,4,2,0,1,1,40,1,sɯltɕ͈ʌk̚ warɯrɯ,4,2,6,8,5,5,2600.0,6.69,8,1800.0,4.91,5,0,3,#FFD700,86.9,-1.9,87.1,5,5,5,8,SUFFIX(어미변화)
선뜻 와르르,seontteus wareureu,4,2,0,1,1,40,1,sʌnt͈ɯs̚ warɯrɯ,4,2,6,8,5,5,2600.0,6.69,8,1800.0,4.91,5,0,3,#FFD700,86.9,-1.9,87.1,5,5,5,8,SUFFIX(어미변화)
단번에 와르르,danbeone wareureu,4,2,0,1,1,40,1,tanpʌne warɯrɯ,1,2,5,5,2,5,2100.0,6.25,8,1800.0,4.91,3,0,2,#FFD700,86.9,-1.9,87.1,5,5,5,8,SUFFIX(어미변화)
한번에 와르르,hanbeone wareureu,4,2,0,1,1,40,1,hanpʌne warɯrɯ,1,2,5,7,2,5,2100.0,6.25,8,1800.0,4.91,3,0,2,#FFD700,86.9,-1.9,87.1,5,5,5,8,SUFFIX(어미변화)
살짝 와르르와르르,saljjag wareureuwareureu,4,2,0,1,1,33,1,saltɕ͈ak̚ warɯrɯwarɯrɯ,4,4,6,8,5,5,2600.0,6.69,8,3200.0,5.89,5,0,3,#FFD700,86.9,-1.9,87.1,5,5,5,1,REDUP(첩어・동일)
슬쩍 와르르와르르,seuljjeog wareureuwareureu,4,2,0,1,1,33,1,sɯltɕ͈ʌk̚ warɯrɯwarɯrɯ,4,4,6,8,5,5,2600.0,6.69,8,3200.0,5.89,5,0,3,#FFD700,86.9,-1.9,87.1,5,5,5,1,REDUP(첩어・동일)
선뜻 와르르와르르,seontteus wareureuwareureu,4,2,0,1,1,33,1,sʌnt͈ɯs̚ warɯrɯwarɯrɯ,4,4,6,8,5,5,2600.0,6.69,8,3200.0,5.89,5,0,3,#FFD700,86.9,-1.9,87.1,5,5,5,1,REDUP(첩어・동일)
단번에 와르르와르르,danbeone wareureuwareureu,4,2,0,1,1,33,1,tanpʌne warɯrɯwarɯrɯ,1,4,5,5,2,5,2100.0,6.25,8,3200.0,5.89,3,0,2,#FFD700,86.9,-1.9,87.1,5,5,5,1,REDUP(첩어・동일)
한번에 와르르와르르,hanbeone wareureuwareureu,4,2,0,1,1,33,1,hanpʌne warɯrɯwarɯrɯ,1,4,5,7,2,5,2100.0,6.25,8,3200.0,5.89,3,0,2,#FFD700,86.9,-1.9,87.1,5,5,5,1,REDUP(첩어・동일)
살짝 와르르거리다,saljjag wareureugeorida,4,2,0,1,1,32,1,saltɕ͈ak̚ warɯrɯkʌrita,4,2,6,8,5,5,2600.0,6.69,8,1800.0,4.91,5,0,3,#FFD700,86.9,-1.9,87.1,5,5,5,8,STEM+GEORIDA
슬쩍 와르르거리다,seuljjeog wareureugeorida,4,2,0,1,1,32,1,sɯltɕ͈ʌk̚ warɯrɯkʌrita,4,2,6,8,5,5,2600.0,6.69,8,1800.0,4.91,5,0,3,#FFD700,86.9,-1.9,87.1,5,5,5,8,STEM+GEORIDA
선뜻 와르르거리다,seontteus wareureugeorida,4,2,0,1,1,32,1,sʌnt͈ɯs̚ warɯrɯkʌrita,4,2,6,8,5,5,2600.0,6.69,8,1800.0,4.91,5,0,3,#FFD700,86.9,-1.9,87.1,5,5,5,8,STEM+GEORIDA
단번에 와르르거리다,danbeone wareureugeorida,4,2,0,1,1,32,1,tanpʌne warɯrɯkʌrita,1,2,5,5,2,5,2100.0,6.25,8,1800.0,4.91,3,0,2,#FFD700,86.9,-1.9,87.1,5,5,5,8,STEM+GEORIDA
한번에 와르르거리다,hanbeone wareureugeorida,4,2,0,1,1,32,1,hanpʌne warɯrɯkʌrita,1,2,5,7,2,5,2100.0,6.25,8,1800.0,4.91,3,0,2,#FFD700,86.9,-1.9,87.1,5,5,5,8,STEM+GEORIDA
살짝 와르르대다,saljjag wareureudaeda,4,2,0,1,1,32,1,saltɕ͈ak̚ warɯrɯtɛta,4,2,6,8,5,5,2600.0,6.69,8,1800.0,4.91,5,0,3,#FFD700,86.9,-1.9,87.1,5,5,5,8,STEM+DAEDA
슬쩍 와르르대다,seuljjeog wareureudaeda,4,2,0,1,1,32,1,sɯltɕ͈ʌk̚ warɯrɯtɛta,4,2,6,8,5,5,2600.0,6.69,8,1800.0,4.91,5,0,3,#FFD700,86.9,-1.9,87.1,5,5,5,8,STEM+DAEDA
선뜻 와르르대다,seontteus wareureudaeda,4,2,0,1,1,32,1,sʌnt͈ɯs̚ warɯrɯtɛta,4,2,6,8,5,5,2600.0,6.69,8,1800.0,4.91,5,0,3,#FFD700,86.9,-1.9,87.1,5,5,5,8,STEM+DAEDA
단번에 와르르대다,danbeone wareureudaeda,4,2,0,1,1,32,1,tanpʌne warɯrɯtɛta,1,2,5,5,2,5,2100.0,6.25,8,1800.0,4.91,3,0,2,#FFD700,86.9,-1.9,87.1,5,5,5,8,STEM+DAEDA
한번에 와르르대다,hanbeone wareureudaeda,4,2,0,1,1,32,1,hanpʌne warɯrɯtɛta,1,2,5,7,2,5,2100.0,6.25,8,1800.0,4.91,3,0,2,#FFD700,86.9,-1.9,87.1,5,5,5,8,STEM+DAEDA
살짝 와르르이다,saljjag wareureuida,4,2,0,1,1,32,1,saltɕ͈ak̚ warɯrɯita,4,2,6,8,5,5,2600.0,6.69,8,1800.0,4.91,5,0,3,#FFD700,86.9,-1.9,87.1,5,5,5,8,STEM+IDA
슬쩍 와르르이다,seuljjeog wareureuida,4,2,0,1,1,32,1,sɯltɕ͈ʌk̚ warɯrɯita,4,2,6,8,5,5,2600.0,6.69,8,1800.0,4.91,5,0,3,#FFD700,86.9,-1.9,87.1,5,5,5,8,STEM+IDA
선뜻 와르르이다,seontteus wareureuida,4,2,0,1,1,32,1,sʌnt͈ɯs̚ warɯrɯita,4,2,6,8,5,5,2600.0,6.69,8,1800.0,4.91,5,0,3,#FFD700,86.9,-1.9,87.1,5,5,5,8,STEM+IDA
단번에 와르르이다,danbeone wareureuida,4,2,0,1,1,32,1,tanpʌne warɯrɯita,1,2,5,5,2,5,2100.0,6.25,8,1800.0,4.91,3,0,2,#FFD700,86.9,-1.9,87.1,5,5,5,8,STEM+IDA
한번에 와르르이다,hanbeone wareureuida,4,2,0,1,1,32,1,hanpʌne warɯrɯita,1,2,5,7,2,5,2100.0,6.25,8,1800.0,4.91,3,0,2,#FFD700,86.9,-1.9,87.1,5,5,5,8,STEM+IDA
살짝 와르르하다,saljjag wareureuhada,4,2,0,1,1,32,1,saltɕ͈ak̚ warɯrɯhata,4,2,6,8,5,5,2600.0,6.69,8,1800.0,4.91,5,0,3,#FFD700,86.9,-1.9,87.1,5,5,5,8,STEM+HADA
슬쩍 와르르하다,seuljjeog wareureuhada,4,2,0,1,1,32,1,sɯltɕ͈ʌk̚ warɯrɯhata,4,2,6,8,5,5,2600.0,6.69,8,1800.0,4.91,5,0,3,#FFD700,86.9,-1.9,87.1,5,5,5,8,STEM+HADA
선뜻 와르르하다,seontteus wareureuhada,4,2,0,1,1,32,1,sʌnt͈ɯs̚ warɯrɯhata,4,2,6,8,5,5,2600.0,6.69,8,1800.0,4.91,5,0,3,#FFD700,86.9,-1.9,87.1,5,5,5,8,STEM+HADA
단번에 와르르하다,danbeone wareureuhada,4,2,0,1,1,32,1,tanpʌne warɯrɯhata,1,2,5,7,2,5,2100.0,6.25,8,1800.0,4.91,3,0,2,#FFD700,86.9,-1.9,87.1,5,5,5,8,STEM+HADA
한번에 와르르하다,hanbeone wareureuhada,4,2,0,1,1,32,1,hanpʌne warɯrɯhata,1,2,5,7,2,5,2100.0,6.25,8,1800.0,4.91,3,0,2,#FFD700,86.9,-1.9,87.1,5,5,5,8,STEM+HADA
살짝 와르르스럽다,saljjag wareureuseureopda,4,2,0,1,1,32,1,saltɕ͈ak̚ warɯrɯsɯrʌp̚ta,4,2,6,8,5,5,2600.0,6.69,8,1800.0,4.91,5,0,3,#FFD700,86.9,-1.9,87.1,5,5,5,8,SUFFIX(어미변화)
슬쩍 와르르스럽다,seuljjeog wareureuseureopda,4,2,0,1,1,32,1,sɯltɕ͈ʌk̚ warɯrɯsɯrʌp̚ta,4,2,6,8,5,5,2600.0,6.69,8,1800.0,4.91,5,0,3,#FFD700,86.9,-1.9,87.1,5,5,5,8,SUFFIX(어미변화)
선뜻 와르르스럽다,seontteus wareureuseureopda,4,2,0,1,1,32,1,sʌnt͈ɯs̚ warɯrɯsɯrʌp̚ta,4,2,6,8,5,5,2600.0,6.69,8,1800.0,4.91,5,0,3,#FFD700,86.9,-1.9,87.1,5,5,5,8,SUFFIX(어미변화)
단번에 와르르스럽다,danbeone wareureuseureopda,4,2,0,1,1,32,1,tanpʌne warɯrɯsɯrʌp̚ta,1,2,5,7,5,5,2100.0,6.25,8,1800.0,4.91,3,0,3,#FFD700,86.9,-1.9,87.1,5,5,5,8,SUFFIX(어미변화)
한번에 와르르스럽다,hanbeone wareureuseureopda,4,2,0,1,1,32,1,hanpʌne warɯrɯsɯrʌp̚ta,1,2,5,7,5,5,2100.0,6.25,8,1800.0,4.91,3,0,3,#FFD700,86.9,-1.9,87.1,5,5,5,8,SUFFIX(어미변화)
살짝 와르르맞다,saljjag wareureumajda,4,2,0,1,1,32,1,saltɕ͈ak̚ warɯrɯmat̚ta,4,2,6,8,5,5,2600.0,6.69,8,1800.0,4.91,5,0,3,#FFD700,86.9,-1.9,87.1,5,5,5,8,SUFFIX(어미변화)
슬쩍 와르르맞다,seuljjeog wareureumajda,4,2,0,1,1,32,1,sɯltɕ͈ʌk̚ warɯrɯmat̚ta,4,2,6,8,5,5,2600.0,6.69,8,1800.0,4.91,5,0,3,#FFD700,86.9,-1.9,87.1,5,5,5,8,SUFFIX(어미변화)
선뜻 와르르맞다,seontteus wareureumajda,4,2,0,1,1,32,1,sʌnt͈ɯs̚ warɯrɯmat̚ta,4,2,6,8,5,5,2600.0,6.69,8,1800.0,4.91,5,0,3,#FFD700,86.9,-1.9,87.1,5,5,5,8,SUFFIX(어미변화)
단번에 와르르맞다,danbeone wareureumajda,4,2,0,1,1,32,1,tanpʌne warɯrɯmat̚ta,1,2,5,5,2,5,2100.0,6.25,8,1800.0,4.91,3,0,2,#FFD700,86.9,-1.9,87.1,5,5,5,8,SUFFIX(어미변화)
한번에 와르르맞다,hanbeone wareureumajda,4,2,0,1,1,32,1,hanpʌne warɯrɯmat̚ta,1,2,5,7,2,5,2100.0,6.25,8,1800.0,4.91,3,0,2,#FFD700,86.9,-1.9,87.1,5,5,5,8,SUFFIX(어미변화)
살짝 와르르하게,saljjag wareureuhage,4,2,0,1,1,32,1,saltɕ͈ak̚ warɯrɯhake,4,2,6,8,5,5,2600.0,6.69,8,1800.0,4.91,5,0,3,#FFD700,86.9,-1.9,87.1,5,5,5,8,SUFFIX(어미변화)
슬쩍 와르르하게,seuljjeog wareureuhage,4,2,0,1,1,32,1,sɯltɕ͈ʌk̚ warɯrɯhake,4,2,6,8,5,5,2600.0,6.69,8,1800.0,4.91,5,0,3,#FFD700,86.9,-1.9,87.1,5,5,5,8,SUFFIX(어미변화)
선뜻 와르르하게,seontteus wareureuhage,4,2,0,1,1,32,1,sʌnt͈ɯs̚ warɯrɯhake,4,2,6,8,5,5,2600.0,6.69,8,1800.0,4.91,5,0,3,#FFD700,86.9,-1.9,87.1,5,5,5,8,SUFFIX(어미변화)
단번에 와르르하게,danbeone wareureuhage,4,2,0,1,1,32,1,tanpʌne warɯrɯhake,1,2,5,7,2,5,2100.0,6.25,8,1800.0,4.91,3,0,2,#FFD700,86.9,-1.9,87.1,5,5,5,8,SUFFIX(어미변화)
한번에 와르르하게,hanbeone wareureuhage,4,2,0,1,1,32,1,hanpʌne warɯrɯhake,1,2,5,7,2,5,2100.0,6.25,8,1800.0,4.91,3,0,2,#FFD700,86.9,-1.9,87.1,5,5,5,8,SUFFIX(어미변화)
살짝 와르르한,saljjag wareureuhan,4,2,0,1,1,32,1,saltɕ͈ak̚ warɯrɯhan,4,2,6,8,5,5,2600.0,6.69,8,1800.0,4.91,5,0,3,#FFD700,86.9,-1.9,87.1,5,5,5,8,SUFFIX(어미변화)
슬쩍 와르르한,seuljjeog wareureuhan,4,2,0,1,1,32,1,sɯltɕ͈ʌk̚ warɯrɯhan,4,2,6,8,5,5,2600.0,6.69,8,1800.0,4.91,5,0,3,#FFD700,86.9,-1.9,87.1,5,5,5,8,SUFFIX(어미변화)
선뜻 와르르한,seontteus wareureuhan,4,2,0,1,1,32,1,sʌnt͈ɯs̚ warɯrɯhan,4,2,6,8,5,5,2600.0,6.69,8,1800.0,4.91,5,0,3,#FFD700,86.9,-1.9,87.1,5,5,5,8,SUFFIX(어미변화)
단번에 와르르한,danbeone wareureuhan,4,2,0,1,1,32,1,tanpʌne warɯrɯhan,1,2,5,7,2,5,2100.0,6.25,8,1800.0,4.91,3,0,2,#FFD700,86.9,-1.9,87.1,5,5,5,8,SUFFIX(어미변화)
한번에 와르르한,hanbeone wareureuhan,4,2,0,1,1,32,1,hanpʌne warɯrɯhan,1,2,5,7,2,5,2100.0,6.25,8,1800.0,4.91,3,0,2,#FFD700,86.9,-1.9,87.1,5,5,5,8,SUFFIX(어미변화)
살짝 와르르스럽게,saljjag wareureuseureopge,4,2,0,1,1,32,1,saltɕ͈ak̚ warɯrɯsɯrʌp̚ke,4,2,6,8,5,5,2600.0,6.69,8,1800.0,4.91,5,0,3,#FFD700,86.9,-1.9,87.1,5,5,5,8,SUFFIX(어미변화)
슬쩍 와르르스럽게,seuljjeog wareureuseureopge,4,2,0,1,1,32,1,sɯltɕ͈ʌk̚ warɯrɯsɯrʌp̚ke,4,2,6,8,5,5,2600.0,6.69,8,1800.0,4.91,5,0,3,#FFD700,86.9,-1.9,87.1,5,5,5,8,SUFFIX(어미변화)
선뜻 와르르스럽게,seontteus wareureuseureopge,4,2,0,1,1,32,1,sʌnt͈ɯs̚ warɯrɯsɯrʌp̚ke,4,2,6,8,5,5,2600.0,6.69,8,1800.0,4.91,5,0,3,#FFD700,86.9,-1.9,87.1,5,5,5,8,SUFFIX(어미변화)
단번에 와르르스럽게,danbeone wareureuseureopge,4,2,0,1,1,32,1,tanpʌne warɯrɯsɯrʌp̚ke,1,2,5,7,5,5,2100.0,6.25,8,1800.0,4.91,3,0,3,#FFD700,86.9,-1.9,87.1,5,5,5,8,SUFFIX(어미변화)
한번에 와르르스럽게,hanbeone wareureuseureopge,4,2,0,1,1,32,1,hanpʌne warɯrɯsɯrʌp̚ke,1,2,5,7,5,5,2100.0,6.25,8,1800.0,4.91,3,0,3,#FFD700,86.9,-1.9,87.1,5,5,5,8,SUFFIX(어미변화)
살짝 와르르스러운,saljjag wareureuseureoun,4,2,0,1,1,32,1,saltɕ͈ak̚ warɯrɯsɯrʌun,4,2,6,8,5,5,2600.0,6.69,8,1800.0,4.91,5,0,3,#FFD700,86.9,-1.9,87.1,5,5,5,8,SUFFIX(어미변화)
슬쩍 와르르스러운,seuljjeog wareureuseureoun,4,2,0,1,1,32,1,sɯltɕ͈ʌk̚ warɯrɯsɯrʌun,4,2,6,8,5,5,2600.0,6.69,8,1800.0,4.91,5,0,3,#FFD700,86.9,-1.9,87.1,5,5,5,8,SUFFIX(어미변화)
선뜻 와르르스러운,seontteus wareureuseureoun,4,2,0,1,1,32,1,sʌnt͈ɯs̚ warɯrɯsɯrʌun,4,2,6,8,5,5,2600.0,6.69,8,1800.0,4.91,5,0,3,#FFD700,86.9,-1.9,87.1,5,5,5,8,SUFFIX(어미변화)
단번에 와르르스러운,danbeone wareureuseureoun,4,2,0,1,1,32,1,tanpʌne warɯrɯsɯrʌun,1,2,5,7,2,5,2100.0,6.25,8,1800.0,4.91,3,0,2,#FFD700,86.9,-1.9,87.1,5,5,5,8,SUFFIX(어미변화)
한번에 와르르스러운,hanbeone wareureuseureoun,4,2,0,1,1,32,1,hanpʌne warɯrɯsɯrʌun,1,2,5,7,2,5,2100.0,6.25,8,1800.0,4.91,3,0,2,#FFD700,86.9,-1.9,87.1,5,5,5,8,SUFFIX(어미변화)
살짝 와르르해서,saljjag wareureuhaeseo,4,2,0,1,1,32,1,saltɕ͈ak̚ warɯrɯhɛsʌ,4,2,6,8,5,5,2600.0,6.69,8,1800.0,4.91,5,0,3,#FFD700,86.9,-1.9,87.1,5,5,5,8,SUFFIX(어미변화)
슬쩍 와르르해서,seuljjeog wareureuhaeseo,4,2,0,1,1,32,1,sɯltɕ͈ʌk̚ warɯrɯhɛsʌ,4,2,6,8,5,5,2600.0,6.69,8,1800.0,4.91,5,0,3,#FFD700,86.9,-1.9,87.1,5,5,5,8,SUFFIX(어미변화)
선뜻 와르르해서,seontteus wareureuhaeseo,4,2,0,1,1,32,1,sʌnt͈ɯs̚ warɯrɯhɛsʌ,4,2,6,8,5,5,2600.0,6.69,8,1800.0,4.91,5,0,3,#FFD700,86.9,-1.9,87.1,5,5,5,8,SUFFIX(어미변화)
단번에 와르르해서,danbeone wareureuhaeseo,4,2,0,1,1,32,1,tanpʌne warɯrɯhɛsʌ,1,2,5,7,2,5,2100.0,6.25,8,1800.0,4.91,3,0,2,#FFD700,86.9,-1.9,87.1,5,5,5,8,SUFFIX(어미변화)
한번에 와르르해서,hanbeone wareureuhaeseo,4,2,0,1,1,32,1,hanpʌne warɯrɯhɛsʌ,1,2,5,7,2,5,2100.0,6.25,8,1800.0,4.91,3,0,2,#FFD700,86.9,-1.9,87.1,5,5,5,8,SUFFIX(어미변화)
살짝 와르르하고,saljjag wareureuhago,4,2,0,1,1,32,1,saltɕ͈ak̚ warɯrɯhako,4,2,6,8,5,5,2600.0,6.69,8,1800.0,4.91,5,0,3,#FFD700,86.9,-1.9,87.1,5,5,5,8,SUFFIX(어미변화)
슬쩍 와르르하고,seuljjeog wareureuhago,4,2,0,1,1,32,1,sɯltɕ͈ʌk̚ warɯrɯhako,4,2,6,8,5,5,2600.0,6.69,8,1800.0,4.91,5,0,3,#FFD700,86.9,-1.9,87.1,5,5,5,8,SUFFIX(어미변화)
선뜻 와르르하고,seontteus wareureuhago,4,2,0,1,1,32,1,sʌnt͈ɯs̚ warɯrɯhako,4,2,6,8,5,5,2600.0,6.69,8,1800.0,4.91,5,0,3,#FFD700,86.9,-1.9,87.1,5,5,5,8,SUFFIX(어미변화)
단번에 와르르하고,danbeone wareureuhago,4,2,0,1,1,32,1,tanpʌne warɯrɯhako,1,2,5,7,2,5,2100.0,6.25,8,1800.0,4.91,3,0,2,#FFD700,86.9,-1.9,87.1,5,5,5,8,SUFFIX(어미변화)
한번에 와르르하고,hanbeone wareureuhago,4,2,0,1,1,32,1,hanpʌne warɯrɯhako,1,2,5,7,2,5,2100.0,6.25,8,1800.0,4.91,3,0,2,#FFD700,86.9,-1.9,87.1,5,5,5,8,SUFFIX(어미변화)
살짝 졸졸,saljjag joljol,2,2,1,1,1,40,1,saltɕ͈ak̚ tɕoltɕol,4,2,6,8,5,8,2600.0,6.69,8,1800.0,4.91,5,0,3,#FFD700,86.9,-1.9,87.1,5,5,5,8,SUFFIX(어미변화)
슬쩍 졸졸,seuljjeog joljol,2,2,1,1,1,40,1,sɯltɕ͈ʌk̚ tɕoltɕol,4,2,6,8,5,8,2600.0,6.69,8,1800.0,4.91,5,0,3,#FFD700,86.9,-1.9,87.1,5,5,5,8,SUFFIX(어미변화)
선뜻 졸졸,seontteus joljol,2,2,1,1,1,40,1,sʌnt͈ɯs̚ tɕoltɕol,4,2,6,8,5,8,2600.0,6.69,8,1800.0,4.91,5,0,3,#FFD700,86.9,-1.9,87.1,5,5,5,8,SUFFIX(어미변화)
단번에 졸졸,danbeone joljol,2,2,1,1,1,40,1,tanpʌne tɕoltɕol,1,2,5,5,2,8,2100.0,6.25,8,1800.0,4.91,3,0,2,#FFD700,86.9,-1.9,87.1,5,5,5,8,SUFFIX(어미변화)
한번에 졸졸,hanbeone joljol,2,2,1,1,1,40,1,hanpʌne tɕoltɕol,1,2,5,7,2,8,2100.0,6.25,8,1800.0,4.91,3,0,2,#FFD700,86.9,-1.9,87.1,5,5,5,8,SUFFIX(어미변화)
살짝 졸졸졸졸,saljjag joljoljoljol,2,2,1,1,1,33,1,saltɕ͈ak̚ tɕoltɕoltɕoltɕol,4,4,6,8,5,8,2600.0,6.69,8,3200.0,5.89,5,0,3,#FFD700,86.9,-1.9,87.1,5,5,5,1,REDUP(첩어・동일)
슬쩍 졸졸졸졸,seuljjeog joljoljoljol,2,2,1,1,1,33,1,sɯltɕ͈ʌk̚ tɕoltɕoltɕoltɕol,4,4,6,8,5,8,2600.0,6.69,8,3200.0,5.89,5,0,3,#FFD700,86.9,-1.9,87.1,5,5,5,1,REDUP(첩어・동일)
선뜻 졸졸졸졸,seontteus joljoljoljol,2,2,1,1,1,33,1,sʌnt͈ɯs̚ tɕoltɕoltɕoltɕol,4,4,6,8,5,8,2600.0,6.69,8,3200.0,5.89,5,0,3,#FFD700,86.9,-1.9,87.1,5,5,5,1,REDUP(첩어・동일)
단번에 졸졸졸졸,danbeone joljoljoljol,2,2,1,1,1,33,1,tanpʌne tɕoltɕoltɕoltɕol,1,4,5,5,2,8,2100.0,6.25,8,3200.0,5.89,3,0,2,#FFD700,86.9,-1.9,87.1,5,5,5,1,REDUP(첩어・동일)
한번에 졸졸졸졸,hanbeone joljoljoljol,2,2,1,1,1,33,1,hanpʌne tɕoltɕoltɕoltɕol,1,4,5,7,2,8,2100.0,6.25,8,3200.0,5.89,3,0,2,#FFD700,86.9,-1.9,87.1,5,5,5,1,REDUP(첩어・동일)
살짝 졸졸졸졸졸졸,saljjag joljoljoljoljoljol,2,2,1,1,1,33,1,saltɕ͈ak̚ tɕoltɕoltɕoltɕoltɕoltɕol,4,4,6,8,5,8,2600.0,6.69,8,3200.0,5.89,5,0,3,#FFD700,86.9,-1.9,87.1,5,5,5,1,REDUP(첩어・동일)
슬쩍 졸졸졸졸졸졸,seuljjeog joljoljoljoljoljol,2,2,1,1,1,33,1,sɯltɕ͈ʌk̚ tɕoltɕoltɕoltɕoltɕoltɕol,4,4,6,8,5,8,2600.0,6.69,8,3200.0,5.89,5,0,3,#FFD700,86.9,-1.9,87.1,5,5,5,1,REDUP(첩어・동일)
선뜻 졸졸졸졸졸졸,seontteus joljoljoljoljoljol,2,2,1,1,1,33,1,sʌnt͈ɯs̚ tɕoltɕoltɕoltɕoltɕoltɕol,4,4,6,8,5,8,2600.0,6.69,8,3200.0,5.89,5,0,3,#FFD700,86.9,-1.9,87.1,5,5,5,1,REDUP(첩어・동일)
단번에 졸졸졸졸졸졸,danbeone joljoljoljoljoljol,2,2,1,1,1,33,1,tanpʌne tɕoltɕoltɕoltɕoltɕoltɕol,1,4,5,5,2,8,2100.0,6.25,8,3200.0,5.89,3,0,2,#FFD700,86.9,-1.9,87.1,5,5,5,1,REDUP(첩어・동일)
한번에 졸졸졸졸졸졸,hanbeone joljoljoljoljoljol,2,2,1,1,1,33,1,hanpʌne tɕoltɕoltɕoltɕoltɕoltɕol,1,4,5,7,2,8,2100.0,6.25,8,3200.0,5.89,3,0,2,#FFD700,86.9,-1.9,87.1,5,5,5,1,REDUP(첩어・동일)
살짝 졸졸거리다,saljjag joljolgeorida,2,2,1,1,1,32,1,saltɕ͈ak̚ tɕoltɕolkʌrita,4,2,6,8,5,8,2600.0,6.69,8,1800.0,4.91,5,0,3,#FFD700,86.9,-1.9,87.1,5,5,5,8,STEM+GEORIDA
슬쩍 졸졸거리다,seuljjeog joljolgeorida,2,2,1,1,1,32,1,sɯltɕ͈ʌk̚ tɕoltɕolkʌrita,4,2,6,8,5,8,2600.0,6.69,8,1800.0,4.91,5,0,3,#FFD700,86.9,-1.9,87.1,5,5,5,8,STEM+GEORIDA
선뜻 졸졸거리다,seontteus joljolgeorida,2,2,1,1,1,32,1,sʌnt͈ɯs̚ tɕoltɕolkʌrita,4,2,6,8,5,8,2600.0,6.69,8,1800.0,4.91,5,0,3,#FFD700,86.9,-1.9,87.1,5,5,5,8,STEM+GEORIDA
단번에 졸졸거리다,danbeone joljolgeorida,2,2,1,1,1,32,1,tanpʌne tɕoltɕolkʌrita,1,2,5,5,2,8,2100.0,6.25,8,1800.0,4.91,3,0,2,#FFD700,86.9,-1.9,87.1,5,5,5,8,STEM+GEORIDA
한번에 졸졸거리다,hanbeone joljolgeorida,2,2,1,1,1,32,1,hanpʌne tɕoltɕolkʌrita,1,2,5,7,2,8,2100.0,6.25,8,1800.0,4.91,3,0,2,#FFD700,86.9,-1.9,87.1,5,5,5,8,STEM+GEORIDA
살짝 졸졸대다,saljjag joljoldaeda,2,2,1,1,1,32,1,saltɕ͈ak̚ tɕoltɕoltɛta,4,2,6,8,5,8,2600.0,6.69,8,1800.0,4.91,5,0,3,#FFD700,86.9,-1.9,87.1,5,5,5,8,STEM+DAEDA
슬쩍 졸졸대다,seuljjeog joljoldaeda,2,2,1,1,1,32,1,sɯltɕ͈ʌk̚ tɕoltɕoltɛta,4,2,6,8,5,8,2600.0,6.69,8,1800.0,4.91,5,0,3,#FFD700,86.9,-1.9,87.1,5,5,5,8,STEM+DAEDA
선뜻 졸졸대다,seontteus joljoldaeda,2,2,1,1,1,32,1,sʌnt͈ɯs̚ tɕoltɕoltɛta,4,2,6,8,5,8,2600.0,6.69,8,1800.0,4.91,5,0,3,#FFD700,86.9,-1.9,87.1,5,5,5,8,STEM+DAEDA
단번에 졸졸대다,danbeone joljoldaeda,2,2,1,1,1,32,1,tanpʌne tɕoltɕoltɛta,1,2,5,5,2,8,2100.0,6.25,8,1800.0,4.91,3,0,2,#FFD700,86.9,-1.9,87.1,5,5,5,8,STEM+DAEDA
한번에 졸졸대다,hanbeone joljoldaeda,2,2,1,1,1,32,1,hanpʌne tɕoltɕoltɛta,1,2,5,7,2,8,2100.0,6.25,8,1800.0,4.91,3,0,2,#FFD700,86.9,-1.9,87.1,5,5,5,8,STEM+DAEDA
살짝 졸졸졸졸대다,saljjag joljoljoljoldaeda,2,2,1,1,1,33,1,saltɕ͈ak̚ tɕoltɕoltɕoltɕoltɛta,4,4,6,8,5,8,2600.0,6.69,8,3200.0,5.89,5,0,3,#FFD700,86.9,-1.9,87.1,5,5,5,1,STEM+DAEDA
슬쩍 졸졸졸졸대다,seuljjeog joljoljoljoldaeda,2,2,1,1,1,33,1,sɯltɕ͈ʌk̚ tɕoltɕoltɕoltɕoltɛta,4,4,6,8,5,8,2600.0,6.69,8,3200.0,5.89,5,0,3,#FFD700,86.9,-1.9,87.1,5,5,5,1,STEM+DAEDA
선뜻 졸졸졸졸대다,seontteus joljoljoljoldaeda,2,2,1,1,1,33,1,sʌnt͈ɯs̚ tɕoltɕoltɕoltɕoltɛta,4,4,6,8,5,8,2600.0,6.69,8,3200.0,5.89,5,0,3,#FFD700,86.9,-1.9,87.1,5,5,5,1,STEM+DAEDA
단번에 졸졸졸졸대다,danbeone joljoljoljoldaeda,2,2,1,1,1,33,1,tanpʌne tɕoltɕoltɕoltɕoltɛta,1,4,5,5,2,8,2100.0,6.25,8,3200.0,5.89,3,0,2,#FFD700,86.9,-1.9,87.1,5,5,5,1,STEM+DAEDA
한번에 졸졸졸졸대다,hanbeone joljoljoljoldaeda,2,2,1,1,1,33,1,hanpʌne tɕoltɕoltɕoltɕoltɛta,1,4,5,7,2,8,2100.0,6.25,8,3200.0,5.89,3,0,2,#FFD700,86.9,-1.9,87.1,5,5,5,1,STEM+DAEDA
살짝 졸졸이다,saljjag joljolida,2,2,1,1,1,32,1,saltɕ͈ak̚ tɕoltɕolita,4,2,6,8,5,8,2600.0,6.69,8,1800.0,4.91,5,0,3,#FFD700,86.9,-1.9,87.1,5,5,5,8,STEM+IDA
슬쩍 졸졸이다,seuljjeog joljolida,2,2,1,1,1,32,1,sɯltɕ͈ʌk̚ tɕoltɕolita,4,2,6,8,5,8,2600.0,6.69,8,1800.0,4.91,5,0,3,#FFD700,86.9,-1.9,87.1,5,5,5,8,STEM+IDA
선뜻 졸졸이다,seontteus joljolida,2,2,1,1,1,32,1,sʌnt͈ɯs̚ tɕoltɕolita,4,2,6,8,5,8,2600.0,6.69,8,1800.0,4.91,5,0,3,#FFD700,86.9,-1.9,87.1,5,5,5,8,STEM+IDA
단번에 졸졸이다,danbeone joljolida,2,2,1,1,1,32,1,tanpʌne tɕoltɕolita,1,2,5,5,2,8,2100.0,6.25,8,1800.0,4.91,3,0,2,#FFD700,86.9,-1.9,87.1,5,5,5,8,STEM+IDA
한번에 졸졸이다,hanbeone joljolida,2,2,1,1,1,32,1,hanpʌne tɕoltɕolita,1,2,5,7,2,8,2100.0,6.25,8,1800.0,4.91,3,0,2,#FFD700,86.9,-1.9,87.1,5,5,5,8,STEM+IDA
살짝 졸졸졸졸이다,saljjag joljoljoljolida,2,2,1,1,1,33,1,saltɕ͈ak̚ tɕoltɕoltɕoltɕolita,4,4,6,8,5,8,2600.0,6.69,8,3200.0,5.89,5,0,3,#FFD700,86.9,-1.9,87.1,5,5,5,1,STEM+IDA
슬쩍 졸졸졸졸이다,seuljjeog joljoljoljolida,2,2,1,1,1,33,1,sɯltɕ͈ʌk̚ tɕoltɕoltɕoltɕolita,4,4,6,8,5,8,2600.0,6.69,8,3200.0,5.89,5,0,3,#FFD700,86.9,-1.9,87.1,5,5,5,1,STEM+IDA
선뜻 졸졸졸졸이다,seontteus joljoljoljolida,2,2,1,1,1,33,1,sʌnt͈ɯs̚ tɕoltɕoltɕoltɕolita,4,4,6,8,5,8,2600.0,6.69,8,3200.0,5.89,5,0,3,#FFD700,86.9,-1.9,87.1,5,5,5,1,STEM+IDA
단번에 졸졸졸졸이다,danbeone joljoljoljolida,2,2,1,1,1,33,1,tanpʌne tɕoltɕoltɕoltɕolita,1,4,5,5,2,8,2100.0,6.25,8,3200.0,5.89,3,0,2,#FFD700,86.9,-1.9,87.1,5,5,5,1,STEM+IDA
한번에 졸졸졸졸이다,hanbeone joljoljoljolida,2,2,1,1,1,33,1,hanpʌne tɕoltɕoltɕoltɕolita,1,4,5,7,2,8,2100.0,6.25,8,3200.0,5.89,3,0,2,#FFD700,86.9,-1.9,87.1,5,5,5,1,STEM+IDA
살짝 졸졸하다,saljjag joljolhada,2,2,1,1,1,32,1,saltɕ͈ak̚ tɕoltɕolhata,4,2,6,8,5,8,2600.0,6.69,8,1800.0,4.91,5,0,3,#FFD700,86.9,-1.9,87.1,5,5,5,8,STEM+HADA
슬쩍 졸졸하다,seuljjeog joljolhada,2,2,1,1,1,32,1,sɯltɕ͈ʌk̚ tɕoltɕolhata,4,2,6,8,5,8,2600.0,6.69,8,1800.0,4.91,5,0,3,#FFD700,86.9,-1.9,87.1,5,5,5,8,STEM+HADA
선뜻 졸졸하다,seontteus joljolhada,2,2,1,1,1,32,1,sʌnt͈ɯs̚ tɕoltɕolhata,4,2,6,8,5,8,2600.0,6.69,8,1800.0,4.91,5,0,3,#FFD700,86.9,-1.9,87.1,5,5,5,8,STEM+HADA
단번에 졸졸하다,danbeone joljolhada,2,2,1,1,1,32,1,tanpʌne tɕoltɕolhata,1,2,5,7,2,8,2100.0,6.25,8,1800.0,4.91,3,0,2,#FFD700,86.9,-1.9,87.1,5,5,5,8,STEM+HADA
한번에 졸졸하다,hanbeone joljolhada,2,2,1,1,1,32,1,hanpʌne tɕoltɕolhata,1,2,5,7,2,8,2100.0,6.25,8,1800.0,4.91,3,0,2,#FFD700,86.9,-1.9,87.1,5,5,5,8,STEM+HADA
살짝 졸졸졸졸하다,saljjag joljoljoljolhada,2,2,1,1,1,33,1,saltɕ͈ak̚ tɕoltɕoltɕoltɕolhata,4,4,6,8,5,8,2600.0,6.69,8,3200.0,5.89,5,0,3,#FFD700,86.9,-1.9,87.1,5,5,5,1,STEM+HADA
슬쩍 졸졸졸졸하다,seuljjeog joljoljoljolhada,2,2,1,1,1,33,1,sɯltɕ͈ʌk̚ tɕoltɕoltɕoltɕolhata,4,4,6,8,5,8,2600.0,6.69,8,3200.0,5.89,5,0,3,#FFD700,86.9,-1.9,87.1,5,5,5,1,STEM+HADA
선뜻 졸졸졸졸하다,seontteus joljoljoljolhada,2,2,1,1,1,33,1,sʌnt͈ɯs̚ tɕoltɕoltɕoltɕolhata,4,4,6,8,5,8,2600.0,6.69,8,3200.0,5.89,5,0,3,#FFD700,86.9,-1.9,87.1,5,5,5,1,STEM+HADA
단번에 졸졸졸졸하다,danbeone joljoljoljolhada,2,2,1,1,1,33,1,tanpʌne tɕoltɕoltɕoltɕolhata,1,4,5,7,2,8,2100.0,6.25,8,3200.0,5.89,3,0,2,#FFD700,86.9,-1.9,87.1,5,5,5,1,STEM+HADA
한번에 졸졸졸졸하다,hanbeone joljoljoljolhada,2,2,1,1,1,33,1,hanpʌne tɕoltɕoltɕoltɕolhata,1,4,5,7,2,8,2100.0,6.25,8,3200.0,5.89,3,0,2,#FFD700,86.9,-1.9,87.1,5,5,5,1,STEM+HADA
살짝 졸졸스럽다,saljjag joljolseureopda,2,2,1,1,1,32,1,saltɕ͈ak̚ tɕoltɕolsɯrʌp̚ta,4,2,6,8,5,8,2600.0,6.69,8,1800.0,4.91,5,0,3,#FFD700,86.9,-1.9,87.1,5,5,5,8,SUFFIX(어미변화)
슬쩍 졸졸스럽다,seuljjeog joljolseureopda,2,2,1,1,1,32,1,sɯltɕ͈ʌk̚ tɕoltɕolsɯrʌp̚ta,4,2,6,8,5,8,2600.0,6.69,8,1800.0,4.91,5,0,3,#FFD700,86.9,-1.9,87.1,5,5,5,8,SUFFIX(어미변화)
선뜻 졸졸스럽다,seontteus joljolseureopda,2,2,1,1,1,32,1,sʌnt͈ɯs̚ tɕoltɕolsɯrʌp̚ta,4,2,6,8,5,8,2600.0,6.69,8,1800.0,4.91,5,0,3,#FFD700,86.9,-1.9,87.1,5,5,5,8,SUFFIX(어미변화)
단번에 졸졸스럽다,danbeone joljolseureopda,2,2,1,1,1,32,1,tanpʌne tɕoltɕolsɯrʌp̚ta,1,2,5,7,5,8,2100.0,6.25,8,1800.0,4.91,3,0,3,#FFD700,86.9,-1.9,87.1,5,5,5,8,SUFFIX(어미변화)
한번에 졸졸스럽다,hanbeone joljolseureopda,2,2,1,1,1,32,1,hanpʌne tɕoltɕolsɯrʌp̚ta,1,2,5,7,5,8,2100.0,6.25,8,1800.0,4.91,3,0,3,#FFD700,86.9,-1.9,87.1,5,5,5,8,SUFFIX(어미변화)
살짝 졸졸맞다,saljjag joljolmajda,2,2,1,1,1,32,1,saltɕ͈ak̚ tɕoltɕolmat̚ta,4,2,6,8,5,8,2600.0,6.69,8,1800.0,4.91,5,0,3,#FFD700,86.9,-1.9,87.1,5,5,5,8,SUFFIX(어미변화)
슬쩍 졸졸맞다,seuljjeog joljolmajda,2,2,1,1,1,32,1,sɯltɕ͈ʌk̚ tɕoltɕolmat̚ta,4,2,6,8,5,8,2600.0,6.69,8,1800.0,4.91,5,0,3,#FFD700,86.9,-1.9,87.1,5,5,5,8,SUFFIX(어미변화)
선뜻 졸졸맞다,seontteus joljolmajda,2,2,1,1,1,32,1,sʌnt͈ɯs̚ tɕoltɕolmat̚ta,4,2,6,8,5,8,2600.0,6.69,8,1800.0,4.91,5,0,3,#FFD700,86.9,-1.9,87.1,5,5,5,8,SUFFIX(어미변화)
단번에 졸졸맞다,danbeone joljolmajda,2,2,1,1,1,32,1,tanpʌne tɕoltɕolmat̚ta,1,2,5,5,2,8,2100.0,6.25,8,1800.0,4.91,3,0,2,#FFD700,86.9,-1.9,87.1,5,5,5,8,SUFFIX(어미변화)
한번에 졸졸맞다,hanbeone joljolmajda,2,2,1,1,1,32,1,hanpʌne tɕoltɕolmat̚ta,1,2,5,7,2,8,2100.0,6.25,8,1800.0,4.91,3,0,2,#FFD700,86.9,-1.9,87.1,5,5,5,8,SUFFIX(어미변화)
살짝 졸졸졸졸맞다,saljjag joljoljoljolmajda,2,2,1,1,1,33,1,saltɕ͈ak̚ tɕoltɕoltɕoltɕolmat̚ta,4,4,6,8,5,8,2600.0,6.69,8,3200.0,5.89,5,0,3,#FFD700,86.9,-1.9,87.1,5,5,5,1,REDUP(첩어・동일)
슬쩍 졸졸졸졸맞다,seuljjeog joljoljoljolmajda,2,2,1,1,1,33,1,sɯltɕ͈ʌk̚ tɕoltɕoltɕoltɕolmat̚ta,4,4,6,8,5,8,2600.0,6.69,8,3200.0,5.89,5,0,3,#FFD700,86.9,-1.9,87.1,5,5,5,1,REDUP(첩어・동일)
선뜻 졸졸졸졸맞다,seontteus joljoljoljolmajda,2,2,1,1,1,33,1,sʌnt͈ɯs̚ tɕoltɕoltɕoltɕolmat̚ta,4,4,6,8,5,8,2600.0,6.69,8,3200.0,5.89,5,0,3,#FFD700,86.9,-1.9,87.1,5,5,5,1,REDUP(첩어・동일)
단번에 졸졸졸졸맞다,danbeone joljoljoljolmajda,2,2,1,1,1,33,1,tanpʌne tɕoltɕoltɕoltɕolmat̚ta,1,4,5,5,2,8,2100.0,6.25,8,3200.0,5.89,3,0,2,#FFD700,86.9,-1.9,87.1,5,5,5,1,REDUP(첩어・동일)
한번에 졸졸졸졸맞다,hanbeone joljoljoljolmajda,2,2,1,1,1,33,1,hanpʌne tɕoltɕoltɕoltɕolmat̚ta,1,4,5,7,2,8,2100.0,6.25,8,3200.0,5.89,3,0,2,#FFD700,86.9,-1.9,87.1,5,5,5,1,REDUP(첩어・동일)
살짝 졸졸하게,saljjag joljolhage,2,2,1,1,1,32,1,saltɕ͈ak̚ tɕoltɕolhake,4,2,6,8,5,8,2600.0,6.69,8,1800.0,4.91,5,0,3,#FFD700,86.9,-1.9,87.1,5,5,5,8,SUFFIX(어미변화)
슬쩍 졸졸하게,seuljjeog joljolhage,2,2,1,1,1,32,1,sɯltɕ͈ʌk̚ tɕoltɕolhake,4,2,6,8,5,8,2600.0,6.69,8,1800.0,4.91,5,0,3,#FFD700,86.9,-1.9,87.1,5,5,5,8,SUFFIX(어미변화)
선뜻 졸졸하게,seontteus joljolhage,2,2,1,1,1,32,1,sʌnt͈ɯs̚ tɕoltɕolhake,4,2,6,8,5,8,2600.0,6.69,8,1800.0,4.91,5,0,3,#FFD700,86.9,-1.9,87.1,5,5,5,8,SUFFIX(어미변화)
단번에 졸졸하게,danbeone joljolhage,2,2,1,1,1,32,1,tanpʌne tɕoltɕolhake,1,2,5,7,2,8,2100.0,6.25,8,1800.0,4.91,3,0,2,#FFD700,86.9,-1.9,87.1,5,5,5,8,SUFFIX(어미변화)
한번에 졸졸하게,hanbeone joljolhage,2,2,1,1,1,32,1,hanpʌne tɕoltɕolhake,1,2,5,7,2,8,2100.0,6.25,8,1800.0,4.91,3,0,2,#FFD700,86.9,-1.9,87.1,5,5,5,8,SUFFIX(어미변화)
살짝 졸졸졸졸하게,saljjag joljoljoljolhage,2,2,1,1,1,33,1,saltɕ͈ak̚ tɕoltɕoltɕoltɕolhake,4,4,6,8,5,8,2600.0,6.69,8,3200.0,5.89,5,0,3,#FFD700,86.9,-1.9,87.1,5,5,5,1,REDUP(첩어・동일)
슬쩍 졸졸졸졸하게,seuljjeog joljoljoljolhage,2,2,1,1,1,33,1,sɯltɕ͈ʌk̚ tɕoltɕoltɕoltɕolhake,4,4,6,8,5,8,2600.0,6.69,8,3200.0,5.89,5,0,3,#FFD700,86.9,-1.9,87.1,5,5,5,1,REDUP(첩어・동일)
선뜻 졸졸졸졸하게,seontteus joljoljoljolhage,2,2,1,1,1,33,1,sʌnt͈ɯs̚ tɕoltɕoltɕoltɕolhake,4,4,6,8,5,8,2600.0,6.69,8,3200.0,5.89,5,0,3,#FFD700,86.9,-1.9,87.1,5,5,5,1,REDUP(첩어・동일)
단번에 졸졸졸졸하게,danbeone joljoljoljolhage,2,2,1,1,1,33,1,tanpʌne tɕoltɕoltɕoltɕolhake,1,4,5,7,2,8,2100.0,6.25,8,3200.0,5.89,3,0,2,#FFD700,86.9,-1.9,87.1,5,5,5,1,REDUP(첩어・동일)
한번에 졸졸졸졸하게,hanbeone joljoljoljolhage,2,2,1,1,1,33,1,hanpʌne tɕoltɕoltɕoltɕolhake,1,4,5,7,2,8,2100.0,6.25,8,3200.0,5.89,3,0,2,#FFD700,86.9,-1.9,87.1,5,5,5,1,REDUP(첩어・동일)
살짝 졸졸한,saljjag joljolhan,2,2,1,1,1,32,1,saltɕ͈ak̚ tɕoltɕolhan,4,2,6,8,5,8,2600.0,6.69,8,1800.0,4.91,5,0,3,#FFD700,86.9,-1.9,87.1,5,5,5,8,SUFFIX(어미변화)
슬쩍 졸졸한,seuljjeog joljolhan,2,2,1,1,1,32,1,sɯltɕ͈ʌk̚ tɕoltɕolhan,4,2,6,8,5,8,2600.0,6.69,8,1800.0,4.91,5,0,3,#FFD700,86.9,-1.9,87.1,5,5,5,8,SUFFIX(어미변화)
선뜻 졸졸한,seontteus joljolhan,2,2,1,1,1,32,1,sʌnt͈ɯs̚ tɕoltɕolhan,4,2,6,8,5,8,2600.0,6.69,8,1800.0,4.91,5,0,3,#FFD700,86.9,-1.9,87.1,5,5,5,8,SUFFIX(어미변화)
단번에 졸졸한,danbeone joljolhan,2,2,1,1,1,32,1,tanpʌne tɕoltɕolhan,1,2,5,7,2,8,2100.0,6.25,8,1800.0,4.91,3,0,2,#FFD700,86.9,-1.9,87.1,5,5,5,8,SUFFIX(어미변화)
한번에 졸졸한,hanbeone joljolhan,2,2,1,1,1,32,1,hanpʌne tɕoltɕolhan,1,2,5,7,2,8,2100.0,6.25,8,1800.0,4.91,3,0,2,#FFD700,86.9,-1.9,87.1,5,5,5,8,SUFFIX(어미변화)
살짝 졸졸졸졸한,saljjag joljoljoljolhan,2,2,1,1,1,33,1,saltɕ͈ak̚ tɕoltɕoltɕoltɕolhan,4,4,6,8,5,8,2600.0,6.69,8,3200.0,5.89,5,0,3,#FFD700,86.9,-1.9,87.1,5,5,5,1,REDUP(첩어・동일)
슬쩍 졸졸졸졸한,seuljjeog joljoljoljolhan,2,2,1,1,1,33,1,sɯltɕ͈ʌk̚ tɕoltɕoltɕoltɕolhan,4,4,6,8,5,8,2600.0,6.69,8,3200.0,5.89,5,0,3,#FFD700,86.9,-1.9,87.1,5,5,5,1,REDUP(첩어・동일)
선뜻 졸졸졸졸한,seontteus joljoljoljolhan,2,2,1,1,1,33,1,sʌnt͈ɯs̚ tɕoltɕoltɕoltɕolhan,4,4,6,8,5,8,2600.0,6.69,8,3200.0,5.89,5,0,3,#FFD700,86.9,-1.9,87.1,5,5,5,1,REDUP(첩어・동일)
단번에 졸졸졸졸한,danbeone joljoljoljolhan,2,2,1,1,1,33,1,tanpʌne tɕoltɕoltɕoltɕolhan,1,4,5,7,2,8,2100.0,6.25,8,3200.0,5.89,3,0,2,#FFD700,86.9,-1.9,87.1,5,5,5,1,REDUP(첩어・동일)
한번에 졸졸졸졸한,hanbeone joljoljoljolhan,2,2,1,1,1,33,1,hanpʌne tɕoltɕoltɕoltɕolhan,1,4,5,7,2,8,2100.0,6.25,8,3200.0,5.89,3,0,2,#FFD700,86.9,-1.9,87.1,5,5,5,1,REDUP(첩어・동일)
살짝 졸졸스럽게,saljjag joljolseureopge,2,2,1,1,1,32,1,saltɕ͈ak̚ tɕoltɕolsɯrʌp̚ke,4,2,6,8,5,8,2600.0,6.69,8,1800.0,4.91,5,0,3,#FFD700,86.9,-1.9,87.1,5,5,5,8,SUFFIX(어미변화)
슬쩍 졸졸스럽게,seuljjeog joljolseureopge,2,2,1,1,1,32,1,sɯltɕ͈ʌk̚ tɕoltɕolsɯrʌp̚ke,4,2,6,8,5,8,2600.0,6.69,8,1800.0,4.91,5,0,3,#FFD700,86.9,-1.9,87.1,5,5,5,8,SUFFIX(어미변화)
선뜻 졸졸스럽게,seontteus joljolseureopge,2,2,1,1,1,32,1,sʌnt͈ɯs̚ tɕoltɕolsɯrʌp̚ke,4,2,6,8,5,8,2600.0,6.69,8,1800.0,4.91,5,0,3,#FFD700,86.9,-1.9,87.1,5,5,5,8,SUFFIX(어미변화)
단번에 졸졸스럽게,danbeone joljolseureopge,2,2,1,1,1,32,1,tanpʌne tɕoltɕolsɯrʌp̚ke,1,2,5,7,5,8,2100.0,6.25,8,1800.0,4.91,3,0,3,#FFD700,86.9,-1.9,87.1,5,5,5,8,SUFFIX(어미변화)
한번에 졸졸스럽게,hanbeone joljolseureopge,2,2,1,1,1,32,1,hanpʌne tɕoltɕolsɯrʌp̚ke,1,2,5,7,5,8,2100.0,6.25,8,1800.0,4.91,3,0,3,#FFD700,86.9,-1.9,87.1,5,5,5,8,SUFFIX(어미변화)
살짝 졸졸스러운,saljjag joljolseureoun,2,2,1,1,1,32,1,saltɕ͈ak̚ tɕoltɕolsɯrʌun,4,2,6,8,5,8,2600.0,6.69,8,1800.0,4.91,5,0,3,#FFD700,86.9,-1.9,87.1,5,5,5,8,SUFFIX(어미변화)
슬쩍 졸졸스러운,seuljjeog joljolseureoun,2,2,1,1,1,32,1,sɯltɕ͈ʌk̚ tɕoltɕolsɯrʌun,4,2,6,8,5,8,2600.0,6.69,8,1800.0,4.91,5,0,3,#FFD700,86.9,-1.9,87.1,5,5,5,8,SUFFIX(어미변화)
선뜻 졸졸스러운,seontteus joljolseureoun,2,2,1,1,1,32,1,sʌnt͈ɯs̚ tɕoltɕolsɯrʌun,4,2,6,8,5,8,2600.0,6.69,8,1800.0,4.91,5,0,3,#FFD700,86.9,-1.9,87.1,5,5,5,8,SUFFIX(어미변화)
단번에 졸졸스러운,danbeone joljolseureoun,2,2,1,1,1,32,1,tanpʌne tɕoltɕolsɯrʌun,1,2,5,7,2,8,2100.0,6.25,8,1800.0,4.91,3,0,2,#FFD700,86.9,-1.9,87.1,5,5,5,8,SUFFIX(어미변화)
한번에 졸졸스러운,hanbeone joljolseureoun,2,2,1,1,1,32,1,hanpʌne tɕoltɕolsɯrʌun,1,2,5,7,2,8,2100.0,6.25,8,1800.0,4.91,3,0,2,#FFD700,86.9,-1.9,87.1,5,5,5,8,SUFFIX(어미변화)
살짝 졸졸해서,saljjag joljolhaeseo,2,2,1,1,1,32,1,saltɕ͈ak̚ tɕoltɕolhɛsʌ,4,2,6,8,5,8,2600.0,6.69,8,1800.0,4.91,5,0,3,#FFD700,86.9,-1.9,87.1,5,5,5,8,SUFFIX(어미변화)
슬쩍 졸졸해서,seuljjeog joljolhaeseo,2,2,1,1,1,32,1,sɯltɕ͈ʌk̚ tɕoltɕolhɛsʌ,4,2,6,8,5,8,2600.0,6.69,8,1800.0,4.91,5,0,3,#FFD700,86.9,-1.9,87.1,5,5,5,8,SUFFIX(어미변화)
선뜻 졸졸해서,seontteus joljolhaeseo,2,2,1,1,1,32,1,sʌnt͈ɯs̚ tɕoltɕolhɛsʌ,4,2,6,8,5,8,2600.0,6.69,8,1800.0,4.91,5,0,3,#FFD700,86.9,-1.9,87.1,5,5,5,8,SUFFIX(어미변화)
단번에 졸졸해서,danbeone joljolhaeseo,2,2,1,1,1,32,1,tanpʌne tɕoltɕolhɛsʌ,1,2,5,7,2,8,2100.0,6.25,8,1800.0,4.91,3,0,2,#FFD700,86.9,-1.9,87.1,5,5,5,8,SUFFIX(어미변화)
한번에 졸졸해서,hanbeone joljolhaeseo,2,2,1,1,1,32,1,hanpʌne tɕoltɕolhɛsʌ,1,2,5,7,2,8,2100.0,6.25,8,1800.0,4.91,3,0,2,#FFD700,86.9,-1.9,87.1,5,5,5,8,SUFFIX(어미변화)
살짝 졸졸졸졸해서,saljjag joljoljoljolhaeseo,2,2,1,1,1,33,1,saltɕ͈ak̚ tɕoltɕoltɕoltɕolhɛsʌ,4,4,6,8,5,8,2600.0,6.69,8,3200.0,5.89,5,0,3,#FFD700,86.9,-1.9,87.1,5,5,5,1,REDUP(첩어・동일)
슬쩍 졸졸졸졸해서,seuljjeog joljoljoljolhaeseo,2,2,1,1,1,33,1,sɯltɕ͈ʌk̚ tɕoltɕoltɕoltɕolhɛsʌ,4,4,6,8,5,8,2600.0,6.69,8,3200.0,5.89,5,0,3,#FFD700,86.9,-1.9,87.1,5,5,5,1,REDUP(첩어・동일)
선뜻 졸졸졸졸해서,seontteus joljoljoljolhaeseo,2,2,1,1,1,33,1,sʌnt͈ɯs̚ tɕoltɕoltɕoltɕolhɛsʌ,4,4,6,8,5,8,2600.0,6.69,8,3200.0,5.89,5,0,3,#FFD700,86.9,-1.9,87.1,5,5,5,1,REDUP(첩어・동일)
단번에 졸졸졸졸해서,danbeone joljoljoljolhaeseo,2,2,1,1,1,33,1,tanpʌne tɕoltɕoltɕoltɕolhɛsʌ,1,4,5,7,2,8,2100.0,6.25,8,3200.0,5.89,3,0,2,#FFD700,86.9,-1.9,87.1,5,5,5,1,REDUP(첩어・동일)
한번에 졸졸졸졸해서,hanbeone joljoljoljolhaeseo,2,2,1,1,1,33,1,hanpʌne tɕoltɕoltɕoltɕolhɛsʌ,1,4,5,7,2,8,2100.0,6.25,8,3200.0,5.89,3,0,2,#FFD700,86.9,-1.9,87.1,5,5,5,1,REDUP(첩어・동일)
살짝 졸졸하고,saljjag joljolhago,2,2,1,1,1,32,1,saltɕ͈ak̚ tɕoltɕolhako,4,2,6,8,5,8,2600.0,6.69,8,1800.0,4.91,5,0,3,#FFD700,86.9,-1.9,87.1,5,5,5,8,SUFFIX(어미변화)
슬쩍 졸졸하고,seuljjeog joljolhago,2,2,1,1,1,32,1,sɯltɕ͈ʌk̚ tɕoltɕolhako,4,2,6,8,5,8,2600.0,6.69,8,1800.0,4.91,5,0,3,#FFD700,86.9,-1.9,87.1,5,5,5,8,SUFFIX(어미변화)
선뜻 졸졸하고,seontteus joljolhago,2,2,1,1,1,32,1,sʌnt͈ɯs̚ tɕoltɕolhako,4,2,6,8,5,8,2600.0,6.69,8,1800.0,4.91,5,0,3,#FFD700,86.9,-1.9,87.1,5,5,5,8,SUFFIX(어미변화)
단번에 졸졸하고,danbeone joljolhago,2,2,1,1,1,32,1,tanpʌne tɕoltɕolhako,1,2,5,7,2,8,2100.0,6.25,8,1800.0,4.91,3,0,2,#FFD700,86.9,-1.9,87.1,5,5,5,8,SUFFIX(어미변화)
한번에 졸졸하고,hanbeone joljolhago,2,2,1,1,1,32,1,hanpʌne tɕoltɕolhako,1,2,5,7,2,8,2100.0,6.25,8,1800.0,4.91,3,0,2,#FFD700,86.9,-1.9,87.1,5,5,5,8,SUFFIX(어미변화)
살짝 졸졸졸졸하고,saljjag joljoljoljolhago,2,2,1,1,1,33,1,saltɕ͈ak̚ tɕoltɕoltɕoltɕolhako,4,4,6,8,5,8,2600.0,6.69,8,3200.0,5.89,5,0,3,#FFD700,86.9,-1.9,87.1,5,5,5,1,REDUP(첩어・동일)
슬쩍 졸졸졸졸하고,seuljjeog joljoljoljolhago,2,2,1,1,1,33,1,sɯltɕ͈ʌk̚ tɕoltɕoltɕoltɕolhako,4,4,6,8,5,8,2600.0,6.69,8,3200.0,5.89,5,0,3,#FFD700,86.9,-1.9,87.1,5,5,5,1,REDUP(첩어・동일)
선뜻 졸졸졸졸하고,seontteus joljoljoljolhago,2,2,1,1,1,33,1,sʌnt͈ɯs̚ tɕoltɕoltɕoltɕolhako,4,4,6,8,5,8,2600.0,6.69,8,3200.0,5.89,5,0,3,#FFD700,86.9,-1.9,87.1,5,5,5,1,REDUP(첩어・동일)
단번에 졸졸졸졸하고,danbeone joljoljoljolhago,2,2,1,1,1,33,1,tanpʌne tɕoltɕoltɕoltɕolhako,1,4,5,7,2,8,2100.0,6.25,8,3200.0,5.89,3,0,2,#FFD700,86.9,-1.9,87.1,5,5,5,1,REDUP(첩어・동일)
한번에 졸졸졸졸하고,hanbeone joljoljoljolhago,2,2,1,1,1,33,1,hanpʌne tɕoltɕoltɕoltɕolhako,1,4,5,7,2,8,2100.0,6.25,8,3200.0,5.89,3,0,2,#FFD700,86.9,-1.9,87.1,5,5,5,1,REDUP(첩어・동일)
살짝 콸콸,saljjag kwalkwal,2,2,0,2,1,40,1,saltɕ͈ak̚ kʰwalkʰwal,4,2,6,8,5,8,2600.0,6.69,8,1800.0,4.91,5,0,3,#FFD700,86.9,-1.9,87.1,5,5,5,8,SUFFIX(어미변화)
슬쩍 콸콸,seuljjeog kwalkwal,2,2,0,2,1,40,1,sɯltɕ͈ʌk̚ kʰwalkʰwal,4,2,6,8,5,8,2600.0,6.69,8,1800.0,4.91,5,0,3,#FFD700,86.9,-1.9,87.1,5,5,5,8,SUFFIX(어미변화)
선뜻 콸콸,seontteus kwalkwal,2,2,0,2,1,40,1,sʌnt͈ɯs̚ kʰwalkʰwal,4,2,6,8,5,8,2600.0,6.69,8,1800.0,4.91,5,0,3,#FFD700,86.9,-1.9,87.1,5,5,5,8,SUFFIX(어미변화)
단번에 콸콸,danbeone kwalkwal,2,2,0,2,1,40,1,tanpʌne kʰwalkʰwal,3,2,6,7,3,8,2900.0,6.92,8,1800.0,4.91,5,0,2,#FFD700,86.9,-1.9,87.1,5,5,5,8,SUFFIX(어미변화)
한번에 콸콸,hanbeone kwalkwal,2,2,0,2,1,40,1,hanpʌne kʰwalkʰwal,3,2,6,7,3,8,2900.0,6.92,8,1800.0,4.91,5,0,2,#FFD700,86.9,-1.9,87.1,5,5,5,8,SUFFIX(어미변화)
살짝 콸콸콸콸,saljjag kwalkwalkwalkwal,2,2,0,2,1,33,1,saltɕ͈ak̚ kʰwalkʰwalkʰwalkʰwal,4,4,6,8,5,8,2600.0,6.69,8,3200.0,5.89,5,0,3,#FFD700,86.9,-1.9,87.1,5,5,5,1,REDUP(첩어・동일)
슬쩍 콸콸콸콸,seuljjeog kwalkwalkwalkwal,2,2,0,2,1,33,1,sɯltɕ͈ʌk̚ kʰwalkʰwalkʰwalkʰwal,4,4,6,8,5,8,2600.0,6.69,8,3200.0,5.89,5,0,3,#FFD700,86.9,-1.9,87.1,5,5,5,1,REDUP(첩어・동일)
선뜻 콸콸콸콸,seontteus kwalkwalkwalkwal,2,2,0,2,1,33,1,sʌnt͈ɯs̚ kʰwalkʰwalkʰwalkʰwal,4,4,6,8,5,8,2600.0,6.69,8,3200.0,5.89,5,0,3,#FFD700,86.9,-1.9,87.1,5,5,5,1,REDUP(첩어・동일)
단번에 콸콸콸콸,danbeone kwalkwalkwalkwal,2,2,0,2,1,33,1,tanpʌne kʰwalkʰwalkʰwalkʰwal,3,4,6,7,3,8,2900.0,6.92,8,3200.0,5.89,5,0,2,#FFD700,86.9,-1.9,87.1,5,5,5,1,REDUP(첩어・동일)
한번에 콸콸콸콸,hanbeone kwalkwalkwalkwal,2,2,0,2,1,33,1,hanpʌne kʰwalkʰwalkʰwalkʰwal,3,4,6,7,3,8,2900.0,6.92,8,3200.0,5.89,5,0,2,#FFD700,86.9,-1.9,87.1,5,5,5,1,REDUP(첩어・동일)
살짝 콸콸콸콸콸콸,saljjag kwalkwalkwalkwalkwalkwal,2,2,0,2,1,33,1,saltɕ͈ak̚ kʰwalkʰwalkʰwalkʰwalkʰwalkʰwal,4,4,6,8,5,8,2600.0,6.69,8,3200.0,5.89,5,0,3,#FFD700,86.9,-1.9,87.1,5,5,5,1,REDUP(첩어・동일)
슬쩍 콸콸콸콸콸콸,seuljjeog kwalkwalkwalkwalkwalkwal,2,2,0,2,1,33,1,sɯltɕ͈ʌk̚ kʰwalkʰwalkʰwalkʰwalkʰwalkʰwal,4,4,6,8,5,8,2600.0,6.69,8,3200.0,5.89,5,0,3,#FFD700,86.9,-1.9,87.1,5,5,5,1,REDUP(첩어・동일)
선뜻 콸콸콸콸콸콸,seontteus kwalkwalkwalkwalkwalkwal,2,2,0,2,1,33,1,sʌnt͈ɯs̚ kʰwalkʰwalkʰwalkʰwalkʰwalkʰwal,4,4,6,8,5,8,2600.0,6.69,8,3200.0,5.89,5,0,3,#FFD700,86.9,-1.9,87.1,5,5,5,1,REDUP(첩어・동일)
단번에 콸콸콸콸콸콸,danbeone kwalkwalkwalkwalkwalkwal,2,2,0,2,1,33,1,tanpʌne kʰwalkʰwalkʰwalkʰwalkʰwalkʰwal,3,4,6,7,3,8,2900.0,6.92,8,3200.0,5.89,5,0,2,#FFD700,86.9,-1.9,87.1,5,5,5,1,REDUP(첩어・동일)
한번에 콸콸콸콸콸콸,hanbeone kwalkwalkwalkwalkwalkwal,2,2,0,2,1,33,1,hanpʌne kʰwalkʰwalkʰwalkʰwalkʰwalkʰwal,3,4,6,7,3,8,2900.0,6.92,8,3200.0,5.89,5,0,2,#FFD700,86.9,-1.9,87.1,5,5,5,1,REDUP(첩어・동일)
살짝 콸콸거리다,saljjag kwalkwalgeorida,2,2,0,2,1,32,1,saltɕ͈ak̚ kʰwalkʰwalkʌrita,4,2,6,8,5,8,2600.0,6.69,8,1800.0,4.91,5,0,3,#FFD700,86.9,-1.9,87.1,5,5,5,8,STEM+GEORIDA
슬쩍 콸콸거리다,seuljjeog kwalkwalgeorida,2,2,0,2,1,32,1,sɯltɕ͈ʌk̚ kʰwalkʰwalkʌrita,4,2,6,8,5,8,2600.0,6.69,8,1800.0,4.91,5,0,3,#FFD700,86.9,-1.9,87.1,5,5,5,8,STEM+GEORIDA
선뜻 콸콸거리다,seontteus kwalkwalgeorida,2,2,0,2,1,32,1,sʌnt͈ɯs̚ kʰwalkʰwalkʌrita,4,2,6,8,5,8,2600.0,6.69,8,1800.0,4.91,5,0,3,#FFD700,86.9,-1.9,87.1,5,5,5,8,STEM+GEORIDA
단번에 콸콸거리다,danbeone kwalkwalgeorida,2,2,0,2,1,32,1,tanpʌne kʰwalkʰwalkʌrita,3,2,6,7,3,8,2900.0,6.92,8,1800.0,4.91,5,0,2,#FFD700,86.9,-1.9,87.1,5,5,5,8,STEM+GEORIDA
한번에 콸콸거리다,hanbeone kwalkwalgeorida,2,2,0,2,1,32,1,hanpʌne kʰwalkʰwalkʌrita,3,2,6,7,3,8,2900.0,6.92,8,1800.0,4.91,5,0,2,#FFD700,86.9,-1.9,87.1,5,5,5,8,STEM+GEORIDA
살짝 콸콸대다,saljjag kwalkwaldaeda,2,2,0,2,1,32,1,saltɕ͈ak̚ kʰwalkʰwaltɛta,4,2,6,8,5,8,2600.0,6.69,8,1800.0,4.91,5,0,3,#FFD700,86.9,-1.9,87.1,5,5,5,8,STEM+DAEDA
슬쩍 콸콸대다,seuljjeog kwalkwaldaeda,2,2,0,2,1,32,1,sɯltɕ͈ʌk̚ kʰwalkʰwaltɛta,4,2,6,8,5,8,2600.0,6.69,8,1800.0,4.91,5,0,3,#FFD700,86.9,-1.9,87.1,5,5,5,8,STEM+DAEDA
선뜻 콸콸대다,seontteus kwalkwaldaeda,2,2,0,2,1,32,1,sʌnt͈ɯs̚ kʰwalkʰwaltɛta,4,2,6,8,5,8,2600.0,6.69,8,1800.0,4.91,5,0,3,#FFD700,86.9,-1.9,87.1,5,5,5,8,STEM+DAEDA
단번에 콸콸대다,danbeone kwalkwaldaeda,2,2,0,2,1,32,1,tanpʌne kʰwalkʰwaltɛta,3,2,6,7,3,8,2900.0,6.92,8,1800.0,4.91,5,0,2,#FFD700,86.9,-1.9,87.1,5,5,5,8,STEM+DAEDA
한번에 콸콸대다,hanbeone kwalkwaldaeda,2,2,0,2,1,32,1,hanpʌne kʰwalkʰwaltɛta,3,2,6,7,3,8,2900.0,6.92,8,1800.0,4.91,5,0,2,#FFD700,86.9,-1.9,87.1,5,5,5,8,STEM+DAEDA
살짝 콸콸콸콸대다,saljjag kwalkwalkwalkwaldaeda,2,2,0,2,1,33,1,saltɕ͈ak̚ kʰwalkʰwalkʰwalkʰwaltɛta,4,4,6,8,5,8,2600.0,6.69,8,3200.0,5.89,5,0,3,#FFD700,86.9,-1.9,87.1,5,5,5,1,STEM+DAEDA
슬쩍 콸콸콸콸대다,seuljjeog kwalkwalkwalkwaldaeda,2,2,0,2,1,33,1,sɯltɕ͈ʌk̚ kʰwalkʰwalkʰwalkʰwaltɛta,4,4,6,8,5,8,2600.0,6.69,8,3200.0,5.89,5,0,3,#FFD700,86.9,-1.9,87.1,5,5,5,1,STEM+DAEDA
선뜻 콸콸콸콸대다,seontteus kwalkwalkwalkwaldaeda,2,2,0,2,1,33,1,sʌnt͈ɯs̚ kʰwalkʰwalkʰwalkʰwaltɛta,4,4,6,8,5,8,2600.0,6.69,8,3200.0,5.89,5,0,3,#FFD700,86.9,-1.9,87.1,5,5,5,1,STEM+DAEDA
단번에 콸콸콸콸대다,danbeone kwalkwalkwalkwaldaeda,2,2,0,2,1,33,1,tanpʌne kʰwalkʰwalkʰwalkʰwaltɛta,3,4,6,7,3,8,2900.0,6.92,8,3200.0,5.89,5,0,2,#FFD700,86.9,-1.9,87.1,5,5,5,1,STEM+DAEDA
한번에 콸콸콸콸대다,hanbeone kwalkwalkwalkwaldaeda,2,2,0,2,1,33,1,hanpʌne kʰwalkʰwalkʰwalkʰwaltɛta,3,4,6,7,3,8,2900.0,6.92,8,3200.0,5.89,5,0,2,#FFD700,86.9,-1.9,87.1,5,5,5,1,STEM+DAEDA
살짝 콸콸이다,saljjag kwalkwalida,2,2,0,2,1,32,1,saltɕ͈ak̚ kʰwalkʰwalita,4,2,6,8,5,8,2600.0,6.69,8,1800.0,4.91,5,0,3,#FFD700,86.9,-1.9,87.1,5,5,5,8,STEM+IDA
슬쩍 콸콸이다,seuljjeog kwalkwalida,2,2,0,2,1,32,1,sɯltɕ͈ʌk̚ kʰwalkʰwalita,4,2,6,8,5,8,2600.0,6.69,8,1800.0,4.91,5,0,3,#FFD700,86.9,-1.9,87.1,5,5,5,8,STEM+IDA
선뜻 콸콸이다,seontteus kwalkwalida,2,2,0,2,1,32,1,sʌnt͈ɯs̚ kʰwalkʰwalita,4,2,6,8,5,8,2600.0,6.69,8,1800.0,4.91,5,0,3,#FFD700,86.9,-1.9,87.1,5,5,5,8,STEM+IDA
단번에 콸콸이다,danbeone kwalkwalida,2,2,0,2,1,32,1,tanpʌne kʰwalkʰwalita,3,2,6,7,3,8,2900.0,6.92,8,1800.0,4.91,5,0,2,#FFD700,86.9,-1.9,87.1,5,5,5,8,STEM+IDA
한번에 콸콸이다,hanbeone kwalkwalida,2,2,0,2,1,32,1,hanpʌne kʰwalkʰwalita,3,2,6,7,3,8,2900.0,6.92,8,1800.0,4.91,5,0,2,#FFD700,86.9,-1.9,87.1,5,5,5,8,STEM+IDA
살짝 콸콸콸콸이다,saljjag kwalkwalkwalkwalida,2,2,0,2,1,33,1,saltɕ͈ak̚ kʰwalkʰwalkʰwalkʰwalita,4,4,6,8,5,8,2600.0,6.69,8,3200.0,5.89,5,0,3,#FFD700,86.9,-1.9,87.1,5,5,5,1,STEM+IDA
슬쩍 콸콸콸콸이다,seuljjeog kwalkwalkwalkwalida,2,2,0,2,1,33,1,sɯltɕ͈ʌk̚ kʰwalkʰwalkʰwalkʰwalita,4,4,6,8,5,8,2600.0,6.69,8,3200.0,5.89,5,0,3,#FFD700,86.9,-1.9,87.1,5,5,5,1,STEM+IDA
선뜻 콸콸콸콸이다,seontteus kwalkwalkwalkwalida,2,2,0,2,1,33,1,sʌnt͈ɯs̚ kʰwalkʰwalkʰwalkʰwalita,4,4,6,8,5,8,2600.0,6.69,8,3200.0,5.89,5,0,3,#FFD700,86.9,-1.9,87.1,5,5,5,1,STEM+IDA
단번에 콸콸콸콸이다,danbeone kwalkwalkwalkwalida,2,2,0,2,1,33,1,tanpʌne kʰwalkʰwalkʰwalkʰwalita,3,4,6,7,3,8,2900.0,6.92,8,3200.0,5.89,5,0,2,#FFD700,86.9,-1.9,87.1,5,5,5,1,STEM+IDA
한번에 콸콸콸콸이다,hanbeone kwalkwalkwalkwalida,2,2,0,2,1,33,1,hanpʌne kʰwalkʰwalkʰwalkʰwalita,3,4,6,7,3,8,2900.0,6.92,8,3200.0,5.89,5,0,2,#FFD700,86.9,-1.9,87.1,5,5,5,1,STEM+IDA
살짝 콸콸하다,saljjag kwalkwalhada,2,2,0,2,1,32,1,saltɕ͈ak̚ kʰwalkʰwalhata,4,2,6,8,5,8,2600.0,6.69,8,1800.0,4.91,5,0,3,#FFD700,86.9,-1.9,87.1,5,5,5,8,STEM+HADA
슬쩍 콸콸하다,seuljjeog kwalkwalhada,2,2,0,2,1,32,1,sɯltɕ͈ʌk̚ kʰwalkʰwalhata,4,2,6,8,5,8,2600.0,6.69,8,1800.0,4.91,5,0,3,#FFD700,86.9,-1.9,87.1,5,5,5,8,STEM+HADA
선뜻 콸콸하다,seontteus kwalkwalhada,2,2,0,2,1,32,1,sʌnt͈ɯs̚ kʰwalkʰwalhata,4,2,6,8,5,8,2600.0,6.69,8,1800.0,4.91,5,0,3,#FFD700,86.9,-1.9,87.1,5,5,5,8,STEM+HADA
단번에 콸콸하다,danbeone kwalkwalhada,2,2,0,2,1,32,1,tanpʌne kʰwalkʰwalhata,3,2,6,7,3,8,2900.0,6.92,8,1800.0,4.91,5,0,2,#FFD700,86.9,-1.9,87.1,5,5,5,8,STEM+HADA
한번에 콸콸하다,hanbeone kwalkwalhada,2,2,0,2,1,32,1,hanpʌne kʰwalkʰwalhata,3,2,6,7,3,8,2900.0,6.92,8,1800.0,4.91,5,0,2,#FFD700,86.9,-1.9,87.1,5,5,5,8,STEM+HADA
살짝 콸콸콸콸하다,saljjag kwalkwalkwalkwalhada,2,2,0,2,1,33,1,saltɕ͈ak̚ kʰwalkʰwalkʰwalkʰwalhata,4,4,6,8,5,8,2600.0,6.69,8,3200.0,5.89,5,0,3,#FFD700,86.9,-1.9,87.1,5,5,5,1,STEM+HADA
슬쩍 콸콸콸콸하다,seuljjeog kwalkwalkwalkwalhada,2,2,0,2,1,33,1,sɯltɕ͈ʌk̚ kʰwalkʰwalkʰwalkʰwalhata,4,4,6,8,5,8,2600.0,6.69,8,3200.0,5.89,5,0,3,#FFD700,86.9,-1.9,87.1,5,5,5,1,STEM+HADA
선뜻 콸콸콸콸하다,seontteus kwalkwalkwalkwalhada,2,2,0,2,1,33,1,sʌnt͈ɯs̚ kʰwalkʰwalkʰwalkʰwalhata,4,4,6,8,5,8,2600.0,6.69,8,3200.0,5.89,5,0,3,#FFD700,86.9,-1.9,87.1,5,5,5,1,STEM+HADA
단번에 콸콸콸콸하다,danbeone kwalkwalkwalkwalhada,2,2,0,2,1,33,1,tanpʌne kʰwalkʰwalkʰwalkʰwalhata,3,4,6,7,3,8,2900.0,6.92,8,3200.0,5.89,5,0,2,#FFD700,86.9,-1.9,87.1,5,5,5,1,STEM+HADA
한번에 콸콸콸콸하다,hanbeone kwalkwalkwalkwalhada,2,2,0,2,1,33,1,hanpʌne kʰwalkʰwalkʰwalkʰwalhata,3,4,6,7,3,8,2900.0,6.92,8,3200.0,5.89,5,0,2,#FFD700,86.9,-1.9,87.1,5,5,5,1,STEM+HADA
살짝 콸콸스럽다,saljjag kwalkwalseureopda,2,2,0,2,1,32,1,saltɕ͈ak̚ kʰwalkʰwalsɯrʌp̚ta,4,2,6,8,5,8,2600.0,6.69,8,1800.0,4.91,5,0,3,#FFD700,86.9,-1.9,87.1,5,5,5,8,SUFFIX(어미변화)
슬쩍 콸콸스럽다,seuljjeog kwalkwalseureopda,2,2,0,2,1,32,1,sɯltɕ͈ʌk̚ kʰwalkʰwalsɯrʌp̚ta,4,2,6,8,5,8,2600.0,6.69,8,1800.0,4.91,5,0,3,#FFD700,86.9,-1.9,87.1,5,5,5,8,SUFFIX(어미변화)
선뜻 콸콸스럽다,seontteus kwalkwalseureopda,2,2,0,2,1,32,1,sʌnt͈ɯs̚ kʰwalkʰwalsɯrʌp̚ta,4,2,6,8,5,8,2600.0,6.69,8,1800.0,4.91,5,0,3,#FFD700,86.9,-1.9,87.1,5,5,5,8,SUFFIX(어미변화)
단번에 콸콸스럽다,danbeone kwalkwalseureopda,2,2,0,2,1,32,1,tanpʌne kʰwalkʰwalsɯrʌp̚ta,3,2,6,7,5,8,2900.0,6.92,8,1800.0,4.91,5,0,3,#FFD700,86.9,-1.9,87.1,5,5,5,8,SUFFIX(어미변화)
한번에 콸콸스럽다,hanbeone kwalkwalseureopda,2,2,0,2,1,32,1,hanpʌne kʰwalkʰwalsɯrʌp̚ta,3,2,6,7,5,8,2900.0,6.92,8,1800.0,4.91,5,0,3,#FFD700,86.9,-1.9,87.1,5,5,5,8,SUFFIX(어미변화)
살짝 콸콸맞다,saljjag kwalkwalmajda,2,2,0,2,1,32,1,saltɕ͈ak̚ kʰwalkʰwalmat̚ta,4,2,6,8,5,8,2600.0,6.69,8,1800.0,4.91,5,0,3,#FFD700,86.9,-1.9,87.1,5,5,5,8,SUFFIX(어미변화)
슬쩍 콸콸맞다,seuljjeog kwalkwalmajda,2,2,0,2,1,32,1,sɯltɕ͈ʌk̚ kʰwalkʰwalmat̚ta,4,2,6,8,5,8,2600.0,6.69,8,1800.0,4.91,5,0,3,#FFD700,86.9,-1.9,87.1,5,5,5,8,SUFFIX(어미변화)
선뜻 콸콸맞다,seontteus kwalkwalmajda,2,2,0,2,1,32,1,sʌnt͈ɯs̚ kʰwalkʰwalmat̚ta,4,2,6,8,5,8,2600.0,6.69,8,1800.0,4.91,5,0,3,#FFD700,86.9,-1.9,87.1,5,5,5,8,SUFFIX(어미변화)
단번에 콸콸맞다,danbeone kwalkwalmajda,2,2,0,2,1,32,1,tanpʌne kʰwalkʰwalmat̚ta,3,2,6,7,3,8,2900.0,6.92,8,1800.0,4.91,5,0,2,#FFD700,86.9,-1.9,87.1,5,5,5,8,SUFFIX(어미변화)
한번에 콸콸맞다,hanbeone kwalkwalmajda,2,2,0,2,1,32,1,hanpʌne kʰwalkʰwalmat̚ta,3,2,6,7,3,8,2900.0,6.92,8,1800.0,4.91,5,0,2,#FFD700,86.9,-1.9,87.1,5,5,5,8,SUFFIX(어미변화)
살짝 콸콸콸콸맞다,saljjag kwalkwalkwalkwalmajda,2,2,0,2,1,33,1,saltɕ͈ak̚ kʰwalkʰwalkʰwalkʰwalmat̚ta,4,4,6,8,5,8,2600.0,6.69,8,3200.0,5.89,5,0,3,#FFD700,86.9,-1.9,87.1,5,5,5,1,REDUP(첩어・동일)
슬쩍 콸콸콸콸맞다,seuljjeog kwalkwalkwalkwalmajda,2,2,0,2,1,33,1,sɯltɕ͈ʌk̚ kʰwalkʰwalkʰwalkʰwalmat̚ta,4,4,6,8,5,8,2600.0,6.69,8,3200.0,5.89,5,0,3,#FFD700,86.9,-1.9,87.1,5,5,5,1,REDUP(첩어・동일)
선뜻 콸콸콸콸맞다,seontteus kwalkwalkwalkwalmajda,2,2,0,2,1,33,1,sʌnt͈ɯs̚ kʰwalkʰwalkʰwalkʰwalmat̚ta,4,4,6,8,5,8,2600.0,6.69,8,3200.0,5.89,5,0,3,#FFD700,86.9,-1.9,87.1,5,5,5,1,REDUP(첩어・동일)
단번에 콸콸콸콸맞다,danbeone kwalkwalkwalkwalmajda,2,2,0,2,1,33,1,tanpʌne kʰwalkʰwalkʰwalkʰwalmat̚ta,3,4,6,7,3,8,2900.0,6.92,8,3200.0,5.89,5,0,2,#FFD700,86.9,-1.9,87.1,5,5,5,1,REDUP(첩어・동일)
한번에 콸콸콸콸맞다,hanbeone kwalkwalkwalkwalmajda,2,2,0,2,1,33,1,hanpʌne kʰwalkʰwalkʰwalkʰwalmat̚ta,3,4,6,7,3,8,2900.0,6.92,8,3200.0,5.89,5,0,2,#FFD700,86.9,-1.9,87.1,5,5,5,1,REDUP(첩어・동일)
살짝 콸콸하게,saljjag kwalkwalhage,2,2,0,2,1,32,1,saltɕ͈ak̚ kʰwalkʰwalhake,4,2,6,8,5,8,2600.0,6.69,8,1800.0,4.91,5,0,3,#FFD700,86.9,-1.9,87.1,5,5,5,8,SUFFIX(어미변화)
슬쩍 콸콸하게,seuljjeog kwalkwalhage,2,2,0,2,1,32,1,sɯltɕ͈ʌk̚ kʰwalkʰwalhake,4,2,6,8,5,8,2600.0,6.69,8,1800.0,4.91,5,0,3,#FFD700,86.9,-1.9,87.1,5,5,5,8,SUFFIX(어미변화)
선뜻 콸콸하게,seontteus kwalkwalhage,2,2,0,2,1,32,1,sʌnt͈ɯs̚ kʰwalkʰwalhake,4,2,6,8,5,8,2600.0,6.69,8,1800.0,4.91,5,0,3,#FFD700,86.9,-1.9,87.1,5,5,5,8,SUFFIX(어미변화)
단번에 콸콸하게,danbeone kwalkwalhage,2,2,0,2,1,32,1,tanpʌne kʰwalkʰwalhake,3,2,6,7,3,8,2900.0,6.92,8,1800.0,4.91,5,0,2,#FFD700,86.9,-1.9,87.1,5,5,5,8,SUFFIX(어미변화)
한번에 콸콸하게,hanbeone kwalkwalhage,2,2,0,2,1,32,1,hanpʌne kʰwalkʰwalhake,3,2,6,7,3,8,2900.0,6.92,8,1800.0,4.91,5,0,2,#FFD700,86.9,-1.9,87.1,5,5,5,8,SUFFIX(어미변화)
살짝 콸콸콸콸하게,saljjag kwalkwalkwalkwalhage,2,2,0,2,1,33,1,saltɕ͈ak̚ kʰwalkʰwalkʰwalkʰwalhake,4,4,6,8,5,8,2600.0,6.69,8,3200.0,5.89,5,0,3,#FFD700,86.9,-1.9,87.1,5,5,5,1,REDUP(첩어・동일)
슬쩍 콸콸콸콸하게,seuljjeog kwalkwalkwalkwalhage,2,2,0,2,1,33,1,sɯltɕ͈ʌk̚ kʰwalkʰwalkʰwalkʰwalhake,4,4,6,8,5,8,2600.0,6.69,8,3200.0,5.89,5,0,3,#FFD700,86.9,-1.9,87.1,5,5,5,1,REDUP(첩어・동일)
선뜻 콸콸콸콸하게,seontteus kwalkwalkwalkwalhage,2,2,0,2,1,33,1,sʌnt͈ɯs̚ kʰwalkʰwalkʰwalkʰwalhake,4,4,6,8,5,8,2600.0,6.69,8,3200.0,5.89,5,0,3,#FFD700,86.9,-1.9,87.1,5,5,5,1,REDUP(첩어・동일)
단번에 콸콸콸콸하게,danbeone kwalkwalkwalkwalhage,2,2,0,2,1,33,1,tanpʌne kʰwalkʰwalkʰwalkʰwalhake,3,4,6,7,3,8,2900.0,6.92,8,3200.0,5.89,5,0,2,#FFD700,86.9,-1.9,87.1,5,5,5,1,REDUP(첩어・동일)
한번에 콸콸콸콸하게,hanbeone kwalkwalkwalkwalhage,2,2,0,2,1,33,1,hanpʌne kʰwalkʰwalkʰwalkʰwalhake,3,4,6,7,3,8,2900.0,6.92,8,3200.0,5.89,5,0,2,#FFD700,86.9,-1.9,87.1,5,5,5,1,REDUP(첩어・동일)
살짝 콸콸한,saljjag kwalkwalhan,2,2,0,2,1,32,1,saltɕ͈ak̚ kʰwalkʰwalhan,4,2,6,8,5,8,2600.0,6.69,8,1800.0,4.91,5,0,3,#FFD700,86.9,-1.9,87.1,5,5,5,8,SUFFIX(어미변화)
슬쩍 콸콸한,seuljjeog kwalkwalhan,2,2,0,2,1,32,1,sɯltɕ͈ʌk̚ kʰwalkʰwalhan,4,2,6,8,5,8,2600.0,6.69,8,1800.0,4.91,5,0,3,#FFD700,86.9,-1.9,87.1,5,5,5,8,SUFFIX(어미변화)
선뜻 콸콸한,seontteus kwalkwalhan,2,2,0,2,1,32,1,sʌnt͈ɯs̚ kʰwalkʰwalhan,4,2,6,8,5,8,2600.0,6.69,8,1800.0,4.91,5,0,3,#FFD700,86.9,-1.9,87.1,5,5,5,8,SUFFIX(어미변화)
단번에 콸콸한,danbeone kwalkwalhan,2,2,0,2,1,32,1,tanpʌne kʰwalkʰwalhan,3,2,6,7,3,8,2900.0,6.92,8,1800.0,4.91,5,0,2,#FFD700,86.9,-1.9,87.1,5,5,5,8,SUFFIX(어미변화)
한번에 콸콸한,hanbeone kwalkwalhan,2,2,0,2,1,32,1,hanpʌne kʰwalkʰwalhan,3,2,6,7,3,8,2900.0,6.92,8,1800.0,4.91,5,0,2,#FFD700,86.9,-1.9,87.1,5,5,5,8,SUFFIX(어미변화)
살짝 콸콸콸콸한,saljjag kwalkwalkwalkwalhan,2,2,0,2,1,33,1,saltɕ͈ak̚ kʰwalkʰwalkʰwalkʰwalhan,4,4,6,8,5,8,2600.0,6.69,8,3200.0,5.89,5,0,3,#FFD700,86.9,-1.9,87.1,5,5,5,1,REDUP(첩어・동일)
슬쩍 콸콸콸콸한,seuljjeog kwalkwalkwalkwalhan,2,2,0,2,1,33,1,sɯltɕ͈ʌk̚ kʰwalkʰwalkʰwalkʰwalhan,4,4,6,8,5,8,2600.0,6.69,8,3200.0,5.89,5,0,3,#FFD700,86.9,-1.9,87.1,5,5,5,1,REDUP(첩어・동일)
선뜻 콸콸콸콸한,seontteus kwalkwalkwalkwalhan,2,2,0,2,1,33,1,sʌnt͈ɯs̚ kʰwalkʰwalkʰwalkʰwalhan,4,4,6,8,5,8,2600.0,6.69,8,3200.0,5.89,5,0,3,#FFD700,86.9,-1.9,87.1,5,5,5,1,REDUP(첩어・동일)
단번에 콸콸콸콸한,danbeone kwalkwalkwalkwalhan,2,2,0,2,1,33,1,tanpʌne kʰwalkʰwalkʰwalkʰwalhan,3,4,6,7,3,8,2900.0,6.92,8,3200.0,5.89,5,0,2,#FFD700,86.9,-1.9,87.1,5,5,5,1,REDUP(첩어・동일)
한번에 콸콸콸콸한,hanbeone kwalkwalkwalkwalhan,2,2,0,2,1,33,1,hanpʌne kʰwalkʰwalkʰwalkʰwalhan,3,4,6,7,3,8,2900.0,6.92,8,3200.0,5.89,5,0,2,#FFD700,86.9,-1.9,87.1,5,5,5,1,REDUP(첩어・동일)
살짝 콸콸스럽게,saljjag kwalkwalseureopge,2,2,0,2,1,32,1,saltɕ͈ak̚ kʰwalkʰwalsɯrʌp̚ke,4,2,6,8,5,8,2600.0,6.69,8,1800.0,4.91,5,0,3,#FFD700,86.9,-1.9,87.1,5,5,5,8,SUFFIX(어미변화)
슬쩍 콸콸스럽게,seuljjeog kwalkwalseureopge,2,2,0,2,1,32,1,sɯltɕ͈ʌk̚ kʰwalkʰwalsɯrʌp̚ke,4,2,6,8,5,8,2600.0,6.69,8,1800.0,4.91,5,0,3,#FFD700,86.9,-1.9,87.1,5,5,5,8,SUFFIX(어미변화)
선뜻 콸콸스럽게,seontteus kwalkwalseureopge,2,2,0,2,1,32,1,sʌnt͈ɯs̚ kʰwalkʰwalsɯrʌp̚ke,4,2,6,8,5,8,2600.0,6.69,8,1800.0,4.91,5,0,3,#FFD700,86.9,-1.9,87.1,5,5,5,8,SUFFIX(어미변화)
단번에 콸콸스럽게,danbeone kwalkwalseureopge,2,2,0,2,1,32,1,tanpʌne kʰwalkʰwalsɯrʌp̚ke,3,2,6,7,5,8,2900.0,6.92,8,1800.0,4.91,5,0,3,#FFD700,86.9,-1.9,87.1,5,5,5,8,SUFFIX(어미변화)
한번에 콸콸스럽게,hanbeone kwalkwalseureopge,2,2,0,2,1,32,1,hanpʌne kʰwalkʰwalsɯrʌp̚ke,3,2,6,7,5,8,2900.0,6.92,8,1800.0,4.91,5,0,3,#FFD700,86.9,-1.9,87.1,5,5,5,8,SUFFIX(어미변화)
살짝 콸콸스러운,saljjag kwalkwalseureoun,2,2,0,2,1,32,1,saltɕ͈ak̚ kʰwalkʰwalsɯrʌun,4,2,6,8,5,8,2600.0,6.69,8,1800.0,4.91,5,0,3,#FFD700,86.9,-1.9,87.1,5,5,5,8,SUFFIX(어미변화)
슬쩍 콸콸스러운,seuljjeog kwalkwalseureoun,2,2,0,2,1,32,1,sɯltɕ͈ʌk̚ kʰwalkʰwalsɯrʌun,4,2,6,8,5,8,2600.0,6.69,8,1800.0,4.91,5,0,3,#FFD700,86.9,-1.9,87.1,5,5,5,8,SUFFIX(어미변화)
선뜻 콸콸스러운,seontteus kwalkwalseureoun,2,2,0,2,1,32,1,sʌnt͈ɯs̚ kʰwalkʰwalsɯrʌun,4,2,6,8,5,8,2600.0,6.69,8,1800.0,4.91,5,0,3,#FFD700,86.9,-1.9,87.1,5,5,5,8,SUFFIX(어미변화)
단번에 콸콸스러운,danbeone kwalkwalseureoun,2,2,0,2,1,32,1,tanpʌne kʰwalkʰwalsɯrʌun,3,2,6,7,3,8,2900.0,6.92,8,1800.0,4.91,5,0,2,#FFD700,86.9,-1.9,87.1,5,5,5,8,SUFFIX(어미변화)
한번에 콸콸스러운,hanbeone kwalkwalseureoun,2,2,0,2,1,32,1,hanpʌne kʰwalkʰwalsɯrʌun,3,2,6,7,3,8,2900.0,6.92,8,1800.0,4.91,5,0,2,#FFD700,86.9,-1.9,87.1,5,5,5,8,SUFFIX(어미변화)
살짝 콸콸해서,saljjag kwalkwalhaeseo,2,2,0,2,1,32,1,saltɕ͈ak̚ kʰwalkʰwalhɛsʌ,4,2,6,8,5,8,2600.0,6.69,8,1800.0,4.91,5,0,3,#FFD700,86.9,-1.9,87.1,5,5,5,8,SUFFIX(어미변화)
슬쩍 콸콸해서,seuljjeog kwalkwalhaeseo,2,2,0,2,1,32,1,sɯltɕ͈ʌk̚ kʰwalkʰwalhɛsʌ,4,2,6,8,5,8,2600.0,6.69,8,1800.0,4.91,5,0,3,#FFD700,86.9,-1.9,87.1,5,5,5,8,SUFFIX(어미변화)
선뜻 콸콸해서,seontteus kwalkwalhaeseo,2,2,0,2,1,32,1,sʌnt͈ɯs̚ kʰwalkʰwalhɛsʌ,4,2,6,8,5,8,2600.0,6.69,8,1800.0,4.91,5,0,3,#FFD700,86.9,-1.9,87.1,5,5,5,8,SUFFIX(어미변화)
단번에 콸콸해서,danbeone kwalkwalhaeseo,2,2,0,2,1,32,1,tanpʌne kʰwalkʰwalhɛsʌ,3,2,6,7,3,8,2900.0,6.92,8,1800.0,4.91,5,0,2,#FFD700,86.9,-1.9,87.1,5,5,5,8,SUFFIX(어미변화)
한번에 콸콸해서,hanbeone kwalkwalhaeseo,2,2,0,2,1,32,1,hanpʌne kʰwalkʰwalhɛsʌ,3,2,6,7,3,8,2900.0,6.92,8,1800.0,4.91,5,0,2,#FFD700,86.9,-1.9,87.1,5,5,5,8,SUFFIX(어미변화)
살짝 콸콸콸콸해서,saljjag kwalkwalkwalkwalhaeseo,2,2,0,2,1,33,1,saltɕ͈ak̚ kʰwalkʰwalkʰwalkʰwalhɛsʌ,4,4,6,8,5,8,2600.0,6.69,8,3200.0,5.89,5,0,3,#FFD700,86.9,-1.9,87.1,5,5,5,1,REDUP(첩어・동일)
슬쩍 콸콸콸콸해서,seuljjeog kwalkwalkwalkwalhaeseo,2,2,0,2,1,33,1,sɯltɕ͈ʌk̚ kʰwalkʰwalkʰwalkʰwalhɛsʌ,4,4,6,8,5,8,2600.0,6.69,8,3200.0,5.89,5,0,3,#FFD700,86.9,-1.9,87.1,5,5,5,1,REDUP(첩어・동일)
선뜻 콸콸콸콸해서,seontteus kwalkwalkwalkwalhaeseo,2,2,0,2,1,33,1,sʌnt͈ɯs̚ kʰwalkʰwalkʰwalkʰwalhɛsʌ,4,4,6,8,5,8,2600.0,6.69,8,3200.0,5.89,5,0,3,#FFD700,86.9,-1.9,87.1,5,5,5,1,REDUP(첩어・동일)
단번에 콸콸콸콸해서,danbeone kwalkwalkwalkwalhaeseo,2,2,0,2,1,33,1,tanpʌne kʰwalkʰwalkʰwalkʰwalhɛsʌ,3,4,6,7,3,8,2900.0,6.92,8,3200.0,5.89,5,0,2,#FFD700,86.9,-1.9,87.1,5,5,5,1,REDUP(첩어・동일)
한번에 콸콸콸콸해서,hanbeone kwalkwalkwalkwalhaeseo,2,2,0,2,1,33,1,hanpʌne kʰwalkʰwalkʰwalkʰwalhɛsʌ,3,4,6,7,3,8,2900.0,6.92,8,3200.0,5.89,5,0,2,#FFD700,86.9,-1.9,87.1,5,5,5,1,REDUP(첩어・동일)
살짝 콸콸하고,saljjag kwalkwalhago,2,2,0,2,1,32,1,saltɕ͈ak̚ kʰwalkʰwalhako,4,2,6,8,5,8,2600.0,6.69,8,1800.0,4.91,5,0,3,#FFD700,86.9,-1.9,87.1,5,5,5,8,SUFFIX(어미변화)
슬쩍 콸콸하고,seuljjeog kwalkwalhago,2,2,0,2,1,32,1,sɯltɕ͈ʌk̚ kʰwalkʰwalhako,4,2,6,8,5,8,2600.0,6.69,8,1800.0,4.91,5,0,3,#FFD700,86.9,-1.9,87.1,5,5,5,8,SUFFIX(어미변화)
선뜻 콸콸하고,seontteus kwalkwalhago,2,2,0,2,1,32,1,sʌnt͈ɯs̚ kʰwalkʰwalhako,4,2,6,8,5,8,2600.0,6.69,8,1800.0,4.91,5,0,3,#FFD700,86.9,-1.9,87.1,5,5,5,8,SUFFIX(어미변화)
단번에 콸콸하고,danbeone kwalkwalhago,2,2,0,2,1,32,1,tanpʌne kʰwalkʰwalhako,3,2,6,7,3,8,2900.0,6.92,8,1800.0,4.91,5,0,2,#FFD700,86.9,-1.9,87.1,5,5,5,8,SUFFIX(어미변화)
한번에 콸콸하고,hanbeone kwalkwalhago,2,2,0,2,1,32,1,hanpʌne kʰwalkʰwalhako,3,2,6,7,3,8,2900.0,6.92,8,1800.0,4.91,5,0,2,#FFD700,86.9,-1.9,87.1,5,5,5,8,SUFFIX(어미변화)
살짝 콸콸콸콸하고,saljjag kwalkwalkwalkwalhago,2,2,0,2,1,33,1,saltɕ͈ak̚ kʰwalkʰwalkʰwalkʰwalhako,4,4,6,8,5,8,2600.0,6.69,8,3200.0,5.89,5,0,3,#FFD700,86.9,-1.9,87.1,5,5,5,1,REDUP(첩어・동일)
슬쩍 콸콸콸콸하고,seuljjeog kwalkwalkwalkwalhago,2,2,0,2,1,33,1,sɯltɕ͈ʌk̚ kʰwalkʰwalkʰwalkʰwalhako,4,4,6,8,5,8,2600.0,6.69,8,3200.0,5.89,5,0,3,#FFD700,86.9,-1.9,87.1,5,5,5,1,REDUP(첩어・동일)
선뜻 콸콸콸콸하고,seontteus kwalkwalkwalkwalhago,2,2,0,2,1,33,1,sʌnt͈ɯs̚ kʰwalkʰwalkʰwalkʰwalhako,4,4,6,8,5,8,2600.0,6.69,8,3200.0,5.89,5,0,3,#FFD700,86.9,-1.9,87.1,5,5,5,1,REDUP(첩어・동일)
단번에 콸콸콸콸하고,danbeone kwalkwalkwalkwalhago,2,2,0,2,1,33,1,tanpʌne kʰwalkʰwalkʰwalkʰwalhako,3,4,6,7,3,8,2900.0,6.92,8,3200.0,5.89,5,0,2,#FFD700,86.9,-1.9,87.1,5,5,5,1,REDUP(첩어・동일)
한번에 콸콸콸콸하고,hanbeone kwalkwalkwalkwalhago,2,2,0,2,1,33,1,hanpʌne kʰwalkʰwalkʰwalkʰwalhako,3,4,6,7,3,8,2900.0,6.92,8,3200.0,5.89,5,0,2,#FFD700,86.9,-1.9,87.1,5,5,5,1,REDUP(첩어・동일)
살짝 뚜벅,saljjag ttubeok,4,2,0,4,2,40,1,saltɕ͈ak̚ t͈upʌk̚,8,2,6,8,5,5,950.0,4.62,2,1800.0,4.91,5,0,3,#2F4F4F,31.3,-11.7,-3.7,5,5,5,8,SUFFIX(어미변화)
슬쩍 뚜벅,seuljjeog ttubeok,4,2,0,4,2,40,1,sɯltɕ͈ʌk̚ t͈upʌk̚,8,2,6,8,5,5,950.0,4.62,2,1800.0,4.91,5,0,3,#2F4F4F,31.3,-11.7,-3.7,5,5,5,8,SUFFIX(어미변화)
선뜻 뚜벅,seontteus ttubeok,4,2,0,4,2,40,1,sʌnt͈ɯs̚ t͈upʌk̚,8,2,6,8,5,5,950.0,4.62,2,1800.0,4.91,5,0,3,#2F4F4F,31.3,-11.7,-3.7,5,5,5,8,SUFFIX(어미변화)
단번에 뚜벅,danbeone ttubeok,4,2,0,4,2,40,1,tanpʌne t͈upʌk̚,8,2,6,6,5,5,950.0,4.62,2,1800.0,4.91,5,0,3,#2F4F4F,31.3,-11.7,-3.7,5,5,5,8,SUFFIX(어미변화)
한번에 뚜벅,hanbeone ttubeok,4,2,0,4,2,40,1,hanpʌne t͈upʌk̚,8,2,6,8,5,5,950.0,4.62,2,1800.0,4.91,5,0,3,#2F4F4F,31.3,-11.7,-3.7,5,5,5,8,SUFFIX(어미변화)
살짝 뚜벅뚜벅,saljjag ttubeokttubeok,4,2,0,4,2,33,1,saltɕ͈ak̚ t͈upʌk̚t͈upʌk̚,8,4,6,8,5,5,950.0,4.62,2,3200.0,5.89,5,0,3,#2F4F4F,31.3,-11.7,-3.7,5,5,5,1,REDUP(첩어・동일)
슬쩍 뚜벅뚜벅,seuljjeog ttubeokttubeok,4,2,0,4,2,33,1,sɯltɕ͈ʌk̚ t͈upʌk̚t͈upʌk̚,8,4,6,8,5,5,950.0,4.62,2,3200.0,5.89,5,0,3,#2F4F4F,31.3,-11.7,-3.7,5,5,5,1,REDUP(첩어・동일)
선뜻 뚜벅뚜벅,seontteus ttubeokttubeok,4,2,0,4,2,33,1,sʌnt͈ɯs̚ t͈upʌk̚t͈upʌk̚,8,4,6,8,5,5,950.0,4.62,2,3200.0,5.89,5,0,3,#2F4F4F,31.3,-11.7,-3.7,5,5,5,1,REDUP(첩어・동일)
단번에 뚜벅뚜벅,danbeone ttubeokttubeok,4,2,0,4,2,33,1,tanpʌne t͈upʌk̚t͈upʌk̚,8,4,6,6,5,5,950.0,4.62,2,3200.0,5.89,5,0,3,#2F4F4F,31.3,-11.7,-3.7,5,5,5,1,REDUP(첩어・동일)
한번에 뚜벅뚜벅,hanbeone ttubeokttubeok,4,2,0,4,2,33,1,hanpʌne t͈upʌk̚t͈upʌk̚,8,4,6,8,5,5,950.0,4.62,2,3200.0,5.89,5,0,3,#2F4F4F,31.3,-11.7,-3.7,5,5,5,1,REDUP(첩어・동일)
살짝 뚜벅뚜벅뚜벅,saljjag ttubeokttubeokttubeok,4,2,0,4,2,33,1,saltɕ͈ak̚ t͈upʌk̚t͈upʌk̚t͈upʌk̚,8,4,6,8,5,5,950.0,4.62,2,3200.0,5.89,5,0,3,#2F4F4F,31.3,-11.7,-3.7,5,5,5,1,REDUP(첩어・동일)
슬쩍 뚜벅뚜벅뚜벅,seuljjeog ttubeokttubeokttubeok,4,2,0,4,2,33,1,sɯltɕ͈ʌk̚ t͈upʌk̚t͈upʌk̚t͈upʌk̚,8,4,6,8,5,5,950.0,4.62,2,3200.0,5.89,5,0,3,#2F4F4F,31.3,-11.7,-3.7,5,5,5,1,REDUP(첩어・동일)
선뜻 뚜벅뚜벅뚜벅,seontteus ttubeokttubeokttubeok,4,2,0,4,2,33,1,sʌnt͈ɯs̚ t͈upʌk̚t͈upʌk̚t͈upʌk̚,8,4,6,8,5,5,950.0,4.62,2,3200.0,5.89,5,0,3,#2F4F4F,31.3,-11.7,-3.7,5,5,5,1,REDUP(첩어・동일)
단번에 뚜벅뚜벅뚜벅,danbeone ttubeokttubeokttubeok,4,2,0,4,2,33,1,tanpʌne t͈upʌk̚t͈upʌk̚t͈upʌk̚,8,4,6,6,5,5,950.0,4.62,2,3200.0,5.89,5,0,3,#2F4F4F,31.3,-11.7,-3.7,5,5,5,1,REDUP(첩어・동일)
한번에 뚜벅뚜벅뚜벅,hanbeone ttubeokttubeokttubeok,4,2,0,4,2,33,1,hanpʌne t͈upʌk̚t͈upʌk̚t͈upʌk̚,8,4,6,8,5,5,950.0,4.62,2,3200.0,5.89,5,0,3,#2F4F4F,31.3,-11.7,-3.7,5,5,5,1,REDUP(첩어・동일)
살짝 뚜벅거리다,saljjag ttubeokgeorida,4,2,0,4,2,32,1,saltɕ͈ak̚ t͈upʌk̚kʌrita,8,2,6,8,5,5,950.0,4.62,2,1800.0,4.91,5,0,3,#2F4F4F,31.3,-11.7,-3.7,5,5,5,8,STEM+GEORIDA
슬쩍 뚜벅거리다,seuljjeog ttubeokgeorida,4,2,0,4,2,32,1,sɯltɕ͈ʌk̚ t͈upʌk̚kʌrita,8,2,6,8,5,5,950.0,4.62,2,1800.0,4.91,5,0,3,#2F4F4F,31.3,-11.7,-3.7,5,5,5,8,STEM+GEORIDA
선뜻 뚜벅거리다,seontteus ttubeokgeorida,4,2,0,4,2,32,1,sʌnt͈ɯs̚ t͈upʌk̚kʌrita,8,2,6,8,5,5,950.0,4.62,2,1800.0,4.91,5,0,3,#2F4F4F,31.3,-11.7,-3.7,5,5,5,8,STEM+GEORIDA
단번에 뚜벅거리다,danbeone ttubeokgeorida,4,2,0,4,2,32,1,tanpʌne t͈upʌk̚kʌrita,8,2,6,6,5,5,950.0,4.62,2,1800.0,4.91,5,0,3,#2F4F4F,31.3,-11.7,-3.7,5,5,5,8,STEM+GEORIDA
한번에 뚜벅거리다,hanbeone ttubeokgeorida,4,2,0,4,2,32,1,hanpʌne t͈upʌk̚kʌrita,8,2,6,8,5,5,950.0,4.62,2,1800.0,4.91,5,0,3,#2F4F4F,31.3,-11.7,-3.7,5,5,5,8,STEM+GEORIDA
살짝 뚜벅대다,saljjag ttubeokdaeda,4,2,0,4,2,32,1,saltɕ͈ak̚ t͈upʌk̚tɛta,8,2,6,8,5,5,950.0,4.62,2,1800.0,4.91,5,0,3,#2F4F4F,31.3,-11.7,-3.7,5,5,5,8,STEM+DAEDA
슬쩍 뚜벅대다,seuljjeog ttubeokdaeda,4,2,0,4,2,32,1,sɯltɕ͈ʌk̚ t͈upʌk̚tɛta,8,2,6,8,5,5,950.0,4.62,2,1800.0,4.91,5,0,3,#2F4F4F,31.3,-11.7,-3.7,5,5,5,8,STEM+DAEDA
선뜻 뚜벅대다,seontteus ttubeokdaeda,4,2,0,4,2,32,1,sʌnt͈ɯs̚ t͈upʌk̚tɛta,8,2,6,8,5,5,950.0,4.62,2,1800.0,4.91,5,0,3,#2F4F4F,31.3,-11.7,-3.7,5,5,5,8,STEM+DAEDA
단번에 뚜벅대다,danbeone ttubeokdaeda,4,2,0,4,2,32,1,tanpʌne t͈upʌk̚tɛta,8,2,6,6,5,5,950.0,4.62,2,1800.0,4.91,5,0,3,#2F4F4F,31.3,-11.7,-3.7,5,5,5,8,STEM+DAEDA
한번에 뚜벅대다,hanbeone ttubeokdaeda,4,2,0,4,2,32,1,hanpʌne t͈upʌk̚tɛta,8,2,6,8,5,5,950.0,4.62,2,1800.0,4.91,5,0,3,#2F4F4F,31.3,-11.7,-3.7,5,5,5,8,STEM+DAEDA
살짝 뚜벅뚜벅대다,saljjag ttubeokttubeokdaeda,4,2,0,4,2,33,1,saltɕ͈ak̚ t͈upʌk̚t͈upʌk̚tɛta,8,4,6,8,5,5,950.0,4.62,2,3200.0,5.89,5,0,3,#2F4F4F,31.3,-11.7,-3.7,5,5,5,1,STEM+DAEDA
슬쩍 뚜벅뚜벅대다,seuljjeog ttubeokttubeokdaeda,4,2,0,4,2,33,1,sɯltɕ͈ʌk̚ t͈upʌk̚t͈upʌk̚tɛta,8,4,6,8,5,5,950.0,4.62,2,3200.0,5.89,5,0,3,#2F4F4F,31.3,-11.7,-3.7,5,5,5,1,STEM+DAEDA
선뜻 뚜벅뚜벅대다,seontteus ttubeokttubeokdaeda,4,2,0,4,2,33,1,sʌnt͈ɯs̚ t͈upʌk̚t͈upʌk̚tɛta,8,4,6,8,5,5,950.0,4.62,2,3200.0,5.89,5,0,3,#2F4F4F,31.3,-11.7,-3.7,5,5,5,1,STEM+DAEDA
단번에 뚜벅뚜벅대다,danbeone ttubeokttubeokdaeda,4,2,0,4,2,33,1,tanpʌne t͈upʌk̚t͈upʌk̚tɛta,8,4,6,6,5,5,950.0,4.62,2,3200.0,5.89,5,0,3,#2F4F4F,31.3,-11.7,-3.7,5,5,5,1,STEM+DAEDA
한번에 뚜벅뚜벅대다,hanbeone ttubeokttubeokdaeda,4,2,0,4,2,33,1,hanpʌne t͈upʌk̚t͈upʌk̚tɛta,8,4,6,8,5,5,950.0,4.62,2,3200.0,5.89,5,0,3,#2F4F4F,31.3,-11.7,-3.7,5,5,5,1,STEM+DAEDA
살짝 뚜벅이다,saljjag ttubeokida,4,2,0,4,2,32,1,saltɕ͈ak̚ t͈upʌk̚ita,8,2,6,8,5,5,950.0,4.62,2,1800.0,4.91,5,0,3,#2F4F4F,31.3,-11.7,-3.7,5,5,5,8,STEM+IDA
슬쩍 뚜벅이다,seuljjeog ttubeokida,4,2,0,4,2,32,1,sɯltɕ͈ʌk̚ t͈upʌk̚ita,8,2,6,8,5,5,950.0,4.62,2,1800.0,4.91,5,0,3,#2F4F4F,31.3,-11.7,-3.7,5,5,5,8,STEM+IDA
선뜻 뚜벅이다,seontteus ttubeokida,4,2,0,4,2,32,1,sʌnt͈ɯs̚ t͈upʌk̚ita,8,2,6,8,5,5,950.0,4.62,2,1800.0,4.91,5,0,3,#2F4F4F,31.3,-11.7,-3.7,5,5,5,8,STEM+IDA
단번에 뚜벅이다,danbeone ttubeokida,4,2,0,4,2,32,1,tanpʌne t͈upʌk̚ita,8,2,6,6,5,5,950.0,4.62,2,1800.0,4.91,5,0,3,#2F4F4F,31.3,-11.7,-3.7,5,5,5,8,STEM+IDA
한번에 뚜벅이다,hanbeone ttubeokida,4,2,0,4,2,32,1,hanpʌne t͈upʌk̚ita,8,2,6,8,5,5,950.0,4.62,2,1800.0,4.91,5,0,3,#2F4F4F,31.3,-11.7,-3.7,5,5,5,8,STEM+IDA
살짝 뚜벅뚜벅이다,saljjag ttubeokttubeokida,4,2,0,4,2,33,1,saltɕ͈ak̚ t͈upʌk̚t͈upʌk̚ita,8,4,6,8,5,5,950.0,4.62,2,3200.0,5.89,5,0,3,#2F4F4F,31.3,-11.7,-3.7,5,5,5,1,STEM+IDA
슬쩍 뚜벅뚜벅이다,seuljjeog ttubeokttubeokida,4,2,0,4,2,33,1,sɯltɕ͈ʌk̚ t͈upʌk̚t͈upʌk̚ita,8,4,6,8,5,5,950.0,4.62,2,3200.0,5.89,5,0,3,#2F4F4F,31.3,-11.7,-3.7,5,5,5,1,STEM+IDA
선뜻 뚜벅뚜벅이다,seontteus ttubeokttubeokida,4,2,0,4,2,33,1,sʌnt͈ɯs̚ t͈upʌk̚t͈upʌk̚ita,8,4,6,8,5,5,950.0,4.62,2,3200.0,5.89,5,0,3,#2F4F4F,31.3,-11.7,-3.7,5,5,5,1,STEM+IDA
단번에 뚜벅뚜벅이다,danbeone ttubeokttubeokida,4,2,0,4,2,33,1,tanpʌne t͈upʌk̚t͈upʌk̚ita,8,4,6,6,5,5,950.0,4.62,2,3200.0,5.89,5,0,3,#2F4F4F,31.3,-11.7,-3.7,5,5,5,1,STEM+IDA
한번에 뚜벅뚜벅이다,hanbeone ttubeokttubeokida,4,2,0,4,2,33,1,hanpʌne t͈upʌk̚t͈upʌk̚ita,8,4,6,8,5,5,950.0,4.62,2,3200.0,5.89,5,0,3,#2F4F4F,31.3,-11.7,-3.7,5,5,5,1,STEM+IDA
살짝 뚜벅하다,saljjag ttubeokhada,4,2,0,4,2,32,1,saltɕ͈ak̚ t͈upʌk̚hata,8,2,6,8,5,5,950.0,4.62,2,1800.0,4.91,5,0,3,#2F4F4F,31.3,-11.7,-3.7,5,5,5,8,STEM+HADA
슬쩍 뚜벅하다,seuljjeog ttubeokhada,4,2,0,4,2,32,1,sɯltɕ͈ʌk̚ t͈upʌk̚hata,8,2,6,8,5,5,950.0,4.62,2,1800.0,4.91,5,0,3,#2F4F4F,31.3,-11.7,-3.7,5,5,5,8,STEM+HADA
선뜻 뚜벅하다,seontteus ttubeokhada,4,2,0,4,2,32,1,sʌnt͈ɯs̚ t͈upʌk̚hata,8,2,6,8,5,5,950.0,4.62,2,1800.0,4.91,5,0,3,#2F4F4F,31.3,-11.7,-3.7,5,5,5,8,STEM+HADA
단번에 뚜벅하다,danbeone ttubeokhada,4,2,0,4,2,32,1,tanpʌne t͈upʌk̚hata,8,2,6,8,5,5,950.0,4.62,2,1800.0,4.91,5,0,3,#2F4F4F,31.3,-11.7,-3.7,5,5,5,8,STEM+HADA
한번에 뚜벅하다,hanbeone ttubeokhada,4,2,0,4,2,32,1,hanpʌne t͈upʌk̚hata,8,2,6,8,5,5,950.0,4.62,2,1800.0,4.91,5,0,3,#2F4F4F,31.3,-11.7,-3.7,5,5,5,8,STEM+HADA
살짝 뚜벅뚜벅하다,saljjag ttubeokttubeokhada,4,2,0,4,2,33,1,saltɕ͈ak̚ t͈upʌk̚t͈upʌk̚hata,8,4,6,8,5,5,950.0,4.62,2,3200.0,5.89,5,0,3,#2F4F4F,31.3,-11.7,-3.7,5,5,5,1,STEM+HADA
슬쩍 뚜벅뚜벅하다,seuljjeog ttubeokttubeokhada,4,2,0,4,2,33,1,sɯltɕ͈ʌk̚ t͈upʌk̚t͈upʌk̚hata,8,4,6,8,5,5,950.0,4.62,2,3200.0,5.89,5,0,3,#2F4F4F,31.3,-11.7,-3.7,5,5,5,1,STEM+HADA
선뜻 뚜벅뚜벅하다,seontteus ttubeokttubeokhada,4,2,0,4,2,33,1,sʌnt͈ɯs̚ t͈upʌk̚t͈upʌk̚hata,8,4,6,8,5,5,950.0,4.62,2,3200.0,5.89,5,0,3,#2F4F4F,31.3,-11.7,-3.7,5,5,5,1,STEM+HADA
단번에 뚜벅뚜벅하다,danbeone ttubeokttubeokhada,4,2,0,4,2,33,1,tanpʌne t͈upʌk̚t͈upʌk̚hata,8,4,6,8,5,5,950.0,4.62,2,3200.0,5.89,5,0,3,#2F4F4F,31.3,-11.7,-3.7,5,5,5,1,STEM+HADA
한번에 뚜벅뚜벅하다,hanbeone ttubeokttubeokhada,4,2,0,4,2,33,1,hanpʌne t͈upʌk̚t͈upʌk̚hata,8,4,6,8,5,5,950.0,4.62,2,3200.0,5.89,5,0,3,#2F4F4F,31.3,-11.7,-3.7,5,5,5,1,STEM+HADA
살짝 뚜벅스럽다,saljjag ttubeokseureopda,4,2,0,4,2,32,1,saltɕ͈ak̚ t͈upʌk̚sɯrʌp̚ta,8,2,6,8,5,5,950.0,4.62,2,1800.0,4.91,5,0,3,#2F4F4F,31.3,-11.7,-3.7,5,5,5,8,SUFFIX(어미변화)
슬쩍 뚜벅스럽다,seuljjeog ttubeokseureopda,4,2,0,4,2,32,1,sɯltɕ͈ʌk̚ t͈upʌk̚sɯrʌp̚ta,8,2,6,8,5,5,950.0,4.62,2,1800.0,4.91,5,0,3,#2F4F4F,31.3,-11.7,-3.7,5,5,5,8,SUFFIX(어미변화)
선뜻 뚜벅스럽다,seontteus ttubeokseureopda,4,2,0,4,2,32,1,sʌnt͈ɯs̚ t͈upʌk̚sɯrʌp̚ta,8,2,6,8,5,5,950.0,4.62,2,1800.0,4.91,5,0,3,#2F4F4F,31.3,-11.7,-3.7,5,5,5,8,SUFFIX(어미변화)
단번에 뚜벅스럽다,danbeone ttubeokseureopda,4,2,0,4,2,32,1,tanpʌne t͈upʌk̚sɯrʌp̚ta,8,2,6,8,5,5,950.0,4.62,2,1800.0,4.91,5,0,3,#2F4F4F,31.3,-11.7,-3.7,5,5,5,8,SUFFIX(어미변화)
한번에 뚜벅스럽다,hanbeone ttubeokseureopda,4,2,0,4,2,32,1,hanpʌne t͈upʌk̚sɯrʌp̚ta,8,2,6,8,5,5,950.0,4.62,2,1800.0,4.91,5,0,3,#2F4F4F,31.3,-11.7,-3.7,5,5,5,8,SUFFIX(어미변화)
살짝 뚜벅맞다,saljjag ttubeokmajda,4,2,0,4,2,32,1,saltɕ͈ak̚ t͈upʌk̚mat̚ta,8,2,6,8,5,5,950.0,4.62,2,1800.0,4.91,5,0,3,#2F4F4F,31.3,-11.7,-3.7,5,5,5,8,SUFFIX(어미변화)
슬쩍 뚜벅맞다,seuljjeog ttubeokmajda,4,2,0,4,2,32,1,sɯltɕ͈ʌk̚ t͈upʌk̚mat̚ta,8,2,6,8,5,5,950.0,4.62,2,1800.0,4.91,5,0,3,#2F4F4F,31.3,-11.7,-3.7,5,5,5,8,SUFFIX(어미변화)
선뜻 뚜벅맞다,seontteus ttubeokmajda,4,2,0,4,2,32,1,sʌnt͈ɯs̚ t͈upʌk̚mat̚ta,8,2,6,8,5,5,950.0,4.62,2,1800.0,4.91,5,0,3,#2F4F4F,31.3,-11.7,-3.7,5,5,5,8,SUFFIX(어미변화)
단번에 뚜벅맞다,danbeone ttubeokmajda,4,2,0,4,2,32,1,tanpʌne t͈upʌk̚mat̚ta,8,2,6,6,5,5,950.0,4.62,2,1800.0,4.91,5,0,3,#2F4F4F,31.3,-11.7,-3.7,5,5,5,8,SUFFIX(어미변화)
한번에 뚜벅맞다,hanbeone ttubeokmajda,4,2,0,4,2,32,1,hanpʌne t͈upʌk̚mat̚ta,8,2,6,8,5,5,950.0,4.62,2,1800.0,4.91,5,0,3,#2F4F4F,31.3,-11.7,-3.7,5,5,5,8,SUFFIX(어미변화)
살짝 뚜벅뚜벅맞다,saljjag ttubeokttubeokmajda,4,2,0,4,2,33,1,saltɕ͈ak̚ t͈upʌk̚t͈upʌk̚mat̚ta,8,4,6,8,5,5,950.0,4.62,2,3200.0,5.89,5,0,3,#2F4F4F,31.3,-11.7,-3.7,5,5,5,1,REDUP(첩어・동일)
슬쩍 뚜벅뚜벅맞다,seuljjeog ttubeokttubeokmajda,4,2,0,4,2,33,1,sɯltɕ͈ʌk̚ t͈upʌk̚t͈upʌk̚mat̚ta,8,4,6,8,5,5,950.0,4.62,2,3200.0,5.89,5,0,3,#2F4F4F,31.3,-11.7,-3.7,5,5,5,1,REDUP(첩어・동일)
선뜻 뚜벅뚜벅맞다,seontteus ttubeokttubeokmajda,4,2,0,4,2,33,1,sʌnt͈ɯs̚ t͈upʌk̚t͈upʌk̚mat̚ta,8,4,6,8,5,5,950.0,4.62,2,3200.0,5.89,5,0,3,#2F4F4F,31.3,-11.7,-3.7,5,5,5,1,REDUP(첩어・동일)
단번에 뚜벅뚜벅맞다,danbeone ttubeokttubeokmajda,4,2,0,4,2,33,1,tanpʌne t͈upʌk̚t͈upʌk̚mat̚ta,8,4,6,6,5,5,950.0,4.62,2,3200.0,5.89,5,0,3,#2F4F4F,31.3,-11.7,-3.7,5,5,5,1,REDUP(첩어・동일)
한번에 뚜벅뚜벅맞다,hanbeone ttubeokttubeokmajda,4,2,0,4,2,33,1,hanpʌne t͈upʌk̚t͈upʌk̚mat̚ta,8,4,6,8,5,5,950.0,4.62,2,3200.0,5.89,5,0,3,#2F4F4F,31.3,-11.7,-3.7,5,5,5,1,REDUP(첩어・동일)
살짝 뚜벅하게,saljjag ttubeokhage,4,2,0,4,2,32,1,saltɕ͈ak̚ t͈upʌk̚hake,8,2,6,8,5,5,950.0,4.62,2,1800.0,4.91,5,0,3,#2F4F4F,31.3,-11.7,-3.7,5,5,5,8,SUFFIX(어미변화)
슬쩍 뚜벅하게,seuljjeog ttubeokhage,4,2,0,4,2,32,1,sɯltɕ͈ʌk̚ t͈upʌk̚hake,8,2,6,8,5,5,950.0,4.62,2,1800.0,4.91,5,0,3,#2F4F4F,31.3,-11.7,-3.7,5,5,5,8,SUFFIX(어미변화)
선뜻 뚜벅하게,seontteus ttubeokhage,4,2,0,4,2,32,1,sʌnt͈ɯs̚ t͈upʌk̚hake,8,2,6,8,5,5,950.0,4.62,2,1800.0,4.91,5,0,3,#2F4F4F,31.3,-11.7,-3.7,5,5,5,8,SUFFIX(어미변화)
단번에 뚜벅하게,danbeone ttubeokhage,4,2,0,4,2,32,1,tanpʌne t͈upʌk̚hake,8,2,6,8,5,5,950.0,4.62,2,1800.0,4.91,5,0,3,#2F4F4F,31.3,-11.7,-3.7,5,5,5,8,SUFFIX(어미변화)
한번에 뚜벅하게,hanbeone ttubeokhage,4,2,0,4,2,32,1,hanpʌne t͈upʌk̚hake,8,2,6,8,5,5,950.0,4.62,2,1800.0,4.91,5,0,3,#2F4F4F,31.3,-11.7,-3.7,5,5,5,8,SUFFIX(어미변화)
살짝 뚜벅뚜벅하게,saljjag ttubeokttubeokhage,4,2,0,4,2,33,1,saltɕ͈ak̚ t͈upʌk̚t͈upʌk̚hake,8,4,6,8,5,5,950.0,4.62,2,3200.0,5.89,5,0,3,#2F4F4F,31.3,-11.7,-3.7,5,5,5,1,REDUP(첩어・동일)
슬쩍 뚜벅뚜벅하게,seuljjeog ttubeokttubeokhage,4,2,0,4,2,33,1,sɯltɕ͈ʌk̚ t͈upʌk̚t͈upʌk̚hake,8,4,6,8,5,5,950.0,4.62,2,3200.0,5.89,5,0,3,#2F4F4F,31.3,-11.7,-3.7,5,5,5,1,REDUP(첩어・동일)
선뜻 뚜벅뚜벅하게,seontteus ttubeokttubeokhage,4,2,0,4,2,33,1,sʌnt͈ɯs̚ t͈upʌk̚t͈upʌk̚hake,8,4,6,8,5,5,950.0,4.62,2,3200.0,5.89,5,0,3,#2F4F4F,31.3,-11.7,-3.7,5,5,5,1,REDUP(첩어・동일)
단번에 뚜벅뚜벅하게,danbeone ttubeokttubeokhage,4,2,0,4,2,33,1,tanpʌne t͈upʌk̚t͈upʌk̚hake,8,4,6,8,5,5,950.0,4.62,2,3200.0,5.89,5,0,3,#2F4F4F,31.3,-11.7,-3.7,5,5,5,1,REDUP(첩어・동일)
한번에 뚜벅뚜벅하게,hanbeone ttubeokttubeokhage,4,2,0,4,2,33,1,hanpʌne t͈upʌk̚t͈upʌk̚hake,8,4,6,8,5,5,950.0,4.62,2,3200.0,5.89,5,0,3,#2F4F4F,31.3,-11.7,-3.7,5,5,5,1,REDUP(첩어・동일)
살짝 뚜벅한,saljjag ttubeokhan,4,2,0,4,2,32,1,saltɕ͈ak̚ t͈upʌk̚han,8,2,6,8,5,5,950.0,4.62,2,1800.0,4.91,5,0,3,#2F4F4F,31.3,-11.7,-3.7,5,5,5,8,SUFFIX(어미변화)
슬쩍 뚜벅한,seuljjeog ttubeokhan,4,2,0,4,2,32,1,sɯltɕ͈ʌk̚ t͈upʌk̚han,8,2,6,8,5,5,950.0,4.62,2,1800.0,4.91,5,0,3,#2F4F4F,31.3,-11.7,-3.7,5,5,5,8,SUFFIX(어미변화)
선뜻 뚜벅한,seontteus ttubeokhan,4,2,0,4,2,32,1,sʌnt͈ɯs̚ t͈upʌk̚han,8,2,6,8,5,5,950.0,4.62,2,1800.0,4.91,5,0,3,#2F4F4F,31.3,-11.7,-3.7,5,5,5,8,SUFFIX(어미변화)
단번에 뚜벅한,danbeone ttubeokhan,4,2,0,4,2,32,1,tanpʌne t͈upʌk̚han,8,2,6,8,5,5,950.0,4.62,2,1800.0,4.91,5,0,3,#2F4F4F,31.3,-11.7,-3.7,5,5,5,8,SUFFIX(어미변화)
한번에 뚜벅한,hanbeone ttubeokhan,4,2,0,4,2,32,1,hanpʌne t͈upʌk̚han,8,2,6,8,5,5,950.0,4.62,2,1800.0,4.91,5,0,3,#2F4F4F,31.3,-11.7,-3.7,5,5,5,8,SUFFIX(어미변화)
살짝 뚜벅뚜벅한,saljjag ttubeokttubeokhan,4,2,0,4,2,33,1,saltɕ͈ak̚ t͈upʌk̚t͈upʌk̚han,8,4,6,8,5,5,950.0,4.62,2,3200.0,5.89,5,0,3,#2F4F4F,31.3,-11.7,-3.7,5,5,5,1,REDUP(첩어・동일)
슬쩍 뚜벅뚜벅한,seuljjeog ttubeokttubeokhan,4,2,0,4,2,33,1,sɯltɕ͈ʌk̚ t͈upʌk̚t͈upʌk̚han,8,4,6,8,5,5,950.0,4.62,2,3200.0,5.89,5,0,3,#2F4F4F,31.3,-11.7,-3.7,5,5,5,1,REDUP(첩어・동일)
선뜻 뚜벅뚜벅한,seontteus ttubeokttubeokhan,4,2,0,4,2,33,1,sʌnt͈ɯs̚ t͈upʌk̚t͈upʌk̚han,8,4,6,8,5,5,950.0,4.62,2,3200.0,5.89,5,0,3,#2F4F4F,31.3,-11.7,-3.7,5,5,5,1,REDUP(첩어・동일)
단번에 뚜벅뚜벅한,danbeone ttubeokttubeokhan,4,2,0,4,2,33,1,tanpʌne t͈upʌk̚t͈upʌk̚han,8,4,6,8,5,5,950.0,4.62,2,3200.0,5.89,5,0,3,#2F4F4F,31.3,-11.7,-3.7,5,5,5,1,REDUP(첩어・동일)
