word,pronunciation_romaji,meaning_en,category,domain,polarity,intensity,tone,morphology,ipa_clean,x1,x2,x3,x4,x5,x6,x7_hz,x7_norm,x8,x9_re,x9_norm,x10,x11,x11_ord,x12,L,a,b,rationale,flags,x13_accent,x14_contour,x15_meter,x16_regularity,morph_type
반짝,banjjag,Manner or sound of glittering/flashing light (반짝).,Psychomime (State/Manner),Color/Light,Positive,Unvoiced (Light),Bright/Light/Small,-ri Ending,bantʰɕ͈ag,1,8,7,7,2,5,2100.0,7.71,8,3200.0,5.89,3,0,4,#FFD700,86.9,-1.9,87.1,"Reflecting tense consonant /濃音/ and bright vowel /陽性모음/ for a vector configuration of Weight 1, Time 8, and Flow 7.",,5,5,0,0,SUFFIX(어미변화)
반짝반짝,banjjagbanjjag,"Repeated, continuous manner or sound of glittering/flashing light (반짝반짝).",Psychomime (State/Manner),Color/Light,Positive,Unvoiced (Light),Bright/Light/Small,Reduplication,bantʰɕ͈agbantʰɕ͈ag,1,8,7,7,2,5,2100.0,7.71,8,3200.0,5.89,3,0,4,#FFD700,86.9,-1.9,87.1,"Reflecting tense consonant /濃音/ and bright vowel /陽性모음/ for a vector configuration of Weight 1, Time 8, and Flow 7.",,5,5,5,1,REDUP(첩어・동일)
반짝거리다,banjjaggeorida,Continuous motion or action of glittering/flashing light (반짝거리다).,Psychomime (State/Manner),Color/Light,Positive,Unvoiced (Light),Bright/Light/Small,Reduplication,bantʰɕ͈aggʌrida,4,8,7,7,5,5,1200.0,6.29,8,3200.0,5.89,3,0,4,#FFD700,86.9,-1.9,87.1,"Reflecting tense consonant /濃音/ and dark vowel /陰性모음/ for a vector configuration of Weight 4, Time 8, and Flow 7.",,5,5,5,8,COMPOUND(복합・이종)
반짝대다,banjjagdaeda,"Repeated, intense action of glittering/flashing light (반짝대다).",Psychomime (State/Manner),Color/Light,Positive,Unvoiced (Light),Bright/Light/Small,Reduplication,bantʰɕ͈agdɛda,1,8,7,7,5,5,2100.0,7.71,8,3200.0,5.89,3,0,4,#FFD700,86.9,-1.9,87.1,"Reflecting tense consonant /濃音/ and bright vowel /陽性모음/ for a vector configuration of Weight 1, Time 8, and Flow 7.",,5,5,5,8,COMPOUND(복합・이종)
반짝이다,banjjagida,Motion or state of glittering/flashing light (반짝이다).,Psychomime (State/Manner),Color/Light,Positive,Unvoiced (Light),Bright/Light/Small,-ri Ending,bantʰɕ͈agida,1,8,7,7,5,5,2100.0,7.71,8,3200.0,5.89,3,0,4,#FFD700,86.9,-1.9,87.1,"Reflecting tense consonant /濃音/ and bright vowel /陽性모음/ for a vector configuration of Weight 1, Time 8, and Flow 7.",,5,5,5,8,COMPOUND(복합・이종)
반짝하다,banjjaghada,State or quality of being glittering/flashing light (반짝하다).,Psychomime (State/Manner),Color/Light,Positive,Unvoiced (Light),Bright/Light/Small,-ri Ending,bantʰɕ͈aghada,1,8,7,2,5,5,2100.0,7.71,8,3200.0,5.89,3,0,4,#FFD700,86.9,-1.9,87.1,"Reflecting tense consonant /濃音/ and bright vowel /陽性모음/ for a vector configuration of Weight 1, Time 8, and Flow 2.",,5,5,5,8,COMPOUND(복합・이종)
반짝이,banjjagi,Adverbial state of glittering/flashing light (반짝이).,Psychomime (State/Manner),Color/Light,Positive,Unvoiced (Light),Bright/Light/Small,-ri Ending,bantʰɕ͈agi,1,8,7,7,5,5,2100.0,7.71,8,3200.0,5.89,3,0,4,#FFD700,86.9,-1.9,87.1,"Reflecting tense consonant /濃音/ and bright vowel /陽性모음/ for a vector configuration of Weight 1, Time 8, and Flow 7.",,5,5,5,8,COMPOUND(복합・이종)
번쩍,beonjjeog,Heavy or dark nuance of glittering/flashing light (번쩍).,Psychomime (State/Manner),Color/Light,Positive,Voiced (Heavy),Dark/Heavy/Large,-ri Ending,bʌntʰɕ͈ʌg,5,8,7,7,5,5,300.0,2.78,8,3200.0,5.89,3,0,4,#FFD700,86.9,-1.9,87.1,"Reflecting tense consonant /濃音/ and dark vowel /陰性모음/ for a vector configuration of Weight 5, Time 8, and Flow 7.",,5,5,5,8,COMPOUND(복합・이종)
번쩍번쩍,beonjjeogbeonjjeog,Repeated heavy or dark nuance of glittering/flashing light (번쩍번쩍).,Psychomime (State/Manner),Color/Light,Positive,Voiced (Heavy),Dark/Heavy/Large,Reduplication,bʌntʰɕ͈ʌgbʌntʰɕ͈ʌg,5,8,7,7,5,5,300.0,2.78,8,3200.0,5.89,3,0,4,#FFD700,86.9,-1.9,87.1,"Reflecting tense consonant /濃音/ and dark vowel /陰性모음/ for a vector configuration of Weight 5, Time 8, and Flow 7.",,5,5,5,1,REDUP(첩어・동일)
번쩍거리다,beonjjeoggeorida,Continuous heavy motion of glittering/flashing light (번쩍거리다).,Psychomime (State/Manner),Color/Light,Positive,Voiced (Heavy),Dark/Heavy/Large,Reduplication,bʌntʰɕ͈ʌggʌrida,5,8,7,7,5,5,300.0,2.78,8,3200.0,5.89,3,0,4,#FFD700,86.9,-1.9,87.1,"Reflecting tense consonant /濃音/ and dark vowel /陰性모음/ for a vector configuration of Weight 5, Time 8, and Flow 7.",,5,5,5,8,COMPOUND(복합・이종)
번쩍대다,beonjjeogdaeda,Repeated intense heavy action of glittering/flashing light (번쩍대다).,Psychomime (State/Manner),Color/Light,Positive,Voiced (Heavy),Dark/Heavy/Large,Reduplication,bʌntʰɕ͈ʌgdɛda,5,8,7,7,5,5,300.0,2.78,8,3200.0,5.89,3,0,4,#FFD700,86.9,-1.9,87.1,"Reflecting tense consonant /濃音/ and dark vowel /陰性모음/ for a vector configuration of Weight 5, Time 8, and Flow 7.",,5,5,5,8,COMPOUND(복합・이종)
번쩍하다,beonjjeoghada,Heavy or dark state of being glittering/flashing light (번쩍하다).,Psychomime (State/Manner),Color/Light,Positive,Voiced (Heavy),Dark/Heavy/Large,-ri Ending,bʌntʰɕ͈ʌghada,5,8,7,2,5,5,300.0,2.78,8,3200.0,5.89,3,0,4,#FFD700,86.9,-1.9,87.1,"Reflecting tense consonant /濃音/ and dark vowel /陰性모음/ for a vector configuration of Weight 5, Time 8, and Flow 2.",,5,5,5,8,COMPOUND(복합・이종)
반짝번쩍,banjjagbeonjjeog,Alternating rhythm or variation of glittering/flashing light (반짝번쩍).,Psychomime (State/Manner),Color/Light,Positive,Unvoiced (Light),Bright/Light/Small,Reduplication,bantʰɕ͈agbʌntʰɕ͈ʌg,4,8,7,7,5,5,1200.0,6.29,8,3200.0,5.89,3,0,4,#FFD700,86.9,-1.9,87.1,"Reflecting tense consonant /濃音/ and dark vowel /陰性모음/ for a vector configuration of Weight 4, Time 8, and Flow 7.",,5,5,5,8,COMPOUND(복합・이종)
퐁당,pongdang,Manner or sound of splashing into liquid (퐁당).,Phenomime (Sound),Dynamics,Positive,Unvoiced (Light),Bright/Light/Small,-ri Ending,pʰoŋdaŋ,3,5,7,5,2,8,1500.0,6.86,5,3200.0,5.89,3,0,4,#4682B4,52.5,-4.1,-32.2,"Reflecting aspirated consonant /激音/ and bright vowel /陽性모음/ for a vector configuration of Weight 3, Time 5, and Flow 5.",,5,5,5,8,COMPOUND(복합・이종)
퐁당퐁당,pongdangpongdang,"Repeated, continuous manner or sound of splashing into liquid (퐁당퐁당).",Phenomime (Sound),Dynamics,Positive,Unvoiced (Light),Bright/Light/Small,Reduplication,pʰoŋdaŋpʰoŋdaŋ,3,4,7,5,2,8,1500.0,6.86,4,3200.0,5.89,3,0,4,#4682B4,52.5,-4.1,-32.2,"Reflecting aspirated consonant /激音/ and bright vowel /陽性모음/ for a vector configuration of Weight 3, Time 4, and Flow 5.",,5,5,5,1,REDUP(첩어・동일)
퐁당거리다,pongdanggeorida,Continuous motion or action of splashing into liquid (퐁당거리다).,Phenomime (Sound),Dynamics,Positive,Unvoiced (Light),Bright/Light/Small,Reduplication,pʰoŋdaŋgʌrida,7,5,7,5,8,8,240.0,2.22,5,3200.0,5.89,3,0,4,#4B3621,24.5,6.4,16.8,"Reflecting aspirated consonant /激音/ and dark vowel /陰性모음/ for a vector configuration of Weight 7, Time 5, and Flow 5.",,5,5,5,8,COMPOUND(복합・이종)
퐁당대다,pongdangdaeda,"Repeated, intense action of splashing into liquid (퐁당대다).",Phenomime (Sound),Dynamics,Positive,Unvoiced (Light),Bright/Light/Small,Reduplication,pʰoŋdaŋdɛda,3,5,7,5,8,8,1500.0,6.86,5,3200.0,5.89,3,0,4,#4682B4,52.5,-4.1,-32.2,"Reflecting aspirated consonant /激音/ and bright vowel /陽性모음/ for a vector configuration of Weight 3, Time 5, and Flow 5.",,5,5,5,8,COMPOUND(복합・이종)
퐁당이다,pongdangida,Motion or state of splashing into liquid (퐁당이다).,Phenomime (Sound),Dynamics,Positive,Unvoiced (Light),Bright/Light/Small,-ri Ending,pʰoŋdaŋida,3,5,7,5,8,8,1500.0,6.86,5,3200.0,5.89,3,0,4,#4682B4,52.5,-4.1,-32.2,"Reflecting aspirated consonant /激音/ and bright vowel /陽性모음/ for a vector configuration of Weight 3, Time 5, and Flow 5.",,5,5,5,8,COMPOUND(복합・이종)
퐁당하다,pongdanghada,State or quality of being splashing into liquid (퐁당하다).,Phenomime (Sound),Dynamics,Positive,Unvoiced (Light),Bright/Light/Small,-ri Ending,pʰoŋdaŋhada,3,5,7,2,8,8,1500.0,6.86,5,3200.0,5.89,3,0,4,#4682B4,52.5,-4.1,-32.2,"Reflecting aspirated consonant /激音/ and bright vowel /陽性모음/ for a vector configuration of Weight 3, Time 5, and Flow 2.",,5,5,5,8,COMPOUND(복합・이종)
퐁당이,pongdangi,Adverbial state of splashing into liquid (퐁당이).,Phenomime (Sound),Dynamics,Positive,Unvoiced (Light),Bright/Light/Small,-ri Ending,pʰoŋdaŋi,3,5,7,5,8,8,1500.0,6.86,5,3200.0,5.89,3,0,4,#4682B4,52.5,-4.1,-32.2,"Reflecting aspirated consonant /激音/ and bright vowel /陽性모음/ for a vector configuration of Weight 3, Time 5, and Flow 5.",,5,5,5,8,COMPOUND(복합・이종)
풍덩,pungdeong,Heavy or dark nuance of splashing into liquid (풍덩).,Phenomime (Sound),Dynamics,Positive,Voiced (Heavy),Dark/Heavy/Large,-ri Ending,pʰuŋdʌŋ,8,5,7,5,8,8,210.0,1.88,5,3200.0,5.89,3,0,4,#800000,25.5,48.0,38.1,"Reflecting aspirated consonant /激音/ and dark vowel /陰性모음/ for a vector configuration of Weight 8, Time 5, and Flow 5.",,5,5,5,8,COMPOUND(복합・이종)
풍덩풍덩,pungdeongpungdeong,Repeated heavy or dark nuance of splashing into liquid (풍덩풍덩).,Phenomime (Sound),Dynamics,Positive,Voiced (Heavy),Dark/Heavy/Large,Reduplication,pʰuŋdʌŋpʰuŋdʌŋ,8,4,7,5,8,8,210.0,1.88,4,3200.0,5.89,3,0,4,#800000,25.5,48.0,38.1,"Reflecting aspirated consonant /激音/ and dark vowel /陰性모음/ for a vector configuration of Weight 8, Time 4, and Flow 5.",,5,5,5,1,REDUP(첩어・동일)
풍덩거리다,pungdeonggeorida,Continuous heavy motion of splashing into liquid (풍덩거리다).,Phenomime (Sound),Dynamics,Positive,Voiced (Heavy),Dark/Heavy/Large,Reduplication,pʰuŋdʌŋgʌrida,8,5,7,5,8,8,210.0,1.88,5,3200.0,5.89,3,0,4,#800000,25.5,48.0,38.1,"Reflecting aspirated consonant /激音/ and dark vowel /陰性모음/ for a vector configuration of Weight 8, Time 5, and Flow 5.",,5,5,5,8,COMPOUND(복합・이종)
풍덩대다,pungdeongdaeda,Repeated intense heavy action of splashing into liquid (풍덩대다).,Phenomime (Sound),Dynamics,Positive,Voiced (Heavy),Dark/Heavy/Large,Reduplication,pʰuŋdʌŋdɛda,8,5,7,5,8,8,210.0,1.88,5,3200.0,5.89,3,0,4,#800000,25.5,48.0,38.1,"Reflecting aspirated consonant /激音/ and dark vowel /陰性모음/ for a vector configuration of Weight 8, Time 5, and Flow 5.",,5,5,5,8,COMPOUND(복합・이종)
풍덩하다,pungdeonghada,Heavy or dark state of being splashing into liquid (풍덩하다).,Phenomime (Sound),Dynamics,Positive,Voiced (Heavy),Dark/Heavy/Large,-ri Ending,pʰuŋdʌŋhada,8,5,7,2,8,8,210.0,1.88,5,3200.0,5.89,3,0,4,#800000,25.5,48.0,38.1,"Reflecting aspirated consonant /激音/ and dark vowel /陰性모음/ for a vector configuration of Weight 8, Time 5, and Flow 2.",,5,5,5,8,COMPOUND(복합・이종)
퐁당풍덩,pongdangpungdeong,Alternating rhythm or variation of splashing into liquid (퐁당풍덩).,Phenomime (Sound),Dynamics,Positive,Unvoiced (Light),Bright/Light/Small,Reduplication,pʰoŋdaŋpʰuŋdʌŋ,7,5,7,5,8,8,240.0,2.22,5,3200.0,5.89,3,0,4,#4B3621,24.5,6.4,16.8,"Reflecting aspirated consonant /激音/ and dark vowel /陰性모음/ for a vector configuration of Weight 7, Time 5, and Flow 5.",,5,5,5,8,COMPOUND(복합・이종)
찰랑,chalrang,Manner or sound of sloshing/rippling fluid (찰랑).,Psychomime (State/Manner),Texture,Positive,Unvoiced (Light),Bright/Light/Small,-ri Ending,tʰɕʰalraŋ,3,5,7,2,2,5,1500.0,6.86,5,3200.0,5.89,3,0,4,#708090,52.8,-2.1,-10.6,"Reflecting aspirated consonant /激音/ and bright vowel /陽性모음/ for a vector configuration of Weight 3, Time 5, and Flow 2.",,5,5,5,8,COMPOUND(복합・이종)
찰랑찰랑,chalrangchalrang,"Repeated, continuous manner or sound of sloshing/rippling fluid (찰랑찰랑).",Psychomime (State/Manner),Texture,Positive,Unvoiced (Light),Bright/Light/Small,Reduplication,tʰɕʰalraŋtʰɕʰalraŋ,3,4,7,2,2,5,1500.0,6.86,4,3200.0,5.89,3,0,4,#708090,52.8,-2.1,-10.6,"Reflecting aspirated consonant /激音/ and bright vowel /陽性모음/ for a vector configuration of Weight 3, Time 4, and Flow 2.",,5,5,5,1,REDUP(첩어・동일)
찰랑거리다,chalranggeorida,Continuous motion or action of sloshing/rippling fluid (찰랑거리다).,Psychomime (State/Manner),Texture,Positive,Unvoiced (Light),Bright/Light/Small,Reduplication,tʰɕʰalraŋgʌrida,7,5,7,2,5,5,240.0,2.22,5,3200.0,5.89,3,0,4,#4B3621,24.5,6.4,16.8,"Reflecting aspirated consonant /激音/ and dark vowel /陰性모음/ for a vector configuration of Weight 7, Time 5, and Flow 2.",,5,5,5,8,COMPOUND(복합・이종)
찰랑대다,chalrangdaeda,"Repeated, intense action of sloshing/rippling fluid (찰랑대다).",Psychomime (State/Manner),Texture,Positive,Unvoiced (Light),Bright/Light/Small,Reduplication,tʰɕʰalraŋdɛda,3,5,7,2,5,5,1500.0,6.86,5,3200.0,5.89,3,0,4,#708090,52.8,-2.1,-10.6,"Reflecting aspirated consonant /激音/ and bright vowel /陽性모음/ for a vector configuration of Weight 3, Time 5, and Flow 2.",,5,5,5,8,COMPOUND(복합・이종)
찰랑이다,chalrangida,Motion or state of sloshing/rippling fluid (찰랑이다).,Psychomime (State/Manner),Texture,Positive,Unvoiced (Light),Bright/Light/Small,-ri Ending,tʰɕʰalraŋida,3,5,7,2,5,5,1500.0,6.86,5,3200.0,5.89,3,0,4,#708090,52.8,-2.1,-10.6,"Reflecting aspirated consonant /激音/ and bright vowel /陽性모음/ for a vector configuration of Weight 3, Time 5, and Flow 2.",,5,5,5,8,COMPOUND(복합・이종)
찰랑하다,chalranghada,State or quality of being sloshing/rippling fluid (찰랑하다).,Psychomime (State/Manner),Texture,Positive,Unvoiced (Light),Bright/Light/Small,-ri Ending,tʰɕʰalraŋhada,3,5,7,2,5,5,1500.0,6.86,5,3200.0,5.89,3,0,4,#708090,52.8,-2.1,-10.6,"Reflecting aspirated consonant /激音/ and bright vowel /陽性모음/ for a vector configuration of Weight 3, Time 5, and Flow 2.",,5,5,5,8,COMPOUND(복합・이종)
찰랑이,chalrangi,Adverbial state of sloshing/rippling fluid (찰랑이).,Psychomime (State/Manner),Texture,Positive,Unvoiced (Light),Bright/Light/Small,-ri Ending,tʰɕʰalraŋi,3,5,7,2,5,5,1500.0,6.86,5,3200.0,5.89,3,0,4,#708090,52.8,-2.1,-10.6,"Reflecting aspirated consonant /激音/ and bright vowel /陽性모음/ for a vector configuration of Weight 3, Time 5, and Flow 2.",,5,5,5,8,COMPOUND(복합・이종)
출렁,chulreong,Heavy or dark nuance of sloshing/rippling fluid (출렁).,Psychomime (State/Manner),Texture,Positive,Voiced (Heavy),Dark/Heavy/Large,-ri Ending,tʰɕʰulrʌŋ,8,5,7,2,5,5,210.0,1.88,5,3200.0,5.89,3,0,4,#800000,25.5,48.0,38.1,"Reflecting aspirated consonant /激音/ and dark vowel /陰性모음/ for a vector configuration of Weight 8, Time 5, and Flow 2.",,5,5,5,8,COMPOUND(복합・이종)
출렁출렁,chulreongchulreong,Repeated heavy or dark nuance of sloshing/rippling fluid (출렁출렁).,Psychomime (State/Manner),Texture,Positive,Voiced (Heavy),Dark/Heavy/Large,Reduplication,tʰɕʰulrʌŋtʰɕʰulrʌŋ,8,4,7,2,5,5,210.0,1.88,4,3200.0,5.89,3,0,4,#800000,25.5,48.0,38.1,"Reflecting aspirated consonant /激音/ and dark vowel /陰性모음/ for a vector configuration of Weight 8, Time 4, and Flow 2.",,5,5,5,1,REDUP(첩어・동일)
출렁거리다,chulreonggeorida,Continuous heavy motion of sloshing/rippling fluid (출렁거리다).,Psychomime (State/Manner),Texture,Positive,Voiced (Heavy),Dark/Heavy/Large,Reduplication,tʰɕʰulrʌŋgʌrida,8,5,7,2,5,5,210.0,1.88,5,3200.0,5.89,3,0,4,#800000,25.5,48.0,38.1,"Reflecting aspirated consonant /激音/ and dark vowel /陰性모음/ for a vector configuration of Weight 8, Time 5, and Flow 2.",,5,5,5,8,COMPOUND(복합・이종)
출렁대다,chulreongdaeda,Repeated intense heavy action of sloshing/rippling fluid (출렁대다).,Psychomime (State/Manner),Texture,Positive,Voiced (Heavy),Dark/Heavy/Large,Reduplication,tʰɕʰulrʌŋdɛda,8,5,7,2,5,5,210.0,1.88,5,3200.0,5.89,3,0,4,#800000,25.5,48.0,38.1,"Reflecting aspirated consonant /激音/ and dark vowel /陰性모음/ for a vector configuration of Weight 8, Time 5, and Flow 2.",,5,5,5,8,COMPOUND(복합・이종)
출렁하다,chulreonghada,Heavy or dark state of being sloshing/rippling fluid (출렁하다).,Psychomime (State/Manner),Texture,Positive,Voiced (Heavy),Dark/Heavy/Large,-ri Ending,tʰɕʰulrʌŋhada,8,5,7,2,5,5,210.0,1.88,5,3200.0,5.89,3,0,4,#800000,25.5,48.0,38.1,"Reflecting aspirated consonant /激音/ and dark vowel /陰性모음/ for a vector configuration of Weight 8, Time 5, and Flow 2.",,5,5,5,8,COMPOUND(복합・이종)
찰랑출렁,chalrangchulreong,Alternating rhythm or variation of sloshing/rippling fluid (찰랑출렁).,Psychomime (State/Manner),Texture,Positive,Unvoiced (Light),Bright/Light/Small,Reduplication,tʰɕʰalraŋtʰɕʰulrʌŋ,7,5,7,2,5,5,240.0,2.22,5,3200.0,5.89,3,0,4,#4B3621,24.5,6.4,16.8,"Reflecting aspirated consonant /激音/ and dark vowel /陰性모음/ for a vector configuration of Weight 7, Time 5, and Flow 2.",,5,5,5,8,COMPOUND(복합・이종)
말랑,malrang,Manner or sound of soft/squishy texture (말랑).,Psychomime (State/Manner),Texture,Positive,Unvoiced (Light),Bright/Light/Small,-ri Ending,malraŋ,3,5,4,2,3,5,1500.0,6.86,5,800.0,3.53,3,0,4,#708090,52.8,-2.1,-10.6,"Reflecting plain consonant /平音/ and bright vowel /陽性모음/ for a vector configuration of Weight 3, Time 5, and Flow 2.",,5,5,5,8,COMPOUND(복합・이종)
말랑말랑,malrangmalrang,"Repeated, continuous manner or sound of soft/squishy texture (말랑말랑).",Psychomime (State/Manner),Texture,Positive,Unvoiced (Light),Bright/Light/Small,Reduplication,malraŋmalraŋ,3,4,4,2,3,5,1500.0,6.86,4,800.0,3.53,3,0,4,#708090,52.8,-2.1,-10.6,"Reflecting plain consonant /平音/ and bright vowel /陽性모음/ for a vector configuration of Weight 3, Time 4, and Flow 2.",,5,5,5,1,REDUP(첩어・동일)
말랑거리다,malranggeorida,Continuous motion or action of soft/squishy texture (말랑거리다).,Psychomime (State/Manner),Texture,Positive,Unvoiced (Light),Bright/Light/Small,Reduplication,malraŋgʌrida,5,5,4,2,5,5,900.0,5.56,5,800.0,3.53,3,0,4,#708090,52.8,-2.1,-10.6,"Reflecting plain consonant /平音/ and dark vowel /陰性모음/ for a vector configuration of Weight 5, Time 5, and Flow 2.",,5,5,5,8,COMPOUND(복합・이종)
말랑대다,malrangdaeda,"Repeated, intense action of soft/squishy texture (말랑대다).",Psychomime (State/Manner),Texture,Positive,Unvoiced (Light),Bright/Light/Small,Reduplication,malraŋdɛda,3,5,4,2,5,5,1500.0,6.86,5,800.0,3.53,3,0,4,#708090,52.8,-2.1,-10.6,"Reflecting plain consonant /平音/ and bright vowel /陽性모음/ for a vector configuration of Weight 3, Time 5, and Flow 2.",,5,5,5,8,COMPOUND(복합・이종)
말랑이다,malrangida,Motion or state of soft/squishy texture (말랑이다).,Psychomime (State/Manner),Texture,Positive,Unvoiced (Light),Bright/Light/Small,-ri Ending,malraŋida,3,5,4,2,5,5,1500.0,6.86,5,800.0,3.53,3,0,4,#708090,52.8,-2.1,-10.6,"Reflecting plain consonant /平音/ and bright vowel /陽性모음/ for a vector configuration of Weight 3, Time 5, and Flow 2.",,5,5,5,8,COMPOUND(복합・이종)
말랑하다,malranghada,State or quality of being soft/squishy texture (말랑하다).,Psychomime (State/Manner),Texture,Positive,Unvoiced (Light),Bright/Light/Small,-ri Ending,malraŋhada,3,5,4,2,5,5,1500.0,6.86,5,800.0,3.53,3,0,4,#708090,52.8,-2.1,-10.6,"Reflecting plain consonant /平音/ and bright vowel /陽性모음/ for a vector configuration of Weight 3, Time 5, and Flow 2.",,5,5,5,8,COMPOUND(복합・이종)
말랑이,malrangi,Adverbial state of soft/squishy texture (말랑이).,Psychomime (State/Manner),Texture,Positive,Unvoiced (Light),Bright/Light/Small,-ri Ending,malraŋi,3,5,4,2,5,5,1500.0,6.86,5,800.0,3.53,3,0,4,#708090,52.8,-2.1,-10.6,"Reflecting plain consonant /平音/ and bright vowel /陽性모음/ for a vector configuration of Weight 3, Time 5, and Flow 2.",,5,5,5,8,COMPOUND(복합・이종)
몰랑,molrang,Heavy or dark nuance of soft/squishy texture (몰랑).,Psychomime (State/Manner),Texture,Positive,Voiced (Heavy),Dark/Heavy/Large,-ri Ending,molraŋ,8,5,4,2,5,5,210.0,1.88,5,800.0,3.53,3,0,4,#800000,25.5,48.0,38.1,"Reflecting plain consonant /平音/ and bright vowel /陽性모음/ for a vector configuration of Weight 8, Time 5, and Flow 2.",,5,5,5,8,COMPOUND(복합・이종)
몰랑몰랑,molrangmolrang,Repeated heavy or dark nuance of soft/squishy texture (몰랑몰랑).,Psychomime (State/Manner),Texture,Positive,Voiced (Heavy),Dark/Heavy/Large,Reduplication,molraŋmolraŋ,8,4,4,2,5,5,210.0,1.88,4,800.0,3.53,3,0,4,#800000,25.5,48.0,38.1,"Reflecting plain consonant /平音/ and bright vowel /陽性모음/ for a vector configuration of Weight 8, Time 4, and Flow 2.",,5,5,5,1,REDUP(첩어・동일)
몰랑거리다,molranggeorida,Continuous heavy motion of soft/squishy texture (몰랑거리다).,Psychomime (State/Manner),Texture,Positive,Voiced (Heavy),Dark/Heavy/Large,Reduplication,molraŋgʌrida,8,5,4,2,5,5,210.0,1.88,5,800.0,3.53,3,0,4,#800000,25.5,48.0,38.1,"Reflecting plain consonant /平音/ and dark vowel /陰性모음/ for a vector configuration of Weight 8, Time 5, and Flow 2.",,5,5,5,8,COMPOUND(복합・이종)
몰랑대다,molrangdaeda,Repeated intense heavy action of soft/squishy texture (몰랑대다).,Psychomime (State/Manner),Texture,Positive,Voiced (Heavy),Dark/Heavy/Large,Reduplication,molraŋdɛda,8,5,4,2,5,5,210.0,1.88,5,800.0,3.53,3,0,4,#800000,25.5,48.0,38.1,"Reflecting plain consonant /平音/ and bright vowel /陽性모음/ for a vector configuration of Weight 8, Time 5, and Flow 2.",,5,5,5,8,COMPOUND(복합・이종)
몰랑하다,molranghada,Heavy or dark state of being soft/squishy texture (몰랑하다).,Psychomime (State/Manner),Texture,Positive,Voiced (Heavy),Dark/Heavy/Large,-ri Ending,molraŋhada,8,5,4,2,5,5,210.0,1.88,5,800.0,3.53,3,0,4,#800000,25.5,48.0,38.1,"Reflecting plain consonant /平音/ and bright vowel /陽性모음/ for a vector configuration of Weight 8, Time 5, and Flow 2.",,5,5,5,8,COMPOUND(복합・이종)
말랑몰랑,malrangmolrang,Alternating rhythm or variation of soft/squishy texture (말랑몰랑).,Psychomime (State/Manner),Texture,Positive,Unvoiced (Light),Bright/Light/Small,Reduplication,malraŋmolraŋ,3,5,4,2,5,5,1500.0,6.86,5,800.0,3.53,3,0,4,#708090,52.8,-2.1,-10.6,"Reflecting plain consonant /平音/ and bright vowel /陽性모음/ for a vector configuration of Weight 3, Time 5, and Flow 2.",,5,5,5,8,COMPOUND(복합・이종)
쫄깃,jjolgis,Manner or sound of chewy/glutinous texture (쫄깃).,Psychomime (State/Manner),"Texture, Taste",Positive,Unvoiced (Light),Bright/Light/Small,-ri Ending,tʰɕ͈olgis,3,5,7,2,2,3,1500.0,6.86,5,3200.0,5.89,3,0,4,#708090,52.8,-2.1,-10.6,"Reflecting tense consonant /濃音/ and bright vowel /陽性모음/ for a vector configuration of Weight 3, Time 5, and Flow 2.",,5,5,5,8,COMPOUND(복합・이종)
쫄깃쫄깃,jjolgisjjolgis,"Repeated, continuous manner or sound of chewy/glutinous texture (쫄깃쫄깃).",Psychomime (State/Manner),"Texture, Taste",Positive,Unvoiced (Light),Bright/Light/Small,Reduplication,tʰɕ͈olgistʰɕ͈olgis,3,4,7,2,2,3,1500.0,6.86,4,3200.0,5.89,3,0,4,#708090,52.8,-2.1,-10.6,"Reflecting tense consonant /濃音/ and bright vowel /陽性모음/ for a vector configuration of Weight 3, Time 4, and Flow 2.",,5,5,5,1,REDUP(첩어・동일)
쫄깃거리다,jjolgisgeorida,Continuous motion or action of chewy/glutinous texture (쫄깃거리다).,Psychomime (State/Manner),"Texture, Taste",Positive,Unvoiced (Light),Bright/Light/Small,Reduplication,tʰɕ͈olgisgʌrida,7,5,7,2,5,3,240.0,2.22,5,3200.0,5.89,3,0,4,#4B3621,24.5,6.4,16.8,"Reflecting tense consonant /濃音/ and dark vowel /陰性모음/ for a vector configuration of Weight 7, Time 5, and Flow 2.",,5,5,5,8,COMPOUND(복합・이종)
쫄깃대다,jjolgisdaeda,"Repeated, intense action of chewy/glutinous texture (쫄깃대다).",Psychomime (State/Manner),"Texture, Taste",Positive,Unvoiced (Light),Bright/Light/Small,Reduplication,tʰɕ͈olgisdɛda,3,5,7,2,5,3,1500.0,6.86,5,3200.0,5.89,3,0,4,#708090,52.8,-2.1,-10.6,"Reflecting tense consonant /濃音/ and bright vowel /陽性모음/ for a vector configuration of Weight 3, Time 5, and Flow 2.",,5,5,5,8,COMPOUND(복합・이종)
쫄깃이다,jjolgisida,Motion or state of chewy/glutinous texture (쫄깃이다).,Psychomime (State/Manner),"Texture, Taste",Positive,Unvoiced (Light),Bright/Light/Small,-ri Ending,tʰɕ͈olgisida,3,5,7,2,5,3,1500.0,6.86,5,3200.0,5.89,3,0,4,#708090,52.8,-2.1,-10.6,"Reflecting tense consonant /濃音/ and bright vowel /陽性모음/ for a vector configuration of Weight 3, Time 5, and Flow 2.",,5,5,5,8,COMPOUND(복합・이종)
쫄깃하다,jjolgishada,State or quality of being chewy/glutinous texture (쫄깃하다).,Psychomime (State/Manner),"Texture, Taste",Positive,Unvoiced (Light),Bright/Light/Small,-ri Ending,tʰɕ͈olgishada,3,5,7,2,5,3,1500.0,6.86,5,3200.0,5.89,3,0,4,#708090,52.8,-2.1,-10.6,"Reflecting tense consonant /濃音/ and bright vowel /陽性모음/ for a vector configuration of Weight 3, Time 5, and Flow 2.",,5,5,5,8,COMPOUND(복합・이종)
쫄깃이,jjolgisi,Adverbial state of chewy/glutinous texture (쫄깃이).,Psychomime (State/Manner),"Texture, Taste",Positive,Unvoiced (Light),Bright/Light/Small,-ri Ending,tʰɕ͈olgisi,3,5,7,2,5,3,1500.0,6.86,5,3200.0,5.89,3,0,4,#708090,52.8,-2.1,-10.6,"Reflecting tense consonant /濃音/ and bright vowel /陽性모음/ for a vector configuration of Weight 3, Time 5, and Flow 2.",,5,5,5,8,COMPOUND(복합・이종)
쫀득,jjondeug,Heavy or dark nuance of chewy/glutinous texture (쫀득).,Psychomime (State/Manner),"Texture, Taste",Positive,Voiced (Heavy),Dark/Heavy/Large,-ri Ending,tʰɕ͈ondɯg,8,8,7,7,5,5,210.0,1.88,8,3200.0,5.89,3,0,4,#800000,25.5,48.0,38.1,"Reflecting tense consonant /濃音/ and dark vowel /陰性모음/ for a vector configuration of Weight 8, Time 8, and Flow 7.",,5,5,5,8,COMPOUND(복합・이종)
쫀득쫀득,jjondeugjjondeug,Repeated heavy or dark nuance of chewy/glutinous texture (쫀득쫀득).,Psychomime (State/Manner),"Texture, Taste",Positive,Voiced (Heavy),Dark/Heavy/Large,Reduplication,tʰɕ͈ondɯgtʰɕ͈ondɯg,8,8,7,7,5,5,210.0,1.88,8,3200.0,5.89,3,0,4,#800000,25.5,48.0,38.1,"Reflecting tense consonant /濃音/ and dark vowel /陰性모음/ for a vector configuration of Weight 8, Time 8, and Flow 7.",,5,5,5,1,REDUP(첩어・동일)
쫀득거리다,jjondeuggeorida,Continuous heavy motion of chewy/glutinous texture (쫀득거리다).,Psychomime (State/Manner),"Texture, Taste",Positive,Voiced (Heavy),Dark/Heavy/Large,Reduplication,tʰɕ͈ondɯggʌrida,8,8,7,7,5,5,210.0,1.88,8,3200.0,5.89,3,0,4,#800000,25.5,48.0,38.1,"Reflecting tense consonant /濃音/ and dark vowel /陰性모음/ for a vector configuration of Weight 8, Time 8, and Flow 7.",,5,5,5,8,COMPOUND(복합・이종)
쫀득대다,jjondeugdaeda,Repeated intense heavy action of chewy/glutinous texture (쫀득대다).,Psychomime (State/Manner),"Texture, Taste",Positive,Voiced (Heavy),Dark/Heavy/Large,Reduplication,tʰɕ͈ondɯgdɛda,8,8,7,7,5,5,210.0,1.88,8,3200.0,5.89,3,0,4,#800000,25.5,48.0,38.1,"Reflecting tense consonant /濃音/ and dark vowel /陰性모음/ for a vector configuration of Weight 8, Time 8, and Flow 7.",,5,5,5,8,COMPOUND(복합・이종)
쫀득하다,jjondeughada,Heavy or dark state of being chewy/glutinous texture (쫀득하다).,Psychomime (State/Manner),"Texture, Taste",Positive,Voiced (Heavy),Dark/Heavy/Large,-ri Ending,tʰɕ͈ondɯghada,8,8,7,2,5,5,210.0,1.88,8,3200.0,5.89,3,0,4,#800000,25.5,48.0,38.1,"Reflecting tense consonant /濃音/ and dark vowel /陰性모음/ for a vector configuration of Weight 8, Time 8, and Flow 2.",,5,5,5,8,COMPOUND(복합・이종)
쫄깃쫀득,jjolgisjjondeug,Alternating rhythm or variation of chewy/glutinous texture (쫄깃쫀득).,Psychomime (State/Manner),"Texture, Taste",Positive,Unvoiced (Light),Bright/Light/Small,Reduplication,tʰɕ͈olgistʰɕ͈ondɯg,7,8,7,2,5,5,240.0,2.22,8,3200.0,5.89,3,0,4,#4B3621,24.5,6.4,16.8,"Reflecting tense consonant /濃音/ and dark vowel /陰性모음/ for a vector configuration of Weight 7, Time 8, and Flow 2.",,5,5,5,8,COMPOUND(복합・이종)
따끈,ttakkeun,Manner or sound of warm/hot temperature (따끈).,Psychomime (State/Manner),Temperature,Positive,Unvoiced (Light),Bright/Light/Small,-ri Ending,tʰ͈akʰ͈ɯn,7,5,7,7,2,5,240.0,2.22,5,3200.0,5.89,3,hh,7,#4B3621,24.5,6.4,16.8,"Reflecting tense consonant /濃音/ and dark vowel /陰性모음/ for a vector configuration of Weight 7, Time 5, and Flow 7.",,5,5,5,8,COMPOUND(복합・이종)
따끈따끈,ttakkeunttakkeun,"Repeated, continuous manner or sound of warm/hot temperature (따끈따끈).",Psychomime (State/Manner),Temperature,Positive,Unvoiced (Light),Bright/Light/Small,Reduplication,tʰ͈akʰ͈ɯntʰ͈akʰ͈ɯn,7,4,7,7,2,5,240.0,2.22,4,3200.0,5.89,3,hh,7,#4B3621,24.5,6.4,16.8,"Reflecting tense consonant /濃音/ and dark vowel /陰性모음/ for a vector configuration of Weight 7, Time 4, and Flow 7.",,5,5,5,1,REDUP(첩어・동일)
따끈거리다,ttakkeungeorida,Continuous motion or action of warm/hot temperature (따끈거리다).,Psychomime (State/Manner),Temperature,Positive,Unvoiced (Light),Bright/Light/Small,Reduplication,tʰ͈akʰ͈ɯŋʌrida,7,5,7,7,5,5,240.0,2.22,5,3200.0,5.89,3,hh,7,#4B3621,24.5,6.4,16.8,"Reflecting tense consonant /濃音/ and dark vowel /陰性모음/ for a vector configuration of Weight 7, Time 5, and Flow 7.",,5,5,5,8,COMPOUND(복합・이종)
따끈대다,ttakkeundaeda,"Repeated, intense action of warm/hot temperature (따끈대다).",Psychomime (State/Manner),Temperature,Positive,Unvoiced (Light),Bright/Light/Small,Reduplication,tʰ͈akʰ͈ɯndɛda,7,5,7,7,5,5,240.0,2.22,5,3200.0,5.89,3,hh,7,#4B3621,24.5,6.4,16.8,"Reflecting tense consonant /濃音/ and dark vowel /陰性모음/ for a vector configuration of Weight 7, Time 5, and Flow 7.",,5,5,5,8,COMPOUND(복합・이종)
따끈이다,ttakkeunida,Motion or state of warm/hot temperature (따끈이다).,Psychomime (State/Manner),Temperature,Positive,Unvoiced (Light),Bright/Light/Small,-ri Ending,tʰ͈akʰ͈ɯnida,7,5,7,7,5,5,240.0,2.22,5,3200.0,5.89,3,hh,7,#4B3621,24.5,6.4,16.8,"Reflecting tense consonant /濃音/ and dark vowel /陰性모음/ for a vector configuration of Weight 7, Time 5, and Flow 7.",,5,5,5,8,COMPOUND(복합・이종)
따끈하다,ttakkeunhada,State or quality of being warm/hot temperature (따끈하다).,Psychomime (State/Manner),Temperature,Positive,Unvoiced (Light),Bright/Light/Small,-ri Ending,tʰ͈akʰ͈ɯnhada,7,5,7,2,5,5,240.0,2.22,5,3200.0,5.89,3,hh,7,#4B3621,24.5,6.4,16.8,"Reflecting tense consonant /濃音/ and dark vowel /陰性모음/ for a vector configuration of Weight 7, Time 5, and Flow 2.",,5,5,5,8,COMPOUND(복합・이종)
따끈이,ttakkeuni,Adverbial state of warm/hot temperature (따끈이).,Psychomime (State/Manner),Temperature,Positive,Unvoiced (Light),Bright/Light/Small,-ri Ending,tʰ͈akʰ͈ɯni,7,5,7,7,5,5,240.0,2.22,5,3200.0,5.89,3,hh,7,#4B3621,24.5,6.4,16.8,"Reflecting tense consonant /濃音/ and dark vowel /陰性모음/ for a vector configuration of Weight 7, Time 5, and Flow 7.",,5,5,5,8,COMPOUND(복합・이종)
뜨끈,tteukkeun,Heavy or dark nuance of warm/hot temperature (뜨끈).,Psychomime (State/Manner),Temperature,Positive,Voiced (Heavy),Dark/Heavy/Large,-ri Ending,tʰ͈ɯkʰ͈ɯn,8,5,7,7,5,5,210.0,1.88,5,3200.0,5.89,3,hh,7,#800000,25.5,48.0,38.1,"Reflecting tense consonant /濃音/ and dark vowel /陰性모음/ for a vector configuration of Weight 8, Time 5, and Flow 7.",,5,5,5,8,COMPOUND(복합・이종)
뜨끈뜨끈,tteukkeuntteukkeun,Repeated heavy or dark nuance of warm/hot temperature (뜨끈뜨끈).,Psychomime (State/Manner),Temperature,Positive,Voiced (Heavy),Dark/Heavy/Large,Reduplication,tʰ͈ɯkʰ͈ɯntʰ͈ɯkʰ͈ɯn,8,4,7,7,5,5,210.0,1.88,4,3200.0,5.89,3,hh,7,#800000,25.5,48.0,38.1,"Reflecting tense consonant /濃音/ and dark vowel /陰性모음/ for a vector configuration of Weight 8, Time 4, and Flow 7.",,5,5,5,1,REDUP(첩어・동일)
뜨끈거리다,tteukkeungeorida,Continuous heavy motion of warm/hot temperature (뜨끈거리다).,Psychomime (State/Manner),Temperature,Positive,Voiced (Heavy),Dark/Heavy/Large,Reduplication,tʰ͈ɯkʰ͈ɯŋʌrida,8,5,7,7,5,5,210.0,1.88,5,3200.0,5.89,3,hh,7,#800000,25.5,48.0,38.1,"Reflecting tense consonant /濃音/ and dark vowel /陰性모음/ for a vector configuration of Weight 8, Time 5, and Flow 7.",,5,5,5,8,COMPOUND(복합・이종)
뜨끈대다,tteukkeundaeda,Repeated intense heavy action of warm/hot temperature (뜨끈대다).,Psychomime (State/Manner),Temperature,Positive,Voiced (Heavy),Dark/Heavy/Large,Reduplication,tʰ͈ɯkʰ͈ɯndɛda,8,5,7,7,5,5,210.0,1.88,5,3200.0,5.89,3,hh,7,#800000,25.5,48.0,38.1,"Reflecting tense consonant /濃音/ and dark vowel /陰性모음/ for a vector configuration of Weight 8, Time 5, and Flow 7.",,5,5,5,8,COMPOUND(복합・이종)
뜨끈하다,tteukkeunhada,Heavy or dark state of being warm/hot temperature (뜨끈하다).,Psychomime (State/Manner),Temperature,Positive,Voiced (Heavy),Dark/Heavy/Large,-ri Ending,tʰ͈ɯkʰ͈ɯnhada,8,5,7,2,5,5,210.0,1.88,5,3200.0,5.89,3,hh,7,#800000,25.5,48.0,38.1,"Reflecting tense consonant /濃音/ and dark vowel /陰性모음/ for a vector configuration of Weight 8, Time 5, and Flow 2.",,5,5,5,8,COMPOUND(복합・이종)
따끈뜨끈,ttakkeuntteukkeun,Alternating rhythm or variation of warm/hot temperature (따끈뜨끈).,Psychomime (State/Manner),Temperature,Positive,Unvoiced (Light),Bright/Light/Small,Reduplication,tʰ͈akʰ͈ɯntʰ͈ɯkʰ͈ɯn,7,5,7,7,5,5,240.0,2.22,5,3200.0,5.89,3,hh,7,#4B3621,24.5,6.4,16.8,"Reflecting tense consonant /濃音/ and dark vowel /陰性모음/ for a vector configuration of Weight 7, Time 5, and Flow 7.",,5,5,5,8,COMPOUND(복합・이종)
살금,salgeum,Manner or sound of stealthy/sneaking movement (살금).,Psychomime (State/Manner),Dynamics,Positive,Unvoiced (Light),Bright/Light/Small,-ri Ending,salgɯm,5,5,4,2,3,5,900.0,5.56,5,3200.0,5.89,3,0,4,#708090,52.8,-2.1,-10.6,"Reflecting plain consonant /平音/ and dark vowel /陰性모음/ for a vector configuration of Weight 5, Time 5, and Flow 2.",,5,5,5,8,COMPOUND(복합・이종)
살금살금,salgeumsalgeum,"Repeated, continuous manner or sound of stealthy/sneaking movement (살금살금).",Psychomime (State/Manner),Dynamics,Positive,Unvoiced (Light),Bright/Light/Small,Reduplication,salgɯmsalgɯm,5,4,4,2,3,5,900.0,5.56,4,3200.0,5.89,3,0,4,#708090,52.8,-2.1,-10.6,"Reflecting plain consonant /平音/ and dark vowel /陰性모음/ for a vector configuration of Weight 5, Time 4, and Flow 2.",,5,5,5,1,REDUP(첩어・동일)
살금거리다,salgeumgeorida,Continuous motion or action of stealthy/sneaking movement (살금거리다).,Psychomime (State/Manner),Dynamics,Positive,Unvoiced (Light),Bright/Light/Small,Reduplication,salgɯmgʌrida,5,5,4,2,5,5,900.0,5.56,5,3200.0,5.89,3,0,4,#708090,52.8,-2.1,-10.6,"Reflecting plain consonant /平音/ and dark vowel /陰性모음/ for a vector configuration of Weight 5, Time 5, and Flow 2.",,5,5,5,8,COMPOUND(복합・이종)
살금대다,salgeumdaeda,"Repeated, intense action of stealthy/sneaking movement (살금대다).",Psychomime (State/Manner),Dynamics,Positive,Unvoiced (Light),Bright/Light/Small,Reduplication,salgɯmdɛda,5,5,4,2,5,5,900.0,5.56,5,3200.0,5.89,3,0,4,#708090,52.8,-2.1,-10.6,"Reflecting plain consonant /平音/ and dark vowel /陰性모음/ for a vector configuration of Weight 5, Time 5, and Flow 2.",,5,5,5,8,COMPOUND(복합・이종)
살금이다,salgeumida,Motion or state of stealthy/sneaking movement (살금이다).,Psychomime (State/Manner),Dynamics,Positive,Unvoiced (Light),Bright/Light/Small,-ri Ending,salgɯmida,5,5,4,2,5,5,900.0,5.56,5,3200.0,5.89,3,0,4,#708090,52.8,-2.1,-10.6,"Reflecting plain consonant /平音/ and dark vowel /陰性모음/ for a vector configuration of Weight 5, Time 5, and Flow 2.",,5,5,5,8,COMPOUND(복합・이종)
살금하다,salgeumhada,State or quality of being stealthy/sneaking movement (살금하다).,Psychomime (State/Manner),Dynamics,Positive,Unvoiced (Light),Bright/Light/Small,-ri Ending,salgɯmhada,5,5,4,2,5,5,900.0,5.56,5,3200.0,5.89,3,0,4,#708090,52.8,-2.1,-10.6,"Reflecting plain consonant /平音/ and dark vowel /陰性모음/ for a vector configuration of Weight 5, Time 5, and Flow 2.",,5,5,5,8,COMPOUND(복합・이종)
살금이,salgeumi,Adverbial state of stealthy/sneaking movement (살금이).,Psychomime (State/Manner),Dynamics,Positive,Unvoiced (Light),Bright/Light/Small,-ri Ending,salgɯmi,5,5,4,2,5,5,900.0,5.56,5,3200.0,5.89,3,0,4,#708090,52.8,-2.1,-10.6,"Reflecting plain consonant /平音/ and dark vowel /陰性모음/ for a vector configuration of Weight 5, Time 5, and Flow 2.",,5,5,5,8,COMPOUND(복합・이종)
슬금,seulgeum,Heavy or dark nuance of stealthy/sneaking movement (슬금).,Psychomime (State/Manner),Dynamics,Positive,Voiced (Heavy),Dark/Heavy/Large,-ri Ending,sɯlgɯm,8,5,4,2,5,5,210.0,1.88,5,3200.0,5.89,3,0,4,#800000,25.5,48.0,38.1,"Reflecting plain consonant /平音/ and dark vowel /陰性모음/ for a vector configuration of Weight 8, Time 5, and Flow 2.",,5,5,5,8,COMPOUND(복합・이종)
슬금슬금,seulgeumseulgeum,Repeated heavy or dark nuance of stealthy/sneaking movement (슬금슬금).,Psychomime (State/Manner),Dynamics,Positive,Voiced (Heavy),Dark/Heavy/Large,Reduplication,sɯlgɯmsɯlgɯm,8,4,4,2,5,5,210.0,1.88,4,3200.0,5.89,3,0,4,#800000,25.5,48.0,38.1,"Reflecting plain consonant /平音/ and dark vowel /陰性모음/ for a vector configuration of Weight 8, Time 4, and Flow 2.",,5,5,5,1,REDUP(첩어・동일)
슬금거리다,seulgeumgeorida,Continuous heavy motion of stealthy/sneaking movement (슬금거리다).,Psychomime (State/Manner),Dynamics,Positive,Voiced (Heavy),Dark/Heavy/Large,Reduplication,sɯlgɯmgʌrida,8,5,4,2,5,5,210.0,1.88,5,3200.0,5.89,3,0,4,#800000,25.5,48.0,38.1,"Reflecting plain consonant /平音/ and dark vowel /陰性모음/ for a vector configuration of Weight 8, Time 5, and Flow 2.",,5,5,5,8,COMPOUND(복합・이종)
슬금대다,seulgeumdaeda,Repeated intense heavy action of stealthy/sneaking movement (슬금대다).,Psychomime (State/Manner),Dynamics,Positive,Voiced (Heavy),Dark/Heavy/Large,Reduplication,sɯlgɯmdɛda,8,5,4,2,5,5,210.0,1.88,5,3200.0,5.89,3,0,4,#800000,25.5,48.0,38.1,"Reflecting plain consonant /平音/ and dark vowel /陰性모음/ for a vector configuration of Weight 8, Time 5, and Flow 2.",,5,5,5,8,COMPOUND(복합・이종)
슬금하다,seulgeumhada,Heavy or dark state of being stealthy/sneaking movement (슬금하다).,Psychomime (State/Manner),Dynamics,Positive,Voiced (Heavy),Dark/Heavy/Large,-ri Ending,sɯlgɯmhada,8,5,4,2,5,5,210.0,1.88,5,3200.0,5.89,3,0,4,#800000,25.5,48.0,38.1,"Reflecting plain consonant /平音/ and dark vowel /陰性모음/ for a vector configuration of Weight 8, Time 5, and Flow 2.",,5,5,5,8,COMPOUND(복합・이종)
살금슬금,salgeumseulgeum,Alternating rhythm or variation of stealthy/sneaking movement (살금슬금).,Psychomime (State/Manner),Dynamics,Positive,Unvoiced (Light),Bright/Light/Small,Reduplication,salgɯmsɯlgɯm,5,5,4,2,5,5,900.0,5.56,5,3200.0,5.89,3,0,4,#708090,52.8,-2.1,-10.6,"Reflecting plain consonant /平音/ and dark vowel /陰性모음/ for a vector configuration of Weight 5, Time 5, and Flow 2.",,5,5,5,8,COMPOUND(복합・이종)
두근,dugeun,Manner or sound of heart beating/pounding (두근).,Psychomime (State/Manner),Emotion,Positive,Unvoiced (Light),Bright/Light/Small,-ri Ending,dugɯn,5,5,4,5,3,5,900.0,5.56,5,3200.0,5.89,3,0,4,#708090,52.8,-2.1,-10.6,"Reflecting plain consonant /平音/ and dark vowel /陰性모음/ for a vector configuration of Weight 5, Time 5, and Flow 5.",,5,5,5,8,COMPOUND(복합・이종)
두근두근,dugeundugeun,"Repeated, continuous manner or sound of heart beating/pounding (두근두근).",Psychomime (State/Manner),Emotion,Positive,Unvoiced (Light),Bright/Light/Small,Reduplication,dugɯndugɯn,5,4,4,5,3,5,900.0,5.56,4,3200.0,5.89,3,0,4,#708090,52.8,-2.1,-10.6,"Reflecting plain consonant /平音/ and dark vowel /陰性모음/ for a vector configuration of Weight 5, Time 4, and Flow 5.",,5,5,5,1,REDUP(첩어・동일)
두근거리다,dugeungeorida,Continuous motion or action of heart beating/pounding (두근거리다).,Psychomime (State/Manner),Emotion,Positive,Unvoiced (Light),Bright/Light/Small,Reduplication,dugɯŋʌrida,5,5,4,5,5,5,900.0,5.56,5,3200.0,5.89,3,0,4,#708090,52.8,-2.1,-10.6,"Reflecting plain consonant /平音/ and dark vowel /陰性모음/ for a vector configuration of Weight 5, Time 5, and Flow 5.",,5,5,5,8,COMPOUND(복합・이종)
두근대다,dugeundaeda,"Repeated, intense action of heart beating/pounding (두근대다).",Psychomime (State/Manner),Emotion,Positive,Unvoiced (Light),Bright/Light/Small,Reduplication,dugɯndɛda,5,5,4,5,5,5,900.0,5.56,5,3200.0,5.89,3,0,4,#708090,52.8,-2.1,-10.6,"Reflecting plain consonant /平音/ and dark vowel /陰性모음/ for a vector configuration of Weight 5, Time 5, and Flow 5.",,5,5,5,8,COMPOUND(복합・이종)
두근이다,dugeunida,Motion or state of heart beating/pounding (두근이다).,Psychomime (State/Manner),Emotion,Positive,Unvoiced (Light),Bright/Light/Small,-ri Ending,dugɯnida,5,5,4,5,5,5,900.0,5.56,5,3200.0,5.89,3,0,4,#708090,52.8,-2.1,-10.6,"Reflecting plain consonant /平音/ and dark vowel /陰性모음/ for a vector configuration of Weight 5, Time 5, and Flow 5.",,5,5,5,8,COMPOUND(복합・이종)
두근하다,dugeunhada,State or quality of being heart beating/pounding (두근하다).,Psychomime (State/Manner),Emotion,Positive,Unvoiced (Light),Bright/Light/Small,-ri Ending,dugɯnhada,5,5,4,2,5,5,900.0,5.56,5,3200.0,5.89,3,0,4,#708090,52.8,-2.1,-10.6,"Reflecting plain consonant /平音/ and dark vowel /陰性모음/ for a vector configuration of Weight 5, Time 5, and Flow 2.",,5,5,5,8,COMPOUND(복합・이종)
두근이,dugeuni,Adverbial state of heart beating/pounding (두근이).,Psychomime (State/Manner),Emotion,Positive,Unvoiced (Light),Bright/Light/Small,-ri Ending,dugɯni,5,5,4,5,5,5,900.0,5.56,5,3200.0,5.89,3,0,4,#708090,52.8,-2.1,-10.6,"Reflecting plain consonant /平音/ and dark vowel /陰性모음/ for a vector configuration of Weight 5, Time 5, and Flow 5.",,5,5,5,8,COMPOUND(복합・이종)
콩닥,kongdag,Heavy or dark nuance of heart beating/pounding (콩닥).,Psychomime (State/Manner),Emotion,Positive,Voiced (Heavy),Dark/Heavy/Large,-ri Ending,kʰoŋdag,8,8,7,5,5,5,210.0,1.88,8,3200.0,5.89,3,0,4,#800000,25.5,48.0,38.1,"Reflecting aspirated consonant /激音/ and bright vowel /陽性모음/ for a vector configuration of Weight 8, Time 8, and Flow 5.",,5,5,5,8,COMPOUND(복합・이종)
콩닥콩닥,kongdagkongdag,Repeated heavy or dark nuance of heart beating/pounding (콩닥콩닥).,Psychomime (State/Manner),Emotion,Positive,Voiced (Heavy),Dark/Heavy/Large,Reduplication,kʰoŋdagkʰoŋdag,8,8,7,5,5,5,210.0,1.88,8,3200.0,5.89,3,0,4,#800000,25.5,48.0,38.1,"Reflecting aspirated consonant /激音/ and bright vowel /陽性모음/ for a vector configuration of Weight 8, Time 8, and Flow 5.",,5,5,5,1,REDUP(첩어・동일)
콩닥거리다,kongdaggeorida,Continuous heavy motion of heart beating/pounding (콩닥거리다).,Psychomime (State/Manner),Emotion,Positive,Voiced (Heavy),Dark/Heavy/Large,Reduplication,kʰoŋdaggʌrida,8,8,7,5,5,5,210.0,1.88,8,3200.0,5.89,3,0,4,#800000,25.5,48.0,38.1,"Reflecting aspirated consonant /激音/ and dark vowel /陰性모음/ for a vector configuration of Weight 8, Time 8, and Flow 5.",,5,5,5,8,COMPOUND(복합・이종)
콩닥대다,kongdagdaeda,Repeated intense heavy action of heart beating/pounding (콩닥대다).,Psychomime (State/Manner),Emotion,Positive,Voiced (Heavy),Dark/Heavy/Large,Reduplication,kʰoŋdagdɛda,8,8,7,5,5,5,210.0,1.88,8,3200.0,5.89,3,0,4,#800000,25.5,48.0,38.1,"Reflecting aspirated consonant /激音/ and bright vowel /陽性모음/ for a vector configuration of Weight 8, Time 8, and Flow 5.",,5,5,5,8,COMPOUND(복합・이종)
콩닥하다,kongdaghada,Heavy or dark state of being heart beating/pounding (콩닥하다).,Psychomime (State/Manner),Emotion,Positive,Voiced (Heavy),Dark/Heavy/Large,-ri Ending,kʰoŋdaghada,8,8,7,2,5,5,210.0,1.88,8,3200.0,5.89,3,0,4,#800000,25.5,48.0,38.1,"Reflecting aspirated consonant /激音/ and bright vowel /陽性모음/ for a vector configuration of Weight 8, Time 8, and Flow 2.",,5,5,5,8,COMPOUND(복합・이종)
두근콩닥,dugeunkongdag,Alternating rhythm or variation of heart beating/pounding (두근콩닥).,Psychomime (State/Manner),Emotion,Positive,Unvoiced (Light),Bright/Light/Small,Reduplication,dugɯnkʰoŋdag,7,8,7,5,5,5,240.0,2.22,8,3200.0,5.89,3,0,4,#4B3621,24.5,6.4,16.8,"Reflecting aspirated consonant /激音/ and dark vowel /陰性모음/ for a vector configuration of Weight 7, Time 8, and Flow 5.",,5,5,5,8,COMPOUND(복합・이종)
소곤,sogon,Manner or sound of whispering/muttering sound (소곤).,Phonomime (Voice),Silence,Positive,Unvoiced (Light),Bright/Light/Small,-ri Ending,sogon,3,5,4,2,3,5,1500.0,6.86,5,3200.0,5.89,3,0,4,#708090,52.8,-2.1,-10.6,"Reflecting plain consonant /平音/ and bright vowel /陽性모음/ for a vector configuration of Weight 3, Time 5, and Flow 2.",,5,5,5,8,COMPOUND(복합・이종)
소곤소곤,sogonsogon,"Repeated, continuous manner or sound of whispering/muttering sound (소곤소곤).",Phonomime (Voice),Silence,Positive,Unvoiced (Light),Bright/Light/Small,Reduplication,sogonsogon,3,4,4,2,3,5,1500.0,6.86,4,3200.0,5.89,3,0,4,#708090,52.8,-2.1,-10.6,"Reflecting plain consonant /平音/ and bright vowel /陽性모음/ for a vector configuration of Weight 3, Time 4, and Flow 2.",,5,5,5,1,REDUP(첩어・동일)
소곤거리다,sogongeorida,Continuous motion or action of whispering/muttering sound (소곤거리다).,Phonomime (Voice),Silence,Positive,Unvoiced (Light),Bright/Light/Small,Reduplication,sogoŋʌrida,5,5,4,2,3,5,900.0,5.56,5,3200.0,5.89,3,0,4,#708090,52.8,-2.1,-10.6,"Reflecting plain consonant /平音/ and dark vowel /陰性모음/ for a vector configuration of Weight 5, Time 5, and Flow 2.",,5,5,5,8,COMPOUND(복합・이종)
소곤대다,sogondaeda,"Repeated, intense action of whispering/muttering sound (소곤대다).",Phonomime (Voice),Silence,Positive,Unvoiced (Light),Bright/Light/Small,Reduplication,sogondɛda,3,5,4,2,3,5,1500.0,6.86,5,3200.0,5.89,3,0,4,#708090,52.8,-2.1,-10.6,"Reflecting plain consonant /平音/ and bright vowel /陽性모음/ for a vector configuration of Weight 3, Time 5, and Flow 2.",,5,5,5,8,COMPOUND(복합・이종)
소곤이다,sogonida,Motion or state of whispering/muttering sound (소곤이다).,Phonomime (Voice),Silence,Positive,Unvoiced (Light),Bright/Light/Small,-ri Ending,sogonida,3,5,4,2,3,5,1500.0,6.86,5,3200.0,5.89,3,0,4,#708090,52.8,-2.1,-10.6,"Reflecting plain consonant /平音/ and bright vowel /陽性모음/ for a vector configuration of Weight 3, Time 5, and Flow 2.",,5,5,5,8,COMPOUND(복합・이종)
소곤하다,sogonhada,State or quality of being whispering/muttering sound (소곤하다).,Phonomime (Voice),Silence,Positive,Unvoiced (Light),Bright/Light/Small,-ri Ending,sogonhada,3,5,4,2,3,5,1500.0,6.86,5,3200.0,5.89,3,0,4,#708090,52.8,-2.1,-10.6,"Reflecting plain consonant /平音/ and bright vowel /陽性모음/ for a vector configuration of Weight 3, Time 5, and Flow 2.",,5,5,5,8,COMPOUND(복합・이종)
소곤이,sogoni,Adverbial state of whispering/muttering sound (소곤이).,Phonomime (Voice),Silence,Positive,Unvoiced (Light),Bright/Light/Small,-ri Ending,sogoni,3,5,4,2,3,5,1500.0,6.86,5,3200.0,5.89,3,0,4,#708090,52.8,-2.1,-10.6,"Reflecting plain consonant /平音/ and bright vowel /陽性모음/ for a vector configuration of Weight 3, Time 5, and Flow 2.",,5,5,5,8,COMPOUND(복합・이종)
수군,sugun,Heavy or dark nuance of whispering/muttering sound (수군).,Phonomime (Voice),Silence,Positive,Voiced (Heavy),Dark/Heavy/Large,-ri Ending,sugun,8,5,4,2,3,5,210.0,1.88,5,3200.0,5.89,3,0,4,#800000,25.5,48.0,38.1,"Reflecting plain consonant /平音/ and dark vowel /陰性모음/ for a vector configuration of Weight 8, Time 5, and Flow 2.",,5,5,5,8,COMPOUND(복합・이종)
수군수군,sugunsugun,Repeated heavy or dark nuance of whispering/muttering sound (수군수군).,Phonomime (Voice),Silence,Positive,Voiced (Heavy),Dark/Heavy/Large,Reduplication,sugunsugun,8,4,4,2,3,5,210.0,1.88,4,3200.0,5.89,3,0,4,#800000,25.5,48.0,38.1,"Reflecting plain consonant /平音/ and dark vowel /陰性모음/ for a vector configuration of Weight 8, Time 4, and Flow 2.",,5,5,5,1,REDUP(첩어・동일)
수군거리다,sugungeorida,Continuous heavy motion of whispering/muttering sound (수군거리다).,Phonomime (Voice),Silence,Positive,Voiced (Heavy),Dark/Heavy/Large,Reduplication,suguŋʌrida,8,5,4,2,3,5,210.0,1.88,5,3200.0,5.89,3,0,4,#800000,25.5,48.0,38.1,"Reflecting plain consonant /平音/ and dark vowel /陰性모음/ for a vector configuration of Weight 8, Time 5, and Flow 2.",,5,5,5,8,COMPOUND(복합・이종)
수군대다,sugundaeda,Repeated intense heavy action of whispering/muttering sound (수군대다).,Phonomime (Voice),Silence,Positive,Voiced (Heavy),Dark/Heavy/Large,Reduplication,sugundɛda,8,5,4,2,3,5,210.0,1.88,5,3200.0,5.89,3,0,4,#800000,25.5,48.0,38.1,"Reflecting plain consonant /平音/ and dark vowel /陰性모음/ for a vector configuration of Weight 8, Time 5, and Flow 2.",,5,5,5,8,COMPOUND(복합・이종)
수군하다,sugunhada,Heavy or dark state of being whispering/muttering sound (수군하다).,Phonomime (Voice),Silence,Positive,Voiced (Heavy),Dark/Heavy/Large,-ri Ending,sugunhada,8,5,4,2,3,5,210.0,1.88,5,3200.0,5.89,3,0,4,#800000,25.5,48.0,38.1,"Reflecting plain consonant /平音/ and dark vowel /陰性모음/ for a vector configuration of Weight 8, Time 5, and Flow 2.",,5,5,5,8,COMPOUND(복합・이종)
소곤수군,sogonsugun,Alternating rhythm or variation of whispering/muttering sound (소곤수군).,Phonomime (Voice),Silence,Positive,Unvoiced (Light),Bright/Light/Small,Reduplication,sogonsugun,5,5,4,2,3,5,900.0,5.56,5,3200.0,5.89,3,0,4,#708090,52.8,-2.1,-10.6,"Reflecting plain consonant /平音/ and dark vowel /陰性모음/ for a vector configuration of Weight 5, Time 5, and Flow 2.",,5,5,5,8,COMPOUND(복합・이종)
달랑,dalrang,Manner or sound of dangling/jingling sound/movement (달랑).,Phenomime (Sound),Dynamics,Positive,Unvoiced (Light),Bright/Light/Small,-ri Ending,dalraŋ,3,5,4,2,3,5,1500.0,6.86,5,3200.0,5.89,3,0,4,#708090,52.8,-2.1,-10.6,"Reflecting plain consonant /平音/ and bright vowel /陽性모음/ for a vector configuration of Weight 3, Time 5, and Flow 2.",,5,5,5,8,COMPOUND(복합・이종)
달랑달랑,dalrangdalrang,"Repeated, continuous manner or sound of dangling/jingling sound/movement (달랑달랑).",Phenomime (Sound),Dynamics,Positive,Unvoiced (Light),Bright/Light/Small,Reduplication,dalraŋdalraŋ,3,4,4,2,3,5,1500.0,6.86,4,3200.0,5.89,3,0,4,#708090,52.8,-2.1,-10.6,"Reflecting plain consonant /平音/ and bright vowel /陽性모음/ for a vector configuration of Weight 3, Time 4, and Flow 2.",,5,5,5,1,REDUP(첩어・동일)
달랑거리다,dalranggeorida,Continuous motion or action of dangling/jingling sound/movement (달랑거리다).,Phenomime (Sound),Dynamics,Positive,Unvoiced (Light),Bright/Light/Small,Reduplication,dalraŋgʌrida,5,5,4,2,3,5,900.0,5.56,5,3200.0,5.89,3,0,4,#708090,52.8,-2.1,-10.6,"Reflecting plain consonant /平音/ and dark vowel /陰性모음/ for a vector configuration of Weight 5, Time 5, and Flow 2.",,5,5,5,8,COMPOUND(복합・이종)
달랑대다,dalrangdaeda,"Repeated, intense action of dangling/jingling sound/movement (달랑대다).",Phenomime (Sound),Dynamics,Positive,Unvoiced (Light),Bright/Light/Small,Reduplication,dalraŋdɛda,3,5,4,2,3,5,1500.0,6.86,5,3200.0,5.89,3,0,4,#708090,52.8,-2.1,-10.6,"Reflecting plain consonant /平音/ and bright vowel /陽性모음/ for a vector configuration of Weight 3, Time 5, and Flow 2.",,5,5,5,8,COMPOUND(복합・이종)
달랑이다,dalrangida,Motion or state of dangling/jingling sound/movement (달랑이다).,Phenomime (Sound),Dynamics,Positive,Unvoiced (Light),Bright/Light/Small,-ri Ending,dalraŋida,3,5,4,2,3,5,1500.0,6.86,5,3200.0,5.89,3,0,4,#708090,52.8,-2.1,-10.6,"Reflecting plain consonant /平音/ and bright vowel /陽性모음/ for a vector configuration of Weight 3, Time 5, and Flow 2.",,5,5,5,8,COMPOUND(복합・이종)
달랑하다,dalranghada,State or quality of being dangling/jingling sound/movement (달랑하다).,Phenomime (Sound),Dynamics,Positive,Unvoiced (Light),Bright/Light/Small,-ri Ending,dalraŋhada,3,5,4,2,3,5,1500.0,6.86,5,3200.0,5.89,3,0,4,#708090,52.8,-2.1,-10.6,"Reflecting plain consonant /平音/ and bright vowel /陽性모음/ for a vector configuration of Weight 3, Time 5, and Flow 2.",,5,5,5,8,COMPOUND(복합・이종)
달랑이,dalrangi,Adverbial state of dangling/jingling sound/movement (달랑이).,Phenomime (Sound),Dynamics,Positive,Unvoiced (Light),Bright/Light/Small,-ri Ending,dalraŋi,3,5,4,2,3,5,1500.0,6.86,5,3200.0,5.89,3,0,4,#708090,52.8,-2.1,-10.6,"Reflecting plain consonant /平音/ and bright vowel /陽性모음/ for a vector configuration of Weight 3, Time 5, and Flow 2.",,5,5,5,8,COMPOUND(복합・이종)
덜렁,deolreong,Heavy or dark nuance of dangling/jingling sound/movement (덜렁).,Phenomime (Sound),Dynamics,Positive,Voiced (Heavy),Dark/Heavy/Large,-ri Ending,dʌlrʌŋ,8,5,4,2,3,5,210.0,1.88,5,3200.0,5.89,3,0,4,#800000,25.5,48.0,38.1,"Reflecting plain consonant /平音/ and dark vowel /陰性모음/ for a vector configuration of Weight 8, Time 5, and Flow 2.",,5,5,5,8,COMPOUND(복합・이종)
덜렁덜렁,deolreongdeolreong,Repeated heavy or dark nuance of dangling/jingling sound/movement (덜렁덜렁).,Phenomime (Sound),Dynamics,Positive,Voiced (Heavy),Dark/Heavy/Large,Reduplication,dʌlrʌŋdʌlrʌŋ,8,4,4,2,3,5,210.0,1.88,4,3200.0,5.89,3,0,4,#800000,25.5,48.0,38.1,"Reflecting plain consonant /平音/ and dark vowel /陰性모음/ for a vector configuration of Weight 8, Time 4, and Flow 2.",,5,5,5,1,REDUP(첩어・동일)
덜렁거리다,deolreonggeorida,Continuous heavy motion of dangling/jingling sound/movement (덜렁거리다).,Phenomime (Sound),Dynamics,Positive,Voiced (Heavy),Dark/Heavy/Large,Reduplication,dʌlrʌŋgʌrida,8,5,4,2,3,5,210.0,1.88,5,3200.0,5.89,3,0,4,#800000,25.5,48.0,38.1,"Reflecting plain consonant /平音/ and dark vowel /陰性모음/ for a vector configuration of Weight 8, Time 5, and Flow 2.",,5,5,5,8,COMPOUND(복합・이종)
덜렁대다,deolreongdaeda,Repeated intense heavy action of dangling/jingling sound/movement (덜렁대다).,Phenomime (Sound),Dynamics,Positive,Voiced (Heavy),Dark/Heavy/Large,Reduplication,dʌlrʌŋdɛda,8,5,4,2,3,5,210.0,1.88,5,3200.0,5.89,3,0,4,#800000,25.5,48.0,38.1,"Reflecting plain consonant /平音/ and dark vowel /陰性모음/ for a vector configuration of Weight 8, Time 5, and Flow 2.",,5,5,5,8,COMPOUND(복합・이종)
덜렁하다,deolreonghada,Heavy or dark state of being dangling/jingling sound/movement (덜렁하다).,Phenomime (Sound),Dynamics,Positive,Voiced (Heavy),Dark/Heavy/Large,-ri Ending,dʌlrʌŋhada,8,5,4,2,3,5,210.0,1.88,5,3200.0,5.89,3,0,4,#800000,25.5,48.0,38.1,"Reflecting plain consonant /平音/ and dark vowel /陰性모음/ for a vector configuration of Weight 8, Time 5, and Flow 2.",,5,5,5,8,COMPOUND(복합・이종)
달랑덜렁,dalrangdeolreong,Alternating rhythm or variation of dangling/jingling sound/movement (달랑덜렁).,Phenomime (Sound),Dynamics,Positive,Unvoiced (Light),Bright/Light/Small,Reduplication,dalraŋdʌlrʌŋ,5,5,4,2,3,5,900.0,5.56,5,3200.0,5.89,3,0,4,#708090,52.8,-2.1,-10.6,"Reflecting plain consonant /平音/ and dark vowel /陰性모음/ for a vector configuration of Weight 5, Time 5, and Flow 2.",,5,5,5,8,COMPOUND(복합・이종)
탈랑,talrang,Manner or sound of light jingling/clattering (탈랑).,Phenomime (Sound),Dynamics,Positive,Unvoiced (Light),Bright/Light/Small,-ri Ending,tʰalraŋ,1,5,7,2,2,5,2100.0,7.71,5,3200.0,5.89,3,0,4,#FFD700,86.9,-1.9,87.1,"Reflecting aspirated consonant /激音/ and bright vowel /陽性모음/ for a vector configuration of Weight 1, Time 5, and Flow 2.",,5,5,5,8,COMPOUND(복합・이종)
탈랑탈랑,talrangtalrang,"Repeated, continuous manner or sound of light jingling/clattering (탈랑탈랑).",Phenomime (Sound),Dynamics,Positive,Unvoiced (Light),Bright/Light/Small,Reduplication,tʰalraŋtʰalraŋ,1,4,7,2,2,5,2100.0,7.71,4,3200.0,5.89,3,0,4,#FFD700,86.9,-1.9,87.1,"Reflecting aspirated consonant /激音/ and bright vowel /陽性모음/ for a vector configuration of Weight 1, Time 4, and Flow 2.",,5,5,5,1,REDUP(첩어・동일)
탈랑거리다,talranggeorida,Continuous motion or action of light jingling/clattering (탈랑거리다).,Phenomime (Sound),Dynamics,Positive,Unvoiced (Light),Bright/Light/Small,Reduplication,tʰalraŋgʌrida,4,5,7,2,5,5,1200.0,6.29,5,3200.0,5.89,3,0,4,#FFD700,86.9,-1.9,87.1,"Reflecting aspirated consonant /激音/ and dark vowel /陰性모음/ for a vector configuration of Weight 4, Time 5, and Flow 2.",,5,5,5,8,COMPOUND(복합・이종)
탈랑대다,talrangdaeda,"Repeated, intense action of light jingling/clattering (탈랑대다).",Phenomime (Sound),Dynamics,Positive,Unvoiced (Light),Bright/Light/Small,Reduplication,tʰalraŋdɛda,1,5,7,2,5,5,2100.0,7.71,5,3200.0,5.89,3,0,4,#FFD700,86.9,-1.9,87.1,"Reflecting aspirated consonant /激音/ and bright vowel /陽性모음/ for a vector configuration of Weight 1, Time 5, and Flow 2.",,5,5,5,8,COMPOUND(복합・이종)
탈랑이다,talrangida,Motion or state of light jingling/clattering (탈랑이다).,Phenomime (Sound),Dynamics,Positive,Unvoiced (Light),Bright/Light/Small,-ri Ending,tʰalraŋida,1,5,7,2,5,5,2100.0,7.71,5,3200.0,5.89,3,0,4,#FFD700,86.9,-1.9,87.1,"Reflecting aspirated consonant /激音/ and bright vowel /陽性모음/ for a vector configuration of Weight 1, Time 5, and Flow 2.",,5,5,5,8,COMPOUND(복합・이종)
탈랑하다,talranghada,State or quality of being light jingling/clattering (탈랑하다).,Phenomime (Sound),Dynamics,Positive,Unvoiced (Light),Bright/Light/Small,-ri Ending,tʰalraŋhada,1,5,7,2,5,5,2100.0,7.71,5,3200.0,5.89,3,0,4,#FFD700,86.9,-1.9,87.1,"Reflecting aspirated consonant /激音/ and bright vowel /陽性모음/ for a vector configuration of Weight 1, Time 5, and Flow 2.",,5,5,5,8,COMPOUND(복합・이종)
탈랑이,talrangi,Adverbial state of light jingling/clattering (탈랑이).,Phenomime (Sound),Dynamics,Positive,Unvoiced (Light),Bright/Light/Small,-ri Ending,tʰalraŋi,1,5,7,2,5,5,2100.0,7.71,5,3200.0,5.89,3,0,4,#FFD700,86.9,-1.9,87.1,"Reflecting aspirated consonant /激音/ and bright vowel /陽性모음/ for a vector configuration of Weight 1, Time 5, and Flow 2.",,5,5,5,8,COMPOUND(복합・이종)
털렁,teolreong,Heavy or dark nuance of light jingling/clattering (털렁).,Phenomime (Sound),Dynamics,Positive,Voiced (Heavy),Dark/Heavy/Large,-ri Ending,tʰʌlrʌŋ,5,5,7,2,5,5,300.0,2.78,5,3200.0,5.89,3,0,4,#FFD700,86.9,-1.9,87.1,"Reflecting aspirated consonant /激音/ and dark vowel /陰性모음/ for a vector configuration of Weight 5, Time 5, and Flow 2.",,5,5,5,8,COMPOUND(복합・이종)
털렁털렁,teolreongteolreong,Repeated heavy or dark nuance of light jingling/clattering (털렁털렁).,Phenomime (Sound),Dynamics,Positive,Voiced (Heavy),Dark/Heavy/Large,Reduplication,tʰʌlrʌŋtʰʌlrʌŋ,5,4,7,2,5,5,300.0,2.78,4,3200.0,5.89,3,0,4,#FFD700,86.9,-1.9,87.1,"Reflecting aspirated consonant /激音/ and dark vowel /陰性모음/ for a vector configuration of Weight 5, Time 4, and Flow 2.",,5,5,5,1,REDUP(첩어・동일)
털렁거리다,teolreonggeorida,Continuous heavy motion of light jingling/clattering (털렁거리다).,Phenomime (Sound),Dynamics,Positive,Voiced (Heavy),Dark/Heavy/Large,Reduplication,tʰʌlrʌŋgʌrida,5,5,7,2,5,5,300.0,2.78,5,3200.0,5.89,3,0,4,#FFD700,86.9,-1.9,87.1,"Reflecting aspirated consonant /激音/ and dark vowel /陰性모음/ for a vector configuration of Weight 5, Time 5, and Flow 2.",,5,5,5,8,COMPOUND(복합・이종)
털렁대다,teolreongdaeda,Repeated intense heavy action of light jingling/clattering (털렁대다).,Phenomime (Sound),Dynamics,Positive,Voiced (Heavy),Dark/Heavy/Large,Reduplication,tʰʌlrʌŋdɛda,5,5,7,2,5,5,300.0,2.78,5,3200.0,5.89,3,0,4,#FFD700,86.9,-1.9,87.1,"Reflecting aspirated consonant /激音/ and dark vowel /陰性모음/ for a vector configuration of Weight 5, Time 5, and Flow 2.",,5,5,5,8,COMPOUND(복합・이종)
털렁하다,teolreonghada,Heavy or dark state of being light jingling/clattering (털렁하다).,Phenomime (Sound),Dynamics,Positive,Voiced (Heavy),Dark/Heavy/Large,-ri Ending,tʰʌlrʌŋhada,5,5,7,2,5,5,300.0,2.78,5,3200.0,5.89,3,0,4,#FFD700,86.9,-1.9,87.1,"Reflecting aspirated consonant /激音/ and dark vowel /陰性모음/ for a vector configuration of Weight 5, Time 5, and Flow 2.",,5,5,5,8,COMPOUND(복합・이종)
탈랑털렁,talrangteolreong,Alternating rhythm or variation of light jingling/clattering (탈랑털렁).,Phenomime (Sound),Dynamics,Positive,Unvoiced (Light),Bright/Light/Small,Reduplication,tʰalraŋtʰʌlrʌŋ,4,5,7,2,5,5,1200.0,6.29,5,3200.0,5.89,3,0,4,#FFD700,86.9,-1.9,87.1,"Reflecting aspirated consonant /激音/ and dark vowel /陰性모음/ for a vector configuration of Weight 4, Time 5, and Flow 2.",,5,5,5,8,COMPOUND(복합・이종)
딸랑,ttalrang,Manner or sound of crisp ringing bell sound (딸랑).,Phenomime (Sound),Dynamics,Positive,Unvoiced (Light),Bright/Light/Small,-ri Ending,tʰ͈alraŋ,3,5,7,2,2,5,1500.0,6.86,5,3200.0,5.89,3,0,4,#708090,52.8,-2.1,-10.6,"Reflecting tense consonant /濃音/ and bright vowel /陽性모음/ for a vector configuration of Weight 3, Time 5, and Flow 2.",,5,5,5,8,COMPOUND(복합・이종)
딸랑딸랑,ttalrangttalrang,"Repeated, continuous manner or sound of crisp ringing bell sound (딸랑딸랑).",Phenomime (Sound),Dynamics,Positive,Unvoiced (Light),Bright/Light/Small,Reduplication,tʰ͈alraŋtʰ͈alraŋ,3,4,7,2,2,5,1500.0,6.86,4,3200.0,5.89,3,0,4,#708090,52.8,-2.1,-10.6,"Reflecting tense consonant /濃音/ and bright vowel /陽性모음/ for a vector configuration of Weight 3, Time 4, and Flow 2.",,5,5,5,1,REDUP(첩어・동일)
딸랑거리다,ttalranggeorida,Continuous motion or action of crisp ringing bell sound (딸랑거리다).,Phenomime (Sound),Dynamics,Positive,Unvoiced (Light),Bright/Light/Small,Reduplication,tʰ͈alraŋgʌrida,7,5,7,2,2,5,240.0,2.22,5,3200.0,5.89,3,0,4,#4B3621,24.5,6.4,16.8,"Reflecting tense consonant /濃音/ and dark vowel /陰性모음/ for a vector configuration of Weight 7, Time 5, and Flow 2.",,5,5,5,8,COMPOUND(복합・이종)
딸랑대다,ttalrangdaeda,"Repeated, intense action of crisp ringing bell sound (딸랑대다).",Phenomime (Sound),Dynamics,Positive,Unvoiced (Light),Bright/Light/Small,Reduplication,tʰ͈alraŋdɛda,3,5,7,2,2,5,1500.0,6.86,5,3200.0,5.89,3,0,4,#708090,52.8,-2.1,-10.6,"Reflecting tense consonant /濃音/ and bright vowel /陽性모음/ for a vector configuration of Weight 3, Time 5, and Flow 2.",,5,5,5,8,COMPOUND(복합・이종)
딸랑이다,ttalrangida,Motion or state of crisp ringing bell sound (딸랑이다).,Phenomime (Sound),Dynamics,Positive,Unvoiced (Light),Bright/Light/Small,-ri Ending,tʰ͈alraŋida,3,5,7,2,2,5,1500.0,6.86,5,3200.0,5.89,3,0,4,#708090,52.8,-2.1,-10.6,"Reflecting tense consonant /濃音/ and bright vowel /陽性모음/ for a vector configuration of Weight 3, Time 5, and Flow 2.",,5,5,5,8,COMPOUND(복합・이종)
딸랑하다,ttalranghada,State or quality of being crisp ringing bell sound (딸랑하다).,Phenomime (Sound),Dynamics,Positive,Unvoiced (Light),Bright/Light/Small,-ri Ending,tʰ͈alraŋhada,3,5,7,2,2,5,1500.0,6.86,5,3200.0,5.89,3,0,4,#708090,52.8,-2.1,-10.6,"Reflecting tense consonant /濃音/ and bright vowel /陽性모음/ for a vector configuration of Weight 3, Time 5, and Flow 2.",,5,5,5,8,COMPOUND(복합・이종)
딸랑이,ttalrangi,Adverbial state of crisp ringing bell sound (딸랑이).,Phenomime (Sound),Dynamics,Positive,Unvoiced (Light),Bright/Light/Small,-ri Ending,tʰ͈alraŋi,3,5,7,2,2,5,1500.0,6.86,5,3200.0,5.89,3,0,4,#708090,52.8,-2.1,-10.6,"Reflecting tense consonant /濃音/ and bright vowel /陽性모음/ for a vector configuration of Weight 3, Time 5, and Flow 2.",,5,5,5,8,COMPOUND(복합・이종)
똘랑,ttolrang,Heavy or dark nuance of crisp ringing bell sound (똘랑).,Phenomime (Sound),Dynamics,Positive,Voiced (Heavy),Dark/Heavy/Large,-ri Ending,tʰ͈olraŋ,8,5,7,2,2,5,210.0,1.88,5,3200.0,5.89,3,0,4,#800000,25.5,48.0,38.1,"Reflecting tense consonant /濃音/ and bright vowel /陽性모음/ for a vector configuration of Weight 8, Time 5, and Flow 2.",,5,5,5,8,COMPOUND(복합・이종)
똘랑똘랑,ttolrangttolrang,Repeated heavy or dark nuance of crisp ringing bell sound (똘랑똘랑).,Phenomime (Sound),Dynamics,Positive,Voiced (Heavy),Dark/Heavy/Large,Reduplication,tʰ͈olraŋtʰ͈olraŋ,8,4,7,2,2,5,210.0,1.88,4,3200.0,5.89,3,0,4,#800000,25.5,48.0,38.1,"Reflecting tense consonant /濃音/ and bright vowel /陽性모음/ for a vector configuration of Weight 8, Time 4, and Flow 2.",,5,5,5,1,REDUP(첩어・동일)
똘랑거리다,ttolranggeorida,Continuous heavy motion of crisp ringing bell sound (똘랑거리다).,Phenomime (Sound),Dynamics,Positive,Voiced (Heavy),Dark/Heavy/Large,Reduplication,tʰ͈olraŋgʌrida,8,5,7,2,2,5,210.0,1.88,5,3200.0,5.89,3,0,4,#800000,25.5,48.0,38.1,"Reflecting tense consonant /濃音/ and dark vowel /陰性모음/ for a vector configuration of Weight 8, Time 5, and Flow 2.",,5,5,5,8,COMPOUND(복합・이종)
똘랑대다,ttolrangdaeda,Repeated intense heavy action of crisp ringing bell sound (똘랑대다).,Phenomime (Sound),Dynamics,Positive,Voiced (Heavy),Dark/Heavy/Large,Reduplication,tʰ͈olraŋdɛda,8,5,7,2,2,5,210.0,1.88,5,3200.0,5.89,3,0,4,#800000,25.5,48.0,38.1,"Reflecting tense consonant /濃音/ and bright vowel /陽性모음/ for a vector configuration of Weight 8, Time 5, and Flow 2.",,5,5,5,8,COMPOUND(복합・이종)
똘랑하다,ttolranghada,Heavy or dark state of being crisp ringing bell sound (똘랑하다).,Phenomime (Sound),Dynamics,Positive,Voiced (Heavy),Dark/Heavy/Large,-ri Ending,tʰ͈olraŋhada,8,5,7,2,2,5,210.0,1.88,5,3200.0,5.89,3,0,4,#800000,25.5,48.0,38.1,"Reflecting tense consonant /濃音/ and bright vowel /陽性모음/ for a vector configuration of Weight 8, Time 5, and Flow 2.",,5,5,5,8,COMPOUND(복합・이종)
딸랑똘랑,ttalrangttolrang,Alternating rhythm or variation of crisp ringing bell sound (딸랑똘랑).,Phenomime (Sound),Dynamics,Positive,Unvoiced (Light),Bright/Light/Small,Reduplication,tʰ͈alraŋtʰ͈olraŋ,3,5,7,2,2,5,1500.0,6.86,5,3200.0,5.89,3,0,4,#708090,52.8,-2.1,-10.6,"Reflecting tense consonant /濃音/ and bright vowel /陽性모음/ for a vector configuration of Weight 3, Time 5, and Flow 2.",,5,5,5,8,COMPOUND(복합・이종)
알록,alrog,Manner or sound of colorful/dappled pattern (알록).,Psychomime (State/Manner),Color/Light,Positive,Unvoiced (Light),Bright/Light/Small,-ri Ending,alrog,3,8,4,2,3,3,1500.0,6.86,8,3200.0,5.89,3,0,4,#708090,52.8,-2.1,-10.6,"Reflecting plain consonant /平音/ and bright vowel /陽性모음/ for a vector configuration of Weight 3, Time 8, and Flow 2.",,5,5,5,8,COMPOUND(복합・이종)
알록알록,alrogalrog,"Repeated, continuous manner or sound of colorful/dappled pattern (알록알록).",Psychomime (State/Manner),Color/Light,Positive,Unvoiced (Light),Bright/Light/Small,Reduplication,alrogalrog,3,8,4,2,3,3,1500.0,6.86,8,3200.0,5.89,3,0,4,#708090,52.8,-2.1,-10.6,"Reflecting plain consonant /平音/ and bright vowel /陽性모음/ for a vector configuration of Weight 3, Time 8, and Flow 2.",,5,5,5,1,REDUP(첩어・동일)
알록거리다,alroggeorida,Continuous motion or action of colorful/dappled pattern (알록거리다).,Psychomime (State/Manner),Color/Light,Positive,Unvoiced (Light),Bright/Light/Small,Reduplication,alroggʌrida,5,8,4,2,5,3,900.0,5.56,8,3200.0,5.89,3,0,4,#708090,52.8,-2.1,-10.6,"Reflecting plain consonant /平音/ and dark vowel /陰性모음/ for a vector configuration of Weight 5, Time 8, and Flow 2.",,5,5,5,8,COMPOUND(복합・이종)
알록대다,alrogdaeda,"Repeated, intense action of colorful/dappled pattern (알록대다).",Psychomime (State/Manner),Color/Light,Positive,Unvoiced (Light),Bright/Light/Small,Reduplication,alrogdɛda,3,8,4,2,5,3,1500.0,6.86,8,3200.0,5.89,3,0,4,#708090,52.8,-2.1,-10.6,"Reflecting plain consonant /平音/ and bright vowel /陽性모음/ for a vector configuration of Weight 3, Time 8, and Flow 2.",,5,5,5,8,COMPOUND(복합・이종)
알록이다,alrogida,Motion or state of colorful/dappled pattern (알록이다).,Psychomime (State/Manner),Color/Light,Positive,Unvoiced (Light),Bright/Light/Small,-ri Ending,alrogida,3,8,4,2,5,3,1500.0,6.86,8,3200.0,5.89,3,0,4,#708090,52.8,-2.1,-10.6,"Reflecting plain consonant /平音/ and bright vowel /陽性모음/ for a vector configuration of Weight 3, Time 8, and Flow 2.",,5,5,5,8,COMPOUND(복합・이종)
알록하다,alroghada,State or quality of being colorful/dappled pattern (알록하다).,Psychomime (State/Manner),Color/Light,Positive,Unvoiced (Light),Bright/Light/Small,-ri Ending,alroghada,3,8,4,2,5,3,1500.0,6.86,8,3200.0,5.89,3,0,4,#708090,52.8,-2.1,-10.6,"Reflecting plain consonant /平音/ and bright vowel /陽性모음/ for a vector configuration of Weight 3, Time 8, and Flow 2.",,5,5,5,8,COMPOUND(복합・이종)
알록이,alrogi,Adverbial state of colorful/dappled pattern (알록이).,Psychomime (State/Manner),Color/Light,Positive,Unvoiced (Light),Bright/Light/Small,-ri Ending,alrogi,3,8,4,2,5,3,1500.0,6.86,8,3200.0,5.89,3,0,4,#708090,52.8,-2.1,-10.6,"Reflecting plain consonant /平音/ and bright vowel /陽性모음/ for a vector configuration of Weight 3, Time 8, and Flow 2.",,5,5,5,8,COMPOUND(복합・이종)
얼룩,eolrug,Heavy or dark nuance of colorful/dappled pattern (얼룩).,Psychomime (State/Manner),Color/Light,Positive,Voiced (Heavy),Dark/Heavy/Large,-ri Ending,ʌlrug,8,8,4,2,5,3,210.0,1.88,8,3200.0,5.89,3,0,4,#800000,25.5,48.0,38.1,"Reflecting plain consonant /平音/ and dark vowel /陰性모음/ for a vector configuration of Weight 8, Time 8, and Flow 2.",,5,5,5,8,COMPOUND(복합・이종)
얼룩얼룩,eolrugeolrug,Repeated heavy or dark nuance of colorful/dappled pattern (얼룩얼룩).,Psychomime (State/Manner),Color/Light,Positive,Voiced (Heavy),Dark/Heavy/Large,Reduplication,ʌlrugʌlrug,8,8,4,2,5,3,210.0,1.88,8,3200.0,5.89,3,0,4,#800000,25.5,48.0,38.1,"Reflecting plain consonant /平音/ and dark vowel /陰性모음/ for a vector configuration of Weight 8, Time 8, and Flow 2.",,5,5,5,1,REDUP(첩어・동일)
얼룩거리다,eolruggeorida,Continuous heavy motion of colorful/dappled pattern (얼룩거리다).,Psychomime (State/Manner),Color/Light,Positive,Voiced (Heavy),Dark/Heavy/Large,Reduplication,ʌlruggʌrida,8,8,4,2,5,3,210.0,1.88,8,3200.0,5.89,3,0,4,#800000,25.5,48.0,38.1,"Reflecting plain consonant /平音/ and dark vowel /陰性모음/ for a vector configuration of Weight 8, Time 8, and Flow 2.",,5,5,5,8,COMPOUND(복합・이종)
얼룩대다,eolrugdaeda,Repeated intense heavy action of colorful/dappled pattern (얼룩대다).,Psychomime (State/Manner),Color/Light,Positive,Voiced (Heavy),Dark/Heavy/Large,Reduplication,ʌlrugdɛda,8,8,4,2,5,3,210.0,1.88,8,3200.0,5.89,3,0,4,#800000,25.5,48.0,38.1,"Reflecting plain consonant /平音/ and dark vowel /陰性모음/ for a vector configuration of Weight 8, Time 8, and Flow 2.",,5,5,5,8,COMPOUND(복합・이종)
얼룩하다,eolrughada,Heavy or dark state of being colorful/dappled pattern (얼룩하다).,Psychomime (State/Manner),Color/Light,Positive,Voiced (Heavy),Dark/Heavy/Large,-ri Ending,ʌlrughada,8,8,4,2,5,3,210.0,1.88,8,3200.0,5.89,3,0,4,#800000,25.5,48.0,38.1,"Reflecting plain consonant /平音/ and dark vowel /陰性모음/ for a vector configuration of Weight 8, Time 8, and Flow 2.",,5,5,5,8,COMPOUND(복합・이종)
알록얼룩,alrogeolrug,Alternating rhythm or variation of colorful/dappled pattern (알록얼룩).,Psychomime (State/Manner),Color/Light,Positive,Unvoiced (Light),Bright/Light/Small,Reduplication,alrogʌlrug,5,8,4,2,5,3,900.0,5.56,8,3200.0,5.89,3,0,4,#708090,52.8,-2.1,-10.6,"Reflecting plain consonant /平音/ and dark vowel /陰性모음/ for a vector configuration of Weight 5, Time 8, and Flow 2.",,5,5,5,8,COMPOUND(복합・이종)
소슬,soseul,Manner or sound of chilly/rustling breeze feeling (소슬).,Psychomime (State/Manner),"Temperature, Weather/Nature",Positive,Unvoiced (Light),Bright/Light/Small,-ri Ending,sosɯl,5,5,4,2,3,3,900.0,5.56,5,3200.0,5.89,3,hh,7,#708090,52.8,-2.1,-10.6,"Reflecting plain consonant /平音/ and dark vowel /陰性모음/ for a vector configuration of Weight 5, Time 5, and Flow 2.",,5,5,5,8,COMPOUND(복합・이종)
소슬소슬,soseulsoseul,"Repeated, continuous manner or sound of chilly/rustling breeze feeling (소슬소슬).",Psychomime (State/Manner),"Temperature, Weather/Nature",Positive,Unvoiced (Light),Bright/Light/Small,Reduplication,sosɯlsosɯl,5,4,4,2,3,3,900.0,5.56,4,3200.0,5.89,3,hh,7,#708090,52.8,-2.1,-10.6,"Reflecting plain consonant /平音/ and dark vowel /陰性모음/ for a vector configuration of Weight 5, Time 4, and Flow 2.",,5,5,5,1,REDUP(첩어・동일)
소슬거리다,soseulgeorida,Continuous motion or action of chilly/rustling breeze feeling (소슬거리다).,Psychomime (State/Manner),"Temperature, Weather/Nature",Positive,Unvoiced (Light),Bright/Light/Small,Reduplication,sosɯlgʌrida,5,5,4,2,5,3,900.0,5.56,5,3200.0,5.89,3,hh,7,#708090,52.8,-2.1,-10.6,"Reflecting plain consonant /平音/ and dark vowel /陰性모음/ for a vector configuration of Weight 5, Time 5, and Flow 2.",,5,5,5,8,COMPOUND(복합・이종)
소슬대다,soseuldaeda,"Repeated, intense action of chilly/rustling breeze feeling (소슬대다).",Psychomime (State/Manner),"Temperature, Weather/Nature",Positive,Unvoiced (Light),Bright/Light/Small,Reduplication,sosɯldɛda,5,5,4,2,5,3,900.0,5.56,5,3200.0,5.89,3,hh,7,#708090,52.8,-2.1,-10.6,"Reflecting plain consonant /平音/ and dark vowel /陰性모음/ for a vector configuration of Weight 5, Time 5, and Flow 2.",,5,5,5,8,COMPOUND(복합・이종)
소슬이다,soseulida,Motion or state of chilly/rustling breeze feeling (소슬이다).,Psychomime (State/Manner),"Temperature, Weather/Nature",Positive,Unvoiced (Light),Bright/Light/Small,-ri Ending,sosɯlida,5,5,4,2,5,3,900.0,5.56,5,3200.0,5.89,3,hh,7,#708090,52.8,-2.1,-10.6,"Reflecting plain consonant /平音/ and dark vowel /陰性모음/ for a vector configuration of Weight 5, Time 5, and Flow 2.",,5,5,5,8,COMPOUND(복합・이종)
소슬하다,soseulhada,State or quality of being chilly/rustling breeze feeling (소슬하다).,Psychomime (State/Manner),"Temperature, Weather/Nature",Positive,Unvoiced (Light),Bright/Light/Small,-ri Ending,sosɯlhada,5,5,4,2,5,3,900.0,5.56,5,3200.0,5.89,3,hh,7,#708090,52.8,-2.1,-10.6,"Reflecting plain consonant /平音/ and dark vowel /陰性모음/ for a vector configuration of Weight 5, Time 5, and Flow 2.",,5,5,5,8,COMPOUND(복합・이종)
소슬이,soseuli,Adverbial state of chilly/rustling breeze feeling (소슬이).,Psychomime (State/Manner),"Temperature, Weather/Nature",Positive,Unvoiced (Light),Bright/Light/Small,-ri Ending,sosɯli,5,5,4,2,5,3,900.0,5.56,5,3200.0,5.89,3,hh,7,#708090,52.8,-2.1,-10.6,"Reflecting plain consonant /平音/ and dark vowel /陰性모음/ for a vector configuration of Weight 5, Time 5, and Flow 2.",,5,5,5,8,COMPOUND(복합・이종)
시슬,siseul,Heavy or dark nuance of chilly/rustling breeze feeling (시슬).,Psychomime (State/Manner),"Temperature, Weather/Nature",Positive,Voiced (Heavy),Dark/Heavy/Large,-ri Ending,sisɯl,8,5,4,2,5,3,210.0,1.88,5,3200.0,5.89,3,hh,7,#800000,25.5,48.0,38.1,"Reflecting plain consonant /平音/ and dark vowel /陰性모음/ for a vector configuration of Weight 8, Time 5, and Flow 2.",,5,5,5,8,COMPOUND(복합・이종)
시슬시슬,siseulsiseul,Repeated heavy or dark nuance of chilly/rustling breeze feeling (시슬시슬).,Psychomime (State/Manner),"Temperature, Weather/Nature",Positive,Voiced (Heavy),Dark/Heavy/Large,Reduplication,sisɯlsisɯl,8,4,4,2,5,3,210.0,1.88,4,3200.0,5.89,3,hh,7,#800000,25.5,48.0,38.1,"Reflecting plain consonant /平音/ and dark vowel /陰性모음/ for a vector configuration of Weight 8, Time 4, and Flow 2.",,5,5,5,1,REDUP(첩어・동일)
시슬거리다,siseulgeorida,Continuous heavy motion of chilly/rustling breeze feeling (시슬거리다).,Psychomime (State/Manner),"Temperature, Weather/Nature",Positive,Voiced (Heavy),Dark/Heavy/Large,Reduplication,sisɯlgʌrida,8,5,4,2,5,3,210.0,1.88,5,3200.0,5.89,3,hh,7,#800000,25.5,48.0,38.1,"Reflecting plain consonant /平音/ and dark vowel /陰性모음/ for a vector configuration of Weight 8, Time 5, and Flow 2.",,5,5,5,8,COMPOUND(복합・이종)
시슬대다,siseuldaeda,Repeated intense heavy action of chilly/rustling breeze feeling (시슬대다).,Psychomime (State/Manner),"Temperature, Weather/Nature",Positive,Voiced (Heavy),Dark/Heavy/Large,Reduplication,sisɯldɛda,8,5,4,2,5,3,210.0,1.88,5,3200.0,5.89,3,hh,7,#800000,25.5,48.0,38.1,"Reflecting plain consonant /平音/ and dark vowel /陰性모음/ for a vector configuration of Weight 8, Time 5, and Flow 2.",,5,5,5,8,COMPOUND(복합・이종)
시슬하다,siseulhada,Heavy or dark state of being chilly/rustling breeze feeling (시슬하다).,Psychomime (State/Manner),"Temperature, Weather/Nature",Positive,Voiced (Heavy),Dark/Heavy/Large,-ri Ending,sisɯlhada,8,5,4,2,5,3,210.0,1.88,5,3200.0,5.89,3,hh,7,#800000,25.5,48.0,38.1,"Reflecting plain consonant /平音/ and dark vowel /陰性모음/ for a vector configuration of Weight 8, Time 5, and Flow 2.",,5,5,5,8,COMPOUND(복합・이종)
소슬시슬,soseulsiseul,Alternating rhythm or variation of chilly/rustling breeze feeling (소슬시슬).,Psychomime (State/Manner),"Temperature, Weather/Nature",Positive,Unvoiced (Light),Bright/Light/Small,Reduplication,sosɯlsisɯl,5,5,4,2,5,3,900.0,5.56,5,3200.0,5.89,3,hh,7,#708090,52.8,-2.1,-10.6,"Reflecting plain consonant /平音/ and dark vowel /陰性모음/ for a vector configuration of Weight 5, Time 5, and Flow 2.",,5,5,5,8,COMPOUND(복합・이종)
싱글,singgeul,Manner or sound of smiling/beaming face (싱글).,Psychomime (State/Manner),Emotion,Positive,Unvoiced (Light),Bright/Light/Small,-ri Ending,siŋgɯl,5,5,4,2,3,5,900.0,5.56,5,3200.0,5.89,3,0,4,#708090,52.8,-2.1,-10.6,"Reflecting plain consonant /平音/ and dark vowel /陰性모음/ for a vector configuration of Weight 5, Time 5, and Flow 2.",,5,5,5,8,COMPOUND(복합・이종)
싱글싱글,singgeulsinggeul,"Repeated, continuous manner or sound of smiling/beaming face (싱글싱글).",Psychomime (State/Manner),Emotion,Positive,Unvoiced (Light),Bright/Light/Small,Reduplication,siŋgɯlsiŋgɯl,5,4,4,2,3,5,900.0,5.56,4,3200.0,5.89,3,0,4,#708090,52.8,-2.1,-10.6,"Reflecting plain consonant /平音/ and dark vowel /陰性모음/ for a vector configuration of Weight 5, Time 4, and Flow 2.",,5,5,5,1,REDUP(첩어・동일)
싱글거리다,singgeulgeorida,Continuous motion or action of smiling/beaming face (싱글거리다).,Psychomime (State/Manner),Emotion,Positive,Unvoiced (Light),Bright/Light/Small,Reduplication,siŋgɯlgʌrida,5,5,4,2,5,5,900.0,5.56,5,3200.0,5.89,3,0,4,#708090,52.8,-2.1,-10.6,"Reflecting plain consonant /平音/ and dark vowel /陰性모음/ for a vector configuration of Weight 5, Time 5, and Flow 2.",,5,5,5,8,COMPOUND(복합・이종)
싱글대다,singgeuldaeda,"Repeated, intense action of smiling/beaming face (싱글대다).",Psychomime (State/Manner),Emotion,Positive,Unvoiced (Light),Bright/Light/Small,Reduplication,siŋgɯldɛda,5,5,4,2,5,5,900.0,5.56,5,3200.0,5.89,3,0,4,#708090,52.8,-2.1,-10.6,"Reflecting plain consonant /平音/ and dark vowel /陰性모음/ for a vector configuration of Weight 5, Time 5, and Flow 2.",,5,5,5,8,COMPOUND(복합・이종)
싱글이다,singgeulida,Motion or state of smiling/beaming face (싱글이다).,Psychomime (State/Manner),Emotion,Positive,Unvoiced (Light),Bright/Light/Small,-ri Ending,siŋgɯlida,5,5,4,2,5,5,900.0,5.56,5,3200.0,5.89,3,0,4,#708090,52.8,-2.1,-10.6,"Reflecting plain consonant /平音/ and dark vowel /陰性모음/ for a vector configuration of Weight 5, Time 5, and Flow 2.",,5,5,5,8,COMPOUND(복합・이종)
싱글하다,singgeulhada,State or quality of being smiling/beaming face (싱글하다).,Psychomime (State/Manner),Emotion,Positive,Unvoiced (Light),Bright/Light/Small,-ri Ending,siŋgɯlhada,5,5,4,2,5,5,900.0,5.56,5,3200.0,5.89,3,0,4,#708090,52.8,-2.1,-10.6,"Reflecting plain consonant /平音/ and dark vowel /陰性모음/ for a vector configuration of Weight 5, Time 5, and Flow 2.",,5,5,5,8,COMPOUND(복합・이종)
싱글이,singgeuli,Adverbial state of smiling/beaming face (싱글이).,Psychomime (State/Manner),Emotion,Positive,Unvoiced (Light),Bright/Light/Small,-ri Ending,siŋgɯli,5,5,4,2,5,5,900.0,5.56,5,3200.0,5.89,3,0,4,#708090,52.8,-2.1,-10.6,"Reflecting plain consonant /平音/ and dark vowel /陰性모음/ for a vector configuration of Weight 5, Time 5, and Flow 2.",,5,5,5,8,COMPOUND(복합・이종)
생글,saenggeul,Heavy or dark nuance of smiling/beaming face (생글).,Psychomime (State/Manner),Emotion,Positive,Voiced (Heavy),Dark/Heavy/Large,-ri Ending,sɛŋgɯl,8,5,4,2,5,5,210.0,1.88,5,3200.0,5.89,3,0,4,#800000,25.5,48.0,38.1,"Reflecting plain consonant /平音/ and dark vowel /陰性모음/ for a vector configuration of Weight 8, Time 5, and Flow 2.",,5,5,5,8,COMPOUND(복합・이종)
생글생글,saenggeulsaenggeul,Repeated heavy or dark nuance of smiling/beaming face (생글생글).,Psychomime (State/Manner),Emotion,Positive,Voiced (Heavy),Dark/Heavy/Large,Reduplication,sɛŋgɯlsɛŋgɯl,8,4,4,2,5,5,210.0,1.88,4,3200.0,5.89,3,0,4,#800000,25.5,48.0,38.1,"Reflecting plain consonant /平音/ and dark vowel /陰性모음/ for a vector configuration of Weight 8, Time 4, and Flow 2.",,5,5,5,1,REDUP(첩어・동일)
생글거리다,saenggeulgeorida,Continuous heavy motion of smiling/beaming face (생글거리다).,Psychomime (State/Manner),Emotion,Positive,Voiced (Heavy),Dark/Heavy/Large,Reduplication,sɛŋgɯlgʌrida,8,5,4,2,5,5,210.0,1.88,5,3200.0,5.89,3,0,4,#800000,25.5,48.0,38.1,"Reflecting plain consonant /平音/ and dark vowel /陰性모음/ for a vector configuration of Weight 8, Time 5, and Flow 2.",,5,5,5,8,COMPOUND(복합・이종)
생글대다,saenggeuldaeda,Repeated intense heavy action of smiling/beaming face (생글대다).,Psychomime (State/Manner),Emotion,Positive,Voiced (Heavy),Dark/Heavy/Large,Reduplication,sɛŋgɯldɛda,8,5,4,2,5,5,210.0,1.88,5,3200.0,5.89,3,0,4,#800000,25.5,48.0,38.1,"Reflecting plain consonant /平音/ and dark vowel /陰性모음/ for a vector configuration of Weight 8, Time 5, and Flow 2.",,5,5,5,8,COMPOUND(복합・이종)
생글하다,saenggeulhada,Heavy or dark state of being smiling/beaming face (생글하다).,Psychomime (State/Manner),Emotion,Positive,Voiced (Heavy),Dark/Heavy/Large,-ri Ending,sɛŋgɯlhada,8,5,4,2,5,5,210.0,1.88,5,3200.0,5.89,3,0,4,#800000,25.5,48.0,38.1,"Reflecting plain consonant /平音/ and dark vowel /陰性모음/ for a vector configuration of Weight 8, Time 5, and Flow 2.",,5,5,5,8,COMPOUND(복합・이종)
싱글생글,singgeulsaenggeul,Alternating rhythm or variation of smiling/beaming face (싱글생글).,Psychomime (State/Manner),Emotion,Positive,Unvoiced (Light),Bright/Light/Small,Reduplication,siŋgɯlsɛŋgɯl,5,5,4,2,5,5,900.0,5.56,5,3200.0,5.89,3,0,4,#708090,52.8,-2.1,-10.6,"Reflecting plain consonant /平音/ and dark vowel /陰性모음/ for a vector configuration of Weight 5, Time 5, and Flow 2.",,5,5,5,8,COMPOUND(복합・이종)
벙글,beonggeul,Manner or sound of grinning/beaming brightly (벙글).,Psychomime (State/Manner),Emotion,Positive,Unvoiced (Light),Bright/Light/Small,-ri Ending,bʌŋgɯl,5,5,4,2,3,5,900.0,5.56,5,3200.0,5.89,3,0,4,#FFD700,86.9,-1.9,87.1,"Reflecting plain consonant /平音/ and dark vowel /陰性모음/ for a vector configuration of Weight 5, Time 5, and Flow 2.",,5,5,5,8,COMPOUND(복합・이종)
벙글벙글,beonggeulbeonggeul,"Repeated, continuous manner or sound of grinning/beaming brightly (벙글벙글).",Psychomime (State/Manner),Emotion,Positive,Unvoiced (Light),Bright/Light/Small,Reduplication,bʌŋgɯlbʌŋgɯl,5,4,4,2,3,5,900.0,5.56,4,3200.0,5.89,3,0,4,#FFD700,86.9,-1.9,87.1,"Reflecting plain consonant /平音/ and dark vowel /陰性모음/ for a vector configuration of Weight 5, Time 4, and Flow 2.",,5,5,5,1,REDUP(첩어・동일)
벙글거리다,beonggeulgeorida,Continuous motion or action of grinning/beaming brightly (벙글거리다).,Psychomime (State/Manner),Emotion,Positive,Unvoiced (Light),Bright/Light/Small,Reduplication,bʌŋgɯlgʌrida,5,5,4,2,5,5,900.0,5.56,5,3200.0,5.89,3,0,4,#FFD700,86.9,-1.9,87.1,"Reflecting plain consonant /平音/ and dark vowel /陰性모음/ for a vector configuration of Weight 5, Time 5, and Flow 2.",,5,5,5,8,COMPOUND(복합・이종)
벙글대다,beonggeuldaeda,"Repeated, intense action of grinning/beaming brightly (벙글대다).",Psychomime (State/Manner),Emotion,Positive,Unvoiced (Light),Bright/Light/Small,Reduplication,bʌŋgɯldɛda,5,5,4,2,5,5,900.0,5.56,5,3200.0,5.89,3,0,4,#FFD700,86.9,-1.9,87.1,"Reflecting plain consonant /平音/ and dark vowel /陰性모음/ for a vector configuration of Weight 5, Time 5, and Flow 2.",,5,5,5,8,COMPOUND(복합・이종)
벙글이다,beonggeulida,Motion or state of grinning/beaming brightly (벙글이다).,Psychomime (State/Manner),Emotion,Positive,Unvoiced (Light),Bright/Light/Small,-ri Ending,bʌŋgɯlida,5,5,4,2,5,5,900.0,5.56,5,3200.0,5.89,3,0,4,#FFD700,86.9,-1.9,87.1,"Reflecting plain consonant /平音/ and dark vowel /陰性모음/ for a vector configuration of Weight 5, Time 5, and Flow 2.",,5,5,5,8,COMPOUND(복합・이종)
벙글하다,beonggeulhada,State or quality of being grinning/beaming brightly (벙글하다).,Psychomime (State/Manner),Emotion,Positive,Unvoiced (Light),Bright/Light/Small,-ri Ending,bʌŋgɯlhada,5,5,4,2,5,5,900.0,5.56,5,3200.0,5.89,3,0,4,#FFD700,86.9,-1.9,87.1,"Reflecting plain consonant /平音/ and dark vowel /陰性모음/ for a vector configuration of Weight 5, Time 5, and Flow 2.",,5,5,5,8,COMPOUND(복합・이종)
벙글이,beonggeuli,Adverbial state of grinning/beaming brightly (벙글이).,Psychomime (State/Manner),Emotion,Positive,Unvoiced (Light),Bright/Light/Small,-ri Ending,bʌŋgɯli,5,5,4,2,5,5,900.0,5.56,5,3200.0,5.89,3,0,4,#FFD700,86.9,-1.9,87.1,"Reflecting plain consonant /平音/ and dark vowel /陰性모음/ for a vector configuration of Weight 5, Time 5, and Flow 2.",,5,5,5,8,COMPOUND(복합・이종)
방글,banggeul,Heavy or dark nuance of grinning/beaming brightly (방글).,Psychomime (State/Manner),Emotion,Positive,Voiced (Heavy),Dark/Heavy/Large,-ri Ending,baŋgɯl,8,5,4,2,5,5,210.0,1.88,5,3200.0,5.89,3,0,4,#FFD700,86.9,-1.9,87.1,"Reflecting plain consonant /平音/ and dark vowel /陰性모음/ for a vector configuration of Weight 8, Time 5, and Flow 2.",,5,5,5,8,COMPOUND(복합・이종)
방글방글,banggeulbanggeul,Repeated heavy or dark nuance of grinning/beaming brightly (방글방글).,Psychomime (State/Manner),Emotion,Positive,Voiced (Heavy),Dark/Heavy/Large,Reduplication,baŋgɯlbaŋgɯl,8,4,4,2,5,5,210.0,1.88,4,3200.0,5.89,3,0,4,#FFD700,86.9,-1.9,87.1,"Reflecting plain consonant /平音/ and dark vowel /陰性모음/ for a vector configuration of Weight 8, Time 4, and Flow 2.",,5,5,5,1,REDUP(첩어・동일)
방글거리다,banggeulgeorida,Continuous heavy motion of grinning/beaming brightly (방글거리다).,Psychomime (State/Manner),Emotion,Positive,Voiced (Heavy),Dark/Heavy/Large,Reduplication,baŋgɯlgʌrida,8,5,4,2,5,5,210.0,1.88,5,3200.0,5.89,3,0,4,#FFD700,86.9,-1.9,87.1,"Reflecting plain consonant /平音/ and dark vowel /陰性모음/ for a vector configuration of Weight 8, Time 5, and Flow 2.",,5,5,5,8,COMPOUND(복합・이종)
방글대다,banggeuldaeda,Repeated intense heavy action of grinning/beaming brightly (방글대다).,Psychomime (State/Manner),Emotion,Positive,Voiced (Heavy),Dark/Heavy/Large,Reduplication,baŋgɯldɛda,8,5,4,2,5,5,210.0,1.88,5,3200.0,5.89,3,0,4,#FFD700,86.9,-1.9,87.1,"Reflecting plain consonant /平音/ and dark vowel /陰性모음/ for a vector configuration of Weight 8, Time 5, and Flow 2.",,5,5,5,8,COMPOUND(복합・이종)
방글하다,banggeulhada,Heavy or dark state of being grinning/beaming brightly (방글하다).,Psychomime (State/Manner),Emotion,Positive,Voiced (Heavy),Dark/Heavy/Large,-ri Ending,baŋgɯlhada,8,5,4,2,5,5,210.0,1.88,5,3200.0,5.89,3,0,4,#FFD700,86.9,-1.9,87.1,"Reflecting plain consonant /平音/ and dark vowel /陰性모음/ for a vector configuration of Weight 8, Time 5, and Flow 2.",,5,5,5,8,COMPOUND(복합・이종)
벙글방글,beonggeulbanggeul,Alternating rhythm or variation of grinning/beaming brightly (벙글방글).,Psychomime (State/Manner),Emotion,Positive,Unvoiced (Light),Bright/Light/Small,Reduplication,bʌŋgɯlbaŋgɯl,5,5,4,2,5,5,900.0,5.56,5,3200.0,5.89,3,0,4,#FFD700,86.9,-1.9,87.1,"Reflecting plain consonant /平音/ and dark vowel /陰性모음/ for a vector configuration of Weight 5, Time 5, and Flow 2.",,5,5,5,8,COMPOUND(복합・이종)
방긋,banggeus,Manner or sound of sweet smiling or opening expression (방긋).,Psychomime (State/Manner),Emotion,Positive,Unvoiced (Light),Bright/Light/Small,-ri Ending,baŋgɯs,5,5,4,5,3,5,900.0,5.56,5,3200.0,5.89,3,0,4,#708090,52.8,-2.1,-10.6,"Reflecting plain consonant /平音/ and dark vowel /陰性모음/ for a vector configuration of Weight 5, Time 5, and Flow 5.",,5,5,5,8,COMPOUND(복합・이종)
방긋방긋,banggeusbanggeus,"Repeated, continuous manner or sound of sweet smiling or opening expression (방긋방긋).",Psychomime (State/Manner),Emotion,Positive,Unvoiced (Light),Bright/Light/Small,Reduplication,baŋgɯsbaŋgɯs,5,4,4,5,3,5,900.0,5.56,4,3200.0,5.89,3,0,4,#708090,52.8,-2.1,-10.6,"Reflecting plain consonant /平音/ and dark vowel /陰性모음/ for a vector configuration of Weight 5, Time 4, and Flow 5.",,5,5,5,1,REDUP(첩어・동일)
방긋거리다,banggeusgeorida,Continuous motion or action of sweet smiling or opening expression (방긋거리다).,Psychomime (State/Manner),Emotion,Positive,Unvoiced (Light),Bright/Light/Small,Reduplication,baŋgɯsgʌrida,5,5,4,5,5,5,900.0,5.56,5,3200.0,5.89,3,0,4,#708090,52.8,-2.1,-10.6,"Reflecting plain consonant /平音/ and dark vowel /陰性모음/ for a vector configuration of Weight 5, Time 5, and Flow 5.",,5,5,5,8,COMPOUND(복합・이종)
방긋대다,banggeusdaeda,"Repeated, intense action of sweet smiling or opening expression (방긋대다).",Psychomime (State/Manner),Emotion,Positive,Unvoiced (Light),Bright/Light/Small,Reduplication,baŋgɯsdɛda,5,5,4,5,5,5,900.0,5.56,5,3200.0,5.89,3,0,4,#708090,52.8,-2.1,-10.6,"Reflecting plain consonant /平音/ and dark vowel /陰性모음/ for a vector configuration of Weight 5, Time 5, and Flow 5.",,5,5,5,8,COMPOUND(복합・이종)
방긋이다,banggeusida,Motion or state of sweet smiling or opening expression (방긋이다).,Psychomime (State/Manner),Emotion,Positive,Unvoiced (Light),Bright/Light/Small,-ri Ending,baŋgɯsida,5,5,4,5,5,5,900.0,5.56,5,3200.0,5.89,3,0,4,#708090,52.8,-2.1,-10.6,"Reflecting plain consonant /平音/ and dark vowel /陰性모음/ for a vector configuration of Weight 5, Time 5, and Flow 5.",,5,5,5,8,COMPOUND(복합・이종)
방긋하다,banggeushada,State or quality of being sweet smiling or opening expression (방긋하다).,Psychomime (State/Manner),Emotion,Positive,Unvoiced (Light),Bright/Light/Small,-ri Ending,baŋgɯshada,5,5,4,2,5,5,900.0,5.56,5,3200.0,5.89,3,0,4,#708090,52.8,-2.1,-10.6,"Reflecting plain consonant /平音/ and dark vowel /陰性모음/ for a vector configuration of Weight 5, Time 5, and Flow 2.",,5,5,5,8,COMPOUND(복합・이종)
방긋이,banggeusi,Adverbial state of sweet smiling or opening expression (방긋이).,Psychomime (State/Manner),Emotion,Positive,Unvoiced (Light),Bright/Light/Small,-ri Ending,baŋgɯsi,5,5,4,5,5,5,900.0,5.56,5,3200.0,5.89,3,0,4,#708090,52.8,-2.1,-10.6,"Reflecting plain consonant /平音/ and dark vowel /陰性모음/ for a vector configuration of Weight 5, Time 5, and Flow 5.",,5,5,5,8,COMPOUND(복합・이종)
벙긋,beonggeus,Heavy or dark nuance of sweet smiling or opening expression (벙긋).,Psychomime (State/Manner),Emotion,Positive,Voiced (Heavy),Dark/Heavy/Large,-ri Ending,bʌŋgɯs,8,5,4,5,5,5,210.0,1.88,5,3200.0,5.89,3,0,4,#800000,25.5,48.0,38.1,"Reflecting plain consonant /平音/ and dark vowel /陰性모음/ for a vector configuration of Weight 8, Time 5, and Flow 5.",,5,5,5,8,COMPOUND(복합・이종)
벙긋벙긋,beonggeusbeonggeus,Repeated heavy or dark nuance of sweet smiling or opening expression (벙긋벙긋).,Psychomime (State/Manner),Emotion,Positive,Voiced (Heavy),Dark/Heavy/Large,Reduplication,bʌŋgɯsbʌŋgɯs,8,4,4,5,5,5,210.0,1.88,4,3200.0,5.89,3,0,4,#800000,25.5,48.0,38.1,"Reflecting plain consonant /平音/ and dark vowel /陰性모음/ for a vector configuration of Weight 8, Time 4, and Flow 5.",,5,5,5,1,REDUP(첩어・동일)
벙긋거리다,beonggeusgeorida,Continuous heavy motion of sweet smiling or opening expression (벙긋거리다).,Psychomime (State/Manner),Emotion,Positive,Voiced (Heavy),Dark/Heavy/Large,Reduplication,bʌŋgɯsgʌrida,8,5,4,5,5,5,210.0,1.88,5,3200.0,5.89,3,0,4,#800000,25.5,48.0,38.1,"Reflecting plain consonant /平音/ and dark vowel /陰性모음/ for a vector configuration of Weight 8, Time 5, and Flow 5.",,5,5,5,8,COMPOUND(복합・이종)
벙긋대다,beonggeusdaeda,Repeated intense heavy action of sweet smiling or opening expression (벙긋대다).,Psychomime (State/Manner),Emotion,Positive,Voiced (Heavy),Dark/Heavy/Large,Reduplication,bʌŋgɯsdɛda,8,5,4,5,5,5,210.0,1.88,5,3200.0,5.89,3,0,4,#800000,25.5,48.0,38.1,"Reflecting plain consonant /平音/ and dark vowel /陰性모음/ for a vector configuration of Weight 8, Time 5, and Flow 5.",,5,5,5,8,COMPOUND(복합・이종)
벙긋하다,beonggeushada,Heavy or dark state of being sweet smiling or opening expression (벙긋하다).,Psychomime (State/Manner),Emotion,Positive,Voiced (Heavy),Dark/Heavy/Large,-ri Ending,bʌŋgɯshada,8,5,4,2,5,5,210.0,1.88,5,3200.0,5.89,3,0,4,#800000,25.5,48.0,38.1,"Reflecting plain consonant /平音/ and dark vowel /陰性모음/ for a vector configuration of Weight 8, Time 5, and Flow 2.",,5,5,5,8,COMPOUND(복합・이종)
방긋벙긋,banggeusbeonggeus,Alternating rhythm or variation of sweet smiling or opening expression (방긋벙긋).,Psychomime (State/Manner),Emotion,Positive,Unvoiced (Light),Bright/Light/Small,Reduplication,baŋgɯsbʌŋgɯs,5,5,4,5,5,5,900.0,5.56,5,3200.0,5.89,3,0,4,#708090,52.8,-2.1,-10.6,"Reflecting plain consonant /平音/ and dark vowel /陰性모음/ for a vector configuration of Weight 5, Time 5, and Flow 5.",,5,5,5,8,COMPOUND(복합・이종)
싱긋,singgeus,Manner or sound of slight smile or grinning motion (싱긋).,Psychomime (State/Manner),Emotion,Positive,Unvoiced (Light),Bright/Light/Small,-ri Ending,siŋgɯs,2,5,4,2,3,5,1800.0,7.32,5,800.0,3.53,3,0,4,#FFD700,86.9,-1.9,87.1,"Reflecting plain consonant /平音/ and dark vowel /陰性모음/ for a vector configuration of Weight 2, Time 5, and Flow 2.",,5,5,5,8,COMPOUND(복합・이종)
싱긋싱긋,singgeussinggeus,"Repeated, continuous manner or sound of slight smile or grinning motion (싱긋싱긋).",Psychomime (State/Manner),Emotion,Positive,Unvoiced (Light),Bright/Light/Small,Reduplication,siŋgɯs͈iŋgɯs,2,4,4,2,3,5,1800.0,7.32,4,800.0,3.53,3,0,4,#FFD700,86.9,-1.9,87.1,"Reflecting plain consonant /平音/ and dark vowel /陰性모음/ for a vector configuration of Weight 2, Time 4, and Flow 2.",,5,5,5,1,REDUP(첩어・동일)
싱긋거리다,singgeusgeorida,Continuous motion or action of slight smile or grinning motion (싱긋거리다).,Psychomime (State/Manner),Emotion,Positive,Unvoiced (Light),Bright/Light/Small,Reduplication,siŋgɯsgʌrida,2,5,4,2,5,5,1800.0,7.32,5,800.0,3.53,3,0,4,#FFD700,86.9,-1.9,87.1,"Reflecting plain consonant /平音/ and dark vowel /陰性모음/ for a vector configuration of Weight 2, Time 5, and Flow 2.",,5,5,5,8,COMPOUND(복합・이종)
싱긋대다,singgeusdaeda,"Repeated, intense action of slight smile or grinning motion (싱긋대다).",Psychomime (State/Manner),Emotion,Positive,Unvoiced (Light),Bright/Light/Small,Reduplication,siŋgɯsdɛda,2,5,4,2,5,5,1800.0,7.32,5,800.0,3.53,3,0,4,#FFD700,86.9,-1.9,87.1,"Reflecting plain consonant /平音/ and dark vowel /陰性모음/ for a vector configuration of Weight 2, Time 5, and Flow 2.",,5,5,5,8,COMPOUND(복합・이종)
싱긋이다,singgeusida,Motion or state of slight smile or grinning motion (싱긋이다).,Psychomime (State/Manner),Emotion,Positive,Unvoiced (Light),Bright/Light/Small,-ri Ending,siŋgɯsida,2,5,4,2,5,5,1800.0,7.32,5,800.0,3.53,3,0,4,#FFD700,86.9,-1.9,87.1,"Reflecting plain consonant /平音/ and dark vowel /陰性모음/ for a vector configuration of Weight 2, Time 5, and Flow 2.",,5,5,5,8,COMPOUND(복합・이종)
싱긋하다,singgeushada,State or quality of being slight smile or grinning motion (싱긋하다).,Psychomime (State/Manner),Emotion,Positive,Unvoiced (Light),Bright/Light/Small,-ri Ending,siŋgɯshada,2,5,4,2,5,5,1800.0,7.32,5,800.0,3.53,3,0,4,#FFD700,86.9,-1.9,87.1,"Reflecting plain consonant /平音/ and dark vowel /陰性모음/ for a vector configuration of Weight 2, Time 5, and Flow 2.",,5,5,5,8,COMPOUND(복합・이종)
싱긋이,singgeusi,Adverbial state of slight smile or grinning motion (싱긋이).,Psychomime (State/Manner),Emotion,Positive,Unvoiced (Light),Bright/Light/Small,-ri Ending,siŋgɯsi,2,5,4,2,5,5,1800.0,7.32,5,800.0,3.53,3,0,4,#FFD700,86.9,-1.9,87.1,"Reflecting plain consonant /平音/ and dark vowel /陰性모음/ for a vector configuration of Weight 2, Time 5, and Flow 2.",,5,5,5,8,COMPOUND(복합・이종)
씽긋,ssinggeus,Heavy or dark nuance of slight smile or grinning motion (씽긋).,Psychomime (State/Manner),Emotion,Positive,Voiced (Heavy),Dark/Heavy/Large,-ri Ending,s͈iŋgɯs,5,5,7,2,5,5,300.0,2.78,5,800.0,3.53,3,0,4,#FFD700,86.9,-1.9,87.1,"Reflecting tense consonant /濃音/ and dark vowel /陰性모음/ for a vector configuration of Weight 5, Time 5, and Flow 2.",,5,5,5,8,COMPOUND(복합・이종)
씽긋씽긋,ssinggeusssinggeus,Repeated heavy or dark nuance of slight smile or grinning motion (씽긋씽긋).,Psychomime (State/Manner),Emotion,Positive,Voiced (Heavy),Dark/Heavy/Large,Reduplication,s͈iŋgɯs͈siŋgɯs,5,4,7,2,5,5,300.0,2.78,4,800.0,3.53,3,0,4,#FFD700,86.9,-1.9,87.1,"Reflecting tense consonant /濃音/ and dark vowel /陰性모음/ for a vector configuration of Weight 5, Time 4, and Flow 2.",,5,5,5,1,REDUP(첩어・동일)
씽긋거리다,ssinggeusgeorida,Continuous heavy motion of slight smile or grinning motion (씽긋거리다).,Psychomime (State/Manner),Emotion,Positive,Voiced (Heavy),Dark/Heavy/Large,Reduplication,s͈iŋgɯsgʌrida,5,5,7,2,5,5,300.0,2.78,5,800.0,3.53,3,0,4,#FFD700,86.9,-1.9,87.1,"Reflecting tense consonant /濃音/ and dark vowel /陰性모음/ for a vector configuration of Weight 5, Time 5, and Flow 2.",,5,5,5,8,COMPOUND(복합・이종)
씽긋대다,ssinggeusdaeda,Repeated intense heavy action of slight smile or grinning motion (씽긋대다).,Psychomime (State/Manner),Emotion,Positive,Voiced (Heavy),Dark/Heavy/Large,Reduplication,s͈iŋgɯsdɛda,5,5,7,2,5,5,300.0,2.78,5,800.0,3.53,3,0,4,#FFD700,86.9,-1.9,87.1,"Reflecting tense consonant /濃音/ and dark vowel /陰性모음/ for a vector configuration of Weight 5, Time 5, and Flow 2.",,5,5,5,8,COMPOUND(복합・이종)
씽긋하다,ssinggeushada,Heavy or dark state of being slight smile or grinning motion (씽긋하다).,Psychomime (State/Manner),Emotion,Positive,Voiced (Heavy),Dark/Heavy/Large,-ri Ending,s͈iŋgɯshada,5,5,7,2,5,5,300.0,2.78,5,800.0,3.53,3,0,4,#FFD700,86.9,-1.9,87.1,"Reflecting tense consonant /濃音/ and dark vowel /陰性모음/ for a vector configuration of Weight 5, Time 5, and Flow 2.",,5,5,5,8,COMPOUND(복합・이종)
싱긋씽긋,singgeusssinggeus,Alternating rhythm or variation of slight smile or grinning motion (싱긋씽긋).,Psychomime (State/Manner),Emotion,Positive,Unvoiced (Light),Bright/Light/Small,Reduplication,siŋgɯs͈siŋgɯs,4,5,7,2,5,5,1200.0,6.29,5,800.0,3.53,3,0,4,#FFD700,86.9,-1.9,87.1,"Reflecting tense consonant /濃音/ and dark vowel /陰性모음/ for a vector configuration of Weight 4, Time 5, and Flow 2.",,5,5,5,8,COMPOUND(복합・이종)
동글,donggeul,Manner or sound of round/spherical shape (동글).,Psychomime (State/Manner),Density/Distance,Positive,Unvoiced (Light),Bright/Light/Small,-ri Ending,doŋgɯl,5,5,4,2,3,5,900.0,5.56,5,3200.0,5.89,3,0,4,#708090,52.8,-2.1,-10.6,"Reflecting plain consonant /平音/ and dark vowel /陰性모음/ for a vector configuration of Weight 5, Time 5, and Flow 2.",,5,5,5,8,COMPOUND(복합・이종)
동글동글,donggeuldonggeul,"Repeated, continuous manner or sound of round/spherical shape (동글동글).",Psychomime (State/Manner),Density/Distance,Positive,Unvoiced (Light),Bright/Light/Small,Reduplication,doŋgɯldoŋgɯl,5,4,4,2,3,5,900.0,5.56,4,3200.0,5.89,3,0,4,#708090,52.8,-2.1,-10.6,"Reflecting plain consonant /平音/ and dark vowel /陰性모음/ for a vector configuration of Weight 5, Time 4, and Flow 2.",,5,5,5,1,REDUP(첩어・동일)
동글거리다,donggeulgeorida,Continuous motion or action of round/spherical shape (동글거리다).,Psychomime (State/Manner),Density/Distance,Positive,Unvoiced (Light),Bright/Light/Small,Reduplication,doŋgɯlgʌrida,5,5,4,2,5,5,900.0,5.56,5,3200.0,5.89,3,0,4,#708090,52.8,-2.1,-10.6,"Reflecting plain consonant /平音/ and dark vowel /陰性모음/ for a vector configuration of Weight 5, Time 5, and Flow 2.",,5,5,5,8,COMPOUND(복합・이종)
동글대다,donggeuldaeda,"Repeated, intense action of round/spherical shape (동글대다).",Psychomime (State/Manner),Density/Distance,Positive,Unvoiced (Light),Bright/Light/Small,Reduplication,doŋgɯldɛda,5,5,4,2,5,5,900.0,5.56,5,3200.0,5.89,3,0,4,#708090,52.8,-2.1,-10.6,"Reflecting plain consonant /平音/ and dark vowel /陰性모음/ for a vector configuration of Weight 5, Time 5, and Flow 2.",,5,5,5,8,COMPOUND(복합・이종)
동글이다,donggeulida,Motion or state of round/spherical shape (동글이다).,Psychomime (State/Manner),Density/Distance,Positive,Unvoiced (Light),Bright/Light/Small,-ri Ending,doŋgɯlida,5,5,4,2,5,5,900.0,5.56,5,3200.0,5.89,3,0,4,#708090,52.8,-2.1,-10.6,"Reflecting plain consonant /平音/ and dark vowel /陰性모음/ for a vector configuration of Weight 5, Time 5, and Flow 2.",,5,5,5,8,COMPOUND(복합・이종)
동글하다,donggeulhada,State or quality of being round/spherical shape (동글하다).,Psychomime (State/Manner),Density/Distance,Positive,Unvoiced (Light),Bright/Light/Small,-ri Ending,doŋgɯlhada,5,5,4,2,5,5,900.0,5.56,5,3200.0,5.89,3,0,4,#708090,52.8,-2.1,-10.6,"Reflecting plain consonant /平音/ and dark vowel /陰性모음/ for a vector configuration of Weight 5, Time 5, and Flow 2.",,5,5,5,8,COMPOUND(복합・이종)
동글이,donggeuli,Adverbial state of round/spherical shape (동글이).,Psychomime (State/Manner),Density/Distance,Positive,Unvoiced (Light),Bright/Light/Small,-ri Ending,doŋgɯli,5,5,4,2,5,5,900.0,5.56,5,3200.0,5.89,3,0,4,#708090,52.8,-2.1,-10.6,"Reflecting plain consonant /平音/ and dark vowel /陰性모음/ for a vector configuration of Weight 5, Time 5, and Flow 2.",,5,5,5,8,COMPOUND(복합・이종)
둥글,dunggeul,Heavy or dark nuance of round/spherical shape (둥글).,Psychomime (State/Manner),Density/Distance,Positive,Voiced (Heavy),Dark/Heavy/Large,-ri Ending,duŋgɯl,8,5,4,2,5,5,210.0,1.88,5,3200.0,5.89,3,0,4,#800000,25.5,48.0,38.1,"Reflecting plain consonant /平音/ and dark vowel /陰性모음/ for a vector configuration of Weight 8, Time 5, and Flow 2.",,5,5,5,8,COMPOUND(복합・이종)
둥글둥글,dunggeuldunggeul,Repeated heavy or dark nuance of round/spherical shape (둥글둥글).,Psychomime (State/Manner),Density/Distance,Positive,Voiced (Heavy),Dark/Heavy/Large,Reduplication,duŋgɯlduŋgɯl,8,4,4,2,5,5,210.0,1.88,4,3200.0,5.89,3,0,4,#800000,25.5,48.0,38.1,"Reflecting plain consonant /平音/ and dark vowel /陰性모음/ for a vector configuration of Weight 8, Time 4, and Flow 2.",,5,5,5,1,REDUP(첩어・동일)
둥글거리다,dunggeulgeorida,Continuous heavy motion of round/spherical shape (둥글거리다).,Psychomime (State/Manner),Density/Distance,Positive,Voiced (Heavy),Dark/Heavy/Large,Reduplication,duŋgɯlgʌrida,8,5,4,2,5,5,210.0,1.88,5,3200.0,5.89,3,0,4,#800000,25.5,48.0,38.1,"Reflecting plain consonant /平音/ and dark vowel /陰性모음/ for a vector configuration of Weight 8, Time 5, and Flow 2.",,5,5,5,8,COMPOUND(복합・이종)
둥글대다,dunggeuldaeda,Repeated intense heavy action of round/spherical shape (둥글대다).,Psychomime (State/Manner),Density/Distance,Positive,Voiced (Heavy),Dark/Heavy/Large,Reduplication,duŋgɯldɛda,8,5,4,2,5,5,210.0,1.88,5,3200.0,5.89,3,0,4,#800000,25.5,48.0,38.1,"Reflecting plain consonant /平音/ and dark vowel /陰性모음/ for a vector configuration of Weight 8, Time 5, and Flow 2.",,5,5,5,8,COMPOUND(복합・이종)
둥글하다,dunggeulhada,Heavy or dark state of being round/spherical shape (둥글하다).,Psychomime (State/Manner),Density/Distance,Positive,Voiced (Heavy),Dark/Heavy/Large,-ri Ending,duŋgɯlhada,8,5,4,2,5,5,210.0,1.88,5,3200.0,5.89,3,0,4,#800000,25.5,48.0,38.1,"Reflecting plain consonant /平音/ and dark vowel /陰性모음/ for a vector configuration of Weight 8, Time 5, and Flow 2.",,5,5,5,8,COMPOUND(복합・이종)
동글둥글,donggeuldunggeul,Alternating rhythm or variation of round/spherical shape (동글둥글).,Psychomime (State/Manner),Density/Distance,Positive,Unvoiced (Light),Bright/Light/Small,Reduplication,doŋgɯlduŋgɯl,5,5,4,2,5,5,900.0,5.56,5,3200.0,5.89,3,0,4,#708090,52.8,-2.1,-10.6,"Reflecting plain consonant /平音/ and dark vowel /陰性모음/ for a vector configuration of Weight 5, Time 5, and Flow 2.",,5,5,5,8,COMPOUND(복합・이종)
몽글,monggeul,Manner or sound of fluffy/lumpy soft cluster (몽글).,Psychomime (State/Manner),Texture,Positive,Unvoiced (Light),Bright/Light/Small,-ri Ending,moŋgɯl,5,5,4,2,3,5,900.0,5.56,5,800.0,3.53,3,0,4,#708090,52.8,-2.1,-10.6,"Reflecting plain consonant /平音/ and dark vowel /陰性모음/ for a vector configuration of Weight 5, Time 5, and Flow 2.",,5,5,5,8,COMPOUND(복합・이종)
몽글몽글,monggeulmonggeul,"Repeated, continuous manner or sound of fluffy/lumpy soft cluster (몽글몽글).",Psychomime (State/Manner),Texture,Positive,Unvoiced (Light),Bright/Light/Small,Reduplication,moŋgɯlmoŋgɯl,5,4,4,2,3,5,900.0,5.56,4,800.0,3.53,3,0,4,#708090,52.8,-2.1,-10.6,"Reflecting plain consonant /平音/ and dark vowel /陰性모음/ for a vector configuration of Weight 5, Time 4, and Flow 2.",,5,5,5,1,REDUP(첩어・동일)
몽글거리다,monggeulgeorida,Continuous motion or action of fluffy/lumpy soft cluster (몽글거리다).,Psychomime (State/Manner),Texture,Positive,Unvoiced (Light),Bright/Light/Small,Reduplication,moŋgɯlgʌrida,5,5,4,2,5,5,900.0,5.56,5,800.0,3.53,3,0,4,#708090,52.8,-2.1,-10.6,"Reflecting plain consonant /平音/ and dark vowel /陰性모음/ for a vector configuration of Weight 5, Time 5, and Flow 2.",,5,5,5,8,COMPOUND(복합・이종)
몽글대다,monggeuldaeda,"Repeated, intense action of fluffy/lumpy soft cluster (몽글대다).",Psychomime (State/Manner),Texture,Positive,Unvoiced (Light),Bright/Light/Small,Reduplication,moŋgɯldɛda,5,5,4,2,5,5,900.0,5.56,5,800.0,3.53,3,0,4,#708090,52.8,-2.1,-10.6,"Reflecting plain consonant /平音/ and dark vowel /陰性모음/ for a vector configuration of Weight 5, Time 5, and Flow 2.",,5,5,5,8,COMPOUND(복합・이종)
몽글이다,monggeulida,Motion or state of fluffy/lumpy soft cluster (몽글이다).,Psychomime (State/Manner),Texture,Positive,Unvoiced (Light),Bright/Light/Small,-ri Ending,moŋgɯlida,5,5,4,2,5,5,900.0,5.56,5,800.0,3.53,3,0,4,#708090,52.8,-2.1,-10.6,"Reflecting plain consonant /平音/ and dark vowel /陰性모음/ for a vector configuration of Weight 5, Time 5, and Flow 2.",,5,5,5,8,COMPOUND(복합・이종)
몽글하다,monggeulhada,State or quality of being fluffy/lumpy soft cluster (몽글하다).,Psychomime (State/Manner),Texture,Positive,Unvoiced (Light),Bright/Light/Small,-ri Ending,moŋgɯlhada,5,5,4,2,5,5,900.0,5.56,5,800.0,3.53,3,0,4,#708090,52.8,-2.1,-10.6,"Reflecting plain consonant /平音/ and dark vowel /陰性모음/ for a vector configuration of Weight 5, Time 5, and Flow 2.",,5,5,5,8,COMPOUND(복합・이종)
몽글이,monggeuli,Adverbial state of fluffy/lumpy soft cluster (몽글이).,Psychomime (State/Manner),Texture,Positive,Unvoiced (Light),Bright/Light/Small,-ri Ending,moŋgɯli,5,5,4,2,5,5,900.0,5.56,5,800.0,3.53,3,0,4,#708090,52.8,-2.1,-10.6,"Reflecting plain consonant /平音/ and dark vowel /陰性모음/ for a vector configuration of Weight 5, Time 5, and Flow 2.",,5,5,5,8,COMPOUND(복합・이종)
뭉글,munggeul,Heavy or dark nuance of fluffy/lumpy soft cluster (뭉글).,Psychomime (State/Manner),Texture,Positive,Voiced (Heavy),Dark/Heavy/Large,-ri Ending,muŋgɯl,8,5,4,2,5,5,210.0,1.88,5,800.0,3.53,3,0,4,#800000,25.5,48.0,38.1,"Reflecting plain consonant /平音/ and dark vowel /陰性모음/ for a vector configuration of Weight 8, Time 5, and Flow 2.",,5,5,5,8,COMPOUND(복합・이종)
뭉글뭉글,munggeulmunggeul,Repeated heavy or dark nuance of fluffy/lumpy soft cluster (뭉글뭉글).,Psychomime (State/Manner),Texture,Positive,Voiced (Heavy),Dark/Heavy/Large,Reduplication,muŋgɯlmuŋgɯl,8,4,4,2,5,5,210.0,1.88,4,800.0,3.53,3,0,4,#800000,25.5,48.0,38.1,"Reflecting plain consonant /平音/ and dark vowel /陰性모음/ for a vector configuration of Weight 8, Time 4, and Flow 2.",,5,5,5,1,REDUP(첩어・동일)
뭉글거리다,munggeulgeorida,Continuous heavy motion of fluffy/lumpy soft cluster (뭉글거리다).,Psychomime (State/Manner),Texture,Positive,Voiced (Heavy),Dark/Heavy/Large,Reduplication,muŋgɯlgʌrida,8,5,4,2,5,5,210.0,1.88,5,800.0,3.53,3,0,4,#800000,25.5,48.0,38.1,"Reflecting plain consonant /平音/ and dark vowel /陰性모음/ for a vector configuration of Weight 8, Time 5, and Flow 2.",,5,5,5,8,COMPOUND(복합・이종)
뭉글대다,munggeuldaeda,Repeated intense heavy action of fluffy/lumpy soft cluster (뭉글대다).,Psychomime (State/Manner),Texture,Positive,Voiced (Heavy),Dark/Heavy/Large,Reduplication,muŋgɯldɛda,8,5,4,2,5,5,210.0,1.88,5,800.0,3.53,3,0,4,#800000,25.5,48.0,38.1,"Reflecting plain consonant /平音/ and dark vowel /陰性모음/ for a vector configuration of Weight 8, Time 5, and Flow 2.",,5,5,5,8,COMPOUND(복합・이종)
뭉글하다,munggeulhada,Heavy or dark state of being fluffy/lumpy soft cluster (뭉글하다).,Psychomime (State/Manner),Texture,Positive,Voiced (Heavy),Dark/Heavy/Large,-ri Ending,muŋgɯlhada,8,5,4,2,5,5,210.0,1.88,5,800.0,3.53,3,0,4,#800000,25.5,48.0,38.1,"Reflecting plain consonant /平音/ and dark vowel /陰性모음/ for a vector configuration of Weight 8, Time 5, and Flow 2.",,5,5,5,8,COMPOUND(복합・이종)
몽글뭉글,monggeulmunggeul,Alternating rhythm or variation of fluffy/lumpy soft cluster (몽글뭉글).,Psychomime (State/Manner),Texture,Positive,Unvoiced (Light),Bright/Light/Small,Reduplication,moŋgɯlmuŋgɯl,5,5,4,2,5,5,900.0,5.56,5,800.0,3.53,3,0,4,#708090,52.8,-2.1,-10.6,"Reflecting plain consonant /平音/ and dark vowel /陰性모음/ for a vector configuration of Weight 5, Time 5, and Flow 2.",,5,5,5,8,COMPOUND(복합・이종)
뱅글,baenggeul,Manner or sound of spinning/twirling motion (뱅글).,Psychomime (State/Manner),Dynamics,Positive,Unvoiced (Light),Bright/Light/Small,-ri Ending,bɛŋgɯl,5,5,4,2,3,5,900.0,5.56,5,3200.0,5.89,3,0,4,#708090,52.8,-2.1,-10.6,"Reflecting plain consonant /平音/ and dark vowel /陰性모음/ for a vector configuration of Weight 5, Time 5, and Flow 2.",,5,5,5,8,COMPOUND(복합・이종)
뱅글뱅글,baenggeulbaenggeul,"Repeated, continuous manner or sound of spinning/twirling motion (뱅글뱅글).",Psychomime (State/Manner),Dynamics,Positive,Unvoiced (Light),Bright/Light/Small,Reduplication,bɛŋgɯlbɛŋgɯl,5,4,4,2,3,5,900.0,5.56,4,3200.0,5.89,3,0,4,#708090,52.8,-2.1,-10.6,"Reflecting plain consonant /平音/ and dark vowel /陰性모음/ for a vector configuration of Weight 5, Time 4, and Flow 2.",,5,5,5,1,REDUP(첩어・동일)
뱅글거리다,baenggeulgeorida,Continuous motion or action of spinning/twirling motion (뱅글거리다).,Psychomime (State/Manner),Dynamics,Positive,Unvoiced (Light),Bright/Light/Small,Reduplication,bɛŋgɯlgʌrida,5,5,4,2,5,5,900.0,5.56,5,3200.0,5.89,3,0,4,#708090,52.8,-2.1,-10.6,"Reflecting plain consonant /平音/ and dark vowel /陰性모음/ for a vector configuration of Weight 5, Time 5, and Flow 2.",,5,5,5,8,COMPOUND(복합・이종)
뱅글대다,baenggeuldaeda,"Repeated, intense action of spinning/twirling motion (뱅글대다).",Psychomime (State/Manner),Dynamics,Positive,Unvoiced (Light),Bright/Light/Small,Reduplication,bɛŋgɯldɛda,5,5,4,2,5,5,900.0,5.56,5,3200.0,5.89,3,0,4,#708090,52.8,-2.1,-10.6,"Reflecting plain consonant /平音/ and dark vowel /陰性모음/ for a vector configuration of Weight 5, Time 5, and Flow 2.",,5,5,5,8,COMPOUND(복합・이종)
뱅글이다,baenggeulida,Motion or state of spinning/twirling motion (뱅글이다).,Psychomime (State/Manner),Dynamics,Positive,Unvoiced (Light),Bright/Light/Small,-ri Ending,bɛŋgɯlida,5,5,4,2,5,5,900.0,5.56,5,3200.0,5.89,3,0,4,#708090,52.8,-2.1,-10.6,"Reflecting plain consonant /平音/ and dark vowel /陰性모음/ for a vector configuration of Weight 5, Time 5, and Flow 2.",,5,5,5,8,COMPOUND(복합・이종)
뱅글하다,baenggeulhada,State or quality of being spinning/twirling motion (뱅글하다).,Psychomime (State/Manner),Dynamics,Positive,Unvoiced (Light),Bright/Light/Small,-ri Ending,bɛŋgɯlhada,5,5,4,2,5,5,900.0,5.56,5,3200.0,5.89,3,0,4,#708090,52.8,-2.1,-10.6,"Reflecting plain consonant /平音/ and dark vowel /陰性모음/ for a vector configuration of Weight 5, Time 5, and Flow 2.",,5,5,5,8,COMPOUND(복합・이종)
뱅글이,baenggeuli,Adverbial state of spinning/twirling motion (뱅글이).,Psychomime (State/Manner),Dynamics,Positive,Unvoiced (Light),Bright/Light/Small,-ri Ending,bɛŋgɯli,5,5,4,2,5,5,900.0,5.56,5,3200.0,5.89,3,0,4,#708090,52.8,-2.1,-10.6,"Reflecting plain consonant /平音/ and dark vowel /陰性모음/ for a vector configuration of Weight 5, Time 5, and Flow 2.",,5,5,5,8,COMPOUND(복합・이종)
빙글,binggeul,Heavy or dark nuance of spinning/twirling motion (빙글).,Psychomime (State/Manner),Dynamics,Positive,Voiced (Heavy),Dark/Heavy/Large,-ri Ending,biŋgɯl,8,5,4,2,5,5,210.0,1.88,5,3200.0,5.89,3,0,4,#800000,25.5,48.0,38.1,"Reflecting plain consonant /平音/ and dark vowel /陰性모음/ for a vector configuration of Weight 8, Time 5, and Flow 2.",,5,5,5,8,COMPOUND(복합・이종)
빙글빙글,binggeulbinggeul,Repeated heavy or dark nuance of spinning/twirling motion (빙글빙글).,Psychomime (State/Manner),Dynamics,Positive,Voiced (Heavy),Dark/Heavy/Large,Reduplication,biŋgɯlbiŋgɯl,8,4,4,2,5,5,210.0,1.88,4,3200.0,5.89,3,0,4,#800000,25.5,48.0,38.1,"Reflecting plain consonant /平音/ and dark vowel /陰性모음/ for a vector configuration of Weight 8, Time 4, and Flow 2.",,5,5,5,1,REDUP(첩어・동일)
빙글거리다,binggeulgeorida,Continuous heavy motion of spinning/twirling motion (빙글거리다).,Psychomime (State/Manner),Dynamics,Positive,Voiced (Heavy),Dark/Heavy/Large,Reduplication,biŋgɯlgʌrida,8,5,4,2,5,5,210.0,1.88,5,3200.0,5.89,3,0,4,#800000,25.5,48.0,38.1,"Reflecting plain consonant /平音/ and dark vowel /陰性모음/ for a vector configuration of Weight 8, Time 5, and Flow 2.",,5,5,5,8,COMPOUND(복합・이종)
빙글대다,binggeuldaeda,Repeated intense heavy action of spinning/twirling motion (빙글대다).,Psychomime (State/Manner),Dynamics,Positive,Voiced (Heavy),Dark/Heavy/Large,Reduplication,biŋgɯldɛda,8,5,4,2,5,5,210.0,1.88,5,3200.0,5.89,3,0,4,#800000,25.5,48.0,38.1,"Reflecting plain consonant /平音/ and dark vowel /陰性모음/ for a vector configuration of Weight 8, Time 5, and Flow 2.",,5,5,5,8,COMPOUND(복합・이종)
빙글하다,binggeulhada,Heavy or dark state of being spinning/twirling motion (빙글하다).,Psychomime (State/Manner),Dynamics,Positive,Voiced (Heavy),Dark/Heavy/Large,-ri Ending,biŋgɯlhada,8,5,4,2,5,5,210.0,1.88,5,3200.0,5.89,3,0,4,#800000,25.5,48.0,38.1,"Reflecting plain consonant /平音/ and dark vowel /陰性모음/ for a vector configuration of Weight 8, Time 5, and Flow 2.",,5,5,5,8,COMPOUND(복합・이종)
뱅글빙글,baenggeulbinggeul,Alternating rhythm or variation of spinning/twirling motion (뱅글빙글).,Psychomime (State/Manner),Dynamics,Positive,Unvoiced (Light),Bright/Light/Small,Reduplication,bɛŋgɯlbiŋgɯl,5,5,4,2,5,5,900.0,5.56,5,3200.0,5.89,3,0,4,#708090,52.8,-2.1,-10.6,"Reflecting plain consonant /平音/ and dark vowel /陰性모음/ for a vector configuration of Weight 5, Time 5, and Flow 2.",,5,5,5,8,COMPOUND(복합・이종)
팽글,paenggeul,Manner or sound of rapid spinning/whirling around (팽글).,Psychomime (State/Manner),Dynamics,Positive,Unvoiced (Light),Bright/Light/Small,-ri Ending,pʰɛŋgɯl,7,5,7,2,2,5,240.0,2.22,5,3200.0,5.89,3,0,4,#4B3621,24.5,6.4,16.8,"Reflecting aspirated consonant /激音/ and dark vowel /陰性모음/ for a vector configuration of Weight 7, Time 5, and Flow 2.",,5,5,5,8,COMPOUND(복합・이종)
팽글팽글,paenggeulpaenggeul,"Repeated, continuous manner or sound of rapid spinning/whirling around (팽글팽글).",Psychomime (State/Manner),Dynamics,Positive,Unvoiced (Light),Bright/Light/Small,Reduplication,pʰɛŋgɯlpʰɛŋgɯl,7,4,7,2,2,5,240.0,2.22,4,3200.0,5.89,3,0,4,#4B3621,24.5,6.4,16.8,"Reflecting aspirated consonant /激音/ and dark vowel /陰性모음/ for a vector configuration of Weight 7, Time 4, and Flow 2.",,5,5,5,1,REDUP(첩어・동일)
팽글거리다,paenggeulgeorida,Continuous motion or action of rapid spinning/whirling around (팽글거리다).,Psychomime (State/Manner),Dynamics,Positive,Unvoiced (Light),Bright/Light/Small,Reduplication,pʰɛŋgɯlgʌrida,7,5,7,2,5,5,240.0,2.22,5,3200.0,5.89,3,0,4,#4B3621,24.5,6.4,16.8,"Reflecting aspirated consonant /激音/ and dark vowel /陰性모음/ for a vector configuration of Weight 7, Time 5, and Flow 2.",,5,5,5,8,COMPOUND(복합・이종)
팽글대다,paenggeuldaeda,"Repeated, intense action of rapid spinning/whirling around (팽글대다).",Psychomime (State/Manner),Dynamics,Positive,Unvoiced (Light),Bright/Light/Small,Reduplication,pʰɛŋgɯldɛda,7,5,7,2,5,5,240.0,2.22,5,3200.0,5.89,3,0,4,#4B3621,24.5,6.4,16.8,"Reflecting aspirated consonant /激音/ and dark vowel /陰性모음/ for a vector configuration of Weight 7, Time 5, and Flow 2.",,5,5,5,8,COMPOUND(복합・이종)
팽글이다,paenggeulida,Motion or state of rapid spinning/whirling around (팽글이다).,Psychomime (State/Manner),Dynamics,Positive,Unvoiced (Light),Bright/Light/Small,-ri Ending,pʰɛŋgɯlida,7,5,7,2,5,5,240.0,2.22,5,3200.0,5.89,3,0,4,#4B3621,24.5,6.4,16.8,"Reflecting aspirated consonant /激音/ and dark vowel /陰性모음/ for a vector configuration of Weight 7, Time 5, and Flow 2.",,5,5,5,8,COMPOUND(복합・이종)
팽글하다,paenggeulhada,State or quality of being rapid spinning/whirling around (팽글하다).,Psychomime (State/Manner),Dynamics,Positive,Unvoiced (Light),Bright/Light/Small,-ri Ending,pʰɛŋgɯlhada,7,5,7,2,5,5,240.0,2.22,5,3200.0,5.89,3,0,4,#4B3621,24.5,6.4,16.8,"Reflecting aspirated consonant /激音/ and dark vowel /陰性모음/ for a vector configuration of Weight 7, Time 5, and Flow 2.",,5,5,5,8,COMPOUND(복합・이종)
팽글이,paenggeuli,Adverbial state of rapid spinning/whirling around (팽글이).,Psychomime (State/Manner),Dynamics,Positive,Unvoiced (Light),Bright/Light/Small,-ri Ending,pʰɛŋgɯli,7,5,7,2,5,5,240.0,2.22,5,3200.0,5.89,3,0,4,#4B3621,24.5,6.4,16.8,"Reflecting aspirated consonant /激音/ and dark vowel /陰性모음/ for a vector configuration of Weight 7, Time 5, and Flow 2.",,5,5,5,8,COMPOUND(복합・이종)
핑글,pinggeul,Heavy or dark nuance of rapid spinning/whirling around (핑글).,Psychomime (State/Manner),Dynamics,Positive,Voiced (Heavy),Dark/Heavy/Large,-ri Ending,pʰiŋgɯl,8,5,7,2,5,5,210.0,1.88,5,3200.0,5.89,3,0,4,#800000,25.5,48.0,38.1,"Reflecting aspirated consonant /激音/ and dark vowel /陰性모음/ for a vector configuration of Weight 8, Time 5, and Flow 2.",,5,5,5,8,COMPOUND(복합・이종)
핑글핑글,pinggeulpinggeul,Repeated heavy or dark nuance of rapid spinning/whirling around (핑글핑글).,Psychomime (State/Manner),Dynamics,Positive,Voiced (Heavy),Dark/Heavy/Large,Reduplication,pʰiŋgɯlpʰiŋgɯl,8,4,7,2,5,5,210.0,1.88,4,3200.0,5.89,3,0,4,#800000,25.5,48.0,38.1,"Reflecting aspirated consonant /激音/ and dark vowel /陰性모음/ for a vector configuration of Weight 8, Time 4, and Flow 2.",,5,5,5,1,REDUP(첩어・동일)
핑글거리다,pinggeulgeorida,Continuous heavy motion of rapid spinning/whirling around (핑글거리다).,Psychomime (State/Manner),Dynamics,Positive,Voiced (Heavy),Dark/Heavy/Large,Reduplication,pʰiŋgɯlgʌrida,8,5,7,2,5,5,210.0,1.88,5,3200.0,5.89,3,0,4,#800000,25.5,48.0,38.1,"Reflecting aspirated consonant /激音/ and dark vowel /陰性모음/ for a vector configuration of Weight 8, Time 5, and Flow 2.",,5,5,5,8,COMPOUND(복합・이종)
핑글대다,pinggeuldaeda,Repeated intense heavy action of rapid spinning/whirling around (핑글대다).,Psychomime (State/Manner),Dynamics,Positive,Voiced (Heavy),Dark/Heavy/Large,Reduplication,pʰiŋgɯldɛda,8,5,7,2,5,5,210.0,1.88,5,3200.0,5.89,3,0,4,#800000,25.5,48.0,38.1,"Reflecting aspirated consonant /激音/ and dark vowel /陰性모음/ for a vector configuration of Weight 8, Time 5, and Flow 2.",,5,5,5,8,COMPOUND(복합・이종)
핑글하다,pinggeulhada,Heavy or dark state of being rapid spinning/whirling around (핑글하다).,Psychomime (State/Manner),Dynamics,Positive,Voiced (Heavy),Dark/Heavy/Large,-ri Ending,pʰiŋgɯlhada,8,5,7,2,5,5,210.0,1.88,5,3200.0,5.89,3,0,4,#800000,25.5,48.0,38.1,"Reflecting aspirated consonant /激音/ and dark vowel /陰性모음/ for a vector configuration of Weight 8, Time 5, and Flow 2.",,5,5,5,8,COMPOUND(복합・이종)
팽글핑글,paenggeulpinggeul,Alternating rhythm or variation of rapid spinning/whirling around (팽글핑글).,Psychomime (State/Manner),Dynamics,Positive,Unvoiced (Light),Bright/Light/Small,Reduplication,pʰɛŋgɯlpʰiŋgɯl,7,5,7,2,5,5,240.0,2.22,5,3200.0,5.89,3,0,4,#4B3621,24.5,6.4,16.8,"Reflecting aspirated consonant /激音/ and dark vowel /陰性모음/ for a vector configuration of Weight 7, Time 5, and Flow 2.",,5,5,5,8,COMPOUND(복합・이종)
데굴,degul,Manner or sound of rolling along the floor (데굴).,Psychomime (State/Manner),Dynamics,Positive,Unvoiced (Light),Bright/Light/Small,-ri Ending,degul,5,5,4,2,3,3,900.0,5.56,5,3200.0,5.89,3,0,4,#708090,52.8,-2.1,-10.6,"Reflecting plain consonant /平音/ and dark vowel /陰性모음/ for a vector configuration of Weight 5, Time 5, and Flow 2.",,5,5,5,8,COMPOUND(복합・이종)
데굴데굴,deguldegul,"Repeated, continuous manner or sound of rolling along the floor (데굴데굴).",Psychomime (State/Manner),Dynamics,Positive,Unvoiced (Light),Bright/Light/Small,Reduplication,deguldegul,5,4,4,2,3,3,900.0,5.56,4,3200.0,5.89,3,0,4,#708090,52.8,-2.1,-10.6,"Reflecting plain consonant /平音/ and dark vowel /陰性모음/ for a vector configuration of Weight 5, Time 4, and Flow 2.",,5,5,5,1,REDUP(첩어・동일)
데굴거리다,degulgeorida,Continuous motion or action of rolling along the floor (데굴거리다).,Psychomime (State/Manner),Dynamics,Positive,Unvoiced (Light),Bright/Light/Small,Reduplication,degulgʌrida,5,5,4,2,5,3,900.0,5.56,5,3200.0,5.89,3,0,4,#708090,52.8,-2.1,-10.6,"Reflecting plain consonant /平音/ and dark vowel /陰性모음/ for a vector configuration of Weight 5, Time 5, and Flow 2.",,5,5,5,8,COMPOUND(복합・이종)
데굴대다,deguldaeda,"Repeated, intense action of rolling along the floor (데굴대다).",Psychomime (State/Manner),Dynamics,Positive,Unvoiced (Light),Bright/Light/Small,Reduplication,deguldɛda,5,5,4,2,5,3,900.0,5.56,5,3200.0,5.89,3,0,4,#708090,52.8,-2.1,-10.6,"Reflecting plain consonant /平音/ and dark vowel /陰性모음/ for a vector configuration of Weight 5, Time 5, and Flow 2.",,5,5,5,8,COMPOUND(복합・이종)
데굴이다,degulida,Motion or state of rolling along the floor (데굴이다).,Psychomime (State/Manner),Dynamics,Positive,Unvoiced (Light),Bright/Light/Small,-ri Ending,degulida,5,5,4,2,5,3,900.0,5.56,5,3200.0,5.89,3,0,4,#708090,52.8,-2.1,-10.6,"Reflecting plain consonant /平音/ and dark vowel /陰性모음/ for a vector configuration of Weight 5, Time 5, and Flow 2.",,5,5,5,8,COMPOUND(복합・이종)
데굴하다,degulhada,State or quality of being rolling along the floor (데굴하다).,Psychomime (State/Manner),Dynamics,Positive,Unvoiced (Light),Bright/Light/Small,-ri Ending,degulhada,5,5,4,2,5,3,900.0,5.56,5,3200.0,5.89,3,0,4,#708090,52.8,-2.1,-10.6,"Reflecting plain consonant /平音/ and dark vowel /陰性모음/ for a vector configuration of Weight 5, Time 5, and Flow 2.",,5,5,5,8,COMPOUND(복합・이종)
데굴이,deguli,Adverbial state of rolling along the floor (데굴이).,Psychomime (State/Manner),Dynamics,Positive,Unvoiced (Light),Bright/Light/Small,-ri Ending,deguli,5,5,4,2,5,3,900.0,5.56,5,3200.0,5.89,3,0,4,#708090,52.8,-2.1,-10.6,"Reflecting plain consonant /平音/ and dark vowel /陰性모음/ for a vector configuration of Weight 5, Time 5, and Flow 2.",,5,5,5,8,COMPOUND(복합・이종)
두굴,dugul,Heavy or dark nuance of rolling along the floor (두굴).,Psychomime (State/Manner),Dynamics,Positive,Voiced (Heavy),Dark/Heavy/Large,-ri Ending,dugul,8,5,4,2,5,3,210.0,1.88,5,3200.0,5.89,3,0,4,#800000,25.5,48.0,38.1,"Reflecting plain consonant /平音/ and dark vowel /陰性모음/ for a vector configuration of Weight 8, Time 5, and Flow 2.",,5,5,5,8,COMPOUND(복합・이종)
두굴두굴,duguldugul,Repeated heavy or dark nuance of rolling along the floor (두굴두굴).,Psychomime (State/Manner),Dynamics,Positive,Voiced (Heavy),Dark/Heavy/Large,Reduplication,duguldugul,8,4,4,2,5,3,210.0,1.88,4,3200.0,5.89,3,0,4,#800000,25.5,48.0,38.1,"Reflecting plain consonant /平音/ and dark vowel /陰性모음/ for a vector configuration of Weight 8, Time 4, and Flow 2.",,5,5,5,1,REDUP(첩어・동일)
두굴거리다,dugulgeorida,Continuous heavy motion of rolling along the floor (두굴거리다).,Psychomime (State/Manner),Dynamics,Positive,Voiced (Heavy),Dark/Heavy/Large,Reduplication,dugulgʌrida,8,5,4,2,5,3,210.0,1.88,5,3200.0,5.89,3,0,4,#800000,25.5,48.0,38.1,"Reflecting plain consonant /平音/ and dark vowel /陰性모음/ for a vector configuration of Weight 8, Time 5, and Flow 2.",,5,5,5,8,COMPOUND(복합・이종)
두굴대다,duguldaeda,Repeated intense heavy action of rolling along the floor (두굴대다).,Psychomime (State/Manner),Dynamics,Positive,Voiced (Heavy),Dark/Heavy/Large,Reduplication,duguldɛda,8,5,4,2,5,3,210.0,1.88,5,3200.0,5.89,3,0,4,#800000,25.5,48.0,38.1,"Reflecting plain consonant /平音/ and dark vowel /陰性모음/ for a vector configuration of Weight 8, Time 5, and Flow 2.",,5,5,5,8,COMPOUND(복합・이종)
두굴하다,dugulhada,Heavy or dark state of being rolling along the floor (두굴하다).,Psychomime (State/Manner),Dynamics,Positive,Voiced (Heavy),Dark/Heavy/Large,-ri Ending,dugulhada,8,5,4,2,5,3,210.0,1.88,5,3200.0,5.89,3,0,4,#800000,25.5,48.0,38.1,"Reflecting plain consonant /平音/ and dark vowel /陰性모음/ for a vector configuration of Weight 8, Time 5, and Flow 2.",,5,5,5,8,COMPOUND(복합・이종)
데굴두굴,deguldugul,Alternating rhythm or variation of rolling along the floor (데굴두굴).,Psychomime (State/Manner),Dynamics,Positive,Unvoiced (Light),Bright/Light/Small,Reduplication,deguldugul,5,5,4,2,5,3,900.0,5.56,5,3200.0,5.89,3,0,4,#708090,52.8,-2.1,-10.6,"Reflecting plain consonant /平音/ and dark vowel /陰性모음/ for a vector configuration of Weight 5, Time 5, and Flow 2.",,5,5,5,8,COMPOUND(복합・이종)
뒹굴,dwinggul,Manner or sound of tumbling or rolling around lazily (뒹굴).,Psychomime (State/Manner),Dynamics,Neutral,Unvoiced (Light),Bright/Light/Small,-ri Ending,dwiŋgul,5,5,4,2,3,5,900.0,5.56,5,3200.0,5.89,3,0,4,#708090,52.8,-2.1,-10.6,"Reflecting plain consonant /平音/ and dark vowel /陰性모음/ for a vector configuration of Weight 5, Time 5, and Flow 2.",,5,5,5,8,COMPOUND(복합・이종)
뒹굴뒹굴,dwingguldwinggul,"Repeated, continuous manner or sound of tumbling or rolling around lazily (뒹굴뒹굴).",Psychomime (State/Manner),Dynamics,Neutral,Unvoiced (Light),Bright/Light/Small,Reduplication,dwiŋguldwiŋgul,5,4,4,2,3,5,900.0,5.56,4,3200.0,5.89,3,0,4,#708090,52.8,-2.1,-10.6,"Reflecting plain consonant /平音/ and dark vowel /陰性모음/ for a vector configuration of Weight 5, Time 4, and Flow 2.",,5,5,5,1,REDUP(첩어・동일)
뒹굴거리다,dwinggulgeorida,Continuous motion or action of tumbling or rolling around lazily (뒹굴거리다).,Psychomime (State/Manner),Dynamics,Neutral,Unvoiced (Light),Bright/Light/Small,Reduplication,dwiŋgulgʌrida,5,5,4,2,5,5,900.0,5.56,5,3200.0,5.89,3,0,4,#708090,52.8,-2.1,-10.6,"Reflecting plain consonant /平音/ and dark vowel /陰性모음/ for a vector configuration of Weight 5, Time 5, and Flow 2.",,5,5,5,8,COMPOUND(복합・이종)
뒹굴대다,dwingguldaeda,"Repeated, intense action of tumbling or rolling around lazily (뒹굴대다).",Psychomime (State/Manner),Dynamics,Neutral,Unvoiced (Light),Bright/Light/Small,Reduplication,dwiŋguldɛda,5,5,4,2,5,5,900.0,5.56,5,3200.0,5.89,3,0,4,#708090,52.8,-2.1,-10.6,"Reflecting plain consonant /平音/ and dark vowel /陰性모음/ for a vector configuration of Weight 5, Time 5, and Flow 2.",,5,5,5,8,COMPOUND(복합・이종)
뒹굴이다,dwinggulida,Motion or state of tumbling or rolling around lazily (뒹굴이다).,Psychomime (State/Manner),Dynamics,Neutral,Unvoiced (Light),Bright/Light/Small,-ri Ending,dwiŋgulida,5,5,4,2,5,5,900.0,5.56,5,3200.0,5.89,3,0,4,#708090,52.8,-2.1,-10.6,"Reflecting plain consonant /平音/ and dark vowel /陰性모음/ for a vector configuration of Weight 5, Time 5, and Flow 2.",,5,5,5,8,COMPOUND(복합・이종)
뒹굴하다,dwinggulhada,State or quality of being tumbling or rolling around lazily (뒹굴하다).,Psychomime (State/Manner),Dynamics,Neutral,Unvoiced (Light),Bright/Light/Small,-ri Ending,dwiŋgulhada,5,5,4,2,5,5,900.0,5.56,5,3200.0,5.89,3,0,4,#708090,52.8,-2.1,-10.6,"Reflecting plain consonant /平音/ and dark vowel /陰性모음/ for a vector configuration of Weight 5, Time 5, and Flow 2.",,5,5,5,8,COMPOUND(복합・이종)
뒹굴이,dwingguli,Adverbial state of tumbling or rolling around lazily (뒹굴이).,Psychomime (State/Manner),Dynamics,Neutral,Unvoiced (Light),Bright/Light/Small,-ri Ending,dwiŋguli,5,5,4,2,5,5,900.0,5.56,5,3200.0,5.89,3,0,4,#708090,52.8,-2.1,-10.6,"Reflecting plain consonant /平音/ and dark vowel /陰性모음/ for a vector configuration of Weight 5, Time 5, and Flow 2.",,5,5,5,8,COMPOUND(복합・이종)
댕굴,daenggul,Heavy or dark nuance of tumbling or rolling around lazily (댕굴).,Psychomime (State/Manner),Dynamics,Neutral,Voiced (Heavy),Dark/Heavy/Large,-ri Ending,dɛŋgul,8,5,4,2,5,5,210.0,1.88,5,3200.0,5.89,3,0,4,#800000,25.5,48.0,38.1,"Reflecting plain consonant /平音/ and dark vowel /陰性모음/ for a vector configuration of Weight 8, Time 5, and Flow 2.",,5,5,5,8,COMPOUND(복합・이종)
댕굴댕굴,daengguldaenggul,Repeated heavy or dark nuance of tumbling or rolling around lazily (댕굴댕굴).,Psychomime (State/Manner),Dynamics,Neutral,Voiced (Heavy),Dark/Heavy/Large,Reduplication,dɛŋguldɛŋgul,8,4,4,2,5,5,210.0,1.88,4,3200.0,5.89,3,0,4,#800000,25.5,48.0,38.1,"Reflecting plain consonant /平音/ and dark vowel /陰性모음/ for a vector configuration of Weight 8, Time 4, and Flow 2.",,5,5,5,1,REDUP(첩어・동일)
댕굴거리다,daenggulgeorida,Continuous heavy motion of tumbling or rolling around lazily (댕굴거리다).,Psychomime (State/Manner),Dynamics,Neutral,Voiced (Heavy),Dark/Heavy/Large,Reduplication,dɛŋgulgʌrida,8,5,4,2,5,5,210.0,1.88,5,3200.0,5.89,3,0,4,#800000,25.5,48.0,38.1,"Reflecting plain consonant /平音/ and dark vowel /陰性모음/ for a vector configuration of Weight 8, Time 5, and Flow 2.",,5,5,5,8,COMPOUND(복합・이종)
댕굴대다,daengguldaeda,Repeated intense heavy action of tumbling or rolling around lazily (댕굴대다).,Psychomime (State/Manner),Dynamics,Neutral,Voiced (Heavy),Dark/Heavy/Large,Reduplication,dɛŋguldɛda,8,5,4,2,5,5,210.0,1.88,5,3200.0,5.89,3,0,4,#800000,25.5,48.0,38.1,"Reflecting plain consonant /平音/ and dark vowel /陰性모음/ for a vector configuration of Weight 8, Time 5, and Flow 2.",,5,5,5,8,COMPOUND(복합・이종)
댕굴하다,daenggulhada,Heavy or dark state of being tumbling or rolling around lazily (댕굴하다).,Psychomime (State/Manner),Dynamics,Neutral,Voiced (Heavy),Dark/Heavy/Large,-ri Ending,dɛŋgulhada,8,5,4,2,5,5,210.0,1.88,5,3200.0,5.89,3,0,4,#800000,25.5,48.0,38.1,"Reflecting plain consonant /平音/ and dark vowel /陰性모음/ for a vector configuration of Weight 8, Time 5, and Flow 2.",,5,5,5,8,COMPOUND(복합・이종)
뒹굴댕굴,dwingguldaenggul,Alternating rhythm or variation of tumbling or rolling around lazily (뒹굴댕굴).,Psychomime (State/Manner),Dynamics,Neutral,Unvoiced (Light),Bright/Light/Small,Reduplication,dwiŋguldɛŋgul,5,5,4,2,5,5,900.0,5.56,5,3200.0,5.89,3,0,4,#708090,52.8,-2.1,-10.6,"Reflecting plain consonant /平音/ and dark vowel /陰性모음/ for a vector configuration of Weight 5, Time 5, and Flow 2.",,5,5,5,8,COMPOUND(복합・이종)
가물,gamul,Manner or sound of faint/dimly flickering memory or light (가물).,Psychomime (State/Manner),Color/Light,Positive,Unvoiced (Light),Bright/Light/Small,-ri Ending,gamul,2,5,4,2,3,5,1800.0,7.32,5,3200.0,5.89,3,0,4,#FFD700,86.9,-1.9,87.1,"Reflecting plain consonant /平音/ and dark vowel /陰性모음/ for a vector configuration of Weight 2, Time 5, and Flow 2.",,5,5,5,8,COMPOUND(복합・이종)
가물가물,gamulgamul,"Repeated, continuous manner or sound of faint/dimly flickering memory or light (가물가물).",Psychomime (State/Manner),Color/Light,Positive,Unvoiced (Light),Bright/Light/Small,Reduplication,gamulgamul,2,4,4,2,3,5,1800.0,7.32,4,3200.0,5.89,3,0,4,#FFD700,86.9,-1.9,87.1,"Reflecting plain consonant /平音/ and dark vowel /陰性모음/ for a vector configuration of Weight 2, Time 4, and Flow 2.",,5,5,5,1,REDUP(첩어・동일)
가물거리다,gamulgeorida,Continuous motion or action of faint/dimly flickering memory or light (가물거리다).,Psychomime (State/Manner),Color/Light,Positive,Unvoiced (Light),Bright/Light/Small,Reduplication,gamulgʌrida,2,5,4,2,5,5,1800.0,7.32,5,3200.0,5.89,3,0,4,#FFD700,86.9,-1.9,87.1,"Reflecting plain consonant /平音/ and dark vowel /陰性모음/ for a vector configuration of Weight 2, Time 5, and Flow 2.",,5,5,5,8,COMPOUND(복합・이종)
가물대다,gamuldaeda,"Repeated, intense action of faint/dimly flickering memory or light (가물대다).",Psychomime (State/Manner),Color/Light,Positive,Unvoiced (Light),Bright/Light/Small,Reduplication,gamuldɛda,2,5,4,2,5,5,1800.0,7.32,5,3200.0,5.89,3,0,4,#FFD700,86.9,-1.9,87.1,"Reflecting plain consonant /平音/ and dark vowel /陰性모음/ for a vector configuration of Weight 2, Time 5, and Flow 2.",,5,5,5,8,COMPOUND(복합・이종)
가물이다,gamulida,Motion or state of faint/dimly flickering memory or light (가물이다).,Psychomime (State/Manner),Color/Light,Positive,Unvoiced (Light),Bright/Light/Small,-ri Ending,gamulida,2,5,4,2,5,5,1800.0,7.32,5,3200.0,5.89,3,0,4,#FFD700,86.9,-1.9,87.1,"Reflecting plain consonant /平音/ and dark vowel /陰性모음/ for a vector configuration of Weight 2, Time 5, and Flow 2.",,5,5,5,8,COMPOUND(복합・이종)
가물하다,gamulhada,State or quality of being faint/dimly flickering memory or light (가물하다).,Psychomime (State/Manner),Color/Light,Positive,Unvoiced (Light),Bright/Light/Small,-ri Ending,gamulhada,2,5,4,2,5,5,1800.0,7.32,5,3200.0,5.89,3,0,4,#FFD700,86.9,-1.9,87.1,"Reflecting plain consonant /平音/ and dark vowel /陰性모음/ for a vector configuration of Weight 2, Time 5, and Flow 2.",,5,5,5,8,COMPOUND(복합・이종)
가물이,gamuli,Adverbial state of faint/dimly flickering memory or light (가물이).,Psychomime (State/Manner),Color/Light,Positive,Unvoiced (Light),Bright/Light/Small,-ri Ending,gamuli,2,5,4,2,5,5,1800.0,7.32,5,3200.0,5.89,3,0,4,#FFD700,86.9,-1.9,87.1,"Reflecting plain consonant /平音/ and dark vowel /陰性모음/ for a vector configuration of Weight 2, Time 5, and Flow 2.",,5,5,5,8,COMPOUND(복합・이종)
아련,aryeon,Heavy or dark nuance of faint/dimly flickering memory or light (아련).,Psychomime (State/Manner),Color/Light,Positive,Voiced (Heavy),Dark/Heavy/Large,-ri Ending,aryʌn,5,5,4,5,5,5,300.0,2.78,5,3200.0,5.89,3,0,4,#FFD700,86.9,-1.9,87.1,"Reflecting plain consonant /平音/ and bright vowel /陽性모음/ for a vector configuration of Weight 5, Time 5, and Flow 5.",,5,5,5,8,COMPOUND(복합・이종)
아련아련,aryeonaryeon,Repeated heavy or dark nuance of faint/dimly flickering memory or light (아련아련).,Psychomime (State/Manner),Color/Light,Positive,Voiced (Heavy),Dark/Heavy/Large,Reduplication,aryʌnaryʌn,5,4,4,5,5,5,300.0,2.78,4,3200.0,5.89,3,0,4,#FFD700,86.9,-1.9,87.1,"Reflecting plain consonant /平音/ and bright vowel /陽性모음/ for a vector configuration of Weight 5, Time 4, and Flow 5.",,5,5,5,1,REDUP(첩어・동일)
아련거리다,aryeongeorida,Continuous heavy motion of faint/dimly flickering memory or light (아련거리다).,Psychomime (State/Manner),Color/Light,Positive,Voiced (Heavy),Dark/Heavy/Large,Reduplication,aryʌŋʌrida,5,5,4,5,5,5,300.0,2.78,5,3200.0,5.89,3,0,4,#FFD700,86.9,-1.9,87.1,"Reflecting plain consonant /平音/ and dark vowel /陰性모음/ for a vector configuration of Weight 5, Time 5, and Flow 5.",,5,5,5,8,COMPOUND(복합・이종)
아련대다,aryeondaeda,Repeated intense heavy action of faint/dimly flickering memory or light (아련대다).,Psychomime (State/Manner),Color/Light,Positive,Voiced (Heavy),Dark/Heavy/Large,Reduplication,aryʌndɛda,5,5,4,5,5,5,300.0,2.78,5,3200.0,5.89,3,0,4,#FFD700,86.9,-1.9,87.1,"Reflecting plain consonant /平音/ and bright vowel /陽性모음/ for a vector configuration of Weight 5, Time 5, and Flow 5.",,5,5,5,8,COMPOUND(복합・이종)
아련하다,aryeonhada,Heavy or dark state of being faint/dimly flickering memory or light (아련하다).,Psychomime (State/Manner),Color/Light,Positive,Voiced (Heavy),Dark/Heavy/Large,-ri Ending,aryʌnhada,5,5,4,2,5,5,300.0,2.78,5,3200.0,5.89,3,0,4,#FFD700,86.9,-1.9,87.1,"Reflecting plain consonant /平音/ and bright vowel /陽性모음/ for a vector configuration of Weight 5, Time 5, and Flow 2.",,5,5,5,8,COMPOUND(복합・이종)
가물아련,gamularyeon,Alternating rhythm or variation of faint/dimly flickering memory or light (가물아련).,Psychomime (State/Manner),Color/Light,Positive,Unvoiced (Light),Bright/Light/Small,Reduplication,gamularyʌn,2,5,4,2,5,5,1800.0,7.32,5,3200.0,5.89,3,0,4,#FFD700,86.9,-1.9,87.1,"Reflecting plain consonant /平音/ and dark vowel /陰性모음/ for a vector configuration of Weight 2, Time 5, and Flow 2.",,5,5,5,8,COMPOUND(복합・이종)
우글,ugeul,Manner or sound of swarming/teeming crowd or boiling (우글).,Psychomime (State/Manner),Density/Distance,Neutral,Unvoiced (Light),Bright/Light/Small,-ri Ending,ugɯl,5,5,4,2,3,3,900.0,5.56,5,3200.0,5.89,3,0,4,#708090,52.8,-2.1,-10.6,"Reflecting plain consonant /平音/ and dark vowel /陰性모음/ for a vector configuration of Weight 5, Time 5, and Flow 2.",,5,5,5,8,COMPOUND(복합・이종)
우글우글,ugeulugeul,"Repeated, continuous manner or sound of swarming/teeming crowd or boiling (우글우글).",Psychomime (State/Manner),Density/Distance,Neutral,Unvoiced (Light),Bright/Light/Small,Reduplication,ugɯlugɯl,5,4,4,2,3,3,900.0,5.56,4,3200.0,5.89,3,0,4,#708090,52.8,-2.1,-10.6,"Reflecting plain consonant /平音/ and dark vowel /陰性모음/ for a vector configuration of Weight 5, Time 4, and Flow 2.",,5,5,5,1,REDUP(첩어・동일)
우글거리다,ugeulgeorida,Continuous motion or action of swarming/teeming crowd or boiling (우글거리다).,Psychomime (State/Manner),Density/Distance,Neutral,Unvoiced (Light),Bright/Light/Small,Reduplication,ugɯlgʌrida,5,5,4,2,5,3,900.0,5.56,5,3200.0,5.89,3,0,4,#708090,52.8,-2.1,-10.6,"Reflecting plain consonant /平音/ and dark vowel /陰性모음/ for a vector configuration of Weight 5, Time 5, and Flow 2.",,5,5,5,8,COMPOUND(복합・이종)
우글대다,ugeuldaeda,"Repeated, intense action of swarming/teeming crowd or boiling (우글대다).",Psychomime (State/Manner),Density/Distance,Neutral,Unvoiced (Light),Bright/Light/Small,Reduplication,ugɯldɛda,5,5,4,2,5,3,900.0,5.56,5,3200.0,5.89,3,0,4,#708090,52.8,-2.1,-10.6,"Reflecting plain consonant /平音/ and dark vowel /陰性모음/ for a vector configuration of Weight 5, Time 5, and Flow 2.",,5,5,5,8,COMPOUND(복합・이종)
우글이다,ugeulida,Motion or state of swarming/teeming crowd or boiling (우글이다).,Psychomime (State/Manner),Density/Distance,Neutral,Unvoiced (Light),Bright/Light/Small,-ri Ending,ugɯlida,5,5,4,2,5,3,900.0,5.56,5,3200.0,5.89,3,0,4,#708090,52.8,-2.1,-10.6,"Reflecting plain consonant /平音/ and dark vowel /陰性모음/ for a vector configuration of Weight 5, Time 5, and Flow 2.",,5,5,5,8,COMPOUND(복합・이종)
우글하다,ugeulhada,State or quality of being swarming/teeming crowd or boiling (우글하다).,Psychomime (State/Manner),Density/Distance,Neutral,Unvoiced (Light),Bright/Light/Small,-ri Ending,ugɯlhada,5,5,4,2,5,3,900.0,5.56,5,3200.0,5.89,3,0,4,#708090,52.8,-2.1,-10.6,"Reflecting plain consonant /平音/ and dark vowel /陰性모음/ for a vector configuration of Weight 5, Time 5, and Flow 2.",,5,5,5,8,COMPOUND(복합・이종)
우글이,ugeuli,Adverbial state of swarming/teeming crowd or boiling (우글이).,Psychomime (State/Manner),Density/Distance,Neutral,Unvoiced (Light),Bright/Light/Small,-ri Ending,ugɯli,5,5,4,2,5,3,900.0,5.56,5,3200.0,5.89,3,0,4,#708090,52.8,-2.1,-10.6,"Reflecting plain consonant /平音/ and dark vowel /陰性모음/ for a vector configuration of Weight 5, Time 5, and Flow 2.",,5,5,5,8,COMPOUND(복합・이종)
바글,bageul,Heavy or dark nuance of swarming/teeming crowd or boiling (바글).,Psychomime (State/Manner),Density/Distance,Neutral,Voiced (Heavy),Dark/Heavy/Large,-ri Ending,bagɯl,8,5,4,2,5,3,210.0,1.88,5,3200.0,5.89,3,0,4,#800000,25.5,48.0,38.1,"Reflecting plain consonant /平音/ and dark vowel /陰性모음/ for a vector configuration of Weight 8, Time 5, and Flow 2.",,5,5,5,8,COMPOUND(복합・이종)
바글바글,bageulbageul,Repeated heavy or dark nuance of swarming/teeming crowd or boiling (바글바글).,Psychomime (State/Manner),Density/Distance,Neutral,Voiced (Heavy),Dark/Heavy/Large,Reduplication,bagɯlbagɯl,8,4,4,2,5,3,210.0,1.88,4,3200.0,5.89,3,0,4,#800000,25.5,48.0,38.1,"Reflecting plain consonant /平音/ and dark vowel /陰性모음/ for a vector configuration of Weight 8, Time 4, and Flow 2.",,5,5,5,1,REDUP(첩어・동일)
바글거리다,bageulgeorida,Continuous heavy motion of swarming/teeming crowd or boiling (바글거리다).,Psychomime (State/Manner),Density/Distance,Neutral,Voiced (Heavy),Dark/Heavy/Large,Reduplication,bagɯlgʌrida,8,5,4,2,5,3,210.0,1.88,5,3200.0,5.89,3,0,4,#800000,25.5,48.0,38.1,"Reflecting plain consonant /平音/ and dark vowel /陰性모음/ for a vector configuration of Weight 8, Time 5, and Flow 2.",,5,5,5,8,COMPOUND(복합・이종)
바글대다,bageuldaeda,Repeated intense heavy action of swarming/teeming crowd or boiling (바글대다).,Psychomime (State/Manner),Density/Distance,Neutral,Voiced (Heavy),Dark/Heavy/Large,Reduplication,bagɯldɛda,8,5,4,2,5,3,210.0,1.88,5,3200.0,5.89,3,0,4,#800000,25.5,48.0,38.1,"Reflecting plain consonant /平音/ and dark vowel /陰性모음/ for a vector configuration of Weight 8, Time 5, and Flow 2.",,5,5,5,8,COMPOUND(복합・이종)
바글하다,bageulhada,Heavy or dark state of being swarming/teeming crowd or boiling (바글하다).,Psychomime (State/Manner),Density/Distance,Neutral,Voiced (Heavy),Dark/Heavy/Large,-ri Ending,bagɯlhada,8,5,4,2,5,3,210.0,1.88,5,3200.0,5.89,3,0,4,#800000,25.5,48.0,38.1,"Reflecting plain consonant /平音/ and dark vowel /陰性모음/ for a vector configuration of Weight 8, Time 5, and Flow 2.",,5,5,5,8,COMPOUND(복합・이종)
우글바글,ugeulbageul,Alternating rhythm or variation of swarming/teeming crowd or boiling (우글바글).,Psychomime (State/Manner),Density/Distance,Neutral,Unvoiced (Light),Bright/Light/Small,Reduplication,ugɯlbagɯl,5,5,4,2,5,3,900.0,5.56,5,3200.0,5.89,3,0,4,#708090,52.8,-2.1,-10.6,"Reflecting plain consonant /平音/ and dark vowel /陰性모음/ for a vector configuration of Weight 5, Time 5, and Flow 2.",,5,5,5,8,COMPOUND(복합・이종)
자글,jageul,Manner or sound of simmering/boiling liquid sound (자글).,Phenomime (Sound),Taste,Positive,Unvoiced (Light),Bright/Light/Small,-ri Ending,tɕagɯl,5,5,4,2,3,8,900.0,5.56,5,3200.0,5.89,3,0,4,#4682B4,52.5,-4.1,-32.2,"Reflecting plain consonant /平音/ and dark vowel /陰性모음/ for a vector configuration of Weight 5, Time 5, and Flow 2.",,5,5,5,8,COMPOUND(복합・이종)
자글자글,jageuljageul,"Repeated, continuous manner or sound of simmering/boiling liquid sound (자글자글).",Phenomime (Sound),Taste,Positive,Unvoiced (Light),Bright/Light/Small,Reduplication,tɕagɯltɕagɯl,5,4,4,2,3,8,900.0,5.56,4,3200.0,5.89,3,0,4,#4682B4,52.5,-4.1,-32.2,"Reflecting plain consonant /平音/ and dark vowel /陰性모음/ for a vector configuration of Weight 5, Time 4, and Flow 2.",,5,5,5,1,REDUP(첩어・동일)
자글거리다,jageulgeorida,Continuous motion or action of simmering/boiling liquid sound (자글거리다).,Phenomime (Sound),Taste,Positive,Unvoiced (Light),Bright/Light/Small,Reduplication,tɕagɯlgʌrida,5,5,4,2,3,8,900.0,5.56,5,3200.0,5.89,3,0,4,#4682B4,52.5,-4.1,-32.2,"Reflecting plain consonant /平音/ and dark vowel /陰性모음/ for a vector configuration of Weight 5, Time 5, and Flow 2.",,5,5,5,8,COMPOUND(복합・이종)
자글대다,jageuldaeda,"Repeated, intense action of simmering/boiling liquid sound (자글대다).",Phenomime (Sound),Taste,Positive,Unvoiced (Light),Bright/Light/Small,Reduplication,tɕagɯldɛda,5,5,4,2,3,8,900.0,5.56,5,3200.0,5.89,3,0,4,#4682B4,52.5,-4.1,-32.2,"Reflecting plain consonant /平音/ and dark vowel /陰性모음/ for a vector configuration of Weight 5, Time 5, and Flow 2.",,5,5,5,8,COMPOUND(복합・이종)
자글이다,jageulida,Motion or state of simmering/boiling liquid sound (자글이다).,Phenomime (Sound),Taste,Positive,Unvoiced (Light),Bright/Light/Small,-ri Ending,tɕagɯlida,5,5,4,2,3,8,900.0,5.56,5,3200.0,5.89,3,0,4,#4682B4,52.5,-4.1,-32.2,"Reflecting plain consonant /平音/ and dark vowel /陰性모음/ for a vector configuration of Weight 5, Time 5, and Flow 2.",,5,5,5,8,COMPOUND(복합・이종)
자글하다,jageulhada,State or quality of being simmering/boiling liquid sound (자글하다).,Phenomime (Sound),Taste,Positive,Unvoiced (Light),Bright/Light/Small,-ri Ending,tɕagɯlhada,5,5,4,2,3,8,900.0,5.56,5,3200.0,5.89,3,0,4,#4682B4,52.5,-4.1,-32.2,"Reflecting plain consonant /平音/ and dark vowel /陰性모음/ for a vector configuration of Weight 5, Time 5, and Flow 2.",,5,5,5,8,COMPOUND(복합・이종)
자글이,jageuli,Adverbial state of simmering/boiling liquid sound (자글이).,Phenomime (Sound),Taste,Positive,Unvoiced (Light),Bright/Light/Small,-ri Ending,tɕagɯli,5,5,4,2,3,8,900.0,5.56,5,3200.0,5.89,3,0,4,#4682B4,52.5,-4.1,-32.2,"Reflecting plain consonant /平音/ and dark vowel /陰性모음/ for a vector configuration of Weight 5, Time 5, and Flow 2.",,5,5,5,8,COMPOUND(복합・이종)
보글,bogeul,Heavy or dark nuance of simmering/boiling liquid sound (보글).,Phenomime (Sound),Taste,Positive,Voiced (Heavy),Dark/Heavy/Large,-ri Ending,bogɯl,8,5,4,2,3,8,210.0,1.88,5,3200.0,5.89,3,0,4,#800000,25.5,48.0,38.1,"Reflecting plain consonant /平音/ and dark vowel /陰性모음/ for a vector configuration of Weight 8, Time 5, and Flow 2.",,5,5,5,8,COMPOUND(복합・이종)
보글보글,bogeulbogeul,Repeated heavy or dark nuance of simmering/boiling liquid sound (보글보글).,Phenomime (Sound),Taste,Positive,Voiced (Heavy),Dark/Heavy/Large,Reduplication,bogɯlbogɯl,8,4,4,2,3,8,210.0,1.88,4,3200.0,5.89,3,0,4,#800000,25.5,48.0,38.1,"Reflecting plain consonant /平音/ and dark vowel /陰性모음/ for a vector configuration of Weight 8, Time 4, and Flow 2.",,5,5,5,1,REDUP(첩어・동일)
보글거리다,bogeulgeorida,Continuous heavy motion of simmering/boiling liquid sound (보글거리다).,Phenomime (Sound),Taste,Positive,Voiced (Heavy),Dark/Heavy/Large,Reduplication,bogɯlgʌrida,8,5,4,2,3,8,210.0,1.88,5,3200.0,5.89,3,0,4,#800000,25.5,48.0,38.1,"Reflecting plain consonant /平音/ and dark vowel /陰性모음/ for a vector configuration of Weight 8, Time 5, and Flow 2.",,5,5,5,8,COMPOUND(복합・이종)
보글대다,bogeuldaeda,Repeated intense heavy action of simmering/boiling liquid sound (보글대다).,Phenomime (Sound),Taste,Positive,Voiced (Heavy),Dark/Heavy/Large,Reduplication,bogɯldɛda,8,5,4,2,3,8,210.0,1.88,5,3200.0,5.89,3,0,4,#800000,25.5,48.0,38.1,"Reflecting plain consonant /平音/ and dark vowel /陰性모음/ for a vector configuration of Weight 8, Time 5, and Flow 2.",,5,5,5,8,COMPOUND(복합・이종)
보글하다,bogeulhada,Heavy or dark state of being simmering/boiling liquid sound (보글하다).,Phenomime (Sound),Taste,Positive,Voiced (Heavy),Dark/Heavy/Large,-ri Ending,bogɯlhada,8,5,4,2,3,8,210.0,1.88,5,3200.0,5.89,3,0,4,#800000,25.5,48.0,38.1,"Reflecting plain consonant /平音/ and dark vowel /陰性모음/ for a vector configuration of Weight 8, Time 5, and Flow 2.",,5,5,5,8,COMPOUND(복합・이종)
자글보글,jageulbogeul,Alternating rhythm or variation of simmering/boiling liquid sound (자글보글).,Phenomime (Sound),Taste,Positive,Unvoiced (Light),Bright/Light/Small,Reduplication,tɕagɯlbogɯl,5,5,4,2,3,8,900.0,5.56,5,3200.0,5.89,3,0,4,#4682B4,52.5,-4.1,-32.2,"Reflecting plain consonant /平音/ and dark vowel /陰性모음/ for a vector configuration of Weight 5, Time 5, and Flow 2.",,5,5,5,8,COMPOUND(복합・이종)
부글,bugeul,Manner or sound of bubbling/sizzling cooking sound (부글).,Phenomime (Sound),Taste,Neutral,Unvoiced (Light),Bright/Light/Small,-ri Ending,bugɯl,5,5,4,2,3,3,900.0,5.56,5,3200.0,5.89,3,0,4,#708090,52.8,-2.1,-10.6,"Reflecting plain consonant /平音/ and dark vowel /陰性모음/ for a vector configuration of Weight 5, Time 5, and Flow 2.",,5,5,5,8,COMPOUND(복합・이종)
부글부글,bugeulbugeul,"Repeated, continuous manner or sound of bubbling/sizzling cooking sound (부글부글).",Phenomime (Sound),Taste,Neutral,Unvoiced (Light),Bright/Light/Small,Reduplication,bugɯlbugɯl,5,4,4,2,3,3,900.0,5.56,4,3200.0,5.89,3,0,4,#708090,52.8,-2.1,-10.6,"Reflecting plain consonant /平音/ and dark vowel /陰性모음/ for a vector configuration of Weight 5, Time 4, and Flow 2.",,5,5,5,1,REDUP(첩어・동일)
부글거리다,bugeulgeorida,Continuous motion or action of bubbling/sizzling cooking sound (부글거리다).,Phenomime (Sound),Taste,Neutral,Unvoiced (Light),Bright/Light/Small,Reduplication,bugɯlgʌrida,5,5,4,2,3,3,900.0,5.56,5,3200.0,5.89,3,0,4,#708090,52.8,-2.1,-10.6,"Reflecting plain consonant /平音/ and dark vowel /陰性모음/ for a vector configuration of Weight 5, Time 5, and Flow 2.",,5,5,5,8,COMPOUND(복합・이종)
부글대다,bugeuldaeda,"Repeated, intense action of bubbling/sizzling cooking sound (부글대다).",Phenomime (Sound),Taste,Neutral,Unvoiced (Light),Bright/Light/Small,Reduplication,bugɯldɛda,5,5,4,2,3,3,900.0,5.56,5,3200.0,5.89,3,0,4,#708090,52.8,-2.1,-10.6,"Reflecting plain consonant /平音/ and dark vowel /陰性모음/ for a vector configuration of Weight 5, Time 5, and Flow 2.",,5,5,5,8,COMPOUND(복합・이종)
부글이다,bugeulida,Motion or state of bubbling/sizzling cooking sound (부글이다).,Phenomime (Sound),Taste,Neutral,Unvoiced (Light),Bright/Light/Small,-ri Ending,bugɯlida,5,5,4,2,3,3,900.0,5.56,5,3200.0,5.89,3,0,4,#708090,52.8,-2.1,-10.6,"Reflecting plain consonant /平音/ and dark vowel /陰性모음/ for a vector configuration of Weight 5, Time 5, and Flow 2.",,5,5,5,8,COMPOUND(복합・이종)
부글하다,bugeulhada,State or quality of being bubbling/sizzling cooking sound (부글하다).,Phenomime (Sound),Taste,Neutral,Unvoiced (Light),Bright/Light/Small,-ri Ending,bugɯlhada,5,5,4,2,3,3,900.0,5.56,5,3200.0,5.89,3,0,4,#708090,52.8,-2.1,-10.6,"Reflecting plain consonant /平音/ and dark vowel /陰性모음/ for a vector configuration of Weight 5, Time 5, and Flow 2.",,5,5,5,8,COMPOUND(복합・이종)
부글이,bugeuli,Adverbial state of bubbling/sizzling cooking sound (부글이).,Phenomime (Sound),Taste,Neutral,Unvoiced (Light),Bright/Light/Small,-ri Ending,bugɯli,5,5,4,2,3,3,900.0,5.56,5,3200.0,5.89,3,0,4,#708090,52.8,-2.1,-10.6,"Reflecting plain consonant /平音/ and dark vowel /陰性모음/ for a vector configuration of Weight 5, Time 5, and Flow 2.",,5,5,5,8,COMPOUND(복합・이종)
지글,jigeul,Heavy or dark nuance of bubbling/sizzling cooking sound (지글).,Phenomime (Sound),Taste,Neutral,Voiced (Heavy),Dark/Heavy/Large,-ri Ending,tɕigɯl,8,5,4,2,3,3,210.0,1.88,5,3200.0,5.89,3,0,4,#800000,25.5,48.0,38.1,"Reflecting plain consonant /平音/ and dark vowel /陰性모음/ for a vector configuration of Weight 8, Time 5, and Flow 2.",,5,5,5,8,COMPOUND(복합・이종)
지글지글,jigeuljigeul,Repeated heavy or dark nuance of bubbling/sizzling cooking sound (지글지글).,Phenomime (Sound),Taste,Neutral,Voiced (Heavy),Dark/Heavy/Large,Reduplication,tɕigɯltɕigɯl,8,4,4,2,3,3,210.0,1.88,4,3200.0,5.89,3,0,4,#800000,25.5,48.0,38.1,"Reflecting plain consonant /平音/ and dark vowel /陰性모음/ for a vector configuration of Weight 8, Time 4, and Flow 2.",,5,5,5,1,REDUP(첩어・동일)
지글거리다,jigeulgeorida,Continuous heavy motion of bubbling/sizzling cooking sound (지글거리다).,Phenomime (Sound),Taste,Neutral,Voiced (Heavy),Dark/Heavy/Large,Reduplication,tɕigɯlgʌrida,8,5,4,2,3,3,210.0,1.88,5,3200.0,5.89,3,0,4,#800000,25.5,48.0,38.1,"Reflecting plain consonant /平音/ and dark vowel /陰性모음/ for a vector configuration of Weight 8, Time 5, and Flow 2.",,5,5,5,8,COMPOUND(복합・이종)
지글대다,jigeuldaeda,Repeated intense heavy action of bubbling/sizzling cooking sound (지글대다).,Phenomime (Sound),Taste,Neutral,Voiced (Heavy),Dark/Heavy/Large,Reduplication,tɕigɯldɛda,8,5,4,2,3,3,210.0,1.88,5,3200.0,5.89,3,0,4,#800000,25.5,48.0,38.1,"Reflecting plain consonant /平音/ and dark vowel /陰性모음/ for a vector configuration of Weight 8, Time 5, and Flow 2.",,5,5,5,8,COMPOUND(복합・이종)
지글하다,jigeulhada,Heavy or dark state of being bubbling/sizzling cooking sound (지글하다).,Phenomime (Sound),Taste,Neutral,Voiced (Heavy),Dark/Heavy/Large,-ri Ending,tɕigɯlhada,8,5,4,2,3,3,210.0,1.88,5,3200.0,5.89,3,0,4,#800000,25.5,48.0,38.1,"Reflecting plain consonant /平音/ and dark vowel /陰性모음/ for a vector configuration of Weight 8, Time 5, and Flow 2.",,5,5,5,8,COMPOUND(복합・이종)
부글지글,bugeuljigeul,Alternating rhythm or variation of bubbling/sizzling cooking sound (부글지글).,Phenomime (Sound),Taste,Neutral,Unvoiced (Light),Bright/Light/Small,Reduplication,bugɯltɕigɯl,5,5,4,2,3,3,900.0,5.56,5,3200.0,5.89,3,0,4,#708090,52.8,-2.1,-10.6,"Reflecting plain consonant /平音/ and dark vowel /陰性모음/ for a vector configuration of Weight 5, Time 5, and Flow 2.",,5,5,5,8,COMPOUND(복합・이종)
따끔,ttakkeum,Manner or sound of pricking/stinging prick pain or guilt (따끔).,Algomime (Pain),Human Body/Physiology,Negative,Unvoiced (Light),Bright/Light/Small,-ri Ending,tʰ͈akʰ͈ɯm,7,5,7,7,2,5,240.0,2.22,5,3200.0,5.89,3,0,4,#4B3621,24.5,6.4,16.8,"Reflecting tense consonant /濃音/ and dark vowel /陰性모음/ for a vector configuration of Weight 7, Time 5, and Flow 7.",,5,5,5,8,COMPOUND(복합・이종)
따끔따끔,ttakkeumttakkeum,"Repeated, continuous manner or sound of pricking/stinging prick pain or guilt (따끔따끔).",Algomime (Pain),Human Body/Physiology,Negative,Unvoiced (Light),Bright/Light/Small,Reduplication,tʰ͈akʰ͈ɯmtʰ͈akʰ͈ɯm,7,4,7,7,2,5,240.0,2.22,4,3200.0,5.89,3,0,4,#4B3621,24.5,6.4,16.8,"Reflecting tense consonant /濃音/ and dark vowel /陰性모음/ for a vector configuration of Weight 7, Time 4, and Flow 7.",,5,5,5,1,REDUP(첩어・동일)
따끔거리다,ttakkeumgeorida,Continuous motion or action of pricking/stinging prick pain or guilt (따끔거리다).,Algomime (Pain),Human Body/Physiology,Negative,Unvoiced (Light),Bright/Light/Small,Reduplication,tʰ͈akʰ͈ɯmgʌrida,7,5,7,7,5,5,240.0,2.22,5,3200.0,5.89,3,0,4,#4B3621,24.5,6.4,16.8,"Reflecting tense consonant /濃音/ and dark vowel /陰性모음/ for a vector configuration of Weight 7, Time 5, and Flow 7.",,5,5,5,8,COMPOUND(복합・이종)
따끔대다,ttakkeumdaeda,"Repeated, intense action of pricking/stinging prick pain or guilt (따끔대다).",Algomime (Pain),Human Body/Physiology,Negative,Unvoiced (Light),Bright/Light/Small,Reduplication,tʰ͈akʰ͈ɯmdɛda,7,5,7,7,5,5,240.0,2.22,5,3200.0,5.89,3,0,4,#4B3621,24.5,6.4,16.8,"Reflecting tense consonant /濃音/ and dark vowel /陰性모음/ for a vector configuration of Weight 7, Time 5, and Flow 7.",,5,5,5,8,COMPOUND(복합・이종)
따끔이다,ttakkeumida,Motion or state of pricking/stinging prick pain or guilt (따끔이다).,Algomime (Pain),Human Body/Physiology,Negative,Unvoiced (Light),Bright/Light/Small,-ri Ending,tʰ͈akʰ͈ɯmida,7,5,7,7,5,5,240.0,2.22,5,3200.0,5.89,3,0,4,#4B3621,24.5,6.4,16.8,"Reflecting tense consonant /濃音/ and dark vowel /陰性모음/ for a vector configuration of Weight 7, Time 5, and Flow 7.",,5,5,5,8,COMPOUND(복합・이종)
따끔하다,ttakkeumhada,State or quality of being pricking/stinging prick pain or guilt (따끔하다).,Algomime (Pain),Human Body/Physiology,Negative,Unvoiced (Light),Bright/Light/Small,-ri Ending,tʰ͈akʰ͈ɯmhada,7,5,7,2,5,5,240.0,2.22,5,3200.0,5.89,3,0,4,#4B3621,24.5,6.4,16.8,"Reflecting tense consonant /濃音/ and dark vowel /陰性모음/ for a vector configuration of Weight 7, Time 5, and Flow 2.",,5,5,5,8,COMPOUND(복합・이종)
따끔이,ttakkeumi,Adverbial state of pricking/stinging prick pain or guilt (따끔이).,Algomime (Pain),Human Body/Physiology,Negative,Unvoiced (Light),Bright/Light/Small,-ri Ending,tʰ͈akʰ͈ɯmi,7,5,7,7,5,5,240.0,2.22,5,3200.0,5.89,3,0,4,#4B3621,24.5,6.4,16.8,"Reflecting tense consonant /濃音/ and dark vowel /陰性모음/ for a vector configuration of Weight 7, Time 5, and Flow 7.",,5,5,5,8,COMPOUND(복합・이종)
뜨끔,tteukkeum,Heavy or dark nuance of pricking/stinging prick pain or guilt (뜨끔).,Algomime (Pain),Human Body/Physiology,Negative,Voiced (Heavy),Dark/Heavy/Large,-ri Ending,tʰ͈ɯkʰ͈ɯm,8,5,7,7,5,5,210.0,1.88,5,3200.0,5.89,3,0,4,#800000,25.5,48.0,38.1,"Reflecting tense consonant /濃音/ and dark vowel /陰性모음/ for a vector configuration of Weight 8, Time 5, and Flow 7.",,5,5,5,8,COMPOUND(복합・이종)
뜨끔뜨끔,tteukkeumtteukkeum,Repeated heavy or dark nuance of pricking/stinging prick pain or guilt (뜨끔뜨끔).,Algomime (Pain),Human Body/Physiology,Negative,Voiced (Heavy),Dark/Heavy/Large,Reduplication,tʰ͈ɯkʰ͈ɯmtʰ͈ɯkʰ͈ɯm,8,4,7,7,5,5,210.0,1.88,4,3200.0,5.89,3,0,4,#800000,25.5,48.0,38.1,"Reflecting tense consonant /濃音/ and dark vowel /陰性모음/ for a vector configuration of Weight 8, Time 4, and Flow 7.",,5,5,5,1,REDUP(첩어・동일)
뜨끔거리다,tteukkeumgeorida,Continuous heavy motion of pricking/stinging prick pain or guilt (뜨끔거리다).,Algomime (Pain),Human Body/Physiology,Negative,Voiced (Heavy),Dark/Heavy/Large,Reduplication,tʰ͈ɯkʰ͈ɯmgʌrida,8,5,7,7,5,5,210.0,1.88,5,3200.0,5.89,3,0,4,#800000,25.5,48.0,38.1,"Reflecting tense consonant /濃音/ and dark vowel /陰性모음/ for a vector configuration of Weight 8, Time 5, and Flow 7.",,5,5,5,8,COMPOUND(복합・이종)
뜨끔대다,tteukkeumdaeda,Repeated intense heavy action of pricking/stinging prick pain or guilt (뜨끔대다).,Algomime (Pain),Human Body/Physiology,Negative,Voiced (Heavy),Dark/Heavy/Large,Reduplication,tʰ͈ɯkʰ͈ɯmdɛda,8,5,7,7,5,5,210.0,1.88,5,3200.0,5.89,3,0,4,#800000,25.5,48.0,38.1,"Reflecting tense consonant /濃音/ and dark vowel /陰性모음/ for a vector configuration of Weight 8, Time 5, and Flow 7.",,5,5,5,8,COMPOUND(복합・이종)
뜨끔하다,tteukkeumhada,Heavy or dark state of being pricking/stinging prick pain or guilt (뜨끔하다).,Algomime (Pain),Human Body/Physiology,Negative,Voiced (Heavy),Dark/Heavy/Large,-ri Ending,tʰ͈ɯkʰ͈ɯmhada,8,5,7,2,5,5,210.0,1.88,5,3200.0,5.89,3,0,4,#800000,25.5,48.0,38.1,"Reflecting tense consonant /濃音/ and dark vowel /陰性모음/ for a vector configuration of Weight 8, Time 5, and Flow 2.",,5,5,5,8,COMPOUND(복합・이종)
따끔뜨끔,ttakkeumtteukkeum,Alternating rhythm or variation of pricking/stinging prick pain or guilt (따끔뜨끔).,Algomime (Pain),Human Body/Physiology,Negative,Unvoiced (Light),Bright/Light/Small,Reduplication,tʰ͈akʰ͈ɯmtʰ͈ɯkʰ͈ɯm,7,5,7,7,5,5,240.0,2.22,5,3200.0,5.89,3,0,4,#4B3621,24.5,6.4,16.8,"Reflecting tense consonant /濃音/ and dark vowel /陰性모음/ for a vector configuration of Weight 7, Time 5, and Flow 7.",,5,5,5,8,COMPOUND(복합・이종)
바싹,bassag,Manner or sound of completely dried or pulled tightly (바싹).,Psychomime (State/Manner),Texture,Neutral,Unvoiced (Light),Bright/Light/Small,-ri Ending,bas͈ag,3,8,7,2,2,3,1500.0,6.86,8,3200.0,5.89,3,0,4,#708090,52.8,-2.1,-10.6,"Reflecting tense consonant /濃音/ and bright vowel /陽性모음/ for a vector configuration of Weight 3, Time 8, and Flow 2.",,5,5,5,8,COMPOUND(복합・이종)
바싹바싹,bassagbassag,"Repeated, continuous manner or sound of completely dried or pulled tightly (바싹바싹).",Psychomime (State/Manner),Texture,Neutral,Unvoiced (Light),Bright/Light/Small,Reduplication,bas͈agbas͈ag,3,8,7,2,2,3,1500.0,6.86,8,3200.0,5.89,3,0,4,#708090,52.8,-2.1,-10.6,"Reflecting tense consonant /濃音/ and bright vowel /陽性모음/ for a vector configuration of Weight 3, Time 8, and Flow 2.",,5,5,5,1,REDUP(첩어・동일)
바싹거리다,bassaggeorida,Continuous motion or action of completely dried or pulled tightly (바싹거리다).,Psychomime (State/Manner),Texture,Neutral,Unvoiced (Light),Bright/Light/Small,Reduplication,bas͈aggʌrida,7,8,7,2,5,3,240.0,2.22,8,3200.0,5.89,3,0,4,#4B3621,24.5,6.4,16.8,"Reflecting tense consonant /濃音/ and dark vowel /陰性모음/ for a vector configuration of Weight 7, Time 8, and Flow 2.",,5,5,5,8,COMPOUND(복합・이종)
바싹대다,bassagdaeda,"Repeated, intense action of completely dried or pulled tightly (바싹대다).",Psychomime (State/Manner),Texture,Neutral,Unvoiced (Light),Bright/Light/Small,Reduplication,bas͈agdɛda,3,8,7,2,5,3,1500.0,6.86,8,3200.0,5.89,3,0,4,#708090,52.8,-2.1,-10.6,"Reflecting tense consonant /濃音/ and bright vowel /陽性모음/ for a vector configuration of Weight 3, Time 8, and Flow 2.",,5,5,5,8,COMPOUND(복합・이종)
바싹이다,bassagida,Motion or state of completely dried or pulled tightly (바싹이다).,Psychomime (State/Manner),Texture,Neutral,Unvoiced (Light),Bright/Light/Small,-ri Ending,bas͈agida,3,8,7,2,5,3,1500.0,6.86,8,3200.0,5.89,3,0,4,#708090,52.8,-2.1,-10.6,"Reflecting tense consonant /濃音/ and bright vowel /陽性모음/ for a vector configuration of Weight 3, Time 8, and Flow 2.",,5,5,5,8,COMPOUND(복합・이종)
바싹하다,bassaghada,State or quality of being completely dried or pulled tightly (바싹하다).,Psychomime (State/Manner),Texture,Neutral,Unvoiced (Light),Bright/Light/Small,-ri Ending,bas͈aghada,3,8,7,2,5,3,1500.0,6.86,8,3200.0,5.89,3,0,4,#708090,52.8,-2.1,-10.6,"Reflecting tense consonant /濃音/ and bright vowel /陽性모음/ for a vector configuration of Weight 3, Time 8, and Flow 2.",,5,5,5,8,COMPOUND(복합・이종)
바싹이,bassagi,Adverbial state of completely dried or pulled tightly (바싹이).,Psychomime (State/Manner),Texture,Neutral,Unvoiced (Light),Bright/Light/Small,-ri Ending,bas͈agi,3,8,7,2,5,3,1500.0,6.86,8,3200.0,5.89,3,0,4,#708090,52.8,-2.1,-10.6,"Reflecting tense consonant /濃音/ and bright vowel /陽性모음/ for a vector configuration of Weight 3, Time 8, and Flow 2.",,5,5,5,8,COMPOUND(복합・이종)
바짝,bajjag,Heavy or dark nuance of completely dried or pulled tightly (바짝).,Psychomime (State/Manner),Texture,Neutral,Voiced (Heavy),Dark/Heavy/Large,-ri Ending,batʰɕ͈ag,8,8,7,7,5,3,210.0,1.88,8,3200.0,5.89,3,0,4,#800000,25.5,48.0,38.1,"Reflecting tense consonant /濃音/ and bright vowel /陽性모음/ for a vector configuration of Weight 8, Time 8, and Flow 7.",,5,5,0,0,SUFFIX(어미변화)
바짝바짝,bajjagbajjag,Repeated heavy or dark nuance of completely dried or pulled tightly (바짝바짝).,Psychomime (State/Manner),Texture,Neutral,Voiced (Heavy),Dark/Heavy/Large,Reduplication,batʰɕ͈agbatʰɕ͈ag,8,8,7,7,5,3,210.0,1.88,8,3200.0,5.89,3,0,4,#800000,25.5,48.0,38.1,"Reflecting tense consonant /濃音/ and bright vowel /陽性모음/ for a vector configuration of Weight 8, Time 8, and Flow 7.",,5,5,5,1,REDUP(첩어・동일)
바짝거리다,bajjaggeorida,Continuous heavy motion of completely dried or pulled tightly (바짝거리다).,Psychomime (State/Manner),Texture,Neutral,Voiced (Heavy),Dark/Heavy/Large,Reduplication,batʰɕ͈aggʌrida,8,8,7,7,5,3,210.0,1.88,8,3200.0,5.89,3,0,4,#800000,25.5,48.0,38.1,"Reflecting tense consonant /濃音/ and dark vowel /陰性모음/ for a vector configuration of Weight 8, Time 8, and Flow 7.",,5,5,5,8,COMPOUND(복합・이종)
바짝대다,bajjagdaeda,Repeated intense heavy action of completely dried or pulled tightly (바짝대다).,Psychomime (State/Manner),Texture,Neutral,Voiced (Heavy),Dark/Heavy/Large,Reduplication,batʰɕ͈agdɛda,8,8,7,7,5,3,210.0,1.88,8,3200.0,5.89,3,0,4,#800000,25.5,48.0,38.1,"Reflecting tense consonant /濃音/ and bright vowel /陽性모음/ for a vector configuration of Weight 8, Time 8, and Flow 7.",,5,5,5,8,COMPOUND(복합・이종)
바짝하다,bajjaghada,Heavy or dark state of being completely dried or pulled tightly (바짝하다).,Psychomime (State/Manner),Texture,Neutral,Voiced (Heavy),Dark/Heavy/Large,-ri Ending,batʰɕ͈aghada,8,8,7,2,5,3,210.0,1.88,8,3200.0,5.89,3,0,4,#800000,25.5,48.0,38.1,"Reflecting tense consonant /濃音/ and bright vowel /陽性모음/ for a vector configuration of Weight 8, Time 8, and Flow 2.",,5,5,5,8,COMPOUND(복합・이종)
바싹바짝,bassagbajjag,Alternating rhythm or variation of completely dried or pulled tightly (바싹바짝).,Psychomime (State/Manner),Texture,Neutral,Unvoiced (Light),Bright/Light/Small,Reduplication,bas͈agbatʰɕ͈ag,3,8,7,2,5,3,1500.0,6.86,8,3200.0,5.89,3,0,4,#708090,52.8,-2.1,-10.6,"Reflecting tense consonant /濃音/ and bright vowel /陽性모음/ for a vector configuration of Weight 3, Time 8, and Flow 2.",,5,5,0,0,SUFFIX(어미변화)
부슬,buseul,Manner or sound of drizzling/falling fine rain (부슬).,Phenomime (Sound),Weather/Nature,Positive,Unvoiced (Light),Bright/Light/Small,-ri Ending,busɯl,5,5,4,2,3,3,900.0,5.56,5,3200.0,5.89,3,0,4,#708090,52.8,-2.1,-10.6,"Reflecting plain consonant /平音/ and dark vowel /陰性모음/ for a vector configuration of Weight 5, Time 5, and Flow 2.",,5,5,5,8,COMPOUND(복합・이종)
부슬부슬,buseulbuseul,"Repeated, continuous manner or sound of drizzling/falling fine rain (부슬부슬).",Phenomime (Sound),Weather/Nature,Positive,Unvoiced (Light),Bright/Light/Small,Reduplication,busɯlbusɯl,5,4,4,2,3,3,900.0,5.56,4,3200.0,5.89,3,0,4,#708090,52.8,-2.1,-10.6,"Reflecting plain consonant /平音/ and dark vowel /陰性모음/ for a vector configuration of Weight 5, Time 4, and Flow 2.",,5,5,5,1,REDUP(첩어・동일)
부슬거리다,buseulgeorida,Continuous motion or action of drizzling/falling fine rain (부슬거리다).,Phenomime (Sound),Weather/Nature,Positive,Unvoiced (Light),Bright/Light/Small,Reduplication,busɯlgʌrida,5,5,4,2,3,3,900.0,5.56,5,3200.0,5.89,3,0,4,#708090,52.8,-2.1,-10.6,"Reflecting plain consonant /平音/ and dark vowel /陰性모음/ for a vector configuration of Weight 5, Time 5, and Flow 2.",,5,5,5,8,COMPOUND(복합・이종)
부슬대다,buseuldaeda,"Repeated, intense action of drizzling/falling fine rain (부슬대다).",Phenomime (Sound),Weather/Nature,Positive,Unvoiced (Light),Bright/Light/Small,Reduplication,busɯldɛda,5,5,4,2,3,3,900.0,5.56,5,3200.0,5.89,3,0,4,#708090,52.8,-2.1,-10.6,"Reflecting plain consonant /平音/ and dark vowel /陰性모음/ for a vector configuration of Weight 5, Time 5, and Flow 2.",,5,5,5,8,COMPOUND(복합・이종)
부슬이다,buseulida,Motion or state of drizzling/falling fine rain (부슬이다).,Phenomime (Sound),Weather/Nature,Positive,Unvoiced (Light),Bright/Light/Small,-ri Ending,busɯlida,5,5,4,2,3,3,900.0,5.56,5,3200.0,5.89,3,0,4,#708090,52.8,-2.1,-10.6,"Reflecting plain consonant /平音/ and dark vowel /陰性모음/ for a vector configuration of Weight 5, Time 5, and Flow 2.",,5,5,5,8,COMPOUND(복합・이종)
부슬하다,buseulhada,State or quality of being drizzling/falling fine rain (부슬하다).,Phenomime (Sound),Weather/Nature,Positive,Unvoiced (Light),Bright/Light/Small,-ri Ending,busɯlhada,5,5,4,2,3,3,900.0,5.56,5,3200.0,5.89,3,0,4,#708090,52.8,-2.1,-10.6,"Reflecting plain consonant /平音/ and dark vowel /陰性모음/ for a vector configuration of Weight 5, Time 5, and Flow 2.",,5,5,5,8,COMPOUND(복합・이종)
부슬이,buseuli,Adverbial state of drizzling/falling fine rain (부슬이).,Phenomime (Sound),Weather/Nature,Positive,Unvoiced (Light),Bright/Light/Small,-ri Ending,busɯli,5,5,4,2,3,3,900.0,5.56,5,3200.0,5.89,3,0,4,#708090,52.8,-2.1,-10.6,"Reflecting plain consonant /平音/ and dark vowel /陰性모음/ for a vector configuration of Weight 5, Time 5, and Flow 2.",,5,5,5,8,COMPOUND(복합・이종)
보슬,boseul,Heavy or dark nuance of drizzling/falling fine rain (보슬).,Phenomime (Sound),Weather/Nature,Positive,Voiced (Heavy),Dark/Heavy/Large,-ri Ending,bosɯl,8,5,4,2,3,3,210.0,1.88,5,3200.0,5.89,3,0,4,#800000,25.5,48.0,38.1,"Reflecting plain consonant /平音/ and dark vowel /陰性모음/ for a vector configuration of Weight 8, Time 5, and Flow 2.",,5,5,5,8,COMPOUND(복합・이종)
보슬보슬,boseulboseul,Repeated heavy or dark nuance of drizzling/falling fine rain (보슬보슬).,Phenomime (Sound),Weather/Nature,Positive,Voiced (Heavy),Dark/Heavy/Large,Reduplication,bosɯlbosɯl,8,4,4,2,3,3,210.0,1.88,4,3200.0,5.89,3,0,4,#800000,25.5,48.0,38.1,"Reflecting plain consonant /平音/ and dark vowel /陰性모음/ for a vector configuration of Weight 8, Time 4, and Flow 2.",,5,5,5,1,REDUP(첩어・동일)
보슬거리다,boseulgeorida,Continuous heavy motion of drizzling/falling fine rain (보슬거리다).,Phenomime (Sound),Weather/Nature,Positive,Voiced (Heavy),Dark/Heavy/Large,Reduplication,bosɯlgʌrida,8,5,4,2,3,3,210.0,1.88,5,3200.0,5.89,3,0,4,#800000,25.5,48.0,38.1,"Reflecting plain consonant /平音/ and dark vowel /陰性모음/ for a vector configuration of Weight 8, Time 5, and Flow 2.",,5,5,5,8,COMPOUND(복합・이종)
보슬대다,boseuldaeda,Repeated intense heavy action of drizzling/falling fine rain (보슬대다).,Phenomime (Sound),Weather/Nature,Positive,Voiced (Heavy),Dark/Heavy/Large,Reduplication,bosɯldɛda,8,5,4,2,3,3,210.0,1.88,5,3200.0,5.89,3,0,4,#800000,25.5,48.0,38.1,"Reflecting plain consonant /平音/ and dark vowel /陰性모음/ for a vector configuration of Weight 8, Time 5, and Flow 2.",,5,5,5,8,COMPOUND(복합・이종)
보슬하다,boseulhada,Heavy or dark state of being drizzling/falling fine rain (보슬하다).,Phenomime (Sound),Weather/Nature,Positive,Voiced (Heavy),Dark/Heavy/Large,-ri Ending,bosɯlhada,8,5,4,2,3,3,210.0,1.88,5,3200.0,5.89,3,0,4,#800000,25.5,48.0,38.1,"Reflecting plain consonant /平音/ and dark vowel /陰性모음/ for a vector configuration of Weight 8, Time 5, and Flow 2.",,5,5,5,8,COMPOUND(복합・이종)
부슬보슬,buseulboseul,Alternating rhythm or variation of drizzling/falling fine rain (부슬보슬).,Phenomime (Sound),Weather/Nature,Positive,Unvoiced (Light),Bright/Light/Small,Reduplication,busɯlbosɯl,5,5,4,2,3,3,900.0,5.56,5,3200.0,5.89,3,0,4,#708090,52.8,-2.1,-10.6,"Reflecting plain consonant /平音/ and dark vowel /陰性모음/ for a vector configuration of Weight 5, Time 5, and Flow 2.",,5,5,5,8,COMPOUND(복합・이종)
주룩,jurug,Manner or sound of downpour or stream flowing continuously (주룩).,Phenomime (Sound),Weather/Nature,Neutral,Unvoiced (Light),Bright/Light/Small,-ri Ending,tɕurug,5,8,4,5,3,3,900.0,5.56,8,3200.0,5.89,3,0,4,#708090,52.8,-2.1,-10.6,"Reflecting plain consonant /平音/ and dark vowel /陰性모음/ for a vector configuration of Weight 5, Time 8, and Flow 5.",,5,5,5,8,COMPOUND(복합・이종)
주룩주룩,jurugjurug,"Repeated, continuous manner or sound of downpour or stream flowing continuously (주룩주룩).",Phenomime (Sound),Weather/Nature,Neutral,Unvoiced (Light),Bright/Light/Small,Reduplication,tɕurugtɕurug,5,8,4,5,3,3,900.0,5.56,8,3200.0,5.89,3,0,4,#708090,52.8,-2.1,-10.6,"Reflecting plain consonant /平音/ and dark vowel /陰性모음/ for a vector configuration of Weight 5, Time 8, and Flow 5.",,5,5,5,1,REDUP(첩어・동일)
주룩거리다,juruggeorida,Continuous motion or action of downpour or stream flowing continuously (주룩거리다).,Phenomime (Sound),Weather/Nature,Neutral,Unvoiced (Light),Bright/Light/Small,Reduplication,tɕuruggʌrida,5,8,4,5,8,3,900.0,5.56,8,3200.0,5.89,3,0,4,#708090,52.8,-2.1,-10.6,"Reflecting plain consonant /平音/ and dark vowel /陰性모음/ for a vector configuration of Weight 5, Time 8, and Flow 5.",,5,5,5,8,COMPOUND(복합・이종)
주룩대다,jurugdaeda,"Repeated, intense action of downpour or stream flowing continuously (주룩대다).",Phenomime (Sound),Weather/Nature,Neutral,Unvoiced (Light),Bright/Light/Small,Reduplication,tɕurugdɛda,5,8,4,5,8,3,900.0,5.56,8,3200.0,5.89,3,0,4,#708090,52.8,-2.1,-10.6,"Reflecting plain consonant /平音/ and dark vowel /陰性모음/ for a vector configuration of Weight 5, Time 8, and Flow 5.",,5,5,5,8,COMPOUND(복합・이종)
주룩이다,jurugida,Motion or state of downpour or stream flowing continuously (주룩이다).,Phenomime (Sound),Weather/Nature,Neutral,Unvoiced (Light),Bright/Light/Small,-ri Ending,tɕurugida,5,8,4,5,8,3,900.0,5.56,8,3200.0,5.89,3,0,4,#708090,52.8,-2.1,-10.6,"Reflecting plain consonant /平音/ and dark vowel /陰性모음/ for a vector configuration of Weight 5, Time 8, and Flow 5.",,5,5,5,8,COMPOUND(복합・이종)
주룩하다,jurughada,State or quality of being downpour or stream flowing continuously (주룩하다).,Phenomime (Sound),Weather/Nature,Neutral,Unvoiced (Light),Bright/Light/Small,-ri Ending,tɕurughada,5,8,4,2,8,3,900.0,5.56,8,3200.0,5.89,3,0,4,#708090,52.8,-2.1,-10.6,"Reflecting plain consonant /平音/ and dark vowel /陰性모음/ for a vector configuration of Weight 5, Time 8, and Flow 2.",,5,5,5,8,COMPOUND(복합・이종)
주룩이,jurugi,Adverbial state of downpour or stream flowing continuously (주룩이).,Phenomime (Sound),Weather/Nature,Neutral,Unvoiced (Light),Bright/Light/Small,-ri Ending,tɕurugi,5,8,4,5,8,3,900.0,5.56,8,3200.0,5.89,3,0,4,#708090,52.8,-2.1,-10.6,"Reflecting plain consonant /平音/ and dark vowel /陰性모음/ for a vector configuration of Weight 5, Time 8, and Flow 5.",,5,5,5,8,COMPOUND(복합・이종)
줄줄,juljul,Heavy or dark nuance of downpour or stream flowing continuously (줄줄).,Phenomime (Sound),Weather/Nature,Neutral,Voiced (Heavy),Dark/Heavy/Large,-ri Ending,tɕultɕul,8,5,4,2,8,3,210.0,1.88,5,3200.0,5.89,3,0,4,#800000,25.5,48.0,38.1,"Reflecting plain consonant /平音/ and dark vowel /陰性모음/ for a vector configuration of Weight 8, Time 5, and Flow 2.",,5,5,5,8,COMPOUND(복합・이종)
줄줄줄줄,juljuljuljul,Repeated heavy or dark nuance of downpour or stream flowing continuously (줄줄줄줄).,Phenomime (Sound),Weather/Nature,Neutral,Voiced (Heavy),Dark/Heavy/Large,Reduplication,tɕultɕultɕultɕul,8,4,4,2,8,3,210.0,1.88,4,3200.0,5.89,3,0,4,#800000,25.5,48.0,38.1,"Reflecting plain consonant /平音/ and dark vowel /陰性모음/ for a vector configuration of Weight 8, Time 4, and Flow 2.",,5,5,5,1,REDUP(첩어・동일)
줄줄거리다,juljulgeorida,Continuous heavy motion of downpour or stream flowing continuously (줄줄거리다).,Phenomime (Sound),Weather/Nature,Neutral,Voiced (Heavy),Dark/Heavy/Large,Reduplication,tɕultɕulgʌrida,8,5,4,2,8,3,210.0,1.88,5,3200.0,5.89,3,0,4,#800000,25.5,48.0,38.1,"Reflecting plain consonant /平音/ and dark vowel /陰性모음/ for a vector configuration of Weight 8, Time 5, and Flow 2.",,5,5,5,8,COMPOUND(복합・이종)
줄줄대다,juljuldaeda,Repeated intense heavy action of downpour or stream flowing continuously (줄줄대다).,Phenomime (Sound),Weather/Nature,Neutral,Voiced (Heavy),Dark/Heavy/Large,Reduplication,tɕultɕuldɛda,8,5,4,2,8,3,210.0,1.88,5,3200.0,5.89,3,0,4,#800000,25.5,48.0,38.1,"Reflecting plain consonant /平音/ and dark vowel /陰性모음/ for a vector configuration of Weight 8, Time 5, and Flow 2.",,5,5,5,8,COMPOUND(복합・이종)
줄줄하다,juljulhada,Heavy or dark state of being downpour or stream flowing continuously (줄줄하다).,Phenomime (Sound),Weather/Nature,Neutral,Voiced (Heavy),Dark/Heavy/Large,-ri Ending,tɕultɕulhada,8,5,4,2,8,3,210.0,1.88,5,3200.0,5.89,3,0,4,#800000,25.5,48.0,38.1,"Reflecting plain consonant /平音/ and dark vowel /陰性모음/ for a vector configuration of Weight 8, Time 5, and Flow 2.",,5,5,5,8,COMPOUND(복합・이종)
주룩줄줄,jurugjuljul,Alternating rhythm or variation of downpour or stream flowing continuously (주룩줄줄).,Phenomime (Sound),Weather/Nature,Neutral,Unvoiced (Light),Bright/Light/Small,Reduplication,tɕurugtɕultɕul,5,8,4,2,8,3,900.0,5.56,8,3200.0,5.89,3,0,4,#708090,52.8,-2.1,-10.6,"Reflecting plain consonant /平音/ and dark vowel /陰性모음/ for a vector configuration of Weight 5, Time 8, and Flow 2.",,5,5,5,8,COMPOUND(복합・이종)
덜컹,deolkeong,Manner or sound of clattering/rattling bumpy ride sound (덜컹).,Phenomime (Sound),Dynamics,Neutral,Unvoiced (Light),Bright/Light/Small,-ri Ending,dʌlkʰʌŋ,7,5,7,2,2,5,240.0,2.22,5,3200.0,5.89,3,0,4,#4B3621,24.5,6.4,16.8,"Reflecting aspirated consonant /激音/ and dark vowel /陰性모음/ for a vector configuration of Weight 7, Time 5, and Flow 2.",,5,5,5,8,COMPOUND(복합・이종)
덜컹덜컹,deolkeongdeolkeong,"Repeated, continuous manner or sound of clattering/rattling bumpy ride sound (덜컹덜컹).",Phenomime (Sound),Dynamics,Neutral,Unvoiced (Light),Bright/Light/Small,Reduplication,dʌlkʰʌŋdʌlkʰʌŋ,7,4,7,2,2,5,240.0,2.22,4,3200.0,5.89,3,0,4,#4B3621,24.5,6.4,16.8,"Reflecting aspirated consonant /激音/ and dark vowel /陰性모음/ for a vector configuration of Weight 7, Time 4, and Flow 2.",,5,5,5,1,REDUP(첩어・동일)
덜컹거리다,deolkeonggeorida,Continuous motion or action of clattering/rattling bumpy ride sound (덜컹거리다).,Phenomime (Sound),Dynamics,Neutral,Unvoiced (Light),Bright/Light/Small,Reduplication,dʌlkʰʌŋgʌrida,7,5,7,2,2,5,240.0,2.22,5,3200.0,5.89,3,0,4,#4B3621,24.5,6.4,16.8,"Reflecting aspirated consonant /激音/ and dark vowel /陰性모음/ for a vector configuration of Weight 7, Time 5, and Flow 2.",,5,5,5,8,COMPOUND(복합・이종)
덜컹대다,deolkeongdaeda,"Repeated, intense action of clattering/rattling bumpy ride sound (덜컹대다).",Phenomime (Sound),Dynamics,Neutral,Unvoiced (Light),Bright/Light/Small,Reduplication,dʌlkʰʌŋdɛda,7,5,7,2,2,5,240.0,2.22,5,3200.0,5.89,3,0,4,#4B3621,24.5,6.4,16.8,"Reflecting aspirated consonant /激音/ and dark vowel /陰性모음/ for a vector configuration of Weight 7, Time 5, and Flow 2.",,5,5,5,8,COMPOUND(복합・이종)
덜컹이다,deolkeongida,Motion or state of clattering/rattling bumpy ride sound (덜컹이다).,Phenomime (Sound),Dynamics,Neutral,Unvoiced (Light),Bright/Light/Small,-ri Ending,dʌlkʰʌŋida,7,5,7,2,2,5,240.0,2.22,5,3200.0,5.89,3,0,4,#4B3621,24.5,6.4,16.8,"Reflecting aspirated consonant /激音/ and dark vowel /陰性모음/ for a vector configuration of Weight 7, Time 5, and Flow 2.",,5,5,5,8,COMPOUND(복합・이종)
덜컹하다,deolkeonghada,State or quality of being clattering/rattling bumpy ride sound (덜컹하다).,Phenomime (Sound),Dynamics,Neutral,Unvoiced (Light),Bright/Light/Small,-ri Ending,dʌlkʰʌŋhada,7,5,7,2,2,5,240.0,2.22,5,3200.0,5.89,3,0,4,#4B3621,24.5,6.4,16.8,"Reflecting aspirated consonant /激音/ and dark vowel /陰性모음/ for a vector configuration of Weight 7, Time 5, and Flow 2.",,5,5,5,8,COMPOUND(복합・이종)
덜컹이,deolkeongi,Adverbial state of clattering/rattling bumpy ride sound (덜컹이).,Phenomime (Sound),Dynamics,Neutral,Unvoiced (Light),Bright/Light/Small,-ri Ending,dʌlkʰʌŋi,7,5,7,2,2,5,240.0,2.22,5,3200.0,5.89,3,0,4,#4B3621,24.5,6.4,16.8,"Reflecting aspirated consonant /激音/ and dark vowel /陰性모음/ for a vector configuration of Weight 7, Time 5, and Flow 2.",,5,5,5,8,COMPOUND(복합・이종)
달컹,dalkeong,Heavy or dark nuance of clattering/rattling bumpy ride sound (달컹).,Phenomime (Sound),Dynamics,Neutral,Voiced (Heavy),Dark/Heavy/Large,-ri Ending,dalkʰʌŋ,8,5,7,2,2,5,210.0,1.88,5,3200.0,5.89,3,0,4,#800000,25.5,48.0,38.1,"Reflecting aspirated consonant /激音/ and dark vowel /陰性모음/ for a vector configuration of Weight 8, Time 5, and Flow 2.",,5,5,5,8,COMPOUND(복합・이종)
달컹달컹,dalkeongdalkeong,Repeated heavy or dark nuance of clattering/rattling bumpy ride sound (달컹달컹).,Phenomime (Sound),Dynamics,Neutral,Voiced (Heavy),Dark/Heavy/Large,Reduplication,dalkʰʌŋdalkʰʌŋ,8,4,7,2,2,5,210.0,1.88,4,3200.0,5.89,3,0,4,#800000,25.5,48.0,38.1,"Reflecting aspirated consonant /激音/ and dark vowel /陰性모음/ for a vector configuration of Weight 8, Time 4, and Flow 2.",,5,5,5,1,REDUP(첩어・동일)
달컹거리다,dalkeonggeorida,Continuous heavy motion of clattering/rattling bumpy ride sound (달컹거리다).,Phenomime (Sound),Dynamics,Neutral,Voiced (Heavy),Dark/Heavy/Large,Reduplication,dalkʰʌŋgʌrida,8,5,7,2,2,5,210.0,1.88,5,3200.0,5.89,3,0,4,#800000,25.5,48.0,38.1,"Reflecting aspirated consonant /激音/ and dark vowel /陰性모음/ for a vector configuration of Weight 8, Time 5, and Flow 2.",,5,5,5,8,COMPOUND(복합・이종)
달컹대다,dalkeongdaeda,Repeated intense heavy action of clattering/rattling bumpy ride sound (달컹대다).,Phenomime (Sound),Dynamics,Neutral,Voiced (Heavy),Dark/Heavy/Large,Reduplication,dalkʰʌŋdɛda,8,5,7,2,2,5,210.0,1.88,5,3200.0,5.89,3,0,4,#800000,25.5,48.0,38.1,"Reflecting aspirated consonant /激音/ and dark vowel /陰性모음/ for a vector configuration of Weight 8, Time 5, and Flow 2.",,5,5,5,8,COMPOUND(복합・이종)
달컹하다,dalkeonghada,Heavy or dark state of being clattering/rattling bumpy ride sound (달컹하다).,Phenomime (Sound),Dynamics,Neutral,Voiced (Heavy),Dark/Heavy/Large,-ri Ending,dalkʰʌŋhada,8,5,7,2,2,5,210.0,1.88,5,3200.0,5.89,3,0,4,#800000,25.5,48.0,38.1,"Reflecting aspirated consonant /激音/ and dark vowel /陰性모음/ for a vector configuration of Weight 8, Time 5, and Flow 2.",,5,5,5,8,COMPOUND(복합・이종)
덜컹달컹,deolkeongdalkeong,Alternating rhythm or variation of clattering/rattling bumpy ride sound (덜컹달컹).,Phenomime (Sound),Dynamics,Neutral,Unvoiced (Light),Bright/Light/Small,Reduplication,dʌlkʰʌŋdalkʰʌŋ,7,5,7,2,2,5,240.0,2.22,5,3200.0,5.89,3,0,4,#4B3621,24.5,6.4,16.8,"Reflecting aspirated consonant /激音/ and dark vowel /陰性모음/ for a vector configuration of Weight 7, Time 5, and Flow 2.",,5,5,5,8,COMPOUND(복합・이종)
우당,udang,Manner or sound of noisy clattering/tumbling commotion (우당).,Phenomime (Sound),Dynamics,Neutral,Unvoiced (Light),Bright/Light/Small,-ri Ending,udaŋ,5,5,4,5,3,5,900.0,5.56,5,3200.0,5.89,3,0,4,#708090,52.8,-2.1,-10.6,"Reflecting plain consonant /平音/ and dark vowel /陰性모음/ for a vector configuration of Weight 5, Time 5, and Flow 5.",,5,5,5,8,COMPOUND(복합・이종)
우당우당,udangudang,"Repeated, continuous manner or sound of noisy clattering/tumbling commotion (우당우당).",Phenomime (Sound),Dynamics,Neutral,Unvoiced (Light),Bright/Light/Small,Reduplication,udaŋudaŋ,5,4,4,5,3,5,900.0,5.56,4,3200.0,5.89,3,0,4,#708090,52.8,-2.1,-10.6,"Reflecting plain consonant /平音/ and dark vowel /陰性모음/ for a vector configuration of Weight 5, Time 4, and Flow 5.",,5,5,5,1,REDUP(첩어・동일)
우당거리다,udanggeorida,Continuous motion or action of noisy clattering/tumbling commotion (우당거리다).,Phenomime (Sound),Dynamics,Neutral,Unvoiced (Light),Bright/Light/Small,Reduplication,udaŋgʌrida,5,5,4,5,5,5,900.0,5.56,5,3200.0,5.89,3,0,4,#708090,52.8,-2.1,-10.6,"Reflecting plain consonant /平音/ and dark vowel /陰性모음/ for a vector configuration of Weight 5, Time 5, and Flow 5.",,5,5,5,8,COMPOUND(복합・이종)
우당대다,udangdaeda,"Repeated, intense action of noisy clattering/tumbling commotion (우당대다).",Phenomime (Sound),Dynamics,Neutral,Unvoiced (Light),Bright/Light/Small,Reduplication,udaŋdɛda,5,5,4,5,5,5,900.0,5.56,5,3200.0,5.89,3,0,4,#708090,52.8,-2.1,-10.6,"Reflecting plain consonant /平音/ and dark vowel /陰性모음/ for a vector configuration of Weight 5, Time 5, and Flow 5.",,5,5,5,8,COMPOUND(복합・이종)
우당이다,udangida,Motion or state of noisy clattering/tumbling commotion (우당이다).,Phenomime (Sound),Dynamics,Neutral,Unvoiced (Light),Bright/Light/Small,-ri Ending,udaŋida,5,5,4,5,5,5,900.0,5.56,5,3200.0,5.89,3,0,4,#708090,52.8,-2.1,-10.6,"Reflecting plain consonant /平音/ and dark vowel /陰性모음/ for a vector configuration of Weight 5, Time 5, and Flow 5.",,5,5,5,8,COMPOUND(복합・이종)
우당하다,udanghada,State or quality of being noisy clattering/tumbling commotion (우당하다).,Phenomime (Sound),Dynamics,Neutral,Unvoiced (Light),Bright/Light/Small,-ri Ending,udaŋhada,5,5,4,2,5,5,900.0,5.56,5,3200.0,5.89,3,0,4,#708090,52.8,-2.1,-10.6,"Reflecting plain consonant /平音/ and dark vowel /陰性모음/ for a vector configuration of Weight 5, Time 5, and Flow 2.",,5,5,5,8,COMPOUND(복합・이종)
우당이,udangi,Adverbial state of noisy clattering/tumbling commotion (우당이).,Phenomime (Sound),Dynamics,Neutral,Unvoiced (Light),Bright/Light/Small,-ri Ending,udaŋi,5,5,4,5,5,5,900.0,5.56,5,3200.0,5.89,3,0,4,#708090,52.8,-2.1,-10.6,"Reflecting plain consonant /平音/ and dark vowel /陰性모음/ for a vector configuration of Weight 5, Time 5, and Flow 5.",,5,5,5,8,COMPOUND(복합・이종)
우탕,utang,Heavy or dark nuance of noisy clattering/tumbling commotion (우탕).,Phenomime (Sound),Dynamics,Neutral,Voiced (Heavy),Dark/Heavy/Large,-ri Ending,utʰaŋ,8,5,7,5,5,5,210.0,1.88,5,3200.0,5.89,3,0,4,#800000,25.5,48.0,38.1,"Reflecting aspirated consonant /激音/ and dark vowel /陰性모음/ for a vector configuration of Weight 8, Time 5, and Flow 5.",,5,5,5,8,COMPOUND(복합・이종)
우탕우탕,utangutang,Repeated heavy or dark nuance of noisy clattering/tumbling commotion (우탕우탕).,Phenomime (Sound),Dynamics,Neutral,Voiced (Heavy),Dark/Heavy/Large,Reduplication,utʰaŋutʰaŋ,8,4,7,5,5,5,210.0,1.88,4,3200.0,5.89,3,0,4,#800000,25.5,48.0,38.1,"Reflecting aspirated consonant /激音/ and dark vowel /陰性모음/ for a vector configuration of Weight 8, Time 4, and Flow 5.",,5,5,5,1,REDUP(첩어・동일)
우탕거리다,utanggeorida,Continuous heavy motion of noisy clattering/tumbling commotion (우탕거리다).,Phenomime (Sound),Dynamics,Neutral,Voiced (Heavy),Dark/Heavy/Large,Reduplication,utʰaŋgʌrida,8,5,7,5,5,5,210.0,1.88,5,3200.0,5.89,3,0,4,#800000,25.5,48.0,38.1,"Reflecting aspirated consonant /激音/ and dark vowel /陰性모음/ for a vector configuration of Weight 8, Time 5, and Flow 5.",,5,5,5,8,COMPOUND(복합・이종)
우탕대다,utangdaeda,Repeated intense heavy action of noisy clattering/tumbling commotion (우탕대다).,Phenomime (Sound),Dynamics,Neutral,Voiced (Heavy),Dark/Heavy/Large,Reduplication,utʰaŋdɛda,8,5,7,5,5,5,210.0,1.88,5,3200.0,5.89,3,0,4,#800000,25.5,48.0,38.1,"Reflecting aspirated consonant /激音/ and dark vowel /陰性모음/ for a vector configuration of Weight 8, Time 5, and Flow 5.",,5,5,5,8,COMPOUND(복합・이종)
우탕하다,utanghada,Heavy or dark state of being noisy clattering/tumbling commotion (우탕하다).,Phenomime (Sound),Dynamics,Neutral,Voiced (Heavy),Dark/Heavy/Large,-ri Ending,utʰaŋhada,8,5,7,2,5,5,210.0,1.88,5,3200.0,5.89,3,0,4,#800000,25.5,48.0,38.1,"Reflecting aspirated consonant /激音/ and dark vowel /陰性모음/ for a vector configuration of Weight 8, Time 5, and Flow 2.",,5,5,5,8,COMPOUND(복합・이종)
우당우탕,udangutang,Alternating rhythm or variation of noisy clattering/tumbling commotion (우당우탕).,Phenomime (Sound),Dynamics,Neutral,Unvoiced (Light),Bright/Light/Small,Reduplication,udaŋutʰaŋ,7,5,7,5,5,5,240.0,2.22,5,3200.0,5.89,3,0,4,#4B3621,24.5,6.4,16.8,"Reflecting aspirated consonant /激音/ and dark vowel /陰性모음/ for a vector configuration of Weight 7, Time 5, and Flow 5.",,5,5,5,8,COMPOUND(복합・이종)
들썩,deulsseog,Manner or sound of heaving up and down or fidgeting (들썩).,Psychomime (State/Manner),Dynamics,Neutral,Unvoiced (Light),Bright/Light/Small,-ri Ending,dɯls͈ʌg,7,8,7,2,2,3,240.0,2.22,8,3200.0,5.89,3,0,4,#4B3621,24.5,6.4,16.8,"Reflecting tense consonant /濃音/ and dark vowel /陰性모음/ for a vector configuration of Weight 7, Time 8, and Flow 2.",,5,5,5,8,COMPOUND(복합・이종)
들썩들썩,deulsseogdeulsseog,"Repeated, continuous manner or sound of heaving up and down or fidgeting (들썩들썩).",Psychomime (State/Manner),Dynamics,Neutral,Unvoiced (Light),Bright/Light/Small,Reduplication,dɯls͈ʌgdɯls͈ʌg,7,8,7,2,2,3,240.0,2.22,8,3200.0,5.89,3,0,4,#4B3621,24.5,6.4,16.8,"Reflecting tense consonant /濃音/ and dark vowel /陰性모음/ for a vector configuration of Weight 7, Time 8, and Flow 2.",,5,5,5,1,REDUP(첩어・동일)
들썩거리다,deulsseoggeorida,Continuous motion or action of heaving up and down or fidgeting (들썩거리다).,Psychomime (State/Manner),Dynamics,Neutral,Unvoiced (Light),Bright/Light/Small,Reduplication,dɯls͈ʌggʌrida,7,8,7,2,5,3,240.0,2.22,8,3200.0,5.89,3,0,4,#4B3621,24.5,6.4,16.8,"Reflecting tense consonant /濃音/ and dark vowel /陰性모음/ for a vector configuration of Weight 7, Time 8, and Flow 2.",,5,5,5,8,COMPOUND(복합・이종)
들썩대다,deulsseogdaeda,"Repeated, intense action of heaving up and down or fidgeting (들썩대다).",Psychomime (State/Manner),Dynamics,Neutral,Unvoiced (Light),Bright/Light/Small,Reduplication,dɯls͈ʌgdɛda,7,8,7,2,5,3,240.0,2.22,8,3200.0,5.89,3,0,4,#4B3621,24.5,6.4,16.8,"Reflecting tense consonant /濃音/ and dark vowel /陰性모음/ for a vector configuration of Weight 7, Time 8, and Flow 2.",,5,5,5,8,COMPOUND(복합・이종)
들썩이다,deulsseogida,Motion or state of heaving up and down or fidgeting (들썩이다).,Psychomime (State/Manner),Dynamics,Neutral,Unvoiced (Light),Bright/Light/Small,-ri Ending,dɯls͈ʌgida,7,8,7,2,5,3,240.0,2.22,8,3200.0,5.89,3,0,4,#4B3621,24.5,6.4,16.8,"Reflecting tense consonant /濃音/ and dark vowel /陰性모음/ for a vector configuration of Weight 7, Time 8, and Flow 2.",,5,5,5,8,COMPOUND(복합・이종)
들썩하다,deulsseoghada,State or quality of being heaving up and down or fidgeting (들썩하다).,Psychomime (State/Manner),Dynamics,Neutral,Unvoiced (Light),Bright/Light/Small,-ri Ending,dɯls͈ʌghada,7,8,7,2,5,3,240.0,2.22,8,3200.0,5.89,3,0,4,#4B3621,24.5,6.4,16.8,"Reflecting tense consonant /濃音/ and dark vowel /陰性모음/ for a vector configuration of Weight 7, Time 8, and Flow 2.",,5,5,5,8,COMPOUND(복합・이종)
들썩이,deulsseogi,Adverbial state of heaving up and down or fidgeting (들썩이).,Psychomime (State/Manner),Dynamics,Neutral,Unvoiced (Light),Bright/Light/Small,-ri Ending,dɯls͈ʌgi,7,8,7,2,5,3,240.0,2.22,8,3200.0,5.89,3,0,4,#4B3621,24.5,6.4,16.8,"Reflecting tense consonant /濃音/ and dark vowel /陰性모음/ for a vector configuration of Weight 7, Time 8, and Flow 2.",,5,5,5,8,COMPOUND(복합・이종)
들쑥,deulssug,Heavy or dark nuance of heaving up and down or fidgeting (들쑥).,Psychomime (State/Manner),Dynamics,Neutral,Voiced (Heavy),Dark/Heavy/Large,-ri Ending,dɯls͈ug,8,8,7,2,5,3,210.0,1.88,8,3200.0,5.89,3,0,4,#800000,25.5,48.0,38.1,"Reflecting tense consonant /濃音/ and dark vowel /陰性모음/ for a vector configuration of Weight 8, Time 8, and Flow 2.",,5,5,5,8,COMPOUND(복합・이종)
들쑥들쑥,deulssugdeulssug,Repeated heavy or dark nuance of heaving up and down or fidgeting (들쑥들쑥).,Psychomime (State/Manner),Dynamics,Neutral,Voiced (Heavy),Dark/Heavy/Large,Reduplication,dɯls͈ugdɯls͈ug,8,8,7,2,5,3,210.0,1.88,8,3200.0,5.89,3,0,4,#800000,25.5,48.0,38.1,"Reflecting tense consonant /濃音/ and dark vowel /陰性모음/ for a vector configuration of Weight 8, Time 8, and Flow 2.",,5,5,5,1,REDUP(첩어・동일)
들쑥거리다,deulssuggeorida,Continuous heavy motion of heaving up and down or fidgeting (들쑥거리다).,Psychomime (State/Manner),Dynamics,Neutral,Voiced (Heavy),Dark/Heavy/Large,Reduplication,dɯls͈uggʌrida,8,8,7,2,5,3,210.0,1.88,8,3200.0,5.89,3,0,4,#800000,25.5,48.0,38.1,"Reflecting tense consonant /濃音/ and dark vowel /陰性모음/ for a vector configuration of Weight 8, Time 8, and Flow 2.",,5,5,5,8,COMPOUND(복합・이종)
들쑥대다,deulssugdaeda,Repeated intense heavy action of heaving up and down or fidgeting (들쑥대다).,Psychomime (State/Manner),Dynamics,Neutral,Voiced (Heavy),Dark/Heavy/Large,Reduplication,dɯls͈ugdɛda,8,8,7,2,5,3,210.0,1.88,8,3200.0,5.89,3,0,4,#800000,25.5,48.0,38.1,"Reflecting tense consonant /濃音/ and dark vowel /陰性모음/ for a vector configuration of Weight 8, Time 8, and Flow 2.",,5,5,5,8,COMPOUND(복합・이종)
들쑥하다,deulssughada,Heavy or dark state of being heaving up and down or fidgeting (들쑥하다).,Psychomime (State/Manner),Dynamics,Neutral,Voiced (Heavy),Dark/Heavy/Large,-ri Ending,dɯls͈ughada,8,8,7,2,5,3,210.0,1.88,8,3200.0,5.89,3,0,4,#800000,25.5,48.0,38.1,"Reflecting tense consonant /濃音/ and dark vowel /陰性모음/ for a vector configuration of Weight 8, Time 8, and Flow 2.",,5,5,5,8,COMPOUND(복합・이종)
들썩들쑥,deulsseogdeulssug,Alternating rhythm or variation of heaving up and down or fidgeting (들썩들쑥).,Psychomime (State/Manner),Dynamics,Neutral,Unvoiced (Light),Bright/Light/Small,Reduplication,dɯls͈ʌgdɯls͈ug,7,8,7,2,5,3,240.0,2.22,8,3200.0,5.89,3,0,4,#4B3621,24.5,6.4,16.8,"Reflecting tense consonant /濃音/ and dark vowel /陰性모음/ for a vector configuration of Weight 7, Time 8, and Flow 2.",,5,5,5,8,COMPOUND(복합・이종)
매끈,maekkeun,Manner or sound of smooth/slippery surface texture (매끈).,Psychomime (State/Manner),Texture,Positive,Unvoiced (Light),Bright/Light/Small,-ri Ending,mɛkʰ͈ɯn,7,5,7,7,2,5,240.0,2.22,5,3200.0,5.89,3,0,4,#4B3621,24.5,6.4,16.8,"Reflecting tense consonant /濃音/ and dark vowel /陰性모음/ for a vector configuration of Weight 7, Time 5, and Flow 7.",,5,5,5,8,COMPOUND(복합・이종)
매끈매끈,maekkeunmaekkeun,"Repeated, continuous manner or sound of smooth/slippery surface texture (매끈매끈).",Psychomime (State/Manner),Texture,Positive,Unvoiced (Light),Bright/Light/Small,Reduplication,mɛkʰ͈ɯnmɛkʰ͈ɯn,7,4,7,7,2,5,240.0,2.22,4,3200.0,5.89,3,0,4,#4B3621,24.5,6.4,16.8,"Reflecting tense consonant /濃音/ and dark vowel /陰性모음/ for a vector configuration of Weight 7, Time 4, and Flow 7.",,5,5,5,1,REDUP(첩어・동일)
매끈거리다,maekkeungeorida,Continuous motion or action of smooth/slippery surface texture (매끈거리다).,Psychomime (State/Manner),Texture,Positive,Unvoiced (Light),Bright/Light/Small,Reduplication,mɛkʰ͈ɯŋʌrida,7,5,7,7,5,5,240.0,2.22,5,3200.0,5.89,3,0,4,#4B3621,24.5,6.4,16.8,"Reflecting tense consonant /濃音/ and dark vowel /陰性모음/ for a vector configuration of Weight 7, Time 5, and Flow 7.",,5,5,5,8,COMPOUND(복합・이종)
매끈대다,maekkeundaeda,"Repeated, intense action of smooth/slippery surface texture (매끈대다).",Psychomime (State/Manner),Texture,Positive,Unvoiced (Light),Bright/Light/Small,Reduplication,mɛkʰ͈ɯndɛda,7,5,7,7,5,5,240.0,2.22,5,3200.0,5.89,3,0,4,#4B3621,24.5,6.4,16.8,"Reflecting tense consonant /濃音/ and dark vowel /陰性모음/ for a vector configuration of Weight 7, Time 5, and Flow 7.",,5,5,5,8,COMPOUND(복합・이종)
매끈이다,maekkeunida,Motion or state of smooth/slippery surface texture (매끈이다).,Psychomime (State/Manner),Texture,Positive,Unvoiced (Light),Bright/Light/Small,-ri Ending,mɛkʰ͈ɯnida,7,5,7,7,5,5,240.0,2.22,5,3200.0,5.89,3,0,4,#4B3621,24.5,6.4,16.8,"Reflecting tense consonant /濃音/ and dark vowel /陰性모음/ for a vector configuration of Weight 7, Time 5, and Flow 7.",,5,5,5,8,COMPOUND(복합・이종)
매끈하다,maekkeunhada,State or quality of being smooth/slippery surface texture (매끈하다).,Psychomime (State/Manner),Texture,Positive,Unvoiced (Light),Bright/Light/Small,-ri Ending,mɛkʰ͈ɯnhada,7,5,7,2,5,5,240.0,2.22,5,3200.0,5.89,3,0,4,#4B3621,24.5,6.4,16.8,"Reflecting tense consonant /濃音/ and dark vowel /陰性모음/ for a vector configuration of Weight 7, Time 5, and Flow 2.",,5,5,5,8,COMPOUND(복합・이종)
매끈이,maekkeuni,Adverbial state of smooth/slippery surface texture (매끈이).,Psychomime (State/Manner),Texture,Positive,Unvoiced (Light),Bright/Light/Small,-ri Ending,mɛkʰ͈ɯni,7,5,7,7,5,5,240.0,2.22,5,3200.0,5.89,3,0,4,#4B3621,24.5,6.4,16.8,"Reflecting tense consonant /濃音/ and dark vowel /陰性모음/ for a vector configuration of Weight 7, Time 5, and Flow 7.",,5,5,5,8,COMPOUND(복합・이종)
미끈,mikkeun,Heavy or dark nuance of smooth/slippery surface texture (미끈).,Psychomime (State/Manner),Texture,Positive,Voiced (Heavy),Dark/Heavy/Large,-ri Ending,mikʰ͈ɯn,8,5,7,7,5,5,210.0,1.88,5,3200.0,5.89,3,0,4,#800000,25.5,48.0,38.1,"Reflecting tense consonant /濃音/ and dark vowel /陰性모음/ for a vector configuration of Weight 8, Time 5, and Flow 7.",,5,5,5,8,COMPOUND(복합・이종)
미끈미끈,mikkeunmikkeun,Repeated heavy or dark nuance of smooth/slippery surface texture (미끈미끈).,Psychomime (State/Manner),Texture,Positive,Voiced (Heavy),Dark/Heavy/Large,Reduplication,mikʰ͈ɯnmikʰ͈ɯn,8,4,7,7,5,5,210.0,1.88,4,3200.0,5.89,3,0,4,#800000,25.5,48.0,38.1,"Reflecting tense consonant /濃音/ and dark vowel /陰性모음/ for a vector configuration of Weight 8, Time 4, and Flow 7.",,5,5,5,1,REDUP(첩어・동일)
미끈거리다,mikkeungeorida,Continuous heavy motion of smooth/slippery surface texture (미끈거리다).,Psychomime (State/Manner),Texture,Positive,Voiced (Heavy),Dark/Heavy/Large,Reduplication,mikʰ͈ɯŋʌrida,8,5,7,7,5,5,210.0,1.88,5,3200.0,5.89,3,0,4,#800000,25.5,48.0,38.1,"Reflecting tense consonant /濃音/ and dark vowel /陰性모음/ for a vector configuration of Weight 8, Time 5, and Flow 7.",,5,5,5,8,COMPOUND(복합・이종)
미끈대다,mikkeundaeda,Repeated intense heavy action of smooth/slippery surface texture (미끈대다).,Psychomime (State/Manner),Texture,Positive,Voiced (Heavy),Dark/Heavy/Large,Reduplication,mikʰ͈ɯndɛda,8,5,7,7,5,5,210.0,1.88,5,3200.0,5.89,3,0,4,#800000,25.5,48.0,38.1,"Reflecting tense consonant /濃音/ and dark vowel /陰性모음/ for a vector configuration of Weight 8, Time 5, and Flow 7.",,5,5,5,8,COMPOUND(복합・이종)
미끈하다,mikkeunhada,Heavy or dark state of being smooth/slippery surface texture (미끈하다).,Psychomime (State/Manner),Texture,Positive,Voiced (Heavy),Dark/Heavy/Large,-ri Ending,mikʰ͈ɯnhada,8,5,7,2,5,5,210.0,1.88,5,3200.0,5.89,3,0,4,#800000,25.5,48.0,38.1,"Reflecting tense consonant /濃音/ and dark vowel /陰性모음/ for a vector configuration of Weight 8, Time 5, and Flow 2.",,5,5,5,8,COMPOUND(복합・이종)
매끈미끈,maekkeunmikkeun,Alternating rhythm or variation of smooth/slippery surface texture (매끈미끈).,Psychomime (State/Manner),Texture,Positive,Unvoiced (Light),Bright/Light/Small,Reduplication,mɛkʰ͈ɯnmikʰ͈ɯn,7,5,7,7,5,5,240.0,2.22,5,3200.0,5.89,3,0,4,#4B3621,24.5,6.4,16.8,"Reflecting tense consonant /濃音/ and dark vowel /陰性모음/ for a vector configuration of Weight 7, Time 5, and Flow 7.",,5,5,5,8,COMPOUND(복합・이종)
끈적,kkeunjeog,Manner or sound of sticky/viscous texture feeling (끈적).,Psychomime (State/Manner),Texture,Negative,Unvoiced (Light),Bright/Light/Small,-ri Ending,kʰ͈ɯntɕʌg,7,8,7,7,2,5,240.0,2.22,8,3200.0,5.89,3,0,4,#4B3621,24.5,6.4,16.8,"Reflecting tense consonant /濃音/ and dark vowel /陰性모음/ for a vector configuration of Weight 7, Time 8, and Flow 7.",,5,5,5,8,COMPOUND(복합・이종)
끈적끈적,kkeunjeogkkeunjeog,"Repeated, continuous manner or sound of sticky/viscous texture feeling (끈적끈적).",Psychomime (State/Manner),Texture,Negative,Unvoiced (Light),Bright/Light/Small,Reduplication,kʰ͈ɯntɕʌgkʰ͈ɯntɕʌg,7,8,7,7,2,5,240.0,2.22,8,3200.0,5.89,3,0,4,#4B3621,24.5,6.4,16.8,"Reflecting tense consonant /濃音/ and dark vowel /陰性모음/ for a vector configuration of Weight 7, Time 8, and Flow 7.",,5,5,5,1,REDUP(첩어・동일)
끈적거리다,kkeunjeoggeorida,Continuous motion or action of sticky/viscous texture feeling (끈적거리다).,Psychomime (State/Manner),Texture,Negative,Unvoiced (Light),Bright/Light/Small,Reduplication,kʰ͈ɯntɕʌggʌrida,7,8,7,7,5,5,240.0,2.22,8,3200.0,5.89,3,0,4,#4B3621,24.5,6.4,16.8,"Reflecting tense consonant /濃音/ and dark vowel /陰性모음/ for a vector configuration of Weight 7, Time 8, and Flow 7.",,5,5,5,8,COMPOUND(복합・이종)
끈적대다,kkeunjeogdaeda,"Repeated, intense action of sticky/viscous texture feeling (끈적대다).",Psychomime (State/Manner),Texture,Negative,Unvoiced (Light),Bright/Light/Small,Reduplication,kʰ͈ɯntɕʌgdɛda,7,8,7,7,5,5,240.0,2.22,8,3200.0,5.89,3,0,4,#4B3621,24.5,6.4,16.8,"Reflecting tense consonant /濃音/ and dark vowel /陰性모음/ for a vector configuration of Weight 7, Time 8, and Flow 7.",,5,5,5,8,COMPOUND(복합・이종)
끈적이다,kkeunjeogida,Motion or state of sticky/viscous texture feeling (끈적이다).,Psychomime (State/Manner),Texture,Negative,Unvoiced (Light),Bright/Light/Small,-ri Ending,kʰ͈ɯntɕʌgida,7,8,7,7,5,5,240.0,2.22,8,3200.0,5.89,3,0,4,#4B3621,24.5,6.4,16.8,"Reflecting tense consonant /濃音/ and dark vowel /陰性모음/ for a vector configuration of Weight 7, Time 8, and Flow 7.",,5,5,5,8,COMPOUND(복합・이종)
끈적하다,kkeunjeoghada,State or quality of being sticky/viscous texture feeling (끈적하다).,Psychomime (State/Manner),Texture,Negative,Unvoiced (Light),Bright/Light/Small,-ri Ending,kʰ͈ɯntɕʌghada,7,8,7,2,5,5,240.0,2.22,8,3200.0,5.89,3,0,4,#4B3621,24.5,6.4,16.8,"Reflecting tense consonant /濃音/ and dark vowel /陰性모음/ for a vector configuration of Weight 7, Time 8, and Flow 2.",,5,5,5,8,COMPOUND(복합・이종)
끈적이,kkeunjeogi,Adverbial state of sticky/viscous texture feeling (끈적이).,Psychomime (State/Manner),Texture,Negative,Unvoiced (Light),Bright/Light/Small,-ri Ending,kʰ͈ɯntɕʌgi,7,8,7,7,5,5,240.0,2.22,8,3200.0,5.89,3,0,4,#4B3621,24.5,6.4,16.8,"Reflecting tense consonant /濃音/ and dark vowel /陰性모음/ for a vector configuration of Weight 7, Time 8, and Flow 7.",,5,5,5,8,COMPOUND(복합・이종)
메끈,mekkeun,Heavy or dark nuance of sticky/viscous texture feeling (메끈).,Psychomime (State/Manner),Texture,Negative,Voiced (Heavy),Dark/Heavy/Large,-ri Ending,mekʰ͈ɯn,8,5,7,7,5,5,210.0,1.88,5,3200.0,5.89,3,0,4,#800000,25.5,48.0,38.1,"Reflecting tense consonant /濃音/ and dark vowel /陰性모음/ for a vector configuration of Weight 8, Time 5, and Flow 7.",,5,5,5,8,COMPOUND(복합・이종)
메끈메끈,mekkeunmekkeun,Repeated heavy or dark nuance of sticky/viscous texture feeling (메끈메끈).,Psychomime (State/Manner),Texture,Negative,Voiced (Heavy),Dark/Heavy/Large,Reduplication,mekʰ͈ɯnmekʰ͈ɯn,8,4,7,7,5,5,210.0,1.88,4,3200.0,5.89,3,0,4,#800000,25.5,48.0,38.1,"Reflecting tense consonant /濃音/ and dark vowel /陰性모음/ for a vector configuration of Weight 8, Time 4, and Flow 7.",,5,5,5,1,REDUP(첩어・동일)
메끈거리다,mekkeungeorida,Continuous heavy motion of sticky/viscous texture feeling (메끈거리다).,Psychomime (State/Manner),Texture,Negative,Voiced (Heavy),Dark/Heavy/Large,Reduplication,mekʰ͈ɯŋʌrida,8,5,7,7,5,5,210.0,1.88,5,3200.0,5.89,3,0,4,#800000,25.5,48.0,38.1,"Reflecting tense consonant /濃音/ and dark vowel /陰性모음/ for a vector configuration of Weight 8, Time 5, and Flow 7.",,5,5,5,8,COMPOUND(복합・이종)
메끈대다,mekkeundaeda,Repeated intense heavy action of sticky/viscous texture feeling (메끈대다).,Psychomime (State/Manner),Texture,Negative,Voiced (Heavy),Dark/Heavy/Large,Reduplication,mekʰ͈ɯndɛda,8,5,7,7,5,5,210.0,1.88,5,3200.0,5.89,3,0,4,#800000,25.5,48.0,38.1,"Reflecting tense consonant /濃音/ and dark vowel /陰性모음/ for a vector configuration of Weight 8, Time 5, and Flow 7.",,5,5,5,8,COMPOUND(복합・이종)
메끈하다,mekkeunhada,Heavy or dark state of being sticky/viscous texture feeling (메끈하다).,Psychomime (State/Manner),Texture,Negative,Voiced (Heavy),Dark/Heavy/Large,-ri Ending,mekʰ͈ɯnhada,8,5,7,2,5,5,210.0,1.88,5,3200.0,5.89,3,0,4,#800000,25.5,48.0,38.1,"Reflecting tense consonant /濃音/ and dark vowel /陰性모음/ for a vector configuration of Weight 8, Time 5, and Flow 2.",,5,5,5,8,COMPOUND(복합・이종)
끈적메끈,kkeunjeogmekkeun,Alternating rhythm or variation of sticky/viscous texture feeling (끈적메끈).,Psychomime (State/Manner),Texture,Negative,Unvoiced (Light),Bright/Light/Small,Reduplication,kʰ͈ɯntɕʌgmekʰ͈ɯn,7,8,7,7,5,5,240.0,2.22,8,3200.0,5.89,3,0,4,#4B3621,24.5,6.4,16.8,"Reflecting tense consonant /濃音/ and dark vowel /陰性모음/ for a vector configuration of Weight 7, Time 8, and Flow 7.",,5,5,5,8,COMPOUND(복합・이종)
쭈굴,jjugul,Manner or sound of wrinkled/creased surface condition (쭈굴).,Psychomime (State/Manner),Texture,Neutral,Unvoiced (Light),Bright/Light/Small,-ri Ending,tʰɕ͈ugul,7,5,7,2,2,3,240.0,2.22,5,3200.0,5.89,3,0,4,#4B3621,24.5,6.4,16.8,"Reflecting tense consonant /濃音/ and dark vowel /陰性모음/ for a vector configuration of Weight 7, Time 5, and Flow 2.",,5,5,5,8,COMPOUND(복합・이종)
쭈굴쭈굴,jjuguljjugul,"Repeated, continuous manner or sound of wrinkled/creased surface condition (쭈굴쭈굴).",Psychomime (State/Manner),Texture,Neutral,Unvoiced (Light),Bright/Light/Small,Reduplication,tʰɕ͈ugultʰɕ͈ugul,7,4,7,2,2,3,240.0,2.22,4,3200.0,5.89,3,0,4,#4B3621,24.5,6.4,16.8,"Reflecting tense consonant /濃音/ and dark vowel /陰性모음/ for a vector configuration of Weight 7, Time 4, and Flow 2.",,5,5,5,1,REDUP(첩어・동일)
쭈굴거리다,jjugulgeorida,Continuous motion or action of wrinkled/creased surface condition (쭈굴거리다).,Psychomime (State/Manner),Texture,Neutral,Unvoiced (Light),Bright/Light/Small,Reduplication,tʰɕ͈ugulgʌrida,7,5,7,2,5,3,240.0,2.22,5,3200.0,5.89,3,0,4,#4B3621,24.5,6.4,16.8,"Reflecting tense consonant /濃音/ and dark vowel /陰性모음/ for a vector configuration of Weight 7, Time 5, and Flow 2.",,5,5,5,8,COMPOUND(복합・이종)
쭈굴대다,jjuguldaeda,"Repeated, intense action of wrinkled/creased surface condition (쭈굴대다).",Psychomime (State/Manner),Texture,Neutral,Unvoiced (Light),Bright/Light/Small,Reduplication,tʰɕ͈uguldɛda,7,5,7,2,5,3,240.0,2.22,5,3200.0,5.89,3,0,4,#4B3621,24.5,6.4,16.8,"Reflecting tense consonant /濃音/ and dark vowel /陰性모음/ for a vector configuration of Weight 7, Time 5, and Flow 2.",,5,5,5,8,COMPOUND(복합・이종)
쭈굴이다,jjugulida,Motion or state of wrinkled/creased surface condition (쭈굴이다).,Psychomime (State/Manner),Texture,Neutral,Unvoiced (Light),Bright/Light/Small,-ri Ending,tʰɕ͈ugulida,7,5,7,2,5,3,240.0,2.22,5,3200.0,5.89,3,0,4,#4B3621,24.5,6.4,16.8,"Reflecting tense consonant /濃音/ and dark vowel /陰性모음/ for a vector configuration of Weight 7, Time 5, and Flow 2.",,5,5,5,8,COMPOUND(복합・이종)
쭈굴하다,jjugulhada,State or quality of being wrinkled/creased surface condition (쭈굴하다).,Psychomime (State/Manner),Texture,Neutral,Unvoiced (Light),Bright/Light/Small,-ri Ending,tʰɕ͈ugulhada,7,5,7,2,5,3,240.0,2.22,5,3200.0,5.89,3,0,4,#4B3621,24.5,6.4,16.8,"Reflecting tense consonant /濃音/ and dark vowel /陰性모음/ for a vector configuration of Weight 7, Time 5, and Flow 2.",,5,5,5,8,COMPOUND(복합・이종)
쭈굴이,jjuguli,Adverbial state of wrinkled/creased surface condition (쭈굴이).,Psychomime (State/Manner),Texture,Neutral,Unvoiced (Light),Bright/Light/Small,-ri Ending,tʰɕ͈uguli,7,5,7,2,5,3,240.0,2.22,5,3200.0,5.89,3,0,4,#4B3621,24.5,6.4,16.8,"Reflecting tense consonant /濃音/ and dark vowel /陰性모음/ for a vector configuration of Weight 7, Time 5, and Flow 2.",,5,5,5,8,COMPOUND(복합・이종)
쭈글,jjugeul,Heavy or dark nuance of wrinkled/creased surface condition (쭈글).,Psychomime (State/Manner),Texture,Neutral,Voiced (Heavy),Dark/Heavy/Large,-ri Ending,tʰɕ͈ugɯl,8,5,7,2,5,3,210.0,1.88,5,3200.0,5.89,3,0,4,#800000,25.5,48.0,38.1,"Reflecting tense consonant /濃音/ and dark vowel /陰性모음/ for a vector configuration of Weight 8, Time 5, and Flow 2.",,5,5,5,8,COMPOUND(복합・이종)
쭈글쭈글,jjugeuljjugeul,Repeated heavy or dark nuance of wrinkled/creased surface condition (쭈글쭈글).,Psychomime (State/Manner),Texture,Neutral,Voiced (Heavy),Dark/Heavy/Large,Reduplication,tʰɕ͈ugɯltʰɕ͈ugɯl,8,4,7,2,5,3,210.0,1.88,4,3200.0,5.89,3,0,4,#800000,25.5,48.0,38.1,"Reflecting tense consonant /濃音/ and dark vowel /陰性모음/ for a vector configuration of Weight 8, Time 4, and Flow 2.",,5,5,5,1,REDUP(첩어・동일)
쭈글거리다,jjugeulgeorida,Continuous heavy motion of wrinkled/creased surface condition (쭈글거리다).,Psychomime (State/Manner),Texture,Neutral,Voiced (Heavy),Dark/Heavy/Large,Reduplication,tʰɕ͈ugɯlgʌrida,8,5,7,2,5,3,210.0,1.88,5,3200.0,5.89,3,0,4,#800000,25.5,48.0,38.1,"Reflecting tense consonant /濃音/ and dark vowel /陰性모음/ for a vector configuration of Weight 8, Time 5, and Flow 2.",,5,5,5,8,COMPOUND(복합・이종)
쭈글대다,jjugeuldaeda,Repeated intense heavy action of wrinkled/creased surface condition (쭈글대다).,Psychomime (State/Manner),Texture,Neutral,Voiced (Heavy),Dark/Heavy/Large,Reduplication,tʰɕ͈ugɯldɛda,8,5,7,2,5,3,210.0,1.88,5,3200.0,5.89,3,0,4,#800000,25.5,48.0,38.1,"Reflecting tense consonant /濃音/ and dark vowel /陰性모음/ for a vector configuration of Weight 8, Time 5, and Flow 2.",,5,5,5,8,COMPOUND(복합・이종)
쭈글하다,jjugeulhada,Heavy or dark state of being wrinkled/creased surface condition (쭈글하다).,Psychomime (State/Manner),Texture,Neutral,Voiced (Heavy),Dark/Heavy/Large,-ri Ending,tʰɕ͈ugɯlhada,8,5,7,2,5,3,210.0,1.88,5,3200.0,5.89,3,0,4,#800000,25.5,48.0,38.1,"Reflecting tense consonant /濃音/ and dark vowel /陰性모음/ for a vector configuration of Weight 8, Time 5, and Flow 2.",,5,5,5,8,COMPOUND(복합・이종)
쭈굴쭈글,jjuguljjugeul,Alternating rhythm or variation of wrinkled/creased surface condition (쭈굴쭈글).,Psychomime (State/Manner),Texture,Neutral,Unvoiced (Light),Bright/Light/Small,Reduplication,tʰɕ͈ugultʰɕ͈ugɯl,7,5,7,2,5,3,240.0,2.22,5,3200.0,5.89,3,0,4,#4B3621,24.5,6.4,16.8,"Reflecting tense consonant /濃音/ and dark vowel /陰性모음/ for a vector configuration of Weight 7, Time 5, and Flow 2.",,5,5,5,8,COMPOUND(복합・이종)
팽팽,paengpaeng,Manner or sound of stretched tight or puffed up plump (팽팽).,Psychomime (State/Manner),Texture,Positive,Unvoiced (Light),Bright/Light/Small,-ri Ending,pʰɛŋpʰɛŋ,3,5,7,5,2,5,1500.0,6.86,5,3200.0,5.89,3,0,4,#708090,52.8,-2.1,-10.6,"Reflecting aspirated consonant /激音/ and bright vowel /陽性모음/ for a vector configuration of Weight 3, Time 5, and Flow 5.",,5,5,5,8,COMPOUND(복합・이종)
팽팽팽팽,paengpaengpaengpaeng,"Repeated, continuous manner or sound of stretched tight or puffed up plump (팽팽팽팽).",Psychomime (State/Manner),Texture,Positive,Unvoiced (Light),Bright/Light/Small,Reduplication,pʰɛŋpʰɛŋpʰɛŋpʰɛŋ,3,4,7,5,2,5,1500.0,6.86,4,3200.0,5.89,3,0,4,#708090,52.8,-2.1,-10.6,"Reflecting aspirated consonant /激音/ and bright vowel /陽性모음/ for a vector configuration of Weight 3, Time 4, and Flow 5.",,5,5,5,1,REDUP(첩어・동일)
팽팽거리다,paengpaenggeorida,Continuous motion or action of stretched tight or puffed up plump (팽팽거리다).,Psychomime (State/Manner),Texture,Positive,Unvoiced (Light),Bright/Light/Small,Reduplication,pʰɛŋpʰɛŋgʌrida,7,5,7,5,5,5,240.0,2.22,5,3200.0,5.89,3,0,4,#4B3621,24.5,6.4,16.8,"Reflecting aspirated consonant /激音/ and dark vowel /陰性모음/ for a vector configuration of Weight 7, Time 5, and Flow 5.",,5,5,5,8,COMPOUND(복합・이종)
팽팽대다,paengpaengdaeda,"Repeated, intense action of stretched tight or puffed up plump (팽팽대다).",Psychomime (State/Manner),Texture,Positive,Unvoiced (Light),Bright/Light/Small,Reduplication,pʰɛŋpʰɛŋdɛda,3,5,7,5,5,5,1500.0,6.86,5,3200.0,5.89,3,0,4,#708090,52.8,-2.1,-10.6,"Reflecting aspirated consonant /激音/ and bright vowel /陽性모음/ for a vector configuration of Weight 3, Time 5, and Flow 5.",,5,5,5,8,COMPOUND(복합・이종)
팽팽이다,paengpaengida,Motion or state of stretched tight or puffed up plump (팽팽이다).,Psychomime (State/Manner),Texture,Positive,Unvoiced (Light),Bright/Light/Small,-ri Ending,pʰɛŋpʰɛŋida,3,5,7,5,5,5,1500.0,6.86,5,3200.0,5.89,3,0,4,#708090,52.8,-2.1,-10.6,"Reflecting aspirated consonant /激音/ and bright vowel /陽性모음/ for a vector configuration of Weight 3, Time 5, and Flow 5.",,5,5,5,8,COMPOUND(복합・이종)
팽팽하다,paengpaenghada,State or quality of being stretched tight or puffed up plump (팽팽하다).,Psychomime (State/Manner),Texture,Positive,Unvoiced (Light),Bright/Light/Small,-ri Ending,pʰɛŋpʰɛŋhada,3,5,7,2,5,5,1500.0,6.86,5,3200.0,5.89,3,0,4,#708090,52.8,-2.1,-10.6,"Reflecting aspirated consonant /激音/ and bright vowel /陽性모음/ for a vector configuration of Weight 3, Time 5, and Flow 2.",,5,5,5,8,COMPOUND(복합・이종)
팽팽이,paengpaengi,Adverbial state of stretched tight or puffed up plump (팽팽이).,Psychomime (State/Manner),Texture,Positive,Unvoiced (Light),Bright/Light/Small,-ri Ending,pʰɛŋpʰɛŋi,3,5,7,5,5,5,1500.0,6.86,5,3200.0,5.89,3,0,4,#708090,52.8,-2.1,-10.6,"Reflecting aspirated consonant /激音/ and bright vowel /陽性모음/ for a vector configuration of Weight 3, Time 5, and Flow 5.",,5,5,5,8,COMPOUND(복합・이종)
빵빵,ppangppang,Heavy or dark nuance of stretched tight or puffed up plump (빵빵).,Psychomime (State/Manner),Texture,Positive,Voiced (Heavy),Dark/Heavy/Large,-ri Ending,pʰ͈aŋpʰ͈aŋ,8,5,7,7,5,5,210.0,1.88,5,3200.0,5.89,3,0,4,#800000,25.5,48.0,38.1,"Reflecting tense consonant /濃音/ and bright vowel /陽性모음/ for a vector configuration of Weight 8, Time 5, and Flow 7.",,5,5,5,8,COMPOUND(복합・이종)
빵빵빵빵,ppangppangppangppang,Repeated heavy or dark nuance of stretched tight or puffed up plump (빵빵빵빵).,Psychomime (State/Manner),Texture,Positive,Voiced (Heavy),Dark/Heavy/Large,Reduplication,pʰ͈aŋpʰ͈aŋpʰ͈aŋpʰ͈aŋ,8,4,7,7,5,5,210.0,1.88,4,3200.0,5.89,3,0,4,#800000,25.5,48.0,38.1,"Reflecting tense consonant /濃音/ and bright vowel /陽性모음/ for a vector configuration of Weight 8, Time 4, and Flow 7.",,5,5,5,1,REDUP(첩어・동일)
빵빵거리다,ppangppanggeorida,Continuous heavy motion of stretched tight or puffed up plump (빵빵거리다).,Psychomime (State/Manner),Texture,Positive,Voiced (Heavy),Dark/Heavy/Large,Reduplication,pʰ͈aŋpʰ͈aŋgʌrida,8,5,7,7,5,5,210.0,1.88,5,3200.0,5.89,3,0,4,#800000,25.5,48.0,38.1,"Reflecting tense consonant /濃音/ and dark vowel /陰性모음/ for a vector configuration of Weight 8, Time 5, and Flow 7.",,5,5,5,8,COMPOUND(복합・이종)
빵빵대다,ppangppangdaeda,Repeated intense heavy action of stretched tight or puffed up plump (빵빵대다).,Psychomime (State/Manner),Texture,Positive,Voiced (Heavy),Dark/Heavy/Large,Reduplication,pʰ͈aŋpʰ͈aŋdɛda,8,5,7,7,5,5,210.0,1.88,5,3200.0,5.89,3,0,4,#800000,25.5,48.0,38.1,"Reflecting tense consonant /濃音/ and bright vowel /陽性모음/ for a vector configuration of Weight 8, Time 5, and Flow 7.",,5,5,5,8,COMPOUND(복합・이종)
빵빵하다,ppangppanghada,Heavy or dark state of being stretched tight or puffed up plump (빵빵하다).,Psychomime (State/Manner),Texture,Positive,Voiced (Heavy),Dark/Heavy/Large,-ri Ending,pʰ͈aŋpʰ͈aŋhada,8,5,7,2,5,5,210.0,1.88,5,3200.0,5.89,3,0,4,#800000,25.5,48.0,38.1,"Reflecting tense consonant /濃音/ and bright vowel /陽性모음/ for a vector configuration of Weight 8, Time 5, and Flow 2.",,5,5,5,8,COMPOUND(복합・이종)
팽팽빵빵,paengpaengppangppang,Alternating rhythm or variation of stretched tight or puffed up plump (팽팽빵빵).,Psychomime (State/Manner),Texture,Positive,Unvoiced (Light),Bright/Light/Small,Reduplication,pʰɛŋpʰɛŋpʰ͈aŋpʰ͈aŋ,3,5,7,7,5,5,1500.0,6.86,5,3200.0,5.89,3,0,4,#708090,52.8,-2.1,-10.6,"Reflecting aspirated consonant /激音/ and bright vowel /陽性모음/ for a vector configuration of Weight 3, Time 5, and Flow 7.",,5,5,5,8,COMPOUND(복합・이종)
쿵덕,kungdeog,Manner or sound of rhythmic pounding or traditional drum beat (쿵덕).,Phenomime (Sound),Dynamics,Positive,Unvoiced (Light),Bright/Light/Small,-ri Ending,kʰuŋdʌg,7,8,7,5,2,5,240.0,2.22,8,3200.0,5.89,3,0,4,#4B3621,24.5,6.4,16.8,"Reflecting aspirated consonant /激音/ and dark vowel /陰性모음/ for a vector configuration of Weight 7, Time 8, and Flow 5.",,5,5,5,8,COMPOUND(복합・이종)
쿵덕쿵덕,kungdeogkungdeog,"Repeated, continuous manner or sound of rhythmic pounding or traditional drum beat (쿵덕쿵덕).",Phenomime (Sound),Dynamics,Positive,Unvoiced (Light),Bright/Light/Small,Reduplication,kʰuŋdʌgkʰuŋdʌg,7,8,7,5,2,5,240.0,2.22,8,3200.0,5.89,3,0,4,#4B3621,24.5,6.4,16.8,"Reflecting aspirated consonant /激音/ and dark vowel /陰性모음/ for a vector configuration of Weight 7, Time 8, and Flow 5.",,5,5,5,1,REDUP(첩어・동일)
쿵덕거리다,kungdeoggeorida,Continuous motion or action of rhythmic pounding or traditional drum beat (쿵덕거리다).,Phenomime (Sound),Dynamics,Positive,Unvoiced (Light),Bright/Light/Small,Reduplication,kʰuŋdʌggʌrida,7,8,7,5,5,5,240.0,2.22,8,3200.0,5.89,3,0,4,#4B3621,24.5,6.4,16.8,"Reflecting aspirated consonant /激音/ and dark vowel /陰性모음/ for a vector configuration of Weight 7, Time 8, and Flow 5.",,5,5,5,8,COMPOUND(복합・이종)
쿵덕대다,kungdeogdaeda,"Repeated, intense action of rhythmic pounding or traditional drum beat (쿵덕대다).",Phenomime (Sound),Dynamics,Positive,Unvoiced (Light),Bright/Light/Small,Reduplication,kʰuŋdʌgdɛda,7,8,7,5,5,5,240.0,2.22,8,3200.0,5.89,3,0,4,#4B3621,24.5,6.4,16.8,"Reflecting aspirated consonant /激音/ and dark vowel /陰性모음/ for a vector configuration of Weight 7, Time 8, and Flow 5.",,5,5,5,8,COMPOUND(복합・이종)
쿵덕이다,kungdeogida,Motion or state of rhythmic pounding or traditional drum beat (쿵덕이다).,Phenomime (Sound),Dynamics,Positive,Unvoiced (Light),Bright/Light/Small,-ri Ending,kʰuŋdʌgida,7,8,7,5,5,5,240.0,2.22,8,3200.0,5.89,3,0,4,#4B3621,24.5,6.4,16.8,"Reflecting aspirated consonant /激音/ and dark vowel /陰性모음/ for a vector configuration of Weight 7, Time 8, and Flow 5.",,5,5,5,8,COMPOUND(복합・이종)
쿵덕하다,kungdeoghada,State or quality of being rhythmic pounding or traditional drum beat (쿵덕하다).,Phenomime (Sound),Dynamics,Positive,Unvoiced (Light),Bright/Light/Small,-ri Ending,kʰuŋdʌghada,7,8,7,2,5,5,240.0,2.22,8,3200.0,5.89,3,0,4,#4B3621,24.5,6.4,16.8,"Reflecting aspirated consonant /激音/ and dark vowel /陰性모음/ for a vector configuration of Weight 7, Time 8, and Flow 2.",,5,5,5,8,COMPOUND(복합・이종)
쿵덕이,kungdeogi,Adverbial state of rhythmic pounding or traditional drum beat (쿵덕이).,Phenomime (Sound),Dynamics,Positive,Unvoiced (Light),Bright/Light/Small,-ri Ending,kʰuŋdʌgi,7,8,7,5,5,5,240.0,2.22,8,3200.0,5.89,3,0,4,#4B3621,24.5,6.4,16.8,"Reflecting aspirated consonant /激音/ and dark vowel /陰性모음/ for a vector configuration of Weight 7, Time 8, and Flow 5.",,5,5,5,8,COMPOUND(복합・이종)
쿵짝,kungjjag,Heavy or dark nuance of rhythmic pounding or traditional drum beat (쿵짝).,Phenomime (Sound),Dynamics,Positive,Voiced (Heavy),Dark/Heavy/Large,-ri Ending,kʰuŋtʰɕ͈ag,8,8,7,7,5,5,210.0,1.88,8,3200.0,5.89,3,0,4,#800000,25.5,48.0,38.1,"Reflecting aspirated consonant /激音/ and dark vowel /陰性모음/ for a vector configuration of Weight 8, Time 8, and Flow 7.",,5,5,0,0,SUFFIX(어미변화)
쿵짝쿵짝,kungjjagkungjjag,Repeated heavy or dark nuance of rhythmic pounding or traditional drum beat (쿵짝쿵짝).,Phenomime (Sound),Dynamics,Positive,Voiced (Heavy),Dark/Heavy/Large,Reduplication,kʰuŋtʰɕ͈agkʰuŋtʰɕ͈ag,8,8,7,7,5,5,210.0,1.88,8,3200.0,5.89,3,0,4,#800000,25.5,48.0,38.1,"Reflecting aspirated consonant /激音/ and dark vowel /陰性모음/ for a vector configuration of Weight 8, Time 8, and Flow 7.",,5,5,5,1,REDUP(첩어・동일)
쿵짝거리다,kungjjaggeorida,Continuous heavy motion of rhythmic pounding or traditional drum beat (쿵짝거리다).,Phenomime (Sound),Dynamics,Positive,Voiced (Heavy),Dark/Heavy/Large,Reduplication,kʰuŋtʰɕ͈aggʌrida,8,8,7,7,5,5,210.0,1.88,8,3200.0,5.89,3,0,4,#800000,25.5,48.0,38.1,"Reflecting aspirated consonant /激音/ and dark vowel /陰性모음/ for a vector configuration of Weight 8, Time 8, and Flow 7.",,5,5,5,8,COMPOUND(복합・이종)
쿵짝대다,kungjjagdaeda,Repeated intense heavy action of rhythmic pounding or traditional drum beat (쿵짝대다).,Phenomime (Sound),Dynamics,Positive,Voiced (Heavy),Dark/Heavy/Large,Reduplication,kʰuŋtʰɕ͈agdɛda,8,8,7,7,5,5,210.0,1.88,8,3200.0,5.89,3,0,4,#800000,25.5,48.0,38.1,"Reflecting aspirated consonant /激音/ and dark vowel /陰性모음/ for a vector configuration of Weight 8, Time 8, and Flow 7.",,5,5,5,8,COMPOUND(복합・이종)
쿵짝하다,kungjjaghada,Heavy or dark state of being rhythmic pounding or traditional drum beat (쿵짝하다).,Phenomime (Sound),Dynamics,Positive,Voiced (Heavy),Dark/Heavy/Large,-ri Ending,kʰuŋtʰɕ͈aghada,8,8,7,2,5,5,210.0,1.88,8,3200.0,5.89,3,0,4,#800000,25.5,48.0,38.1,"Reflecting aspirated consonant /激音/ and dark vowel /陰性모음/ for a vector configuration of Weight 8, Time 8, and Flow 2.",,5,5,5,8,COMPOUND(복합・이종)
쿵덕쿵짝,kungdeogkungjjag,Alternating rhythm or variation of rhythmic pounding or traditional drum beat (쿵덕쿵짝).,Phenomime (Sound),Dynamics,Positive,Unvoiced (Light),Bright/Light/Small,Reduplication,kʰuŋdʌgkʰuŋtʰɕ͈ag,7,8,7,7,5,5,240.0,2.22,8,3200.0,5.89,3,0,4,#4B3621,24.5,6.4,16.8,"Reflecting aspirated consonant /激音/ and dark vowel /陰性모음/ for a vector configuration of Weight 7, Time 8, and Flow 7.",,5,5,0,0,SUFFIX(어미변화)
찌릿,jjiris,Manner or sound of electric shock or thrilling sensation (찌릿).,Algomime (Pain),Emotion,Positive,Unvoiced (Light),Bright/Light/Small,-ri Ending,tʰɕ͈iris,4,5,7,7,2,3,1200.0,6.29,5,3200.0,5.89,3,0,4,#708090,52.8,-2.1,-10.6,"Reflecting tense consonant /濃音/ and bright vowel /陽性모음/ for a vector configuration of Weight 4, Time 5, and Flow 7.",,5,5,5,8,COMPOUND(복합・이종)
찌릿찌릿,jjirisjjiris,"Repeated, continuous manner or sound of electric shock or thrilling sensation (찌릿찌릿).",Algomime (Pain),Emotion,Positive,Unvoiced (Light),Bright/Light/Small,Reduplication,tʰɕ͈iristʰɕ͈iris,4,4,7,7,2,3,1200.0,6.29,4,3200.0,5.89,3,0,4,#708090,52.8,-2.1,-10.6,"Reflecting tense consonant /濃音/ and bright vowel /陽性모음/ for a vector configuration of Weight 4, Time 4, and Flow 7.",,5,5,5,1,REDUP(첩어・동일)
찌릿거리다,jjirisgeorida,Continuous motion or action of electric shock or thrilling sensation (찌릿거리다).,Algomime (Pain),Emotion,Positive,Unvoiced (Light),Bright/Light/Small,Reduplication,tʰɕ͈irisgʌrida,7,5,7,7,5,3,240.0,2.22,5,3200.0,5.89,3,0,4,#4B3621,24.5,6.4,16.8,"Reflecting tense consonant /濃音/ and dark vowel /陰性모음/ for a vector configuration of Weight 7, Time 5, and Flow 7.",,5,5,5,8,COMPOUND(복합・이종)
찌릿대다,jjirisdaeda,"Repeated, intense action of electric shock or thrilling sensation (찌릿대다).",Algomime (Pain),Emotion,Positive,Unvoiced (Light),Bright/Light/Small,Reduplication,tʰɕ͈irisdɛda,3,5,7,7,5,3,1500.0,6.86,5,3200.0,5.89,3,0,4,#708090,52.8,-2.1,-10.6,"Reflecting tense consonant /濃音/ and bright vowel /陽性모음/ for a vector configuration of Weight 3, Time 5, and Flow 7.",,5,5,5,8,COMPOUND(복합・이종)
찌릿이다,jjirisida,Motion or state of electric shock or thrilling sensation (찌릿이다).,Algomime (Pain),Emotion,Positive,Unvoiced (Light),Bright/Light/Small,-ri Ending,tʰɕ͈irisida,3,5,7,7,5,3,1500.0,6.86,5,3200.0,5.89,3,0,4,#708090,52.8,-2.1,-10.6,"Reflecting tense consonant /濃音/ and bright vowel /陽性모음/ for a vector configuration of Weight 3, Time 5, and Flow 7.",,5,5,5,8,COMPOUND(복합・이종)
찌릿하다,jjirishada,State or quality of being electric shock or thrilling sensation (찌릿하다).,Algomime (Pain),Emotion,Positive,Unvoiced (Light),Bright/Light/Small,-ri Ending,tʰɕ͈irishada,3,5,7,2,5,3,1500.0,6.86,5,3200.0,5.89,3,0,4,#708090,52.8,-2.1,-10.6,"Reflecting tense consonant /濃音/ and bright vowel /陽性모음/ for a vector configuration of Weight 3, Time 5, and Flow 2.",,5,5,5,8,COMPOUND(복합・이종)
찌릿이,jjirisi,Adverbial state of electric shock or thrilling sensation (찌릿이).,Algomime (Pain),Emotion,Positive,Unvoiced (Light),Bright/Light/Small,-ri Ending,tʰɕ͈irisi,4,5,7,7,5,3,1200.0,6.29,5,3200.0,5.89,3,0,4,#708090,52.8,-2.1,-10.6,"Reflecting tense consonant /濃音/ and bright vowel /陽性모음/ for a vector configuration of Weight 4, Time 5, and Flow 7.",,5,5,5,8,COMPOUND(복합・이종)
짜릿,jjaris,Heavy or dark nuance of electric shock or thrilling sensation (짜릿).,Algomime (Pain),Emotion,Positive,Voiced (Heavy),Dark/Heavy/Large,-ri Ending,tʰɕ͈aris,8,5,7,7,5,3,210.0,1.88,5,3200.0,5.89,3,0,4,#800000,25.5,48.0,38.1,"Reflecting tense consonant /濃音/ and bright vowel /陽性모음/ for a vector configuration of Weight 8, Time 5, and Flow 7.",,5,5,5,8,COMPOUND(복합・이종)
짜릿짜릿,jjarisjjaris,Repeated heavy or dark nuance of electric shock or thrilling sensation (짜릿짜릿).,Algomime (Pain),Emotion,Positive,Voiced (Heavy),Dark/Heavy/Large,Reduplication,tʰɕ͈aristʰɕ͈aris,8,4,7,7,5,3,210.0,1.88,4,3200.0,5.89,3,0,4,#800000,25.5,48.0,38.1,"Reflecting tense consonant /濃音/ and bright vowel /陽性모음/ for a vector configuration of Weight 8, Time 4, and Flow 7.",,5,5,5,1,REDUP(첩어・동일)
짜릿거리다,jjarisgeorida,Continuous heavy motion of electric shock or thrilling sensation (짜릿거리다).,Algomime (Pain),Emotion,Positive,Voiced (Heavy),Dark/Heavy/Large,Reduplication,tʰɕ͈arisgʌrida,8,5,7,7,5,3,210.0,1.88,5,3200.0,5.89,3,0,4,#800000,25.5,48.0,38.1,"Reflecting tense consonant /濃音/ and dark vowel /陰性모음/ for a vector configuration of Weight 8, Time 5, and Flow 7.",,5,5,5,8,COMPOUND(복합・이종)
짜릿대다,jjarisdaeda,Repeated intense heavy action of electric shock or thrilling sensation (짜릿대다).,Algomime (Pain),Emotion,Positive,Voiced (Heavy),Dark/Heavy/Large,Reduplication,tʰɕ͈arisdɛda,8,5,7,7,5,3,210.0,1.88,5,3200.0,5.89,3,0,4,#800000,25.5,48.0,38.1,"Reflecting tense consonant /濃音/ and bright vowel /陽性모음/ for a vector configuration of Weight 8, Time 5, and Flow 7.",,5,5,5,8,COMPOUND(복합・이종)
짜릿하다,jjarishada,Heavy or dark state of being electric shock or thrilling sensation (짜릿하다).,Algomime (Pain),Emotion,Positive,Voiced (Heavy),Dark/Heavy/Large,-ri Ending,tʰɕ͈arishada,8,5,7,2,5,3,210.0,1.88,5,3200.0,5.89,3,0,4,#800000,25.5,48.0,38.1,"Reflecting tense consonant /濃音/ and bright vowel /陽性모음/ for a vector configuration of Weight 8, Time 5, and Flow 2.",,5,5,5,8,COMPOUND(복합・이종)
찌릿짜릿,jjirisjjaris,Alternating rhythm or variation of electric shock or thrilling sensation (찌릿짜릿).,Algomime (Pain),Emotion,Positive,Unvoiced (Light),Bright/Light/Small,Reduplication,tʰɕ͈iristʰɕ͈aris,3,5,7,7,5,3,1500.0,6.86,5,3200.0,5.89,3,0,4,#708090,52.8,-2.1,-10.6,"Reflecting tense consonant /濃音/ and bright vowel /陽性모음/ for a vector configuration of Weight 3, Time 5, and Flow 7.",,5,5,5,8,COMPOUND(복합・이종)
살랑,salrang,Manner or sound of gentle breeze swaying or blowing (살랑).,Psychomime (State/Manner),Weather/Nature,Positive,Unvoiced (Light),Bright/Light/Small,-ri Ending,salraŋ,1,5,4,2,3,5,2100.0,7.71,5,3200.0,5.89,3,0,4,#708090,52.8,-2.1,-10.6,"Reflecting plain consonant /平音/ and bright vowel /陽性모음/ for a vector configuration of Weight 1, Time 5, and Flow 2.",,5,5,5,8,COMPOUND(복합・이종)
살랑살랑,salrangsalrang,"Repeated, continuous manner or sound of gentle breeze swaying or blowing (살랑살랑).",Psychomime (State/Manner),Weather/Nature,Positive,Unvoiced (Light),Bright/Light/Small,Reduplication,salraŋsalraŋ,1,4,4,2,3,5,2100.0,7.71,4,3200.0,5.89,3,0,4,#708090,52.8,-2.1,-10.6,"Reflecting plain consonant /平音/ and bright vowel /陽性모음/ for a vector configuration of Weight 1, Time 4, and Flow 2.",,5,5,5,1,REDUP(첩어・동일)
살랑거리다,salranggeorida,Continuous motion or action of gentle breeze swaying or blowing (살랑거리다).,Psychomime (State/Manner),Weather/Nature,Positive,Unvoiced (Light),Bright/Light/Small,Reduplication,salraŋgʌrida,2,5,4,2,5,5,1800.0,7.32,5,3200.0,5.89,3,0,4,#708090,52.8,-2.1,-10.6,"Reflecting plain consonant /平音/ and dark vowel /陰性모음/ for a vector configuration of Weight 2, Time 5, and Flow 2.",,5,5,5,8,COMPOUND(복합・이종)
살랑대다,salrangdaeda,"Repeated, intense action of gentle breeze swaying or blowing (살랑대다).",Psychomime (State/Manner),Weather/Nature,Positive,Unvoiced (Light),Bright/Light/Small,Reduplication,salraŋdɛda,1,5,4,2,5,5,2100.0,7.71,5,3200.0,5.89,3,0,4,#708090,52.8,-2.1,-10.6,"Reflecting plain consonant /平音/ and bright vowel /陽性모음/ for a vector configuration of Weight 1, Time 5, and Flow 2.",,5,5,5,8,COMPOUND(복합・이종)
살랑이다,salrangida,Motion or state of gentle breeze swaying or blowing (살랑이다).,Psychomime (State/Manner),Weather/Nature,Positive,Unvoiced (Light),Bright/Light/Small,-ri Ending,salraŋida,1,5,4,2,5,5,2100.0,7.71,5,3200.0,5.89,3,0,4,#708090,52.8,-2.1,-10.6,"Reflecting plain consonant /平音/ and bright vowel /陽性모음/ for a vector configuration of Weight 1, Time 5, and Flow 2.",,5,5,5,8,COMPOUND(복합・이종)
살랑하다,salranghada,State or quality of being gentle breeze swaying or blowing (살랑하다).,Psychomime (State/Manner),Weather/Nature,Positive,Unvoiced (Light),Bright/Light/Small,-ri Ending,salraŋhada,1,5,4,2,5,5,2100.0,7.71,5,3200.0,5.89,3,0,4,#708090,52.8,-2.1,-10.6,"Reflecting plain consonant /平音/ and bright vowel /陽性모음/ for a vector configuration of Weight 1, Time 5, and Flow 2.",,5,5,5,8,COMPOUND(복합・이종)
살랑이,salrangi,Adverbial state of gentle breeze swaying or blowing (살랑이).,Psychomime (State/Manner),Weather/Nature,Positive,Unvoiced (Light),Bright/Light/Small,-ri Ending,salraŋi,1,5,4,2,5,5,2100.0,7.71,5,3200.0,5.89,3,0,4,#708090,52.8,-2.1,-10.6,"Reflecting plain consonant /平音/ and bright vowel /陽性모음/ for a vector configuration of Weight 1, Time 5, and Flow 2.",,5,5,5,8,COMPOUND(복합・이종)
설렁,seolreong,Heavy or dark nuance of gentle breeze swaying or blowing (설렁).,Psychomime (State/Manner),Weather/Nature,Positive,Voiced (Heavy),Dark/Heavy/Large,-ri Ending,sʌlrʌŋ,5,5,4,2,5,5,300.0,2.78,5,3200.0,5.89,3,0,4,#708090,52.8,-2.1,-10.6,"Reflecting plain consonant /平音/ and dark vowel /陰性모음/ for a vector configuration of Weight 5, Time 5, and Flow 2.",,5,5,5,8,COMPOUND(복합・이종)
설렁설렁,seolreongseolreong,Repeated heavy or dark nuance of gentle breeze swaying or blowing (설렁설렁).,Psychomime (State/Manner),Weather/Nature,Positive,Voiced (Heavy),Dark/Heavy/Large,Reduplication,sʌlrʌŋsʌlrʌŋ,5,4,4,2,5,5,300.0,2.78,4,3200.0,5.89,3,0,4,#708090,52.8,-2.1,-10.6,"Reflecting plain consonant /平音/ and dark vowel /陰性모음/ for a vector configuration of Weight 5, Time 4, and Flow 2.",,5,5,5,1,REDUP(첩어・동일)
설렁거리다,seolreonggeorida,Continuous heavy motion of gentle breeze swaying or blowing (설렁거리다).,Psychomime (State/Manner),Weather/Nature,Positive,Voiced (Heavy),Dark/Heavy/Large,Reduplication,sʌlrʌŋgʌrida,5,5,4,2,5,5,300.0,2.78,5,3200.0,5.89,3,0,4,#708090,52.8,-2.1,-10.6,"Reflecting plain consonant /平音/ and dark vowel /陰性모음/ for a vector configuration of Weight 5, Time 5, and Flow 2.",,5,5,5,8,COMPOUND(복합・이종)
설렁대다,seolreongdaeda,Repeated intense heavy action of gentle breeze swaying or blowing (설렁대다).,Psychomime (State/Manner),Weather/Nature,Positive,Voiced (Heavy),Dark/Heavy/Large,Reduplication,sʌlrʌŋdɛda,5,5,4,2,5,5,300.0,2.78,5,3200.0,5.89,3,0,4,#708090,52.8,-2.1,-10.6,"Reflecting plain consonant /平音/ and dark vowel /陰性모음/ for a vector configuration of Weight 5, Time 5, and Flow 2.",,5,5,5,8,COMPOUND(복합・이종)
설렁하다,seolreonghada,Heavy or dark state of being gentle breeze swaying or blowing (설렁하다).,Psychomime (State/Manner),Weather/Nature,Positive,Voiced (Heavy),Dark/Heavy/Large,-ri Ending,sʌlrʌŋhada,5,5,4,2,5,5,300.0,2.78,5,3200.0,5.89,3,0,4,#708090,52.8,-2.1,-10.6,"Reflecting plain consonant /平音/ and dark vowel /陰性모음/ for a vector configuration of Weight 5, Time 5, and Flow 2.",,5,5,5,8,COMPOUND(복합・이종)
살랑설렁,salrangseolreong,Alternating rhythm or variation of gentle breeze swaying or blowing (살랑설렁).,Psychomime (State/Manner),Weather/Nature,Positive,Unvoiced (Light),Bright/Light/Small,Reduplication,salraŋsʌlrʌŋ,2,5,4,2,5,5,1800.0,7.32,5,3200.0,5.89,3,0,4,#708090,52.8,-2.1,-10.6,"Reflecting plain consonant /平音/ and dark vowel /陰性모음/ for a vector configuration of Weight 2, Time 5, and Flow 2.",,5,5,5,8,COMPOUND(복합・이종)
두둥,dudung,Manner or sound of dramatic drum roll or floating afloat (두둥).,Phenomime (Sound),Silence,Positive,Unvoiced (Light),Bright/Light/Small,-ri Ending,duduŋ,5,5,4,5,3,5,900.0,5.56,5,3200.0,5.89,3,0,4,#708090,52.8,-2.1,-10.6,"Reflecting plain consonant /平音/ and dark vowel /陰性모음/ for a vector configuration of Weight 5, Time 5, and Flow 5.",,5,5,5,8,COMPOUND(복합・이종)
두둥두둥,dudungdudung,"Repeated, continuous manner or sound of dramatic drum roll or floating afloat (두둥두둥).",Phenomime (Sound),Silence,Positive,Unvoiced (Light),Bright/Light/Small,Reduplication,duduŋduduŋ,5,4,4,5,3,5,900.0,5.56,4,3200.0,5.89,3,0,4,#708090,52.8,-2.1,-10.6,"Reflecting plain consonant /平音/ and dark vowel /陰性모음/ for a vector configuration of Weight 5, Time 4, and Flow 5.",,5,5,5,1,REDUP(첩어・동일)
두둥거리다,dudunggeorida,Continuous motion or action of dramatic drum roll or floating afloat (두둥거리다).,Phenomime (Sound),Silence,Positive,Unvoiced (Light),Bright/Light/Small,Reduplication,duduŋgʌrida,5,5,4,5,5,5,900.0,5.56,5,3200.0,5.89,3,0,4,#708090,52.8,-2.1,-10.6,"Reflecting plain consonant /平音/ and dark vowel /陰性모음/ for a vector configuration of Weight 5, Time 5, and Flow 5.",,5,5,5,8,COMPOUND(복합・이종)
두둥대다,dudungdaeda,"Repeated, intense action of dramatic drum roll or floating afloat (두둥대다).",Phenomime (Sound),Silence,Positive,Unvoiced (Light),Bright/Light/Small,Reduplication,duduŋdɛda,5,5,4,5,5,5,900.0,5.56,5,3200.0,5.89,3,0,4,#708090,52.8,-2.1,-10.6,"Reflecting plain consonant /平音/ and dark vowel /陰性모음/ for a vector configuration of Weight 5, Time 5, and Flow 5.",,5,5,5,8,COMPOUND(복합・이종)
두둥이다,dudungida,Motion or state of dramatic drum roll or floating afloat (두둥이다).,Phenomime (Sound),Silence,Positive,Unvoiced (Light),Bright/Light/Small,-ri Ending,duduŋida,5,5,4,5,5,5,900.0,5.56,5,3200.0,5.89,3,0,4,#708090,52.8,-2.1,-10.6,"Reflecting plain consonant /平音/ and dark vowel /陰性모음/ for a vector configuration of Weight 5, Time 5, and Flow 5.",,5,5,5,8,COMPOUND(복합・이종)
두둥하다,dudunghada,State or quality of being dramatic drum roll or floating afloat (두둥하다).,Phenomime (Sound),Silence,Positive,Unvoiced (Light),Bright/Light/Small,-ri Ending,duduŋhada,5,5,4,2,5,5,900.0,5.56,5,3200.0,5.89,3,0,4,#708090,52.8,-2.1,-10.6,"Reflecting plain consonant /平音/ and dark vowel /陰性모음/ for a vector configuration of Weight 5, Time 5, and Flow 2.",,5,5,5,8,COMPOUND(복합・이종)
두둥이,dudungi,Adverbial state of dramatic drum roll or floating afloat (두둥이).,Phenomime (Sound),Silence,Positive,Unvoiced (Light),Bright/Light/Small,-ri Ending,duduŋi,5,5,4,5,5,5,900.0,5.56,5,3200.0,5.89,3,0,4,#708090,52.8,-2.1,-10.6,"Reflecting plain consonant /平音/ and dark vowel /陰性모음/ for a vector configuration of Weight 5, Time 5, and Flow 5.",,5,5,5,8,COMPOUND(복합・이종)
둥둥,dungdung,Heavy or dark nuance of dramatic drum roll or floating afloat (둥둥).,Phenomime (Sound),Silence,Positive,Voiced (Heavy),Dark/Heavy/Large,-ri Ending,duŋduŋ,8,5,4,5,5,5,210.0,1.88,5,3200.0,5.89,3,0,4,#800000,25.5,48.0,38.1,"Reflecting plain consonant /平音/ and dark vowel /陰性모음/ for a vector configuration of Weight 8, Time 5, and Flow 5.",,5,5,5,8,COMPOUND(복합・이종)
둥둥둥둥,dungdungdungdung,Repeated heavy or dark nuance of dramatic drum roll or floating afloat (둥둥둥둥).,Phenomime (Sound),Silence,Positive,Voiced (Heavy),Dark/Heavy/Large,Reduplication,duŋduŋduŋduŋ,8,4,4,5,5,5,210.0,1.88,4,3200.0,5.89,3,0,4,#800000,25.5,48.0,38.1,"Reflecting plain consonant /平音/ and dark vowel /陰性모음/ for a vector configuration of Weight 8, Time 4, and Flow 5.",,5,5,5,1,REDUP(첩어・동일)
둥둥거리다,dungdunggeorida,Continuous heavy motion of dramatic drum roll or floating afloat (둥둥거리다).,Phenomime (Sound),Silence,Positive,Voiced (Heavy),Dark/Heavy/Large,Reduplication,duŋduŋgʌrida,8,5,4,5,5,5,210.0,1.88,5,3200.0,5.89,3,0,4,#800000,25.5,48.0,38.1,"Reflecting plain consonant /平音/ and dark vowel /陰性모음/ for a vector configuration of Weight 8, Time 5, and Flow 5.",,5,5,5,8,COMPOUND(복합・이종)
둥둥대다,dungdungdaeda,Repeated intense heavy action of dramatic drum roll or floating afloat (둥둥대다).,Phenomime (Sound),Silence,Positive,Voiced (Heavy),Dark/Heavy/Large,Reduplication,duŋduŋdɛda,8,5,4,5,5,5,210.0,1.88,5,3200.0,5.89,3,0,4,#800000,25.5,48.0,38.1,"Reflecting plain consonant /平音/ and dark vowel /陰性모음/ for a vector configuration of Weight 8, Time 5, and Flow 5.",,5,5,5,8,COMPOUND(복합・이종)
둥둥하다,dungdunghada,Heavy or dark state of being dramatic drum roll or floating afloat (둥둥하다).,Phenomime (Sound),Silence,Positive,Voiced (Heavy),Dark/Heavy/Large,-ri Ending,duŋduŋhada,8,5,4,2,5,5,210.0,1.88,5,3200.0,5.89,3,0,4,#800000,25.5,48.0,38.1,"Reflecting plain consonant /平音/ and dark vowel /陰性모음/ for a vector configuration of Weight 8, Time 5, and Flow 2.",,5,5,5,8,COMPOUND(복합・이종)
두둥둥둥,dudungdungdung,Alternating rhythm or variation of dramatic drum roll or floating afloat (두둥둥둥).,Phenomime (Sound),Silence,Positive,Unvoiced (Light),Bright/Light/Small,Reduplication,duduŋduŋduŋ,5,5,4,5,5,5,900.0,5.56,5,3200.0,5.89,3,0,4,#708090,52.8,-2.1,-10.6,"Reflecting plain consonant /平音/ and dark vowel /陰性모음/ for a vector configuration of Weight 5, Time 5, and Flow 5.",,5,5,5,8,COMPOUND(복합・이종)
딸깍,ttalkkag,Manner or sound of clicking or snapping latch sound (딸깍).,Phenomime (Sound),Dynamics,Neutral,Unvoiced (Light),Bright/Light/Small,-ri Ending,tʰ͈alkʰ͈ag,3,8,7,2,2,3,1500.0,6.86,8,3200.0,5.89,3,0,4,#708090,52.8,-2.1,-10.6,"Reflecting tense consonant /濃音/ and bright vowel /陽性모음/ for a vector configuration of Weight 3, Time 8, and Flow 2.",,5,5,5,8,COMPOUND(복합・이종)
딸깍딸깍,ttalkkagttalkkag,"Repeated, continuous manner or sound of clicking or snapping latch sound (딸깍딸깍).",Phenomime (Sound),Dynamics,Neutral,Unvoiced (Light),Bright/Light/Small,Reduplication,tʰ͈alkʰ͈agtʰ͈alkʰ͈ag,3,8,7,2,2,3,1500.0,6.86,8,3200.0,5.89,3,0,4,#708090,52.8,-2.1,-10.6,"Reflecting tense consonant /濃音/ and bright vowel /陽性모음/ for a vector configuration of Weight 3, Time 8, and Flow 2.",,5,5,5,1,REDUP(첩어・동일)
딸깍거리다,ttalkkaggeorida,Continuous motion or action of clicking or snapping latch sound (딸깍거리다).,Phenomime (Sound),Dynamics,Neutral,Unvoiced (Light),Bright/Light/Small,Reduplication,tʰ͈alkʰ͈aggʌrida,7,8,7,2,2,3,240.0,2.22,8,3200.0,5.89,3,0,4,#4B3621,24.5,6.4,16.8,"Reflecting tense consonant /濃音/ and dark vowel /陰性모음/ for a vector configuration of Weight 7, Time 8, and Flow 2.",,5,5,5,8,COMPOUND(복합・이종)
딸깍대다,ttalkkagdaeda,"Repeated, intense action of clicking or snapping latch sound (딸깍대다).",Phenomime (Sound),Dynamics,Neutral,Unvoiced (Light),Bright/Light/Small,Reduplication,tʰ͈alkʰ͈agdɛda,3,8,7,2,2,3,1500.0,6.86,8,3200.0,5.89,3,0,4,#708090,52.8,-2.1,-10.6,"Reflecting tense consonant /濃音/ and bright vowel /陽性모음/ for a vector configuration of Weight 3, Time 8, and Flow 2.",,5,5,5,8,COMPOUND(복합・이종)
딸깍이다,ttalkkagida,Motion or state of clicking or snapping latch sound (딸깍이다).,Phenomime (Sound),Dynamics,Neutral,Unvoiced (Light),Bright/Light/Small,-ri Ending,tʰ͈alkʰ͈agida,3,8,7,2,2,3,1500.0,6.86,8,3200.0,5.89,3,0,4,#708090,52.8,-2.1,-10.6,"Reflecting tense consonant /濃音/ and bright vowel /陽性모음/ for a vector configuration of Weight 3, Time 8, and Flow 2.",,5,5,5,8,COMPOUND(복합・이종)
딸깍하다,ttalkkaghada,State or quality of being clicking or snapping latch sound (딸깍하다).,Phenomime (Sound),Dynamics,Neutral,Unvoiced (Light),Bright/Light/Small,-ri Ending,tʰ͈alkʰ͈aghada,3,8,7,2,2,3,1500.0,6.86,8,3200.0,5.89,3,0,4,#708090,52.8,-2.1,-10.6,"Reflecting tense consonant /濃音/ and bright vowel /陽性모음/ for a vector configuration of Weight 3, Time 8, and Flow 2.",,5,5,5,8,COMPOUND(복합・이종)
딸깍이,ttalkkagi,Adverbial state of clicking or snapping latch sound (딸깍이).,Phenomime (Sound),Dynamics,Neutral,Unvoiced (Light),Bright/Light/Small,-ri Ending,tʰ͈alkʰ͈agi,3,8,7,2,2,3,1500.0,6.86,8,3200.0,5.89,3,0,4,#708090,52.8,-2.1,-10.6,"Reflecting tense consonant /濃音/ and bright vowel /陽性모음/ for a vector configuration of Weight 3, Time 8, and Flow 2.",,5,5,5,8,COMPOUND(복합・이종)
딸칵,ttalkag,Heavy or dark nuance of clicking or snapping latch sound (딸칵).,Phenomime (Sound),Dynamics,Neutral,Voiced (Heavy),Dark/Heavy/Large,-ri Ending,tʰ͈alkʰag,8,8,7,2,2,3,210.0,1.88,8,3200.0,5.89,3,0,4,#800000,25.5,48.0,38.1,"Reflecting aspirated consonant /激音/ and bright vowel /陽性모음/ for a vector configuration of Weight 8, Time 8, and Flow 2.",,5,5,5,8,COMPOUND(복합・이종)
딸칵딸칵,ttalkagttalkag,Repeated heavy or dark nuance of clicking or snapping latch sound (딸칵딸칵).,Phenomime (Sound),Dynamics,Neutral,Voiced (Heavy),Dark/Heavy/Large,Reduplication,tʰ͈alkʰagtʰ͈alkʰag,8,8,7,2,2,3,210.0,1.88,8,3200.0,5.89,3,0,4,#800000,25.5,48.0,38.1,"Reflecting aspirated consonant /激音/ and bright vowel /陽性모음/ for a vector configuration of Weight 8, Time 8, and Flow 2.",,5,5,5,1,REDUP(첩어・동일)
딸칵거리다,ttalkaggeorida,Continuous heavy motion of clicking or snapping latch sound (딸칵거리다).,Phenomime (Sound),Dynamics,Neutral,Voiced (Heavy),Dark/Heavy/Large,Reduplication,tʰ͈alkʰaggʌrida,8,8,7,2,2,3,210.0,1.88,8,3200.0,5.89,3,0,4,#800000,25.5,48.0,38.1,"Reflecting aspirated consonant /激音/ and dark vowel /陰性모음/ for a vector configuration of Weight 8, Time 8, and Flow 2.",,5,5,5,8,COMPOUND(복합・이종)
딸칵대다,ttalkagdaeda,Repeated intense heavy action of clicking or snapping latch sound (딸칵대다).,Phenomime (Sound),Dynamics,Neutral,Voiced (Heavy),Dark/Heavy/Large,Reduplication,tʰ͈alkʰagdɛda,8,8,7,2,2,3,210.0,1.88,8,3200.0,5.89,3,0,4,#800000,25.5,48.0,38.1,"Reflecting aspirated consonant /激音/ and bright vowel /陽性모음/ for a vector configuration of Weight 8, Time 8, and Flow 2.",,5,5,5,8,COMPOUND(복합・이종)
딸칵하다,ttalkaghada,Heavy or dark state of being clicking or snapping latch sound (딸칵하다).,Phenomime (Sound),Dynamics,Neutral,Voiced (Heavy),Dark/Heavy/Large,-ri Ending,tʰ͈alkʰaghada,8,8,7,2,2,3,210.0,1.88,8,3200.0,5.89,3,0,4,#800000,25.5,48.0,38.1,"Reflecting aspirated consonant /激音/ and bright vowel /陽性모음/ for a vector configuration of Weight 8, Time 8, and Flow 2.",,5,5,5,8,COMPOUND(복합・이종)
딸깍딸칵,ttalkkagttalkag,Alternating rhythm or variation of clicking or snapping latch sound (딸깍딸칵).,Phenomime (Sound),Dynamics,Neutral,Unvoiced (Light),Bright/Light/Small,Reduplication,tʰ͈alkʰ͈agtʰ͈alkʰag,3,8,7,2,2,3,1500.0,6.86,8,3200.0,5.89,3,0,4,#708090,52.8,-2.1,-10.6,"Reflecting aspirated consonant /激音/ and bright vowel /陽性모음/ for a vector configuration of Weight 3, Time 8, and Flow 2.",,5,5,5,8,COMPOUND(복합・이종)
아웅,aung,Manner or sound of bickering/quarreling amicably (아웅).,Psychomime (State/Manner),Relationship,Neutral,Unvoiced (Light),Bright/Light/Small,-ri Ending,auŋ,5,5,4,5,3,5,900.0,5.56,5,3200.0,5.89,3,0,4,#708090,52.8,-2.1,-10.6,"Reflecting plain consonant /平音/ and dark vowel /陰性모음/ for a vector configuration of Weight 5, Time 5, and Flow 5.",,5,5,5,8,COMPOUND(복합・이종)
아웅아웅,aungaung,"Repeated, continuous manner or sound of bickering/quarreling amicably (아웅아웅).",Psychomime (State/Manner),Relationship,Neutral,Unvoiced (Light),Bright/Light/Small,Reduplication,auŋauŋ,5,4,4,5,3,5,900.0,5.56,4,3200.0,5.89,3,0,4,#708090,52.8,-2.1,-10.6,"Reflecting plain consonant /平音/ and dark vowel /陰性모음/ for a vector configuration of Weight 5, Time 4, and Flow 5.",,5,5,5,1,REDUP(첩어・동일)
아웅거리다,aunggeorida,Continuous motion or action of bickering/quarreling amicably (아웅거리다).,Psychomime (State/Manner),Relationship,Neutral,Unvoiced (Light),Bright/Light/Small,Reduplication,auŋgʌrida,5,5,4,5,5,5,900.0,5.56,5,3200.0,5.89,3,0,4,#708090,52.8,-2.1,-10.6,"Reflecting plain consonant /平音/ and dark vowel /陰性모음/ for a vector configuration of Weight 5, Time 5, and Flow 5.",,5,5,5,8,COMPOUND(복합・이종)
아웅대다,aungdaeda,"Repeated, intense action of bickering/quarreling amicably (아웅대다).",Psychomime (State/Manner),Relationship,Neutral,Unvoiced (Light),Bright/Light/Small,Reduplication,auŋdɛda,5,5,4,5,5,5,900.0,5.56,5,3200.0,5.89,3,0,4,#708090,52.8,-2.1,-10.6,"Reflecting plain consonant /平音/ and dark vowel /陰性모음/ for a vector configuration of Weight 5, Time 5, and Flow 5.",,5,5,5,8,COMPOUND(복합・이종)
아웅이다,aungida,Motion or state of bickering/quarreling amicably (아웅이다).,Psychomime (State/Manner),Relationship,Neutral,Unvoiced (Light),Bright/Light/Small,-ri Ending,auŋida,5,5,4,5,5,5,900.0,5.56,5,3200.0,5.89,3,0,4,#708090,52.8,-2.1,-10.6,"Reflecting plain consonant /平音/ and dark vowel /陰性모음/ for a vector configuration of Weight 5, Time 5, and Flow 5.",,5,5,5,8,COMPOUND(복합・이종)
아웅하다,aunghada,State or quality of being bickering/quarreling amicably (아웅하다).,Psychomime (State/Manner),Relationship,Neutral,Unvoiced (Light),Bright/Light/Small,-ri Ending,auŋhada,5,5,4,2,5,5,900.0,5.56,5,3200.0,5.89,3,0,4,#708090,52.8,-2.1,-10.6,"Reflecting plain consonant /平音/ and dark vowel /陰性모음/ for a vector configuration of Weight 5, Time 5, and Flow 2.",,5,5,5,8,COMPOUND(복합・이종)
아웅이,aungi,Adverbial state of bickering/quarreling amicably (아웅이).,Psychomime (State/Manner),Relationship,Neutral,Unvoiced (Light),Bright/Light/Small,-ri Ending,auŋi,5,5,4,5,5,5,900.0,5.56,5,3200.0,5.89,3,0,4,#708090,52.8,-2.1,-10.6,"Reflecting plain consonant /平音/ and dark vowel /陰性모음/ for a vector configuration of Weight 5, Time 5, and Flow 5.",,5,5,5,8,COMPOUND(복합・이종)
다웅,daung,Heavy or dark nuance of bickering/quarreling amicably (다웅).,Psychomime (State/Manner),Relationship,Neutral,Voiced (Heavy),Dark/Heavy/Large,-ri Ending,dauŋ,8,5,4,5,5,5,210.0,1.88,5,3200.0,5.89,3,0,4,#800000,25.5,48.0,38.1,"Reflecting plain consonant /平音/ and dark vowel /陰性모음/ for a vector configuration of Weight 8, Time 5, and Flow 5.",,5,5,5,8,COMPOUND(복합・이종)
다웅다웅,daungdaung,Repeated heavy or dark nuance of bickering/quarreling amicably (다웅다웅).,Psychomime (State/Manner),Relationship,Neutral,Voiced (Heavy),Dark/Heavy/Large,Reduplication,dauŋdauŋ,8,4,4,5,5,5,210.0,1.88,4,3200.0,5.89,3,0,4,#800000,25.5,48.0,38.1,"Reflecting plain consonant /平音/ and dark vowel /陰性모음/ for a vector configuration of Weight 8, Time 4, and Flow 5.",,5,5,5,1,REDUP(첩어・동일)
다웅거리다,daunggeorida,Continuous heavy motion of bickering/quarreling amicably (다웅거리다).,Psychomime (State/Manner),Relationship,Neutral,Voiced (Heavy),Dark/Heavy/Large,Reduplication,dauŋgʌrida,8,5,4,5,5,5,210.0,1.88,5,3200.0,5.89,3,0,4,#800000,25.5,48.0,38.1,"Reflecting plain consonant /平音/ and dark vowel /陰性모음/ for a vector configuration of Weight 8, Time 5, and Flow 5.",,5,5,5,8,COMPOUND(복합・이종)
다웅대다,daungdaeda,Repeated intense heavy action of bickering/quarreling amicably (다웅대다).,Psychomime (State/Manner),Relationship,Neutral,Voiced (Heavy),Dark/Heavy/Large,Reduplication,dauŋdɛda,8,5,4,5,5,5,210.0,1.88,5,3200.0,5.89,3,0,4,#800000,25.5,48.0,38.1,"Reflecting plain consonant /平音/ and dark vowel /陰性모음/ for a vector configuration of Weight 8, Time 5, and Flow 5.",,5,5,5,8,COMPOUND(복합・이종)
다웅하다,daunghada,Heavy or dark state of being bickering/quarreling amicably (다웅하다).,Psychomime (State/Manner),Relationship,Neutral,Voiced (Heavy),Dark/Heavy/Large,-ri Ending,dauŋhada,8,5,4,2,5,5,210.0,1.88,5,3200.0,5.89,3,0,4,#800000,25.5,48.0,38.1,"Reflecting plain consonant /平音/ and dark vowel /陰性모음/ for a vector configuration of Weight 8, Time 5, and Flow 2.",,5,5,5,8,COMPOUND(복합・이종)
아웅다웅,aungdaung,Alternating rhythm or variation of bickering/quarreling amicably (아웅다웅).,Psychomime (State/Manner),Relationship,Neutral,Unvoiced (Light),Bright/Light/Small,Reduplication,auŋdauŋ,5,5,4,5,5,5,900.0,5.56,5,3200.0,5.89,3,0,4,#708090,52.8,-2.1,-10.6,"Reflecting plain consonant /平音/ and dark vowel /陰性모음/ for a vector configuration of Weight 5, Time 5, and Flow 5.",,5,5,5,8,COMPOUND(복합・이종)
헐레,heolre,Manner or sound of rushing frantically or jumping up suddenly (헐레).,Psychomime (State/Manner),Speed/Tempo,Neutral,Unvoiced (Light),Bright/Light/Small,-ri Ending,hʌlre,5,5,4,2,3,3,900.0,5.56,5,3200.0,5.89,3,0,4,#708090,52.8,-2.1,-10.6,"Reflecting plain consonant /平音/ and dark vowel /陰性모음/ for a vector configuration of Weight 5, Time 5, and Flow 2.",,5,5,5,8,COMPOUND(복합・이종)
헐레헐레,heolreheolre,"Repeated, continuous manner or sound of rushing frantically or jumping up suddenly (헐레헐레).",Psychomime (State/Manner),Speed/Tempo,Neutral,Unvoiced (Light),Bright/Light/Small,Reduplication,hʌlrehʌlre,5,4,4,2,3,3,900.0,5.56,4,3200.0,5.89,3,0,4,#708090,52.8,-2.1,-10.6,"Reflecting plain consonant /平音/ and dark vowel /陰性모음/ for a vector configuration of Weight 5, Time 4, and Flow 2.",,5,5,5,1,REDUP(첩어・동일)
헐레거리다,heolregeorida,Continuous motion or action of rushing frantically or jumping up suddenly (헐레거리다).,Psychomime (State/Manner),Speed/Tempo,Neutral,Unvoiced (Light),Bright/Light/Small,Reduplication,hʌlregʌrida,5,5,4,2,5,3,900.0,5.56,5,3200.0,5.89,3,0,4,#708090,52.8,-2.1,-10.6,"Reflecting plain consonant /平音/ and dark vowel /陰性모음/ for a vector configuration of Weight 5, Time 5, and Flow 2.",,5,5,5,8,COMPOUND(복합・이종)
헐레대다,heolredaeda,"Repeated, intense action of rushing frantically or jumping up suddenly (헐레대다).",Psychomime (State/Manner),Speed/Tempo,Neutral,Unvoiced (Light),Bright/Light/Small,Reduplication,hʌlredɛda,5,5,4,2,5,3,900.0,5.56,5,3200.0,5.89,3,0,4,#708090,52.8,-2.1,-10.6,"Reflecting plain consonant /平音/ and dark vowel /陰性모음/ for a vector configuration of Weight 5, Time 5, and Flow 2.",,5,5,5,8,COMPOUND(복합・이종)
헐레이다,heolreida,Motion or state of rushing frantically or jumping up suddenly (헐레이다).,Psychomime (State/Manner),Speed/Tempo,Neutral,Unvoiced (Light),Bright/Light/Small,-ri Ending,hʌlreida,5,5,4,2,5,3,900.0,5.56,5,3200.0,5.89,3,0,4,#708090,52.8,-2.1,-10.6,"Reflecting plain consonant /平音/ and dark vowel /陰性모음/ for a vector configuration of Weight 5, Time 5, and Flow 2.",,5,5,5,8,COMPOUND(복합・이종)
헐레하다,heolrehada,State or quality of being rushing frantically or jumping up suddenly (헐레하다).,Psychomime (State/Manner),Speed/Tempo,Neutral,Unvoiced (Light),Bright/Light/Small,-ri Ending,hʌlrehada,5,5,4,2,5,3,900.0,5.56,5,3200.0,5.89,3,0,4,#708090,52.8,-2.1,-10.6,"Reflecting plain consonant /平音/ and dark vowel /陰性모음/ for a vector configuration of Weight 5, Time 5, and Flow 2.",,5,5,5,8,COMPOUND(복합・이종)
헐레이,heolrei,Adverbial state of rushing frantically or jumping up suddenly (헐레이).,Psychomime (State/Manner),Speed/Tempo,Neutral,Unvoiced (Light),Bright/Light/Small,-ri Ending,hʌlrei,5,5,4,2,5,3,900.0,5.56,5,3200.0,5.89,3,0,4,#708090,52.8,-2.1,-10.6,"Reflecting plain consonant /平音/ and dark vowel /陰性모음/ for a vector configuration of Weight 5, Time 5, and Flow 2.",,5,5,5,8,COMPOUND(복합・이종)
벌떡,beoltteog,Heavy or dark nuance of rushing frantically or jumping up suddenly (벌떡).,Psychomime (State/Manner),Speed/Tempo,Neutral,Voiced (Heavy),Dark/Heavy/Large,-ri Ending,bʌltʰ͈ʌg,8,8,7,2,5,3,210.0,1.88,8,3200.0,5.89,3,0,4,#800000,25.5,48.0,38.1,"Reflecting tense consonant /濃音/ and dark vowel /陰性모음/ for a vector configuration of Weight 8, Time 8, and Flow 2.",,5,5,5,8,COMPOUND(복합・이종)
벌떡벌떡,beoltteogbeoltteog,Repeated heavy or dark nuance of rushing frantically or jumping up suddenly (벌떡벌떡).,Psychomime (State/Manner),Speed/Tempo,Neutral,Voiced (Heavy),Dark/Heavy/Large,Reduplication,bʌltʰ͈ʌgbʌltʰ͈ʌg,8,8,7,2,5,3,210.0,1.88,8,3200.0,5.89,3,0,4,#800000,25.5,48.0,38.1,"Reflecting tense consonant /濃音/ and dark vowel /陰性모음/ for a vector configuration of Weight 8, Time 8, and Flow 2.",,5,5,5,1,REDUP(첩어・동일)
벌떡거리다,beoltteoggeorida,Continuous heavy motion of rushing frantically or jumping up suddenly (벌떡거리다).,Psychomime (State/Manner),Speed/Tempo,Neutral,Voiced (Heavy),Dark/Heavy/Large,Reduplication,bʌltʰ͈ʌggʌrida,8,8,7,2,5,3,210.0,1.88,8,3200.0,5.89,3,0,4,#800000,25.5,48.0,38.1,"Reflecting tense consonant /濃音/ and dark vowel /陰性모음/ for a vector configuration of Weight 8, Time 8, and Flow 2.",,5,5,5,8,COMPOUND(복합・이종)
벌떡대다,beoltteogdaeda,Repeated intense heavy action of rushing frantically or jumping up suddenly (벌떡대다).,Psychomime (State/Manner),Speed/Tempo,Neutral,Voiced (Heavy),Dark/Heavy/Large,Reduplication,bʌltʰ͈ʌgdɛda,8,8,7,2,5,3,210.0,1.88,8,3200.0,5.89,3,0,4,#800000,25.5,48.0,38.1,"Reflecting tense consonant /濃音/ and dark vowel /陰性모음/ for a vector configuration of Weight 8, Time 8, and Flow 2.",,5,5,5,8,COMPOUND(복합・이종)
벌떡하다,beoltteoghada,Heavy or dark state of being rushing frantically or jumping up suddenly (벌떡하다).,Psychomime (State/Manner),Speed/Tempo,Neutral,Voiced (Heavy),Dark/Heavy/Large,-ri Ending,bʌltʰ͈ʌghada,8,8,7,2,5,3,210.0,1.88,8,3200.0,5.89,3,0,4,#800000,25.5,48.0,38.1,"Reflecting tense consonant /濃音/ and dark vowel /陰性모음/ for a vector configuration of Weight 8, Time 8, and Flow 2.",,5,5,5,8,COMPOUND(복합・이종)
헐레벌떡,heolrebeoltteog,Alternating rhythm or variation of rushing frantically or jumping up suddenly (헐레벌떡).,Psychomime (State/Manner),Speed/Tempo,Neutral,Unvoiced (Light),Bright/Light/Small,Reduplication,hʌlrebʌltʰ͈ʌg,7,8,7,2,5,3,240.0,2.22,8,3200.0,5.89,3,0,4,#4B3621,24.5,6.4,16.8,"Reflecting tense consonant /濃音/ and dark vowel /陰性모음/ for a vector configuration of Weight 7, Time 8, and Flow 2.",,5,5,5,8,COMPOUND(복합・이종)
허둥,heodung,Manner or sound of hurrying flustered in confusion (허둥).,Psychomime (State/Manner),Speed/Tempo,Negative,Unvoiced (Light),Bright/Light/Small,-ri Ending,hʌduŋ,5,5,4,2,3,5,900.0,5.56,5,3200.0,5.89,3,0,4,#FF0000,53.2,80.1,67.2,"Reflecting plain consonant /平音/ and dark vowel /陰性모음/ for a vector configuration of Weight 5, Time 5, and Flow 2.",,5,5,5,8,COMPOUND(복합・이종)
허둥허둥,heodungheodung,"Repeated, continuous manner or sound of hurrying flustered in confusion (허둥허둥).",Psychomime (State/Manner),Speed/Tempo,Negative,Unvoiced (Light),Bright/Light/Small,Reduplication,hʌduŋhʌduŋ,5,4,4,2,3,5,900.0,5.56,4,3200.0,5.89,3,0,4,#FF0000,53.2,80.1,67.2,"Reflecting plain consonant /平音/ and dark vowel /陰性모음/ for a vector configuration of Weight 5, Time 4, and Flow 2.",,5,5,5,1,REDUP(첩어・동일)
허둥거리다,heodunggeorida,Continuous motion or action of hurrying flustered in confusion (허둥거리다).,Psychomime (State/Manner),Speed/Tempo,Negative,Unvoiced (Light),Bright/Light/Small,Reduplication,hʌduŋgʌrida,5,5,4,2,5,5,900.0,5.56,5,3200.0,5.89,3,0,4,#FF0000,53.2,80.1,67.2,"Reflecting plain consonant /平音/ and dark vowel /陰性모음/ for a vector configuration of Weight 5, Time 5, and Flow 2.",,5,5,5,8,COMPOUND(복합・이종)
허둥대다,heodungdaeda,"Repeated, intense action of hurrying flustered in confusion (허둥대다).",Psychomime (State/Manner),Speed/Tempo,Negative,Unvoiced (Light),Bright/Light/Small,Reduplication,hʌduŋdɛda,5,5,4,2,5,5,900.0,5.56,5,3200.0,5.89,3,0,4,#FF0000,53.2,80.1,67.2,"Reflecting plain consonant /平音/ and dark vowel /陰性모음/ for a vector configuration of Weight 5, Time 5, and Flow 2.",,5,5,5,8,COMPOUND(복합・이종)
허둥이다,heodungida,Motion or state of hurrying flustered in confusion (허둥이다).,Psychomime (State/Manner),Speed/Tempo,Negative,Unvoiced (Light),Bright/Light/Small,-ri Ending,hʌduŋida,5,5,4,2,5,5,900.0,5.56,5,3200.0,5.89,3,0,4,#FF0000,53.2,80.1,67.2,"Reflecting plain consonant /平音/ and dark vowel /陰性모음/ for a vector configuration of Weight 5, Time 5, and Flow 2.",,5,5,5,8,COMPOUND(복합・이종)
허둥하다,heodunghada,State or quality of being hurrying flustered in confusion (허둥하다).,Psychomime (State/Manner),Speed/Tempo,Negative,Unvoiced (Light),Bright/Light/Small,-ri Ending,hʌduŋhada,5,5,4,2,5,5,900.0,5.56,5,3200.0,5.89,3,0,4,#FF0000,53.2,80.1,67.2,"Reflecting plain consonant /平音/ and dark vowel /陰性모음/ for a vector configuration of Weight 5, Time 5, and Flow 2.",,5,5,5,8,COMPOUND(복합・이종)
허둥이,heodungi,Adverbial state of hurrying flustered in confusion (허둥이).,Psychomime (State/Manner),Speed/Tempo,Negative,Unvoiced (Light),Bright/Light/Small,-ri Ending,hʌduŋi,5,5,4,2,5,5,900.0,5.56,5,3200.0,5.89,3,0,4,#FF0000,53.2,80.1,67.2,"Reflecting plain consonant /平音/ and dark vowel /陰性모음/ for a vector configuration of Weight 5, Time 5, and Flow 2.",,5,5,5,8,COMPOUND(복합・이종)
지둥,jidung,Heavy or dark nuance of hurrying flustered in confusion (지둥).,Psychomime (State/Manner),Speed/Tempo,Negative,Voiced (Heavy),Dark/Heavy/Large,-ri Ending,tɕiduŋ,8,5,4,5,5,5,210.0,1.88,5,3200.0,5.89,3,0,4,#FF0000,53.2,80.1,67.2,"Reflecting plain consonant /平音/ and dark vowel /陰性모음/ for a vector configuration of Weight 8, Time 5, and Flow 5.",,5,5,5,8,COMPOUND(복합・이종)
지둥지둥,jidungjidung,Repeated heavy or dark nuance of hurrying flustered in confusion (지둥지둥).,Psychomime (State/Manner),Speed/Tempo,Negative,Voiced (Heavy),Dark/Heavy/Large,Reduplication,tɕiduŋtɕiduŋ,8,4,4,5,5,5,210.0,1.88,4,3200.0,5.89,3,0,4,#FF0000,53.2,80.1,67.2,"Reflecting plain consonant /平音/ and dark vowel /陰性모음/ for a vector configuration of Weight 8, Time 4, and Flow 5.",,5,5,5,1,REDUP(첩어・동일)
지둥거리다,jidunggeorida,Continuous heavy motion of hurrying flustered in confusion (지둥거리다).,Psychomime (State/Manner),Speed/Tempo,Negative,Voiced (Heavy),Dark/Heavy/Large,Reduplication,tɕiduŋgʌrida,8,5,4,5,5,5,210.0,1.88,5,3200.0,5.89,3,0,4,#FF0000,53.2,80.1,67.2,"Reflecting plain consonant /平音/ and dark vowel /陰性모음/ for a vector configuration of Weight 8, Time 5, and Flow 5.",,5,5,5,8,COMPOUND(복합・이종)
지둥대다,jidungdaeda,Repeated intense heavy action of hurrying flustered in confusion (지둥대다).,Psychomime (State/Manner),Speed/Tempo,Negative,Voiced (Heavy),Dark/Heavy/Large,Reduplication,tɕiduŋdɛda,8,5,4,5,5,5,210.0,1.88,5,3200.0,5.89,3,0,4,#FF0000,53.2,80.1,67.2,"Reflecting plain consonant /平音/ and dark vowel /陰性모음/ for a vector configuration of Weight 8, Time 5, and Flow 5.",,5,5,5,8,COMPOUND(복합・이종)
지둥하다,jidunghada,Heavy or dark state of being hurrying flustered in confusion (지둥하다).,Psychomime (State/Manner),Speed/Tempo,Negative,Voiced (Heavy),Dark/Heavy/Large,-ri Ending,tɕiduŋhada,8,5,4,2,5,5,210.0,1.88,5,3200.0,5.89,3,0,4,#FF0000,53.2,80.1,67.2,"Reflecting plain consonant /平音/ and dark vowel /陰性모음/ for a vector configuration of Weight 8, Time 5, and Flow 2.",,5,5,5,8,COMPOUND(복합・이종)
허둥지둥,heodungjidung,Alternating rhythm or variation of hurrying flustered in confusion (허둥지둥).,Psychomime (State/Manner),Speed/Tempo,Negative,Unvoiced (Light),Bright/Light/Small,Reduplication,hʌduŋtɕiduŋ,5,5,4,2,5,5,900.0,5.56,5,3200.0,5.89,3,0,4,#FF0000,53.2,80.1,67.2,"Reflecting plain consonant /平音/ and dark vowel /陰性모음/ for a vector configuration of Weight 5, Time 5, and Flow 2.",,5,5,5,8,COMPOUND(복합・이종)
갈팡,galpang,Manner or sound of wandering indecisively back and forth (갈팡).,Psychomime (State/Manner),Dynamics,Negative,Unvoiced (Light),Bright/Light/Small,-ri Ending,galpʰaŋ,3,5,7,2,2,5,1500.0,6.86,5,3200.0,5.89,3,0,4,#708090,52.8,-2.1,-10.6,"Reflecting aspirated consonant /激音/ and bright vowel /陽性모음/ for a vector configuration of Weight 3, Time 5, and Flow 2.",,5,5,5,8,COMPOUND(복합・이종)
갈팡갈팡,galpanggalpang,"Repeated, continuous manner or sound of wandering indecisively back and forth (갈팡갈팡).",Psychomime (State/Manner),Dynamics,Negative,Unvoiced (Light),Bright/Light/Small,Reduplication,galpʰaŋgalpʰaŋ,3,4,7,2,2,5,1500.0,6.86,4,3200.0,5.89,3,0,4,#708090,52.8,-2.1,-10.6,"Reflecting aspirated consonant /激音/ and bright vowel /陽性모음/ for a vector configuration of Weight 3, Time 4, and Flow 2.",,5,5,5,1,REDUP(첩어・동일)
갈팡거리다,galpanggeorida,Continuous motion or action of wandering indecisively back and forth (갈팡거리다).,Psychomime (State/Manner),Dynamics,Negative,Unvoiced (Light),Bright/Light/Small,Reduplication,galpʰaŋgʌrida,7,5,7,2,5,5,240.0,2.22,5,3200.0,5.89,3,0,4,#4B3621,24.5,6.4,16.8,"Reflecting aspirated consonant /激音/ and dark vowel /陰性모음/ for a vector configuration of Weight 7, Time 5, and Flow 2.",,5,5,5,8,COMPOUND(복합・이종)
갈팡대다,galpangdaeda,"Repeated, intense action of wandering indecisively back and forth (갈팡대다).",Psychomime (State/Manner),Dynamics,Negative,Unvoiced (Light),Bright/Light/Small,Reduplication,galpʰaŋdɛda,3,5,7,2,5,5,1500.0,6.86,5,3200.0,5.89,3,0,4,#708090,52.8,-2.1,-10.6,"Reflecting aspirated consonant /激音/ and bright vowel /陽性모음/ for a vector configuration of Weight 3, Time 5, and Flow 2.",,5,5,5,8,COMPOUND(복합・이종)
갈팡이다,galpangida,Motion or state of wandering indecisively back and forth (갈팡이다).,Psychomime (State/Manner),Dynamics,Negative,Unvoiced (Light),Bright/Light/Small,-ri Ending,galpʰaŋida,3,5,7,2,5,5,1500.0,6.86,5,3200.0,5.89,3,0,4,#708090,52.8,-2.1,-10.6,"Reflecting aspirated consonant /激音/ and bright vowel /陽性모음/ for a vector configuration of Weight 3, Time 5, and Flow 2.",,5,5,5,8,COMPOUND(복합・이종)
갈팡하다,galpanghada,State or quality of being wandering indecisively back and forth (갈팡하다).,Psychomime (State/Manner),Dynamics,Negative,Unvoiced (Light),Bright/Light/Small,-ri Ending,galpʰaŋhada,3,5,7,2,5,5,1500.0,6.86,5,3200.0,5.89,3,0,4,#708090,52.8,-2.1,-10.6,"Reflecting aspirated consonant /激音/ and bright vowel /陽性모음/ for a vector configuration of Weight 3, Time 5, and Flow 2.",,5,5,5,8,COMPOUND(복합・이종)
갈팡이,galpangi,Adverbial state of wandering indecisively back and forth (갈팡이).,Psychomime (State/Manner),Dynamics,Negative,Unvoiced (Light),Bright/Light/Small,-ri Ending,galpʰaŋi,3,5,7,2,5,5,1500.0,6.86,5,3200.0,5.89,3,0,4,#708090,52.8,-2.1,-10.6,"Reflecting aspirated consonant /激音/ and bright vowel /陽性모음/ for a vector configuration of Weight 3, Time 5, and Flow 2.",,5,5,5,8,COMPOUND(복합・이종)
질팡,jilpang,Heavy or dark nuance of wandering indecisively back and forth (질팡).,Psychomime (State/Manner),Dynamics,Negative,Voiced (Heavy),Dark/Heavy/Large,-ri Ending,tɕilpʰaŋ,8,5,7,2,5,5,210.0,1.88,5,3200.0,5.89,3,0,4,#800000,25.5,48.0,38.1,"Reflecting aspirated consonant /激音/ and bright vowel /陽性모음/ for a vector configuration of Weight 8, Time 5, and Flow 2.",,5,5,5,8,COMPOUND(복합・이종)
질팡질팡,jilpangjilpang,Repeated heavy or dark nuance of wandering indecisively back and forth (질팡질팡).,Psychomime (State/Manner),Dynamics,Negative,Voiced (Heavy),Dark/Heavy/Large,Reduplication,tɕilpʰaŋtɕilpʰaŋ,8,4,7,2,5,5,210.0,1.88,4,3200.0,5.89,3,0,4,#800000,25.5,48.0,38.1,"Reflecting aspirated consonant /激音/ and bright vowel /陽性모음/ for a vector configuration of Weight 8, Time 4, and Flow 2.",,5,5,5,1,REDUP(첩어・동일)
질팡거리다,jilpanggeorida,Continuous heavy motion of wandering indecisively back and forth (질팡거리다).,Psychomime (State/Manner),Dynamics,Negative,Voiced (Heavy),Dark/Heavy/Large,Reduplication,tɕilpʰaŋgʌrida,8,5,7,2,5,5,210.0,1.88,5,3200.0,5.89,3,0,4,#800000,25.5,48.0,38.1,"Reflecting aspirated consonant /激音/ and dark vowel /陰性모음/ for a vector configuration of Weight 8, Time 5, and Flow 2.",,5,5,5,8,COMPOUND(복합・이종)
질팡대다,jilpangdaeda,Repeated intense heavy action of wandering indecisively back and forth (질팡대다).,Psychomime (State/Manner),Dynamics,Negative,Voiced (Heavy),Dark/Heavy/Large,Reduplication,tɕilpʰaŋdɛda,8,5,7,2,5,5,210.0,1.88,5,3200.0,5.89,3,0,4,#800000,25.5,48.0,38.1,"Reflecting aspirated consonant /激音/ and bright vowel /陽性모음/ for a vector configuration of Weight 8, Time 5, and Flow 2.",,5,5,5,8,COMPOUND(복합・이종)
질팡하다,jilpanghada,Heavy or dark state of being wandering indecisively back and forth (질팡하다).,Psychomime (State/Manner),Dynamics,Negative,Voiced (Heavy),Dark/Heavy/Large,-ri Ending,tɕilpʰaŋhada,8,5,7,2,5,5,210.0,1.88,5,3200.0,5.89,3,0,4,#800000,25.5,48.0,38.1,"Reflecting aspirated consonant /激音/ and bright vowel /陽性모음/ for a vector configuration of Weight 8, Time 5, and Flow 2.",,5,5,5,8,COMPOUND(복합・이종)
갈팡질팡,galpangjilpang,Alternating rhythm or variation of wandering indecisively back and forth (갈팡질팡).,Psychomime (State/Manner),Dynamics,Negative,Unvoiced (Light),Bright/Light/Small,Reduplication,galpʰaŋtɕilpʰaŋ,3,5,7,2,5,5,1500.0,6.86,5,3200.0,5.89,3,0,4,#708090,52.8,-2.1,-10.6,"Reflecting aspirated consonant /激音/ and bright vowel /陽性모음/ for a vector configuration of Weight 3, Time 5, and Flow 2.",,5,5,5,8,COMPOUND(복합・이종)
차일,chail,Manner or sound of procrastinating or delaying day by day (차일).,Psychomime (State/Manner),Speed/Tempo,Neutral,Unvoiced (Light),Bright/Light/Small,-ri Ending,tʰɕʰail,3,5,7,2,2,3,1500.0,6.86,5,3200.0,5.89,3,0,4,#708090,52.8,-2.1,-10.6,"Reflecting aspirated consonant /激音/ and bright vowel /陽性모음/ for a vector configuration of Weight 3, Time 5, and Flow 2.",,5,5,5,8,COMPOUND(복합・이종)
차일차일,chailchail,"Repeated, continuous manner or sound of procrastinating or delaying day by day (차일차일).",Psychomime (State/Manner),Speed/Tempo,Neutral,Unvoiced (Light),Bright/Light/Small,Reduplication,tʰɕʰailtʰɕʰail,3,4,7,2,2,3,1500.0,6.86,4,3200.0,5.89,3,0,4,#708090,52.8,-2.1,-10.6,"Reflecting aspirated consonant /激音/ and bright vowel /陽性모음/ for a vector configuration of Weight 3, Time 4, and Flow 2.",,5,5,5,1,REDUP(첩어・동일)
차일거리다,chailgeorida,Continuous motion or action of procrastinating or delaying day by day (차일거리다).,Psychomime (State/Manner),Speed/Tempo,Neutral,Unvoiced (Light),Bright/Light/Small,Reduplication,tʰɕʰailgʌrida,7,5,7,2,5,3,240.0,2.22,5,3200.0,5.89,3,0,4,#4B3621,24.5,6.4,16.8,"Reflecting aspirated consonant /激音/ and dark vowel /陰性모음/ for a vector configuration of Weight 7, Time 5, and Flow 2.",,5,5,5,8,COMPOUND(복합・이종)
차일대다,chaildaeda,"Repeated, intense action of procrastinating or delaying day by day (차일대다).",Psychomime (State/Manner),Speed/Tempo,Neutral,Unvoiced (Light),Bright/Light/Small,Reduplication,tʰɕʰaildɛda,3,5,7,2,5,3,1500.0,6.86,5,3200.0,5.89,3,0,4,#708090,52.8,-2.1,-10.6,"Reflecting aspirated consonant /激音/ and bright vowel /陽性모음/ for a vector configuration of Weight 3, Time 5, and Flow 2.",,5,5,5,8,COMPOUND(복합・이종)
차일이다,chailida,Motion or state of procrastinating or delaying day by day (차일이다).,Psychomime (State/Manner),Speed/Tempo,Neutral,Unvoiced (Light),Bright/Light/Small,-ri Ending,tʰɕʰailida,3,5,7,2,5,3,1500.0,6.86,5,3200.0,5.89,3,0,4,#708090,52.8,-2.1,-10.6,"Reflecting aspirated consonant /激音/ and bright vowel /陽性모음/ for a vector configuration of Weight 3, Time 5, and Flow 2.",,5,5,5,8,COMPOUND(복합・이종)
차일하다,chailhada,State or quality of being procrastinating or delaying day by day (차일하다).,Psychomime (State/Manner),Speed/Tempo,Neutral,Unvoiced (Light),Bright/Light/Small,-ri Ending,tʰɕʰailhada,3,5,7,2,5,3,1500.0,6.86,5,3200.0,5.89,3,0,4,#708090,52.8,-2.1,-10.6,"Reflecting aspirated consonant /激音/ and bright vowel /陽性모음/ for a vector configuration of Weight 3, Time 5, and Flow 2.",,5,5,5,8,COMPOUND(복합・이종)
차일이,chaili,Adverbial state of procrastinating or delaying day by day (차일이).,Psychomime (State/Manner),Speed/Tempo,Neutral,Unvoiced (Light),Bright/Light/Small,-ri Ending,tʰɕʰaili,3,5,7,2,5,3,1500.0,6.86,5,3200.0,5.89,3,0,4,#708090,52.8,-2.1,-10.6,"Reflecting aspirated consonant /激音/ and bright vowel /陽性모음/ for a vector configuration of Weight 3, Time 5, and Flow 2.",,5,5,5,8,COMPOUND(복합・이종)
피일,piil,Heavy or dark nuance of procrastinating or delaying day by day (피일).,Psychomime (State/Manner),Speed/Tempo,Neutral,Voiced (Heavy),Dark/Heavy/Large,-ri Ending,pʰiil,8,5,7,2,5,3,210.0,1.88,5,3200.0,5.89,3,0,4,#800000,25.5,48.0,38.1,"Reflecting aspirated consonant /激音/ and bright vowel /陽性모음/ for a vector configuration of Weight 8, Time 5, and Flow 2.",,5,5,5,8,COMPOUND(복합・이종)
피일피일,piilpiil,Repeated heavy or dark nuance of procrastinating or delaying day by day (피일피일).,Psychomime (State/Manner),Speed/Tempo,Neutral,Voiced (Heavy),Dark/Heavy/Large,Reduplication,pʰiilpʰiil,8,4,7,2,5,3,210.0,1.88,4,3200.0,5.89,3,0,4,#800000,25.5,48.0,38.1,"Reflecting aspirated consonant /激音/ and bright vowel /陽性모음/ for a vector configuration of Weight 8, Time 4, and Flow 2.",,5,5,5,1,REDUP(첩어・동일)
피일거리다,piilgeorida,Continuous heavy motion of procrastinating or delaying day by day (피일거리다).,Psychomime (State/Manner),Speed/Tempo,Neutral,Voiced (Heavy),Dark/Heavy/Large,Reduplication,pʰiilgʌrida,8,5,7,2,5,3,210.0,1.88,5,3200.0,5.89,3,0,4,#800000,25.5,48.0,38.1,"Reflecting aspirated consonant /激音/ and dark vowel /陰性모음/ for a vector configuration of Weight 8, Time 5, and Flow 2.",,5,5,5,8,COMPOUND(복합・이종)
피일대다,piildaeda,Repeated intense heavy action of procrastinating or delaying day by day (피일대다).,Psychomime (State/Manner),Speed/Tempo,Neutral,Voiced (Heavy),Dark/Heavy/Large,Reduplication,pʰiildɛda,8,5,7,2,5,3,210.0,1.88,5,3200.0,5.89,3,0,4,#800000,25.5,48.0,38.1,"Reflecting aspirated consonant /激音/ and bright vowel /陽性모음/ for a vector configuration of Weight 8, Time 5, and Flow 2.",,5,5,5,8,COMPOUND(복합・이종)
피일하다,piilhada,Heavy or dark state of being procrastinating or delaying day by day (피일하다).,Psychomime (State/Manner),Speed/Tempo,Neutral,Voiced (Heavy),Dark/Heavy/Large,-ri Ending,pʰiilhada,8,5,7,2,5,3,210.0,1.88,5,3200.0,5.89,3,0,4,#800000,25.5,48.0,38.1,"Reflecting aspirated consonant /激音/ and bright vowel /陽性모음/ for a vector configuration of Weight 8, Time 5, and Flow 2.",,5,5,5,8,COMPOUND(복합・이종)
차일피일,chailpiil,Alternating rhythm or variation of procrastinating or delaying day by day (차일피일).,Psychomime (State/Manner),Speed/Tempo,Neutral,Unvoiced (Light),Bright/Light/Small,Reduplication,tʰɕʰailpʰiil,3,5,7,2,5,3,1500.0,6.86,5,3200.0,5.89,3,0,4,#708090,52.8,-2.1,-10.6,"Reflecting aspirated consonant /激音/ and bright vowel /陽性모음/ for a vector configuration of Weight 3, Time 5, and Flow 2.",,5,5,5,8,COMPOUND(복합・이종)
왁자,wagja,Manner or sound of boisterous noisy chatting crowd (왁자).,Phonomime (Voice),Silence,Neutral,Unvoiced (Light),Bright/Light/Small,-ri Ending,wagtɕa,3,8,4,5,3,3,1500.0,6.86,8,3200.0,5.89,3,0,4,#708090,52.8,-2.1,-10.6,"Reflecting plain consonant /平音/ and bright vowel /陽性모음/ for a vector configuration of Weight 3, Time 8, and Flow 5.",,5,5,5,8,COMPOUND(복합・이종)
왁자왁자,wagjawagja,"Repeated, continuous manner or sound of boisterous noisy chatting crowd (왁자왁자).",Phonomime (Voice),Silence,Neutral,Unvoiced (Light),Bright/Light/Small,Reduplication,wagtɕawagtɕa,3,8,4,5,3,3,1500.0,6.86,8,3200.0,5.89,3,0,4,#708090,52.8,-2.1,-10.6,"Reflecting plain consonant /平音/ and bright vowel /陽性모음/ for a vector configuration of Weight 3, Time 8, and Flow 5.",,5,5,5,1,REDUP(첩어・동일)
왁자거리다,wagjageorida,Continuous motion or action of boisterous noisy chatting crowd (왁자거리다).,Phonomime (Voice),Silence,Neutral,Unvoiced (Light),Bright/Light/Small,Reduplication,wagtɕagʌrida,5,8,4,5,5,3,900.0,5.56,8,3200.0,5.89,3,0,4,#708090,52.8,-2.1,-10.6,"Reflecting plain consonant /平音/ and dark vowel /陰性모음/ for a vector configuration of Weight 5, Time 8, and Flow 5.",,5,5,5,8,COMPOUND(복합・이종)
왁자대다,wagjadaeda,"Repeated, intense action of boisterous noisy chatting crowd (왁자대다).",Phonomime (Voice),Silence,Neutral,Unvoiced (Light),Bright/Light/Small,Reduplication,wagtɕadɛda,3,8,4,5,5,3,1500.0,6.86,8,3200.0,5.89,3,0,4,#708090,52.8,-2.1,-10.6,"Reflecting plain consonant /平音/ and bright vowel /陽性모음/ for a vector configuration of Weight 3, Time 8, and Flow 5.",,5,5,5,8,COMPOUND(복합・이종)
왁자이다,wagjaida,Motion or state of boisterous noisy chatting crowd (왁자이다).,Phonomime (Voice),Silence,Neutral,Unvoiced (Light),Bright/Light/Small,-ri Ending,wagtɕaida,3,8,4,5,5,3,1500.0,6.86,8,3200.0,5.89,3,0,4,#708090,52.8,-2.1,-10.6,"Reflecting plain consonant /平音/ and bright vowel /陽性모음/ for a vector configuration of Weight 3, Time 8, and Flow 5.",,5,5,5,8,COMPOUND(복합・이종)
왁자하다,wagjahada,State or quality of being boisterous noisy chatting crowd (왁자하다).,Phonomime (Voice),Silence,Neutral,Unvoiced (Light),Bright/Light/Small,-ri Ending,wagtɕahada,3,8,4,2,5,3,1500.0,6.86,8,3200.0,5.89,3,0,4,#708090,52.8,-2.1,-10.6,"Reflecting plain consonant /平音/ and bright vowel /陽性모음/ for a vector configuration of Weight 3, Time 8, and Flow 2.",,5,5,5,8,COMPOUND(복합・이종)
왁자이,wagjai,Adverbial state of boisterous noisy chatting crowd (왁자이).,Phonomime (Voice),Silence,Neutral,Unvoiced (Light),Bright/Light/Small,-ri Ending,wagtɕai,3,8,4,5,5,3,1500.0,6.86,8,3200.0,5.89,3,0,4,#708090,52.8,-2.1,-10.6,"Reflecting plain consonant /平音/ and bright vowel /陽性모음/ for a vector configuration of Weight 3, Time 8, and Flow 5.",,5,5,5,8,COMPOUND(복합・이종)
지껄,jikkeol,Heavy or dark nuance of boisterous noisy chatting crowd (지껄).,Phonomime (Voice),Silence,Neutral,Voiced (Heavy),Dark/Heavy/Large,-ri Ending,tɕikʰ͈ʌl,8,5,7,2,5,3,210.0,1.88,5,3200.0,5.89,3,0,4,#800000,25.5,48.0,38.1,"Reflecting tense consonant /濃音/ and dark vowel /陰性모음/ for a vector configuration of Weight 8, Time 5, and Flow 2.",,5,5,5,8,COMPOUND(복합・이종)
지껄지껄,jikkeoljikkeol,Repeated heavy or dark nuance of boisterous noisy chatting crowd (지껄지껄).,Phonomime (Voice),Silence,Neutral,Voiced (Heavy),Dark/Heavy/Large,Reduplication,tɕikʰ͈ʌltɕikʰ͈ʌl,8,4,7,2,5,3,210.0,1.88,4,3200.0,5.89,3,0,4,#800000,25.5,48.0,38.1,"Reflecting tense consonant /濃音/ and dark vowel /陰性모음/ for a vector configuration of Weight 8, Time 4, and Flow 2.",,5,5,5,1,REDUP(첩어・동일)
지껄거리다,jikkeolgeorida,Continuous heavy motion of boisterous noisy chatting crowd (지껄거리다).,Phonomime (Voice),Silence,Neutral,Voiced (Heavy),Dark/Heavy/Large,Reduplication,tɕikʰ͈ʌlgʌrida,8,5,7,2,5,3,210.0,1.88,5,3200.0,5.89,3,0,4,#800000,25.5,48.0,38.1,"Reflecting tense consonant /濃音/ and dark vowel /陰性모음/ for a vector configuration of Weight 8, Time 5, and Flow 2.",,5,5,5,8,COMPOUND(복합・이종)
지껄대다,jikkeoldaeda,Repeated intense heavy action of boisterous noisy chatting crowd (지껄대다).,Phonomime (Voice),Silence,Neutral,Voiced (Heavy),Dark/Heavy/Large,Reduplication,tɕikʰ͈ʌldɛda,8,5,7,2,5,3,210.0,1.88,5,3200.0,5.89,3,0,4,#800000,25.5,48.0,38.1,"Reflecting tense consonant /濃音/ and dark vowel /陰性모음/ for a vector configuration of Weight 8, Time 5, and Flow 2.",,5,5,5,8,COMPOUND(복합・이종)
지껄하다,jikkeolhada,Heavy or dark state of being boisterous noisy chatting crowd (지껄하다).,Phonomime (Voice),Silence,Neutral,Voiced (Heavy),Dark/Heavy/Large,-ri Ending,tɕikʰ͈ʌlhada,8,5,7,2,5,3,210.0,1.88,5,3200.0,5.89,3,0,4,#800000,25.5,48.0,38.1,"Reflecting tense consonant /濃音/ and dark vowel /陰性모음/ for a vector configuration of Weight 8, Time 5, and Flow 2.",,5,5,5,8,COMPOUND(복합・이종)
왁자지껄,wagjajikkeol,Alternating rhythm or variation of boisterous noisy chatting crowd (왁자지껄).,Phonomime (Voice),Silence,Neutral,Unvoiced (Light),Bright/Light/Small,Reduplication,wagtɕatɕikʰ͈ʌl,7,8,7,2,5,3,240.0,2.22,8,3200.0,5.89,3,0,4,#4B3621,24.5,6.4,16.8,"Reflecting tense consonant /濃音/ and dark vowel /陰性모음/ for a vector configuration of Weight 7, Time 8, and Flow 2.",,5,5,5,8,COMPOUND(복합・이종)
티격,tigyeog,Manner or sound of squabbling or nagging back and forth (티격).,Psychomime (State/Manner),Relationship,Neutral,Unvoiced (Light),Bright/Light/Small,-ri Ending,tʰigyʌg,4,8,7,5,2,3,1200.0,6.29,8,3200.0,5.89,3,0,4,#708090,52.8,-2.1,-10.6,"Reflecting aspirated consonant /激音/ and bright vowel /陽性모음/ for a vector configuration of Weight 4, Time 8, and Flow 5.",,5,5,5,8,COMPOUND(복합・이종)
티격티격,tigyeogtigyeog,"Repeated, continuous manner or sound of squabbling or nagging back and forth (티격티격).",Psychomime (State/Manner),Relationship,Neutral,Unvoiced (Light),Bright/Light/Small,Reduplication,tʰigyʌgtʰigyʌg,4,8,7,5,2,3,1200.0,6.29,8,3200.0,5.89,3,0,4,#708090,52.8,-2.1,-10.6,"Reflecting aspirated consonant /激音/ and bright vowel /陽性모음/ for a vector configuration of Weight 4, Time 8, and Flow 5.",,5,5,5,1,REDUP(첩어・동일)
티격거리다,tigyeoggeorida,Continuous motion or action of squabbling or nagging back and forth (티격거리다).,Psychomime (State/Manner),Relationship,Neutral,Unvoiced (Light),Bright/Light/Small,Reduplication,tʰigyʌggʌrida,7,8,7,5,5,3,240.0,2.22,8,3200.0,5.89,3,0,4,#4B3621,24.5,6.4,16.8,"Reflecting aspirated consonant /激音/ and dark vowel /陰性모음/ for a vector configuration of Weight 7, Time 8, and Flow 5.",,5,5,5,8,COMPOUND(복합・이종)
티격대다,tigyeogdaeda,"Repeated, intense action of squabbling or nagging back and forth (티격대다).",Psychomime (State/Manner),Relationship,Neutral,Unvoiced (Light),Bright/Light/Small,Reduplication,tʰigyʌgdɛda,3,8,7,5,5,3,1500.0,6.86,8,3200.0,5.89,3,0,4,#708090,52.8,-2.1,-10.6,"Reflecting aspirated consonant /激音/ and bright vowel /陽性모음/ for a vector configuration of Weight 3, Time 8, and Flow 5.",,5,5,5,8,COMPOUND(복합・이종)
티격이다,tigyeogida,Motion or state of squabbling or nagging back and forth (티격이다).,Psychomime (State/Manner),Relationship,Neutral,Unvoiced (Light),Bright/Light/Small,-ri Ending,tʰigyʌgida,3,8,7,5,5,3,1500.0,6.86,8,3200.0,5.89,3,0,4,#708090,52.8,-2.1,-10.6,"Reflecting aspirated consonant /激音/ and bright vowel /陽性모음/ for a vector configuration of Weight 3, Time 8, and Flow 5.",,5,5,5,8,COMPOUND(복합・이종)
티격하다,tigyeoghada,State or quality of being squabbling or nagging back and forth (티격하다).,Psychomime (State/Manner),Relationship,Neutral,Unvoiced (Light),Bright/Light/Small,-ri Ending,tʰigyʌghada,3,8,7,2,5,3,1500.0,6.86,8,3200.0,5.89,3,0,4,#708090,52.8,-2.1,-10.6,"Reflecting aspirated consonant /激音/ and bright vowel /陽性모음/ for a vector configuration of Weight 3, Time 8, and Flow 2.",,5,5,5,8,COMPOUND(복합・이종)
티격이,tigyeogi,Adverbial state of squabbling or nagging back and forth (티격이).,Psychomime (State/Manner),Relationship,Neutral,Unvoiced (Light),Bright/Light/Small,-ri Ending,tʰigyʌgi,4,8,7,5,5,3,1200.0,6.29,8,3200.0,5.89,3,0,4,#708090,52.8,-2.1,-10.6,"Reflecting aspirated consonant /激音/ and bright vowel /陽性모음/ for a vector configuration of Weight 4, Time 8, and Flow 5.",,5,5,5,8,COMPOUND(복합・이종)
태격,taegyeog,Heavy or dark nuance of squabbling or nagging back and forth (태격).,Psychomime (State/Manner),Relationship,Neutral,Voiced (Heavy),Dark/Heavy/Large,-ri Ending,tʰɛgyʌg,8,8,7,5,5,3,210.0,1.88,8,3200.0,5.89,3,0,4,#800000,25.5,48.0,38.1,"Reflecting aspirated consonant /激音/ and bright vowel /陽性모음/ for a vector configuration of Weight 8, Time 8, and Flow 5.",,5,5,5,8,COMPOUND(복합・이종)
태격태격,taegyeogtaegyeog,Repeated heavy or dark nuance of squabbling or nagging back and forth (태격태격).,Psychomime (State/Manner),Relationship,Neutral,Voiced (Heavy),Dark/Heavy/Large,Reduplication,tʰɛgyʌgtʰɛgyʌg,8,8,7,5,5,3,210.0,1.88,8,3200.0,5.89,3,0,4,#800000,25.5,48.0,38.1,"Reflecting aspirated consonant /激音/ and bright vowel /陽性모음/ for a vector configuration of Weight 8, Time 8, and Flow 5.",,5,5,5,1,REDUP(첩어・동일)
태격거리다,taegyeoggeorida,Continuous heavy motion of squabbling or nagging back and forth (태격거리다).,Psychomime (State/Manner),Relationship,Neutral,Voiced (Heavy),Dark/Heavy/Large,Reduplication,tʰɛgyʌggʌrida,8,8,7,5,5,3,210.0,1.88,8,3200.0,5.89,3,0,4,#800000,25.5,48.0,38.1,"Reflecting aspirated consonant /激音/ and dark vowel /陰性모음/ for a vector configuration of Weight 8, Time 8, and Flow 5.",,5,5,5,8,COMPOUND(복합・이종)
태격대다,taegyeogdaeda,Repeated intense heavy action of squabbling or nagging back and forth (태격대다).,Psychomime (State/Manner),Relationship,Neutral,Voiced (Heavy),Dark/Heavy/Large,Reduplication,tʰɛgyʌgdɛda,8,8,7,5,5,3,210.0,1.88,8,3200.0,5.89,3,0,4,#800000,25.5,48.0,38.1,"Reflecting aspirated consonant /激音/ and bright vowel /陽性모음/ for a vector configuration of Weight 8, Time 8, and Flow 5.",,5,5,5,8,COMPOUND(복합・이종)
태격하다,taegyeoghada,Heavy or dark state of being squabbling or nagging back and forth (태격하다).,Psychomime (State/Manner),Relationship,Neutral,Voiced (Heavy),Dark/Heavy/Large,-ri Ending,tʰɛgyʌghada,8,8,7,2,5,3,210.0,1.88,8,3200.0,5.89,3,0,4,#800000,25.5,48.0,38.1,"Reflecting aspirated consonant /激音/ and bright vowel /陽性모음/ for a vector configuration of Weight 8, Time 8, and Flow 2.",,5,5,5,8,COMPOUND(복합・이종)
티격태격,tigyeogtaegyeog,Alternating rhythm or variation of squabbling or nagging back and forth (티격태격).,Psychomime (State/Manner),Relationship,Neutral,Unvoiced (Light),Bright/Light/Small,Reduplication,tʰigyʌgtʰɛgyʌg,3,8,7,5,5,3,1500.0,6.86,8,3200.0,5.89,3,0,4,#708090,52.8,-2.1,-10.6,"Reflecting aspirated consonant /激音/ and bright vowel /陽性모음/ for a vector configuration of Weight 3, Time 8, and Flow 5.",,5,5,5,8,COMPOUND(복합・이종)
옥신,ogsin,Manner or sound of arguing or disputing stubbornly (옥신).,Psychomime (State/Manner),Relationship,Neutral,Unvoiced (Light),Bright/Light/Small,-ri Ending,ogsin,3,8,4,2,3,5,1500.0,6.86,8,3200.0,5.89,3,0,4,#708090,52.8,-2.1,-10.6,"Reflecting plain consonant /平音/ and bright vowel /陽性모음/ for a vector configuration of Weight 3, Time 8, and Flow 2.",,5,5,5,8,COMPOUND(복합・이종)
옥신옥신,ogsinogsin,"Repeated, continuous manner or sound of arguing or disputing stubbornly (옥신옥신).",Psychomime (State/Manner),Relationship,Neutral,Unvoiced (Light),Bright/Light/Small,Reduplication,ogsinogsin,3,8,4,2,3,5,1500.0,6.86,8,3200.0,5.89,3,0,4,#708090,52.8,-2.1,-10.6,"Reflecting plain consonant /平音/ and bright vowel /陽性모음/ for a vector configuration of Weight 3, Time 8, and Flow 2.",,5,5,5,1,REDUP(첩어・동일)
옥신거리다,ogsingeorida,Continuous motion or action of arguing or disputing stubbornly (옥신거리다).,Psychomime (State/Manner),Relationship,Neutral,Unvoiced (Light),Bright/Light/Small,Reduplication,ogsiŋʌrida,5,8,4,2,5,5,900.0,5.56,8,3200.0,5.89,3,0,4,#708090,52.8,-2.1,-10.6,"Reflecting plain consonant /平音/ and dark vowel /陰性모음/ for a vector configuration of Weight 5, Time 8, and Flow 2.",,5,5,5,8,COMPOUND(복합・이종)
옥신대다,ogsindaeda,"Repeated, intense action of arguing or disputing stubbornly (옥신대다).",Psychomime (State/Manner),Relationship,Neutral,Unvoiced (Light),Bright/Light/Small,Reduplication,ogsindɛda,3,8,4,2,5,5,1500.0,6.86,8,3200.0,5.89,3,0,4,#708090,52.8,-2.1,-10.6,"Reflecting plain consonant /平音/ and bright vowel /陽性모음/ for a vector configuration of Weight 3, Time 8, and Flow 2.",,5,5,5,8,COMPOUND(복합・이종)
옥신이다,ogsinida,Motion or state of arguing or disputing stubbornly (옥신이다).,Psychomime (State/Manner),Relationship,Neutral,Unvoiced (Light),Bright/Light/Small,-ri Ending,ogsinida,3,8,4,2,5,5,1500.0,6.86,8,3200.0,5.89,3,0,4,#708090,52.8,-2.1,-10.6,"Reflecting plain consonant /平音/ and bright vowel /陽性모음/ for a vector configuration of Weight 3, Time 8, and Flow 2.",,5,5,5,8,COMPOUND(복합・이종)
옥신하다,ogsinhada,State or quality of being arguing or disputing stubbornly (옥신하다).,Psychomime (State/Manner),Relationship,Neutral,Unvoiced (Light),Bright/Light/Small,-ri Ending,ogsinhada,3,8,4,2,5,5,1500.0,6.86,8,3200.0,5.89,3,0,4,#708090,52.8,-2.1,-10.6,"Reflecting plain consonant /平音/ and bright vowel /陽性모음/ for a vector configuration of Weight 3, Time 8, and Flow 2.",,5,5,5,8,COMPOUND(복합・이종)
옥신이,ogsini,Adverbial state of arguing or disputing stubbornly (옥신이).,Psychomime (State/Manner),Relationship,Neutral,Unvoiced (Light),Bright/Light/Small,-ri Ending,ogsini,3,8,4,2,5,5,1500.0,6.86,8,3200.0,5.89,3,0,4,#708090,52.8,-2.1,-10.6,"Reflecting plain consonant /平音/ and bright vowel /陽性모음/ for a vector configuration of Weight 3, Time 8, and Flow 2.",,5,5,5,8,COMPOUND(복합・이종)
각신,gagsin,Heavy or dark nuance of arguing or disputing stubbornly (각신).,Psychomime (State/Manner),Relationship,Neutral,Voiced (Heavy),Dark/Heavy/Large,-ri Ending,gagsin,8,8,4,2,5,5,210.0,1.88,8,3200.0,5.89,3,0,4,#800000,25.5,48.0,38.1,"Reflecting plain consonant /平音/ and bright vowel /陽性모음/ for a vector configuration of Weight 8, Time 8, and Flow 2.",,5,5,5,8,COMPOUND(복합・이종)
각신각신,gagsingagsin,Repeated heavy or dark nuance of arguing or disputing stubbornly (각신각신).,Psychomime (State/Manner),Relationship,Neutral,Voiced (Heavy),Dark/Heavy/Large,Reduplication,gagsiŋagsin,8,8,4,2,5,5,210.0,1.88,8,3200.0,5.89,3,0,4,#800000,25.5,48.0,38.1,"Reflecting plain consonant /平音/ and bright vowel /陽性모음/ for a vector configuration of Weight 8, Time 8, and Flow 2.",,5,5,5,1,REDUP(첩어・동일)
각신거리다,gagsingeorida,Continuous heavy motion of arguing or disputing stubbornly (각신거리다).,Psychomime (State/Manner),Relationship,Neutral,Voiced (Heavy),Dark/Heavy/Large,Reduplication,gagsiŋʌrida,8,8,4,2,5,5,210.0,1.88,8,3200.0,5.89,3,0,4,#800000,25.5,48.0,38.1,"Reflecting plain consonant /平音/ and dark vowel /陰性모음/ for a vector configuration of Weight 8, Time 8, and Flow 2.",,5,5,5,8,COMPOUND(복합・이종)
각신대다,gagsindaeda,Repeated intense heavy action of arguing or disputing stubbornly (각신대다).,Psychomime (State/Manner),Relationship,Neutral,Voiced (Heavy),Dark/Heavy/Large,Reduplication,gagsindɛda,8,8,4,2,5,5,210.0,1.88,8,3200.0,5.89,3,0,4,#800000,25.5,48.0,38.1,"Reflecting plain consonant /平音/ and bright vowel /陽性모음/ for a vector configuration of Weight 8, Time 8, and Flow 2.",,5,5,5,8,COMPOUND(복합・이종)
각신하다,gagsinhada,Heavy or dark state of being arguing or disputing stubbornly (각신하다).,Psychomime (State/Manner),Relationship,Neutral,Voiced (Heavy),Dark/Heavy/Large,-ri Ending,gagsinhada,8,8,4,2,5,5,210.0,1.88,8,3200.0,5.89,3,0,4,#800000,25.5,48.0,38.1,"Reflecting plain consonant /平音/ and bright vowel /陽性모음/ for a vector configuration of Weight 8, Time 8, and Flow 2.",,5,5,5,8,COMPOUND(복합・이종)
옥신각신,ogsingagsin,Alternating rhythm or variation of arguing or disputing stubbornly (옥신각신).,Psychomime (State/Manner),Relationship,Neutral,Unvoiced (Light),Bright/Light/Small,Reduplication,ogsiŋagsin,3,8,4,2,5,5,1500.0,6.86,8,3200.0,5.89,3,0,4,#708090,52.8,-2.1,-10.6,"Reflecting plain consonant /平音/ and bright vowel /陽性모음/ for a vector configuration of Weight 3, Time 8, and Flow 2.",,5,5,5,8,COMPOUND(복합・이종)
좌충,jwachung,Manner or sound of dashing about recklessly in all directions (좌충).,Psychomime (State/Manner),Dynamics,Neutral,Unvoiced (Light),Bright/Light/Small,-ri Ending,tɕwatʰɕʰuŋ,7,5,7,5,2,5,240.0,2.22,5,3200.0,5.89,3,0,4,#4B3621,24.5,6.4,16.8,"Reflecting aspirated consonant /激音/ and dark vowel /陰性모음/ for a vector configuration of Weight 7, Time 5, and Flow 5.",,5,5,5,8,COMPOUND(복합・이종)
좌충좌충,jwachungjwachung,"Repeated, continuous manner or sound of dashing about recklessly in all directions (좌충좌충).",Psychomime (State/Manner),Dynamics,Neutral,Unvoiced (Light),Bright/Light/Small,Reduplication,tɕwatʰɕʰuŋtɕwatʰɕʰuŋ,7,4,7,5,2,5,240.0,2.22,4,3200.0,5.89,3,0,4,#4B3621,24.5,6.4,16.8,"Reflecting aspirated consonant /激音/ and dark vowel /陰性모음/ for a vector configuration of Weight 7, Time 4, and Flow 5.",,5,5,5,1,REDUP(첩어・동일)
좌충거리다,jwachunggeorida,Continuous motion or action of dashing about recklessly in all directions (좌충거리다).,Psychomime (State/Manner),Dynamics,Neutral,Unvoiced (Light),Bright/Light/Small,Reduplication,tɕwatʰɕʰuŋgʌrida,7,5,7,5,5,5,240.0,2.22,5,3200.0,5.89,3,0,4,#4B3621,24.5,6.4,16.8,"Reflecting aspirated consonant /激音/ and dark vowel /陰性모음/ for a vector configuration of Weight 7, Time 5, and Flow 5.",,5,5,5,8,COMPOUND(복합・이종)
좌충대다,jwachungdaeda,"Repeated, intense action of dashing about recklessly in all directions (좌충대다).",Psychomime (State/Manner),Dynamics,Neutral,Unvoiced (Light),Bright/Light/Small,Reduplication,tɕwatʰɕʰuŋdɛda,7,5,7,5,5,5,240.0,2.22,5,3200.0,5.89,3,0,4,#4B3621,24.5,6.4,16.8,"Reflecting aspirated consonant /激音/ and dark vowel /陰性모음/ for a vector configuration of Weight 7, Time 5, and Flow 5.",,5,5,5,8,COMPOUND(복합・이종)
좌충이다,jwachungida,Motion or state of dashing about recklessly in all directions (좌충이다).,Psychomime (State/Manner),Dynamics,Neutral,Unvoiced (Light),Bright/Light/Small,-ri Ending,tɕwatʰɕʰuŋida,7,5,7,5,5,5,240.0,2.22,5,3200.0,5.89,3,0,4,#4B3621,24.5,6.4,16.8,"Reflecting aspirated consonant /激音/ and dark vowel /陰性모음/ for a vector configuration of Weight 7, Time 5, and Flow 5.",,5,5,5,8,COMPOUND(복합・이종)
좌충하다,jwachunghada,State or quality of being dashing about recklessly in all directions (좌충하다).,Psychomime (State/Manner),Dynamics,Neutral,Unvoiced (Light),Bright/Light/Small,-ri Ending,tɕwatʰɕʰuŋhada,7,5,7,2,5,5,240.0,2.22,5,3200.0,5.89,3,0,4,#4B3621,24.5,6.4,16.8,"Reflecting aspirated consonant /激音/ and dark vowel /陰性모음/ for a vector configuration of Weight 7, Time 5, and Flow 2.",,5,5,5,8,COMPOUND(복합・이종)
좌충이,jwachungi,Adverbial state of dashing about recklessly in all directions (좌충이).,Psychomime (State/Manner),Dynamics,Neutral,Unvoiced (Light),Bright/Light/Small,-ri Ending,tɕwatʰɕʰuŋi,7,5,7,5,5,5,240.0,2.22,5,3200.0,5.89,3,0,4,#4B3621,24.5,6.4,16.8,"Reflecting aspirated consonant /激音/ and dark vowel /陰性모음/ for a vector configuration of Weight 7, Time 5, and Flow 5.",,5,5,5,8,COMPOUND(복합・이종)
우돌,udol,Heavy or dark nuance of dashing about recklessly in all directions (우돌).,Psychomime (State/Manner),Dynamics,Neutral,Voiced (Heavy),Dark/Heavy/Large,-ri Ending,udol,8,5,4,2,5,3,210.0,1.88,5,3200.0,5.89,3,0,4,#800000,25.5,48.0,38.1,"Reflecting plain consonant /平音/ and dark vowel /陰性모음/ for a vector configuration of Weight 8, Time 5, and Flow 2.",,5,5,5,8,COMPOUND(복합・이종)
우돌우돌,udoludol,Repeated heavy or dark nuance of dashing about recklessly in all directions (우돌우돌).,Psychomime (State/Manner),Dynamics,Neutral,Voiced (Heavy),Dark/Heavy/Large,Reduplication,udoludol,8,4,4,2,5,3,210.0,1.88,4,3200.0,5.89,3,0,4,#800000,25.5,48.0,38.1,"Reflecting plain consonant /平音/ and dark vowel /陰性모음/ for a vector configuration of Weight 8, Time 4, and Flow 2.",,5,5,5,1,REDUP(첩어・동일)
우돌거리다,udolgeorida,Continuous heavy motion of dashing about recklessly in all directions (우돌거리다).,Psychomime (State/Manner),Dynamics,Neutral,Voiced (Heavy),Dark/Heavy/Large,Reduplication,udolgʌrida,8,5,4,2,5,3,210.0,1.88,5,3200.0,5.89,3,0,4,#800000,25.5,48.0,38.1,"Reflecting plain consonant /平音/ and dark vowel /陰性모음/ for a vector configuration of Weight 8, Time 5, and Flow 2.",,5,5,5,8,COMPOUND(복합・이종)
우돌대다,udoldaeda,Repeated intense heavy action of dashing about recklessly in all directions (우돌대다).,Psychomime (State/Manner),Dynamics,Neutral,Voiced (Heavy),Dark/Heavy/Large,Reduplication,udoldɛda,8,5,4,2,5,3,210.0,1.88,5,3200.0,5.89,3,0,4,#800000,25.5,48.0,38.1,"Reflecting plain consonant /平音/ and dark vowel /陰性모음/ for a vector configuration of Weight 8, Time 5, and Flow 2.",,5,5,5,8,COMPOUND(복합・이종)
우돌하다,udolhada,Heavy or dark state of being dashing about recklessly in all directions (우돌하다).,Psychomime (State/Manner),Dynamics,Neutral,Voiced (Heavy),Dark/Heavy/Large,-ri Ending,udolhada,8,5,4,2,5,3,210.0,1.88,5,3200.0,5.89,3,0,4,#800000,25.5,48.0,38.1,"Reflecting plain consonant /平音/ and dark vowel /陰性모음/ for a vector configuration of Weight 8, Time 5, and Flow 2.",,5,5,5,8,COMPOUND(복합・이종)
좌충우돌,jwachungudol,Alternating rhythm or variation of dashing about recklessly in all directions (좌충우돌).,Psychomime (State/Manner),Dynamics,Neutral,Unvoiced (Light),Bright/Light/Small,Reduplication,tɕwatʰɕʰuŋudol,7,5,7,2,5,5,240.0,2.22,5,3200.0,5.89,3,0,4,#4B3621,24.5,6.4,16.8,"Reflecting aspirated consonant /激音/ and dark vowel /陰性모음/ for a vector configuration of Weight 7, Time 5, and Flow 2.",,5,5,5,8,COMPOUND(복합・이종)
헐떡,heoltteog,Manner or sound of panting or gasping heavily for breath (헐떡).,Phonomime (Voice),Human Body/Physiology,Negative,Unvoiced (Light),Bright/Light/Small,-ri Ending,hʌltʰ͈ʌg,7,8,7,2,2,3,240.0,2.22,8,3200.0,5.89,6,0,4,#4B3621,24.5,6.4,16.8,"Reflecting tense consonant /濃音/ and dark vowel /陰性모음/ for a vector configuration of Weight 7, Time 8, and Flow 2.",,5,5,5,8,COMPOUND(복합・이종)
헐떡헐떡,heoltteogheoltteog,"Repeated, continuous manner or sound of panting or gasping heavily for breath (헐떡헐떡).",Phonomime (Voice),Human Body/Physiology,Negative,Unvoiced (Light),Bright/Light/Small,Reduplication,hʌltʰ͈ʌghʌltʰ͈ʌg,7,8,7,2,2,3,240.0,2.22,8,3200.0,5.89,6,0,4,#4B3621,24.5,6.4,16.8,"Reflecting tense consonant /濃音/ and dark vowel /陰性모음/ for a vector configuration of Weight 7, Time 8, and Flow 2.",,5,5,5,1,REDUP(첩어・동일)
헐떡거리다,heoltteoggeorida,Continuous motion or action of panting or gasping heavily for breath (헐떡거리다).,Phonomime (Voice),Human Body/Physiology,Negative,Unvoiced (Light),Bright/Light/Small,Reduplication,hʌltʰ͈ʌggʌrida,7,8,7,2,5,3,240.0,2.22,8,3200.0,5.89,6,0,4,#4B3621,24.5,6.4,16.8,"Reflecting tense consonant /濃音/ and dark vowel /陰性모음/ for a vector configuration of Weight 7, Time 8, and Flow 2.",,5,5,5,8,COMPOUND(복합・이종)
헐떡대다,heoltteogdaeda,"Repeated, intense action of panting or gasping heavily for breath (헐떡대다).",Phonomime (Voice),Human Body/Physiology,Negative,Unvoiced (Light),Bright/Light/Small,Reduplication,hʌltʰ͈ʌgdɛda,7,8,7,2,5,3,240.0,2.22,8,3200.0,5.89,6,0,4,#4B3621,24.5,6.4,16.8,"Reflecting tense consonant /濃音/ and dark vowel /陰性모음/ for a vector configuration of Weight 7, Time 8, and Flow 2.",,5,5,5,8,COMPOUND(복합・이종)
헐떡이다,heoltteogida,Motion or state of panting or gasping heavily for breath (헐떡이다).,Phonomime (Voice),Human Body/Physiology,Negative,Unvoiced (Light),Bright/Light/Small,-ri Ending,hʌltʰ͈ʌgida,7,8,7,2,5,3,240.0,2.22,8,3200.0,5.89,6,0,4,#4B3621,24.5,6.4,16.8,"Reflecting tense consonant /濃音/ and dark vowel /陰性모음/ for a vector configuration of Weight 7, Time 8, and Flow 2.",,5,5,5,8,COMPOUND(복합・이종)
헐떡하다,heoltteoghada,State or quality of being panting or gasping heavily for breath (헐떡하다).,Phonomime (Voice),Human Body/Physiology,Negative,Unvoiced (Light),Bright/Light/Small,-ri Ending,hʌltʰ͈ʌghada,7,8,7,2,5,3,240.0,2.22,8,3200.0,5.89,6,0,4,#4B3621,24.5,6.4,16.8,"Reflecting tense consonant /濃音/ and dark vowel /陰性모음/ for a vector configuration of Weight 7, Time 8, and Flow 2.",,5,5,5,8,COMPOUND(복합・이종)
헐떡이,heoltteogi,Adverbial state of panting or gasping heavily for breath (헐떡이).,Phonomime (Voice),Human Body/Physiology,Negative,Unvoiced (Light),Bright/Light/Small,-ri Ending,hʌltʰ͈ʌgi,7,8,7,2,5,3,240.0,2.22,8,3200.0,5.89,6,0,4,#4B3621,24.5,6.4,16.8,"Reflecting tense consonant /濃音/ and dark vowel /陰性모음/ for a vector configuration of Weight 7, Time 8, and Flow 2.",,5,5,5,8,COMPOUND(복합・이종)
헉헉,heogheog,Heavy or dark nuance of panting or gasping heavily for breath (헉헉).,Phonomime (Voice),Human Body/Physiology,Negative,Voiced (Heavy),Dark/Heavy/Large,-ri Ending,hʌghʌg,8,8,4,2,5,3,210.0,1.88,8,3200.0,5.89,6,0,4,#800000,25.5,48.0,38.1,"Reflecting plain consonant /平音/ and dark vowel /陰性모음/ for a vector configuration of Weight 8, Time 8, and Flow 2.",,5,5,5,8,COMPOUND(복합・이종)
헉헉헉헉,heogheogheogheog,Repeated heavy or dark nuance of panting or gasping heavily for breath (헉헉헉헉).,Phonomime (Voice),Human Body/Physiology,Negative,Voiced (Heavy),Dark/Heavy/Large,Reduplication,hʌghʌghʌghʌg,8,8,4,2,5,3,210.0,1.88,8,3200.0,5.89,6,0,4,#800000,25.5,48.0,38.1,"Reflecting plain consonant /平音/ and dark vowel /陰性모음/ for a vector configuration of Weight 8, Time 8, and Flow 2.",,5,5,5,1,REDUP(첩어・동일)
헉헉거리다,heogheoggeorida,Continuous heavy motion of panting or gasping heavily for breath (헉헉거리다).,Phonomime (Voice),Human Body/Physiology,Negative,Voiced (Heavy),Dark/Heavy/Large,Reduplication,hʌghʌggʌrida,8,8,4,2,5,3,210.0,1.88,8,3200.0,5.89,6,0,4,#800000,25.5,48.0,38.1,"Reflecting plain consonant /平音/ and dark vowel /陰性모음/ for a vector configuration of Weight 8, Time 8, and Flow 2.",,5,5,5,8,COMPOUND(복합・이종)
헉헉대다,heogheogdaeda,Repeated intense heavy action of panting or gasping heavily for breath (헉헉대다).,Phonomime (Voice),Human Body/Physiology,Negative,Voiced (Heavy),Dark/Heavy/Large,Reduplication,hʌghʌgdɛda,8,8,4,2,5,3,210.0,1.88,8,3200.0,5.89,6,0,4,#800000,25.5,48.0,38.1,"Reflecting plain consonant /平音/ and dark vowel /陰性모음/ for a vector configuration of Weight 8, Time 8, and Flow 2.",,5,5,5,8,COMPOUND(복합・이종)
헉헉하다,heogheoghada,Heavy or dark state of being panting or gasping heavily for breath (헉헉하다).,Phonomime (Voice),Human Body/Physiology,Negative,Voiced (Heavy),Dark/Heavy/Large,-ri Ending,hʌghʌghada,8,8,4,2,5,3,210.0,1.88,8,3200.0,5.89,6,0,4,#800000,25.5,48.0,38.1,"Reflecting plain consonant /平音/ and dark vowel /陰性모음/ for a vector configuration of Weight 8, Time 8, and Flow 2.",,5,5,5,8,COMPOUND(복합・이종)
헐떡헉헉,heoltteogheogheog,Alternating rhythm or variation of panting or gasping heavily for breath (헐떡헉헉).,Phonomime (Voice),Human Body/Physiology,Negative,Unvoiced (Light),Bright/Light/Small,Reduplication,hʌltʰ͈ʌghʌghʌg,7,8,7,2,5,3,240.0,2.22,8,3200.0,5.89,6,0,4,#4B3621,24.5,6.4,16.8,"Reflecting tense consonant /濃音/ and dark vowel /陰性모음/ for a vector configuration of Weight 7, Time 8, and Flow 2.",,5,5,5,8,COMPOUND(복합・이종)
사뿐,sappun,"Manner or sound of light-footed, graceful walking step (사뿐).",Psychomime (State/Manner),Dynamics,Positive,Unvoiced (Light),Bright/Light/Small,-ri Ending,sapʰ͈un,4,5,7,2,2,5,1200.0,6.29,5,3200.0,5.89,3,0,4,#FFD700,86.9,-1.9,87.1,"Reflecting tense consonant /濃音/ and dark vowel /陰性모음/ for a vector configuration of Weight 4, Time 5, and Flow 2.",,5,5,5,8,COMPOUND(복합・이종)
사뿐사뿐,sappunsappun,"Repeated, continuous manner or sound of light-footed, graceful walking step (사뿐사뿐).",Psychomime (State/Manner),Dynamics,Positive,Unvoiced (Light),Bright/Light/Small,Reduplication,sapʰ͈unsapʰ͈un,4,4,7,2,2,5,1200.0,6.29,4,3200.0,5.89,3,0,4,#FFD700,86.9,-1.9,87.1,"Reflecting tense consonant /濃音/ and dark vowel /陰性모음/ for a vector configuration of Weight 4, Time 4, and Flow 2.",,5,5,5,1,REDUP(첩어・동일)
사뿐거리다,sappungeorida,"Continuous motion or action of light-footed, graceful walking step (사뿐거리다).",Psychomime (State/Manner),Dynamics,Positive,Unvoiced (Light),Bright/Light/Small,Reduplication,sapʰ͈uŋʌrida,4,5,7,2,5,5,1200.0,6.29,5,3200.0,5.89,3,0,4,#FFD700,86.9,-1.9,87.1,"Reflecting tense consonant /濃音/ and dark vowel /陰性모음/ for a vector configuration of Weight 4, Time 5, and Flow 2.",,5,5,5,8,COMPOUND(복합・이종)
사뿐대다,sappundaeda,"Repeated, intense action of light-footed, graceful walking step (사뿐대다).",Psychomime (State/Manner),Dynamics,Positive,Unvoiced (Light),Bright/Light/Small,Reduplication,sapʰ͈undɛda,4,5,7,2,5,5,1200.0,6.29,5,3200.0,5.89,3,0,4,#FFD700,86.9,-1.9,87.1,"Reflecting tense consonant /濃音/ and dark vowel /陰性모음/ for a vector configuration of Weight 4, Time 5, and Flow 2.",,5,5,5,8,COMPOUND(복합・이종)
사뿐이다,sappunida,"Motion or state of light-footed, graceful walking step (사뿐이다).",Psychomime (State/Manner),Dynamics,Positive,Unvoiced (Light),Bright/Light/Small,-ri Ending,sapʰ͈unida,4,5,7,2,5,5,1200.0,6.29,5,3200.0,5.89,3,0,4,#FFD700,86.9,-1.9,87.1,"Reflecting tense consonant /濃音/ and dark vowel /陰性모음/ for a vector configuration of Weight 4, Time 5, and Flow 2.",,5,5,5,8,COMPOUND(복합・이종)
사뿐하다,sappunhada,"State or quality of being light-footed, graceful walking step (사뿐하다).",Psychomime (State/Manner),Dynamics,Positive,Unvoiced (Light),Bright/Light/Small,-ri Ending,sapʰ͈unhada,4,5,7,2,5,5,1200.0,6.29,5,3200.0,5.89,3,0,4,#FFD700,86.9,-1.9,87.1,"Reflecting tense consonant /濃音/ and dark vowel /陰性모음/ for a vector configuration of Weight 4, Time 5, and Flow 2.",,5,5,5,8,COMPOUND(복합・이종)
사뿐이,sappuni,"Adverbial state of light-footed, graceful walking step (사뿐이).",Psychomime (State/Manner),Dynamics,Positive,Unvoiced (Light),Bright/Light/Small,-ri Ending,sapʰ͈uni,4,5,7,2,5,5,1200.0,6.29,5,3200.0,5.89,3,0,4,#FFD700,86.9,-1.9,87.1,"Reflecting tense consonant /濃音/ and dark vowel /陰性모음/ for a vector configuration of Weight 4, Time 5, and Flow 2.",,5,5,5,8,COMPOUND(복합・이종)
깡충,kkangchung,Manner or sound of hopping or leaping lightly up (깡충).,Psychomime (State/Manner),Dynamics,Positive,Unvoiced (Light),Bright/Light/Small,-ri Ending,kʰ͈aŋtʰɕʰuŋ,4,5,7,7,2,5,1200.0,6.29,5,3200.0,5.89,3,0,4,#FFD700,86.9,-1.9,87.1,"Reflecting aspirated consonant /激音/ and dark vowel /陰性모음/ for a vector configuration of Weight 4, Time 5, and Flow 7.",,5,5,5,8,COMPOUND(복합・이종)
깡충깡충,kkangchungkkangchung,"Repeated, continuous manner or sound of hopping or leaping lightly up (깡충깡충).",Psychomime (State/Manner),Dynamics,Positive,Unvoiced (Light),Bright/Light/Small,Reduplication,kʰ͈aŋtʰɕʰuŋkʰ͈aŋtʰɕʰuŋ,4,4,7,7,2,5,1200.0,6.29,4,3200.0,5.89,3,0,4,#FFD700,86.9,-1.9,87.1,"Reflecting aspirated consonant /激音/ and dark vowel /陰性모음/ for a vector configuration of Weight 4, Time 4, and Flow 7.",,5,5,5,1,REDUP(첩어・동일)
깡충거리다,kkangchunggeorida,Continuous motion or action of hopping or leaping lightly up (깡충거리다).,Psychomime (State/Manner),Dynamics,Positive,Unvoiced (Light),Bright/Light/Small,Reduplication,kʰ͈aŋtʰɕʰuŋgʌrida,4,5,7,7,5,5,1200.0,6.29,5,3200.0,5.89,3,0,4,#FFD700,86.9,-1.9,87.1,"Reflecting aspirated consonant /激音/ and dark vowel /陰性모음/ for a vector configuration of Weight 4, Time 5, and Flow 7.",,5,5,5,8,COMPOUND(복합・이종)
깡충대다,kkangchungdaeda,"Repeated, intense action of hopping or leaping lightly up (깡충대다).",Psychomime (State/Manner),Dynamics,Positive,Unvoiced (Light),Bright/Light/Small,Reduplication,kʰ͈aŋtʰɕʰuŋdɛda,4,5,7,7,5,5,1200.0,6.29,5,3200.0,5.89,3,0,4,#FFD700,86.9,-1.9,87.1,"Reflecting aspirated consonant /激音/ and dark vowel /陰性모음/ for a vector configuration of Weight 4, Time 5, and Flow 7.",,5,5,5,8,COMPOUND(복합・이종)
깡충이다,kkangchungida,Motion or state of hopping or leaping lightly up (깡충이다).,Psychomime (State/Manner),Dynamics,Positive,Unvoiced (Light),Bright/Light/Small,-ri Ending,kʰ͈aŋtʰɕʰuŋida,4,5,7,7,5,5,1200.0,6.29,5,3200.0,5.89,3,0,4,#FFD700,86.9,-1.9,87.1,"Reflecting aspirated consonant /激音/ and dark vowel /陰性모음/ for a vector configuration of Weight 4, Time 5, and Flow 7.",,5,5,5,8,COMPOUND(복합・이종)
깡충하다,kkangchunghada,State or quality of being hopping or leaping lightly up (깡충하다).,Psychomime (State/Manner),Dynamics,Positive,Unvoiced (Light),Bright/Light/Small,-ri Ending,kʰ͈aŋtʰɕʰuŋhada,4,5,7,2,5,5,1200.0,6.29,5,3200.0,5.89,3,0,4,#FFD700,86.9,-1.9,87.1,"Reflecting aspirated consonant /激音/ and dark vowel /陰性모음/ for a vector configuration of Weight 4, Time 5, and Flow 2.",,5,5,5,8,COMPOUND(복합・이종)
깡충이,kkangchungi,Adverbial state of hopping or leaping lightly up (깡충이).,Psychomime (State/Manner),Dynamics,Positive,Unvoiced (Light),Bright/Light/Small,-ri Ending,kʰ͈aŋtʰɕʰuŋi,4,5,7,7,5,5,1200.0,6.29,5,3200.0,5.89,3,0,4,#FFD700,86.9,-1.9,87.1,"Reflecting aspirated consonant /激音/ and dark vowel /陰性모음/ for a vector configuration of Weight 4, Time 5, and Flow 7.",,5,5,5,8,COMPOUND(복합・이종)
폴짝,poljjag,Heavy or dark nuance of hopping or leaping lightly up (폴짝).,Psychomime (State/Manner),Dynamics,Positive,Voiced (Heavy),Dark/Heavy/Large,-ri Ending,pʰoltʰɕ͈ag,5,8,7,2,5,3,300.0,2.78,8,3200.0,5.89,3,0,4,#FFD700,86.9,-1.9,87.1,"Reflecting aspirated consonant /激音/ and bright vowel /陽性모음/ for a vector configuration of Weight 5, Time 8, and Flow 2.",,5,5,0,0,SUFFIX(어미변화)
폴짝폴짝,poljjagpoljjag,Repeated heavy or dark nuance of hopping or leaping lightly up (폴짝폴짝).,Psychomime (State/Manner),Dynamics,Positive,Voiced (Heavy),Dark/Heavy/Large,Reduplication,pʰoltʰɕ͈agpʰoltʰɕ͈ag,5,8,7,2,5,3,300.0,2.78,8,3200.0,5.89,3,0,4,#FFD700,86.9,-1.9,87.1,"Reflecting aspirated consonant /激音/ and bright vowel /陽性모음/ for a vector configuration of Weight 5, Time 8, and Flow 2.",,5,5,5,1,REDUP(첩어・동일)
폴짝거리다,poljjaggeorida,Continuous heavy motion of hopping or leaping lightly up (폴짝거리다).,Psychomime (State/Manner),Dynamics,Positive,Voiced (Heavy),Dark/Heavy/Large,Reduplication,pʰoltʰɕ͈aggʌrida,5,8,7,2,5,3,300.0,2.78,8,3200.0,5.89,3,0,4,#FFD700,86.9,-1.9,87.1,"Reflecting aspirated consonant /激音/ and dark vowel /陰性모음/ for a vector configuration of Weight 5, Time 8, and Flow 2.",,5,5,5,8,COMPOUND(복합・이종)
폴짝대다,poljjagdaeda,Repeated intense heavy action of hopping or leaping lightly up (폴짝대다).,Psychomime (State/Manner),Dynamics,Positive,Voiced (Heavy),Dark/Heavy/Large,Reduplication,pʰoltʰɕ͈agdɛda,5,8,7,2,5,3,300.0,2.78,8,3200.0,5.89,3,0,4,#FFD700,86.9,-1.9,87.1,"Reflecting aspirated consonant /激音/ and bright vowel /陽性모음/ for a vector configuration of Weight 5, Time 8, and Flow 2.",,5,5,5,8,COMPOUND(복합・이종)
폴짝하다,poljjaghada,Heavy or dark state of being hopping or leaping lightly up (폴짝하다).,Psychomime (State/Manner),Dynamics,Positive,Voiced (Heavy),Dark/Heavy/Large,-ri Ending,pʰoltʰɕ͈aghada,5,8,7,2,5,3,300.0,2.78,8,3200.0,5.89,3,0,4,#FFD700,86.9,-1.9,87.1,"Reflecting aspirated consonant /激音/ and bright vowel /陽性모음/ for a vector configuration of Weight 5, Time 8, and Flow 2.",,5,5,5,8,COMPOUND(복합・이종)
깡충폴짝,kkangchungpoljjag,Alternating rhythm or variation of hopping or leaping lightly up (깡충폴짝).,Psychomime (State/Manner),Dynamics,Positive,Unvoiced (Light),Bright/Light/Small,Reduplication,kʰ͈aŋtʰɕʰuŋpʰoltʰɕ͈ag,4,8,7,2,5,5,1200.0,6.29,8,3200.0,5.89,3,0,4,#FFD700,86.9,-1.9,87.1,"Reflecting aspirated consonant /激音/ and dark vowel /陰性모음/ for a vector configuration of Weight 4, Time 8, and Flow 2.",,5,5,0,0,SUFFIX(어미변화)
팔짝,paljjag,Manner or sound of jumping or leaping high in surprise (팔짝).,Psychomime (State/Manner),Dynamics,Neutral,Unvoiced (Light),Bright/Light/Small,-ri Ending,pʰaltʰɕ͈ag,3,8,7,2,2,3,1500.0,6.86,8,3200.0,5.89,3,0,4,#708090,52.8,-2.1,-10.6,"Reflecting aspirated consonant /激音/ and bright vowel /陽性모음/ for a vector configuration of Weight 3, Time 8, and Flow 2.",,5,5,0,0,SUFFIX(어미변화)
팔짝팔짝,paljjagpaljjag,"Repeated, continuous manner or sound of jumping or leaping high in surprise (팔짝팔짝).",Psychomime (State/Manner),Dynamics,Neutral,Unvoiced (Light),Bright/Light/Small,Reduplication,pʰaltʰɕ͈agpʰaltʰɕ͈ag,3,8,7,2,2,3,1500.0,6.86,8,3200.0,5.89,3,0,4,#708090,52.8,-2.1,-10.6,"Reflecting aspirated consonant /激音/ and bright vowel /陽性모음/ for a vector configuration of Weight 3, Time 8, and Flow 2.",,5,5,5,1,REDUP(첩어・동일)
팔짝거리다,paljjaggeorida,Continuous motion or action of jumping or leaping high in surprise (팔짝거리다).,Psychomime (State/Manner),Dynamics,Neutral,Unvoiced (Light),Bright/Light/Small,Reduplication,pʰaltʰɕ͈aggʌrida,7,8,7,2,5,3,240.0,2.22,8,3200.0,5.89,3,0,4,#4B3621,24.5,6.4,16.8,"Reflecting aspirated consonant /激音/ and dark vowel /陰性모음/ for a vector configuration of Weight 7, Time 8, and Flow 2.",,5,5,5,8,COMPOUND(복합・이종)
팔짝대다,paljjagdaeda,"Repeated, intense action of jumping or leaping high in surprise (팔짝대다).",Psychomime (State/Manner),Dynamics,Neutral,Unvoiced (Light),Bright/Light/Small,Reduplication,pʰaltʰɕ͈agdɛda,3,8,7,2,5,3,1500.0,6.86,8,3200.0,5.89,3,0,4,#708090,52.8,-2.1,-10.6,"Reflecting aspirated consonant /激音/ and bright vowel /陽性모음/ for a vector configuration of Weight 3, Time 8, and Flow 2.",,5,5,5,8,COMPOUND(복합・이종)
팔짝이다,paljjagida,Motion or state of jumping or leaping high in surprise (팔짝이다).,Psychomime (State/Manner),Dynamics,Neutral,Unvoiced (Light),Bright/Light/Small,-ri Ending,pʰaltʰɕ͈agida,3,8,7,2,5,3,1500.0,6.86,8,3200.0,5.89,3,0,4,#708090,52.8,-2.1,-10.6,"Reflecting aspirated consonant /激音/ and bright vowel /陽性모음/ for a vector configuration of Weight 3, Time 8, and Flow 2.",,5,5,5,8,COMPOUND(복합・이종)
팔짝하다,paljjaghada,State or quality of being jumping or leaping high in surprise (팔짝하다).,Psychomime (State/Manner),Dynamics,Neutral,Unvoiced (Light),Bright/Light/Small,-ri Ending,pʰaltʰɕ͈aghada,3,8,7,2,5,3,1500.0,6.86,8,3200.0,5.89,3,0,4,#708090,52.8,-2.1,-10.6,"Reflecting aspirated consonant /激音/ and bright vowel /陽性모음/ for a vector configuration of Weight 3, Time 8, and Flow 2.",,5,5,5,8,COMPOUND(복합・이종)
팔짝이,paljjagi,Adverbial state of jumping or leaping high in surprise (팔짝이).,Psychomime (State/Manner),Dynamics,Neutral,Unvoiced (Light),Bright/Light/Small,-ri Ending,pʰaltʰɕ͈agi,3,8,7,2,5,3,1500.0,6.86,8,3200.0,5.89,3,0,4,#708090,52.8,-2.1,-10.6,"Reflecting aspirated consonant /激音/ and bright vowel /陽性모음/ for a vector configuration of Weight 3, Time 8, and Flow 2.",,5,5,5,8,COMPOUND(복합・이종)
펄쩍,peoljjeog,Heavy or dark nuance of jumping or leaping high in surprise (펄쩍).,Psychomime (State/Manner),Dynamics,Neutral,Voiced (Heavy),Dark/Heavy/Large,-ri Ending,pʰʌltʰɕ͈ʌg,8,8,7,2,5,3,210.0,1.88,8,3200.0,5.89,3,0,4,#800000,25.5,48.0,38.1,"Reflecting aspirated consonant /激音/ and dark vowel /陰性모음/ for a vector configuration of Weight 8, Time 8, and Flow 2.",,5,5,5,8,COMPOUND(복합・이종)
펄쩍펄쩍,peoljjeogpeoljjeog,Repeated heavy or dark nuance of jumping or leaping high in surprise (펄쩍펄쩍).,Psychomime (State/Manner),Dynamics,Neutral,Voiced (Heavy),Dark/Heavy/Large,Reduplication,pʰʌltʰɕ͈ʌgpʰʌltʰɕ͈ʌg,8,8,7,2,5,3,210.0,1.88,8,3200.0,5.89,3,0,4,#800000,25.5,48.0,38.1,"Reflecting aspirated consonant /激音/ and dark vowel /陰性모음/ for a vector configuration of Weight 8, Time 8, and Flow 2.",,5,5,5,1,REDUP(첩어・동일)
펄쩍거리다,peoljjeoggeorida,Continuous heavy motion of jumping or leaping high in surprise (펄쩍거리다).,Psychomime (State/Manner),Dynamics,Neutral,Voiced (Heavy),Dark/Heavy/Large,Reduplication,pʰʌltʰɕ͈ʌggʌrida,8,8,7,2,5,3,210.0,1.88,8,3200.0,5.89,3,0,4,#800000,25.5,48.0,38.1,"Reflecting aspirated consonant /激音/ and dark vowel /陰性모음/ for a vector configuration of Weight 8, Time 8, and Flow 2.",,5,5,5,8,COMPOUND(복합・이종)
펄쩍대다,peoljjeogdaeda,Repeated intense heavy action of jumping or leaping high in surprise (펄쩍대다).,Psychomime (State/Manner),Dynamics,Neutral,Voiced (Heavy),Dark/Heavy/Large,Reduplication,pʰʌltʰɕ͈ʌgdɛda,8,8,7,2,5,3,210.0,1.88,8,3200.0,5.89,3,0,4,#800000,25.5,48.0,38.1,"Reflecting aspirated consonant /激音/ and dark vowel /陰性모음/ for a vector configuration of Weight 8, Time 8, and Flow 2.",,5,5,5,8,COMPOUND(복합・이종)
펄쩍하다,peoljjeoghada,Heavy or dark state of being jumping or leaping high in surprise (펄쩍하다).,Psychomime (State/Manner),Dynamics,Neutral,Voiced (Heavy),Dark/Heavy/Large,-ri Ending,pʰʌltʰɕ͈ʌghada,8,8,7,2,5,3,210.0,1.88,8,3200.0,5.89,3,0,4,#800000,25.5,48.0,38.1,"Reflecting aspirated consonant /激音/ and dark vowel /陰性모음/ for a vector configuration of Weight 8, Time 8, and Flow 2.",,5,5,5,8,COMPOUND(복합・이종)
팔짝펄쩍,paljjagpeoljjeog,Alternating rhythm or variation of jumping or leaping high in surprise (팔짝펄쩍).,Psychomime (State/Manner),Dynamics,Neutral,Unvoiced (Light),Bright/Light/Small,Reduplication,pʰaltʰɕ͈agpʰʌltʰɕ͈ʌg,7,8,7,2,5,3,240.0,2.22,8,3200.0,5.89,3,0,4,#4B3621,24.5,6.4,16.8,"Reflecting aspirated consonant /激音/ and dark vowel /陰性모음/ for a vector configuration of Weight 7, Time 8, and Flow 2.",,5,5,5,8,COMPOUND(복합・이종)
콜록,kolrog,Manner or sound of coughing or hacking dry sound (콜록).,Phonomime (Voice),Human Body/Physiology,Negative,Unvoiced (Light),Bright/Light/Small,-ri Ending,kʰolrog,3,8,7,2,2,3,1500.0,6.86,8,3200.0,5.89,3,0,4,#708090,52.8,-2.1,-10.6,"Reflecting aspirated consonant /激音/ and bright vowel /陽性모음/ for a vector configuration of Weight 3, Time 8, and Flow 2.",,5,5,5,8,COMPOUND(복합・이종)
콜록콜록,kolrogkolrog,"Repeated, continuous manner or sound of coughing or hacking dry sound (콜록콜록).",Phonomime (Voice),Human Body/Physiology,Negative,Unvoiced (Light),Bright/Light/Small,Reduplication,kʰolrogkʰolrog,3,8,7,2,2,3,1500.0,6.86,8,3200.0,5.89,3,0,4,#708090,52.8,-2.1,-10.6,"Reflecting aspirated consonant /激音/ and bright vowel /陽性모음/ for a vector configuration of Weight 3, Time 8, and Flow 2.",,5,5,5,1,REDUP(첩어・동일)
콜록거리다,kolroggeorida,Continuous motion or action of coughing or hacking dry sound (콜록거리다).,Phonomime (Voice),Human Body/Physiology,Negative,Unvoiced (Light),Bright/Light/Small,Reduplication,kʰolroggʌrida,7,8,7,2,2,3,240.0,2.22,8,3200.0,5.89,3,0,4,#4B3621,24.5,6.4,16.8,"Reflecting aspirated consonant /激音/ and dark vowel /陰性모음/ for a vector configuration of Weight 7, Time 8, and Flow 2.",,5,5,5,8,COMPOUND(복합・이종)
콜록대다,kolrogdaeda,"Repeated, intense action of coughing or hacking dry sound (콜록대다).",Phonomime (Voice),Human Body/Physiology,Negative,Unvoiced (Light),Bright/Light/Small,Reduplication,kʰolrogdɛda,3,8,7,2,2,3,1500.0,6.86,8,3200.0,5.89,3,0,4,#708090,52.8,-2.1,-10.6,"Reflecting aspirated consonant /激音/ and bright vowel /陽性모음/ for a vector configuration of Weight 3, Time 8, and Flow 2.",,5,5,5,8,COMPOUND(복합・이종)
콜록이다,kolrogida,Motion or state of coughing or hacking dry sound (콜록이다).,Phonomime (Voice),Human Body/Physiology,Negative,Unvoiced (Light),Bright/Light/Small,-ri Ending,kʰolrogida,3,8,7,2,2,3,1500.0,6.86,8,3200.0,5.89,3,0,4,#708090,52.8,-2.1,-10.6,"Reflecting aspirated consonant /激音/ and bright vowel /陽性모음/ for a vector configuration of Weight 3, Time 8, and Flow 2.",,5,5,5,8,COMPOUND(복합・이종)
콜록하다,kolroghada,State or quality of being coughing or hacking dry sound (콜록하다).,Phonomime (Voice),Human Body/Physiology,Negative,Unvoiced (Light),Bright/Light/Small,-ri Ending,kʰolroghada,3,8,7,2,2,3,1500.0,6.86,8,3200.0,5.89,3,0,4,#708090,52.8,-2.1,-10.6,"Reflecting aspirated consonant /激音/ and bright vowel /陽性모음/ for a vector configuration of Weight 3, Time 8, and Flow 2.",,5,5,5,8,COMPOUND(복합・이종)
콜록이,kolrogi,Adverbial state of coughing or hacking dry sound (콜록이).,Phonomime (Voice),Human Body/Physiology,Negative,Unvoiced (Light),Bright/Light/Small,-ri Ending,kʰolrogi,3,8,7,2,2,3,1500.0,6.86,8,3200.0,5.89,3,0,4,#708090,52.8,-2.1,-10.6,"Reflecting aspirated consonant /激音/ and bright vowel /陽性모음/ for a vector configuration of Weight 3, Time 8, and Flow 2.",,5,5,5,8,COMPOUND(복합・이종)
켈록,kelrog,Heavy or dark nuance of coughing or hacking dry sound (켈록).,Phonomime (Voice),Human Body/Physiology,Negative,Voiced (Heavy),Dark/Heavy/Large,-ri Ending,kʰelrog,8,8,7,2,2,3,210.0,1.88,8,3200.0,5.89,3,0,4,#800000,25.5,48.0,38.1,"Reflecting aspirated consonant /激音/ and bright vowel /陽性모음/ for a vector configuration of Weight 8, Time 8, and Flow 2.",,5,5,5,8,COMPOUND(복합・이종)
켈록켈록,kelrogkelrog,Repeated heavy or dark nuance of coughing or hacking dry sound (켈록켈록).,Phonomime (Voice),Human Body/Physiology,Negative,Voiced (Heavy),Dark/Heavy/Large,Reduplication,kʰelrogkʰelrog,8,8,7,2,2,3,210.0,1.88,8,3200.0,5.89,3,0,4,#800000,25.5,48.0,38.1,"Reflecting aspirated consonant /激音/ and bright vowel /陽性모음/ for a vector configuration of Weight 8, Time 8, and Flow 2.",,5,5,5,1,REDUP(첩어・동일)
켈록거리다,kelroggeorida,Continuous heavy motion of coughing or hacking dry sound (켈록거리다).,Phonomime (Voice),Human Body/Physiology,Negative,Voiced (Heavy),Dark/Heavy/Large,Reduplication,kʰelroggʌrida,8,8,7,2,2,3,210.0,1.88,8,3200.0,5.89,3,0,4,#800000,25.5,48.0,38.1,"Reflecting aspirated consonant /激音/ and dark vowel /陰性모음/ for a vector configuration of Weight 8, Time 8, and Flow 2.",,5,5,5,8,COMPOUND(복합・이종)
켈록대다,kelrogdaeda,Repeated intense heavy action of coughing or hacking dry sound (켈록대다).,Phonomime (Voice),Human Body/Physiology,Negative,Voiced (Heavy),Dark/Heavy/Large,Reduplication,kʰelrogdɛda,8,8,7,2,2,3,210.0,1.88,8,3200.0,5.89,3,0,4,#800000,25.5,48.0,38.1,"Reflecting aspirated consonant /激音/ and bright vowel /陽性모음/ for a vector configuration of Weight 8, Time 8, and Flow 2.",,5,5,5,8,COMPOUND(복합・이종)
켈록하다,kelroghada,Heavy or dark state of being coughing or hacking dry sound (켈록하다).,Phonomime (Voice),Human Body/Physiology,Negative,Voiced (Heavy),Dark/Heavy/Large,-ri Ending,kʰelroghada,8,8,7,2,2,3,210.0,1.88,8,3200.0,5.89,3,0,4,#800000,25.5,48.0,38.1,"Reflecting aspirated consonant /激音/ and bright vowel /陽性모음/ for a vector configuration of Weight 8, Time 8, and Flow 2.",,5,5,5,8,COMPOUND(복합・이종)
콜록켈록,kolrogkelrog,Alternating rhythm or variation of coughing or hacking dry sound (콜록켈록).,Phonomime (Voice),Human Body/Physiology,Negative,Unvoiced (Light),Bright/Light/Small,Reduplication,kʰolrogkʰelrog,3,8,7,2,2,3,1500.0,6.86,8,3200.0,5.89,3,0,4,#708090,52.8,-2.1,-10.6,"Reflecting aspirated consonant /激音/ and bright vowel /陽性모음/ for a vector configuration of Weight 3, Time 8, and Flow 2.",,5,5,5,8,COMPOUND(복합・이종)
쌕쌕,ssaegssaeg,Manner or sound of breathing lightly while sleeping peacefully (쌕쌕).,Phonomime (Voice),Human Body/Physiology,Positive,Unvoiced (Light),Bright/Light/Small,-ri Ending,s͈ɛgs͈ɛg,1,8,7,2,2,3,2100.0,7.71,8,3200.0,5.89,6,0,4,#FFD700,86.9,-1.9,87.1,"Reflecting tense consonant /濃音/ and bright vowel /陽性모음/ for a vector configuration of Weight 1, Time 8, and Flow 2.",,5,5,5,8,COMPOUND(복합・이종)
쌕쌕쌕쌕,ssaegssaegssaegssaeg,"Repeated, continuous manner or sound of breathing lightly while sleeping peacefully (쌕쌕쌕쌕).",Phonomime (Voice),Human Body/Physiology,Positive,Unvoiced (Light),Bright/Light/Small,Reduplication,s͈ɛgs͈ɛgs͈ɛgs͈ɛg,1,8,7,2,2,3,2100.0,7.71,8,3200.0,5.89,6,0,4,#FFD700,86.9,-1.9,87.1,"Reflecting tense consonant /濃音/ and bright vowel /陽性모음/ for a vector configuration of Weight 1, Time 8, and Flow 2.",,5,5,5,1,REDUP(첩어・동일)
쌕쌕거리다,ssaegssaeggeorida,Continuous motion or action of breathing lightly while sleeping peacefully (쌕쌕거리다).,Phonomime (Voice),Human Body/Physiology,Positive,Unvoiced (Light),Bright/Light/Small,Reduplication,s͈ɛgs͈ɛggʌrida,4,8,7,2,5,3,1200.0,6.29,8,3200.0,5.89,6,0,4,#FFD700,86.9,-1.9,87.1,"Reflecting tense consonant /濃音/ and dark vowel /陰性모음/ for a vector configuration of Weight 4, Time 8, and Flow 2.",,5,5,5,8,COMPOUND(복합・이종)
쌕쌕대다,ssaegssaegdaeda,"Repeated, intense action of breathing lightly while sleeping peacefully (쌕쌕대다).",Phonomime (Voice),Human Body/Physiology,Positive,Unvoiced (Light),Bright/Light/Small,Reduplication,s͈ɛgs͈ɛgdɛda,1,8,7,2,5,3,2100.0,7.71,8,3200.0,5.89,6,0,4,#FFD700,86.9,-1.9,87.1,"Reflecting tense consonant /濃音/ and bright vowel /陽性모음/ for a vector configuration of Weight 1, Time 8, and Flow 2.",,5,5,5,8,COMPOUND(복합・이종)
쌕쌕이다,ssaegssaegida,Motion or state of breathing lightly while sleeping peacefully (쌕쌕이다).,Phonomime (Voice),Human Body/Physiology,Positive,Unvoiced (Light),Bright/Light/Small,-ri Ending,s͈ɛgs͈ɛgida,1,8,7,2,5,3,2100.0,7.71,8,3200.0,5.89,6,0,4,#FFD700,86.9,-1.9,87.1,"Reflecting tense consonant /濃音/ and bright vowel /陽性모음/ for a vector configuration of Weight 1, Time 8, and Flow 2.",,5,5,5,8,COMPOUND(복합・이종)
쌕쌕하다,ssaegssaeghada,State or quality of being breathing lightly while sleeping peacefully (쌕쌕하다).,Phonomime (Voice),Human Body/Physiology,Positive,Unvoiced (Light),Bright/Light/Small,-ri Ending,s͈ɛgs͈ɛghada,1,8,7,2,5,3,2100.0,7.71,8,3200.0,5.89,6,0,4,#FFD700,86.9,-1.9,87.1,"Reflecting tense consonant /濃音/ and bright vowel /陽性모음/ for a vector configuration of Weight 1, Time 8, and Flow 2.",,5,5,5,8,COMPOUND(복합・이종)
쌕쌕이,ssaegssaegi,Adverbial state of breathing lightly while sleeping peacefully (쌕쌕이).,Phonomime (Voice),Human Body/Physiology,Positive,Unvoiced (Light),Bright/Light/Small,-ri Ending,s͈ɛgs͈ɛgi,1,8,7,2,5,3,2100.0,7.71,8,3200.0,5.89,6,0,4,#FFD700,86.9,-1.9,87.1,"Reflecting tense consonant /濃音/ and bright vowel /陽性모음/ for a vector configuration of Weight 1, Time 8, and Flow 2.",,5,5,5,8,COMPOUND(복합・이종)
쿨쿨,kulkul,Heavy or dark nuance of breathing lightly while sleeping peacefully (쿨쿨).,Phonomime (Voice),Human Body/Physiology,Positive,Voiced (Heavy),Dark/Heavy/Large,-ri Ending,kʰulkʰul,5,5,7,2,5,3,300.0,2.78,5,3200.0,5.89,6,0,4,#FFD700,86.9,-1.9,87.1,"Reflecting aspirated consonant /激音/ and dark vowel /陰性모음/ for a vector configuration of Weight 5, Time 5, and Flow 2.",,5,5,5,8,COMPOUND(복합・이종)
쿨쿨쿨쿨,kulkulkulkul,Repeated heavy or dark nuance of breathing lightly while sleeping peacefully (쿨쿨쿨쿨).,Phonomime (Voice),Human Body/Physiology,Positive,Voiced (Heavy),Dark/Heavy/Large,Reduplication,kʰulkʰulkʰulkʰul,5,4,7,2,5,3,300.0,2.78,4,3200.0,5.89,6,0,4,#FFD700,86.9,-1.9,87.1,"Reflecting aspirated consonant /激音/ and dark vowel /陰性모음/ for a vector configuration of Weight 5, Time 4, and Flow 2.",,5,5,5,1,REDUP(첩어・동일)
쿨쿨거리다,kulkulgeorida,Continuous heavy motion of breathing lightly while sleeping peacefully (쿨쿨거리다).,Phonomime (Voice),Human Body/Physiology,Positive,Voiced (Heavy),Dark/Heavy/Large,Reduplication,kʰulkʰulgʌrida,5,5,7,2,5,3,300.0,2.78,5,3200.0,5.89,6,0,4,#FFD700,86.9,-1.9,87.1,"Reflecting aspirated consonant /激音/ and dark vowel /陰性모음/ for a vector configuration of Weight 5, Time 5, and Flow 2.",,5,5,5,8,COMPOUND(복합・이종)
쿨쿨대다,kulkuldaeda,Repeated intense heavy action of breathing lightly while sleeping peacefully (쿨쿨대다).,Phonomime (Voice),Human Body/Physiology,Positive,Voiced (Heavy),Dark/Heavy/Large,Reduplication,kʰulkʰuldɛda,5,5,7,2,5,3,300.0,2.78,5,3200.0,5.89,6,0,4,#FFD700,86.9,-1.9,87.1,"Reflecting aspirated consonant /激音/ and dark vowel /陰性모음/ for a vector configuration of Weight 5, Time 5, and Flow 2.",,5,5,5,8,COMPOUND(복합・이종)
쿨쿨하다,kulkulhada,Heavy or dark state of being breathing lightly while sleeping peacefully (쿨쿨하다).,Phonomime (Voice),Human Body/Physiology,Positive,Voiced (Heavy),Dark/Heavy/Large,-ri Ending,kʰulkʰulhada,5,5,7,2,5,3,300.0,2.78,5,3200.0,5.89,6,0,4,#FFD700,86.9,-1.9,87.1,"Reflecting aspirated consonant /激音/ and dark vowel /陰性모음/ for a vector configuration of Weight 5, Time 5, and Flow 2.",,5,5,5,8,COMPOUND(복합・이종)
쌕쌕쿨쿨,ssaegssaegkulkul,Alternating rhythm or variation of breathing lightly while sleeping peacefully (쌕쌕쿨쿨).,Phonomime (Voice),Human Body/Physiology,Positive,Unvoiced (Light),Bright/Light/Small,Reduplication,s͈ɛgs͈ɛgkʰulkʰul,4,8,7,2,5,3,1200.0,6.29,8,3200.0,5.89,6,0,4,#FFD700,86.9,-1.9,87.1,"Reflecting aspirated consonant /激音/ and dark vowel /陰性모음/ for a vector configuration of Weight 4, Time 8, and Flow 2.",,5,5,5,8,COMPOUND(복합・이종)
드르렁,deureureong,Manner or sound of heavy snoring or sliding door sound (드르렁).,Phenomime (Sound),Dynamics,Neutral,Unvoiced (Light),Bright/Light/Small,-ri Ending,dɯrɯrʌŋ,8,5,4,5,3,5,210.0,1.88,5,3200.0,5.89,3,0,4,#4B3621,24.5,6.4,16.8,"Reflecting plain consonant /平音/ and dark vowel /陰性모음/ for a vector configuration of Weight 8, Time 5, and Flow 5.",,5,5,5,8,COMPOUND(복합・이종)
드르렁드르렁,deureureongdeureureong,"Repeated, continuous manner or sound of heavy snoring or sliding door sound (드르렁드르렁).",Phenomime (Sound),Dynamics,Neutral,Unvoiced (Light),Bright/Light/Small,Reduplication,dɯrɯrʌŋdɯrɯrʌŋ,8,4,4,5,3,5,210.0,1.88,4,3200.0,5.89,3,0,4,#4B3621,24.5,6.4,16.8,"Reflecting plain consonant /平音/ and dark vowel /陰性모음/ for a vector configuration of Weight 8, Time 4, and Flow 5.",,5,5,5,1,REDUP(첩어・동일)
드르렁거리다,deureureonggeorida,Continuous motion or action of heavy snoring or sliding door sound (드르렁거리다).,Phenomime (Sound),Dynamics,Neutral,Unvoiced (Light),Bright/Light/Small,Reduplication,dɯrɯrʌŋgʌrida,8,5,4,5,3,5,210.0,1.88,5,3200.0,5.89,3,0,4,#4B3621,24.5,6.4,16.8,"Reflecting plain consonant /平音/ and dark vowel /陰性모음/ for a vector configuration of Weight 8, Time 5, and Flow 5.",,5,5,5,8,COMPOUND(복합・이종)
드르렁대다,deureureongdaeda,"Repeated, intense action of heavy snoring or sliding door sound (드르렁대다).",Phenomime (Sound),Dynamics,Neutral,Unvoiced (Light),Bright/Light/Small,Reduplication,dɯrɯrʌŋdɛda,8,5,4,5,3,5,210.0,1.88,5,3200.0,5.89,3,0,4,#4B3621,24.5,6.4,16.8,"Reflecting plain consonant /平音/ and dark vowel /陰性모음/ for a vector configuration of Weight 8, Time 5, and Flow 5.",,5,5,5,8,COMPOUND(복합・이종)
드르렁이다,deureureongida,Motion or state of heavy snoring or sliding door sound (드르렁이다).,Phenomime (Sound),Dynamics,Neutral,Unvoiced (Light),Bright/Light/Small,-ri Ending,dɯrɯrʌŋida,8,5,4,5,3,5,210.0,1.88,5,3200.0,5.89,3,0,4,#4B3621,24.5,6.4,16.8,"Reflecting plain consonant /平音/ and dark vowel /陰性모음/ for a vector configuration of Weight 8, Time 5, and Flow 5.",,5,5,5,8,COMPOUND(복합・이종)
드르렁하다,deureureonghada,State or quality of being heavy snoring or sliding door sound (드르렁하다).,Phenomime (Sound),Dynamics,Neutral,Unvoiced (Light),Bright/Light/Small,-ri Ending,dɯrɯrʌŋhada,8,5,4,2,3,5,210.0,1.88,5,3200.0,5.89,3,0,4,#4B3621,24.5,6.4,16.8,"Reflecting plain consonant /平音/ and dark vowel /陰性모음/ for a vector configuration of Weight 8, Time 5, and Flow 2.",,5,5,5,8,COMPOUND(복합・이종)
드르렁이,deureureongi,Adverbial state of heavy snoring or sliding door sound (드르렁이).,Phenomime (Sound),Dynamics,Neutral,Unvoiced (Light),Bright/Light/Small,-ri Ending,dɯrɯrʌŋi,8,5,4,5,3,5,210.0,1.88,5,3200.0,5.89,3,0,4,#4B3621,24.5,6.4,16.8,"Reflecting plain consonant /平音/ and dark vowel /陰性모음/ for a vector configuration of Weight 8, Time 5, and Flow 5.",,5,5,5,8,COMPOUND(복합・이종)
드르륵,deureureug,Heavy or dark nuance of heavy snoring or sliding door sound (드르륵).,Phenomime (Sound),Dynamics,Neutral,Voiced (Heavy),Dark/Heavy/Large,-ri Ending,dɯrɯrɯg,8,8,4,5,3,3,210.0,1.88,8,3200.0,5.89,3,0,4,#800000,25.5,48.0,38.1,"Reflecting plain consonant /平音/ and dark vowel /陰性모음/ for a vector configuration of Weight 8, Time 8, and Flow 5.",,5,5,5,8,COMPOUND(복합・이종)
드르륵드르륵,deureureugdeureureug,Repeated heavy or dark nuance of heavy snoring or sliding door sound (드르륵드르륵).,Phenomime (Sound),Dynamics,Neutral,Voiced (Heavy),Dark/Heavy/Large,Reduplication,dɯrɯrɯgdɯrɯrɯg,8,8,4,5,3,3,210.0,1.88,8,3200.0,5.89,3,0,4,#800000,25.5,48.0,38.1,"Reflecting plain consonant /平音/ and dark vowel /陰性모음/ for a vector configuration of Weight 8, Time 8, and Flow 5.",,5,5,5,1,REDUP(첩어・동일)
드르륵거리다,deureureuggeorida,Continuous heavy motion of heavy snoring or sliding door sound (드르륵거리다).,Phenomime (Sound),Dynamics,Neutral,Voiced (Heavy),Dark/Heavy/Large,Reduplication,dɯrɯrɯggʌrida,8,8,4,5,3,3,210.0,1.88,8,3200.0,5.89,3,0,4,#800000,25.5,48.0,38.1,"Reflecting plain consonant /平音/ and dark vowel /陰性모음/ for a vector configuration of Weight 8, Time 8, and Flow 5.",,5,5,5,8,COMPOUND(복합・이종)
드르륵대다,deureureugdaeda,Repeated intense heavy action of heavy snoring or sliding door sound (드르륵대다).,Phenomime (Sound),Dynamics,Neutral,Voiced (Heavy),Dark/Heavy/Large,Reduplication,dɯrɯrɯgdɛda,8,8,4,5,3,3,210.0,1.88,8,3200.0,5.89,3,0,4,#800000,25.5,48.0,38.1,"Reflecting plain consonant /平音/ and dark vowel /陰性모음/ for a vector configuration of Weight 8, Time 8, and Flow 5.",,5,5,5,8,COMPOUND(복합・이종)
드르륵하다,deureureughada,Heavy or dark state of being heavy snoring or sliding door sound (드르륵하다).,Phenomime (Sound),Dynamics,Neutral,Voiced (Heavy),Dark/Heavy/Large,-ri Ending,dɯrɯrɯghada,8,8,4,2,3,3,210.0,1.88,8,3200.0,5.89,3,0,4,#800000,25.5,48.0,38.1,"Reflecting plain consonant /平音/ and dark vowel /陰性모음/ for a vector configuration of Weight 8, Time 8, and Flow 2.",,5,5,5,8,COMPOUND(복합・이종)
드르렁드르륵,deureureongdeureureug,Alternating rhythm or variation of heavy snoring or sliding door sound (드르렁드르륵).,Phenomime (Sound),Dynamics,Neutral,Unvoiced (Light),Bright/Light/Small,Reduplication,dɯrɯrʌŋdɯrɯrɯg,8,8,4,5,3,5,210.0,1.88,8,3200.0,5.89,3,0,4,#4B3621,24.5,6.4,16.8,"Reflecting plain consonant /平音/ and dark vowel /陰性모음/ for a vector configuration of Weight 8, Time 8, and Flow 5.",,5,5,5,8,COMPOUND(복합・이종)
따르릉,ttareureung,Manner or sound of ringing telephone or bicycle bell (따르릉).,Phenomime (Sound),Dynamics,Positive,Unvoiced (Light),Bright/Light/Small,-ri Ending,tʰ͈arɯrɯŋ,7,5,7,7,2,5,240.0,2.22,5,3200.0,5.89,3,0,4,#4B3621,24.5,6.4,16.8,"Reflecting tense consonant /濃音/ and dark vowel /陰性모음/ for a vector configuration of Weight 7, Time 5, and Flow 7.",,5,5,5,8,COMPOUND(복합・이종)
따르릉따르릉,ttareureungttareureung,"Repeated, continuous manner or sound of ringing telephone or bicycle bell (따르릉따르릉).",Phenomime (Sound),Dynamics,Positive,Unvoiced (Light),Bright/Light/Small,Reduplication,tʰ͈arɯrɯŋtʰ͈arɯrɯŋ,7,4,7,7,2,5,240.0,2.22,4,3200.0,5.89,3,0,4,#4B3621,24.5,6.4,16.8,"Reflecting tense consonant /濃音/ and dark vowel /陰性모음/ for a vector configuration of Weight 7, Time 4, and Flow 7.",,5,5,5,1,REDUP(첩어・동일)
따르릉거리다,ttareureunggeorida,Continuous motion or action of ringing telephone or bicycle bell (따르릉거리다).,Phenomime (Sound),Dynamics,Positive,Unvoiced (Light),Bright/Light/Small,Reduplication,tʰ͈arɯrɯŋgʌrida,7,5,7,7,5,5,240.0,2.22,5,3200.0,5.89,3,0,4,#4B3621,24.5,6.4,16.8,"Reflecting tense consonant /濃音/ and dark vowel /陰性모음/ for a vector configuration of Weight 7, Time 5, and Flow 7.",,5,5,5,8,COMPOUND(복합・이종)
따르릉대다,ttareureungdaeda,"Repeated, intense action of ringing telephone or bicycle bell (따르릉대다).",Phenomime (Sound),Dynamics,Positive,Unvoiced (Light),Bright/Light/Small,Reduplication,tʰ͈arɯrɯŋdɛda,7,5,7,7,5,5,240.0,2.22,5,3200.0,5.89,3,0,4,#4B3621,24.5,6.4,16.8,"Reflecting tense consonant /濃音/ and dark vowel /陰性모음/ for a vector configuration of Weight 7, Time 5, and Flow 7.",,5,5,5,8,COMPOUND(복합・이종)
따르릉이다,ttareureungida,Motion or state of ringing telephone or bicycle bell (따르릉이다).,Phenomime (Sound),Dynamics,Positive,Unvoiced (Light),Bright/Light/Small,-ri Ending,tʰ͈arɯrɯŋida,7,5,7,7,5,5,240.0,2.22,5,3200.0,5.89,3,0,4,#4B3621,24.5,6.4,16.8,"Reflecting tense consonant /濃音/ and dark vowel /陰性모음/ for a vector configuration of Weight 7, Time 5, and Flow 7.",,5,5,5,8,COMPOUND(복합・이종)
따르릉하다,ttareureunghada,State or quality of being ringing telephone or bicycle bell (따르릉하다).,Phenomime (Sound),Dynamics,Positive,Unvoiced (Light),Bright/Light/Small,-ri Ending,tʰ͈arɯrɯŋhada,7,5,7,2,5,5,240.0,2.22,5,3200.0,5.89,3,0,4,#4B3621,24.5,6.4,16.8,"Reflecting tense consonant /濃音/ and dark vowel /陰性모음/ for a vector configuration of Weight 7, Time 5, and Flow 2.",,5,5,5,8,COMPOUND(복합・이종)
따르릉이,ttareureungi,Adverbial state of ringing telephone or bicycle bell (따르릉이).,Phenomime (Sound),Dynamics,Positive,Unvoiced (Light),Bright/Light/Small,-ri Ending,tʰ͈arɯrɯŋi,7,5,7,7,5,5,240.0,2.22,5,3200.0,5.89,3,0,4,#4B3621,24.5,6.4,16.8,"Reflecting tense consonant /濃音/ and dark vowel /陰性모음/ for a vector configuration of Weight 7, Time 5, and Flow 7.",,5,5,5,8,COMPOUND(복합・이종)
따르릉딸랑,ttareureungttalrang,Alternating rhythm or variation of ringing telephone or bicycle bell (따르릉딸랑).,Phenomime (Sound),Dynamics,Positive,Unvoiced (Light),Bright/Light/Small,Reduplication,tʰ͈arɯrɯŋtʰ͈alraŋ,7,5,7,2,5,5,240.0,2.22,5,3200.0,5.89,3,0,4,#4B3621,24.5,6.4,16.8,"Reflecting tense consonant /濃音/ and dark vowel /陰性모음/ for a vector configuration of Weight 7, Time 5, and Flow 2.",,5,5,5,8,COMPOUND(복합・이종)
삐뽀,ppippo,Manner or sound of siren sound of ambulance or police car (삐뽀).,Phenomime (Sound),Dynamics,Neutral,Unvoiced (Light),Bright/Light/Small,-ri Ending,pʰ͈ipʰ͈o,3,5,7,7,2,3,1500.0,6.86,5,3200.0,5.89,3,0,4,#708090,52.8,-2.1,-10.6,"Reflecting tense consonant /濃音/ and bright vowel /陽性모음/ for a vector configuration of Weight 3, Time 5, and Flow 7.",,5,5,5,8,COMPOUND(복합・이종)
삐뽀삐뽀,ppippoppippo,"Repeated, continuous manner or sound of siren sound of ambulance or police car (삐뽀삐뽀).",Phenomime (Sound),Dynamics,Neutral,Unvoiced (Light),Bright/Light/Small,Reduplication,pʰ͈ipʰ͈opʰ͈ipʰ͈o,3,4,7,7,2,3,1500.0,6.86,4,3200.0,5.89,3,0,4,#708090,52.8,-2.1,-10.6,"Reflecting tense consonant /濃音/ and bright vowel /陽性모음/ for a vector configuration of Weight 3, Time 4, and Flow 7.",,5,5,5,1,REDUP(첩어・동일)
삐뽀거리다,ppippogeorida,Continuous motion or action of siren sound of ambulance or police car (삐뽀거리다).,Phenomime (Sound),Dynamics,Neutral,Unvoiced (Light),Bright/Light/Small,Reduplication,pʰ͈ipʰ͈ogʌrida,7,5,7,7,2,3,240.0,2.22,5,3200.0,5.89,3,0,4,#4B3621,24.5,6.4,16.8,"Reflecting tense consonant /濃音/ and dark vowel /陰性모음/ for a vector configuration of Weight 7, Time 5, and Flow 7.",,5,5,5,8,COMPOUND(복합・이종)
삐뽀대다,ppippodaeda,"Repeated, intense action of siren sound of ambulance or police car (삐뽀대다).",Phenomime (Sound),Dynamics,Neutral,Unvoiced (Light),Bright/Light/Small,Reduplication,pʰ͈ipʰ͈odɛda,3,5,7,7,2,3,1500.0,6.86,5,3200.0,5.89,3,0,4,#708090,52.8,-2.1,-10.6,"Reflecting tense consonant /濃音/ and bright vowel /陽性모음/ for a vector configuration of Weight 3, Time 5, and Flow 7.",,5,5,5,8,COMPOUND(복합・이종)
삐뽀이다,ppippoida,Motion or state of siren sound of ambulance or police car (삐뽀이다).,Phenomime (Sound),Dynamics,Neutral,Unvoiced (Light),Bright/Light/Small,-ri Ending,pʰ͈ipʰ͈oida,3,5,7,7,2,3,1500.0,6.86,5,3200.0,5.89,3,0,4,#708090,52.8,-2.1,-10.6,"Reflecting tense consonant /濃音/ and bright vowel /陽性모음/ for a vector configuration of Weight 3, Time 5, and Flow 7.",,5,5,5,8,COMPOUND(복합・이종)
삐뽀하다,ppippohada,State or quality of being siren sound of ambulance or police car (삐뽀하다).,Phenomime (Sound),Dynamics,Neutral,Unvoiced (Light),Bright/Light/Small,-ri Ending,pʰ͈ipʰ͈ohada,3,5,7,2,2,3,1500.0,6.86,5,3200.0,5.89,3,0,4,#708090,52.8,-2.1,-10.6,"Reflecting tense consonant /濃音/ and bright vowel /陽性모음/ for a vector configuration of Weight 3, Time 5, and Flow 2.",,5,5,5,8,COMPOUND(복합・이종)
삐뽀이,ppippoi,Adverbial state of siren sound of ambulance or police car (삐뽀이).,Phenomime (Sound),Dynamics,Neutral,Unvoiced (Light),Bright/Light/Small,-ri Ending,pʰ͈ipʰ͈oi,3,5,7,7,2,3,1500.0,6.86,5,3200.0,5.89,3,0,4,#708090,52.8,-2.1,-10.6,"Reflecting tense consonant /濃音/ and bright vowel /陽性모음/ for a vector configuration of Weight 3, Time 5, and Flow 7.",,5,5,5,8,COMPOUND(복합・이종)
꼬르륵,kkoreureug,Manner or sound of grumbling stomach or sinking water sound (꼬르륵).,Phenomime (Sound),Human Body/Physiology,Neutral,Unvoiced (Light),Bright/Light/Small,-ri Ending,kʰ͈orɯrɯg,7,8,7,7,2,8,240.0,2.22,8,3200.0,5.89,3,0,4,#4B3621,24.5,6.4,16.8,"Reflecting tense consonant /濃音/ and dark vowel /陰性모음/ for a vector configuration of Weight 7, Time 8, and Flow 7.",,5,5,5,8,COMPOUND(복합・이종)
꼬르륵꼬르륵,kkoreureugkkoreureug,"Repeated, continuous manner or sound of grumbling stomach or sinking water sound (꼬르륵꼬르륵).",Phenomime (Sound),Human Body/Physiology,Neutral,Unvoiced (Light),Bright/Light/Small,Reduplication,kʰ͈orɯrɯgkʰ͈orɯrɯg,7,8,7,7,2,8,240.0,2.22,8,3200.0,5.89,3,0,4,#4B3621,24.5,6.4,16.8,"Reflecting tense consonant /濃音/ and dark vowel /陰性모음/ for a vector configuration of Weight 7, Time 8, and Flow 7.",,5,5,5,1,REDUP(첩어・동일)
꼬르륵거리다,kkoreureuggeorida,Continuous motion or action of grumbling stomach or sinking water sound (꼬르륵거리다).,Phenomime (Sound),Human Body/Physiology,Neutral,Unvoiced (Light),Bright/Light/Small,Reduplication,kʰ͈orɯrɯggʌrida,7,8,7,7,2,8,240.0,2.22,8,3200.0,5.89,3,0,4,#4B3621,24.5,6.4,16.8,"Reflecting tense consonant /濃音/ and dark vowel /陰性모음/ for a vector configuration of Weight 7, Time 8, and Flow 7.",,5,5,5,8,COMPOUND(복합・이종)
꼬르륵대다,kkoreureugdaeda,"Repeated, intense action of grumbling stomach or sinking water sound (꼬르륵대다).",Phenomime (Sound),Human Body/Physiology,Neutral,Unvoiced (Light),Bright/Light/Small,Reduplication,kʰ͈orɯrɯgdɛda,7,8,7,7,2,8,240.0,2.22,8,3200.0,5.89,3,0,4,#4B3621,24.5,6.4,16.8,"Reflecting tense consonant /濃音/ and dark vowel /陰性모음/ for a vector configuration of Weight 7, Time 8, and Flow 7.",,5,5,5,8,COMPOUND(복합・이종)
꼬르륵이다,kkoreureugida,Motion or state of grumbling stomach or sinking water sound (꼬르륵이다).,Phenomime (Sound),Human Body/Physiology,Neutral,Unvoiced (Light),Bright/Light/Small,-ri Ending,kʰ͈orɯrɯgida,7,8,7,7,2,8,240.0,2.22,8,3200.0,5.89,3,0,4,#4B3621,24.5,6.4,16.8,"Reflecting tense consonant /濃音/ and dark vowel /陰性모음/ for a vector configuration of Weight 7, Time 8, and Flow 7.",,5,5,5,8,COMPOUND(복합・이종)
꼬르륵하다,kkoreureughada,State or quality of being grumbling stomach or sinking water sound (꼬르륵하다).,Phenomime (Sound),Human Body/Physiology,Neutral,Unvoiced (Light),Bright/Light/Small,-ri Ending,kʰ͈orɯrɯghada,7,8,7,2,2,8,240.0,2.22,8,3200.0,5.89,3,0,4,#4B3621,24.5,6.4,16.8,"Reflecting tense consonant /濃音/ and dark vowel /陰性모음/ for a vector configuration of Weight 7, Time 8, and Flow 2.",,5,5,5,8,COMPOUND(복합・이종)
꼬르륵이,kkoreureugi,Adverbial state of grumbling stomach or sinking water sound (꼬르륵이).,Phenomime (Sound),Human Body/Physiology,Neutral,Unvoiced (Light),Bright/Light/Small,-ri Ending,kʰ͈orɯrɯgi,7,8,7,7,2,8,240.0,2.22,8,3200.0,5.89,3,0,4,#4B3621,24.5,6.4,16.8,"Reflecting tense consonant /濃音/ and dark vowel /陰性모음/ for a vector configuration of Weight 7, Time 8, and Flow 7.",,5,5,5,8,COMPOUND(복합・이종)
꼬륵,kkoreug,Heavy or dark nuance of grumbling stomach or sinking water sound (꼬륵).,Phenomime (Sound),Human Body/Physiology,Neutral,Voiced (Heavy),Dark/Heavy/Large,-ri Ending,kʰ͈orɯg,8,8,7,7,2,8,210.0,1.88,8,3200.0,5.89,3,0,4,#800000,25.5,48.0,38.1,"Reflecting tense consonant /濃音/ and dark vowel /陰性모음/ for a vector configuration of Weight 8, Time 8, and Flow 7.",,5,5,5,8,COMPOUND(복합・이종)
꼬륵꼬륵,kkoreugkkoreug,Repeated heavy or dark nuance of grumbling stomach or sinking water sound (꼬륵꼬륵).,Phenomime (Sound),Human Body/Physiology,Neutral,Voiced (Heavy),Dark/Heavy/Large,Reduplication,kʰ͈orɯgkʰ͈orɯg,8,8,7,7,2,8,210.0,1.88,8,3200.0,5.89,3,0,4,#800000,25.5,48.0,38.1,"Reflecting tense consonant /濃音/ and dark vowel /陰性모음/ for a vector configuration of Weight 8, Time 8, and Flow 7.",,5,5,5,1,REDUP(첩어・동일)
꼬륵거리다,kkoreuggeorida,Continuous heavy motion of grumbling stomach or sinking water sound (꼬륵거리다).,Phenomime (Sound),Human Body/Physiology,Neutral,Voiced (Heavy),Dark/Heavy/Large,Reduplication,kʰ͈orɯggʌrida,8,8,7,7,2,8,210.0,1.88,8,3200.0,5.89,3,0,4,#800000,25.5,48.0,38.1,"Reflecting tense consonant /濃音/ and dark vowel /陰性모음/ for a vector configuration of Weight 8, Time 8, and Flow 7.",,5,5,5,8,COMPOUND(복합・이종)
꼬륵대다,kkoreugdaeda,Repeated intense heavy action of grumbling stomach or sinking water sound (꼬륵대다).,Phenomime (Sound),Human Body/Physiology,Neutral,Voiced (Heavy),Dark/Heavy/Large,Reduplication,kʰ͈orɯgdɛda,8,8,7,7,2,8,210.0,1.88,8,3200.0,5.89,3,0,4,#800000,25.5,48.0,38.1,"Reflecting tense consonant /濃音/ and dark vowel /陰性모음/ for a vector configuration of Weight 8, Time 8, and Flow 7.",,5,5,5,8,COMPOUND(복합・이종)
꼬륵하다,kkoreughada,Heavy or dark state of being grumbling stomach or sinking water sound (꼬륵하다).,Phenomime (Sound),Human Body/Physiology,Neutral,Voiced (Heavy),Dark/Heavy/Large,-ri Ending,kʰ͈orɯghada,8,8,7,2,2,8,210.0,1.88,8,3200.0,5.89,3,0,4,#800000,25.5,48.0,38.1,"Reflecting tense consonant /濃音/ and dark vowel /陰性모음/ for a vector configuration of Weight 8, Time 8, and Flow 2.",,5,5,5,8,COMPOUND(복합・이종)
꼬르륵꼬륵,kkoreureugkkoreug,Alternating rhythm or variation of grumbling stomach or sinking water sound (꼬르륵꼬륵).,Phenomime (Sound),Human Body/Physiology,Neutral,Unvoiced (Light),Bright/Light/Small,Reduplication,kʰ͈orɯrɯgkʰ͈orɯg,7,8,7,7,2,8,240.0,2.22,8,3200.0,5.89,3,0,4,#4B3621,24.5,6.4,16.8,"Reflecting tense consonant /濃音/ and dark vowel /陰性모음/ for a vector configuration of Weight 7, Time 8, and Flow 7.",,5,5,5,8,COMPOUND(복합・이종)
야옹,yaong,Manner or sound of meow of cat or bark of dog (야옹).,Phonomime (Voice),Living Beings,Positive,Unvoiced (Light),Bright/Light/Small,-ri Ending,yaoŋ,3,5,4,5,3,5,1500.0,6.86,5,3200.0,5.89,3,0,4,#708090,52.8,-2.1,-10.6,"Reflecting plain consonant /平音/ and bright vowel /陽性모음/ for a vector configuration of Weight 3, Time 5, and Flow 5.",,5,5,5,8,COMPOUND(복합・이종)
야옹야옹,yaongyaong,"Repeated, continuous manner or sound of meow of cat or bark of dog (야옹야옹).",Phonomime (Voice),Living Beings,Positive,Unvoiced (Light),Bright/Light/Small,Reduplication,yaoŋyaoŋ,3,4,4,5,3,5,1500.0,6.86,4,3200.0,5.89,3,0,4,#708090,52.8,-2.1,-10.6,"Reflecting plain consonant /平音/ and bright vowel /陽性모음/ for a vector configuration of Weight 3, Time 4, and Flow 5.",,5,5,5,1,REDUP(첩어・동일)
야옹거리다,yaonggeorida,Continuous motion or action of meow of cat or bark of dog (야옹거리다).,Phonomime (Voice),Living Beings,Positive,Unvoiced (Light),Bright/Light/Small,Reduplication,yaoŋgʌrida,5,5,4,5,5,5,900.0,5.56,5,3200.0,5.89,3,0,4,#708090,52.8,-2.1,-10.6,"Reflecting plain consonant /平音/ and dark vowel /陰性모음/ for a vector configuration of Weight 5, Time 5, and Flow 5.",,5,5,5,8,COMPOUND(복합・이종)
야옹대다,yaongdaeda,"Repeated, intense action of meow of cat or bark of dog (야옹대다).",Phonomime (Voice),Living Beings,Positive,Unvoiced (Light),Bright/Light/Small,Reduplication,yaoŋdɛda,3,5,4,5,5,5,1500.0,6.86,5,3200.0,5.89,3,0,4,#708090,52.8,-2.1,-10.6,"Reflecting plain consonant /平音/ and bright vowel /陽性모음/ for a vector configuration of Weight 3, Time 5, and Flow 5.",,5,5,5,8,COMPOUND(복합・이종)
야옹이다,yaongida,Motion or state of meow of cat or bark of dog (야옹이다).,Phonomime (Voice),Living Beings,Positive,Unvoiced (Light),Bright/Light/Small,-ri Ending,yaoŋida,3,5,4,5,5,5,1500.0,6.86,5,3200.0,5.89,3,0,4,#708090,52.8,-2.1,-10.6,"Reflecting plain consonant /平音/ and bright vowel /陽性모음/ for a vector configuration of Weight 3, Time 5, and Flow 5.",,5,5,5,8,COMPOUND(복합・이종)
야옹하다,yaonghada,State or quality of being meow of cat or bark of dog (야옹하다).,Phonomime (Voice),Living Beings,Positive,Unvoiced (Light),Bright/Light/Small,-ri Ending,yaoŋhada,3,5,4,2,5,5,1500.0,6.86,5,3200.0,5.89,3,0,4,#708090,52.8,-2.1,-10.6,"Reflecting plain consonant /平音/ and bright vowel /陽性모음/ for a vector configuration of Weight 3, Time 5, and Flow 2.",,5,5,5,8,COMPOUND(복합・이종)
야옹이,yaongi,Adverbial state of meow of cat or bark of dog (야옹이).,Phonomime (Voice),Living Beings,Positive,Unvoiced (Light),Bright/Light/Small,-ri Ending,yaoŋi,3,5,4,5,5,5,1500.0,6.86,5,3200.0,5.89,3,0,4,#708090,52.8,-2.1,-10.6,"Reflecting plain consonant /平音/ and bright vowel /陽性모음/ for a vector configuration of Weight 3, Time 5, and Flow 5.",,5,5,5,8,COMPOUND(복합・이종)
멍멍,meongmeong,Heavy or dark nuance of meow of cat or bark of dog (멍멍).,Phonomime (Voice),Living Beings,Positive,Voiced (Heavy),Dark/Heavy/Large,-ri Ending,mʌŋmʌŋ,8,5,4,5,5,5,210.0,1.88,5,3200.0,5.89,3,0,4,#800000,25.5,48.0,38.1,"Reflecting plain consonant /平音/ and dark vowel /陰性모음/ for a vector configuration of Weight 8, Time 5, and Flow 5.",,5,5,5,8,COMPOUND(복합・이종)
멍멍멍멍,meongmeongmeongmeong,Repeated heavy or dark nuance of meow of cat or bark of dog (멍멍멍멍).,Phonomime (Voice),Living Beings,Positive,Voiced (Heavy),Dark/Heavy/Large,Reduplication,mʌŋmʌŋmʌŋmʌŋ,8,4,4,5,5,5,210.0,1.88,4,3200.0,5.89,3,0,4,#800000,25.5,48.0,38.1,"Reflecting plain consonant /平音/ and dark vowel /陰性모음/ for a vector configuration of Weight 8, Time 4, and Flow 5.",,5,5,5,1,REDUP(첩어・동일)
멍멍거리다,meongmeonggeorida,Continuous heavy motion of meow of cat or bark of dog (멍멍거리다).,Phonomime (Voice),Living Beings,Positive,Voiced (Heavy),Dark/Heavy/Large,Reduplication,mʌŋmʌŋgʌrida,8,5,4,5,5,5,210.0,1.88,5,3200.0,5.89,3,0,4,#800000,25.5,48.0,38.1,"Reflecting plain consonant /平音/ and dark vowel /陰性모음/ for a vector configuration of Weight 8, Time 5, and Flow 5.",,5,5,5,8,COMPOUND(복합・이종)
멍멍대다,meongmeongdaeda,Repeated intense heavy action of meow of cat or bark of dog (멍멍대다).,Phonomime (Voice),Living Beings,Positive,Voiced (Heavy),Dark/Heavy/Large,Reduplication,mʌŋmʌŋdɛda,8,5,4,5,5,5,210.0,1.88,5,3200.0,5.89,3,0,4,#800000,25.5,48.0,38.1,"Reflecting plain consonant /平音/ and dark vowel /陰性모음/ for a vector configuration of Weight 8, Time 5, and Flow 5.",,5,5,5,8,COMPOUND(복합・이종)
멍멍하다,meongmeonghada,Heavy or dark state of being meow of cat or bark of dog (멍멍하다).,Phonomime (Voice),Living Beings,Positive,Voiced (Heavy),Dark/Heavy/Large,-ri Ending,mʌŋmʌŋhada,8,5,4,2,5,5,210.0,1.88,5,3200.0,5.89,3,0,4,#800000,25.5,48.0,38.1,"Reflecting plain consonant /平音/ and dark vowel /陰性모음/ for a vector configuration of Weight 8, Time 5, and Flow 2.",,5,5,5,8,COMPOUND(복합・이종)
야옹멍멍,yaongmeongmeong,Alternating rhythm or variation of meow of cat or bark of dog (야옹멍멍).,Phonomime (Voice),Living Beings,Positive,Unvoiced (Light),Bright/Light/Small,Reduplication,yaoŋmʌŋmʌŋ,5,5,4,5,5,5,900.0,5.56,5,3200.0,5.89,3,0,4,#708090,52.8,-2.1,-10.6,"Reflecting plain consonant /平音/ and dark vowel /陰性모음/ for a vector configuration of Weight 5, Time 5, and Flow 5.",,5,5,5,8,COMPOUND(복합・이종)
음메,eumme,Manner or sound of moo of cow or oink of pig (음메).,Phonomime (Voice),Living Beings,Positive,Unvoiced (Light),Bright/Light/Small,-ri Ending,ɯmme,5,5,4,5,3,5,900.0,5.56,5,3200.0,5.89,3,0,4,#708090,52.8,-2.1,-10.6,"Reflecting plain consonant /平音/ and dark vowel /陰性모음/ for a vector configuration of Weight 5, Time 5, and Flow 5.",,5,5,5,8,COMPOUND(복합・이종)
음메음메,eummeeumme,"Repeated, continuous manner or sound of moo of cow or oink of pig (음메음메).",Phonomime (Voice),Living Beings,Positive,Unvoiced (Light),Bright/Light/Small,Reduplication,ɯmmeɯmme,5,4,4,5,3,5,900.0,5.56,4,3200.0,5.89,3,0,4,#708090,52.8,-2.1,-10.6,"Reflecting plain consonant /平音/ and dark vowel /陰性모음/ for a vector configuration of Weight 5, Time 4, and Flow 5.",,5,5,5,1,REDUP(첩어・동일)
음메거리다,eummegeorida,Continuous motion or action of moo of cow or oink of pig (음메거리다).,Phonomime (Voice),Living Beings,Positive,Unvoiced (Light),Bright/Light/Small,Reduplication,ɯmmegʌrida,5,5,4,5,5,5,900.0,5.56,5,3200.0,5.89,3,0,4,#708090,52.8,-2.1,-10.6,"Reflecting plain consonant /平音/ and dark vowel /陰性모음/ for a vector configuration of Weight 5, Time 5, and Flow 5.",,5,5,5,8,COMPOUND(복합・이종)
음메대다,eummedaeda,"Repeated, intense action of moo of cow or oink of pig (음메대다).",Phonomime (Voice),Living Beings,Positive,Unvoiced (Light),Bright/Light/Small,Reduplication,ɯmmedɛda,5,5,4,5,5,5,900.0,5.56,5,3200.0,5.89,3,0,4,#708090,52.8,-2.1,-10.6,"Reflecting plain consonant /平音/ and dark vowel /陰性모음/ for a vector configuration of Weight 5, Time 5, and Flow 5.",,5,5,5,8,COMPOUND(복합・이종)
음메이다,eummeida,Motion or state of moo of cow or oink of pig (음메이다).,Phonomime (Voice),Living Beings,Positive,Unvoiced (Light),Bright/Light/Small,-ri Ending,ɯmmeida,5,5,4,5,5,5,900.0,5.56,5,3200.0,5.89,3,0,4,#708090,52.8,-2.1,-10.6,"Reflecting plain consonant /平音/ and dark vowel /陰性모음/ for a vector configuration of Weight 5, Time 5, and Flow 5.",,5,5,5,8,COMPOUND(복합・이종)
음메하다,eummehada,State or quality of being moo of cow or oink of pig (음메하다).,Phonomime (Voice),Living Beings,Positive,Unvoiced (Light),Bright/Light/Small,-ri Ending,ɯmmehada,5,5,4,2,5,5,900.0,5.56,5,3200.0,5.89,3,0,4,#708090,52.8,-2.1,-10.6,"Reflecting plain consonant /平音/ and dark vowel /陰性모음/ for a vector configuration of Weight 5, Time 5, and Flow 2.",,5,5,5,8,COMPOUND(복합・이종)
음메이,eummei,Adverbial state of moo of cow or oink of pig (음메이).,Phonomime (Voice),Living Beings,Positive,Unvoiced (Light),Bright/Light/Small,-ri Ending,ɯmmei,5,5,4,5,5,5,900.0,5.56,5,3200.0,5.89,3,0,4,#708090,52.8,-2.1,-10.6,"Reflecting plain consonant /平音/ and dark vowel /陰性모음/ for a vector configuration of Weight 5, Time 5, and Flow 5.",,5,5,5,8,COMPOUND(복합・이종)
꿀꿀,kkulkkul,Heavy or dark nuance of moo of cow or oink of pig (꿀꿀).,Phonomime (Voice),Living Beings,Positive,Voiced (Heavy),Dark/Heavy/Large,-ri Ending,kʰ͈ulkʰ͈ul,8,5,7,2,5,3,210.0,1.88,5,3200.0,5.89,3,0,4,#800000,25.5,48.0,38.1,"Reflecting tense consonant /濃音/ and dark vowel /陰性모음/ for a vector configuration of Weight 8, Time 5, and Flow 2.",,5,5,5,8,COMPOUND(복합・이종)
꿀꿀꿀꿀,kkulkkulkkulkkul,Repeated heavy or dark nuance of moo of cow or oink of pig (꿀꿀꿀꿀).,Phonomime (Voice),Living Beings,Positive,Voiced (Heavy),Dark/Heavy/Large,Reduplication,kʰ͈ulkʰ͈ulkʰ͈ulkʰ͈ul,8,4,7,2,5,3,210.0,1.88,4,3200.0,5.89,3,0,4,#800000,25.5,48.0,38.1,"Reflecting tense consonant /濃音/ and dark vowel /陰性모음/ for a vector configuration of Weight 8, Time 4, and Flow 2.",,5,5,5,1,REDUP(첩어・동일)
꿀꿀거리다,kkulkkulgeorida,Continuous heavy motion of moo of cow or oink of pig (꿀꿀거리다).,Phonomime (Voice),Living Beings,Positive,Voiced (Heavy),Dark/Heavy/Large,Reduplication,kʰ͈ulkʰ͈ulgʌrida,8,5,7,2,5,3,210.0,1.88,5,3200.0,5.89,3,0,4,#800000,25.5,48.0,38.1,"Reflecting tense consonant /濃音/ and dark vowel /陰性모음/ for a vector configuration of Weight 8, Time 5, and Flow 2.",,5,5,5,8,COMPOUND(복합・이종)
꿀꿀대다,kkulkkuldaeda,Repeated intense heavy action of moo of cow or oink of pig (꿀꿀대다).,Phonomime (Voice),Living Beings,Positive,Voiced (Heavy),Dark/Heavy/Large,Reduplication,kʰ͈ulkʰ͈uldɛda,8,5,7,2,5,3,210.0,1.88,5,3200.0,5.89,3,0,4,#800000,25.5,48.0,38.1,"Reflecting tense consonant /濃音/ and dark vowel /陰性모음/ for a vector configuration of Weight 8, Time 5, and Flow 2.",,5,5,5,8,COMPOUND(복합・이종)
꿀꿀하다,kkulkkulhada,Heavy or dark state of being moo of cow or oink of pig (꿀꿀하다).,Phonomime (Voice),Living Beings,Positive,Voiced (Heavy),Dark/Heavy/Large,-ri Ending,kʰ͈ulkʰ͈ulhada,8,5,7,2,5,3,210.0,1.88,5,3200.0,5.89,3,0,4,#800000,25.5,48.0,38.1,"Reflecting tense consonant /濃音/ and dark vowel /陰性모음/ for a vector configuration of Weight 8, Time 5, and Flow 2.",,5,5,5,8,COMPOUND(복합・이종)
음메꿀꿀,eummekkulkkul,Alternating rhythm or variation of moo of cow or oink of pig (음메꿀꿀).,Phonomime (Voice),Living Beings,Positive,Unvoiced (Light),Bright/Light/Small,Reduplication,ɯmmekʰ͈ulkʰ͈ul,7,5,7,2,5,5,240.0,2.22,5,3200.0,5.89,3,0,4,#4B3621,24.5,6.4,16.8,"Reflecting tense consonant /濃音/ and dark vowel /陰性모음/ for a vector configuration of Weight 7, Time 5, and Flow 2.",,5,5,5,8,COMPOUND(복합・이종)
왱왱,waengwaeng,Manner or sound of buzzing fly/mosquito or roaring propeller (왱왱).,Phenomime (Sound),Dynamics,Negative,Unvoiced (Light),Bright/Light/Small,-ri Ending,wɛŋwɛŋ,4,5,4,5,3,5,1200.0,6.29,5,3200.0,5.89,3,0,4,#708090,52.8,-2.1,-10.6,"Reflecting plain consonant /平音/ and bright vowel /陽性모음/ for a vector configuration of Weight 4, Time 5, and Flow 5.",,5,5,5,8,COMPOUND(복합・이종)
왱왱왱왱,waengwaengwaengwaeng,"Repeated, continuous manner or sound of buzzing fly/mosquito or roaring propeller (왱왱왱왱).",Phenomime (Sound),Dynamics,Negative,Unvoiced (Light),Bright/Light/Small,Reduplication,wɛŋwɛŋwɛŋwɛŋ,4,4,4,5,3,5,1200.0,6.29,4,3200.0,5.89,3,0,4,#708090,52.8,-2.1,-10.6,"Reflecting plain consonant /平音/ and bright vowel /陽性모음/ for a vector configuration of Weight 4, Time 4, and Flow 5.",,5,5,5,1,REDUP(첩어・동일)
왱왱거리다,waengwaenggeorida,Continuous motion or action of buzzing fly/mosquito or roaring propeller (왱왱거리다).,Phenomime (Sound),Dynamics,Negative,Unvoiced (Light),Bright/Light/Small,Reduplication,wɛŋwɛŋgʌrida,5,5,4,5,5,5,900.0,5.56,5,3200.0,5.89,3,0,4,#708090,52.8,-2.1,-10.6,"Reflecting plain consonant /平音/ and dark vowel /陰性모음/ for a vector configuration of Weight 5, Time 5, and Flow 5.",,5,5,5,8,COMPOUND(복합・이종)
왱왱대다,waengwaengdaeda,"Repeated, intense action of buzzing fly/mosquito or roaring propeller (왱왱대다).",Phenomime (Sound),Dynamics,Negative,Unvoiced (Light),Bright/Light/Small,Reduplication,wɛŋwɛŋdɛda,3,5,4,5,5,5,1500.0,6.86,5,3200.0,5.89,3,0,4,#708090,52.8,-2.1,-10.6,"Reflecting plain consonant /平音/ and bright vowel /陽性모음/ for a vector configuration of Weight 3, Time 5, and Flow 5.",,5,5,5,8,COMPOUND(복합・이종)
왱왱이다,waengwaengida,Motion or state of buzzing fly/mosquito or roaring propeller (왱왱이다).,Phenomime (Sound),Dynamics,Negative,Unvoiced (Light),Bright/Light/Small,-ri Ending,wɛŋwɛŋida,3,5,4,5,5,5,1500.0,6.86,5,3200.0,5.89,3,0,4,#708090,52.8,-2.1,-10.6,"Reflecting plain consonant /平音/ and bright vowel /陽性모음/ for a vector configuration of Weight 3, Time 5, and Flow 5.",,5,5,5,8,COMPOUND(복합・이종)
왱왱하다,waengwaenghada,State or quality of being buzzing fly/mosquito or roaring propeller (왱왱하다).,Phenomime (Sound),Dynamics,Negative,Unvoiced (Light),Bright/Light/Small,-ri Ending,wɛŋwɛŋhada,3,5,4,2,5,5,1500.0,6.86,5,3200.0,5.89,3,0,4,#708090,52.8,-2.1,-10.6,"Reflecting plain consonant /平音/ and bright vowel /陽性모음/ for a vector configuration of Weight 3, Time 5, and Flow 2.",,5,5,5,8,COMPOUND(복합・이종)
왱왱이,waengwaengi,Adverbial state of buzzing fly/mosquito or roaring propeller (왱왱이).,Phenomime (Sound),Dynamics,Negative,Unvoiced (Light),Bright/Light/Small,-ri Ending,wɛŋwɛŋi,4,5,4,5,5,5,1200.0,6.29,5,3200.0,5.89,3,0,4,#708090,52.8,-2.1,-10.6,"Reflecting plain consonant /平音/ and bright vowel /陽性모음/ for a vector configuration of Weight 4, Time 5, and Flow 5.",,5,5,5,8,COMPOUND(복합・이종)
윙윙,wingwing,Heavy or dark nuance of buzzing fly/mosquito or roaring propeller (윙윙).,Phenomime (Sound),Dynamics,Negative,Voiced (Heavy),Dark/Heavy/Large,-ri Ending,wiŋwiŋ,8,5,4,5,5,5,210.0,1.88,5,3200.0,5.89,3,0,4,#800000,25.5,48.0,38.1,"Reflecting plain consonant /平音/ and bright vowel /陽性모음/ for a vector configuration of Weight 8, Time 5, and Flow 5.",,5,5,5,8,COMPOUND(복합・이종)
윙윙윙윙,wingwingwingwing,Repeated heavy or dark nuance of buzzing fly/mosquito or roaring propeller (윙윙윙윙).,Phenomime (Sound),Dynamics,Negative,Voiced (Heavy),Dark/Heavy/Large,Reduplication,wiŋwiŋwiŋwiŋ,8,4,4,5,5,5,210.0,1.88,4,3200.0,5.89,3,0,4,#800000,25.5,48.0,38.1,"Reflecting plain consonant /平音/ and bright vowel /陽性모음/ for a vector configuration of Weight 8, Time 4, and Flow 5.",,5,5,5,1,REDUP(첩어・동일)
윙윙거리다,wingwinggeorida,Continuous heavy motion of buzzing fly/mosquito or roaring propeller (윙윙거리다).,Phenomime (Sound),Dynamics,Negative,Voiced (Heavy),Dark/Heavy/Large,Reduplication,wiŋwiŋgʌrida,8,5,4,5,5,5,210.0,1.88,5,3200.0,5.89,3,0,4,#800000,25.5,48.0,38.1,"Reflecting plain consonant /平音/ and dark vowel /陰性모음/ for a vector configuration of Weight 8, Time 5, and Flow 5.",,5,5,5,8,COMPOUND(복합・이종)
윙윙대다,wingwingdaeda,Repeated intense heavy action of buzzing fly/mosquito or roaring propeller (윙윙대다).,Phenomime (Sound),Dynamics,Negative,Voiced (Heavy),Dark/Heavy/Large,Reduplication,wiŋwiŋdɛda,8,5,4,5,5,5,210.0,1.88,5,3200.0,5.89,3,0,4,#800000,25.5,48.0,38.1,"Reflecting plain consonant /平音/ and bright vowel /陽性모음/ for a vector configuration of Weight 8, Time 5, and Flow 5.",,5,5,5,8,COMPOUND(복합・이종)
윙윙하다,wingwinghada,Heavy or dark state of being buzzing fly/mosquito or roaring propeller (윙윙하다).,Phenomime (Sound),Dynamics,Negative,Voiced (Heavy),Dark/Heavy/Large,-ri Ending,wiŋwiŋhada,8,5,4,2,5,5,210.0,1.88,5,3200.0,5.89,3,0,4,#800000,25.5,48.0,38.1,"Reflecting plain consonant /平音/ and bright vowel /陽性모음/ for a vector configuration of Weight 8, Time 5, and Flow 2.",,5,5,5,8,COMPOUND(복합・이종)
왱왱윙윙,waengwaengwingwing,Alternating rhythm or variation of buzzing fly/mosquito or roaring propeller (왱왱윙윙).,Phenomime (Sound),Dynamics,Negative,Unvoiced (Light),Bright/Light/Small,Reduplication,wɛŋwɛŋwiŋwiŋ,4,5,4,5,5,5,1200.0,6.29,5,3200.0,5.89,3,0,4,#708090,52.8,-2.1,-10.6,"Reflecting plain consonant /平音/ and bright vowel /陽性모음/ for a vector configuration of Weight 4, Time 5, and Flow 5.",,5,5,5,8,COMPOUND(복합・이종)
사각,sagag,Manner or sound of crunching or cutting paper/apple sound (사각).,Phenomime (Sound),Texture,Positive,Unvoiced (Light),Bright/Light/Small,-ri Ending,sagag,3,8,4,2,3,3,1500.0,6.86,8,3200.0,5.89,3,0,4,#708090,52.8,-2.1,-10.6,"Reflecting plain consonant /平音/ and bright vowel /陽性모음/ for a vector configuration of Weight 3, Time 8, and Flow 2.",,5,5,5,8,COMPOUND(복합・이종)
사각사각,sagagsagag,"Repeated, continuous manner or sound of crunching or cutting paper/apple sound (사각사각).",Phenomime (Sound),Texture,Positive,Unvoiced (Light),Bright/Light/Small,Reduplication,sagagsagag,3,8,4,2,3,3,1500.0,6.86,8,3200.0,5.89,3,0,4,#708090,52.8,-2.1,-10.6,"Reflecting plain consonant /平音/ and bright vowel /陽性모음/ for a vector configuration of Weight 3, Time 8, and Flow 2.",,5,5,5,1,REDUP(첩어・동일)
사각거리다,sagaggeorida,Continuous motion or action of crunching or cutting paper/apple sound (사각거리다).,Phenomime (Sound),Texture,Positive,Unvoiced (Light),Bright/Light/Small,Reduplication,sagaggʌrida,5,8,4,2,3,3,900.0,5.56,8,3200.0,5.89,3,0,4,#708090,52.8,-2.1,-10.6,"Reflecting plain consonant /平音/ and dark vowel /陰性모음/ for a vector configuration of Weight 5, Time 8, and Flow 2.",,5,5,5,8,COMPOUND(복합・이종)
사각대다,sagagdaeda,"Repeated, intense action of crunching or cutting paper/apple sound (사각대다).",Phenomime (Sound),Texture,Positive,Unvoiced (Light),Bright/Light/Small,Reduplication,sagagdɛda,3,8,4,2,3,3,1500.0,6.86,8,3200.0,5.89,3,0,4,#708090,52.8,-2.1,-10.6,"Reflecting plain consonant /平音/ and bright vowel /陽性모음/ for a vector configuration of Weight 3, Time 8, and Flow 2.",,5,5,5,8,COMPOUND(복합・이종)
사각이다,sagagida,Motion or state of crunching or cutting paper/apple sound (사각이다).,Phenomime (Sound),Texture,Positive,Unvoiced (Light),Bright/Light/Small,-ri Ending,sagagida,3,8,4,2,3,3,1500.0,6.86,8,3200.0,5.89,3,0,4,#708090,52.8,-2.1,-10.6,"Reflecting plain consonant /平音/ and bright vowel /陽性모음/ for a vector configuration of Weight 3, Time 8, and Flow 2.",,5,5,5,8,COMPOUND(복합・이종)
사각하다,sagaghada,State or quality of being crunching or cutting paper/apple sound (사각하다).,Phenomime (Sound),Texture,Positive,Unvoiced (Light),Bright/Light/Small,-ri Ending,sagaghada,3,8,4,2,3,3,1500.0,6.86,8,3200.0,5.89,3,0,4,#708090,52.8,-2.1,-10.6,"Reflecting plain consonant /平音/ and bright vowel /陽性모음/ for a vector configuration of Weight 3, Time 8, and Flow 2.",,5,5,5,8,COMPOUND(복합・이종)
사각이,sagagi,Adverbial state of crunching or cutting paper/apple sound (사각이).,Phenomime (Sound),Texture,Positive,Unvoiced (Light),Bright/Light/Small,-ri Ending,sagagi,3,8,4,2,3,3,1500.0,6.86,8,3200.0,5.89,3,0,4,#708090,52.8,-2.1,-10.6,"Reflecting plain consonant /平音/ and bright vowel /陽性모음/ for a vector configuration of Weight 3, Time 8, and Flow 2.",,5,5,5,8,COMPOUND(복합・이종)
서걱,seogeog,Heavy or dark nuance of crunching or cutting paper/apple sound (서걱).,Phenomime (Sound),Texture,Positive,Voiced (Heavy),Dark/Heavy/Large,-ri Ending,sʌgʌg,8,8,4,2,3,3,210.0,1.88,8,3200.0,5.89,3,0,4,#800000,25.5,48.0,38.1,"Reflecting plain consonant /平音/ and dark vowel /陰性모음/ for a vector configuration of Weight 8, Time 8, and Flow 2.",,5,5,5,8,COMPOUND(복합・이종)
서걱서걱,seogeogseogeog,Repeated heavy or dark nuance of crunching or cutting paper/apple sound (서걱서걱).,Phenomime (Sound),Texture,Positive,Voiced (Heavy),Dark/Heavy/Large,Reduplication,sʌgʌgsʌgʌg,8,8,4,2,3,3,210.0,1.88,8,3200.0,5.89,3,0,4,#800000,25.5,48.0,38.1,"Reflecting plain consonant /平音/ and dark vowel /陰性모음/ for a vector configuration of Weight 8, Time 8, and Flow 2.",,5,5,5,1,REDUP(첩어・동일)
서걱거리다,seogeoggeorida,Continuous heavy motion of crunching or cutting paper/apple sound (서걱거리다).,Phenomime (Sound),Texture,Positive,Voiced (Heavy),Dark/Heavy/Large,Reduplication,sʌgʌggʌrida,8,8,4,2,3,3,210.0,1.88,8,3200.0,5.89,3,0,4,#800000,25.5,48.0,38.1,"Reflecting plain consonant /平音/ and dark vowel /陰性모음/ for a vector configuration of Weight 8, Time 8, and Flow 2.",,5,5,5,8,COMPOUND(복합・이종)
서걱대다,seogeogdaeda,Repeated intense heavy action of crunching or cutting paper/apple sound (서걱대다).,Phenomime (Sound),Texture,Positive,Voiced (Heavy),Dark/Heavy/Large,Reduplication,sʌgʌgdɛda,8,8,4,2,3,3,210.0,1.88,8,3200.0,5.89,3,0,4,#800000,25.5,48.0,38.1,"Reflecting plain consonant /平音/ and dark vowel /陰性모음/ for a vector configuration of Weight 8, Time 8, and Flow 2.",,5,5,5,8,COMPOUND(복합・이종)
서걱하다,seogeoghada,Heavy or dark state of being crunching or cutting paper/apple sound (서걱하다).,Phenomime (Sound),Texture,Positive,Voiced (Heavy),Dark/Heavy/Large,-ri Ending,sʌgʌghada,8,8,4,2,3,3,210.0,1.88,8,3200.0,5.89,3,0,4,#800000,25.5,48.0,38.1,"Reflecting plain consonant /平音/ and dark vowel /陰性모음/ for a vector configuration of Weight 8, Time 8, and Flow 2.",,5,5,5,8,COMPOUND(복합・이종)
사각서걱,sagagseogeog,Alternating rhythm or variation of crunching or cutting paper/apple sound (사각서걱).,Phenomime (Sound),Texture,Positive,Unvoiced (Light),Bright/Light/Small,Reduplication,sagagsʌgʌg,5,8,4,2,3,3,900.0,5.56,8,3200.0,5.89,3,0,4,#708090,52.8,-2.1,-10.6,"Reflecting plain consonant /平音/ and dark vowel /陰性모음/ for a vector configuration of Weight 5, Time 8, and Flow 2.",,5,5,5,8,COMPOUND(복합・이종)
삭삭,sagsag,Manner or sound of swishing or brushing/sweeping sound (삭삭).,Phenomime (Sound),Texture,Positive,Unvoiced (Light),Bright/Light/Small,-ri Ending,sagsag,3,8,4,2,3,3,1500.0,6.86,8,3200.0,5.89,3,0,4,#708090,52.8,-2.1,-10.6,"Reflecting plain consonant /平音/ and bright vowel /陽性모음/ for a vector configuration of Weight 3, Time 8, and Flow 2.",,5,5,5,8,COMPOUND(복합・이종)
삭삭삭삭,sagsagsagsag,"Repeated, continuous manner or sound of swishing or brushing/sweeping sound (삭삭삭삭).",Phenomime (Sound),Texture,Positive,Unvoiced (Light),Bright/Light/Small,Reduplication,sagsagsagsag,3,8,4,2,3,3,1500.0,6.86,8,3200.0,5.89,3,0,4,#708090,52.8,-2.1,-10.6,"Reflecting plain consonant /平音/ and bright vowel /陽性모음/ for a vector configuration of Weight 3, Time 8, and Flow 2.",,5,5,5,1,REDUP(첩어・동일)
삭삭거리다,sagsaggeorida,Continuous motion or action of swishing or brushing/sweeping sound (삭삭거리다).,Phenomime (Sound),Texture,Positive,Unvoiced (Light),Bright/Light/Small,Reduplication,sagsaggʌrida,5,8,4,2,3,3,900.0,5.56,8,3200.0,5.89,3,0,4,#708090,52.8,-2.1,-10.6,"Reflecting plain consonant /平音/ and dark vowel /陰性모음/ for a vector configuration of Weight 5, Time 8, and Flow 2.",,5,5,5,8,COMPOUND(복합・이종)
삭삭대다,sagsagdaeda,"Repeated, intense action of swishing or brushing/sweeping sound (삭삭대다).",Phenomime (Sound),Texture,Positive,Unvoiced (Light),Bright/Light/Small,Reduplication,sagsagdɛda,3,8,4,2,3,3,1500.0,6.86,8,3200.0,5.89,3,0,4,#708090,52.8,-2.1,-10.6,"Reflecting plain consonant /平音/ and bright vowel /陽性모음/ for a vector configuration of Weight 3, Time 8, and Flow 2.",,5,5,5,8,COMPOUND(복합・이종)
삭삭이다,sagsagida,Motion or state of swishing or brushing/sweeping sound (삭삭이다).,Phenomime (Sound),Texture,Positive,Unvoiced (Light),Bright/Light/Small,-ri Ending,sagsagida,3,8,4,2,3,3,1500.0,6.86,8,3200.0,5.89,3,0,4,#708090,52.8,-2.1,-10.6,"Reflecting plain consonant /平音/ and bright vowel /陽性모음/ for a vector configuration of Weight 3, Time 8, and Flow 2.",,5,5,5,8,COMPOUND(복합・이종)
삭삭하다,sagsaghada,State or quality of being swishing or brushing/sweeping sound (삭삭하다).,Phenomime (Sound),Texture,Positive,Unvoiced (Light),Bright/Light/Small,-ri Ending,sagsaghada,3,8,4,2,3,3,1500.0,6.86,8,3200.0,5.89,3,0,4,#708090,52.8,-2.1,-10.6,"Reflecting plain consonant /平音/ and bright vowel /陽性모음/ for a vector configuration of Weight 3, Time 8, and Flow 2.",,5,5,5,8,COMPOUND(복합・이종)
삭삭이,sagsagi,Adverbial state of swishing or brushing/sweeping sound (삭삭이).,Phenomime (Sound),Texture,Positive,Unvoiced (Light),Bright/Light/Small,-ri Ending,sagsagi,3,8,4,2,3,3,1500.0,6.86,8,3200.0,5.89,3,0,4,#708090,52.8,-2.1,-10.6,"Reflecting plain consonant /平音/ and bright vowel /陽性모음/ for a vector configuration of Weight 3, Time 8, and Flow 2.",,5,5,5,8,COMPOUND(복합・이종)
슥슥,seugseug,Heavy or dark nuance of swishing or brushing/sweeping sound (슥슥).,Phenomime (Sound),Texture,Positive,Voiced (Heavy),Dark/Heavy/Large,-ri Ending,sɯgsɯg,8,8,4,2,3,3,210.0,1.88,8,3200.0,5.89,3,0,4,#800000,25.5,48.0,38.1,"Reflecting plain consonant /平音/ and dark vowel /陰性모음/ for a vector configuration of Weight 8, Time 8, and Flow 2.",,5,5,5,8,COMPOUND(복합・이종)
슥슥슥슥,seugseugseugseug,Repeated heavy or dark nuance of swishing or brushing/sweeping sound (슥슥슥슥).,Phenomime (Sound),Texture,Positive,Voiced (Heavy),Dark/Heavy/Large,Reduplication,sɯgsɯgsɯgsɯg,8,8,4,2,3,3,210.0,1.88,8,3200.0,5.89,3,0,4,#800000,25.5,48.0,38.1,"Reflecting plain consonant /平音/ and dark vowel /陰性모음/ for a vector configuration of Weight 8, Time 8, and Flow 2.",,5,5,5,1,REDUP(첩어・동일)
슥슥거리다,seugseuggeorida,Continuous heavy motion of swishing or brushing/sweeping sound (슥슥거리다).,Phenomime (Sound),Texture,Positive,Voiced (Heavy),Dark/Heavy/Large,Reduplication,sɯgsɯggʌrida,8,8,4,2,3,3,210.0,1.88,8,3200.0,5.89,3,0,4,#800000,25.5,48.0,38.1,"Reflecting plain consonant /平音/ and dark vowel /陰性모음/ for a vector configuration of Weight 8, Time 8, and Flow 2.",,5,5,5,8,COMPOUND(복합・이종)
슥슥대다,seugseugdaeda,Repeated intense heavy action of swishing or brushing/sweeping sound (슥슥대다).,Phenomime (Sound),Texture,Positive,Voiced (Heavy),Dark/Heavy/Large,Reduplication,sɯgsɯgdɛda,8,8,4,2,3,3,210.0,1.88,8,3200.0,5.89,3,0,4,#800000,25.5,48.0,38.1,"Reflecting plain consonant /平音/ and dark vowel /陰性모음/ for a vector configuration of Weight 8, Time 8, and Flow 2.",,5,5,5,8,COMPOUND(복합・이종)
슥슥하다,seugseughada,Heavy or dark state of being swishing or brushing/sweeping sound (슥슥하다).,Phenomime (Sound),Texture,Positive,Voiced (Heavy),Dark/Heavy/Large,-ri Ending,sɯgsɯghada,8,8,4,2,3,3,210.0,1.88,8,3200.0,5.89,3,0,4,#800000,25.5,48.0,38.1,"Reflecting plain consonant /平音/ and dark vowel /陰性모음/ for a vector configuration of Weight 8, Time 8, and Flow 2.",,5,5,5,8,COMPOUND(복합・이종)
삭삭슥슥,sagsagseugseug,Alternating rhythm or variation of swishing or brushing/sweeping sound (삭삭슥슥).,Phenomime (Sound),Texture,Positive,Unvoiced (Light),Bright/Light/Small,Reduplication,sagsagsɯgsɯg,5,8,4,2,3,3,900.0,5.56,8,3200.0,5.89,3,0,4,#708090,52.8,-2.1,-10.6,"Reflecting plain consonant /平音/ and dark vowel /陰性모음/ for a vector configuration of Weight 5, Time 8, and Flow 2.",,5,5,5,8,COMPOUND(복합・이종)
솰솰,swalswal,Manner or sound of roaring water or pouring rain noise (솰솰).,Phenomime (Sound),Weather/Nature,Neutral,Unvoiced (Light),Bright/Light/Small,-ri Ending,swalswal,4,5,4,2,3,8,1200.0,6.29,5,3200.0,5.89,3,0,4,#4682B4,52.5,-4.1,-32.2,"Reflecting plain consonant /平音/ and bright vowel /陽性모음/ for a vector configuration of Weight 4, Time 5, and Flow 2.",,5,5,5,8,COMPOUND(복합・이종)
솰솰솰솰,swalswalswalswal,"Repeated, continuous manner or sound of roaring water or pouring rain noise (솰솰솰솰).",Phenomime (Sound),Weather/Nature,Neutral,Unvoiced (Light),Bright/Light/Small,Reduplication,swalswalswalswal,4,4,4,2,3,8,1200.0,6.29,4,3200.0,5.89,3,0,4,#4682B4,52.5,-4.1,-32.2,"Reflecting plain consonant /平音/ and bright vowel /陽性모음/ for a vector configuration of Weight 4, Time 4, and Flow 2.",,5,5,5,1,REDUP(첩어・동일)
솰솰거리다,swalswalgeorida,Continuous motion or action of roaring water or pouring rain noise (솰솰거리다).,Phenomime (Sound),Weather/Nature,Neutral,Unvoiced (Light),Bright/Light/Small,Reduplication,swalswalgʌrida,5,5,4,2,8,8,900.0,5.56,5,3200.0,5.89,3,0,4,#4682B4,52.5,-4.1,-32.2,"Reflecting plain consonant /平音/ and dark vowel /陰性모음/ for a vector configuration of Weight 5, Time 5, and Flow 2.",,5,5,5,8,COMPOUND(복합・이종)
솰솰대다,swalswaldaeda,"Repeated, intense action of roaring water or pouring rain noise (솰솰대다).",Phenomime (Sound),Weather/Nature,Neutral,Unvoiced (Light),Bright/Light/Small,Reduplication,swalswaldɛda,3,5,4,2,8,8,1500.0,6.86,5,3200.0,5.89,3,0,4,#4682B4,52.5,-4.1,-32.2,"Reflecting plain consonant /平音/ and bright vowel /陽性모음/ for a vector configuration of Weight 3, Time 5, and Flow 2.",,5,5,5,8,COMPOUND(복합・이종)
솰솰이다,swalswalida,Motion or state of roaring water or pouring rain noise (솰솰이다).,Phenomime (Sound),Weather/Nature,Neutral,Unvoiced (Light),Bright/Light/Small,-ri Ending,swalswalida,3,5,4,2,8,8,1500.0,6.86,5,3200.0,5.89,3,0,4,#4682B4,52.5,-4.1,-32.2,"Reflecting plain consonant /平音/ and bright vowel /陽性모음/ for a vector configuration of Weight 3, Time 5, and Flow 2.",,5,5,5,8,COMPOUND(복합・이종)
솰솰하다,swalswalhada,State or quality of being roaring water or pouring rain noise (솰솰하다).,Phenomime (Sound),Weather/Nature,Neutral,Unvoiced (Light),Bright/Light/Small,-ri Ending,swalswalhada,3,5,4,2,8,8,1500.0,6.86,5,3200.0,5.89,3,0,4,#4682B4,52.5,-4.1,-32.2,"Reflecting plain consonant /平音/ and bright vowel /陽性모음/ for a vector configuration of Weight 3, Time 5, and Flow 2.",,5,5,5,8,COMPOUND(복합・이종)
솰솰이,swalswali,Adverbial state of roaring water or pouring rain noise (솰솰이).,Phenomime (Sound),Weather/Nature,Neutral,Unvoiced (Light),Bright/Light/Small,-ri Ending,swalswali,4,5,4,2,8,8,1200.0,6.29,5,3200.0,5.89,3,0,4,#4682B4,52.5,-4.1,-32.2,"Reflecting plain consonant /平音/ and bright vowel /陽性모음/ for a vector configuration of Weight 4, Time 5, and Flow 2.",,5,5,5,8,COMPOUND(복합・이종)
솨아,swaa,Heavy or dark nuance of roaring water or pouring rain noise (솨아).,Phenomime (Sound),Weather/Nature,Neutral,Voiced (Heavy),Dark/Heavy/Large,-ri Ending,swaa,8,5,4,2,8,8,210.0,1.88,5,3200.0,5.89,3,0,4,#800000,25.5,48.0,38.1,"Reflecting plain consonant /平音/ and bright vowel /陽性모음/ for a vector configuration of Weight 8, Time 5, and Flow 2.",,5,5,5,8,COMPOUND(복합・이종)
솨아솨아,swaaswaa,Repeated heavy or dark nuance of roaring water or pouring rain noise (솨아솨아).,Phenomime (Sound),Weather/Nature,Neutral,Voiced (Heavy),Dark/Heavy/Large,Reduplication,swaaswaa,8,4,4,2,8,8,210.0,1.88,4,3200.0,5.89,3,0,4,#800000,25.5,48.0,38.1,"Reflecting plain consonant /平音/ and bright vowel /陽性모음/ for a vector configuration of Weight 8, Time 4, and Flow 2.",,5,5,5,1,REDUP(첩어・동일)
솨아거리다,swaageorida,Continuous heavy motion of roaring water or pouring rain noise (솨아거리다).,Phenomime (Sound),Weather/Nature,Neutral,Voiced (Heavy),Dark/Heavy/Large,Reduplication,swaagʌrida,8,5,4,2,8,8,210.0,1.88,5,3200.0,5.89,3,0,4,#800000,25.5,48.0,38.1,"Reflecting plain consonant /平音/ and dark vowel /陰性모음/ for a vector configuration of Weight 8, Time 5, and Flow 2.",,5,5,5,8,COMPOUND(복합・이종)
솨아대다,swaadaeda,Repeated intense heavy action of roaring water or pouring rain noise (솨아대다).,Phenomime (Sound),Weather/Nature,Neutral,Voiced (Heavy),Dark/Heavy/Large,Reduplication,swaadɛda,8,5,4,2,8,8,210.0,1.88,5,3200.0,5.89,3,0,4,#800000,25.5,48.0,38.1,"Reflecting plain consonant /平音/ and bright vowel /陽性모음/ for a vector configuration of Weight 8, Time 5, and Flow 2.",,5,5,5,8,COMPOUND(복합・이종)
솨아하다,swaahada,Heavy or dark state of being roaring water or pouring rain noise (솨아하다).,Phenomime (Sound),Weather/Nature,Neutral,Voiced (Heavy),Dark/Heavy/Large,-ri Ending,swaahada,8,5,4,2,8,8,210.0,1.88,5,3200.0,5.89,3,0,4,#800000,25.5,48.0,38.1,"Reflecting plain consonant /平音/ and bright vowel /陽性모음/ for a vector configuration of Weight 8, Time 5, and Flow 2.",,5,5,5,8,COMPOUND(복합・이종)
솰솰솨아,swalswalswaa,Alternating rhythm or variation of roaring water or pouring rain noise (솰솰솨아).,Phenomime (Sound),Weather/Nature,Neutral,Unvoiced (Light),Bright/Light/Small,Reduplication,swalswalswaa,3,5,4,2,8,8,1500.0,6.86,5,3200.0,5.89,3,0,4,#4682B4,52.5,-4.1,-32.2,"Reflecting plain consonant /平音/ and bright vowel /陽性모음/ for a vector configuration of Weight 3, Time 5, and Flow 2.",,5,5,5,8,COMPOUND(복합・이종)
뚝딱,ttugttag,"Manner or sound of quick hammering, cooking, or ticking sound (뚝딱).",Phenomime (Sound),Speed/Tempo,Positive,Unvoiced (Light),Bright/Light/Small,-ri Ending,tʰ͈ugtʰ͈ag,7,8,7,7,2,3,240.0,2.22,8,3200.0,5.89,3,0,4,#4B3621,24.5,6.4,16.8,"Reflecting tense consonant /濃音/ and dark vowel /陰性모음/ for a vector configuration of Weight 7, Time 8, and Flow 7.",,5,5,5,8,COMPOUND(복합・이종)
뚝딱뚝딱,ttugttagttugttag,"Repeated, continuous manner or sound of quick hammering, cooking, or ticking sound (뚝딱뚝딱).",Phenomime (Sound),Speed/Tempo,Positive,Unvoiced (Light),Bright/Light/Small,Reduplication,tʰ͈ugtʰ͈agtʰ͈ugtʰ͈ag,7,8,7,7,2,3,240.0,2.22,8,3200.0,5.89,3,0,4,#4B3621,24.5,6.4,16.8,"Reflecting tense consonant /濃音/ and dark vowel /陰性모음/ for a vector configuration of Weight 7, Time 8, and Flow 7.",,5,5,5,1,REDUP(첩어・동일)
뚝딱거리다,ttugttaggeorida,"Continuous motion or action of quick hammering, cooking, or ticking sound (뚝딱거리다).",Phenomime (Sound),Speed/Tempo,Positive,Unvoiced (Light),Bright/Light/Small,Reduplication,tʰ͈ugtʰ͈aggʌrida,7,8,7,7,2,3,240.0,2.22,8,3200.0,5.89,3,0,4,#4B3621,24.5,6.4,16.8,"Reflecting tense consonant /濃音/ and dark vowel /陰性모음/ for a vector configuration of Weight 7, Time 8, and Flow 7.",,5,5,5,8,COMPOUND(복합・이종)
뚝딱대다,ttugttagdaeda,"Repeated, intense action of quick hammering, cooking, or ticking sound (뚝딱대다).",Phenomime (Sound),Speed/Tempo,Positive,Unvoiced (Light),Bright/Light/Small,Reduplication,tʰ͈ugtʰ͈agdɛda,7,8,7,7,2,3,240.0,2.22,8,3200.0,5.89,3,0,4,#4B3621,24.5,6.4,16.8,"Reflecting tense consonant /濃音/ and dark vowel /陰性모음/ for a vector configuration of Weight 7, Time 8, and Flow 7.",,5,5,5,8,COMPOUND(복합・이종)
뚝딱이다,ttugttagida,"Motion or state of quick hammering, cooking, or ticking sound (뚝딱이다).",Phenomime (Sound),Speed/Tempo,Positive,Unvoiced (Light),Bright/Light/Small,-ri Ending,tʰ͈ugtʰ͈agida,7,8,7,7,2,3,240.0,2.22,8,3200.0,5.89,3,0,4,#4B3621,24.5,6.4,16.8,"Reflecting tense consonant /濃音/ and dark vowel /陰性모음/ for a vector configuration of Weight 7, Time 8, and Flow 7.",,5,5,5,8,COMPOUND(복합・이종)
뚝딱하다,ttugttaghada,"State or quality of being quick hammering, cooking, or ticking sound (뚝딱하다).",Phenomime (Sound),Speed/Tempo,Positive,Unvoiced (Light),Bright/Light/Small,-ri Ending,tʰ͈ugtʰ͈aghada,7,8,7,2,2,3,240.0,2.22,8,3200.0,5.89,3,0,4,#4B3621,24.5,6.4,16.8,"Reflecting tense consonant /濃音/ and dark vowel /陰性모음/ for a vector configuration of Weight 7, Time 8, and Flow 2.",,5,5,5,8,COMPOUND(복합・이종)
뚝딱이,ttugttagi,"Adverbial state of quick hammering, cooking, or ticking sound (뚝딱이).",Phenomime (Sound),Speed/Tempo,Positive,Unvoiced (Light),Bright/Light/Small,-ri Ending,tʰ͈ugtʰ͈agi,7,8,7,7,2,3,240.0,2.22,8,3200.0,5.89,3,0,4,#4B3621,24.5,6.4,16.8,"Reflecting tense consonant /濃音/ and dark vowel /陰性모음/ for a vector configuration of Weight 7, Time 8, and Flow 7.",,5,5,5,8,COMPOUND(복합・이종)
딱딱,ttagttag,"Heavy or dark nuance of quick hammering, cooking, or ticking sound (딱딱).",Phenomime (Sound),Speed/Tempo,Positive,Voiced (Heavy),Dark/Heavy/Large,-ri Ending,tʰ͈agtʰ͈ag,8,8,7,7,2,3,210.0,1.88,8,3200.0,5.89,3,0,4,#800000,25.5,48.0,38.1,"Reflecting tense consonant /濃音/ and bright vowel /陽性모음/ for a vector configuration of Weight 8, Time 8, and Flow 7.",,5,5,5,8,COMPOUND(복합・이종)
딱딱딱딱,ttagttagttagttag,"Repeated heavy or dark nuance of quick hammering, cooking, or ticking sound (딱딱딱딱).",Phenomime (Sound),Speed/Tempo,Positive,Voiced (Heavy),Dark/Heavy/Large,Reduplication,tʰ͈agtʰ͈agtʰ͈agtʰ͈ag,8,8,7,7,2,3,210.0,1.88,8,3200.0,5.89,3,0,4,#800000,25.5,48.0,38.1,"Reflecting tense consonant /濃音/ and bright vowel /陽性모음/ for a vector configuration of Weight 8, Time 8, and Flow 7.",,5,5,5,1,REDUP(첩어・동일)
딱딱거리다,ttagttaggeorida,"Continuous heavy motion of quick hammering, cooking, or ticking sound (딱딱거리다).",Phenomime (Sound),Speed/Tempo,Positive,Voiced (Heavy),Dark/Heavy/Large,Reduplication,tʰ͈agtʰ͈aggʌrida,8,8,7,7,2,3,210.0,1.88,8,3200.0,5.89,3,0,4,#800000,25.5,48.0,38.1,"Reflecting tense consonant /濃音/ and dark vowel /陰性모음/ for a vector configuration of Weight 8, Time 8, and Flow 7.",,5,5,5,8,COMPOUND(복합・이종)
딱딱대다,ttagttagdaeda,"Repeated intense heavy action of quick hammering, cooking, or ticking sound (딱딱대다).",Phenomime (Sound),Speed/Tempo,Positive,Voiced (Heavy),Dark/Heavy/Large,Reduplication,tʰ͈agtʰ͈agdɛda,8,8,7,7,2,3,210.0,1.88,8,3200.0,5.89,3,0,4,#800000,25.5,48.0,38.1,"Reflecting tense consonant /濃音/ and bright vowel /陽性모음/ for a vector configuration of Weight 8, Time 8, and Flow 7.",,5,5,5,8,COMPOUND(복합・이종)
딱딱하다,ttagttaghada,"Heavy or dark state of being quick hammering, cooking, or ticking sound (딱딱하다).",Phenomime (Sound),Speed/Tempo,Positive,Voiced (Heavy),Dark/Heavy/Large,-ri Ending,tʰ͈agtʰ͈aghada,8,8,7,2,2,3,210.0,1.88,8,3200.0,5.89,3,0,4,#800000,25.5,48.0,38.1,"Reflecting tense consonant /濃音/ and bright vowel /陽性모음/ for a vector configuration of Weight 8, Time 8, and Flow 2.",,5,5,5,8,COMPOUND(복합・이종)
뚝딱딱딱,ttugttagttagttag,"Alternating rhythm or variation of quick hammering, cooking, or ticking sound (뚝딱딱딱).",Phenomime (Sound),Speed/Tempo,Positive,Unvoiced (Light),Bright/Light/Small,Reduplication,tʰ͈ugtʰ͈agtʰ͈agtʰ͈ag,7,8,7,7,2,3,240.0,2.22,8,3200.0,5.89,3,0,4,#4B3621,24.5,6.4,16.8,"Reflecting tense consonant /濃音/ and dark vowel /陰性모음/ for a vector configuration of Weight 7, Time 8, and Flow 7.",,5,5,5,8,COMPOUND(복합・이종)
찰싹,chalssag,Manner or sound of slapping or splashing wave against rock (찰싹).,Phenomime (Sound),Dynamics,Neutral,Unvoiced (Light),Bright/Light/Small,-ri Ending,tʰɕʰals͈ag,3,8,7,2,2,3,1500.0,6.86,8,3200.0,5.89,3,0,4,#708090,52.8,-2.1,-10.6,"Reflecting aspirated consonant /激音/ and bright vowel /陽性모음/ for a vector configuration of Weight 3, Time 8, and Flow 2.",,5,5,5,8,COMPOUND(복합・이종)
찰싹찰싹,chalssagchalssag,"Repeated, continuous manner or sound of slapping or splashing wave against rock (찰싹찰싹).",Phenomime (Sound),Dynamics,Neutral,Unvoiced (Light),Bright/Light/Small,Reduplication,tʰɕʰals͈agtʰɕʰals͈ag,3,8,7,2,2,3,1500.0,6.86,8,3200.0,5.89,3,0,4,#708090,52.8,-2.1,-10.6,"Reflecting aspirated consonant /激音/ and bright vowel /陽性모음/ for a vector configuration of Weight 3, Time 8, and Flow 2.",,5,5,5,1,REDUP(첩어・동일)
찰싹거리다,chalssaggeorida,Continuous motion or action of slapping or splashing wave against rock (찰싹거리다).,Phenomime (Sound),Dynamics,Neutral,Unvoiced (Light),Bright/Light/Small,Reduplication,tʰɕʰals͈aggʌrida,7,8,7,2,5,3,240.0,2.22,8,3200.0,5.89,3,0,4,#4B3621,24.5,6.4,16.8,"Reflecting aspirated consonant /激音/ and dark vowel /陰性모음/ for a vector configuration of Weight 7, Time 8, and Flow 2.",,5,5,5,8,COMPOUND(복합・이종)
찰싹대다,chalssagdaeda,"Repeated, intense action of slapping or splashing wave against rock (찰싹대다).",Phenomime (Sound),Dynamics,Neutral,Unvoiced (Light),Bright/Light/Small,Reduplication,tʰɕʰals͈agdɛda,3,8,7,2,5,3,1500.0,6.86,8,3200.0,5.89,3,0,4,#708090,52.8,-2.1,-10.6,"Reflecting aspirated consonant /激音/ and bright vowel /陽性모음/ for a vector configuration of Weight 3, Time 8, and Flow 2.",,5,5,5,8,COMPOUND(복합・이종)
찰싹이다,chalssagida,Motion or state of slapping or splashing wave against rock (찰싹이다).,Phenomime (Sound),Dynamics,Neutral,Unvoiced (Light),Bright/Light/Small,-ri Ending,tʰɕʰals͈agida,3,8,7,2,5,3,1500.0,6.86,8,3200.0,5.89,3,0,4,#708090,52.8,-2.1,-10.6,"Reflecting aspirated consonant /激音/ and bright vowel /陽性모음/ for a vector configuration of Weight 3, Time 8, and Flow 2.",,5,5,5,8,COMPOUND(복합・이종)
찰싹하다,chalssaghada,State or quality of being slapping or splashing wave against rock (찰싹하다).,Phenomime (Sound),Dynamics,Neutral,Unvoiced (Light),Bright/Light/Small,-ri Ending,tʰɕʰals͈aghada,3,8,7,2,5,3,1500.0,6.86,8,3200.0,5.89,3,0,4,#708090,52.8,-2.1,-10.6,"Reflecting aspirated consonant /激音/ and bright vowel /陽性모음/ for a vector configuration of Weight 3, Time 8, and Flow 2.",,5,5,5,8,COMPOUND(복합・이종)
찰싹이,chalssagi,Adverbial state of slapping or splashing wave against rock (찰싹이).,Phenomime (Sound),Dynamics,Neutral,Unvoiced (Light),Bright/Light/Small,-ri Ending,tʰɕʰals͈agi,3,8,7,2,5,3,1500.0,6.86,8,3200.0,5.89,3,0,4,#708090,52.8,-2.1,-10.6,"Reflecting aspirated consonant /激音/ and bright vowel /陽性모음/ for a vector configuration of Weight 3, Time 8, and Flow 2.",,5,5,5,8,COMPOUND(복합・이종)
철썩,cheolsseog,Heavy or dark nuance of slapping or splashing wave against rock (철썩).,Phenomime (Sound),Dynamics,Neutral,Voiced (Heavy),Dark/Heavy/Large,-ri Ending,tʰɕʰʌls͈ʌg,8,8,7,2,5,3,210.0,1.88,8,3200.0,5.89,3,0,4,#800000,25.5,48.0,38.1,"Reflecting aspirated consonant /激音/ and dark vowel /陰性모음/ for a vector configuration of Weight 8, Time 8, and Flow 2.",,5,5,5,8,COMPOUND(복합・이종)
철썩철썩,cheolsseogcheolsseog,Repeated heavy or dark nuance of slapping or splashing wave against rock (철썩철썩).,Phenomime (Sound),Dynamics,Neutral,Voiced (Heavy),Dark/Heavy/Large,Reduplication,tʰɕʰʌls͈ʌgtʰɕʰʌls͈ʌg,8,8,7,2,5,3,210.0,1.88,8,3200.0,5.89,3,0,4,#800000,25.5,48.0,38.1,"Reflecting aspirated consonant /激音/ and dark vowel /陰性모음/ for a vector configuration of Weight 8, Time 8, and Flow 2.",,5,5,5,1,REDUP(첩어・동일)
철썩거리다,cheolsseoggeorida,Continuous heavy motion of slapping or splashing wave against rock (철썩거리다).,Phenomime (Sound),Dynamics,Neutral,Voiced (Heavy),Dark/Heavy/Large,Reduplication,tʰɕʰʌls͈ʌggʌrida,8,8,7,2,5,3,210.0,1.88,8,3200.0,5.89,3,0,4,#800000,25.5,48.0,38.1,"Reflecting aspirated consonant /激音/ and dark vowel /陰性모음/ for a vector configuration of Weight 8, Time 8, and Flow 2.",,5,5,5,8,COMPOUND(복합・이종)
철썩대다,cheolsseogdaeda,Repeated intense heavy action of slapping or splashing wave against rock (철썩대다).,Phenomime (Sound),Dynamics,Neutral,Voiced (Heavy),Dark/Heavy/Large,Reduplication,tʰɕʰʌls͈ʌgdɛda,8,8,7,2,5,3,210.0,1.88,8,3200.0,5.89,3,0,4,#800000,25.5,48.0,38.1,"Reflecting aspirated consonant /激音/ and dark vowel /陰性모음/ for a vector configuration of Weight 8, Time 8, and Flow 2.",,5,5,5,8,COMPOUND(복합・이종)
철썩하다,cheolsseoghada,Heavy or dark state of being slapping or splashing wave against rock (철썩하다).,Phenomime (Sound),Dynamics,Neutral,Voiced (Heavy),Dark/Heavy/Large,-ri Ending,tʰɕʰʌls͈ʌghada,8,8,7,2,5,3,210.0,1.88,8,3200.0,5.89,3,0,4,#800000,25.5,48.0,38.1,"Reflecting aspirated consonant /激音/ and dark vowel /陰性모음/ for a vector configuration of Weight 8, Time 8, and Flow 2.",,5,5,5,8,COMPOUND(복합・이종)
찰싹철썩,chalssagcheolsseog,Alternating rhythm or variation of slapping or splashing wave against rock (찰싹철썩).,Phenomime (Sound),Dynamics,Neutral,Unvoiced (Light),Bright/Light/Small,Reduplication,tʰɕʰals͈agtʰɕʰʌls͈ʌg,7,8,7,2,5,3,240.0,2.22,8,3200.0,5.89,3,0,4,#4B3621,24.5,6.4,16.8,"Reflecting aspirated consonant /激音/ and dark vowel /陰性모음/ for a vector configuration of Weight 7, Time 8, and Flow 2.",,5,5,5,8,COMPOUND(복합・이종)
화르르,hwareureu,"Manner or sound of flaming, blazing fire or sudden surge (화르르).",Psychomime (State/Manner),Weather/Nature,Positive,Unvoiced (Light),Bright/Light/Small,-ri Ending,hwarɯrɯ,5,5,4,2,3,3,900.0,5.56,5,3200.0,5.89,3,hh,7,#FF0000,53.2,80.1,67.2,"Reflecting plain consonant /平音/ and dark vowel /陰性모음/ for a vector configuration of Weight 5, Time 5, and Flow 2.",,5,5,0,0,SUFFIX(어미변화)
화르르화르르,hwareureuhwareureu,"Repeated, continuous manner or sound of flaming, blazing fire or sudden surge (화르르화르르).",Psychomime (State/Manner),Weather/Nature,Positive,Unvoiced (Light),Bright/Light/Small,Reduplication,hwarɯrɯhwarɯrɯ,5,4,4,2,3,3,900.0,5.56,4,3200.0,5.89,3,hh,7,#FF0000,53.2,80.1,67.2,"Reflecting plain consonant /平音/ and dark vowel /陰性모음/ for a vector configuration of Weight 5, Time 4, and Flow 2.",,5,5,5,1,REDUP(첩어・동일)
화르르거리다,hwareureugeorida,"Continuous motion or action of flaming, blazing fire or sudden surge (화르르거리다).",Psychomime (State/Manner),Weather/Nature,Positive,Unvoiced (Light),Bright/Light/Small,Reduplication,hwarɯrɯgʌrida,5,5,4,2,5,3,900.0,5.56,5,3200.0,5.89,3,hh,7,#FF0000,53.2,80.1,67.2,"Reflecting plain consonant /平音/ and dark vowel /陰性모음/ for a vector configuration of Weight 5, Time 5, and Flow 2.",,5,5,5,8,COMPOUND(복합・이종)
화르르대다,hwareureudaeda,"Repeated, intense action of flaming, blazing fire or sudden surge (화르르대다).",Psychomime (State/Manner),Weather/Nature,Positive,Unvoiced (Light),Bright/Light/Small,Reduplication,hwarɯrɯdɛda,5,5,4,2,5,3,900.0,5.56,5,3200.0,5.89,3,hh,7,#FF0000,53.2,80.1,67.2,"Reflecting plain consonant /平音/ and dark vowel /陰性모음/ for a vector configuration of Weight 5, Time 5, and Flow 2.",,5,5,5,8,COMPOUND(복합・이종)
화르르이다,hwareureuida,"Motion or state of flaming, blazing fire or sudden surge (화르르이다).",Psychomime (State/Manner),Weather/Nature,Positive,Unvoiced (Light),Bright/Light/Small,-ri Ending,hwarɯrɯida,5,5,4,2,5,3,900.0,5.56,5,3200.0,5.89,3,hh,7,#FF0000,53.2,80.1,67.2,"Reflecting plain consonant /平音/ and dark vowel /陰性모음/ for a vector configuration of Weight 5, Time 5, and Flow 2.",,5,5,5,8,COMPOUND(복합・이종)
화르르하다,hwareureuhada,"State or quality of being flaming, blazing fire or sudden surge (화르르하다).",Psychomime (State/Manner),Weather/Nature,Positive,Unvoiced (Light),Bright/Light/Small,-ri Ending,hwarɯrɯhada,5,5,4,2,5,3,900.0,5.56,5,3200.0,5.89,3,hh,7,#FF0000,53.2,80.1,67.2,"Reflecting plain consonant /平音/ and dark vowel /陰性모음/ for a vector configuration of Weight 5, Time 5, and Flow 2.",,5,5,5,8,COMPOUND(복합・이종)
화르르이,hwareureui,"Adverbial state of flaming, blazing fire or sudden surge (화르르이).",Psychomime (State/Manner),Weather/Nature,Positive,Unvoiced (Light),Bright/Light/Small,-ri Ending,hwarɯrɯi,5,5,4,2,5,3,900.0,5.56,5,3200.0,5.89,3,hh,7,#FF0000,53.2,80.1,67.2,"Reflecting plain consonant /平音/ and dark vowel /陰性모음/ for a vector configuration of Weight 5, Time 5, and Flow 2.",,5,5,5,8,COMPOUND(복합・이종)
활활,hwalhwal,"Heavy or dark nuance of flaming, blazing fire or sudden surge (활활).",Psychomime (State/Manner),Weather/Nature,Positive,Voiced (Heavy),Dark/Heavy/Large,-ri Ending,hwalhwal,8,5,4,2,5,3,210.0,1.88,5,3200.0,5.89,3,hh,7,#FF0000,53.2,80.1,67.2,"Reflecting plain consonant /平音/ and bright vowel /陽性모음/ for a vector configuration of Weight 8, Time 5, and Flow 2.",,5,5,5,8,COMPOUND(복합・이종)
활활활활,hwalhwalhwalhwal,"Repeated heavy or dark nuance of flaming, blazing fire or sudden surge (활활활활).",Psychomime (State/Manner),Weather/Nature,Positive,Voiced (Heavy),Dark/Heavy/Large,Reduplication,hwalhwalhwalhwal,8,4,4,2,5,3,210.0,1.88,4,3200.0,5.89,3,hh,7,#FF0000,53.2,80.1,67.2,"Reflecting plain consonant /平音/ and bright vowel /陽性모음/ for a vector configuration of Weight 8, Time 4, and Flow 2.",,5,5,5,1,REDUP(첩어・동일)
활활거리다,hwalhwalgeorida,"Continuous heavy motion of flaming, blazing fire or sudden surge (활활거리다).",Psychomime (State/Manner),Weather/Nature,Positive,Voiced (Heavy),Dark/Heavy/Large,Reduplication,hwalhwalgʌrida,8,5,4,2,5,3,210.0,1.88,5,3200.0,5.89,3,hh,7,#FF0000,53.2,80.1,67.2,"Reflecting plain consonant /平音/ and dark vowel /陰性모음/ for a vector configuration of Weight 8, Time 5, and Flow 2.",,5,5,5,8,COMPOUND(복합・이종)
활활대다,hwalhwaldaeda,"Repeated intense heavy action of flaming, blazing fire or sudden surge (활활대다).",Psychomime (State/Manner),Weather/Nature,Positive,Voiced (Heavy),Dark/Heavy/Large,Reduplication,hwalhwaldɛda,8,5,4,2,5,3,210.0,1.88,5,3200.0,5.89,3,hh,7,#FF0000,53.2,80.1,67.2,"Reflecting plain consonant /平音/ and bright vowel /陽性모음/ for a vector configuration of Weight 8, Time 5, and Flow 2.",,5,5,5,8,COMPOUND(복합・이종)
활활하다,hwalhwalhada,"Heavy or dark state of being flaming, blazing fire or sudden surge (활활하다).",Psychomime (State/Manner),Weather/Nature,Positive,Voiced (Heavy),Dark/Heavy/Large,-ri Ending,hwalhwalhada,8,5,4,2,5,3,210.0,1.88,5,3200.0,5.89,3,hh,7,#FF0000,53.2,80.1,67.2,"Reflecting plain consonant /平音/ and bright vowel /陽性모음/ for a vector configuration of Weight 8, Time 5, and Flow 2.",,5,5,5,8,COMPOUND(복합・이종)
화르르활활,hwareureuhwalhwal,"Alternating rhythm or variation of flaming, blazing fire or sudden surge (화르르활활).",Psychomime (State/Manner),Weather/Nature,Positive,Unvoiced (Light),Bright/Light/Small,Reduplication,hwarɯrɯhwalhwal,5,5,4,2,5,3,900.0,5.56,5,3200.0,5.89,3,hh,7,#FF0000,53.2,80.1,67.2,"Reflecting plain consonant /平音/ and dark vowel /陰性모음/ for a vector configuration of Weight 5, Time 5, and Flow 2.",,5,5,5,8,COMPOUND(복합・이종)
차르르,chareureu,"Manner or sound of cascading beads, coins, or flowing liquid (차르르).",Phenomime (Sound),Texture,Positive,Unvoiced (Light),Bright/Light/Small,-ri Ending,tʰɕʰarɯrɯ,7,5,7,5,2,8,240.0,2.22,5,3200.0,5.89,3,0,4,#4B3621,24.5,6.4,16.8,"Reflecting aspirated consonant /激音/ and dark vowel /陰性모음/ for a vector configuration of Weight 7, Time 5, and Flow 5.",,5,5,0,0,SUFFIX(어미변화)
차르르차르르,chareureuchareureu,"Repeated, continuous manner or sound of cascading beads, coins, or flowing liquid (차르르차르르).",Phenomime (Sound),Texture,Positive,Unvoiced (Light),Bright/Light/Small,Reduplication,tʰɕʰarɯrɯtʰɕʰarɯrɯ,7,4,7,5,2,8,240.0,2.22,4,3200.0,5.89,3,0,4,#4B3621,24.5,6.4,16.8,"Reflecting aspirated consonant /激音/ and dark vowel /陰性모음/ for a vector configuration of Weight 7, Time 4, and Flow 5.",,5,5,5,1,REDUP(첩어・동일)
차르르거리다,chareureugeorida,"Continuous motion or action of cascading beads, coins, or flowing liquid (차르르거리다).",Phenomime (Sound),Texture,Positive,Unvoiced (Light),Bright/Light/Small,Reduplication,tʰɕʰarɯrɯgʌrida,7,5,7,5,8,8,240.0,2.22,5,3200.0,5.89,3,0,4,#4B3621,24.5,6.4,16.8,"Reflecting aspirated consonant /激音/ and dark vowel /陰性모음/ for a vector configuration of Weight 7, Time 5, and Flow 5.",,5,5,5,8,COMPOUND(복합・이종)
차르르대다,chareureudaeda,"Repeated, intense action of cascading beads, coins, or flowing liquid (차르르대다).",Phenomime (Sound),Texture,Positive,Unvoiced (Light),Bright/Light/Small,Reduplication,tʰɕʰarɯrɯdɛda,7,5,7,5,8,8,240.0,2.22,5,3200.0,5.89,3,0,4,#4B3621,24.5,6.4,16.8,"Reflecting aspirated consonant /激音/ and dark vowel /陰性모음/ for a vector configuration of Weight 7, Time 5, and Flow 5.",,5,5,5,8,COMPOUND(복합・이종)
차르르이다,chareureuida,"Motion or state of cascading beads, coins, or flowing liquid (차르르이다).",Phenomime (Sound),Texture,Positive,Unvoiced (Light),Bright/Light/Small,-ri Ending,tʰɕʰarɯrɯida,7,5,7,5,8,8,240.0,2.22,5,3200.0,5.89,3,0,4,#4B3621,24.5,6.4,16.8,"Reflecting aspirated consonant /激音/ and dark vowel /陰性모음/ for a vector configuration of Weight 7, Time 5, and Flow 5.",,5,5,5,8,COMPOUND(복합・이종)
차르르하다,chareureuhada,"State or quality of being cascading beads, coins, or flowing liquid (차르르하다).",Phenomime (Sound),Texture,Positive,Unvoiced (Light),Bright/Light/Small,-ri Ending,tʰɕʰarɯrɯhada,7,5,7,2,8,8,240.0,2.22,5,3200.0,5.89,3,0,4,#4B3621,24.5,6.4,16.8,"Reflecting aspirated consonant /激音/ and dark vowel /陰性모음/ for a vector configuration of Weight 7, Time 5, and Flow 2.",,5,5,5,8,COMPOUND(복합・이종)
차르르이,chareureui,"Adverbial state of cascading beads, coins, or flowing liquid (차르르이).",Phenomime (Sound),Texture,Positive,Unvoiced (Light),Bright/Light/Small,-ri Ending,tʰɕʰarɯrɯi,7,5,7,5,8,8,240.0,2.22,5,3200.0,5.89,3,0,4,#4B3621,24.5,6.4,16.8,"Reflecting aspirated consonant /激音/ and dark vowel /陰性모음/ for a vector configuration of Weight 7, Time 5, and Flow 5.",,5,5,5,8,COMPOUND(복합・이종)
초르르,choreureu,"Heavy or dark nuance of cascading beads, coins, or flowing liquid (초르르).",Phenomime (Sound),Texture,Positive,Voiced (Heavy),Dark/Heavy/Large,-ri Ending,tʰɕʰorɯrɯ,8,5,7,5,8,8,210.0,1.88,5,3200.0,5.89,3,0,4,#800000,25.5,48.0,38.1,"Reflecting aspirated consonant /激音/ and dark vowel /陰性모음/ for a vector configuration of Weight 8, Time 5, and Flow 5.",,5,5,0,0,SUFFIX(어미변화)
초르르초르르,choreureuchoreureu,"Repeated heavy or dark nuance of cascading beads, coins, or flowing liquid (초르르초르르).",Phenomime (Sound),Texture,Positive,Voiced (Heavy),Dark/Heavy/Large,Reduplication,tʰɕʰorɯrɯtʰɕʰorɯrɯ,8,4,7,5,8,8,210.0,1.88,4,3200.0,5.89,3,0,4,#800000,25.5,48.0,38.1,"Reflecting aspirated consonant /激音/ and dark vowel /陰性모음/ for a vector configuration of Weight 8, Time 4, and Flow 5.",,5,5,5,1,REDUP(첩어・동일)
초르르거리다,choreureugeorida,"Continuous heavy motion of cascading beads, coins, or flowing liquid (초르르거리다).",Phenomime (Sound),Texture,Positive,Voiced (Heavy),Dark/Heavy/Large,Reduplication,tʰɕʰorɯrɯgʌrida,8,5,7,5,8,8,210.0,1.88,5,3200.0,5.89,3,0,4,#800000,25.5,48.0,38.1,"Reflecting aspirated consonant /激音/ and dark vowel /陰性모음/ for a vector configuration of Weight 8, Time 5, and Flow 5.",,5,5,5,8,COMPOUND(복합・이종)
초르르대다,choreureudaeda,"Repeated intense heavy action of cascading beads, coins, or flowing liquid (초르르대다).",Phenomime (Sound),Texture,Positive,Voiced (Heavy),Dark/Heavy/Large,Reduplication,tʰɕʰorɯrɯdɛda,8,5,7,5,8,8,210.0,1.88,5,3200.0,5.89,3,0,4,#800000,25.5,48.0,38.1,"Reflecting aspirated consonant /激音/ and dark vowel /陰性모음/ for a vector configuration of Weight 8, Time 5, and Flow 5.",,5,5,5,8,COMPOUND(복합・이종)
초르르하다,choreureuhada,"Heavy or dark state of being cascading beads, coins, or flowing liquid (초르르하다).",Phenomime (Sound),Texture,Positive,Voiced (Heavy),Dark/Heavy/Large,-ri Ending,tʰɕʰorɯrɯhada,8,5,7,2,8,8,210.0,1.88,5,3200.0,5.89,3,0,4,#800000,25.5,48.0,38.1,"Reflecting aspirated consonant /激音/ and dark vowel /陰性모음/ for a vector configuration of Weight 8, Time 5, and Flow 2.",,5,5,5,8,COMPOUND(복합・이종)
차르르초르르,chareureuchoreureu,"Alternating rhythm or variation of cascading beads, coins, or flowing liquid (차르르초르르).",Phenomime (Sound),Texture,Positive,Unvoiced (Light),Bright/Light/Small,Reduplication,tʰɕʰarɯrɯtʰɕʰorɯrɯ,7,5,7,5,8,8,240.0,2.22,5,3200.0,5.89,3,0,4,#4B3621,24.5,6.4,16.8,"Reflecting aspirated consonant /激音/ and dark vowel /陰性모음/ for a vector configuration of Weight 7, Time 5, and Flow 5.",,5,5,0,0,SUFFIX(어미변화)
쪼르르,jjoreureu,Manner or sound of running or trickling quickly in a line (쪼르르).,Psychomime (State/Manner),Dynamics,Positive,Unvoiced (Light),Bright/Light/Small,-ri Ending,tʰɕ͈orɯrɯ,7,5,7,7,2,3,240.0,2.22,5,3200.0,5.89,3,0,4,#4B3621,24.5,6.4,16.8,"Reflecting tense consonant /濃音/ and dark vowel /陰性모음/ for a vector configuration of Weight 7, Time 5, and Flow 7.",,5,5,0,0,SUFFIX(어미변화)
쪼르르쪼르르,jjoreureujjoreureu,"Repeated, continuous manner or sound of running or trickling quickly in a line (쪼르르쪼르르).",Psychomime (State/Manner),Dynamics,Positive,Unvoiced (Light),Bright/Light/Small,Reduplication,tʰɕ͈orɯrɯtʰɕ͈orɯrɯ,7,4,7,7,2,3,240.0,2.22,4,3200.0,5.89,3,0,4,#4B3621,24.5,6.4,16.8,"Reflecting tense consonant /濃音/ and dark vowel /陰性모음/ for a vector configuration of Weight 7, Time 4, and Flow 7.",,5,5,5,1,REDUP(첩어・동일)
쪼르르거리다,jjoreureugeorida,Continuous motion or action of running or trickling quickly in a line (쪼르르거리다).,Psychomime (State/Manner),Dynamics,Positive,Unvoiced (Light),Bright/Light/Small,Reduplication,tʰɕ͈orɯrɯgʌrida,7,5,7,7,5,3,240.0,2.22,5,3200.0,5.89,3,0,4,#4B3621,24.5,6.4,16.8,"Reflecting tense consonant /濃音/ and dark vowel /陰性모음/ for a vector configuration of Weight 7, Time 5, and Flow 7.",,5,5,5,8,COMPOUND(복합・이종)
쪼르르대다,jjoreureudaeda,"Repeated, intense action of running or trickling quickly in a line (쪼르르대다).",Psychomime (State/Manner),Dynamics,Positive,Unvoiced (Light),Bright/Light/Small,Reduplication,tʰɕ͈orɯrɯdɛda,7,5,7,7,5,3,240.0,2.22,5,3200.0,5.89,3,0,4,#4B3621,24.5,6.4,16.8,"Reflecting tense consonant /濃音/ and dark vowel /陰性모음/ for a vector configuration of Weight 7, Time 5, and Flow 7.",,5,5,5,8,COMPOUND(복합・이종)
쪼르르이다,jjoreureuida,Motion or state of running or trickling quickly in a line (쪼르르이다).,Psychomime (State/Manner),Dynamics,Positive,Unvoiced (Light),Bright/Light/Small,-ri Ending,tʰɕ͈orɯrɯida,7,5,7,7,5,3,240.0,2.22,5,3200.0,5.89,3,0,4,#4B3621,24.5,6.4,16.8,"Reflecting tense consonant /濃音/ and dark vowel /陰性모음/ for a vector configuration of Weight 7, Time 5, and Flow 7.",,5,5,5,8,COMPOUND(복합・이종)
쪼르르하다,jjoreureuhada,State or quality of being running or trickling quickly in a line (쪼르르하다).,Psychomime (State/Manner),Dynamics,Positive,Unvoiced (Light),Bright/Light/Small,-ri Ending,tʰɕ͈orɯrɯhada,7,5,7,2,5,3,240.0,2.22,5,3200.0,5.89,3,0,4,#4B3621,24.5,6.4,16.8,"Reflecting tense consonant /濃音/ and dark vowel /陰性모음/ for a vector configuration of Weight 7, Time 5, and Flow 2.",,5,5,5,8,COMPOUND(복합・이종)
쪼르르이,jjoreureui,Adverbial state of running or trickling quickly in a line (쪼르르이).,Psychomime (State/Manner),Dynamics,Positive,Unvoiced (Light),Bright/Light/Small,-ri Ending,tʰɕ͈orɯrɯi,7,5,7,7,5,3,240.0,2.22,5,3200.0,5.89,3,0,4,#4B3621,24.5,6.4,16.8,"Reflecting tense consonant /濃音/ and dark vowel /陰性모음/ for a vector configuration of Weight 7, Time 5, and Flow 7.",,5,5,5,8,COMPOUND(복합・이종)
쭈르르,jjureureu,Heavy or dark nuance of running or trickling quickly in a line (쭈르르).,Psychomime (State/Manner),Dynamics,Positive,Voiced (Heavy),Dark/Heavy/Large,-ri Ending,tʰɕ͈urɯrɯ,8,5,7,7,5,3,210.0,1.88,5,3200.0,5.89,3,0,4,#800000,25.5,48.0,38.1,"Reflecting tense consonant /濃音/ and dark vowel /陰性모음/ for a vector configuration of Weight 8, Time 5, and Flow 7.",,5,5,0,0,SUFFIX(어미변화)
쭈르르쭈르르,jjureureujjureureu,Repeated heavy or dark nuance of running or trickling quickly in a line (쭈르르쭈르르).,Psychomime (State/Manner),Dynamics,Positive,Voiced (Heavy),Dark/Heavy/Large,Reduplication,tʰɕ͈urɯrɯtʰɕ͈urɯrɯ,8,4,7,7,5,3,210.0,1.88,4,3200.0,5.89,3,0,4,#800000,25.5,48.0,38.1,"Reflecting tense consonant /濃音/ and dark vowel /陰性모음/ for a vector configuration of Weight 8, Time 4, and Flow 7.",,5,5,5,1,REDUP(첩어・동일)
쭈르르거리다,jjureureugeorida,Continuous heavy motion of running or trickling quickly in a line (쭈르르거리다).,Psychomime (State/Manner),Dynamics,Positive,Voiced (Heavy),Dark/Heavy/Large,Reduplication,tʰɕ͈urɯrɯgʌrida,8,5,7,7,5,3,210.0,1.88,5,3200.0,5.89,3,0,4,#800000,25.5,48.0,38.1,"Reflecting tense consonant /濃音/ and dark vowel /陰性모음/ for a vector configuration of Weight 8, Time 5, and Flow 7.",,5,5,5,8,COMPOUND(복합・이종)
쭈르르대다,jjureureudaeda,Repeated intense heavy action of running or trickling quickly in a line (쭈르르대다).,Psychomime (State/Manner),Dynamics,Positive,Voiced (Heavy),Dark/Heavy/Large,Reduplication,tʰɕ͈urɯrɯdɛda,8,5,7,7,5,3,210.0,1.88,5,3200.0,5.89,3,0,4,#800000,25.5,48.0,38.1,"Reflecting tense consonant /濃音/ and dark vowel /陰性모음/ for a vector configuration of Weight 8, Time 5, and Flow 7.",,5,5,5,8,COMPOUND(복합・이종)
쭈르르하다,jjureureuhada,Heavy or dark state of being running or trickling quickly in a line (쭈르르하다).,Psychomime (State/Manner),Dynamics,Positive,Voiced (Heavy),Dark/Heavy/Large,-ri Ending,tʰɕ͈urɯrɯhada,8,5,7,2,5,3,210.0,1.88,5,3200.0,5.89,3,0,4,#800000,25.5,48.0,38.1,"Reflecting tense consonant /濃音/ and dark vowel /陰性모음/ for a vector configuration of Weight 8, Time 5, and Flow 2.",,5,5,5,8,COMPOUND(복합・이종)
쪼르르쭈르르,jjoreureujjureureu,Alternating rhythm or variation of running or trickling quickly in a line (쪼르르쭈르르).,Psychomime (State/Manner),Dynamics,Positive,Unvoiced (Light),Bright/Light/Small,Reduplication,tʰɕ͈orɯrɯtʰɕ͈urɯrɯ,7,5,7,7,5,3,240.0,2.22,5,3200.0,5.89,3,0,4,#4B3621,24.5,6.4,16.8,"Reflecting tense consonant /濃音/ and dark vowel /陰性모음/ for a vector configuration of Weight 7, Time 5, and Flow 7.",,5,5,0,0,SUFFIX(어미변화)
파르르,pareureu,"Manner or sound of trembling, quivering, or fluttering lightly (파르르).",Psychomime (State/Manner),Human Body/Physiology,Negative,Unvoiced (Light),Bright/Light/Small,-ri Ending,pʰarɯrɯ,4,5,7,5,2,3,1200.0,6.29,5,3200.0,5.89,3,0,4,#FFD700,86.9,-1.9,87.1,"Reflecting aspirated consonant /激音/ and dark vowel /陰性모음/ for a vector configuration of Weight 4, Time 5, and Flow 5.",,5,5,0,0,SUFFIX(어미변화)
파르르파르르,pareureupareureu,"Repeated, continuous manner or sound of trembling, quivering, or fluttering lightly (파르르파르르).",Psychomime (State/Manner),Human Body/Physiology,Negative,Unvoiced (Light),Bright/Light/Small,Reduplication,pʰarɯrɯpʰarɯrɯ,4,4,7,5,2,3,1200.0,6.29,4,3200.0,5.89,3,0,4,#FFD700,86.9,-1.9,87.1,"Reflecting aspirated consonant /激音/ and dark vowel /陰性모음/ for a vector configuration of Weight 4, Time 4, and Flow 5.",,5,5,5,1,REDUP(첩어・동일)
파르르거리다,pareureugeorida,"Continuous motion or action of trembling, quivering, or fluttering lightly (파르르거리다).",Psychomime (State/Manner),Human Body/Physiology,Negative,Unvoiced (Light),Bright/Light/Small,Reduplication,pʰarɯrɯgʌrida,4,5,7,5,5,3,1200.0,6.29,5,3200.0,5.89,3,0,4,#FFD700,86.9,-1.9,87.1,"Reflecting aspirated consonant /激音/ and dark vowel /陰性모음/ for a vector configuration of Weight 4, Time 5, and Flow 5.",,5,5,5,8,COMPOUND(복합・이종)
파르르대다,pareureudaeda,"Repeated, intense action of trembling, quivering, or fluttering lightly (파르르대다).",Psychomime (State/Manner),Human Body/Physiology,Negative,Unvoiced (Light),Bright/Light/Small,Reduplication,pʰarɯrɯdɛda,4,5,7,5,5,3,1200.0,6.29,5,3200.0,5.89,3,0,4,#FFD700,86.9,-1.9,87.1,"Reflecting aspirated consonant /激音/ and dark vowel /陰性모음/ for a vector configuration of Weight 4, Time 5, and Flow 5.",,5,5,5,8,COMPOUND(복합・이종)
파르르이다,pareureuida,"Motion or state of trembling, quivering, or fluttering lightly (파르르이다).",Psychomime (State/Manner),Human Body/Physiology,Negative,Unvoiced (Light),Bright/Light/Small,-ri Ending,pʰarɯrɯida,4,5,7,5,5,3,1200.0,6.29,5,3200.0,5.89,3,0,4,#FFD700,86.9,-1.9,87.1,"Reflecting aspirated consonant /激音/ and dark vowel /陰性모음/ for a vector configuration of Weight 4, Time 5, and Flow 5.",,5,5,5,8,COMPOUND(복합・이종)
파르르하다,pareureuhada,"State or quality of being trembling, quivering, or fluttering lightly (파르르하다).",Psychomime (State/Manner),Human Body/Physiology,Negative,Unvoiced (Light),Bright/Light/Small,-ri Ending,pʰarɯrɯhada,4,5,7,2,5,3,1200.0,6.29,5,3200.0,5.89,3,0,4,#FFD700,86.9,-1.9,87.1,"Reflecting aspirated consonant /激音/ and dark vowel /陰性모음/ for a vector configuration of Weight 4, Time 5, and Flow 2.",,5,5,5,8,COMPOUND(복합・이종)
파르르이,pareureui,"Adverbial state of trembling, quivering, or fluttering lightly (파르르이).",Psychomime (State/Manner),Human Body/Physiology,Negative,Unvoiced (Light),Bright/Light/Small,-ri Ending,pʰarɯrɯi,4,5,7,5,5,3,1200.0,6.29,5,3200.0,5.89,3,0,4,#FFD700,86.9,-1.9,87.1,"Reflecting aspirated consonant /激音/ and dark vowel /陰性모음/ for a vector configuration of Weight 4, Time 5, and Flow 5.",,5,5,5,8,COMPOUND(복합・이종)
퍼르르,peoreureu,"Heavy or dark nuance of trembling, quivering, or fluttering lightly (퍼르르).",Psychomime (State/Manner),Human Body/Physiology,Negative,Voiced (Heavy),Dark/Heavy/Large,-ri Ending,pʰʌrɯrɯ,5,5,7,5,5,3,300.0,2.78,5,3200.0,5.89,3,0,4,#FFD700,86.9,-1.9,87.1,"Reflecting aspirated consonant /激音/ and dark vowel /陰性모음/ for a vector configuration of Weight 5, Time 5, and Flow 5.",,5,5,0,0,SUFFIX(어미변화)
퍼르르퍼르르,peoreureupeoreureu,"Repeated heavy or dark nuance of trembling, quivering, or fluttering lightly (퍼르르퍼르르).",Psychomime (State/Manner),Human Body/Physiology,Negative,Voiced (Heavy),Dark/Heavy/Large,Reduplication,pʰʌrɯrɯpʰʌrɯrɯ,5,4,7,5,5,3,300.0,2.78,4,3200.0,5.89,3,0,4,#FFD700,86.9,-1.9,87.1,"Reflecting aspirated consonant /激音/ and dark vowel /陰性모음/ for a vector configuration of Weight 5, Time 4, and Flow 5.",,5,5,5,1,REDUP(첩어・동일)
퍼르르거리다,peoreureugeorida,"Continuous heavy motion of trembling, quivering, or fluttering lightly (퍼르르거리다).",Psychomime (State/Manner),Human Body/Physiology,Negative,Voiced (Heavy),Dark/Heavy/Large,Reduplication,pʰʌrɯrɯgʌrida,5,5,7,5,5,3,300.0,2.78,5,3200.0,5.89,3,0,4,#FFD700,86.9,-1.9,87.1,"Reflecting aspirated consonant /激音/ and dark vowel /陰性모음/ for a vector configuration of Weight 5, Time 5, and Flow 5.",,5,5,5,8,COMPOUND(복합・이종)
퍼르르대다,peoreureudaeda,"Repeated intense heavy action of trembling, quivering, or fluttering lightly (퍼르르대다).",Psychomime (State/Manner),Human Body/Physiology,Negative,Voiced (Heavy),Dark/Heavy/Large,Reduplication,pʰʌrɯrɯdɛda,5,5,7,5,5,3,300.0,2.78,5,3200.0,5.89,3,0,4,#FFD700,86.9,-1.9,87.1,"Reflecting aspirated consonant /激音/ and dark vowel /陰性모음/ for a vector configuration of Weight 5, Time 5, and Flow 5.",,5,5,5,8,COMPOUND(복합・이종)
퍼르르하다,peoreureuhada,"Heavy or dark state of being trembling, quivering, or fluttering lightly (퍼르르하다).",Psychomime (State/Manner),Human Body/Physiology,Negative,Voiced (Heavy),Dark/Heavy/Large,-ri Ending,pʰʌrɯrɯhada,5,5,7,2,5,3,300.0,2.78,5,3200.0,5.89,3,0,4,#FFD700,86.9,-1.9,87.1,"Reflecting aspirated consonant /激音/ and dark vowel /陰性모음/ for a vector configuration of Weight 5, Time 5, and Flow 2.",,5,5,5,8,COMPOUND(복합・이종)
파르르퍼르르,pareureupeoreureu,"Alternating rhythm or variation of trembling, quivering, or fluttering lightly (파르르퍼르르).",Psychomime (State/Manner),Human Body/Physiology,Negative,Unvoiced (Light),Bright/Light/Small,Reduplication,pʰarɯrɯpʰʌrɯrɯ,4,5,7,5,5,3,1200.0,6.29,5,3200.0,5.89,3,0,4,#FFD700,86.9,-1.9,87.1,"Reflecting aspirated consonant /激音/ and dark vowel /陰性모음/ for a vector configuration of Weight 4, Time 5, and Flow 5.",,5,5,0,0,SUFFIX(어미변화)
사르륵,sareureug,Manner or sound of sliding smoothly or slipping soft lock (사르륵).,Psychomime (State/Manner),Texture,Positive,Unvoiced (Light),Bright/Light/Small,-ri Ending,sarɯrɯg,5,8,4,2,3,3,900.0,5.56,8,800.0,3.53,3,0,4,#708090,52.8,-2.1,-10.6,"Reflecting plain consonant /平音/ and dark vowel /陰性모음/ for a vector configuration of Weight 5, Time 8, and Flow 2.",,5,5,5,8,COMPOUND(복합・이종)
사르륵사르륵,sareureugsareureug,"Repeated, continuous manner or sound of sliding smoothly or slipping soft lock (사르륵사르륵).",Psychomime (State/Manner),Texture,Positive,Unvoiced (Light),Bright/Light/Small,Reduplication,sarɯrɯgsarɯrɯg,5,8,4,2,3,3,900.0,5.56,8,800.0,3.53,3,0,4,#708090,52.8,-2.1,-10.6,"Reflecting plain consonant /平音/ and dark vowel /陰性모음/ for a vector configuration of Weight 5, Time 8, and Flow 2.",,5,5,5,1,REDUP(첩어・동일)
사르륵거리다,sareureuggeorida,Continuous motion or action of sliding smoothly or slipping soft lock (사르륵거리다).,Psychomime (State/Manner),Texture,Positive,Unvoiced (Light),Bright/Light/Small,Reduplication,sarɯrɯggʌrida,5,8,4,2,5,3,900.0,5.56,8,800.0,3.53,3,0,4,#708090,52.8,-2.1,-10.6,"Reflecting plain consonant /平音/ and dark vowel /陰性모음/ for a vector configuration of Weight 5, Time 8, and Flow 2.",,5,5,5,8,COMPOUND(복합・이종)
사르륵대다,sareureugdaeda,"Repeated, intense action of sliding smoothly or slipping soft lock (사르륵대다).",Psychomime (State/Manner),Texture,Positive,Unvoiced (Light),Bright/Light/Small,Reduplication,sarɯrɯgdɛda,5,8,4,2,5,3,900.0,5.56,8,800.0,3.53,3,0,4,#708090,52.8,-2.1,-10.6,"Reflecting plain consonant /平音/ and dark vowel /陰性모음/ for a vector configuration of Weight 5, Time 8, and Flow 2.",,5,5,5,8,COMPOUND(복합・이종)
사르륵이다,sareureugida,Motion or state of sliding smoothly or slipping soft lock (사르륵이다).,Psychomime (State/Manner),Texture,Positive,Unvoiced (Light),Bright/Light/Small,-ri Ending,sarɯrɯgida,5,8,4,2,5,3,900.0,5.56,8,800.0,3.53,3,0,4,#708090,52.8,-2.1,-10.6,"Reflecting plain consonant /平音/ and dark vowel /陰性모음/ for a vector configuration of Weight 5, Time 8, and Flow 2.",,5,5,5,8,COMPOUND(복합・이종)
사르륵하다,sareureughada,State or quality of being sliding smoothly or slipping soft lock (사르륵하다).,Psychomime (State/Manner),Texture,Positive,Unvoiced (Light),Bright/Light/Small,-ri Ending,sarɯrɯghada,5,8,4,2,5,3,900.0,5.56,8,800.0,3.53,3,0,4,#708090,52.8,-2.1,-10.6,"Reflecting plain consonant /平音/ and dark vowel /陰性모음/ for a vector configuration of Weight 5, Time 8, and Flow 2.",,5,5,5,8,COMPOUND(복합・이종)
사르륵이,sareureugi,Adverbial state of sliding smoothly or slipping soft lock (사르륵이).,Psychomime (State/Manner),Texture,Positive,Unvoiced (Light),Bright/Light/Small,-ri Ending,sarɯrɯgi,5,8,4,2,5,3,900.0,5.56,8,800.0,3.53,3,0,4,#708090,52.8,-2.1,-10.6,"Reflecting plain consonant /平音/ and dark vowel /陰性모음/ for a vector configuration of Weight 5, Time 8, and Flow 2.",,5,5,5,8,COMPOUND(복합・이종)
스르륵,seureureug,Heavy or dark nuance of sliding smoothly or slipping soft lock (스르륵).,Psychomime (State/Manner),Texture,Positive,Voiced (Heavy),Dark/Heavy/Large,-ri Ending,sɯrɯrɯg,8,8,4,2,5,3,210.0,1.88,8,800.0,3.53,3,0,4,#800000,25.5,48.0,38.1,"Reflecting plain consonant /平音/ and dark vowel /陰性모음/ for a vector configuration of Weight 8, Time 8, and Flow 2.",,5,5,5,8,COMPOUND(복합・이종)
스르륵스르륵,seureureugseureureug,Repeated heavy or dark nuance of sliding smoothly or slipping soft lock (스르륵스르륵).,Psychomime (State/Manner),Texture,Positive,Voiced (Heavy),Dark/Heavy/Large,Reduplication,sɯrɯrɯgsɯrɯrɯg,8,8,4,2,5,3,210.0,1.88,8,800.0,3.53,3,0,4,#800000,25.5,48.0,38.1,"Reflecting plain consonant /平音/ and dark vowel /陰性모음/ for a vector configuration of Weight 8, Time 8, and Flow 2.",,5,5,5,1,REDUP(첩어・동일)
스르륵거리다,seureureuggeorida,Continuous heavy motion of sliding smoothly or slipping soft lock (스르륵거리다).,Psychomime (State/Manner),Texture,Positive,Voiced (Heavy),Dark/Heavy/Large,Reduplication,sɯrɯrɯggʌrida,8,8,4,2,5,3,210.0,1.88,8,800.0,3.53,3,0,4,#800000,25.5,48.0,38.1,"Reflecting plain consonant /平音/ and dark vowel /陰性모음/ for a vector configuration of Weight 8, Time 8, and Flow 2.",,5,5,5,8,COMPOUND(복합・이종)
스르륵대다,seureureugdaeda,Repeated intense heavy action of sliding smoothly or slipping soft lock (스르륵대다).,Psychomime (State/Manner),Texture,Positive,Voiced (Heavy),Dark/Heavy/Large,Reduplication,sɯrɯrɯgdɛda,8,8,4,2,5,3,210.0,1.88,8,800.0,3.53,3,0,4,#800000,25.5,48.0,38.1,"Reflecting plain consonant /平音/ and dark vowel /陰性모음/ for a vector configuration of Weight 8, Time 8, and Flow 2.",,5,5,5,8,COMPOUND(복합・이종)
스르륵하다,seureureughada,Heavy or dark state of being sliding smoothly or slipping soft lock (스르륵하다).,Psychomime (State/Manner),Texture,Positive,Voiced (Heavy),Dark/Heavy/Large,-ri Ending,sɯrɯrɯghada,8,8,4,2,5,3,210.0,1.88,8,800.0,3.53,3,0,4,#800000,25.5,48.0,38.1,"Reflecting plain consonant /平音/ and dark vowel /陰性모음/ for a vector configuration of Weight 8, Time 8, and Flow 2.",,5,5,5,8,COMPOUND(복합・이종)
사르륵스르륵,sareureugseureureug,Alternating rhythm or variation of sliding smoothly or slipping soft lock (사르륵스르륵).,Psychomime (State/Manner),Texture,Positive,Unvoiced (Light),Bright/Light/Small,Reduplication,sarɯrɯgsɯrɯrɯg,5,8,4,2,5,3,900.0,5.56,8,800.0,3.53,3,0,4,#708090,52.8,-2.1,-10.6,"Reflecting plain consonant /平音/ and dark vowel /陰性모음/ for a vector configuration of Weight 5, Time 8, and Flow 2.",,5,5,5,8,COMPOUND(복합・이종)
까르륵,kkareureug,Manner or sound of giggling brightly or cackling sound (까르륵).,Phonomime (Voice),Emotion,Positive,Unvoiced (Light),Bright/Light/Small,-ri Ending,kʰ͈arɯrɯg,7,8,7,7,2,3,240.0,2.22,8,3200.0,5.89,3,0,4,#FFD700,86.9,-1.9,87.1,"Reflecting tense consonant /濃音/ and dark vowel /陰性모음/ for a vector configuration of Weight 7, Time 8, and Flow 7.",,5,5,5,8,COMPOUND(복합・이종)
까르륵까르륵,kkareureugkkareureug,"Repeated, continuous manner or sound of giggling brightly or cackling sound (까르륵까르륵).",Phonomime (Voice),Emotion,Positive,Unvoiced (Light),Bright/Light/Small,Reduplication,kʰ͈arɯrɯgkʰ͈arɯrɯg,7,8,7,7,2,3,240.0,2.22,8,3200.0,5.89,3,0,4,#FFD700,86.9,-1.9,87.1,"Reflecting tense consonant /濃音/ and dark vowel /陰性모음/ for a vector configuration of Weight 7, Time 8, and Flow 7.",,5,5,5,1,REDUP(첩어・동일)
까르륵거리다,kkareureuggeorida,Continuous motion or action of giggling brightly or cackling sound (까르륵거리다).,Phonomime (Voice),Emotion,Positive,Unvoiced (Light),Bright/Light/Small,Reduplication,kʰ͈arɯrɯggʌrida,7,8,7,7,2,3,240.0,2.22,8,3200.0,5.89,3,0,4,#FFD700,86.9,-1.9,87.1,"Reflecting tense consonant /濃音/ and dark vowel /陰性모음/ for a vector configuration of Weight 7, Time 8, and Flow 7.",,5,5,5,8,COMPOUND(복합・이종)
까르륵대다,kkareureugdaeda,"Repeated, intense action of giggling brightly or cackling sound (까르륵대다).",Phonomime (Voice),Emotion,Positive,Unvoiced (Light),Bright/Light/Small,Reduplication,kʰ͈arɯrɯgdɛda,7,8,7,7,2,3,240.0,2.22,8,3200.0,5.89,3,0,4,#FFD700,86.9,-1.9,87.1,"Reflecting tense consonant /濃音/ and dark vowel /陰性모음/ for a vector configuration of Weight 7, Time 8, and Flow 7.",,5,5,5,8,COMPOUND(복합・이종)
까르륵이다,kkareureugida,Motion or state of giggling brightly or cackling sound (까르륵이다).,Phonomime (Voice),Emotion,Positive,Unvoiced (Light),Bright/Light/Small,-ri Ending,kʰ͈arɯrɯgida,7,8,7,7,2,3,240.0,2.22,8,3200.0,5.89,3,0,4,#FFD700,86.9,-1.9,87.1,"Reflecting tense consonant /濃音/ and dark vowel /陰性모음/ for a vector configuration of Weight 7, Time 8, and Flow 7.",,5,5,5,8,COMPOUND(복합・이종)
까르륵하다,kkareureughada,State or quality of being giggling brightly or cackling sound (까르륵하다).,Phonomime (Voice),Emotion,Positive,Unvoiced (Light),Bright/Light/Small,-ri Ending,kʰ͈arɯrɯghada,7,8,7,2,2,3,240.0,2.22,8,3200.0,5.89,3,0,4,#FFD700,86.9,-1.9,87.1,"Reflecting tense consonant /濃音/ and dark vowel /陰性모음/ for a vector configuration of Weight 7, Time 8, and Flow 2.",,5,5,5,8,COMPOUND(복합・이종)
까르륵이,kkareureugi,Adverbial state of giggling brightly or cackling sound (까르륵이).,Phonomime (Voice),Emotion,Positive,Unvoiced (Light),Bright/Light/Small,-ri Ending,kʰ͈arɯrɯgi,7,8,7,7,2,3,240.0,2.22,8,3200.0,5.89,3,0,4,#FFD700,86.9,-1.9,87.1,"Reflecting tense consonant /濃音/ and dark vowel /陰性모음/ for a vector configuration of Weight 7, Time 8, and Flow 7.",,5,5,5,8,COMPOUND(복합・이종)
꺼르륵,kkeoreureug,Heavy or dark nuance of giggling brightly or cackling sound (꺼르륵).,Phonomime (Voice),Emotion,Positive,Voiced (Heavy),Dark/Heavy/Large,-ri Ending,kʰ͈ʌrɯrɯg,8,8,7,7,2,3,210.0,1.88,8,3200.0,5.89,3,0,4,#FFD700,86.9,-1.9,87.1,"Reflecting tense consonant /濃音/ and dark vowel /陰性모음/ for a vector configuration of Weight 8, Time 8, and Flow 7.",,5,5,5,8,COMPOUND(복합・이종)
꺼르륵꺼르륵,kkeoreureugkkeoreureug,Repeated heavy or dark nuance of giggling brightly or cackling sound (꺼르륵꺼르륵).,Phonomime (Voice),Emotion,Positive,Voiced (Heavy),Dark/Heavy/Large,Reduplication,kʰ͈ʌrɯrɯgkʰ͈ʌrɯrɯg,8,8,7,7,2,3,210.0,1.88,8,3200.0,5.89,3,0,4,#FFD700,86.9,-1.9,87.1,"Reflecting tense consonant /濃音/ and dark vowel /陰性모음/ for a vector configuration of Weight 8, Time 8, and Flow 7.",,5,5,5,1,REDUP(첩어・동일)
꺼르륵거리다,kkeoreureuggeorida,Continuous heavy motion of giggling brightly or cackling sound (꺼르륵거리다).,Phonomime (Voice),Emotion,Positive,Voiced (Heavy),Dark/Heavy/Large,Reduplication,kʰ͈ʌrɯrɯggʌrida,8,8,7,7,2,3,210.0,1.88,8,3200.0,5.89,3,0,4,#FFD700,86.9,-1.9,87.1,"Reflecting tense consonant /濃音/ and dark vowel /陰性모음/ for a vector configuration of Weight 8, Time 8, and Flow 7.",,5,5,5,8,COMPOUND(복합・이종)
꺼르륵대다,kkeoreureugdaeda,Repeated intense heavy action of giggling brightly or cackling sound (꺼르륵대다).,Phonomime (Voice),Emotion,Positive,Voiced (Heavy),Dark/Heavy/Large,Reduplication,kʰ͈ʌrɯrɯgdɛda,8,8,7,7,2,3,210.0,1.88,8,3200.0,5.89,3,0,4,#FFD700,86.9,-1.9,87.1,"Reflecting tense consonant /濃音/ and dark vowel /陰性모음/ for a vector configuration of Weight 8, Time 8, and Flow 7.",,5,5,5,8,COMPOUND(복합・이종)
꺼르륵하다,kkeoreureughada,Heavy or dark state of being giggling brightly or cackling sound (꺼르륵하다).,Phonomime (Voice),Emotion,Positive,Voiced (Heavy),Dark/Heavy/Large,-ri Ending,kʰ͈ʌrɯrɯghada,8,8,7,2,2,3,210.0,1.88,8,3200.0,5.89,3,0,4,#FFD700,86.9,-1.9,87.1,"Reflecting tense consonant /濃音/ and dark vowel /陰性모음/ for a vector configuration of Weight 8, Time 8, and Flow 2.",,5,5,5,8,COMPOUND(복합・이종)
까르륵꺼르륵,kkareureugkkeoreureug,Alternating rhythm or variation of giggling brightly or cackling sound (까르륵꺼르륵).,Phonomime (Voice),Emotion,Positive,Unvoiced (Light),Bright/Light/Small,Reduplication,kʰ͈arɯrɯgkʰ͈ʌrɯrɯg,7,8,7,7,2,3,240.0,2.22,8,3200.0,5.89,3,0,4,#FFD700,86.9,-1.9,87.1,"Reflecting tense consonant /濃音/ and dark vowel /陰性모음/ for a vector configuration of Weight 7, Time 8, and Flow 7.",,5,5,5,8,COMPOUND(복합・이종)
우르릉,ureureung,Manner or sound of thundering rumble or heavy crash echo (우르릉).,Phenomime (Sound),Weather/Nature,Neutral,Unvoiced (Light),Bright/Light/Small,-ri Ending,urɯrɯŋ,8,5,4,5,3,5,210.0,1.88,5,8500.0,7.55,3,0,4,#4B3621,24.5,6.4,16.8,"Reflecting plain consonant /平音/ and dark vowel /陰性모음/ for a vector configuration of Weight 8, Time 5, and Flow 5.",,5,5,5,8,COMPOUND(복합・이종)
우르릉우르릉,ureureungureureung,"Repeated, continuous manner or sound of thundering rumble or heavy crash echo (우르릉우르릉).",Phenomime (Sound),Weather/Nature,Neutral,Unvoiced (Light),Bright/Light/Small,Reduplication,urɯrɯŋurɯrɯŋ,8,4,4,5,3,5,210.0,1.88,4,8500.0,7.55,3,0,4,#4B3621,24.5,6.4,16.8,"Reflecting plain consonant /平音/ and dark vowel /陰性모음/ for a vector configuration of Weight 8, Time 4, and Flow 5.",,5,5,5,1,REDUP(첩어・동일)
우르릉거리다,ureureunggeorida,Continuous motion or action of thundering rumble or heavy crash echo (우르릉거리다).,Phenomime (Sound),Weather/Nature,Neutral,Unvoiced (Light),Bright/Light/Small,Reduplication,urɯrɯŋgʌrida,8,5,4,5,3,5,210.0,1.88,5,8500.0,7.55,3,0,4,#4B3621,24.5,6.4,16.8,"Reflecting plain consonant /平音/ and dark vowel /陰性모음/ for a vector configuration of Weight 8, Time 5, and Flow 5.",,5,5,5,8,COMPOUND(복합・이종)
우르릉대다,ureureungdaeda,"Repeated, intense action of thundering rumble or heavy crash echo (우르릉대다).",Phenomime (Sound),Weather/Nature,Neutral,Unvoiced (Light),Bright/Light/Small,Reduplication,urɯrɯŋdɛda,8,5,4,5,3,5,210.0,1.88,5,8500.0,7.55,3,0,4,#4B3621,24.5,6.4,16.8,"Reflecting plain consonant /平音/ and dark vowel /陰性모음/ for a vector configuration of Weight 8, Time 5, and Flow 5.",,5,5,5,8,COMPOUND(복합・이종)
우르릉이다,ureureungida,Motion or state of thundering rumble or heavy crash echo (우르릉이다).,Phenomime (Sound),Weather/Nature,Neutral,Unvoiced (Light),Bright/Light/Small,-ri Ending,urɯrɯŋida,8,5,4,5,3,5,210.0,1.88,5,8500.0,7.55,3,0,4,#4B3621,24.5,6.4,16.8,"Reflecting plain consonant /平音/ and dark vowel /陰性모음/ for a vector configuration of Weight 8, Time 5, and Flow 5.",,5,5,5,8,COMPOUND(복합・이종)
우르릉하다,ureureunghada,State or quality of being thundering rumble or heavy crash echo (우르릉하다).,Phenomime (Sound),Weather/Nature,Neutral,Unvoiced (Light),Bright/Light/Small,-ri Ending,urɯrɯŋhada,8,5,4,2,3,5,210.0,1.88,5,8500.0,7.55,3,0,4,#4B3621,24.5,6.4,16.8,"Reflecting plain consonant /平音/ and dark vowel /陰性모음/ for a vector configuration of Weight 8, Time 5, and Flow 2.",,5,5,5,8,COMPOUND(복합・이종)
우르릉이,ureureungi,Adverbial state of thundering rumble or heavy crash echo (우르릉이).,Phenomime (Sound),Weather/Nature,Neutral,Unvoiced (Light),Bright/Light/Small,-ri Ending,urɯrɯŋi,8,5,4,5,3,5,210.0,1.88,5,8500.0,7.55,3,0,4,#4B3621,24.5,6.4,16.8,"Reflecting plain consonant /平音/ and dark vowel /陰性모음/ for a vector configuration of Weight 8, Time 5, and Flow 5.",,5,5,5,8,COMPOUND(복합・이종)
쿵쾅,kungkwang,Heavy or dark nuance of thundering rumble or heavy crash echo (쿵쾅).,Phenomime (Sound),Weather/Nature,Neutral,Voiced (Heavy),Dark/Heavy/Large,-ri Ending,kʰuŋkʰwaŋ,8,5,7,5,2,5,210.0,1.88,5,8500.0,7.55,3,0,4,#800000,25.5,48.0,38.1,"Reflecting aspirated consonant /激音/ and dark vowel /陰性모음/ for a vector configuration of Weight 8, Time 5, and Flow 5.",,5,5,5,8,COMPOUND(복합・이종)
쿵쾅쿵쾅,kungkwangkungkwang,Repeated heavy or dark nuance of thundering rumble or heavy crash echo (쿵쾅쿵쾅).,Phenomime (Sound),Weather/Nature,Neutral,Voiced (Heavy),Dark/Heavy/Large,Reduplication,kʰuŋkʰwaŋkʰuŋkʰwaŋ,8,4,7,5,2,5,210.0,1.88,4,8500.0,7.55,3,0,4,#800000,25.5,48.0,38.1,"Reflecting aspirated consonant /激音/ and dark vowel /陰性모음/ for a vector configuration of Weight 8, Time 4, and Flow 5.",,5,5,5,1,REDUP(첩어・동일)
쿵쾅거리다,kungkwanggeorida,Continuous heavy motion of thundering rumble or heavy crash echo (쿵쾅거리다).,Phenomime (Sound),Weather/Nature,Neutral,Voiced (Heavy),Dark/Heavy/Large,Reduplication,kʰuŋkʰwaŋgʌrida,8,5,7,5,2,5,210.0,1.88,5,8500.0,7.55,3,0,4,#800000,25.5,48.0,38.1,"Reflecting aspirated consonant /激音/ and dark vowel /陰性모음/ for a vector configuration of Weight 8, Time 5, and Flow 5.",,5,5,5,8,COMPOUND(복합・이종)
쿵쾅대다,kungkwangdaeda,Repeated intense heavy action of thundering rumble or heavy crash echo (쿵쾅대다).,Phenomime (Sound),Weather/Nature,Neutral,Voiced (Heavy),Dark/Heavy/Large,Reduplication,kʰuŋkʰwaŋdɛda,8,5,7,5,2,5,210.0,1.88,5,8500.0,7.55,3,0,4,#800000,25.5,48.0,38.1,"Reflecting aspirated consonant /激音/ and dark vowel /陰性모음/ for a vector configuration of Weight 8, Time 5, and Flow 5.",,5,5,5,8,COMPOUND(복합・이종)
쿵쾅하다,kungkwanghada,Heavy or dark state of being thundering rumble or heavy crash echo (쿵쾅하다).,Phenomime (Sound),Weather/Nature,Neutral,Voiced (Heavy),Dark/Heavy/Large,-ri Ending,kʰuŋkʰwaŋhada,8,5,7,2,2,5,210.0,1.88,5,8500.0,7.55,3,0,4,#800000,25.5,48.0,38.1,"Reflecting aspirated consonant /激音/ and dark vowel /陰性모음/ for a vector configuration of Weight 8, Time 5, and Flow 2.",,5,5,5,8,COMPOUND(복합・이종)
우르릉쿵쾅,ureureungkungkwang,Alternating rhythm or variation of thundering rumble or heavy crash echo (우르릉쿵쾅).,Phenomime (Sound),Weather/Nature,Neutral,Unvoiced (Light),Bright/Light/Small,Reduplication,urɯrɯŋkʰuŋkʰwaŋ,8,5,7,5,2,5,210.0,1.88,5,8500.0,7.55,3,0,4,#4B3621,24.5,6.4,16.8,"Reflecting aspirated consonant /激音/ and dark vowel /陰性모음/ for a vector configuration of Weight 8, Time 5, and Flow 5.",,5,5,5,8,COMPOUND(복합・이종)
우뚝,uttug,Manner or sound of towering upright or standing tall/prominent (우뚝).,Psychomime (State/Manner),Density/Distance,Positive,Unvoiced (Light),Bright/Light/Small,-ri Ending,utʰ͈ug,7,8,7,7,2,3,240.0,2.22,8,3200.0,5.89,3,0,4,#4B3621,24.5,6.4,16.8,"Reflecting tense consonant /濃音/ and dark vowel /陰性모음/ for a vector configuration of Weight 7, Time 8, and Flow 7.",,5,5,5,8,COMPOUND(복합・이종)
우뚝우뚝,uttuguttug,"Repeated, continuous manner or sound of towering upright or standing tall/prominent (우뚝우뚝).",Psychomime (State/Manner),Density/Distance,Positive,Unvoiced (Light),Bright/Light/Small,Reduplication,utʰ͈ugutʰ͈ug,7,8,7,7,2,3,240.0,2.22,8,3200.0,5.89,3,0,4,#4B3621,24.5,6.4,16.8,"Reflecting tense consonant /濃音/ and dark vowel /陰性모음/ for a vector configuration of Weight 7, Time 8, and Flow 7.",,5,5,5,1,REDUP(첩어・동일)
우뚝거리다,uttuggeorida,Continuous motion or action of towering upright or standing tall/prominent (우뚝거리다).,Psychomime (State/Manner),Density/Distance,Positive,Unvoiced (Light),Bright/Light/Small,Reduplication,utʰ͈uggʌrida,7,8,7,7,5,3,240.0,2.22,8,3200.0,5.89,3,0,4,#4B3621,24.5,6.4,16.8,"Reflecting tense consonant /濃音/ and dark vowel /陰性모음/ for a vector configuration of Weight 7, Time 8, and Flow 7.",,5,5,5,8,COMPOUND(복합・이종)
우뚝대다,uttugdaeda,"Repeated, intense action of towering upright or standing tall/prominent (우뚝대다).",Psychomime (State/Manner),Density/Distance,Positive,Unvoiced (Light),Bright/Light/Small,Reduplication,utʰ͈ugdɛda,7,8,7,7,5,3,240.0,2.22,8,3200.0,5.89,3,0,4,#4B3621,24.5,6.4,16.8,"Reflecting tense consonant /濃音/ and dark vowel /陰性모음/ for a vector configuration of Weight 7, Time 8, and Flow 7.",,5,5,5,8,COMPOUND(복합・이종)
우뚝이다,uttugida,Motion or state of towering upright or standing tall/prominent (우뚝이다).,Psychomime (State/Manner),Density/Distance,Positive,Unvoiced (Light),Bright/Light/Small,-ri Ending,utʰ͈ugida,7,8,7,7,5,3,240.0,2.22,8,3200.0,5.89,3,0,4,#4B3621,24.5,6.4,16.8,"Reflecting tense consonant /濃音/ and dark vowel /陰性모음/ for a vector configuration of Weight 7, Time 8, and Flow 7.",,5,5,5,8,COMPOUND(복합・이종)
우뚝하다,uttughada,State or quality of being towering upright or standing tall/prominent (우뚝하다).,Psychomime (State/Manner),Density/Distance,Positive,Unvoiced (Light),Bright/Light/Small,-ri Ending,utʰ͈ughada,7,8,7,2,5,3,240.0,2.22,8,3200.0,5.89,3,0,4,#4B3621,24.5,6.4,16.8,"Reflecting tense consonant /濃音/ and dark vowel /陰性모음/ for a vector configuration of Weight 7, Time 8, and Flow 2.",,5,5,5,8,COMPOUND(복합・이종)
우뚝이,uttugi,Adverbial state of towering upright or standing tall/prominent (우뚝이).,Psychomime (State/Manner),Density/Distance,Positive,Unvoiced (Light),Bright/Light/Small,-ri Ending,utʰ͈ugi,7,8,7,7,5,3,240.0,2.22,8,3200.0,5.89,3,0,4,#4B3621,24.5,6.4,16.8,"Reflecting tense consonant /濃音/ and dark vowel /陰性모음/ for a vector configuration of Weight 7, Time 8, and Flow 7.",,5,5,5,8,COMPOUND(복합・이종)
으뜸,eutteum,Heavy or dark nuance of towering upright or standing tall/prominent (으뜸).,Psychomime (State/Manner),Density/Distance,Positive,Voiced (Heavy),Dark/Heavy/Large,-ri Ending,ɯtʰ͈ɯm,8,5,7,7,5,5,210.0,1.88,5,3200.0,5.89,3,0,4,#800000,25.5,48.0,38.1,"Reflecting tense consonant /濃音/ and dark vowel /陰性모음/ for a vector configuration of Weight 8, Time 5, and Flow 7.",,5,5,5,8,COMPOUND(복합・이종)
으뜸으뜸,eutteumeutteum,Repeated heavy or dark nuance of towering upright or standing tall/prominent (으뜸으뜸).,Psychomime (State/Manner),Density/Distance,Positive,Voiced (Heavy),Dark/Heavy/Large,Reduplication,ɯtʰ͈ɯmɯtʰ͈ɯm,8,4,7,7,5,5,210.0,1.88,4,3200.0,5.89,3,0,4,#800000,25.5,48.0,38.1,"Reflecting tense consonant /濃音/ and dark vowel /陰性모음/ for a vector configuration of Weight 8, Time 4, and Flow 7.",,5,5,5,1,REDUP(첩어・동일)
으뜸거리다,eutteumgeorida,Continuous heavy motion of towering upright or standing tall/prominent (으뜸거리다).,Psychomime (State/Manner),Density/Distance,Positive,Voiced (Heavy),Dark/Heavy/Large,Reduplication,ɯtʰ͈ɯmgʌrida,8,5,7,7,5,5,210.0,1.88,5,3200.0,5.89,3,0,4,#800000,25.5,48.0,38.1,"Reflecting tense consonant /濃音/ and dark vowel /陰性모음/ for a vector configuration of Weight 8, Time 5, and Flow 7.",,5,5,5,8,COMPOUND(복합・이종)
으뜸대다,eutteumdaeda,Repeated intense heavy action of towering upright or standing tall/prominent (으뜸대다).,Psychomime (State/Manner),Density/Distance,Positive,Voiced (Heavy),Dark/Heavy/Large,Reduplication,ɯtʰ͈ɯmdɛda,8,5,7,7,5,5,210.0,1.88,5,3200.0,5.89,3,0,4,#800000,25.5,48.0,38.1,"Reflecting tense consonant /濃音/ and dark vowel /陰性모음/ for a vector configuration of Weight 8, Time 5, and Flow 7.",,5,5,5,8,COMPOUND(복합・이종)
으뜸하다,eutteumhada,Heavy or dark state of being towering upright or standing tall/prominent (으뜸하다).,Psychomime (State/Manner),Density/Distance,Positive,Voiced (Heavy),Dark/Heavy/Large,-ri Ending,ɯtʰ͈ɯmhada,8,5,7,2,5,5,210.0,1.88,5,3200.0,5.89,3,0,4,#800000,25.5,48.0,38.1,"Reflecting tense consonant /濃音/ and dark vowel /陰性모음/ for a vector configuration of Weight 8, Time 5, and Flow 2.",,5,5,5,8,COMPOUND(복합・이종)
우뚝으뜸,uttugeutteum,Alternating rhythm or variation of towering upright or standing tall/prominent (우뚝으뜸).,Psychomime (State/Manner),Density/Distance,Positive,Unvoiced (Light),Bright/Light/Small,Reduplication,utʰ͈ugɯtʰ͈ɯm,7,8,7,7,5,5,240.0,2.22,8,3200.0,5.89,3,0,4,#4B3621,24.5,6.4,16.8,"Reflecting tense consonant /濃音/ and dark vowel /陰性모음/ for a vector configuration of Weight 7, Time 8, and Flow 7.",,5,5,5,8,COMPOUND(복합・이종)
오돌토돌,odoltodol,"Manner or sound of bumpy, pimpled, or coarse rough surface (오돌토돌).",Psychomime (State/Manner),Texture,Negative,Unvoiced (Light),Bright/Light/Small,-ri Ending,odoltʰodol,3,5,7,2,2,3,1500.0,6.86,5,3200.0,5.89,3,0,4,#708090,52.8,-2.1,-10.6,"Reflecting aspirated consonant /激音/ and bright vowel /陽性모음/ for a vector configuration of Weight 3, Time 5, and Flow 2.",,5,5,5,8,COMPOUND(복합・이종)
오돌토돌오돌토돌,odoltodolodoltodol,"Repeated, continuous manner or sound of bumpy, pimpled, or coarse rough surface (오돌토돌오돌토돌).",Psychomime (State/Manner),Texture,Negative,Unvoiced (Light),Bright/Light/Small,Reduplication,odoltʰodolodoltʰodol,3,4,7,2,2,3,1500.0,6.86,4,3200.0,5.89,3,0,4,#708090,52.8,-2.1,-10.6,"Reflecting aspirated consonant /激音/ and bright vowel /陽性모음/ for a vector configuration of Weight 3, Time 4, and Flow 2.",,5,5,5,1,REDUP(첩어・동일)
오돌토돌거리다,odoltodolgeorida,"Continuous motion or action of bumpy, pimpled, or coarse rough surface (오돌토돌거리다).",Psychomime (State/Manner),Texture,Negative,Unvoiced (Light),Bright/Light/Small,Reduplication,odoltʰodolgʌrida,7,5,7,2,5,3,240.0,2.22,5,3200.0,5.89,3,0,4,#4B3621,24.5,6.4,16.8,"Reflecting aspirated consonant /激音/ and dark vowel /陰性모음/ for a vector configuration of Weight 7, Time 5, and Flow 2.",,5,5,5,8,COMPOUND(복합・이종)
오돌토돌대다,odoltodoldaeda,"Repeated, intense action of bumpy, pimpled, or coarse rough surface (오돌토돌대다).",Psychomime (State/Manner),Texture,Negative,Unvoiced (Light),Bright/Light/Small,Reduplication,odoltʰodoldɛda,3,5,7,2,5,3,1500.0,6.86,5,3200.0,5.89,3,0,4,#708090,52.8,-2.1,-10.6,"Reflecting aspirated consonant /激音/ and bright vowel /陽性모음/ for a vector configuration of Weight 3, Time 5, and Flow 2.",,5,5,5,8,COMPOUND(복합・이종)
오돌토돌이다,odoltodolida,"Motion or state of bumpy, pimpled, or coarse rough surface (오돌토돌이다).",Psychomime (State/Manner),Texture,Negative,Unvoiced (Light),Bright/Light/Small,-ri Ending,odoltʰodolida,3,5,7,2,5,3,1500.0,6.86,5,3200.0,5.89,3,0,4,#708090,52.8,-2.1,-10.6,"Reflecting aspirated consonant /激音/ and bright vowel /陽性모음/ for a vector configuration of Weight 3, Time 5, and Flow 2.",,5,5,5,8,COMPOUND(복합・이종)
오돌토돌하다,odoltodolhada,"State or quality of being bumpy, pimpled, or coarse rough surface (오돌토돌하다).",Psychomime (State/Manner),Texture,Negative,Unvoiced (Light),Bright/Light/Small,-ri Ending,odoltʰodolhada,3,5,7,2,5,3,1500.0,6.86,5,3200.0,5.89,3,0,4,#708090,52.8,-2.1,-10.6,"Reflecting aspirated consonant /激音/ and bright vowel /陽性모음/ for a vector configuration of Weight 3, Time 5, and Flow 2.",,5,5,5,8,COMPOUND(복합・이종)
오돌토돌이,odoltodoli,"Adverbial state of bumpy, pimpled, or coarse rough surface (오돌토돌이).",Psychomime (State/Manner),Texture,Negative,Unvoiced (Light),Bright/Light/Small,-ri Ending,odoltʰodoli,3,5,7,2,5,3,1500.0,6.86,5,3200.0,5.89,3,0,4,#708090,52.8,-2.1,-10.6,"Reflecting aspirated consonant /激音/ and bright vowel /陽性모음/ for a vector configuration of Weight 3, Time 5, and Flow 2.",,5,5,5,8,COMPOUND(복합・이종)
울퉁불퉁,ultungbultung,"Heavy or dark nuance of bumpy, pimpled, or coarse rough surface (울퉁불퉁).",Psychomime (State/Manner),Texture,Negative,Voiced (Heavy),Dark/Heavy/Large,-ri Ending,ultʰuŋbultʰuŋ,8,5,7,2,5,5,210.0,1.88,5,3200.0,5.89,3,0,4,#800000,25.5,48.0,38.1,"Reflecting aspirated consonant /激音/ and dark vowel /陰性모음/ for a vector configuration of Weight 8, Time 5, and Flow 2.",,5,5,5,8,COMPOUND(복합・이종)
울퉁불퉁울퉁불퉁,ultungbultungultungbultung,"Repeated heavy or dark nuance of bumpy, pimpled, or coarse rough surface (울퉁불퉁울퉁불퉁).",Psychomime (State/Manner),Texture,Negative,Voiced (Heavy),Dark/Heavy/Large,Reduplication,ultʰuŋbultʰuŋultʰuŋbultʰuŋ,8,4,7,2,5,5,210.0,1.88,4,3200.0,5.89,3,0,4,#800000,25.5,48.0,38.1,"Reflecting aspirated consonant /激音/ and dark vowel /陰性모음/ for a vector configuration of Weight 8, Time 4, and Flow 2.",,5,5,5,1,REDUP(첩어・동일)
울퉁불퉁거리다,ultungbultunggeorida,"Continuous heavy motion of bumpy, pimpled, or coarse rough surface (울퉁불퉁거리다).",Psychomime (State/Manner),Texture,Negative,Voiced (Heavy),Dark/Heavy/Large,Reduplication,ultʰuŋbultʰuŋgʌrida,8,5,7,2,5,5,210.0,1.88,5,3200.0,5.89,3,0,4,#800000,25.5,48.0,38.1,"Reflecting aspirated consonant /激音/ and dark vowel /陰性모음/ for a vector configuration of Weight 8, Time 5, and Flow 2.",,5,5,5,8,COMPOUND(복합・이종)
울퉁불퉁대다,ultungbultungdaeda,"Repeated intense heavy action of bumpy, pimpled, or coarse rough surface (울퉁불퉁대다).",Psychomime (State/Manner),Texture,Negative,Voiced (Heavy),Dark/Heavy/Large,Reduplication,ultʰuŋbultʰuŋdɛda,8,5,7,2,5,5,210.0,1.88,5,3200.0,5.89,3,0,4,#800000,25.5,48.0,38.1,"Reflecting aspirated consonant /激音/ and dark vowel /陰性모음/ for a vector configuration of Weight 8, Time 5, and Flow 2.",,5,5,5,8,COMPOUND(복합・이종)
울퉁불퉁하다,ultungbultunghada,"Heavy or dark state of being bumpy, pimpled, or coarse rough surface (울퉁불퉁하다).",Psychomime (State/Manner),Texture,Negative,Voiced (Heavy),Dark/Heavy/Large,-ri Ending,ultʰuŋbultʰuŋhada,8,5,7,2,5,5,210.0,1.88,5,3200.0,5.89,3,0,4,#800000,25.5,48.0,38.1,"Reflecting aspirated consonant /激音/ and dark vowel /陰性모음/ for a vector configuration of Weight 8, Time 5, and Flow 2.",,5,5,5,8,COMPOUND(복합・이종)
오돌토돌울퉁불퉁,odoltodolultungbultung,"Alternating rhythm or variation of bumpy, pimpled, or coarse rough surface (오돌토돌울퉁불퉁).",Psychomime (State/Manner),Texture,Negative,Unvoiced (Light),Bright/Light/Small,Reduplication,odoltʰodolultʰuŋbultʰuŋ,7,5,7,2,5,5,240.0,2.22,5,3200.0,5.89,3,0,4,#4B3621,24.5,6.4,16.8,"Reflecting aspirated consonant /激音/ and dark vowel /陰性모음/ for a vector configuration of Weight 7, Time 5, and Flow 2.",,5,5,5,8,COMPOUND(복합・이종)
들쑥날쑥,deulssugnalssug,"Manner or sound of uneven, jagged, or fluctuating row (들쑥날쑥).",Psychomime (State/Manner),Density/Distance,Neutral,Unvoiced (Light),Bright/Light/Small,-ri Ending,dɯls͈ugnals͈ug,7,8,7,2,2,5,240.0,2.22,8,3200.0,5.89,3,0,4,#4B3621,24.5,6.4,16.8,"Reflecting tense consonant /濃音/ and dark vowel /陰性모음/ for a vector configuration of Weight 7, Time 8, and Flow 2.",,5,5,5,8,COMPOUND(복합・이종)
들쑥날쑥들쑥날쑥,deulssugnalssugdeulssugnalssug,"Repeated, continuous manner or sound of uneven, jagged, or fluctuating row (들쑥날쑥들쑥날쑥).",Psychomime (State/Manner),Density/Distance,Neutral,Unvoiced (Light),Bright/Light/Small,Reduplication,dɯls͈ugnals͈ugdɯls͈ugnals͈ug,7,8,7,2,2,5,240.0,2.22,8,3200.0,5.89,3,0,4,#4B3621,24.5,6.4,16.8,"Reflecting tense consonant /濃音/ and dark vowel /陰性모음/ for a vector configuration of Weight 7, Time 8, and Flow 2.",,5,5,5,1,REDUP(첩어・동일)
들쑥날쑥거리다,deulssugnalssuggeorida,"Continuous motion or action of uneven, jagged, or fluctuating row (들쑥날쑥거리다).",Psychomime (State/Manner),Density/Distance,Neutral,Unvoiced (Light),Bright/Light/Small,Reduplication,dɯls͈ugnals͈uggʌrida,7,8,7,2,5,5,240.0,2.22,8,3200.0,5.89,3,0,4,#4B3621,24.5,6.4,16.8,"Reflecting tense consonant /濃音/ and dark vowel /陰性모음/ for a vector configuration of Weight 7, Time 8, and Flow 2.",,5,5,5,8,COMPOUND(복합・이종)
들쑥날쑥대다,deulssugnalssugdaeda,"Repeated, intense action of uneven, jagged, or fluctuating row (들쑥날쑥대다).",Psychomime (State/Manner),Density/Distance,Neutral,Unvoiced (Light),Bright/Light/Small,Reduplication,dɯls͈ugnals͈ugdɛda,7,8,7,2,5,5,240.0,2.22,8,3200.0,5.89,3,0,4,#4B3621,24.5,6.4,16.8,"Reflecting tense consonant /濃音/ and dark vowel /陰性모음/ for a vector configuration of Weight 7, Time 8, and Flow 2.",,5,5,5,8,COMPOUND(복합・이종)
들쑥날쑥이다,deulssugnalssugida,"Motion or state of uneven, jagged, or fluctuating row (들쑥날쑥이다).",Psychomime (State/Manner),Density/Distance,Neutral,Unvoiced (Light),Bright/Light/Small,-ri Ending,dɯls͈ugnals͈ugida,7,8,7,2,5,5,240.0,2.22,8,3200.0,5.89,3,0,4,#4B3621,24.5,6.4,16.8,"Reflecting tense consonant /濃音/ and dark vowel /陰性모음/ for a vector configuration of Weight 7, Time 8, and Flow 2.",,5,5,5,8,COMPOUND(복합・이종)
들쑥날쑥하다,deulssugnalssughada,"State or quality of being uneven, jagged, or fluctuating row (들쑥날쑥하다).",Psychomime (State/Manner),Density/Distance,Neutral,Unvoiced (Light),Bright/Light/Small,-ri Ending,dɯls͈ugnals͈ughada,7,8,7,2,5,5,240.0,2.22,8,3200.0,5.89,3,0,4,#4B3621,24.5,6.4,16.8,"Reflecting tense consonant /濃音/ and dark vowel /陰性모음/ for a vector configuration of Weight 7, Time 8, and Flow 2.",,5,5,5,8,COMPOUND(복합・이종)
들쑥날쑥이,deulssugnalssugi,"Adverbial state of uneven, jagged, or fluctuating row (들쑥날쑥이).",Psychomime (State/Manner),Density/Distance,Neutral,Unvoiced (Light),Bright/Light/Small,-ri Ending,dɯls͈ugnals͈ugi,7,8,7,2,5,5,240.0,2.22,8,3200.0,5.89,3,0,4,#4B3621,24.5,6.4,16.8,"Reflecting tense consonant /濃音/ and dark vowel /陰性모음/ for a vector configuration of Weight 7, Time 8, and Flow 2.",,5,5,5,8,COMPOUND(복합・이종)
들쑥날쑥울퉁불퉁,deulssugnalssugultungbultung,"Alternating rhythm or variation of uneven, jagged, or fluctuating row (들쑥날쑥울퉁불퉁).",Psychomime (State/Manner),Density/Distance,Neutral,Unvoiced (Light),Bright/Light/Small,Reduplication,dɯls͈ugnals͈ugultʰuŋbultʰuŋ,7,8,7,2,5,5,240.0,2.22,8,3200.0,5.89,3,0,4,#4B3621,24.5,6.4,16.8,"Reflecting aspirated consonant /激音/ and dark vowel /陰性모음/ for a vector configuration of Weight 7, Time 8, and Flow 2.",,5,5,5,8,COMPOUND(복합・이종)
너풀너풀,neopulneopul,"Manner or sound of fluttering, waving, or flapping lightly in air (너풀너풀).",Psychomime (State/Manner),Dynamics,Positive,Unvoiced (Light),Bright/Light/Small,-ri Ending,nʌpʰulnʌpʰul,4,4,7,2,2,5,1200.0,6.29,4,3200.0,5.89,6,0,4,#FFD700,86.9,-1.9,87.1,"Reflecting aspirated consonant /激音/ and dark vowel /陰性모음/ for a vector configuration of Weight 4, Time 4, and Flow 2.",,5,5,5,1,REDUP(첩어・동일)
너풀너풀너풀너풀,neopulneopulneopulneopul,"Repeated, continuous manner or sound of fluttering, waving, or flapping lightly in air (너풀너풀너풀너풀).",Psychomime (State/Manner),Dynamics,Positive,Unvoiced (Light),Bright/Light/Small,Reduplication,nʌpʰulnʌpʰulnʌpʰulnʌpʰul,4,4,7,2,2,5,1200.0,6.29,4,3200.0,5.89,6,0,4,#FFD700,86.9,-1.9,87.1,"Reflecting aspirated consonant /激音/ and dark vowel /陰性모음/ for a vector configuration of Weight 4, Time 4, and Flow 2.",,5,5,5,1,REDUP(첩어・동일)
너풀너풀거리다,neopulneopulgeorida,"Continuous motion or action of fluttering, waving, or flapping lightly in air (너풀너풀거리다).",Psychomime (State/Manner),Dynamics,Positive,Unvoiced (Light),Bright/Light/Small,Reduplication,nʌpʰulnʌpʰulgʌrida,4,5,7,2,5,5,1200.0,6.29,5,3200.0,5.89,6,0,4,#FFD700,86.9,-1.9,87.1,"Reflecting aspirated consonant /激音/ and dark vowel /陰性모음/ for a vector configuration of Weight 4, Time 5, and Flow 2.",,5,5,5,8,COMPOUND(복합・이종)
너풀너풀대다,neopulneopuldaeda,"Repeated, intense action of fluttering, waving, or flapping lightly in air (너풀너풀대다).",Psychomime (State/Manner),Dynamics,Positive,Unvoiced (Light),Bright/Light/Small,Reduplication,nʌpʰulnʌpʰuldɛda,4,5,7,2,5,5,1200.0,6.29,5,3200.0,5.89,6,0,4,#FFD700,86.9,-1.9,87.1,"Reflecting aspirated consonant /激音/ and dark vowel /陰性모음/ for a vector configuration of Weight 4, Time 5, and Flow 2.",,5,5,5,8,COMPOUND(복합・이종)
너풀너풀이다,neopulneopulida,"Motion or state of fluttering, waving, or flapping lightly in air (너풀너풀이다).",Psychomime (State/Manner),Dynamics,Positive,Unvoiced (Light),Bright/Light/Small,-ri Ending,nʌpʰulnʌpʰulida,4,5,7,2,5,5,1200.0,6.29,5,3200.0,5.89,6,0,4,#FFD700,86.9,-1.9,87.1,"Reflecting aspirated consonant /激音/ and dark vowel /陰性모음/ for a vector configuration of Weight 4, Time 5, and Flow 2.",,5,5,5,8,COMPOUND(복합・이종)
너풀너풀하다,neopulneopulhada,"State or quality of being fluttering, waving, or flapping lightly in air (너풀너풀하다).",Psychomime (State/Manner),Dynamics,Positive,Unvoiced (Light),Bright/Light/Small,-ri Ending,nʌpʰulnʌpʰulhada,4,5,7,2,5,5,1200.0,6.29,5,3200.0,5.89,6,0,4,#FFD700,86.9,-1.9,87.1,"Reflecting aspirated consonant /激音/ and dark vowel /陰性모음/ for a vector configuration of Weight 4, Time 5, and Flow 2.",,5,5,5,8,COMPOUND(복합・이종)
너풀너풀이,neopulneopuli,"Adverbial state of fluttering, waving, or flapping lightly in air (너풀너풀이).",Psychomime (State/Manner),Dynamics,Positive,Unvoiced (Light),Bright/Light/Small,-ri Ending,nʌpʰulnʌpʰuli,4,5,7,2,5,5,1200.0,6.29,5,3200.0,5.89,6,0,4,#FFD700,86.9,-1.9,87.1,"Reflecting aspirated consonant /激音/ and dark vowel /陰性모음/ for a vector configuration of Weight 4, Time 5, and Flow 2.",,5,5,5,8,COMPOUND(복합・이종)
나풀나풀,napulnapul,"Heavy or dark nuance of fluttering, waving, or flapping lightly in air (나풀나풀).",Psychomime (State/Manner),Dynamics,Positive,Voiced (Heavy),Dark/Heavy/Large,-ri Ending,napʰulnapʰul,5,4,7,2,5,5,300.0,2.78,4,3200.0,5.89,6,0,4,#FFD700,86.9,-1.9,87.1,"Reflecting aspirated consonant /激音/ and dark vowel /陰性모음/ for a vector configuration of Weight 5, Time 4, and Flow 2.",,5,5,5,1,REDUP(첩어・동일)
나풀나풀나풀나풀,napulnapulnapulnapul,"Repeated heavy or dark nuance of fluttering, waving, or flapping lightly in air (나풀나풀나풀나풀).",Psychomime (State/Manner),Dynamics,Positive,Voiced (Heavy),Dark/Heavy/Large,Reduplication,napʰulnapʰulnapʰulnapʰul,5,4,7,2,5,5,300.0,2.78,4,3200.0,5.89,6,0,4,#FFD700,86.9,-1.9,87.1,"Reflecting aspirated consonant /激音/ and dark vowel /陰性모음/ for a vector configuration of Weight 5, Time 4, and Flow 2.",,5,5,5,1,REDUP(첩어・동일)
나풀나풀거리다,napulnapulgeorida,"Continuous heavy motion of fluttering, waving, or flapping lightly in air (나풀나풀거리다).",Psychomime (State/Manner),Dynamics,Positive,Voiced (Heavy),Dark/Heavy/Large,Reduplication,napʰulnapʰulgʌrida,5,5,7,2,5,5,300.0,2.78,5,3200.0,5.89,6,0,4,#FFD700,86.9,-1.9,87.1,"Reflecting aspirated consonant /激音/ and dark vowel /陰性모음/ for a vector configuration of Weight 5, Time 5, and Flow 2.",,5,5,5,8,COMPOUND(복합・이종)
나풀나풀대다,napulnapuldaeda,"Repeated intense heavy action of fluttering, waving, or flapping lightly in air (나풀나풀대다).",Psychomime (State/Manner),Dynamics,Positive,Voiced (Heavy),Dark/Heavy/Large,Reduplication,napʰulnapʰuldɛda,5,5,7,2,5,5,300.0,2.78,5,3200.0,5.89,6,0,4,#FFD700,86.9,-1.9,87.1,"Reflecting aspirated consonant /激音/ and dark vowel /陰性모음/ for a vector configuration of Weight 5, Time 5, and Flow 2.",,5,5,5,8,COMPOUND(복합・이종)
나풀나풀하다,napulnapulhada,"Heavy or dark state of being fluttering, waving, or flapping lightly in air (나풀나풀하다).",Psychomime (State/Manner),Dynamics,Positive,Voiced (Heavy),Dark/Heavy/Large,-ri Ending,napʰulnapʰulhada,5,5,7,2,5,5,300.0,2.78,5,3200.0,5.89,6,0,4,#FFD700,86.9,-1.9,87.1,"Reflecting aspirated consonant /激音/ and dark vowel /陰性모음/ for a vector configuration of Weight 5, Time 5, and Flow 2.",,5,5,5,8,COMPOUND(복합・이종)
너풀너풀나풀나풀,neopulneopulnapulnapul,"Alternating rhythm or variation of fluttering, waving, or flapping lightly in air (너풀너풀나풀나풀).",Psychomime (State/Manner),Dynamics,Positive,Unvoiced (Light),Bright/Light/Small,Reduplication,nʌpʰulnʌpʰulnapʰulnapʰul,4,5,7,2,5,5,1200.0,6.29,5,3200.0,5.89,6,0,4,#FFD700,86.9,-1.9,87.1,"Reflecting aspirated consonant /激音/ and dark vowel /陰性모음/ for a vector configuration of Weight 4, Time 5, and Flow 2.",,5,5,5,8,COMPOUND(복합・이종)
훨훨,hwolhwol,Manner or sound of flying high freely or shaking off burden (훨훨).,Psychomime (State/Manner),Dynamics,Positive,Unvoiced (Light),Bright/Light/Small,-ri Ending,hwolhwol,5,5,4,2,3,3,900.0,5.56,5,3200.0,5.89,3,0,4,#708090,52.8,-2.1,-10.6,"Reflecting plain consonant /平音/ and dark vowel /陰性모음/ for a vector configuration of Weight 5, Time 5, and Flow 2.",,5,5,5,8,COMPOUND(복합・이종)
훨훨훨훨,hwolhwolhwolhwol,"Repeated, continuous manner or sound of flying high freely or shaking off burden (훨훨훨훨).",Psychomime (State/Manner),Dynamics,Positive,Unvoiced (Light),Bright/Light/Small,Reduplication,hwolhwolhwolhwol,5,4,4,2,3,3,900.0,5.56,4,3200.0,5.89,3,0,4,#708090,52.8,-2.1,-10.6,"Reflecting plain consonant /平音/ and dark vowel /陰性모음/ for a vector configuration of Weight 5, Time 4, and Flow 2.",,5,5,5,1,REDUP(첩어・동일)
훨훨거리다,hwolhwolgeorida,Continuous motion or action of flying high freely or shaking off burden (훨훨거리다).,Psychomime (State/Manner),Dynamics,Positive,Unvoiced (Light),Bright/Light/Small,Reduplication,hwolhwolgʌrida,5,5,4,2,5,3,900.0,5.56,5,3200.0,5.89,3,0,4,#708090,52.8,-2.1,-10.6,"Reflecting plain consonant /平音/ and dark vowel /陰性모음/ for a vector configuration of Weight 5, Time 5, and Flow 2.",,5,5,5,8,COMPOUND(복합・이종)
훨훨대다,hwolhwoldaeda,"Repeated, intense action of flying high freely or shaking off burden (훨훨대다).",Psychomime (State/Manner),Dynamics,Positive,Unvoiced (Light),Bright/Light/Small,Reduplication,hwolhwoldɛda,5,5,4,2,5,3,900.0,5.56,5,3200.0,5.89,3,0,4,#708090,52.8,-2.1,-10.6,"Reflecting plain consonant /平音/ and dark vowel /陰性모음/ for a vector configuration of Weight 5, Time 5, and Flow 2.",,5,5,5,8,COMPOUND(복합・이종)
훨훨이다,hwolhwolida,Motion or state of flying high freely or shaking off burden (훨훨이다).,Psychomime (State/Manner),Dynamics,Positive,Unvoiced (Light),Bright/Light/Small,-ri Ending,hwolhwolida,5,5,4,2,5,3,900.0,5.56,5,3200.0,5.89,3,0,4,#708090,52.8,-2.1,-10.6,"Reflecting plain consonant /平音/ and dark vowel /陰性모음/ for a vector configuration of Weight 5, Time 5, and Flow 2.",,5,5,5,8,COMPOUND(복합・이종)
훨훨하다,hwolhwolhada,State or quality of being flying high freely or shaking off burden (훨훨하다).,Psychomime (State/Manner),Dynamics,Positive,Unvoiced (Light),Bright/Light/Small,-ri Ending,hwolhwolhada,5,5,4,2,5,3,900.0,5.56,5,3200.0,5.89,3,0,4,#708090,52.8,-2.1,-10.6,"Reflecting plain consonant /平音/ and dark vowel /陰性모음/ for a vector configuration of Weight 5, Time 5, and Flow 2.",,5,5,5,8,COMPOUND(복합・이종)
훨훨이,hwolhwoli,Adverbial state of flying high freely or shaking off burden (훨훨이).,Psychomime (State/Manner),Dynamics,Positive,Unvoiced (Light),Bright/Light/Small,-ri Ending,hwolhwoli,5,5,4,2,5,3,900.0,5.56,5,3200.0,5.89,3,0,4,#708090,52.8,-2.1,-10.6,"Reflecting plain consonant /平音/ and dark vowel /陰性모음/ for a vector configuration of Weight 5, Time 5, and Flow 2.",,5,5,5,8,COMPOUND(복합・이종)
훌훌,hulhul,Heavy or dark nuance of flying high freely or shaking off burden (훌훌).,Psychomime (State/Manner),Dynamics,Positive,Voiced (Heavy),Dark/Heavy/Large,-ri Ending,hulhul,8,5,4,2,5,3,210.0,1.88,5,3200.0,5.89,3,0,4,#800000,25.5,48.0,38.1,"Reflecting plain consonant /平音/ and dark vowel /陰性모음/ for a vector configuration of Weight 8, Time 5, and Flow 2.",,5,5,5,8,COMPOUND(복합・이종)
훌훌훌훌,hulhulhulhul,Repeated heavy or dark nuance of flying high freely or shaking off burden (훌훌훌훌).,Psychomime (State/Manner),Dynamics,Positive,Voiced (Heavy),Dark/Heavy/Large,Reduplication,hulhulhulhul,8,4,4,2,5,3,210.0,1.88,4,3200.0,5.89,3,0,4,#800000,25.5,48.0,38.1,"Reflecting plain consonant /平音/ and dark vowel /陰性모음/ for a vector configuration of Weight 8, Time 4, and Flow 2.",,5,5,5,1,REDUP(첩어・동일)
훌훌거리다,hulhulgeorida,Continuous heavy motion of flying high freely or shaking off burden (훌훌거리다).,Psychomime (State/Manner),Dynamics,Positive,Voiced (Heavy),Dark/Heavy/Large,Reduplication,hulhulgʌrida,8,5,4,2,5,3,210.0,1.88,5,3200.0,5.89,3,0,4,#800000,25.5,48.0,38.1,"Reflecting plain consonant /平音/ and dark vowel /陰性모음/ for a vector configuration of Weight 8, Time 5, and Flow 2.",,5,5,5,8,COMPOUND(복합・이종)
훌훌대다,hulhuldaeda,Repeated intense heavy action of flying high freely or shaking off burden (훌훌대다).,Psychomime (State/Manner),Dynamics,Positive,Voiced (Heavy),Dark/Heavy/Large,Reduplication,hulhuldɛda,8,5,4,2,5,3,210.0,1.88,5,3200.0,5.89,3,0,4,#800000,25.5,48.0,38.1,"Reflecting plain consonant /平音/ and dark vowel /陰性모음/ for a vector configuration of Weight 8, Time 5, and Flow 2.",,5,5,5,8,COMPOUND(복합・이종)
훌훌하다,hulhulhada,Heavy or dark state of being flying high freely or shaking off burden (훌훌하다).,Psychomime (State/Manner),Dynamics,Positive,Voiced (Heavy),Dark/Heavy/Large,-ri Ending,hulhulhada,8,5,4,2,5,3,210.0,1.88,5,3200.0,5.89,3,0,4,#800000,25.5,48.0,38.1,"Reflecting plain consonant /平音/ and dark vowel /陰性모음/ for a vector configuration of Weight 8, Time 5, and Flow 2.",,5,5,5,8,COMPOUND(복합・이종)
훨훨훌훌,hwolhwolhulhul,Alternating rhythm or variation of flying high freely or shaking off burden (훨훨훌훌).,Psychomime (State/Manner),Dynamics,Positive,Unvoiced (Light),Bright/Light/Small,Reduplication,hwolhwolhulhul,5,5,4,2,5,3,900.0,5.56,5,3200.0,5.89,3,0,4,#708090,52.8,-2.1,-10.6,"Reflecting plain consonant /平音/ and dark vowel /陰性모음/ for a vector configuration of Weight 5, Time 5, and Flow 2.",,5,5,5,8,COMPOUND(복합・이종)
소살소살,sosalsosal,Manner or sound of whispering or murmuring gently together (소살소살).,Phonomime (Voice),Silence,Positive,Unvoiced (Light),Bright/Light/Small,-ri Ending,sosalsosal,3,4,4,2,3,3,1500.0,6.86,4,800.0,3.53,3,0,4,#708090,52.8,-2.1,-10.6,"Reflecting plain consonant /平音/ and bright vowel /陽性모음/ for a vector configuration of Weight 3, Time 4, and Flow 2.",,5,5,5,1,REDUP(첩어・동일)
소살소살소살소살,sosalsosalsosalsosal,"Repeated, continuous manner or sound of whispering or murmuring gently together (소살소살소살소살).",Phonomime (Voice),Silence,Positive,Unvoiced (Light),Bright/Light/Small,Reduplication,sosalsosalsosalsosal,3,4,4,2,3,3,1500.0,6.86,4,800.0,3.53,3,0,4,#708090,52.8,-2.1,-10.6,"Reflecting plain consonant /平音/ and bright vowel /陽性모음/ for a vector configuration of Weight 3, Time 4, and Flow 2.",,5,5,5,1,REDUP(첩어・동일)
소살소살거리다,sosalsosalgeorida,Continuous motion or action of whispering or murmuring gently together (소살소살거리다).,Phonomime (Voice),Silence,Positive,Unvoiced (Light),Bright/Light/Small,Reduplication,sosalsosalgʌrida,5,5,4,2,5,3,900.0,5.56,5,800.0,3.53,3,0,4,#708090,52.8,-2.1,-10.6,"Reflecting plain consonant /平音/ and dark vowel /陰性모음/ for a vector configuration of Weight 5, Time 5, and Flow 2.",,5,5,5,8,COMPOUND(복합・이종)
소살소살대다,sosalsosaldaeda,"Repeated, intense action of whispering or murmuring gently together (소살소살대다).",Phonomime (Voice),Silence,Positive,Unvoiced (Light),Bright/Light/Small,Reduplication,sosalsosaldɛda,3,5,4,2,5,3,1500.0,6.86,5,800.0,3.53,3,0,4,#708090,52.8,-2.1,-10.6,"Reflecting plain consonant /平音/ and bright vowel /陽性모음/ for a vector configuration of Weight 3, Time 5, and Flow 2.",,5,5,5,8,COMPOUND(복합・이종)
소살소살이다,sosalsosalida,Motion or state of whispering or murmuring gently together (소살소살이다).,Phonomime (Voice),Silence,Positive,Unvoiced (Light),Bright/Light/Small,-ri Ending,sosalsosalida,3,5,4,2,5,3,1500.0,6.86,5,800.0,3.53,3,0,4,#708090,52.8,-2.1,-10.6,"Reflecting plain consonant /平音/ and bright vowel /陽性모음/ for a vector configuration of Weight 3, Time 5, and Flow 2.",,5,5,5,8,COMPOUND(복합・이종)
소살소살하다,sosalsosalhada,State or quality of being whispering or murmuring gently together (소살소살하다).,Phonomime (Voice),Silence,Positive,Unvoiced (Light),Bright/Light/Small,-ri Ending,sosalsosalhada,3,5,4,2,5,3,1500.0,6.86,5,800.0,3.53,3,0,4,#708090,52.8,-2.1,-10.6,"Reflecting plain consonant /平音/ and bright vowel /陽性모음/ for a vector configuration of Weight 3, Time 5, and Flow 2.",,5,5,5,8,COMPOUND(복합・이종)
소살소살이,sosalsosali,Adverbial state of whispering or murmuring gently together (소살소살이).,Phonomime (Voice),Silence,Positive,Unvoiced (Light),Bright/Light/Small,-ri Ending,sosalsosali,3,5,4,2,5,3,1500.0,6.86,5,800.0,3.53,3,0,4,#708090,52.8,-2.1,-10.6,"Reflecting plain consonant /平音/ and bright vowel /陽性모음/ for a vector configuration of Weight 3, Time 5, and Flow 2.",,5,5,5,8,COMPOUND(복합・이종)
수술수술,susulsusul,Heavy or dark nuance of whispering or murmuring gently together (수술수술).,Phonomime (Voice),Silence,Positive,Voiced (Heavy),Dark/Heavy/Large,-ri Ending,susulsusul,8,4,4,2,5,3,210.0,1.88,4,800.0,3.53,3,0,4,#800000,25.5,48.0,38.1,"Reflecting plain consonant /平音/ and dark vowel /陰性모음/ for a vector configuration of Weight 8, Time 4, and Flow 2.",,5,5,5,1,REDUP(첩어・동일)
수술수술수술수술,susulsusulsusulsusul,Repeated heavy or dark nuance of whispering or murmuring gently together (수술수술수술수술).,Phonomime (Voice),Silence,Positive,Voiced (Heavy),Dark/Heavy/Large,Reduplication,susulsusulsusulsusul,8,4,4,2,5,3,210.0,1.88,4,800.0,3.53,3,0,4,#800000,25.5,48.0,38.1,"Reflecting plain consonant /平音/ and dark vowel /陰性모음/ for a vector configuration of Weight 8, Time 4, and Flow 2.",,5,5,5,1,REDUP(첩어・동일)
수술수술거리다,susulsusulgeorida,Continuous heavy motion of whispering or murmuring gently together (수술수술거리다).,Phonomime (Voice),Silence,Positive,Voiced (Heavy),Dark/Heavy/Large,Reduplication,susulsusulgʌrida,8,5,4,2,5,3,210.0,1.88,5,800.0,3.53,3,0,4,#800000,25.5,48.0,38.1,"Reflecting plain consonant /平音/ and dark vowel /陰性모음/ for a vector configuration of Weight 8, Time 5, and Flow 2.",,5,5,5,8,COMPOUND(복합・이종)
수술수술대다,susulsusuldaeda,Repeated intense heavy action of whispering or murmuring gently together (수술수술대다).,Phonomime (Voice),Silence,Positive,Voiced (Heavy),Dark/Heavy/Large,Reduplication,susulsusuldɛda,8,5,4,2,5,3,210.0,1.88,5,800.0,3.53,3,0,4,#800000,25.5,48.0,38.1,"Reflecting plain consonant /平音/ and dark vowel /陰性모음/ for a vector configuration of Weight 8, Time 5, and Flow 2.",,5,5,5,8,COMPOUND(복합・이종)
수술수술하다,susulsusulhada,Heavy or dark state of being whispering or murmuring gently together (수술수술하다).,Phonomime (Voice),Silence,Positive,Voiced (Heavy),Dark/Heavy/Large,-ri Ending,susulsusulhada,8,5,4,2,5,3,210.0,1.88,5,800.0,3.53,3,0,4,#800000,25.5,48.0,38.1,"Reflecting plain consonant /平音/ and dark vowel /陰性모음/ for a vector configuration of Weight 8, Time 5, and Flow 2.",,5,5,5,8,COMPOUND(복합・이종)
소살소살수술수술,sosalsosalsusulsusul,Alternating rhythm or variation of whispering or murmuring gently together (소살소살수술수술).,Phonomime (Voice),Silence,Positive,Unvoiced (Light),Bright/Light/Small,Reduplication,sosalsosalsusulsusul,5,5,4,2,5,3,900.0,5.56,5,800.0,3.53,3,0,4,#708090,52.8,-2.1,-10.6,"Reflecting plain consonant /平音/ and dark vowel /陰性모음/ for a vector configuration of Weight 5, Time 5, and Flow 2.",,5,5,5,8,COMPOUND(복합・이종)
송알송알,songalsongal,Manner or sound of beading up in tiny droplets (sweat/dew) (송알송알).,Psychomime (State/Manner),Density/Distance,Positive,Unvoiced (Light),Bright/Light/Small,-ri Ending,soŋalsoŋal,3,4,4,2,3,8,1500.0,6.86,4,3200.0,5.89,3,0,4,#4682B4,52.5,-4.1,-32.2,"Reflecting plain consonant /平音/ and bright vowel /陽性모음/ for a vector configuration of Weight 3, Time 4, and Flow 2.",,5,5,5,1,REDUP(첩어・동일)
송알송알송알송알,songalsongalsongalsongal,"Repeated, continuous manner or sound of beading up in tiny droplets (sweat/dew) (송알송알송알송알).",Psychomime (State/Manner),Density/Distance,Positive,Unvoiced (Light),Bright/Light/Small,Reduplication,soŋalsoŋalsoŋalsoŋal,3,4,4,2,3,8,1500.0,6.86,4,3200.0,5.89,3,0,4,#4682B4,52.5,-4.1,-32.2,"Reflecting plain consonant /平音/ and bright vowel /陽性모음/ for a vector configuration of Weight 3, Time 4, and Flow 2.",,5,5,5,1,REDUP(첩어・동일)
송알송알거리다,songalsongalgeorida,Continuous motion or action of beading up in tiny droplets (sweat/dew) (송알송알거리다).,Psychomime (State/Manner),Density/Distance,Positive,Unvoiced (Light),Bright/Light/Small,Reduplication,soŋalsoŋalgʌrida,5,5,4,2,5,8,900.0,5.56,5,3200.0,5.89,3,0,4,#4682B4,52.5,-4.1,-32.2,"Reflecting plain consonant /平音/ and dark vowel /陰性모음/ for a vector configuration of Weight 5, Time 5, and Flow 2.",,5,5,5,8,COMPOUND(복합・이종)
송알송알대다,songalsongaldaeda,"Repeated, intense action of beading up in tiny droplets (sweat/dew) (송알송알대다).",Psychomime (State/Manner),Density/Distance,Positive,Unvoiced (Light),Bright/Light/Small,Reduplication,soŋalsoŋaldɛda,3,5,4,2,5,8,1500.0,6.86,5,3200.0,5.89,3,0,4,#4682B4,52.5,-4.1,-32.2,"Reflecting plain consonant /平音/ and bright vowel /陽性모음/ for a vector configuration of Weight 3, Time 5, and Flow 2.",,5,5,5,8,COMPOUND(복합・이종)
송알송알이다,songalsongalida,Motion or state of beading up in tiny droplets (sweat/dew) (송알송알이다).,Psychomime (State/Manner),Density/Distance,Positive,Unvoiced (Light),Bright/Light/Small,-ri Ending,soŋalsoŋalida,3,5,4,2,5,8,1500.0,6.86,5,3200.0,5.89,3,0,4,#4682B4,52.5,-4.1,-32.2,"Reflecting plain consonant /平音/ and bright vowel /陽性모음/ for a vector configuration of Weight 3, Time 5, and Flow 2.",,5,5,5,8,COMPOUND(복합・이종)
송알송알하다,songalsongalhada,State or quality of being beading up in tiny droplets (sweat/dew) (송알송알하다).,Psychomime (State/Manner),Density/Distance,Positive,Unvoiced (Light),Bright/Light/Small,-ri Ending,soŋalsoŋalhada,3,5,4,2,5,8,1500.0,6.86,5,3200.0,5.89,3,0,4,#4682B4,52.5,-4.1,-32.2,"Reflecting plain consonant /平音/ and bright vowel /陽性모음/ for a vector configuration of Weight 3, Time 5, and Flow 2.",,5,5,5,8,COMPOUND(복합・이종)
송알송알이,songalsongali,Adverbial state of beading up in tiny droplets (sweat/dew) (송알송알이).,Psychomime (State/Manner),Density/Distance,Positive,Unvoiced (Light),Bright/Light/Small,-ri Ending,soŋalsoŋali,3,5,4,2,5,8,1500.0,6.86,5,3200.0,5.89,3,0,4,#4682B4,52.5,-4.1,-32.2,"Reflecting plain consonant /平音/ and bright vowel /陽性모음/ for a vector configuration of Weight 3, Time 5, and Flow 2.",,5,5,5,8,COMPOUND(복합・이종)
방울방울,bangulbangul,Heavy or dark nuance of beading up in tiny droplets (sweat/dew) (방울방울).,Psychomime (State/Manner),Density/Distance,Positive,Voiced (Heavy),Dark/Heavy/Large,-ri Ending,baŋulbaŋul,8,4,4,2,5,8,210.0,1.88,4,3200.0,5.89,3,0,4,#800000,25.5,48.0,38.1,"Reflecting plain consonant /平音/ and dark vowel /陰性모음/ for a vector configuration of Weight 8, Time 4, and Flow 2.",,5,5,5,1,REDUP(첩어・동일)
방울방울방울방울,bangulbangulbangulbangul,Repeated heavy or dark nuance of beading up in tiny droplets (sweat/dew) (방울방울방울방울).,Psychomime (State/Manner),Density/Distance,Positive,Voiced (Heavy),Dark/Heavy/Large,Reduplication,baŋulbaŋulbaŋulbaŋul,8,4,4,2,5,8,210.0,1.88,4,3200.0,5.89,3,0,4,#800000,25.5,48.0,38.1,"Reflecting plain consonant /平音/ and dark vowel /陰性모음/ for a vector configuration of Weight 8, Time 4, and Flow 2.",,5,5,5,1,REDUP(첩어・동일)
방울방울거리다,bangulbangulgeorida,Continuous heavy motion of beading up in tiny droplets (sweat/dew) (방울방울거리다).,Psychomime (State/Manner),Density/Distance,Positive,Voiced (Heavy),Dark/Heavy/Large,Reduplication,baŋulbaŋulgʌrida,8,5,4,2,5,8,210.0,1.88,5,3200.0,5.89,3,0,4,#800000,25.5,48.0,38.1,"Reflecting plain consonant /平音/ and dark vowel /陰性모음/ for a vector configuration of Weight 8, Time 5, and Flow 2.",,5,5,5,8,COMPOUND(복합・이종)
방울방울대다,bangulbanguldaeda,Repeated intense heavy action of beading up in tiny droplets (sweat/dew) (방울방울대다).,Psychomime (State/Manner),Density/Distance,Positive,Voiced (Heavy),Dark/Heavy/Large,Reduplication,baŋulbaŋuldɛda,8,5,4,2,5,8,210.0,1.88,5,3200.0,5.89,3,0,4,#800000,25.5,48.0,38.1,"Reflecting plain consonant /平音/ and dark vowel /陰性모음/ for a vector configuration of Weight 8, Time 5, and Flow 2.",,5,5,5,8,COMPOUND(복합・이종)
방울방울하다,bangulbangulhada,Heavy or dark state of being beading up in tiny droplets (sweat/dew) (방울방울하다).,Psychomime (State/Manner),Density/Distance,Positive,Voiced (Heavy),Dark/Heavy/Large,-ri Ending,baŋulbaŋulhada,8,5,4,2,5,8,210.0,1.88,5,3200.0,5.89,3,0,4,#800000,25.5,48.0,38.1,"Reflecting plain consonant /平音/ and dark vowel /陰性모음/ for a vector configuration of Weight 8, Time 5, and Flow 2.",,5,5,5,8,COMPOUND(복합・이종)
송알송알방울방울,songalsongalbangulbangul,Alternating rhythm or variation of beading up in tiny droplets (sweat/dew) (송알송알방울방울).,Psychomime (State/Manner),Density/Distance,Positive,Unvoiced (Light),Bright/Light/Small,Reduplication,soŋalsoŋalbaŋulbaŋul,5,5,4,2,5,8,900.0,5.56,5,3200.0,5.89,3,0,4,#4682B4,52.5,-4.1,-32.2,"Reflecting plain consonant /平音/ and dark vowel /陰性모음/ for a vector configuration of Weight 5, Time 5, and Flow 2.",,5,5,5,8,COMPOUND(복합・이종)
얼키설키,eolkiseolki,Manner or sound of tangled or interwoven intricately (얼키설키).,Psychomime (State/Manner),Relationship,Neutral,Unvoiced (Light),Bright/Light/Small,-ri Ending,ʌlkʰisʌlkʰi,7,5,7,2,2,3,240.0,2.22,5,3200.0,5.89,3,0,4,#4B3621,24.5,6.4,16.8,"Reflecting aspirated consonant /激音/ and dark vowel /陰性모음/ for a vector configuration of Weight 7, Time 5, and Flow 2.",,5,5,5,8,COMPOUND(복합・이종)
얼키설키얼키설키,eolkiseolkieolkiseolki,"Repeated, continuous manner or sound of tangled or interwoven intricately (얼키설키얼키설키).",Psychomime (State/Manner),Relationship,Neutral,Unvoiced (Light),Bright/Light/Small,Reduplication,ʌlkʰisʌlkʰiʌlkʰisʌlkʰi,7,4,7,2,2,3,240.0,2.22,4,3200.0,5.89,3,0,4,#4B3621,24.5,6.4,16.8,"Reflecting aspirated consonant /激音/ and dark vowel /陰性모음/ for a vector configuration of Weight 7, Time 4, and Flow 2.",,5,5,5,1,REDUP(첩어・동일)
얼키설키거리다,eolkiseolkigeorida,Continuous motion or action of tangled or interwoven intricately (얼키설키거리다).,Psychomime (State/Manner),Relationship,Neutral,Unvoiced (Light),Bright/Light/Small,Reduplication,ʌlkʰisʌlkʰigʌrida,7,5,7,2,5,3,240.0,2.22,5,3200.0,5.89,3,0,4,#4B3621,24.5,6.4,16.8,"Reflecting aspirated consonant /激音/ and dark vowel /陰性모음/ for a vector configuration of Weight 7, Time 5, and Flow 2.",,5,5,5,8,COMPOUND(복합・이종)
얼키설키대다,eolkiseolkidaeda,"Repeated, intense action of tangled or interwoven intricately (얼키설키대다).",Psychomime (State/Manner),Relationship,Neutral,Unvoiced (Light),Bright/Light/Small,Reduplication,ʌlkʰisʌlkʰidɛda,7,5,7,2,5,3,240.0,2.22,5,3200.0,5.89,3,0,4,#4B3621,24.5,6.4,16.8,"Reflecting aspirated consonant /激音/ and dark vowel /陰性모음/ for a vector configuration of Weight 7, Time 5, and Flow 2.",,5,5,5,8,COMPOUND(복합・이종)
얼키설키이다,eolkiseolkiida,Motion or state of tangled or interwoven intricately (얼키설키이다).,Psychomime (State/Manner),Relationship,Neutral,Unvoiced (Light),Bright/Light/Small,-ri Ending,ʌlkʰisʌlkʰiida,7,5,7,2,5,3,240.0,2.22,5,3200.0,5.89,3,0,4,#4B3621,24.5,6.4,16.8,"Reflecting aspirated consonant /激音/ and dark vowel /陰性모음/ for a vector configuration of Weight 7, Time 5, and Flow 2.",,5,5,5,8,COMPOUND(복합・이종)
얼키설키하다,eolkiseolkihada,State or quality of being tangled or interwoven intricately (얼키설키하다).,Psychomime (State/Manner),Relationship,Neutral,Unvoiced (Light),Bright/Light/Small,-ri Ending,ʌlkʰisʌlkʰihada,7,5,7,2,5,3,240.0,2.22,5,3200.0,5.89,3,0,4,#4B3621,24.5,6.4,16.8,"Reflecting aspirated consonant /激音/ and dark vowel /陰性모음/ for a vector configuration of Weight 7, Time 5, and Flow 2.",,5,5,5,8,COMPOUND(복합・이종)
얼키설키이,eolkiseolkii,Adverbial state of tangled or interwoven intricately (얼키설키이).,Psychomime (State/Manner),Relationship,Neutral,Unvoiced (Light),Bright/Light/Small,-ri Ending,ʌlkʰisʌlkʰii,7,5,7,2,5,3,240.0,2.22,5,3200.0,5.89,3,0,4,#4B3621,24.5,6.4,16.8,"Reflecting aspirated consonant /激音/ and dark vowel /陰性모음/ for a vector configuration of Weight 7, Time 5, and Flow 2.",,5,5,5,8,COMPOUND(복합・이종)
얽히설키,eolghiseolki,Heavy or dark nuance of tangled or interwoven intricately (얽히설키).,Psychomime (State/Manner),Relationship,Neutral,Voiced (Heavy),Dark/Heavy/Large,-ri Ending,ʌlghisʌlkʰi,8,5,7,2,5,3,210.0,1.88,5,3200.0,5.89,3,0,4,#800000,25.5,48.0,38.1,"Reflecting aspirated consonant /激音/ and dark vowel /陰性모음/ for a vector configuration of Weight 8, Time 5, and Flow 2.",,5,5,5,8,COMPOUND(복합・이종)
얽히설키얽히설키,eolghiseolkieolghiseolki,Repeated heavy or dark nuance of tangled or interwoven intricately (얽히설키얽히설키).,Psychomime (State/Manner),Relationship,Neutral,Voiced (Heavy),Dark/Heavy/Large,Reduplication,ʌlghisʌlkʰiʌlghisʌlkʰi,8,4,7,2,5,3,210.0,1.88,4,3200.0,5.89,3,0,4,#800000,25.5,48.0,38.1,"Reflecting aspirated consonant /激音/ and dark vowel /陰性모음/ for a vector configuration of Weight 8, Time 4, and Flow 2.",,5,5,5,1,REDUP(첩어・동일)
얽히설키거리다,eolghiseolkigeorida,Continuous heavy motion of tangled or interwoven intricately (얽히설키거리다).,Psychomime (State/Manner),Relationship,Neutral,Voiced (Heavy),Dark/Heavy/Large,Reduplication,ʌlghisʌlkʰigʌrida,8,5,7,2,5,3,210.0,1.88,5,3200.0,5.89,3,0,4,#800000,25.5,48.0,38.1,"Reflecting aspirated consonant /激音/ and dark vowel /陰性모음/ for a vector configuration of Weight 8, Time 5, and Flow 2.",,5,5,5,8,COMPOUND(복합・이종)
얽히설키대다,eolghiseolkidaeda,Repeated intense heavy action of tangled or interwoven intricately (얽히설키대다).,Psychomime (State/Manner),Relationship,Neutral,Voiced (Heavy),Dark/Heavy/Large,Reduplication,ʌlghisʌlkʰidɛda,8,5,7,2,5,3,210.0,1.88,5,3200.0,5.89,3,0,4,#800000,25.5,48.0,38.1,"Reflecting aspirated consonant /激音/ and dark vowel /陰性모음/ for a vector configuration of Weight 8, Time 5, and Flow 2.",,5,5,5,8,COMPOUND(복합・이종)
얽히설키하다,eolghiseolkihada,Heavy or dark state of being tangled or interwoven intricately (얽히설키하다).,Psychomime (State/Manner),Relationship,Neutral,Voiced (Heavy),Dark/Heavy/Large,-ri Ending,ʌlghisʌlkʰihada,8,5,7,2,5,3,210.0,1.88,5,3200.0,5.89,3,0,4,#800000,25.5,48.0,38.1,"Reflecting aspirated consonant /激音/ and dark vowel /陰性모음/ for a vector configuration of Weight 8, Time 5, and Flow 2.",,5,5,5,8,COMPOUND(복합・이종)
얼키설키얽히설키,eolkiseolkieolghiseolki,Alternating rhythm or variation of tangled or interwoven intricately (얼키설키얽히설키).,Psychomime (State/Manner),Relationship,Neutral,Unvoiced (Light),Bright/Light/Small,Reduplication,ʌlkʰisʌlkʰiʌlghisʌlkʰi,7,5,7,2,5,3,240.0,2.22,5,3200.0,5.89,3,0,4,#4B3621,24.5,6.4,16.8,"Reflecting aspirated consonant /激音/ and dark vowel /陰性모음/ for a vector configuration of Weight 7, Time 5, and Flow 2.",,5,5,5,8,COMPOUND(복합・이종)
지근지근,jigeunjigeun,Manner or sound of gnawing pain or tedious annoying state (지근지근).,Algomime (Pain),Human Body/Physiology,Negative,Unvoiced (Light),Bright/Light/Small,-ri Ending,tɕigɯntɕigɯn,5,4,4,5,3,5,900.0,5.56,4,3200.0,5.89,3,0,4,#708090,52.8,-2.1,-10.6,"Reflecting plain consonant /平音/ and dark vowel /陰性모음/ for a vector configuration of Weight 5, Time 4, and Flow 5.",,5,5,5,1,REDUP(첩어・동일)
지근지근지근지근,jigeunjigeunjigeunjigeun,"Repeated, continuous manner or sound of gnawing pain or tedious annoying state (지근지근지근지근).",Algomime (Pain),Human Body/Physiology,Negative,Unvoiced (Light),Bright/Light/Small,Reduplication,tɕigɯntɕigɯntɕigɯntɕigɯn,5,4,4,5,3,5,900.0,5.56,4,3200.0,5.89,3,0,4,#708090,52.8,-2.1,-10.6,"Reflecting plain consonant /平音/ and dark vowel /陰性모음/ for a vector configuration of Weight 5, Time 4, and Flow 5.",,5,5,5,1,REDUP(첩어・동일)
지근지근거리다,jigeunjigeungeorida,Continuous motion or action of gnawing pain or tedious annoying state (지근지근거리다).,Algomime (Pain),Human Body/Physiology,Negative,Unvoiced (Light),Bright/Light/Small,Reduplication,tɕigɯntɕigɯŋʌrida,5,5,4,5,5,5,900.0,5.56,5,3200.0,5.89,3,0,4,#708090,52.8,-2.1,-10.6,"Reflecting plain consonant /平音/ and dark vowel /陰性모음/ for a vector configuration of Weight 5, Time 5, and Flow 5.",,5,5,5,8,COMPOUND(복합・이종)
지근지근대다,jigeunjigeundaeda,"Repeated, intense action of gnawing pain or tedious annoying state (지근지근대다).",Algomime (Pain),Human Body/Physiology,Negative,Unvoiced (Light),Bright/Light/Small,Reduplication,tɕigɯntɕigɯndɛda,5,5,4,5,5,5,900.0,5.56,5,3200.0,5.89,3,0,4,#708090,52.8,-2.1,-10.6,"Reflecting plain consonant /平音/ and dark vowel /陰性모음/ for a vector configuration of Weight 5, Time 5, and Flow 5.",,5,5,5,8,COMPOUND(복합・이종)
지근지근이다,jigeunjigeunida,Motion or state of gnawing pain or tedious annoying state (지근지근이다).,Algomime (Pain),Human Body/Physiology,Negative,Unvoiced (Light),Bright/Light/Small,-ri Ending,tɕigɯntɕigɯnida,5,5,4,5,5,5,900.0,5.56,5,3200.0,5.89,3,0,4,#708090,52.8,-2.1,-10.6,"Reflecting plain consonant /平音/ and dark vowel /陰性모음/ for a vector configuration of Weight 5, Time 5, and Flow 5.",,5,5,5,8,COMPOUND(복합・이종)
지근지근하다,jigeunjigeunhada,State or quality of being gnawing pain or tedious annoying state (지근지근하다).,Algomime (Pain),Human Body/Physiology,Negative,Unvoiced (Light),Bright/Light/Small,-ri Ending,tɕigɯntɕigɯnhada,5,5,4,2,5,5,900.0,5.56,5,3200.0,5.89,3,0,4,#708090,52.8,-2.1,-10.6,"Reflecting plain consonant /平音/ and dark vowel /陰性모음/ for a vector configuration of Weight 5, Time 5, and Flow 2.",,5,5,5,8,COMPOUND(복합・이종)
지근지근이,jigeunjigeuni,Adverbial state of gnawing pain or tedious annoying state (지근지근이).,Algomime (Pain),Human Body/Physiology,Negative,Unvoiced (Light),Bright/Light/Small,-ri Ending,tɕigɯntɕigɯni,5,5,4,5,5,5,900.0,5.56,5,3200.0,5.89,3,0,4,#708090,52.8,-2.1,-10.6,"Reflecting plain consonant /平音/ and dark vowel /陰性모음/ for a vector configuration of Weight 5, Time 5, and Flow 5.",,5,5,5,8,COMPOUND(복합・이종)
지긋지긋,jigeusjigeus,Heavy or dark nuance of gnawing pain or tedious annoying state (지긋지긋).,Algomime (Pain),Human Body/Physiology,Negative,Voiced (Heavy),Dark/Heavy/Large,-ri Ending,tɕigɯstɕigɯs,8,4,4,5,5,3,210.0,1.88,4,3200.0,5.89,3,0,4,#800000,25.5,48.0,38.1,"Reflecting plain consonant /平音/ and dark vowel /陰性모음/ for a vector configuration of Weight 8, Time 4, and Flow 5.",,5,5,5,1,REDUP(첩어・동일)
지긋지긋지긋지긋,jigeusjigeusjigeusjigeus,Repeated heavy or dark nuance of gnawing pain or tedious annoying state (지긋지긋지긋지긋).,Algomime (Pain),Human Body/Physiology,Negative,Voiced (Heavy),Dark/Heavy/Large,Reduplication,tɕigɯstɕigɯstɕigɯstɕigɯs,8,4,4,5,5,3,210.0,1.88,4,3200.0,5.89,3,0,4,#800000,25.5,48.0,38.1,"Reflecting plain consonant /平音/ and dark vowel /陰性모음/ for a vector configuration of Weight 8, Time 4, and Flow 5.",,5,5,5,1,REDUP(첩어・동일)
지긋지긋거리다,jigeusjigeusgeorida,Continuous heavy motion of gnawing pain or tedious annoying state (지긋지긋거리다).,Algomime (Pain),Human Body/Physiology,Negative,Voiced (Heavy),Dark/Heavy/Large,Reduplication,tɕigɯstɕigɯsgʌrida,8,5,4,5,5,3,210.0,1.88,5,3200.0,5.89,3,0,4,#800000,25.5,48.0,38.1,"Reflecting plain consonant /平音/ and dark vowel /陰性모음/ for a vector configuration of Weight 8, Time 5, and Flow 5.",,5,5,5,8,COMPOUND(복합・이종)
지긋지긋대다,jigeusjigeusdaeda,Repeated intense heavy action of gnawing pain or tedious annoying state (지긋지긋대다).,Algomime (Pain),Human Body/Physiology,Negative,Voiced (Heavy),Dark/Heavy/Large,Reduplication,tɕigɯstɕigɯsdɛda,8,5,4,5,5,3,210.0,1.88,5,3200.0,5.89,3,0,4,#800000,25.5,48.0,38.1,"Reflecting plain consonant /平音/ and dark vowel /陰性모음/ for a vector configuration of Weight 8, Time 5, and Flow 5.",,5,5,5,8,COMPOUND(복합・이종)
지긋지긋하다,jigeusjigeushada,Heavy or dark state of being gnawing pain or tedious annoying state (지긋지긋하다).,Algomime (Pain),Human Body/Physiology,Negative,Voiced (Heavy),Dark/Heavy/Large,-ri Ending,tɕigɯstɕigɯshada,8,5,4,2,5,3,210.0,1.88,5,3200.0,5.89,3,0,4,#800000,25.5,48.0,38.1,"Reflecting plain consonant /平音/ and dark vowel /陰性모음/ for a vector configuration of Weight 8, Time 5, and Flow 2.",,5,5,5,8,COMPOUND(복합・이종)
지근지근지긋지긋,jigeunjigeunjigeusjigeus,Alternating rhythm or variation of gnawing pain or tedious annoying state (지근지근지긋지긋).,Algomime (Pain),Human Body/Physiology,Negative,Unvoiced (Light),Bright/Light/Small,Reduplication,tɕigɯntɕigɯntɕigɯstɕigɯs,5,5,4,5,5,5,900.0,5.56,5,3200.0,5.89,3,0,4,#708090,52.8,-2.1,-10.6,"Reflecting plain consonant /平音/ and dark vowel /陰性모음/ for a vector configuration of Weight 5, Time 5, and Flow 5.",,5,5,5,8,COMPOUND(복합・이종)
자지러지게,jajireojige,Manner or sound of screaming or laughing hysterically (자지러지게).,Phonomime (Voice),Emotion,Negative,Unvoiced (Light),Bright/Light/Small,-ri Ending,tɕatɕirʌtɕige,5,5,4,5,3,3,900.0,5.56,5,3200.0,5.89,3,0,4,#708090,52.8,-2.1,-10.6,"Reflecting plain consonant /平音/ and dark vowel /陰性모음/ for a vector configuration of Weight 5, Time 5, and Flow 5.",,5,5,5,8,COMPOUND(복합・이종)
자지러지게자지러지게,jajireojigejajireojige,"Repeated, continuous manner or sound of screaming or laughing hysterically (자지러지게자지러지게).",Phonomime (Voice),Emotion,Negative,Unvoiced (Light),Bright/Light/Small,Reduplication,tɕatɕirʌtɕigetɕatɕirʌtɕige,5,4,4,5,3,3,900.0,5.56,4,3200.0,5.89,3,0,4,#708090,52.8,-2.1,-10.6,"Reflecting plain consonant /平音/ and dark vowel /陰性모음/ for a vector configuration of Weight 5, Time 4, and Flow 5.",,5,5,5,1,REDUP(첩어・동일)
자지러지게거리다,jajireojigegeorida,Continuous motion or action of screaming or laughing hysterically (자지러지게거리다).,Phonomime (Voice),Emotion,Negative,Unvoiced (Light),Bright/Light/Small,Reduplication,tɕatɕirʌtɕigegʌrida,5,5,4,5,5,3,900.0,5.56,5,3200.0,5.89,3,0,4,#708090,52.8,-2.1,-10.6,"Reflecting plain consonant /平音/ and dark vowel /陰性모음/ for a vector configuration of Weight 5, Time 5, and Flow 5.",,5,5,5,8,COMPOUND(복합・이종)
자지러지게대다,jajireojigedaeda,"Repeated, intense action of screaming or laughing hysterically (자지러지게대다).",Phonomime (Voice),Emotion,Negative,Unvoiced (Light),Bright/Light/Small,Reduplication,tɕatɕirʌtɕigedɛda,5,5,4,5,5,3,900.0,5.56,5,3200.0,5.89,3,0,4,#708090,52.8,-2.1,-10.6,"Reflecting plain consonant /平音/ and dark vowel /陰性모음/ for a vector configuration of Weight 5, Time 5, and Flow 5.",,5,5,5,8,COMPOUND(복합・이종)
자지러지게이다,jajireojigeida,Motion or state of screaming or laughing hysterically (자지러지게이다).,Phonomime (Voice),Emotion,Negative,Unvoiced (Light),Bright/Light/Small,-ri Ending,tɕatɕirʌtɕigeida,5,5,4,5,5,3,900.0,5.56,5,3200.0,5.89,3,0,4,#708090,52.8,-2.1,-10.6,"Reflecting plain consonant /平音/ and dark vowel /陰性모음/ for a vector configuration of Weight 5, Time 5, and Flow 5.",,5,5,5,8,COMPOUND(복합・이종)
자지러지게하다,jajireojigehada,State or quality of being screaming or laughing hysterically (자지러지게하다).,Phonomime (Voice),Emotion,Negative,Unvoiced (Light),Bright/Light/Small,-ri Ending,tɕatɕirʌtɕigehada,5,5,4,2,5,3,900.0,5.56,5,3200.0,5.89,3,0,4,#708090,52.8,-2.1,-10.6,"Reflecting plain consonant /平音/ and dark vowel /陰性모음/ for a vector configuration of Weight 5, Time 5, and Flow 2.",,5,5,5,8,COMPOUND(복합・이종)
자지러지게이,jajireojigei,Adverbial state of screaming or laughing hysterically (자지러지게이).,Phonomime (Voice),Emotion,Negative,Unvoiced (Light),Bright/Light/Small,-ri Ending,tɕatɕirʌtɕigei,5,5,4,5,5,3,900.0,5.56,5,3200.0,5.89,3,0,4,#708090,52.8,-2.1,-10.6,"Reflecting plain consonant /平音/ and dark vowel /陰性모음/ for a vector configuration of Weight 5, Time 5, and Flow 5.",,5,5,5,8,COMPOUND(복합・이종)
와자자,wajaja,Heavy or dark nuance of screaming or laughing hysterically (와자자).,Phonomime (Voice),Emotion,Negative,Voiced (Heavy),Dark/Heavy/Large,-ri Ending,watɕatɕa,8,5,4,5,5,3,210.0,1.88,5,3200.0,5.89,3,0,4,#800000,25.5,48.0,38.1,"Reflecting plain consonant /平音/ and bright vowel /陽性모음/ for a vector configuration of Weight 8, Time 5, and Flow 5.",,5,5,5,8,COMPOUND(복합・이종)
와자자와자자,wajajawajaja,Repeated heavy or dark nuance of screaming or laughing hysterically (와자자와자자).,Phonomime (Voice),Emotion,Negative,Voiced (Heavy),Dark/Heavy/Large,Reduplication,watɕatɕawatɕatɕa,8,4,4,5,5,3,210.0,1.88,4,3200.0,5.89,3,0,4,#800000,25.5,48.0,38.1,"Reflecting plain consonant /平音/ and bright vowel /陽性모음/ for a vector configuration of Weight 8, Time 4, and Flow 5.",,5,5,5,1,REDUP(첩어・동일)
와자자거리다,wajajageorida,Continuous heavy motion of screaming or laughing hysterically (와자자거리다).,Phonomime (Voice),Emotion,Negative,Voiced (Heavy),Dark/Heavy/Large,Reduplication,watɕatɕagʌrida,8,5,4,5,5,3,210.0,1.88,5,3200.0,5.89,3,0,4,#800000,25.5,48.0,38.1,"Reflecting plain consonant /平音/ and dark vowel /陰性모음/ for a vector configuration of Weight 8, Time 5, and Flow 5.",,5,5,5,8,COMPOUND(복합・이종)
와자자대다,wajajadaeda,Repeated intense heavy action of screaming or laughing hysterically (와자자대다).,Phonomime (Voice),Emotion,Negative,Voiced (Heavy),Dark/Heavy/Large,Reduplication,watɕatɕadɛda,8,5,4,5,5,3,210.0,1.88,5,3200.0,5.89,3,0,4,#800000,25.5,48.0,38.1,"Reflecting plain consonant /平音/ and bright vowel /陽性모음/ for a vector configuration of Weight 8, Time 5, and Flow 5.",,5,5,5,8,COMPOUND(복합・이종)
와자자하다,wajajahada,Heavy or dark state of being screaming or laughing hysterically (와자자하다).,Phonomime (Voice),Emotion,Negative,Voiced (Heavy),Dark/Heavy/Large,-ri Ending,watɕatɕahada,8,5,4,2,5,3,210.0,1.88,5,3200.0,5.89,3,0,4,#800000,25.5,48.0,38.1,"Reflecting plain consonant /平音/ and bright vowel /陽性모음/ for a vector configuration of Weight 8, Time 5, and Flow 2.",,5,5,5,8,COMPOUND(복합・이종)
자지러지게와자자,jajireojigewajaja,Alternating rhythm or variation of screaming or laughing hysterically (자지러지게와자자).,Phonomime (Voice),Emotion,Negative,Unvoiced (Light),Bright/Light/Small,Reduplication,tɕatɕirʌtɕigewatɕatɕa,5,5,4,5,5,3,900.0,5.56,5,3200.0,5.89,3,0,4,#708090,52.8,-2.1,-10.6,"Reflecting plain consonant /平音/ and dark vowel /陰性모음/ for a vector configuration of Weight 5, Time 5, and Flow 5.",,5,5,5,8,COMPOUND(복합・이종)
얼기설기,eolgiseolgi,Manner or sound of loosely woven or wandering aimlessly (얼기설기).,Psychomime (State/Manner),Density/Distance,Neutral,Unvoiced (Light),Bright/Light/Small,-ri Ending,ʌlgisʌlgi,5,5,4,2,3,3,900.0,5.56,5,3200.0,5.89,3,0,4,#708090,52.8,-2.1,-10.6,"Reflecting plain consonant /平音/ and dark vowel /陰性모음/ for a vector configuration of Weight 5, Time 5, and Flow 2.",,5,5,5,8,COMPOUND(복합・이종)
얼기설기얼기설기,eolgiseolgieolgiseolgi,"Repeated, continuous manner or sound of loosely woven or wandering aimlessly (얼기설기얼기설기).",Psychomime (State/Manner),Density/Distance,Neutral,Unvoiced (Light),Bright/Light/Small,Reduplication,ʌlgisʌlgiʌlgisʌlgi,5,4,4,2,3,3,900.0,5.56,4,3200.0,5.89,3,0,4,#708090,52.8,-2.1,-10.6,"Reflecting plain consonant /平音/ and dark vowel /陰性모음/ for a vector configuration of Weight 5, Time 4, and Flow 2.",,5,5,5,1,REDUP(첩어・동일)
얼기설기거리다,eolgiseolgigeorida,Continuous motion or action of loosely woven or wandering aimlessly (얼기설기거리다).,Psychomime (State/Manner),Density/Distance,Neutral,Unvoiced (Light),Bright/Light/Small,Reduplication,ʌlgisʌlgigʌrida,5,5,4,2,5,3,900.0,5.56,5,3200.0,5.89,3,0,4,#708090,52.8,-2.1,-10.6,"Reflecting plain consonant /平音/ and dark vowel /陰性모음/ for a vector configuration of Weight 5, Time 5, and Flow 2.",,5,5,5,8,COMPOUND(복합・이종)
얼기설기대다,eolgiseolgidaeda,"Repeated, intense action of loosely woven or wandering aimlessly (얼기설기대다).",Psychomime (State/Manner),Density/Distance,Neutral,Unvoiced (Light),Bright/Light/Small,Reduplication,ʌlgisʌlgidɛda,5,5,4,2,5,3,900.0,5.56,5,3200.0,5.89,3,0,4,#708090,52.8,-2.1,-10.6,"Reflecting plain consonant /平音/ and dark vowel /陰性모음/ for a vector configuration of Weight 5, Time 5, and Flow 2.",,5,5,5,8,COMPOUND(복합・이종)
얼기설기이다,eolgiseolgiida,Motion or state of loosely woven or wandering aimlessly (얼기설기이다).,Psychomime (State/Manner),Density/Distance,Neutral,Unvoiced (Light),Bright/Light/Small,-ri Ending,ʌlgisʌlgiida,5,5,4,2,5,3,900.0,5.56,5,3200.0,5.89,3,0,4,#708090,52.8,-2.1,-10.6,"Reflecting plain consonant /平音/ and dark vowel /陰性모음/ for a vector configuration of Weight 5, Time 5, and Flow 2.",,5,5,5,8,COMPOUND(복합・이종)
얼기설기하다,eolgiseolgihada,State or quality of being loosely woven or wandering aimlessly (얼기설기하다).,Psychomime (State/Manner),Density/Distance,Neutral,Unvoiced (Light),Bright/Light/Small,-ri Ending,ʌlgisʌlgihada,5,5,4,2,5,3,900.0,5.56,5,3200.0,5.89,3,0,4,#708090,52.8,-2.1,-10.6,"Reflecting plain consonant /平音/ and dark vowel /陰性모음/ for a vector configuration of Weight 5, Time 5, and Flow 2.",,5,5,5,8,COMPOUND(복합・이종)
얼기설기이,eolgiseolgii,Adverbial state of loosely woven or wandering aimlessly (얼기설기이).,Psychomime (State/Manner),Density/Distance,Neutral,Unvoiced (Light),Bright/Light/Small,-ri Ending,ʌlgisʌlgii,5,5,4,2,5,3,900.0,5.56,5,3200.0,5.89,3,0,4,#708090,52.8,-2.1,-10.6,"Reflecting plain consonant /平音/ and dark vowel /陰性모음/ for a vector configuration of Weight 5, Time 5, and Flow 2.",,5,5,5,8,COMPOUND(복합・이종)
어슬렁,eoseulreong,Heavy or dark nuance of loosely woven or wandering aimlessly (어슬렁).,Psychomime (State/Manner),Density/Distance,Neutral,Voiced (Heavy),Dark/Heavy/Large,-ri Ending,ʌsɯlrʌŋ,8,5,4,2,5,5,210.0,1.88,5,3200.0,5.89,3,0,4,#800000,25.5,48.0,38.1,"Reflecting plain consonant /平音/ and dark vowel /陰性모음/ for a vector configuration of Weight 8, Time 5, and Flow 2.",,5,5,5,8,COMPOUND(복합・이종)
어슬렁어슬렁,eoseulreongeoseulreong,Repeated heavy or dark nuance of loosely woven or wandering aimlessly (어슬렁어슬렁).,Psychomime (State/Manner),Density/Distance,Neutral,Voiced (Heavy),Dark/Heavy/Large,Reduplication,ʌsɯlrʌŋʌsɯlrʌŋ,8,4,4,2,5,5,210.0,1.88,4,3200.0,5.89,3,0,4,#800000,25.5,48.0,38.1,"Reflecting plain consonant /平音/ and dark vowel /陰性모음/ for a vector configuration of Weight 8, Time 4, and Flow 2.",,5,5,5,1,REDUP(첩어・동일)
어슬렁거리다,eoseulreonggeorida,Continuous heavy motion of loosely woven or wandering aimlessly (어슬렁거리다).,Psychomime (State/Manner),Density/Distance,Neutral,Voiced (Heavy),Dark/Heavy/Large,Reduplication,ʌsɯlrʌŋgʌrida,8,5,4,2,5,5,210.0,1.88,5,3200.0,5.89,3,0,4,#800000,25.5,48.0,38.1,"Reflecting plain consonant /平音/ and dark vowel /陰性모음/ for a vector configuration of Weight 8, Time 5, and Flow 2.",,5,5,5,8,COMPOUND(복합・이종)
어슬렁대다,eoseulreongdaeda,Repeated intense heavy action of loosely woven or wandering aimlessly (어슬렁대다).,Psychomime (State/Manner),Density/Distance,Neutral,Voiced (Heavy),Dark/Heavy/Large,Reduplication,ʌsɯlrʌŋdɛda,8,5,4,2,5,5,210.0,1.88,5,3200.0,5.89,3,0,4,#800000,25.5,48.0,38.1,"Reflecting plain consonant /平音/ and dark vowel /陰性모음/ for a vector configuration of Weight 8, Time 5, and Flow 2.",,5,5,5,8,COMPOUND(복합・이종)
어슬렁하다,eoseulreonghada,Heavy or dark state of being loosely woven or wandering aimlessly (어슬렁하다).,Psychomime (State/Manner),Density/Distance,Neutral,Voiced (Heavy),Dark/Heavy/Large,-ri Ending,ʌsɯlrʌŋhada,8,5,4,2,5,5,210.0,1.88,5,3200.0,5.89,3,0,4,#800000,25.5,48.0,38.1,"Reflecting plain consonant /平音/ and dark vowel /陰性모음/ for a vector configuration of Weight 8, Time 5, and Flow 2.",,5,5,5,8,COMPOUND(복합・이종)
얼기설기어슬렁,eolgiseolgieoseulreong,Alternating rhythm or variation of loosely woven or wandering aimlessly (얼기설기어슬렁).,Psychomime (State/Manner),Density/Distance,Neutral,Unvoiced (Light),Bright/Light/Small,Reduplication,ʌlgisʌlgiʌsɯlrʌŋ,5,5,4,2,5,5,900.0,5.56,5,3200.0,5.89,3,0,4,#708090,52.8,-2.1,-10.6,"Reflecting plain consonant /平音/ and dark vowel /陰性모음/ for a vector configuration of Weight 5, Time 5, and Flow 2.",,5,5,5,8,COMPOUND(복합・이종)
살랑살랑살랑살랑,salrangsalrangsalrangsalrang,"Repeated, continuous manner or sound of gentle breeze swaying or doing breezily (살랑살랑살랑살랑).",Psychomime (State/Manner),Weather/Nature,Positive,Unvoiced (Light),Bright/Light/Small,Reduplication,salraŋsalraŋsalraŋsalraŋ,1,4,4,2,3,5,2100.0,7.71,4,3200.0,5.89,3,0,4,#708090,52.8,-2.1,-10.6,"Reflecting plain consonant /平音/ and bright vowel /陽性모음/ for a vector configuration of Weight 1, Time 4, and Flow 2.",,5,5,5,1,REDUP(첩어・동일)
살랑살랑거리다,salrangsalranggeorida,Continuous motion or action of gentle breeze swaying or doing breezily (살랑살랑거리다).,Psychomime (State/Manner),Weather/Nature,Positive,Unvoiced (Light),Bright/Light/Small,Reduplication,salraŋsalraŋgʌrida,2,5,4,2,5,5,1800.0,7.32,5,3200.0,5.89,3,0,4,#708090,52.8,-2.1,-10.6,"Reflecting plain consonant /平音/ and dark vowel /陰性모음/ for a vector configuration of Weight 2, Time 5, and Flow 2.",,5,5,5,8,COMPOUND(복합・이종)
살랑살랑대다,salrangsalrangdaeda,"Repeated, intense action of gentle breeze swaying or doing breezily (살랑살랑대다).",Psychomime (State/Manner),Weather/Nature,Positive,Unvoiced (Light),Bright/Light/Small,Reduplication,salraŋsalraŋdɛda,1,5,4,2,5,5,2100.0,7.71,5,3200.0,5.89,3,0,4,#708090,52.8,-2.1,-10.6,"Reflecting plain consonant /平音/ and bright vowel /陽性모음/ for a vector configuration of Weight 1, Time 5, and Flow 2.",,5,5,5,8,COMPOUND(복합・이종)
살랑살랑이다,salrangsalrangida,Motion or state of gentle breeze swaying or doing breezily (살랑살랑이다).,Psychomime (State/Manner),Weather/Nature,Positive,Unvoiced (Light),Bright/Light/Small,-ri Ending,salraŋsalraŋida,1,5,4,2,5,5,2100.0,7.71,5,3200.0,5.89,3,0,4,#708090,52.8,-2.1,-10.6,"Reflecting plain consonant /平音/ and bright vowel /陽性모음/ for a vector configuration of Weight 1, Time 5, and Flow 2.",,5,5,5,8,COMPOUND(복합・이종)
살랑살랑하다,salrangsalranghada,State or quality of being gentle breeze swaying or doing breezily (살랑살랑하다).,Psychomime (State/Manner),Weather/Nature,Positive,Unvoiced (Light),Bright/Light/Small,-ri Ending,salraŋsalraŋhada,1,5,4,2,5,5,2100.0,7.71,5,3200.0,5.89,3,0,4,#708090,52.8,-2.1,-10.6,"Reflecting plain consonant /平音/ and bright vowel /陽性모음/ for a vector configuration of Weight 1, Time 5, and Flow 2.",,5,5,5,8,COMPOUND(복합・이종)
살랑살랑이,salrangsalrangi,Adverbial state of gentle breeze swaying or doing breezily (살랑살랑이).,Psychomime (State/Manner),Weather/Nature,Positive,Unvoiced (Light),Bright/Light/Small,-ri Ending,salraŋsalraŋi,1,5,4,2,5,5,2100.0,7.71,5,3200.0,5.89,3,0,4,#708090,52.8,-2.1,-10.6,"Reflecting plain consonant /平音/ and bright vowel /陽性모음/ for a vector configuration of Weight 1, Time 5, and Flow 2.",,5,5,5,8,COMPOUND(복합・이종)
설렁설렁설렁설렁,seolreongseolreongseolreongseolreong,Repeated heavy or dark nuance of gentle breeze swaying or doing breezily (설렁설렁설렁설렁).,Psychomime (State/Manner),Weather/Nature,Positive,Voiced (Heavy),Dark/Heavy/Large,Reduplication,sʌlrʌŋsʌlrʌŋsʌlrʌŋsʌlrʌŋ,5,4,4,2,5,5,300.0,2.78,4,3200.0,5.89,3,0,4,#708090,52.8,-2.1,-10.6,"Reflecting plain consonant /平音/ and dark vowel /陰性모음/ for a vector configuration of Weight 5, Time 4, and Flow 2.",,5,5,5,1,REDUP(첩어・동일)
설렁설렁거리다,seolreongseolreonggeorida,Continuous heavy motion of gentle breeze swaying or doing breezily (설렁설렁거리다).,Psychomime (State/Manner),Weather/Nature,Positive,Voiced (Heavy),Dark/Heavy/Large,Reduplication,sʌlrʌŋsʌlrʌŋgʌrida,5,5,4,2,5,5,300.0,2.78,5,3200.0,5.89,3,0,4,#708090,52.8,-2.1,-10.6,"Reflecting plain consonant /平音/ and dark vowel /陰性모음/ for a vector configuration of Weight 5, Time 5, and Flow 2.",,5,5,5,8,COMPOUND(복합・이종)
설렁설렁대다,seolreongseolreongdaeda,Repeated intense heavy action of gentle breeze swaying or doing breezily (설렁설렁대다).,Psychomime (State/Manner),Weather/Nature,Positive,Voiced (Heavy),Dark/Heavy/Large,Reduplication,sʌlrʌŋsʌlrʌŋdɛda,5,5,4,2,5,5,300.0,2.78,5,3200.0,5.89,3,0,4,#708090,52.8,-2.1,-10.6,"Reflecting plain consonant /平音/ and dark vowel /陰性모음/ for a vector configuration of Weight 5, Time 5, and Flow 2.",,5,5,5,8,COMPOUND(복합・이종)
설렁설렁하다,seolreongseolreonghada,Heavy or dark state of being gentle breeze swaying or doing breezily (설렁설렁하다).,Psychomime (State/Manner),Weather/Nature,Positive,Voiced (Heavy),Dark/Heavy/Large,-ri Ending,sʌlrʌŋsʌlrʌŋhada,5,5,4,2,5,5,300.0,2.78,5,3200.0,5.89,3,0,4,#708090,52.8,-2.1,-10.6,"Reflecting plain consonant /平音/ and dark vowel /陰性모음/ for a vector configuration of Weight 5, Time 5, and Flow 2.",,5,5,5,8,COMPOUND(복합・이종)
살랑살랑설렁설렁,salrangsalrangseolreongseolreong,Alternating rhythm or variation of gentle breeze swaying or doing breezily (살랑살랑설렁설렁).,Psychomime (State/Manner),Weather/Nature,Positive,Unvoiced (Light),Bright/Light/Small,Reduplication,salraŋsalraŋsʌlrʌŋsʌlrʌŋ,2,5,4,2,5,5,1800.0,7.32,5,3200.0,5.89,3,0,4,#708090,52.8,-2.1,-10.6,"Reflecting plain consonant /平音/ and dark vowel /陰性모음/ for a vector configuration of Weight 2, Time 5, and Flow 2.",,5,5,5,8,COMPOUND(복합・이종)
허겁지겁,heogeobjigeob,Manner or sound of eating/acting in extreme hurry and panic (허겁지겁).,Psychomime (State/Manner),Speed/Tempo,Negative,Unvoiced (Light),Bright/Light/Small,-ri Ending,hʌgʌbtɕigʌb,5,8,4,2,3,3,900.0,5.56,8,3200.0,5.89,3,0,4,#708090,52.8,-2.1,-10.6,"Reflecting plain consonant /平音/ and dark vowel /陰性모음/ for a vector configuration of Weight 5, Time 8, and Flow 2.",,5,5,5,8,COMPOUND(복합・이종)
허겁지겁허겁지겁,heogeobjigeobheogeobjigeob,"Repeated, continuous manner or sound of eating/acting in extreme hurry and panic (허겁지겁허겁지겁).",Psychomime (State/Manner),Speed/Tempo,Negative,Unvoiced (Light),Bright/Light/Small,Reduplication,hʌgʌbtɕigʌbhʌgʌbtɕigʌb,5,8,4,2,3,3,900.0,5.56,8,3200.0,5.89,3,0,4,#708090,52.8,-2.1,-10.6,"Reflecting plain consonant /平音/ and dark vowel /陰性모음/ for a vector configuration of Weight 5, Time 8, and Flow 2.",,5,5,5,1,REDUP(첩어・동일)
허겁지겁거리다,heogeobjigeobgeorida,Continuous motion or action of eating/acting in extreme hurry and panic (허겁지겁거리다).,Psychomime (State/Manner),Speed/Tempo,Negative,Unvoiced (Light),Bright/Light/Small,Reduplication,hʌgʌbtɕigʌbgʌrida,5,8,4,2,5,3,900.0,5.56,8,3200.0,5.89,3,0,4,#708090,52.8,-2.1,-10.6,"Reflecting plain consonant /平音/ and dark vowel /陰性모음/ for a vector configuration of Weight 5, Time 8, and Flow 2.",,5,5,5,8,COMPOUND(복합・이종)
허겁지겁대다,heogeobjigeobdaeda,"Repeated, intense action of eating/acting in extreme hurry and panic (허겁지겁대다).",Psychomime (State/Manner),Speed/Tempo,Negative,Unvoiced (Light),Bright/Light/Small,Reduplication,hʌgʌbtɕigʌbdɛda,5,8,4,2,5,3,900.0,5.56,8,3200.0,5.89,3,0,4,#708090,52.8,-2.1,-10.6,"Reflecting plain consonant /平音/ and dark vowel /陰性모음/ for a vector configuration of Weight 5, Time 8, and Flow 2.",,5,5,5,8,COMPOUND(복합・이종)
허겁지겁이다,heogeobjigeobida,Motion or state of eating/acting in extreme hurry and panic (허겁지겁이다).,Psychomime (State/Manner),Speed/Tempo,Negative,Unvoiced (Light),Bright/Light/Small,-ri Ending,hʌgʌbtɕigʌbida,5,8,4,2,5,3,900.0,5.56,8,3200.0,5.89,3,0,4,#708090,52.8,-2.1,-10.6,"Reflecting plain consonant /平音/ and dark vowel /陰性모음/ for a vector configuration of Weight 5, Time 8, and Flow 2.",,5,5,5,8,COMPOUND(복합・이종)
허겁지겁하다,heogeobjigeobhada,State or quality of being eating/acting in extreme hurry and panic (허겁지겁하다).,Psychomime (State/Manner),Speed/Tempo,Negative,Unvoiced (Light),Bright/Light/Small,-ri Ending,hʌgʌbtɕigʌbhada,5,8,4,2,5,3,900.0,5.56,8,3200.0,5.89,3,0,4,#708090,52.8,-2.1,-10.6,"Reflecting plain consonant /平音/ and dark vowel /陰性모음/ for a vector configuration of Weight 5, Time 8, and Flow 2.",,5,5,5,8,COMPOUND(복합・이종)
허겁지겁이,heogeobjigeobi,Adverbial state of eating/acting in extreme hurry and panic (허겁지겁이).,Psychomime (State/Manner),Speed/Tempo,Negative,Unvoiced (Light),Bright/Light/Small,-ri Ending,hʌgʌbtɕigʌbi,5,8,4,2,5,3,900.0,5.56,8,3200.0,5.89,3,0,4,#708090,52.8,-2.1,-10.6,"Reflecting plain consonant /平音/ and dark vowel /陰性모음/ for a vector configuration of Weight 5, Time 8, and Flow 2.",,5,5,5,8,COMPOUND(복합・이종)
허둥지둥허둥지둥,heodungjidungheodungjidung,Repeated heavy or dark nuance of eating/acting in extreme hurry and panic (허둥지둥허둥지둥).,Psychomime (State/Manner),Speed/Tempo,Negative,Voiced (Heavy),Dark/Heavy/Large,Reduplication,hʌduŋtɕiduŋhʌduŋtɕiduŋ,8,4,4,2,5,5,210.0,1.88,4,3200.0,5.89,3,0,4,#800000,25.5,48.0,38.1,"Reflecting plain consonant /平音/ and dark vowel /陰性모음/ for a vector configuration of Weight 8, Time 4, and Flow 2.",,5,5,5,1,REDUP(첩어・동일)
허둥지둥거리다,heodungjidunggeorida,Continuous heavy motion of eating/acting in extreme hurry and panic (허둥지둥거리다).,Psychomime (State/Manner),Speed/Tempo,Negative,Voiced (Heavy),Dark/Heavy/Large,Reduplication,hʌduŋtɕiduŋgʌrida,8,5,4,2,5,5,210.0,1.88,5,3200.0,5.89,3,0,4,#800000,25.5,48.0,38.1,"Reflecting plain consonant /平音/ and dark vowel /陰性모음/ for a vector configuration of Weight 8, Time 5, and Flow 2.",,5,5,5,8,COMPOUND(복합・이종)
허둥지둥대다,heodungjidungdaeda,Repeated intense heavy action of eating/acting in extreme hurry and panic (허둥지둥대다).,Psychomime (State/Manner),Speed/Tempo,Negative,Voiced (Heavy),Dark/Heavy/Large,Reduplication,hʌduŋtɕiduŋdɛda,8,5,4,2,5,5,210.0,1.88,5,3200.0,5.89,3,0,4,#800000,25.5,48.0,38.1,"Reflecting plain consonant /平音/ and dark vowel /陰性모음/ for a vector configuration of Weight 8, Time 5, and Flow 2.",,5,5,5,8,COMPOUND(복합・이종)
허둥지둥하다,heodungjidunghada,Heavy or dark state of being eating/acting in extreme hurry and panic (허둥지둥하다).,Psychomime (State/Manner),Speed/Tempo,Negative,Voiced (Heavy),Dark/Heavy/Large,-ri Ending,hʌduŋtɕiduŋhada,8,5,4,2,5,5,210.0,1.88,5,3200.0,5.89,3,0,4,#800000,25.5,48.0,38.1,"Reflecting plain consonant /平音/ and dark vowel /陰性모음/ for a vector configuration of Weight 8, Time 5, and Flow 2.",,5,5,5,8,COMPOUND(복합・이종)
허겁지겁허둥지둥,heogeobjigeobheodungjidung,Alternating rhythm or variation of eating/acting in extreme hurry and panic (허겁지겁허둥지둥).,Psychomime (State/Manner),Speed/Tempo,Negative,Unvoiced (Light),Bright/Light/Small,Reduplication,hʌgʌbtɕigʌbhʌduŋtɕiduŋ,5,8,4,2,5,5,900.0,5.56,8,3200.0,5.89,3,0,4,#708090,52.8,-2.1,-10.6,"Reflecting plain consonant /平音/ and dark vowel /陰性모음/ for a vector configuration of Weight 5, Time 8, and Flow 2.",,5,5,5,8,COMPOUND(복합・이종)
새근새근,saegeunsaegeun,Manner or sound of breathing peacefully asleep (baby) (새근새근).,Phonomime (Voice),Human Body/Physiology,Positive,Unvoiced (Light),Bright/Light/Small,-ri Ending,sɛgɯnsɛgɯn,5,4,4,2,3,5,900.0,5.56,4,3200.0,5.89,6,0,4,#708090,52.8,-2.1,-10.6,"Reflecting plain consonant /平音/ and dark vowel /陰性모음/ for a vector configuration of Weight 5, Time 4, and Flow 2.",,5,5,5,1,REDUP(첩어・동일)
새근새근새근새근,saegeunsaegeunsaegeunsaegeun,"Repeated, continuous manner or sound of breathing peacefully asleep (baby) (새근새근새근새근).",Phonomime (Voice),Human Body/Physiology,Positive,Unvoiced (Light),Bright/Light/Small,Reduplication,sɛgɯnsɛgɯnsɛgɯnsɛgɯn,5,4,4,2,3,5,900.0,5.56,4,3200.0,5.89,6,0,4,#708090,52.8,-2.1,-10.6,"Reflecting plain consonant /平音/ and dark vowel /陰性모음/ for a vector configuration of Weight 5, Time 4, and Flow 2.",,5,5,5,1,REDUP(첩어・동일)
새근새근거리다,saegeunsaegeungeorida,Continuous motion or action of breathing peacefully asleep (baby) (새근새근거리다).,Phonomime (Voice),Human Body/Physiology,Positive,Unvoiced (Light),Bright/Light/Small,Reduplication,sɛgɯnsɛgɯŋʌrida,5,5,4,2,5,5,900.0,5.56,5,3200.0,5.89,6,0,4,#708090,52.8,-2.1,-10.6,"Reflecting plain consonant /平音/ and dark vowel /陰性모음/ for a vector configuration of Weight 5, Time 5, and Flow 2.",,5,5,5,8,COMPOUND(복합・이종)
새근새근대다,saegeunsaegeundaeda,"Repeated, intense action of breathing peacefully asleep (baby) (새근새근대다).",Phonomime (Voice),Human Body/Physiology,Positive,Unvoiced (Light),Bright/Light/Small,Reduplication,sɛgɯnsɛgɯndɛda,5,5,4,2,5,5,900.0,5.56,5,3200.0,5.89,6,0,4,#708090,52.8,-2.1,-10.6,"Reflecting plain consonant /平音/ and dark vowel /陰性모음/ for a vector configuration of Weight 5, Time 5, and Flow 2.",,5,5,5,8,COMPOUND(복합・이종)
새근새근이다,saegeunsaegeunida,Motion or state of breathing peacefully asleep (baby) (새근새근이다).,Phonomime (Voice),Human Body/Physiology,Positive,Unvoiced (Light),Bright/Light/Small,-ri Ending,sɛgɯnsɛgɯnida,5,5,4,2,5,5,900.0,5.56,5,3200.0,5.89,6,0,4,#708090,52.8,-2.1,-10.6,"Reflecting plain consonant /平音/ and dark vowel /陰性모음/ for a vector configuration of Weight 5, Time 5, and Flow 2.",,5,5,5,8,COMPOUND(복합・이종)
새근새근하다,saegeunsaegeunhada,State or quality of being breathing peacefully asleep (baby) (새근새근하다).,Phonomime (Voice),Human Body/Physiology,Positive,Unvoiced (Light),Bright/Light/Small,-ri Ending,sɛgɯnsɛgɯnhada,5,5,4,2,5,5,900.0,5.56,5,3200.0,5.89,6,0,4,#708090,52.8,-2.1,-10.6,"Reflecting plain consonant /平音/ and dark vowel /陰性모음/ for a vector configuration of Weight 5, Time 5, and Flow 2.",,5,5,5,8,COMPOUND(복합・이종)
새근새근이,saegeunsaegeuni,Adverbial state of breathing peacefully asleep (baby) (새근새근이).,Phonomime (Voice),Human Body/Physiology,Positive,Unvoiced (Light),Bright/Light/Small,-ri Ending,sɛgɯnsɛgɯni,5,5,4,2,5,5,900.0,5.56,5,3200.0,5.89,6,0,4,#708090,52.8,-2.1,-10.6,"Reflecting plain consonant /平音/ and dark vowel /陰性모음/ for a vector configuration of Weight 5, Time 5, and Flow 2.",,5,5,5,8,COMPOUND(복합・이종)
숨근숨근,sumgeunsumgeun,Heavy or dark nuance of breathing peacefully asleep (baby) (숨근숨근).,Phonomime (Voice),Human Body/Physiology,Positive,Voiced (Heavy),Dark/Heavy/Large,-ri Ending,sumgɯnsumgɯn,8,4,4,2,5,5,210.0,1.88,4,3200.0,5.89,6,0,4,#800000,25.5,48.0,38.1,"Reflecting plain consonant /平音/ and dark vowel /陰性모음/ for a vector configuration of Weight 8, Time 4, and Flow 2.",,5,5,5,1,REDUP(첩어・동일)
숨근숨근숨근숨근,sumgeunsumgeunsumgeunsumgeun,Repeated heavy or dark nuance of breathing peacefully asleep (baby) (숨근숨근숨근숨근).,Phonomime (Voice),Human Body/Physiology,Positive,Voiced (Heavy),Dark/Heavy/Large,Reduplication,sumgɯnsumgɯnsumgɯnsumgɯn,8,4,4,2,5,5,210.0,1.88,4,3200.0,5.89,6,0,4,#800000,25.5,48.0,38.1,"Reflecting plain consonant /平音/ and dark vowel /陰性모음/ for a vector configuration of Weight 8, Time 4, and Flow 2.",,5,5,5,1,REDUP(첩어・동일)
숨근숨근거리다,sumgeunsumgeungeorida,Continuous heavy motion of breathing peacefully asleep (baby) (숨근숨근거리다).,Phonomime (Voice),Human Body/Physiology,Positive,Voiced (Heavy),Dark/Heavy/Large,Reduplication,sumgɯnsumgɯŋʌrida,8,5,4,2,5,5,210.0,1.88,5,3200.0,5.89,6,0,4,#800000,25.5,48.0,38.1,"Reflecting plain consonant /平音/ and dark vowel /陰性모음/ for a vector configuration of Weight 8, Time 5, and Flow 2.",,5,5,5,8,COMPOUND(복합・이종)
숨근숨근대다,sumgeunsumgeundaeda,Repeated intense heavy action of breathing peacefully asleep (baby) (숨근숨근대다).,Phonomime (Voice),Human Body/Physiology,Positive,Voiced (Heavy),Dark/Heavy/Large,Reduplication,sumgɯnsumgɯndɛda,8,5,4,2,5,5,210.0,1.88,5,3200.0,5.89,6,0,4,#800000,25.5,48.0,38.1,"Reflecting plain consonant /平音/ and dark vowel /陰性모음/ for a vector configuration of Weight 8, Time 5, and Flow 2.",,5,5,5,8,COMPOUND(복합・이종)
숨근숨근하다,sumgeunsumgeunhada,Heavy or dark state of being breathing peacefully asleep (baby) (숨근숨근하다).,Phonomime (Voice),Human Body/Physiology,Positive,Voiced (Heavy),Dark/Heavy/Large,-ri Ending,sumgɯnsumgɯnhada,8,5,4,2,5,5,210.0,1.88,5,3200.0,5.89,6,0,4,#800000,25.5,48.0,38.1,"Reflecting plain consonant /平音/ and dark vowel /陰性모음/ for a vector configuration of Weight 8, Time 5, and Flow 2.",,5,5,5,8,COMPOUND(복합・이종)
새근새근숨근숨근,saegeunsaegeunsumgeunsumgeun,Alternating rhythm or variation of breathing peacefully asleep (baby) (새근새근숨근숨근).,Phonomime (Voice),Human Body/Physiology,Positive,Unvoiced (Light),Bright/Light/Small,Reduplication,sɛgɯnsɛgɯnsumgɯnsumgɯn,5,5,4,2,5,5,900.0,5.56,5,3200.0,5.89,6,0,4,#708090,52.8,-2.1,-10.6,"Reflecting plain consonant /平音/ and dark vowel /陰性모음/ for a vector configuration of Weight 5, Time 5, and Flow 2.",,5,5,5,8,COMPOUND(복합・이종)
칭얼칭얼,chingeolchingeol,"Manner or sound of whinnying, fretful crying child (칭얼칭얼).",Phonomime (Voice),Emotion,Negative,Unvoiced (Light),Bright/Light/Small,-ri Ending,tʰɕʰiŋʌltʰɕʰiŋʌl,7,4,7,2,2,5,240.0,2.22,4,3200.0,5.89,3,0,4,#4B3621,24.5,6.4,16.8,"Reflecting aspirated consonant /激音/ and dark vowel /陰性모음/ for a vector configuration of Weight 7, Time 4, and Flow 2.",,5,5,5,1,REDUP(첩어・동일)
칭얼칭얼칭얼칭얼,chingeolchingeolchingeolchingeol,"Repeated, continuous manner or sound of whinnying, fretful crying child (칭얼칭얼칭얼칭얼).",Phonomime (Voice),Emotion,Negative,Unvoiced (Light),Bright/Light/Small,Reduplication,tʰɕʰiŋʌltʰɕʰiŋʌltʰɕʰiŋʌltʰɕʰiŋʌl,7,4,7,2,2,5,240.0,2.22,4,3200.0,5.89,3,0,4,#4B3621,24.5,6.4,16.8,"Reflecting aspirated consonant /激音/ and dark vowel /陰性모음/ for a vector configuration of Weight 7, Time 4, and Flow 2.",,5,5,5,1,REDUP(첩어・동일)
칭얼칭얼거리다,chingeolchingeolgeorida,"Continuous motion or action of whinnying, fretful crying child (칭얼칭얼거리다).",Phonomime (Voice),Emotion,Negative,Unvoiced (Light),Bright/Light/Small,Reduplication,tʰɕʰiŋʌltʰɕʰiŋʌlgʌrida,7,5,7,2,5,5,240.0,2.22,5,3200.0,5.89,3,0,4,#4B3621,24.5,6.4,16.8,"Reflecting aspirated consonant /激音/ and dark vowel /陰性모음/ for a vector configuration of Weight 7, Time 5, and Flow 2.",,5,5,5,8,COMPOUND(복합・이종)
칭얼칭얼대다,chingeolchingeoldaeda,"Repeated, intense action of whinnying, fretful crying child (칭얼칭얼대다).",Phonomime (Voice),Emotion,Negative,Unvoiced (Light),Bright/Light/Small,Reduplication,tʰɕʰiŋʌltʰɕʰiŋʌldɛda,7,5,7,2,5,5,240.0,2.22,5,3200.0,5.89,3,0,4,#4B3621,24.5,6.4,16.8,"Reflecting aspirated consonant /激音/ and dark vowel /陰性모음/ for a vector configuration of Weight 7, Time 5, and Flow 2.",,5,5,5,8,COMPOUND(복합・이종)
칭얼칭얼이다,chingeolchingeolida,"Motion or state of whinnying, fretful crying child (칭얼칭얼이다).",Phonomime (Voice),Emotion,Negative,Unvoiced (Light),Bright/Light/Small,-ri Ending,tʰɕʰiŋʌltʰɕʰiŋʌlida,7,5,7,2,5,5,240.0,2.22,5,3200.0,5.89,3,0,4,#4B3621,24.5,6.4,16.8,"Reflecting aspirated consonant /激音/ and dark vowel /陰性모음/ for a vector configuration of Weight 7, Time 5, and Flow 2.",,5,5,5,8,COMPOUND(복합・이종)
칭얼칭얼하다,chingeolchingeolhada,"State or quality of being whinnying, fretful crying child (칭얼칭얼하다).",Phonomime (Voice),Emotion,Negative,Unvoiced (Light),Bright/Light/Small,-ri Ending,tʰɕʰiŋʌltʰɕʰiŋʌlhada,7,5,7,2,5,5,240.0,2.22,5,3200.0,5.89,3,0,4,#4B3621,24.5,6.4,16.8,"Reflecting aspirated consonant /激音/ and dark vowel /陰性모음/ for a vector configuration of Weight 7, Time 5, and Flow 2.",,5,5,5,8,COMPOUND(복합・이종)
칭얼칭얼이,chingeolchingeoli,"Adverbial state of whinnying, fretful crying child (칭얼칭얼이).",Phonomime (Voice),Emotion,Negative,Unvoiced (Light),Bright/Light/Small,-ri Ending,tʰɕʰiŋʌltʰɕʰiŋʌli,7,5,7,2,5,5,240.0,2.22,5,3200.0,5.89,3,0,4,#4B3621,24.5,6.4,16.8,"Reflecting aspirated consonant /激音/ and dark vowel /陰性모음/ for a vector configuration of Weight 7, Time 5, and Flow 2.",,5,5,5,8,COMPOUND(복합・이종)
징징,jingjing,"Heavy or dark nuance of whinnying, fretful crying child (징징).",Phonomime (Voice),Emotion,Negative,Voiced (Heavy),Dark/Heavy/Large,-ri Ending,tɕiŋtɕiŋ,8,5,4,5,5,5,210.0,1.88,5,3200.0,5.89,3,0,4,#800000,25.5,48.0,38.1,"Reflecting plain consonant /平音/ and bright vowel /陽性모음/ for a vector configuration of Weight 8, Time 5, and Flow 5.",,5,5,5,8,COMPOUND(복합・이종)
징징징징,jingjingjingjing,"Repeated heavy or dark nuance of whinnying, fretful crying child (징징징징).",Phonomime (Voice),Emotion,Negative,Voiced (Heavy),Dark/Heavy/Large,Reduplication,tɕiŋtɕiŋtɕiŋtɕiŋ,8,4,4,5,5,5,210.0,1.88,4,3200.0,5.89,3,0,4,#800000,25.5,48.0,38.1,"Reflecting plain consonant /平音/ and bright vowel /陽性모음/ for a vector configuration of Weight 8, Time 4, and Flow 5.",,5,5,5,1,REDUP(첩어・동일)
징징거리다,jingjinggeorida,"Continuous heavy motion of whinnying, fretful crying child (징징거리다).",Phonomime (Voice),Emotion,Negative,Voiced (Heavy),Dark/Heavy/Large,Reduplication,tɕiŋtɕiŋgʌrida,8,5,4,5,5,5,210.0,1.88,5,3200.0,5.89,3,0,4,#800000,25.5,48.0,38.1,"Reflecting plain consonant /平音/ and dark vowel /陰性모음/ for a vector configuration of Weight 8, Time 5, and Flow 5.",,5,5,5,8,COMPOUND(복합・이종)
징징대다,jingjingdaeda,"Repeated intense heavy action of whinnying, fretful crying child (징징대다).",Phonomime (Voice),Emotion,Negative,Voiced (Heavy),Dark/Heavy/Large,Reduplication,tɕiŋtɕiŋdɛda,8,5,4,5,5,5,210.0,1.88,5,3200.0,5.89,3,0,4,#800000,25.5,48.0,38.1,"Reflecting plain consonant /平音/ and bright vowel /陽性모음/ for a vector configuration of Weight 8, Time 5, and Flow 5.",,5,5,5,8,COMPOUND(복합・이종)
징징하다,jingjinghada,"Heavy or dark state of being whinnying, fretful crying child (징징하다).",Phonomime (Voice),Emotion,Negative,Voiced (Heavy),Dark/Heavy/Large,-ri Ending,tɕiŋtɕiŋhada,8,5,4,2,5,5,210.0,1.88,5,3200.0,5.89,3,0,4,#800000,25.5,48.0,38.1,"Reflecting plain consonant /平音/ and bright vowel /陽性모음/ for a vector configuration of Weight 8, Time 5, and Flow 2.",,5,5,5,8,COMPOUND(복합・이종)
칭얼칭얼징징,chingeolchingeoljingjing,"Alternating rhythm or variation of whinnying, fretful crying child (칭얼칭얼징징).",Phonomime (Voice),Emotion,Negative,Unvoiced (Light),Bright/Light/Small,Reduplication,tʰɕʰiŋʌltʰɕʰiŋʌltɕiŋtɕiŋ,7,5,7,2,5,5,240.0,2.22,5,3200.0,5.89,3,0,4,#4B3621,24.5,6.4,16.8,"Reflecting aspirated consonant /激音/ and dark vowel /陰性모음/ for a vector configuration of Weight 7, Time 5, and Flow 2.",,5,5,5,8,COMPOUND(복합・이종)
