word,pronunciation_romaji,meaning_en,category,domain,polarity,intensity,tone,morphology,ipa_clean,x1,x2,x3,x4,x5,x6,x7_hz,x7_norm,x8,x9_re,x9_norm,x10,x11,x11_ord,x12,L,a,b,rationale,flags,x13_accent,x14_contour,x15_meter,x16_regularity,morph_type
あたふた,atafuta,"State of being panicked, flustered, or in a hurry.",Psychomime (State/Manner),"Dynamics, Speed/Tempo",Negative,Unvoiced (Light),Dark/Heavy/Large,Reduplication,ataɸuta,2,8,3,6,7,3,440.0,3.75,7,4500.0,6.47,2,mc,3,#FFD700,86.9,-1.9,87.1,"Reflecting unvoiced plosives and fricatives for a vector configuration of Weight 2, Time 8, and Flow 6.",,5,5,5,8,COMPOUND(複合・異種)
あっ,at,Manner or sound of あっ: 声門閉鎖音による極端なTime 9とDecay 9。高いBo値を示す。,Phonomime (Voice),Emotion,Neutral,Semi-voiced (Crisp),Bright/Light/Small,Geminate (促音/Sokuon),aʔ,6,9,9,8,2,1,350.0,3.17,9,8000.0,7.44,9,0,4,#FF0000,53.2,80.1,67.2,"Reflecting geminate sokuon (sudden onset) for a vector configuration of Weight 6, Time 9, and Flow 8.",,2,5,0,0,Q(促音単発)
あっさり,atsari,"Light, refreshing, straightforward, or without lingering attached feelings.",Psychomime (State/Manner),"Texture, Taste",Positive,Unvoiced (Light),Bright/Light/Small,-ri Ending,assaɾi,2,7,8,1,8,5,520.0,4.17,6,1200.0,4.22,3,c,2,#F0FFFF,98.9,-4.9,-1.7,"Reflecting fricatives and flap consonant /ɾ/ for a vector configuration of Weight 2, Time 7, and Flow 1.",,5,5,5,8,COMPOUND(複合・異種)
あっぷあっぷ,atpuatpu,"Flail, struggle for breath in water, or suffer in distress.",Psychomime (State/Manner),"Dynamics, Human Body/Physiology",Negative,Unvoiced (Light),Dark/Heavy/Large,Reduplication,appuappu,5,6,4,7,6,9,220.0,2.0,5,3000.0,5.78,8,mc,3,#4169E1,47.8,26.3,-65.3,"Reflecting unvoiced plosives and geminate sokuon (sudden onset) for a vector configuration of Weight 5, Time 6, and Flow 7.",,4,5,6,1,REDUP(畳語・同一)
あはは,ahaha,"Loud, bright, or cheerful laughter.",Phonomime (Voice),Emotion,Positive,Unvoiced (Light),Bright/Light/Small,Reduplication,ahaha,1,5,2,0,9,6,480.0,3.97,2,500.0,2.73,1,h,6,#FFFF00,97.1,-21.6,94.5,"Reflecting fricatives for a vector configuration of Weight 1, Time 5, and Flow 0.",,3,5,0,0,OTHER(単発)
あぶあぶ,abuabu,Babbling sound of a baby or gasping underwater.,Phonomime (Voice),Living Beings,Positive,Unvoiced (Light),Bright/Light/Small,Reduplication,abuabu,4,5,4,6,7,8,180.0,1.49,4,2500.0,5.47,7,mc,3,#ADD8E6,83.8,-10.9,-11.5,"Reflecting voiced consonants for a vector configuration of Weight 4, Time 5, and Flow 6.",,4,5,6,1,REDUP(畳語・同一)
あんぐり,anguri,Gaping mouth open in astonishment or amazement.,Psychomime (State/Manner),Emotion,Neutral,Unvoiced (Light),Dark/Heavy/Large,-ri Ending,aŋɡuɾi,5,4,8,3,4,4,150.0,1.03,6,800.0,3.53,6,0,4,#FFA500,74.9,23.9,78.9,"Reflecting voiced consonants and nasal resonance for a vector configuration of Weight 5, Time 4, and Flow 3.",,5,5,5,8,COMPOUND(複合・異種)
あんあん,anan,"Crying softly, whimpering, or weeping in a pampered manner.",Phonomime (Voice),Emotion,Negative,Unvoiced (Light),Bright/Light/Small,Reduplication,aŋaŋ,3,3,2,5,8,7,320.0,2.94,2,400.0,2.35,3,hh,7,#FF69B4,65.5,64.2,-10.6,"Reflecting nasal resonance for a vector configuration of Weight 3, Time 3, and Flow 5.",,4,5,6,1,REDUP(畳語・同一)
あーあ,a-a,Sighing or expressing regret/disappointment with a long sound.,Phonomime (Voice),Emotion,Negative,Unvoiced (Light),Bright/Light/Small,Long Vowel,aːa,2,1,1,2,9,4,280.0,2.61,0,200.0,1.18,1,mc,3,#BEBEBE,77.0,-0.0,0.0,"Reflecting long vowel extension for a vector configuration of Weight 2, Time 1, and Flow 2.",,2,7,7,1,LONG(長音ー)
あーん,a-n,Child crying loudly or opening mouth wide.,Phonomime (Voice),Emotion,Negative,Unvoiced (Light),Bright/Light/Small,Long Vowel,aːŋ,3,2,6,3,7,5,250.0,2.32,1,300.0,1.87,2,h,6,#FFDAB9,89.4,8.1,21.0,"Reflecting nasal resonance and long vowel extension for a vector configuration of Weight 3, Time 2, and Flow 3.",,3,8,5,1,LONG+N(長音+ん)
いじいじ,ijiiji,"Hesitant, timid, or sullen behavior.",Psychomime (State/Manner),Emotion,Negative,Unvoiced (Light),Dark/Heavy/Large,Reduplication,idʑiidʑi,4,3,2,9,3,5,200.0,1.75,5,600.0,3.04,4,c,2,#4B0082,20.5,51.7,-53.3,"Reflecting voiced consonants for a vector configuration of Weight 4, Time 3, and Flow 9.",,4,5,6,1,REDUP(畳語・同一)
いそいそ,isoiso,"Excitedly, cheerfully, or eagerly moving.",Psychomime (State/Manner),Emotion,Positive,Unvoiced (Light),Bright/Light/Small,Reduplication,isoiso,2,7,7,2,8,2,600.0,4.54,4,3500.0,6.04,2,mh,5,#FFFACD,97.6,-5.4,22.2,"Reflecting fricatives for a vector configuration of Weight 2, Time 7, and Flow 2.",,4,5,6,1,REDUP(畳語・同一)
いちゃいちゃ,ichaicha,"Flirting, being affectionate or doting.",Psychomime (State/Manner),"Color/Light, Emotion",Positive,Semi-voiced (Crisp),Bright/Light/Small,Reduplication,itɕaitɕa,3,4,4,5,6,8,450.0,3.81,4,1500.0,4.6,6,hh,7,#FFC0CB,83.6,24.1,3.3,"Reflecting unvoiced plosives and fricatives for a vector configuration of Weight 3, Time 4, and Flow 5.",,4,5,6,1,REDUP(畳語・同一)
いひひ,ihihi,"Chuckle eerily, snicker, or laugh with scheme.",Phonomime (Voice),Emotion,Negative,Unvoiced (Light),Bright/Light/Small,Reduplication,içiçi,2,6,6,7,8,4,750.0,5.1,5,2000.0,5.09,4,mc,3,#ADFF2F,92.0,-52.5,81.9,"Reflecting fricatives for a vector configuration of Weight 2, Time 6, and Flow 7.",,3,5,0,0,OTHER(単発)
いらいら,iraira,"Irritated, frustrated, or impatient state.",Pathomime (Emotion),Emotion,Negative,Unvoiced (Light),Dark/Heavy/Large,Reduplication,iɾaiɾa,6,7,6,8,5,2,380.0,3.38,3,5000.0,6.65,5,h,6,#FF4500,57.6,67.8,69.0,"Reflecting flap consonant /ɾ/ for a vector configuration of Weight 6, Time 7, and Flow 8.",,4,5,6,1,REDUP(畳語・同一)
うおーっ,uo-t,Manner or sound of うおーっ: 叫び声や気合いの sound.,Phonomime (Voice),Emotion,Neutral,Unvoiced (Light),Dark/Heavy/Large,Long Vowel,uoːʔ,8,4,9,4,4,5,120.0,0.46,8,12000.0,8.13,9,h,6,#FF0000,53.2,80.1,67.2,"Reflecting geminate sokuon (sudden onset) and long vowel extension for a vector configuration of Weight 8, Time 4, and Flow 4.",,5,5,5,8,COMPOUND(複合・異種)
うおーん,uo-n,Manner or sound of うおーん: 遠くで響く咆哮や泣き voice/cry.,Phonomime (Voice),Living Beings,Negative,Unvoiced (Light),Dark/Heavy/Large,Long Vowel,uoːŋ,7,2,4,2,5,6,110.0,0.24,1,800.0,3.53,3,mh,5,#4682B4,52.5,-4.1,-32.2,"Reflecting nasal resonance and long vowel extension for a vector configuration of Weight 7, Time 2, and Flow 2.",,5,5,5,8,COMPOUND(複合・異種)
うかうか,ukauka,Manner or sound of うかうか: 油断してうっかり過ごす state/manner.,Psychomime (State/Manner),Emotion,Negative,Unvoiced (Light),Bright/Light/Small,Reduplication,ukauka,1,5,2,1,9,2,400.0,3.51,3,1000.0,3.91,1,0,4,#F5F5F5,96.5,-0.0,0.0,"Reflecting unvoiced plosives for a vector configuration of Weight 1, Time 5, and Flow 1.",,4,5,6,1,REDUP(畳語・同一)
うきうき,ukiuki,Manner or sound of うきうき: 心が弾んで軽やかで楽しげな manner.,Pathomime (Emotion),Emotion,Positive,Unvoiced (Light),Dark/Heavy/Large,Reduplication,ukiuki,2,7,6,0,8,3,550.0,4.32,5,2500.0,5.47,2,h,6,#FFFFE0,99.3,-5.1,14.8,"Reflecting unvoiced plosives for a vector configuration of Weight 2, Time 7, and Flow 0.",,4,5,6,1,REDUP(畳語・同一)
うじうじ,ujiuji,Manner or sound of うじうじ: 決断力がなく湿っぽく悩む state/manner.,Psychomime (State/Manner),Emotion,Negative,Unvoiced (Light),Dark/Heavy/Large,Reduplication,udʑiudʑi,5,2,1,9,4,7,180.0,1.49,2,400.0,2.35,6,c,2,#556B2F,42.2,-18.8,30.6,"Reflecting voiced consonants for a vector configuration of Weight 5, Time 2, and Flow 9.",,4,5,6,1,REDUP(畳語・同一)
うじゃうじゃ,ujauja,Manner or sound of うじゃうじゃ: 小動物や虫などが無数に群がっている state/manner.,Psychomime (State/Manner),Density/Distance,Negative,Semi-voiced (Crisp),Dark/Heavy/Large,Reduplication,udʑaudʑa,6,3,3,7,5,8,220.0,2.0,3,1800.0,4.91,8,mc,3,#8B4513,37.5,26.4,41.0,"Reflecting voiced consonants for a vector configuration of Weight 6, Time 3, and Flow 7.",,4,5,6,1,REDUP(畳語・同一)
うずうず,uzuuzu,Manner or sound of うずうず: したいことが抑えきれず体や心が動く state/manner.,Pathomime (Emotion),Emotion,Neutral,Unvoiced (Light),Dark/Heavy/Large,Reduplication,uzuuzu,5,6,7,9,3,4,250.0,2.32,4,3000.0,5.78,7,h,6,#DAA520,70.8,8.5,68.8,"Reflecting voiced consonants for a vector configuration of Weight 5, Time 6, and Flow 9.",,4,5,6,1,REDUP(畳語・同一)
うっ,ut,Manner or sound of うっ: 息や言葉が瞬間的に詰まる音・ state/manner.,Algomime (Pain),Human Body/Physiology,Negative,Voiced (Heavy),Dark/Heavy/Large,Geminate (促音/Sokuon),uʔ,7,9,9,9,1,1,300.0,2.78,9,10000.0,7.82,9,0,4,#000000,0.0,0.0,0.0,"Reflecting geminate sokuon (sudden onset) for a vector configuration of Weight 7, Time 9, and Flow 9.",,2,5,0,0,Q(促音単発)
うっかり,utkari,Manner or sound of うっかり: 注意が行き届かず、思わず過ちを犯す manner.,Psychomime (State/Manner),Emotion,Negative,Semi-voiced (Crisp),Bright/Light/Small,-ri Ending,ukkaɾi,3,8,5,6,4,2,480.0,3.97,7,3500.0,6.04,5,0,4,#FFFFFF,100.0,-0.0,0.0,"Reflecting unvoiced plosives and flap consonant /ɾ/ for a vector configuration of Weight 3, Time 8, and Flow 6.",,5,5,5,8,COMPOUND(複合・異種)
うっすら,utsura,Manner or sound of うっすら: かすかに、薄く表れている state/manner.,Psychomime (State/Manner),Color/Light,Positive,Unvoiced (Light),Bright/Light/Small,-ri Ending,ussuɾa,2,3,2,4,8,3,420.0,3.63,3,900.0,3.73,2,c,2,#E6E6FA,91.8,3.7,-9.7,"Reflecting fricatives and flap consonant /ɾ/ for a vector configuration of Weight 2, Time 3, and Flow 4.",,5,5,5,8,COMPOUND(複合・異種)
うっとり,uttori,Manner or sound of うっとり: 美しさや快感に見とれて我を忘れる manner.,Pathomime (Emotion),Emotion,Positive,Unvoiced (Light),Bright/Light/Small,-ri Ending,uttoɾi,3,2,4,0,6,6,350.0,3.17,4,800.0,3.53,4,hh,7,#DDA0DD,73.4,32.5,-22.0,"Reflecting unvoiced plosives and flap consonant /ɾ/ for a vector configuration of Weight 3, Time 2, and Flow 0.",,5,5,5,8,COMPOUND(複合・異種)
うつらうつら,utsurautsura,Manner or sound of うつらうつら: うとうとと微睡む state/manner.,Psychomime (State/Manner),Human Body/Physiology,Neutral,Semi-voiced (Crisp),Dark/Heavy/Large,Reduplication,utsuɾautsuɾa,2,2,2,5,7,5,280.0,2.61,4,600.0,3.04,3,mc,3,#B0C4DE,78.5,-1.3,-15.2,"Reflecting unvoiced plosives and fricatives for a vector configuration of Weight 2, Time 2, and Flow 5.",,4,5,6,1,REDUP(畳語・同一)
うとうと,utouto,Manner or sound of うとうと: 浅い眠りに落ちかける state/manner.,Psychomime (State/Manner),Human Body/Physiology,Neutral,Unvoiced (Light),Dark/Heavy/Large,Reduplication,utouto,2,2,1,6,6,4,250.0,2.32,5,400.0,2.35,2,mc,3,#778899,55.9,-2.2,-11.1,"Reflecting unvoiced plosives for a vector configuration of Weight 2, Time 2, and Flow 6.",,4,5,6,1,REDUP(畳語・同一)
うねうね,uneune,Manner or sound of うねうね: 曲がりくねって続く state/manner.,Psychomime (State/Manner),Dynamics,Neutral,Semi-voiced (Crisp),Dark/Heavy/Large,Reduplication,uneune,4,3,1,4,8,7,200.0,1.75,1,700.0,3.31,5,mc,3,#556B2F,42.2,-18.8,30.6,"Reflecting nasal resonance for a vector configuration of Weight 4, Time 3, and Flow 4.",,4,5,6,1,REDUP(畳語・同一)
うはうは,uhauha,Manner or sound of うはうは: 思いがけない幸運に大喜びする state/manner.,Pathomime (Emotion),Emotion,Positive,Unvoiced (Light),Bright/Light/Small,Reduplication,uhauha,3,6,5,0,9,5,450.0,3.81,3,2200.0,5.25,3,hh,7,#FFD700,86.9,-1.9,87.1,"Reflecting fricatives for a vector configuration of Weight 3, Time 6, and Flow 0.",,4,5,6,1,REDUP(畳語・同一)
うふふ,ufufu,Manner or sound of うふふ: 含み笑いをする声、女性などの静かな笑い。,Psychomime (State/Manner),Dynamics,Neutral,Unvoiced (Light),Neutral,Reduplication,uɸuɸu,2,4,3,7,8,6,380.0,3.38,4,1200.0,4.22,4,mh,5,#FFF0F5,96.1,5.9,-0.6,"Reflecting fricatives for a vector configuration of Weight 2, Time 4, and Flow 7.",,3,5,0,0,OTHER(単発)
うようよ,uyouyo,Manner or sound of うようよ: 気味の悪い小動物などが群がって動く state/manner.,Psychomime (State/Manner),Density/Distance,Negative,Unvoiced (Light),Dark/Heavy/Large,Reduplication,ujoujo,5,3,2,6,6,8,180.0,1.49,2,1500.0,4.6,8,mc,3,#6B8E23,54.7,-28.2,49.7,"Reflecting phonetic sound symbolism for a vector configuration of Weight 5, Time 3, and Flow 6.",,4,5,6,1,REDUP(畳語・同一)
うらうら,uraura,Manner or sound of うらうら: 日の光がのどかに降り注ぐ state/manner.,Psychomime (State/Manner),Dynamics,Neutral,Unvoiced (Light),Neutral,Reduplication,uɾauɾa,1,2,1,2,8,4,320.0,2.94,1,500.0,2.73,1,hh,7,#FFFACD,97.6,-5.4,22.2,"Reflecting flap consonant /ɾ/ for a vector configuration of Weight 1, Time 2, and Flow 2.",,4,5,6,1,REDUP(畳語・同一)
うろうろ,urouro,Manner or sound of うろうろ: 目的もなくあちこちを歩き回る state/manner.,Psychomime (State/Manner),Dynamics,Neutral,Unvoiced (Light),Dark/Heavy/Large,Reduplication,uɾouɾo,4,4,2,4,7,4,280.0,2.61,3,900.0,3.73,4,0,4,#A9A9A9,69.2,-0.0,0.0,"Reflecting flap consonant /ɾ/ for a vector configuration of Weight 4, Time 4, and Flow 4.",,4,5,6,1,REDUP(畳語・同一)
うろちょろ,urochoro,Manner or sound of うろちょろ: 小刻みにあちこち動き回って落ち着かない manner.,Psychomime (State/Manner),Speed/Tempo,Negative,Unvoiced (Light),Bright/Light/Small,Reduplication,uɾotɕoɾo,3,7,6,5,6,3,480.0,3.97,5,2800.0,5.66,5,mc,3,#9ACD32,76.5,-38.0,66.6,"Reflecting unvoiced plosives and fricatives for a vector configuration of Weight 3, Time 7, and Flow 5.",,5,5,5,8,COMPOUND(複合・異種)
うわーん,uwa-n,Manner or sound of うわーん: 大声で泣き叫ぶ state/manner.,Phonomime (Voice),Emotion,Negative,Unvoiced (Light),Dark/Heavy/Large,Long Vowel,uwaːŋ,7,4,6,3,5,8,400.0,3.51,1,1500.0,4.6,5,h,6,#1E90FF,59.4,10.0,-63.4,"Reflecting nasal resonance and long vowel extension for a vector configuration of Weight 7, Time 4, and Flow 3.",,5,5,5,8,COMPOUND(複合・異種)
うん,un,Manner or sound of うん: うなずく声、 or 力を込める voice/cry.,Phonomime (Voice),Relationship,Positive,Unvoiced (Light),Dark/Heavy/Large,Geminate (促音/Sokuon),uŋ,4,5,7,6,3,5,150.0,1.03,5,400.0,2.35,6,mc,3,#808080,53.6,-0.0,0.0,"Reflecting nasal resonance for a vector configuration of Weight 4, Time 5, and Flow 6.",,3,6,0,0,N(撥音単発)
うんうん,unun,Manner or sound of うんうん: 深く納得したり、苦しんで呻いたりする state/manner.,Psychomime (State/Manner),Dynamics,Neutral,Unvoiced (Light),Neutral,Reduplication,uŋuŋ,3,4,4,5,4,6,160.0,1.19,4,300.0,1.87,5,mh,5,#A52A2A,37.5,49.7,30.5,"Reflecting nasal resonance for a vector configuration of Weight 3, Time 4, and Flow 5.",,4,5,6,1,REDUP(畳語・同一)
うんざり,unzari,Manner or sound of うんざり: 飽き飽きして嫌気が差す manner.,Pathomime (Emotion),Emotion,Negative,Semi-voiced (Crisp),Dark/Heavy/Large,-ri Ending,uŋzaɾi,7,3,4,8,4,6,220.0,2.0,6,800.0,3.53,7,c,2,#483D8B,30.8,26.1,-42.1,"Reflecting voiced consonants and nasal resonance for a vector configuration of Weight 7, Time 3, and Flow 8.",,5,5,5,8,COMPOUND(複合・異種)
うーん,u-n,Manner or sound of うーん: 腕組みをして悩み呻く voice/cry.,Psychomime (State/Manner),Dynamics,Neutral,Unvoiced (Light),Neutral,Reduplication,uːŋ,5,1,2,7,3,6,140.0,0.85,0,200.0,1.18,8,mc,3,#696969,44.4,-0.0,0.0,"Reflecting nasal resonance and long vowel extension for a vector configuration of Weight 5, Time 1, and Flow 7.",,3,8,5,1,LONG+N(長音+ん)
えごえご,egoego,Manner or sound of えごえご: 有声破裂音/ɡ/による不快な粘性と重さ。,Psychomime (State/Manner),Dynamics,Neutral,Unvoiced (Light),Neutral,Reduplication,eɡoeɡo,6,4,3,6,5,7,180.0,1.49,4,1100.0,4.07,6,c,2,#4B0082,20.5,51.7,-53.3,"Reflecting voiced consonants for a vector configuration of Weight 6, Time 4, and Flow 6.",,4,5,6,1,REDUP(畳語・同一)
えっさえっさ,etsaetsa,Manner or sound of えっさえっさ: 労働のTime 8。摩擦音による熱産生。,Psychomime (State/Manner),Dynamics,Neutral,Unvoiced (Light),Neutral,Reduplication,essaessa,5,8,8,3,6,4,400.0,3.51,6,5000.0,6.65,4,h,6,#FF8C00,69.5,36.8,75.5,"Reflecting fricatives and geminate sokuon (sudden onset) for a vector configuration of Weight 5, Time 8, and Flow 3.",,4,5,6,1,REDUP(畳語・同一)
えっさっさ,etsatsa,Manner or sound of えっさっさ: 促音の連続による高い時間的・空間的密度。,Psychomime (State/Manner),Dynamics,Neutral,Unvoiced (Light),Neutral,Reduplication,essassa,4,9,9,4,5,3,450.0,3.81,8,6000.0,6.95,5,h,6,#FF4500,57.6,67.8,69.0,"Reflecting fricatives and geminate sokuon (sudden onset) for a vector configuration of Weight 4, Time 9, and Flow 4.",,2,5,0,0,Q(促音単発)
えっちらおっちら,etchiraotchira,Manner or sound of えっちらおっちら: 重い荷物などを苦労して運ぶ state/manner.,Psychomime (State/Manner),"Dynamics, Mass/Weight",Negative,Semi-voiced (Crisp),Dark/Heavy/Large,Reduplication,ettɕiɾaottɕiɾa,6,5,3,5,5,5,300.0,2.78,4,900.0,3.73,6,mh,5,#CD853F,61.8,21.4,47.9,"Reflecting unvoiced plosives and fricatives for a vector configuration of Weight 6, Time 5, and Flow 5.",,2,5,0,0,Q(促音単発)
えへへ,ehehe,Manner or sound of えへへ: 照れ笑いやごまかしの笑い voice/cry.,Phonomime (Voice),Emotion,Positive,Unvoiced (Light),Bright/Light/Small,Reduplication,ehehe,2,5,3,4,9,5,420.0,3.63,3,1200.0,4.22,2,h,6,#F0E68C,90.3,-9.0,45.0,"Reflecting fricatives for a vector configuration of Weight 2, Time 5, and Flow 4.",,3,5,0,0,OTHER(単発)
えへん,ehen,Manner or sound of えへん: 注意を引くための軽い咳払い。,Psychomime (State/Manner),Dynamics,Neutral,Unvoiced (Light),Neutral,Reduplication,eheŋ,5,6,7,7,4,4,200.0,1.75,6,1800.0,4.91,7,mc,3,#8B0000,28.1,51.0,41.3,"Reflecting fricatives and nasal resonance for a vector configuration of Weight 5, Time 6, and Flow 7.",,3,6,0,0,N(撥音単発)
おいおい,oioi,Manner or sound of おいおい: 大声で泣く声、 or 人に呼びかける voice/cry.,Phonomime (Voice),Emotion,Negative,Unvoiced (Light),Bright/Light/Small,Reduplication,oioi,4,4,4,3,6,7,280.0,2.61,4,700.0,3.31,4,mc,3,#4682B4,52.5,-4.1,-32.2,"Reflecting phonetic sound symbolism for a vector configuration of Weight 4, Time 4, and Flow 3.",,4,5,6,1,REDUP(畳語・同一)
おずおず,ozuozu,Manner or sound of おずおず: 恐る恐る躊躇しながら行動する state/manner.,Psychomime (State/Manner),Emotion,Negative,Semi-voiced (Crisp),Dark/Heavy/Large,Reduplication,ozuozu,4,3,1,9,3,5,200.0,1.75,5,400.0,2.35,5,c,2,#708090,52.8,-2.1,-10.6,"Reflecting voiced consonants for a vector configuration of Weight 4, Time 3, and Flow 9.",,4,5,6,1,REDUP(畳語・同一)
おたおた,otaota,Manner or sound of おたおた: 慌て惑って狼狽する state/manner.,Psychomime (State/Manner),Emotion,Negative,Unvoiced (Light),Bright/Light/Small,Reduplication,otaota,4,7,3,6,6,3,380.0,3.38,6,1500.0,4.6,4,mc,3,#BDB76B,73.4,-8.8,39.3,"Reflecting unvoiced plosives for a vector configuration of Weight 4, Time 7, and Flow 6.",,4,5,6,1,REDUP(畳語・同一)
おちおち,ochiochi,Manner or sound of おちおち: 落ち着いて安心して〜できない state/manner.,Psychomime (State/Manner),Dynamics,Neutral,Unvoiced (Light),Neutral,Reduplication,otɕiotɕi,3,4,4,7,6,6,400.0,3.51,5,1200.0,4.22,5,mc,3,#708090,52.8,-2.1,-10.6,"Reflecting unvoiced plosives and fricatives for a vector configuration of Weight 3, Time 4, and Flow 7.",,4,5,6,1,REDUP(畳語・同一)
おっとり,ottori,Manner or sound of おっとり: 落ち着いていて温厚・穏やかな manner.,Psychomime (State/Manner),Emotion,Positive,Unvoiced (Light),Dark/Heavy/Large,-ri Ending,ottoɾi,2,1,2,0,7,6,300.0,2.78,4,600.0,3.04,3,mh,5,#FFB6C1,81.1,28.0,5.0,"Reflecting unvoiced plosives and flap consonant /ɾ/ for a vector configuration of Weight 2, Time 1, and Flow 0.",,5,5,5,8,COMPOUND(複合・異種)
おどおど,odoodo,Manner or sound of おどおど: 不安や恐怖で心身が震える state/manner.,Pathomime (Emotion),Emotion,Negative,Unvoiced (Light),Dark/Heavy/Large,Reduplication,odoodo,6,4,2,9,4,5,180.0,1.49,5,400.0,2.35,6,c,2,#556B2F,42.2,-18.8,30.6,"Reflecting voiced consonants for a vector configuration of Weight 6, Time 4, and Flow 9.",,4,5,6,1,REDUP(畳語・同一)
おほほ,ohoho,Manner or sound of おほほ: 上品な女性の高らかな笑い voice/cry.,Psychomime (State/Manner),Dynamics,Neutral,Unvoiced (Light),Neutral,Reduplication,ohoho,3,5,8,4,9,4,350.0,3.17,3,1500.0,4.6,3,h,6,#EE82EE,69.7,56.4,-36.8,"Reflecting fricatives for a vector configuration of Weight 3, Time 5, and Flow 4.",,3,5,0,0,OTHER(単発)
おぼおぼ,oboobo,Manner or sound of おぼおぼ: 意識の混濁。高いMoistureと低い周波数。,Psychomime (State/Manner),Dynamics,Neutral,Unvoiced (Light),Neutral,Reduplication,oboobo,6,3,2,6,5,8,160.0,1.19,4,800.0,3.53,7,mc,3,#4169E1,47.8,26.3,-65.3,"Reflecting voiced consonants for a vector configuration of Weight 6, Time 3, and Flow 6.",,4,5,6,1,REDUP(畳語・同一)
おめおめ,omeome,Manner or sound of おめおめ: 恥を恥とも思わず平然としている manner.,Psychomime (State/Manner),Dynamics,Neutral,Unvoiced (Light),Neutral,Reduplication,omeome,5,2,2,5,4,7,240.0,2.22,2,300.0,1.87,5,mc,3,#800000,25.5,48.0,38.1,"Reflecting nasal resonance for a vector configuration of Weight 5, Time 2, and Flow 5.",,4,5,6,1,REDUP(畳語・同一)
おろおろ,orooro,Manner or sound of おろおろ: どうしてよいかわからず惑い動く state/manner.,Pathomime (Emotion),Emotion,Negative,Unvoiced (Light),Dark/Heavy/Large,Reduplication,oɾooɾo,5,6,3,5,7,5,260.0,2.42,4,1000.0,3.91,4,c,2,#A9A9A9,69.2,-0.0,0.0,"Reflecting flap consonant /ɾ/ for a vector configuration of Weight 5, Time 6, and Flow 5.",,4,5,6,1,REDUP(畳語・同一)
かあかあ,kaakaa,Manner or sound of かあかあ: カラスの鳴 sound.硬い喉の摩擦と高い空間直接性。,Psychomime (State/Manner),Dynamics,Neutral,Unvoiced (Light),Neutral,Reduplication,kaakaa,5,4,7,2,6,2,650.0,4.74,3,4500.0,6.47,4,h,6,#000000,0.0,0.0,0.0,"Reflecting unvoiced plosives for a vector configuration of Weight 5, Time 4, and Flow 2.",,4,5,6,1,REDUP(畳語・同一)
かさかさ,kasakasa,Manner or sound of かさかさ: 極端な乾燥。高周波摩擦音による乱流。,Phenomime (Sound),Texture,Neutral,Voiced (Heavy),Bright/Light/Small,Reduplication,kasakasa,1,7,4,3,8,0,1200.0,6.29,6,9000.0,7.64,2,0,4,#D2B48C,75.0,5.0,24.4,"Reflecting unvoiced plosives and fricatives for a vector configuration of Weight 1, Time 7, and Flow 3.",,4,5,6,1,REDUP(畳語・同一)
かさこそ,kasakoso,Manner or sound of かさこそ: 乾燥した小物体との接触。Reは高い。,Psychomime (State/Manner),Dynamics,Neutral,Unvoiced (Light),Neutral,Reduplication,kasakoso,1,6,3,4,8,1,900.0,5.56,5,6000.0,6.95,3,mc,3,#8B4513,37.5,26.4,41.0,"Reflecting unvoiced plosives and fricatives for a vector configuration of Weight 1, Time 6, and Flow 4.",,5,5,5,8,COMPOUND(複合・異種)
かすかす,kasukasu,Manner or sound of かすかす: 密度不足。完全な乾燥と空気質の流体。,Psychomime (State/Manner),Dynamics,Neutral,Unvoiced (Light),Neutral,Reduplication,kasukasu,1,3,2,5,9,0,1500.0,6.86,4,10000.0,7.82,1,c,2,#F5F5F5,96.5,-0.0,0.0,"Reflecting unvoiced plosives and fricatives for a vector configuration of Weight 1, Time 3, and Flow 5.",,4,5,6,1,REDUP(畳語・同一)
かたかた,katakata,Manner or sound of かたかた: 剛体の衝突。高い時間的突発性。,Psychomime (State/Manner),Dynamics,Neutral,Unvoiced (Light),Neutral,Reduplication,katakata,3,8,7,7,1,2,500.0,4.07,7,7000.0,7.22,8,c,2,#808080,53.6,-0.0,0.0,"Reflecting unvoiced plosives for a vector configuration of Weight 3, Time 8, and Flow 7.",,4,5,6,1,REDUP(畳語・同一)
かたり,katari,Manner or sound of かたり: 単発の剛体接触。弾き音による余韻。,Psychomime (State/Manner),Dynamics,Neutral,Unvoiced (Light),Neutral,Reduplication,kataɾi,4,7,8,5,2,3,450.0,3.81,6,5000.0,6.65,7,mc,3,#A0522D,43.8,29.3,35.6,"Reflecting unvoiced plosives and flap consonant /ɾ/ for a vector configuration of Weight 4, Time 7, and Flow 5.",,4,6,0,0,RI(り単発)
かたん,katan,Manner or sound of かたん: 重量物の設置。直接的なSpace 9と高いBo数。,Psychomime (State/Manner),Dynamics,Neutral,Unvoiced (Light),Neutral,Reduplication,kataŋ,5,8,9,6,2,4,300.0,2.78,7,3000.0,5.78,9,mc,3,#2F4F4F,31.3,-11.7,-3.7,"Reflecting unvoiced plosives and nasal resonance for a vector configuration of Weight 5, Time 8, and Flow 6.",,3,6,0,0,N(撥音単発)
かちかち,kachikachi,Manner or sound of かちかち: 最高の剛体感。高周波かつ急峻な減衰。,Phenomime (Sound),Speed/Tempo,Neutral,Semi-voiced (Crisp),Bright/Light/Small,Reduplication,katɕikatɕi,4,8,8,8,0,1,1800.0,7.32,8,12000.0,8.13,9,c,2,#C0C0C0,77.7,-0.0,0.0,"Reflecting unvoiced plosives and fricatives for a vector configuration of Weight 4, Time 8, and Flow 8.",,4,5,6,1,REDUP(畳語・同一)
かちっ,kachit,Manner or sound of かちっ: スイッチの切り替え。限界値の突発性と剛性。,Psychomime (State/Manner),Dynamics,Neutral,Unvoiced (Light),Neutral,Reduplication,katɕiʔ,4,9,9,9,0,1,2000.0,7.58,9,15000.0,8.51,9,0,4,#FFFFFF,100.0,-0.0,0.0,"Reflecting unvoiced plosives and fricatives for a vector configuration of Weight 4, Time 9, and Flow 9.",,2,5,0,0,Q(促音単発)
かちゃかちゃ,kachakacha,Manner or sound of かちゃかちゃ: 小さな剛体の多重衝突。高いRe数。,Phenomime (Sound),Texture,Neutral,Unvoiced (Light),Bright/Light/Small,Reduplication,katɕakatɕa,3,8,6,5,1,2,2500.0,8.15,7,13000.0,8.27,7,c,2,#D3D3D3,84.6,-0.0,0.0,"Reflecting unvoiced plosives and fricatives for a vector configuration of Weight 3, Time 8, and Flow 5.",,4,5,6,1,REDUP(畳語・同一)
かちん,kachin,Manner or sound of かちん: 怒りや硬質な衝突。強い抑制と圧縮性。,Psychomime (State/Manner),Dynamics,Neutral,Unvoiced (Light),Neutral,Reduplication,katɕiŋ,6,8,9,9,0,2,1600.0,7.02,8,9000.0,7.64,9,c,2,#4682B4,52.5,-4.1,-32.2,"Reflecting unvoiced plosives and fricatives for a vector configuration of Weight 6, Time 8, and Flow 9.",,3,6,0,0,N(撥音単発)
かちんかちん,kachinkachin,Manner or sound of かちんかちん: 凍結した硬さ。最小のMoistureと最大のHardness。,Psychomime (State/Manner),Dynamics,Neutral,Unvoiced (Light),Neutral,Reduplication,katɕiŋkatɕiŋ,7,8,8,9,0,1,1500.0,6.86,8,8000.0,7.44,9,cc,1,#E0FFFF,97.9,-9.9,-3.4,"Reflecting unvoiced plosives and fricatives for a vector configuration of Weight 7, Time 8, and Flow 9.",,4,5,6,1,REDUP(畳語・同一)
かっ,kat,Manner or sound of かっ: 瞬間的な発火。高い温度感と気圧。,Psychomime (State/Manner),Dynamics,Neutral,Unvoiced (Light),Neutral,Reduplication,kaʔ,7,9,9,8,3,1,800.0,5.26,9,18000.0,8.82,9,hh,7,#FF0000,53.2,80.1,67.2,"Reflecting unvoiced plosives and geminate sokuon (sudden onset) for a vector configuration of Weight 7, Time 9, and Flow 8.",,2,5,0,0,Q(促音単発)
かっきり,katkiri,Manner or sound of かっきり: 境界の明確さ。Space 9の直接性と剛性。,Psychomime (State/Manner),Dynamics,Neutral,Unvoiced (Light),Neutral,Reduplication,kakkiɾi,4,8,9,7,2,2,700.0,4.93,8,6000.0,6.95,8,0,4,#000000,0.0,0.0,0.0,"Reflecting unvoiced plosives and flap consonant /ɾ/ for a vector configuration of Weight 4, Time 8, and Flow 7.",,5,5,5,8,COMPOUND(複合・異種)
かっちり,katchiri,Manner or sound of かっちり: 適合の精度。高い抑制と剛体感。,Psychomime (State/Manner),Dynamics,Neutral,Unvoiced (Light),Neutral,Reduplication,kattɕiɾi,5,8,9,8,1,3,650.0,4.74,7,5000.0,6.65,9,0,4,#708090,52.8,-2.1,-10.6,"Reflecting unvoiced plosives and fricatives for a vector configuration of Weight 5, Time 8, and Flow 8.",,5,5,5,8,COMPOUND(複合・異種)
かっちんかっちん,katchinkatchin,Manner or sound of かっちんかっちん: 時計の針や凍結。極めて高いWeightとHardness。,Psychomime (State/Manner),Dynamics,Neutral,Unvoiced (Light),Neutral,Reduplication,kattɕiŋkattɕiŋ,8,8,8,9,0,1,1400.0,6.68,8,7000.0,7.22,9,cc,1,#AFEEEE,90.1,-19.6,-6.4,"Reflecting unvoiced plosives and fricatives for a vector configuration of Weight 8, Time 8, and Flow 9.",,4,5,6,1,REDUP(畳語・同一)
かつかつ,katsukatsu,Manner or sound of かつかつ: 靴音や余裕のなさ。硬い接触と時間的切迫。,Psychomime (State/Manner),Speed/Tempo,Negative,Voiced (Heavy),Bright/Light/Small,Reduplication,katsukatsu,5,7,7,6,2,1,600.0,4.54,7,4000.0,6.27,7,mc,3,#696969,44.4,-0.0,0.0,"Reflecting unvoiced plosives and fricatives for a vector configuration of Weight 5, Time 7, and Flow 6.",,4,5,6,1,REDUP(畳語・同一)
からから,karakara,Manner or sound of からから: 空洞感。Moisture 0と流体運動。,Psychomime (State/Manner),Dynamics,Neutral,Unvoiced (Light),Neutral,Reduplication,kaɾakaɾa,3,6,4,3,7,0,550.0,4.32,5,3500.0,6.04,3,0,4,#F4A460,74.0,23.0,46.8,"Reflecting unvoiced plosives and flap consonant /ɾ/ for a vector configuration of Weight 3, Time 6, and Flow 3.",,4,5,6,1,REDUP(畳語・同一)
からころ,karakoro,Manner or sound of からころ: 下駄などの木製剛体。適度なHardness。,Psychomime (State/Manner),Dynamics,Neutral,Unvoiced (Light),Neutral,Reduplication,kaɾakoɾo,4,6,5,4,4,1,400.0,3.51,5,3000.0,5.78,4,mc,3,#8B4513,37.5,26.4,41.0,"Reflecting unvoiced plosives and flap consonant /ɾ/ for a vector configuration of Weight 4, Time 6, and Flow 4.",,5,5,5,8,COMPOUND(複合・異種)
からっと,karatto,Manner or sound of からっと: 湿気の除去。高い時間突発性と完全乾燥。,Psychomime (State/Manner),Dynamics,Neutral,Unvoiced (Light),Neutral,Reduplication,kaɾatto,2,8,7,4,8,0,700.0,4.93,8,8000.0,7.44,6,h,6,#87CEEB,79.2,-14.8,-21.3,"Reflecting unvoiced plosives and flap consonant /ɾ/ for a vector configuration of Weight 2, Time 8, and Flow 4.",,5,5,5,8,COMPOUND(複合・異種)
からり,karari,Manner or sound of からり: 開放的な空間。低いWeightと高い流体性。,Psychomime (State/Manner),Dynamics,Neutral,Unvoiced (Light),Neutral,Reduplication,kaɾaɾi,2,5,5,2,9,1,600.0,4.54,5,2500.0,5.47,4,h,6,#FFFFFF,100.0,-0.0,0.0,"Reflecting unvoiced plosives and flap consonant /ɾ/ for a vector configuration of Weight 2, Time 5, and Flow 2.",,4,6,0,0,RI(り単発)
からんからん,karankaran,Manner or sound of からんからん: ベルのような硬質な響きと余韻。,Psychomime (State/Manner),Dynamics,Neutral,Unvoiced (Light),Neutral,Reduplication,kaɾaŋkaɾaŋ,4,5,6,3,3,2,450.0,3.81,4,2800.0,5.66,6,mc,3,#B8860B,59.2,9.9,62.7,"Reflecting unvoiced plosives and nasal resonance for a vector configuration of Weight 4, Time 5, and Flow 3.",,4,5,6,1,REDUP(畳語・同一)
かりかり,karikari,Manner or sound of かりかり: 小さな破壊。高周波と乾燥。,Psychomime (State/Manner),Dynamics,Neutral,Unvoiced (Light),Neutral,Reduplication,kaɾikaɾi,3,8,6,7,2,0,1500.0,6.86,8,11000.0,7.98,5,c,2,#CD853F,61.8,21.4,47.9,"Reflecting unvoiced plosives and flap consonant /ɾ/ for a vector configuration of Weight 3, Time 8, and Flow 7.",,4,5,6,1,REDUP(畳語・同一)
かんかん,kankan,Manner or sound of かんかん: 高温の太陽や金属打撃。Space 9の直接性。,Psychomime (State/Manner),Dynamics,Neutral,Unvoiced (Light),Neutral,Reduplication,kaŋkaŋ,6,7,9,6,1,2,900.0,5.56,5,6500.0,7.09,8,hhh,8,#FF4500,57.6,67.8,69.0,"Reflecting unvoiced plosives and nasal resonance for a vector configuration of Weight 6, Time 7, and Flow 6.",,4,5,6,1,REDUP(畳語・同一)
かーかー,ka-ka-,Manner or sound of かーかー: 持続する鳥の voice/cry.中程度の流体性とWeight。,Psychomime (State/Manner),Dynamics,Neutral,Unvoiced (Light),Neutral,Reduplication,kaːkaː,5,4,6,2,6,2,600.0,4.54,1,4000.0,6.27,3,h,6,#000000,0.0,0.0,0.0,"Reflecting unvoiced plosives and long vowel extension for a vector configuration of Weight 5, Time 4, and Flow 2.",,4,5,6,1,REDUP(畳語・同一)
かーん,ka-n,Manner or sound of かーん: 高い空間貫通力。金属的なHardnessと持続。,Psychomime (State/Manner),Dynamics,Neutral,Unvoiced (Light),Neutral,Reduplication,kaːŋ,4,3,9,2,2,3,1200.0,6.29,2,5000.0,6.65,9,h,6,#FFD700,86.9,-1.9,87.1,"Reflecting unvoiced plosives and nasal resonance for a vector configuration of Weight 4, Time 3, and Flow 2.",,3,8,5,1,LONG+N(長音+ん)
かーんかーん,ka-nka-n,Manner or sound of かーんかーん: 鐘の sound.より強いWeightと直接性。,Psychomime (State/Manner),Dynamics,Neutral,Unvoiced (Light),Neutral,Reduplication,kaːŋkaːŋ,5,4,9,3,2,3,1100.0,6.07,2,5500.0,6.81,9,h,6,#DAA520,70.8,8.5,68.8,"Reflecting unvoiced plosives and nasal resonance for a vector configuration of Weight 5, Time 4, and Flow 3.",,4,5,6,1,REDUP(畳語・同一)
がくがく,gakugaku,Manner or sound of がくがく: 有声破裂音/ɡ/による重い振動。関節の不連続性。,Psychomime (State/Manner),"Dynamics, Human Body/Physiology",Negative,Unvoiced (Light),Dark/Heavy/Large,Reduplication,ɡakuɡaku,7,7,4,8,3,4,180.0,1.49,7,4500.0,6.47,6,c,2,#A9A9A9,69.2,-0.0,0.0,"Reflecting voiced consonants and unvoiced plosives for a vector configuration of Weight 7, Time 7, and Flow 8.",,4,5,6,1,REDUP(畳語・同一)
がくん,gakun,Manner or sound of がくん: 急激な落差。最大のWeightと時間突発性。,Psychomime (State/Manner),Dynamics,Neutral,Unvoiced (Light),Neutral,Reduplication,ɡakuŋ,8,9,8,9,3,3,140.0,0.85,9,7000.0,7.22,8,mc,3,#000000,0.0,0.0,0.0,"Reflecting voiced consonants and unvoiced plosives for a vector configuration of Weight 8, Time 9, and Flow 9.",,3,6,0,0,N(撥音単発)
がさがさ,gasagasa,Manner or sound of がさがさ: 荒い摩擦。濁音によるWeightの増加と乾燥。,Phenomime (Sound),Texture,Negative,Unvoiced (Light),Dark/Heavy/Large,Reduplication,ɡasaɡasa,5,7,4,4,6,0,400.0,3.51,6,8000.0,7.44,5,0,4,#8B4513,37.5,26.4,41.0,"Reflecting voiced consonants and fricatives for a vector configuration of Weight 5, Time 7, and Flow 4.",,4,5,6,1,REDUP(畳語・同一)
がさっ,gasat,Manner or sound of がさっ: 藪の中の突発的な動き。高いBo数。,Psychomime (State/Manner),Dynamics,Neutral,Unvoiced (Light),Neutral,Reduplication,ɡasaʔ,6,9,8,8,5,1,450.0,3.81,9,10000.0,7.82,8,0,4,#556B2F,42.2,-18.8,30.6,"Reflecting voiced consonants and fricatives for a vector configuration of Weight 6, Time 9, and Flow 8.",,2,5,0,0,Q(促音単発)
がしっ,gashit,Manner or sound of がしっ: 強固な把握。高いWeightと剛体感、遮断。,Psychomime (State/Manner),Dynamics,Neutral,Unvoiced (Light),Neutral,Reduplication,ɡaɕiʔ,8,9,9,9,2,2,500.0,4.07,9,12000.0,8.13,9,mc,3,#4682B4,52.5,-4.1,-32.2,"Reflecting voiced consonants and fricatives for a vector configuration of Weight 8, Time 9, and Flow 9.",,2,5,0,0,Q(促音単発)
がしゃがしゃ,gashagasha,Manner or sound of がしゃがしゃ: 金属や硬い破片の乱雑な衝突。高Re数。,Phenomime (Sound),Texture,Negative,Unvoiced (Light),Dark/Heavy/Large,Reduplication,ɡaɕaɡaɕa,6,8,5,6,3,2,1200.0,6.29,7,14000.0,8.39,8,c,2,#708090,52.8,-2.1,-10.6,"Reflecting voiced consonants and fricatives for a vector configuration of Weight 6, Time 8, and Flow 6.",,4,5,6,1,REDUP(畳語・同一)
がしゃっ,gashat,Manner or sound of がしゃっ: 破壊を伴う瞬間的衝突。最大値に近い時間性。,Psychomime (State/Manner),Dynamics,Neutral,Unvoiced (Light),Neutral,Reduplication,ɡaɕaʔ,7,9,8,9,2,2,1000.0,5.83,9,16000.0,8.62,9,c,2,#778899,55.9,-2.2,-11.1,"Reflecting voiced consonants and fricatives for a vector configuration of Weight 7, Time 9, and Flow 9.",,2,5,0,0,Q(促音単発)
がたがた,gatagata,Manner or sound of がたがた: 重い構造物の振動。低い周波数と剛体接触。,Phenomime (Sound),Dynamics,Negative,Unvoiced (Light),Dark/Heavy/Large,Reduplication,ɡataɡata,7,8,6,7,2,3,220.0,2.0,7,5000.0,6.65,7,c,2,#696969,44.4,-0.0,0.0,"Reflecting voiced consonants and unvoiced plosives for a vector configuration of Weight 7, Time 8, and Flow 7.",,4,5,6,1,REDUP(畳語・同一)
がたっと,gatatto,Manner or sound of がたっと: 衝撃を伴う停止。高い重量感と圧力。,Psychomime (State/Manner),Dynamics,Neutral,Unvoiced (Light),Neutral,Reduplication,ɡatatto,8,9,8,8,2,3,200.0,1.75,9,8000.0,7.44,8,mc,3,#000000,0.0,0.0,0.0,"Reflecting voiced consonants and unvoiced plosives for a vector configuration of Weight 8, Time 9, and Flow 8.",,5,5,5,8,COMPOUND(複合・異種)
がたぴし,gatapishi,Manner or sound of がたぴし: 建具の歪み。摩擦音/ɕi/による高周波の混在。,Psychomime (State/Manner),Dynamics,Neutral,Unvoiced (Light),Neutral,Reduplication,ɡatapiɕi,5,6,5,7,4,2,600.0,4.54,6,6000.0,6.95,6,mc,3,#8B4513,37.5,26.4,41.0,"Reflecting voiced consonants and unvoiced plosives for a vector configuration of Weight 5, Time 6, and Flow 7.",,5,5,5,8,COMPOUND(複合・異種)
がたり,gatari,Manner or sound of がたり: 単発の重い衝突。余韻を伴う流体への移行。,Psychomime (State/Manner),Dynamics,Neutral,Unvoiced (Light),Neutral,Reduplication,ɡataɾi,6,7,7,6,3,4,250.0,2.32,6,4000.0,6.27,6,mc,3,#556B2F,42.2,-18.8,30.6,"Reflecting voiced consonants and unvoiced plosives for a vector configuration of Weight 6, Time 7, and Flow 6.",,4,6,0,0,RI(り単発)
がたん,gatan,Manner or sound of がたん: 重量物の落下。強い空間直接性と気圧。,Psychomime (State/Manner),Dynamics,Neutral,Unvoiced (Light),Neutral,Reduplication,ɡataŋ,8,8,9,8,2,5,180.0,1.49,7,3500.0,6.04,9,mc,3,#2F4F4F,31.3,-11.7,-3.7,"Reflecting voiced consonants and unvoiced plosives for a vector configuration of Weight 8, Time 8, and Flow 8.",,3,6,0,0,N(撥音単発)
がちがち,gachigachi,Manner or sound of がちがち: 最大の硬直。震えを伴う低周波と高い抑制。,Psychomime (State/Manner),Texture,Negative,Semi-voiced (Crisp),Dark/Heavy/Large,Reduplication,ɡatɕiɡatɕi,8,8,9,9,0,1,1200.0,6.29,9,10000.0,7.82,9,cc,1,#B0E0E6,86.1,-14.1,-8.0,"Reflecting voiced consonants and unvoiced plosives for a vector configuration of Weight 8, Time 8, and Flow 9.",,4,5,6,1,REDUP(畳語・同一)
がちゃがちゃ,gachagacha,Manner or sound of がちゃがちゃ: 鍵などの金属 sound.複雑なRe数を示す。,Phenomime (Sound),Texture,Negative,Unvoiced (Light),Dark/Heavy/Large,Reduplication,ɡatɕaɡatɕa,5,8,6,6,2,3,1400.0,6.68,7,12000.0,8.13,7,mc,3,#708090,52.8,-2.1,-10.6,"Reflecting voiced consonants and unvoiced plosives for a vector configuration of Weight 5, Time 8, and Flow 6.",,4,5,6,1,REDUP(畳語・同一)
がちゃん,gachan,Manner or sound of がちゃん: 結合 or 破壊。高いBo数と空間指向性。,Psychomime (State/Manner),Dynamics,Neutral,Unvoiced (Light),Neutral,Reduplication,ɡatɕaŋ,7,9,9,8,1,4,800.0,5.26,8,9000.0,7.64,9,mc,3,#4682B4,52.5,-4.1,-32.2,"Reflecting voiced consonants and unvoiced plosives for a vector configuration of Weight 7, Time 9, and Flow 8.",,3,6,0,0,N(撥音単発)
がっ,gat,Manner or sound of がっ: 全次元で最大級の衝撃。絶対的な停止。,Psychomime (State/Manner),Dynamics,Neutral,Unvoiced (Light),Neutral,Reduplication,ɡaʔ,9,9,9,9,4,2,350.0,3.17,9,15000.0,8.51,9,mc,3,#000000,0.0,0.0,0.0,"Reflecting voiced consonants and geminate sokuon (sudden onset) for a vector configuration of Weight 9, Time 9, and Flow 9.",,2,5,0,0,Q(促音単発)
がっかり,gatkari,Manner or sound of がっかり: 期待の崩壊。重いWeightと落胆のDecay。,Pathomime (Emotion),Emotion,Negative,Unvoiced (Light),Dark/Heavy/Large,-ri Ending,ɡakkaɾi,7,6,4,5,6,4,300.0,2.78,7,1200.0,4.22,5,c,2,#4B0082,20.5,51.7,-53.3,"Reflecting voiced consonants and unvoiced plosives for a vector configuration of Weight 7, Time 6, and Flow 5.",,5,5,5,8,COMPOUND(複合・異種)
がっくり,gatkuri,Manner or sound of がっくり: 急激な屈曲。さらに重いWeight。,Psychomime (State/Manner),Dynamics,Neutral,Unvoiced (Light),Neutral,Reduplication,ɡakkuɾi,8,7,3,6,5,4,200.0,1.75,8,1000.0,3.91,6,c,2,#000000,0.0,0.0,0.0,"Reflecting voiced consonants and unvoiced plosives for a vector configuration of Weight 8, Time 7, and Flow 6.",,5,5,5,8,COMPOUND(複合・異種)
がっしり,gatshiri,Manner or sound of がっしり: 堅牢な構造。高い直接性とFlowの抑制。,Psychomime (State/Manner),"Texture, Mass/Weight",Positive,Semi-voiced (Crisp),Dark/Heavy/Large,-ri Ending,ɡaɕɕiɾi,8,5,9,9,2,3,400.0,3.51,5,3000.0,5.78,9,mc,3,#708090,52.8,-2.1,-10.6,"Reflecting voiced consonants and fricatives for a vector configuration of Weight 8, Time 5, and Flow 9.",,5,5,5,8,COMPOUND(複合・異種)
がっちり,gatchiri,Manner or sound of がっちり: 緻密な噛み合わせ。高いHardnessを保持。,Psychomime (State/Manner),Dynamics,Neutral,Unvoiced (Light),Neutral,Reduplication,ɡattɕiɾi,7,6,9,9,1,3,500.0,4.07,6,4000.0,6.27,9,mc,3,#4682B4,52.5,-4.1,-32.2,"Reflecting voiced consonants and unvoiced plosives for a vector configuration of Weight 7, Time 6, and Flow 9.",,5,5,5,8,COMPOUND(複合・異種)
がっぷり,gatpuri,Manner or sound of がっぷり: 四つ相撲のような深い接触。最大のWeight。,Psychomime (State/Manner),Dynamics,Neutral,Unvoiced (Light),Neutral,Reduplication,ɡappuɾi,9,6,8,7,4,7,220.0,2.0,5,2000.0,5.09,8,mh,5,#A52A2A,37.5,49.7,30.5,"Reflecting voiced consonants and unvoiced plosives for a vector configuration of Weight 9, Time 6, and Flow 7.",,5,5,5,8,COMPOUND(複合・異種)
がっぽり,gatpori,Manner or sound of がっぽり: 大量の収益。豊かな流体性とMoisture。,Psychomime (State/Manner),Dynamics,Neutral,Unvoiced (Light),Neutral,Reduplication,ɡappoɾi,6,5,7,3,7,8,250.0,2.32,4,1500.0,4.6,7,mh,5,#FFD700,86.9,-1.9,87.1,"Reflecting voiced consonants and unvoiced plosives for a vector configuration of Weight 6, Time 5, and Flow 3.",,5,5,5,8,COMPOUND(複合・異種)
がつがつ,gatsugatsu,Manner or sound of がつがつ: 貪欲な食欲。高い時間性と直接的なSpace。,Psychomime (State/Manner),Taste,Negative,Semi-voiced (Crisp),Dark/Heavy/Large,Reduplication,ɡatsuɡatsu,7,8,8,7,3,3,400.0,3.51,7,6000.0,6.95,7,h,6,#B22222,39.1,55.9,37.6,"Reflecting voiced consonants and unvoiced plosives for a vector configuration of Weight 7, Time 8, and Flow 7.",,4,5,6,1,REDUP(畳語・同一)
がつん,gatsun,Manner or sound of がつん: 衝撃。最大のWeightとBo数。,Psychomime (State/Manner),Dynamics,Neutral,Unvoiced (Light),Neutral,Reduplication,ɡatsuŋ,9,9,9,9,2,4,300.0,2.78,9,11000.0,7.98,9,h,6,#8B0000,28.1,51.0,41.3,"Reflecting voiced consonants and unvoiced plosives for a vector configuration of Weight 9, Time 9, and Flow 9.",,3,6,0,0,N(撥音単発)
がばがば,gabagaba,Manner or sound of がばがば: 隙間からの浸水。高い流体性とMoisture。,Psychomime (State/Manner),Texture,Negative,Unvoiced (Light),Dark/Heavy/Large,Reduplication,ɡabaɡaba,5,4,3,2,8,9,150.0,1.03,3,2000.0,5.09,9,mc,3,#4169E1,47.8,26.3,-65.3,"Reflecting voiced consonants for a vector configuration of Weight 5, Time 4, and Flow 2.",,4,5,6,1,REDUP(畳語・同一)
がばっ,gabat,Manner or sound of がばっ: 突然の action。高いWeightと時間的突発。,Psychomime (State/Manner),Dynamics,Neutral,Unvoiced (Light),Neutral,Reduplication,ɡabaʔ,7,9,8,4,6,6,350.0,3.17,9,9000.0,7.64,8,mh,5,#FF8C00,69.5,36.8,75.5,"Reflecting voiced consonants and geminate sokuon (sudden onset) for a vector configuration of Weight 7, Time 9, and Flow 4.",,2,5,0,0,Q(促音単発)
がぶがぶ,gabugabu,Manner or sound of がぶがぶ: 飲料の大量摂取。流体力学的な渦を反映。,Phenomime (Sound),Taste,Negative,Semi-voiced (Crisp),Dark/Heavy/Large,Reduplication,ɡabuɡabu,6,5,4,4,8,9,180.0,1.49,4,1800.0,4.91,9,mc,3,#0000FF,32.3,79.2,-107.9,"Reflecting voiced consonants for a vector configuration of Weight 6, Time 5, and Flow 4.",,4,5,6,1,REDUP(畳語・同一)
がぶっ,gabut,Manner or sound of がぶっ: 噛み付き。高いBo数と直接性。,Psychomime (State/Manner),Dynamics,Neutral,Unvoiced (Light),Neutral,Reduplication,ɡabuʔ,7,9,9,8,5,8,280.0,2.61,9,8000.0,7.44,9,mh,5,#FF4500,57.6,67.8,69.0,"Reflecting voiced consonants and geminate sokuon (sudden onset) for a vector configuration of Weight 7, Time 9, and Flow 8.",,2,5,0,0,Q(促音単発)
がぶり,gaburi,Manner or sound of がぶり: 深い一口。流体と剛体の中間的性質。,Psychomime (State/Manner),Dynamics,Neutral,Unvoiced (Light),Neutral,Reduplication,ɡabuɾi,6,6,7,5,6,7,250.0,2.32,6,4000.0,6.27,8,mh,5,#8B4513,37.5,26.4,41.0,"Reflecting voiced consonants and flap consonant /ɾ/ for a vector configuration of Weight 6, Time 6, and Flow 5.",,4,6,0,0,RI(り単発)
がぼがぼ,gabogabo,Manner or sound of がぼがぼ: 大量の水。低周波共鳴と最大Moisture。,Psychomime (State/Manner),Dynamics,Neutral,Unvoiced (Light),Neutral,Reduplication,ɡaboɡabo,6,4,2,3,9,9,120.0,0.46,2,1200.0,4.22,9,c,2,#191970,15.9,31.7,-49.6,"Reflecting voiced consonants for a vector configuration of Weight 6, Time 4, and Flow 3.",,4,5,6,1,REDUP(畳語・同一)
がみがみ,gamigami,Manner or sound of がみがみ: 執拗な叱責。高いWeightと抑制されたFlow。,Phonomime (Voice),Relationship,Negative,Unvoiced (Light),Dark/Heavy/Large,Reduplication,ɡamiɡami,7,7,8,8,4,5,450.0,3.81,4,3000.0,5.78,6,h,6,#FF0000,53.2,80.1,67.2,"Reflecting voiced consonants and nasal resonance for a vector configuration of Weight 7, Time 7, and Flow 8.",,4,5,6,1,REDUP(畳語・同一)
がやがや,gayagaya,Manner or sound of がやがや: 多人数の喧騒。高いRe数による乱流 condition/state。,Phonomime (Voice),Density/Distance,Negative,Unvoiced (Light),Bright/Light/Small,Reduplication,ɡajaɡaja,4,6,3,2,8,6,380.0,3.38,3,5500.0,6.81,7,mh,5,#DAA520,70.8,8.5,68.8,"Reflecting voiced consonants for a vector configuration of Weight 4, Time 6, and Flow 2.",,4,5,6,1,REDUP(畳語・同一)
がらがら,garagara,Manner or sound of がらがら: 崩落や空虚。低い粘性と中程度のWeight。,Phenomime (Sound),"Dynamics, Mass/Weight",Negative,Unvoiced (Light),Dark/Heavy/Large,Reduplication,ɡaɾaɡaɾa,6,5,4,2,7,2,320.0,2.94,4,4500.0,6.47,5,mc,3,#8B4513,37.5,26.4,41.0,"Reflecting voiced consonants and flap consonant /ɾ/ for a vector configuration of Weight 6, Time 5, and Flow 2.",,4,5,6,1,REDUP(畳語・同一)
がらり,garari,Manner or sound of がらり: 劇的な変化。高い流体性と空間開放性。,Psychomime (State/Manner),Dynamics,Neutral,Unvoiced (Light),Dark/Heavy/Large,-ri Ending,ɡaɾaɾi,4,7,7,3,9,2,450.0,3.81,6,3000.0,5.78,4,h,6,#FFFFFF,100.0,-0.0,0.0,"Reflecting voiced consonants and flap consonant /ɾ/ for a vector configuration of Weight 4, Time 7, and Flow 3.",,4,6,0,0,RI(り単発)
がらん,garan,Manner or sound of がらん: 広い空洞. 低いWeightと高い指向性。,Psychomime (State/Manner),Dynamics,Neutral,Unvoiced (Light),Neutral,Reduplication,ɡaɾaŋ,3,4,8,2,7,3,280.0,2.61,5,1500.0,4.6,4,c,2,#D3D3D3,84.6,-0.0,0.0,"Reflecting voiced consonants and nasal resonance for a vector configuration of Weight 3, Time 4, and Flow 2.",,3,6,0,0,N(撥音単発)
がりがり,garigari,Manner or sound of がりがり: 激しい摩擦。硬い表面の削り。,Psychomime (State/Manner),Texture,Negative,Unvoiced (Light),Dark/Heavy/Large,Reduplication,ɡaɾiɡaɾi,5,8,7,8,2,0,800.0,5.26,8,9000.0,7.64,6,c,2,#CD853F,61.8,21.4,47.9,"Reflecting voiced consonants and flap consonant /ɾ/ for a vector configuration of Weight 5, Time 8, and Flow 8.",,4,5,6,1,REDUP(畳語・同一)
がんがん,gangan,Manner or sound of がんがん: 頭痛や強打。最大のWeightと直接性。,Algomime (Pain),Human Body/Physiology,Negative,Unvoiced (Light),Dark/Heavy/Large,Reduplication,ɡaŋɡaŋ,8,8,9,6,1,3,350.0,3.17,5,8000.0,7.44,9,h,6,#FF4500,57.6,67.8,69.0,"Reflecting voiced consonants and nasal resonance for a vector configuration of Weight 8, Time 8, and Flow 6.",,4,5,6,1,REDUP(畳語・同一)
がーがー,ga-ga-,Manner or sound of がーがー: 騒々しい持続 sound.高いWeightと低いDecay。,Psychomime (State/Manner),Dynamics,Neutral,Unvoiced (Light),Neutral,Reduplication,ɡaːɡaː,7,3,5,3,6,4,220.0,2.0,1,2500.0,5.47,6,mh,5,#556B2F,42.2,-18.8,30.6,"Reflecting voiced consonants and long vowel extension for a vector configuration of Weight 7, Time 3, and Flow 3.",,4,5,6,1,REDUP(畳語・同一)
がーっ,ga-t,Manner or sound of がーっ: 激しい突進や咆哮。高い圧縮性と圧力。,Phenomime (Sound),"Dynamics, Weather/Nature",Negative,Voiced (Heavy),Dark/Heavy/Large,Long Vowel,ɡaːʔ,8,6,9,7,5,4,350.0,3.17,9,12000.0,8.13,9,h,6,#FF0000,53.2,80.1,67.2,"Reflecting voiced consonants and geminate sokuon (sudden onset) for a vector configuration of Weight 8, Time 6, and Flow 7.",,2,7,7,1,LONG(長音ー)
がーん,ga-n,Manner or sound of がーん: 衝撃の余韻。最大のWeightと空間直接性。,Phenomime (Sound),"Dynamics, Emotion",Negative,Semi-voiced (Crisp),Dark/Heavy/Large,Long Vowel,ɡaːŋ,9,4,9,5,3,5,200.0,1.75,2,6000.0,6.95,9,c,2,#483D8B,30.8,26.1,-42.1,"Reflecting voiced consonants and nasal resonance for a vector configuration of Weight 9, Time 4, and Flow 5.",,3,8,5,1,LONG+N(長音+ん)
きいきい,kiikii,Manner or sound of きいきい: 高周波摩擦。高い空間直接性と抑制。,Psychomime (State/Manner),Dynamics,Neutral,Unvoiced (Light),Neutral,Reduplication,kiikii,2,4,7,8,4,1,2500.0,8.15,2,15000.0,8.51,4,c,2,#FFFF00,97.1,-21.6,94.5,"Reflecting unvoiced plosives for a vector configuration of Weight 2, Time 4, and Flow 8.",,4,5,6,1,REDUP(畳語・同一)
きしきし,kishikishi,Manner or sound of きしきし: 狭い隙間の摩擦。最大のFlow抑制。,Psychomime (State/Manner),Dynamics,Neutral,Unvoiced (Light),Neutral,Reduplication,kiɕikiɕi,3,7,5,9,3,2,1800.0,7.32,7,11000.0,7.98,5,c,2,#BDB76B,73.4,-8.8,39.3,"Reflecting unvoiced plosives and fricatives for a vector configuration of Weight 3, Time 7, and Flow 9.",,4,5,6,1,REDUP(畳語・同一)
きそきそ,kisokiso,Manner or sound of きそきそ: ひそやかな摩擦。低いWeightと高い抑制。,Psychomime (State/Manner),Dynamics,Neutral,Unvoiced (Light),Neutral,Reduplication,kisokiso,1,5,2,8,6,2,1200.0,6.29,4,7000.0,7.22,3,c,2,#708090,52.8,-2.1,-10.6,"Reflecting unvoiced plosives and fricatives for a vector configuration of Weight 1, Time 5, and Flow 8.",,4,5,6,1,REDUP(畳語・同一)
きちきち,kichikichi,Manner or sound of きちきち: 隙間のない condition/state。高い直接性とFlow 9。,Psychomime (State/Manner),Density/Distance,Negative,Voiced (Heavy),Bright/Light/Small,Reduplication,kitɕikitɕi,4,7,8,9,2,2,1400.0,6.68,8,9000.0,7.64,8,c,2,#C0C0C0,77.7,-0.0,0.0,"Reflecting unvoiced plosives and fricatives for a vector configuration of Weight 4, Time 7, and Flow 9.",,4,5,6,1,REDUP(畳語・同一)
きちっ,kichit,Manner or sound of きちっ: 正確な完了。最大の時間性と直接性。,Psychomime (State/Manner),Dynamics,Neutral,Unvoiced (Light),Neutral,Reduplication,kitɕiʔ,3,9,9,9,1,2,1600.0,7.02,9,13000.0,8.27,9,0,4,#FFFFFF,100.0,-0.0,0.0,"Reflecting unvoiced plosives and fricatives for a vector configuration of Weight 3, Time 9, and Flow 9.",,2,5,0,0,Q(促音単発)
きちん,kichin,Manner or sound of きちん: 整頓された condition/state。高いBo数と抑制。,Psychomime (State/Manner),Texture,Positive,Voiced (Heavy),Bright/Light/Small,Geminate (促音/Sokuon),kitɕiŋ,3,8,9,9,2,3,1200.0,6.29,8,6000.0,6.95,9,0,4,#F5F5F5,96.5,-0.0,0.0,"Reflecting unvoiced plosives and fricatives for a vector configuration of Weight 3, Time 8, and Flow 9.",,3,6,0,0,N(撥音単発)
きっちり,kitchiri,Manner or sound of きっちり: 精密な適合。強い直接性と剛体感。,Psychomime (State/Manner),Dynamics,Neutral,Unvoiced (Light),Neutral,Reduplication,kittɕiɾi,4,8,9,9,1,2,1300.0,6.49,7,5000.0,6.65,9,0,4,#708090,52.8,-2.1,-10.6,"Reflecting unvoiced plosives and fricatives for a vector configuration of Weight 4, Time 8, and Flow 9.",,5,5,5,8,COMPOUND(複合・異種)
きなきな,kinakina,Manner or sound of きなきな: 柔らかい運動。高い流体性とMoisture。,Psychomime (State/Manner),Dynamics,Neutral,Unvoiced (Light),Neutral,Reduplication,kinakina,2,3,2,4,8,6,350.0,3.17,2,800.0,3.53,4,mh,5,#F5DEB3,89.4,1.5,24.0,"Reflecting unvoiced plosives and nasal resonance for a vector configuration of Weight 2, Time 3, and Flow 4.",,4,5,6,1,REDUP(畳語・同一)
きびきび,kibikibi,Manner or sound of きびきび: 効率的な運動。高い時間性とSpace直接性。,Psychomime (State/Manner),Dynamics,Neutral,Unvoiced (Light),Neutral,Reduplication,kibikibi,3,8,8,4,5,4,600.0,4.54,7,4000.0,6.27,6,mh,5,#FFFFFF,100.0,-0.0,0.0,"Reflecting voiced consonants and unvoiced plosives for a vector configuration of Weight 3, Time 8, and Flow 4.",,4,5,6,1,REDUP(畳語・同一)
きゃっきゃっ,kyatkyat,Manner or sound of きゃっきゃっ: 女性や子供がはしゃぎ楽しそうに笑う voice/cry.,Psychomime (State/Manner),Dynamics,Neutral,Unvoiced (Light),Neutral,Reduplication,kjakkjaʔ,2,9,6,0,8,3,2200.0,7.82,9,18000.0,8.82,6,h,6,#FF69B4,65.5,64.2,-10.6,"Reflecting unvoiced plosives and geminate sokuon (sudden onset) for a vector configuration of Weight 2, Time 9, and Flow 0.",,4,5,6,1,REDUP(畳語・同一)
きゃんきゃん,kyankyan,Manner or sound of きゃんきゃん: 高い透徹力。鋭い空間直接性。,Psychomime (State/Manner),Dynamics,Neutral,Unvoiced (Light),Neutral,Reduplication,kjaŋkjaŋ,3,7,7,4,7,4,1800.0,7.32,5,12000.0,8.13,7,h,6,#FFD700,86.9,-1.9,87.1,"Reflecting unvoiced plosives and nasal resonance for a vector configuration of Weight 3, Time 7, and Flow 4.",,4,5,6,1,REDUP(畳語・同一)
きゃーきゃー,kya-kya-,Manner or sound of きゃーきゃー: 持続的な高 sound.高い流体性と自由なFlow。,Psychomime (State/Manner),Dynamics,Neutral,Unvoiced (Light),Neutral,Reduplication,kjaːkjaː,2,5,5,1,8,5,2000.0,7.58,2,14000.0,8.39,5,h,6,#FFB6C1,81.1,28.0,5.0,"Reflecting unvoiced plosives and long vowel extension for a vector configuration of Weight 2, Time 5, and Flow 1.",,4,5,6,1,REDUP(畳語・同一)
きゅうきゅう,kyuukyuu,Manner or sound of きゅうきゅう: 圧迫。高い抑制と空間直接性。,Psychomime (State/Manner),Dynamics,Neutral,Unvoiced (Light),Neutral,Reduplication,kjuukjuu,5,4,7,9,3,3,1500.0,6.86,5,9000.0,7.64,8,c,2,#FFFFE0,99.3,-5.1,14.8,"Reflecting unvoiced plosives for a vector configuration of Weight 5, Time 4, and Flow 9.",,4,5,6,1,REDUP(畳語・同一)
きゅっ,kyut,Manner or sound of きゅっ: 瞬間的な締め付け。高いBo数とDecay。,Psychomime (State/Manner),Dynamics,Neutral,Unvoiced (Light),Neutral,Reduplication,kjuʔ,4,9,9,9,2,2,1800.0,7.32,9,16000.0,8.62,9,c,2,#FFFFFF,100.0,-0.0,0.0,"Reflecting unvoiced plosives and geminate sokuon (sudden onset) for a vector configuration of Weight 4, Time 9, and Flow 9.",,2,5,0,0,Q(促音単発)
きょとん,kyoton,Manner or sound of きょとん: 状況がわからず呆然と目が丸くなる manner.,Psychomime (State/Manner),Dynamics,Neutral,Unvoiced (Light),Neutral,Reduplication,kjotoŋ,2,7,4,6,8,4,450.0,3.81,7,1500.0,4.6,5,0,4,#FFFFFF,100.0,-0.0,0.0,"Reflecting unvoiced plosives and nasal resonance for a vector configuration of Weight 2, Time 7, and Flow 6.",,3,6,0,0,N(撥音単発)
きょろきょろ,kyorokyoro,Manner or sound of きょろきょろ: 周囲を落ち着かなく見回す state/manner.,Psychomime (State/Manner),Human Body/Physiology,Negative,Unvoiced (Light),Bright/Light/Small,Reduplication,kjoɾokjoɾo,2,7,6,4,9,3,500.0,4.07,5,3000.0,5.78,4,0,4,#ADFF2F,92.0,-52.5,81.9,"Reflecting unvoiced plosives and flap consonant /ɾ/ for a vector configuration of Weight 2, Time 7, and Flow 4.",,4,5,6,1,REDUP(畳語・同一)
きらきら,kirakira,Manner or sound of きらきら: 光を浴びて眩しく輝く state/manner.,Psychomime (State/Manner),Color/Light,Positive,Unvoiced (Light),Bright/Light/Small,Reduplication,kiɾakiɾa,1,6,5,0,9,1,1200.0,6.29,4,10000.0,7.82,2,h,6,#FFD700,86.9,-1.9,87.1,"Reflecting unvoiced plosives and flap consonant /ɾ/ for a vector configuration of Weight 1, Time 6, and Flow 0.",,4,5,6,1,REDUP(畳語・同一)
きらっ,kirat,Manner or sound of きらっ: 瞬光。最大の時間性と直接性。,Psychomime (State/Manner),Dynamics,Neutral,Unvoiced (Light),Neutral,Reduplication,kiɾaʔ,1,9,9,1,9,1,1500.0,6.86,9,18000.0,8.82,9,h,6,#FFFFFF,100.0,-0.0,0.0,"Reflecting unvoiced plosives and flap consonant /ɾ/ for a vector configuration of Weight 1, Time 9, and Flow 1.",,2,5,0,0,Q(促音単発)
きらり,kirari,Manner or sound of きらり: 指向性のある輝き。流体的な余韻。,Psychomime (State/Manner),Dynamics,Neutral,Unvoiced (Light),Neutral,Reduplication,kiɾaɾi,1,7,8,2,9,2,1300.0,6.49,6,12000.0,8.13,7,h,6,#FFFACD,97.6,-5.4,22.2,"Reflecting unvoiced plosives and flap consonant /ɾ/ for a vector configuration of Weight 1, Time 7, and Flow 2.",,4,6,0,0,RI(り単発)
きりきり,kirikiri,Manner or sound of きりきり: 強く締め付けたり引き絞ったり、痛む state/manner.,Algomime (Pain),Human Body/Physiology,Negative,Voiced (Heavy),Bright/Light/Small,Reduplication,kiɾikiɾi,5,8,8,9,2,1,1600.0,7.02,8,14000.0,8.39,8,c,2,#FF4500,57.6,67.8,69.0,"Reflecting unvoiced plosives and flap consonant /ɾ/ for a vector configuration of Weight 5, Time 8, and Flow 9.",,4,5,6,1,REDUP(畳語・同一)
きんきらきん,kinkirakin,Manner or sound of きんきらきん: 過剰な輝き。高い空間直接性とHardness。,Psychomime (State/Manner),Dynamics,Neutral,Unvoiced (Light),Neutral,Reduplication,kiŋkiɾakiŋ,4,6,9,2,2,2,1400.0,6.68,4,11000.0,7.98,9,h,6,#FFD700,86.9,-1.9,87.1,"Reflecting unvoiced plosives and nasal resonance for a vector configuration of Weight 4, Time 6, and Flow 2.",,3,6,0,0,N(撥音単発)
きー,ki-,Manner or sound of きー: 高周波持続 sound.高い抑制と空間指向性。,Psychomime (State/Manner),Dynamics,Neutral,Unvoiced (Light),Neutral,Reduplication,kiː,2,1,8,9,4,1,2800.0,8.44,0,16000.0,8.62,4,c,2,#FFFF00,97.1,-21.6,94.5,"Reflecting unvoiced plosives and long vowel extension for a vector configuration of Weight 2, Time 1, and Flow 9.",,2,7,7,1,LONG(長音ー)
きーん,ki-n,Manner or sound of きーん: 金属的な共鳴。遠達性の高いSpace 9。,Psychomime (State/Manner),Dynamics,Neutral,Unvoiced (Light),Neutral,Reduplication,kiːŋ,3,2,9,7,3,2,3000.0,8.61,1,18000.0,8.82,9,c,2,#F0FFFF,98.9,-4.9,-1.7,"Reflecting unvoiced plosives and nasal resonance for a vector configuration of Weight 3, Time 2, and Flow 7.",,3,8,5,1,LONG+N(長音+ん)
ぎいぎい,giigii,Manner or sound of ぎいぎい: 重い摩擦 sound.有声音によるWeightの増加。,Psychomime (State/Manner),Dynamics,Neutral,Unvoiced (Light),Neutral,Reduplication,ɡiiɡii,6,4,6,9,3,2,800.0,5.26,2,9000.0,7.64,6,c,2,#556B2F,42.2,-18.8,30.6,"Reflecting voiced consonants for a vector configuration of Weight 6, Time 4, and Flow 9.",,4,5,6,1,REDUP(畳語・同一)
ぎくぎく,gikugiku,Manner or sound of ぎくぎく: 不自然な運動。高い抑制と重いWeight。,Psychomime (State/Manner),Dynamics,Neutral,Unvoiced (Light),Neutral,Reduplication,ɡikuɡiku,7,7,4,9,4,3,350.0,3.17,7,5000.0,6.65,7,c,2,#696969,44.4,-0.0,0.0,"Reflecting voiced consonants and unvoiced plosives for a vector configuration of Weight 7, Time 7, and Flow 9.",,4,5,6,1,REDUP(畳語・同一)
ぎくしゃく,gikushaku,Manner or sound of ぎくしゃく: ぎこちなく滑らかに進まない state/manner.,Psychomime (State/Manner),Relationship,Negative,Semi-voiced (Crisp),Dark/Heavy/Large,Reduplication,ɡikuɕaku,6,7,5,8,5,2,600.0,4.54,7,7000.0,7.22,6,c,2,#708090,52.8,-2.1,-10.6,"Reflecting voiced consonants and unvoiced plosives for a vector configuration of Weight 6, Time 7, and Flow 8.",,5,5,5,8,COMPOUND(複合・異種)
ぎくっ,gikut,Manner or sound of ぎくっ: 驚愕による停止。高い圧縮性とWeight。,Psychomime (State/Manner),Dynamics,Neutral,Unvoiced (Light),Neutral,Reduplication,ɡikuʔ,7,9,8,9,4,2,400.0,3.51,9,11000.0,7.98,8,c,2,#000000,0.0,0.0,0.0,"Reflecting voiced consonants and unvoiced plosives for a vector configuration of Weight 7, Time 9, and Flow 9.",,2,5,0,0,Q(促音単発)
ぎこぎこ,gikogiko,Manner or sound of ぎこぎこ: 鋸などの重い往復摩擦。Hardness 3。,Psychomime (State/Manner),Dynamics,Neutral,Unvoiced (Light),Neutral,Reduplication,ɡikoɡiko,6,6,6,8,3,1,500.0,4.07,6,7500.0,7.33,6,mc,3,#8B4513,37.5,26.4,41.0,"Reflecting voiced consonants and unvoiced plosives for a vector configuration of Weight 6, Time 6, and Flow 8.",,4,5,6,1,REDUP(畳語・同一)
ぎざぎざ,gizagiza,Manner or sound of ぎざぎざ: 鋭利な形状。高い空間直接性と抑制。,Psychomime (State/Manner),Texture,Neutral,Unvoiced (Light),Dark/Heavy/Large,Reduplication,ɡizaɡiza,5,5,7,8,4,2,900.0,5.56,5,9000.0,7.64,7,c,2,#778899,55.9,-2.2,-11.1,"Reflecting voiced consonants for a vector configuration of Weight 5, Time 5, and Flow 8.",,4,5,6,1,REDUP(畳語・同一)
ぎしぎし,gishigishi,Manner or sound of ぎしぎし: 荷重のかかった摩擦。最大のFlow抑制。,Phenomime (Sound),Texture,Negative,Unvoiced (Light),Dark/Heavy/Large,Reduplication,ɡiɕiɡiɕi,6,7,6,9,3,2,1000.0,5.83,7,10000.0,7.82,7,c,2,#556B2F,42.2,-18.8,30.6,"Reflecting voiced consonants and fricatives for a vector configuration of Weight 6, Time 7, and Flow 9.",,4,5,6,1,REDUP(畳語・同一)
ぎすぎす,gisugisu,Manner or sound of ぎすぎす: 潤滑不足。低いMoistureと高い抑制。,Psychomime (State/Manner),Relationship,Negative,Unvoiced (Light),Dark/Heavy/Large,Reduplication,ɡisuɡisu,5,4,5,9,6,1,1200.0,6.29,5,8000.0,7.44,5,c,2,#808080,53.6,-0.0,0.0,"Reflecting voiced consonants and fricatives for a vector configuration of Weight 5, Time 4, and Flow 9.",,4,5,6,1,REDUP(畳語・同一)
ぎちぎち,gichigichi,Manner or sound of ぎちぎち: 高密度の充填。強い重量感と剛性。,Psychomime (State/Manner),Dynamics,Neutral,Unvoiced (Light),Neutral,Reduplication,ɡitɕiɡitɕi,7,8,8,9,2,2,1100.0,6.07,8,11000.0,7.98,9,c,2,#2F4F4F,31.3,-11.7,-3.7,"Reflecting voiced consonants and unvoiced plosives for a vector configuration of Weight 7, Time 8, and Flow 9.",,4,5,6,1,REDUP(畳語・同一)
ぎとぎと,gitogito,Manner or sound of ぎとぎと: 油脂の粘性。最大級のMoistureと低いRe数。,Psychomime (State/Manner),Dynamics,Neutral,Unvoiced (Light),Neutral,Reduplication,ɡitoɡito,6,3,2,7,5,9,180.0,1.49,2,1200.0,4.22,9,mh,5,#4B3621,24.5,6.4,16.8,"Reflecting voiced consonants and unvoiced plosives for a vector configuration of Weight 6, Time 3, and Flow 7.",,4,5,6,1,REDUP(畳語・同一)
ぎゃふん,gyafun,Manner or sound of ぎゃふん: 完膚なきまでの論破。高いBo数と直接性。,Psychomime (State/Manner),Dynamics,Neutral,Unvoiced (Light),Neutral,Reduplication,ɡjaɸuŋ,6,8,9,8,4,5,300.0,2.78,8,4000.0,6.27,9,mc,3,#000000,0.0,0.0,0.0,"Reflecting voiced consonants and fricatives for a vector configuration of Weight 6, Time 8, and Flow 8.",,3,6,0,0,N(撥音単発)
ぎゃーぎゃー,gya-gya-,Manner or sound of ぎゃーぎゃー: 騒々しい有声摩擦。高いWeightと流体性。,Phonomime (Voice),Emotion,Negative,Unvoiced (Light),Bright/Light/Small,Reduplication,ɡjaːɡjaː,7,5,6,2,6,5,1200.0,6.29,2,9000.0,7.64,7,h,6,#FF4500,57.6,67.8,69.0,"Reflecting voiced consonants and long vowel extension for a vector configuration of Weight 7, Time 5, and Flow 2.",,4,5,6,1,REDUP(畳語・同一)
ぎゅうぎゅう,gyuugyuu,Manner or sound of ぎゅうぎゅう: 強力な圧縮。最大のWeightと抑制。,Psychomime (State/Manner),Dynamics,Neutral,Unvoiced (Light),Neutral,Reduplication,ɡjuuɡjuu,8,4,8,9,3,3,400.0,3.51,4,4000.0,6.27,9,mc,3,#8B0000,28.1,51.0,41.3,"Reflecting voiced consonants for a vector configuration of Weight 8, Time 4, and Flow 9.",,4,5,6,1,REDUP(畳語・同一)
ぎゅっ,gyut,Manner or sound of ぎゅっ: 瞬時の凝縮。高いBo数と空間指向性。,Psychomime (State/Manner),Dynamics,Neutral,Unvoiced (Light),Neutral,Reduplication,ɡjuʔ,7,9,9,9,3,2,500.0,4.07,9,12000.0,8.13,9,mc,3,#000000,0.0,0.0,0.0,"Reflecting voiced consonants and geminate sokuon (sudden onset) for a vector configuration of Weight 7, Time 9, and Flow 9.",,2,5,0,0,Q(促音単発)
ぎょっ,gyot,Manner or sound of ぎょっ: 強い衝撃的驚き。高い時間性と重量。,Psychomime (State/Manner),Dynamics,Neutral,Unvoiced (Light),Neutral,Reduplication,ɡjoʔ,8,9,8,9,4,4,300.0,2.78,9,10000.0,7.82,8,c,2,#FF0000,53.2,80.1,67.2,"Reflecting voiced consonants and geminate sokuon (sudden onset) for a vector configuration of Weight 8, Time 9, and Flow 9.",,2,5,0,0,Q(促音単発)
ぎょろぎょろ,gyorogyoro,Manner or sound of ぎょろぎょろ: 目玉の運動。高いMoistureと空間直接性。,Psychomime (State/Manner),Dynamics,Neutral,Unvoiced (Light),Neutral,Reduplication,ɡjoɾoɡjoɾo,5,6,7,4,7,7,250.0,2.32,5,2500.0,5.47,6,mc,3,#006400,36.2,-43.4,41.9,"Reflecting voiced consonants and flap consonant /ɾ/ for a vector configuration of Weight 5, Time 6, and Flow 4.",,4,5,6,1,REDUP(畳語・同一)
ぎらぎら,giragira,Manner or sound of ぎらぎら: 強烈な光を放ってギラついている state/manner.,Psychomime (State/Manner),Color/Light,Negative,Unvoiced (Light),Dark/Heavy/Large,Reduplication,ɡiɾaɡiɾa,6,5,7,1,7,3,1100.0,6.07,3,9000.0,7.64,7,hhh,8,#FFD700,86.9,-1.9,87.1,"Reflecting voiced consonants and flap consonant /ɾ/ for a vector configuration of Weight 6, Time 5, and Flow 1.",,4,5,6,1,REDUP(畳語・同一)
ぎりぎり,girigiri,Manner or sound of ぎりぎり: 限界に達していて余裕がない manner.,Psychomime (State/Manner),Dynamics,Neutral,Unvoiced (Light),Neutral,Reduplication,ɡiɾiɡiɾi,7,7,8,9,3,1,950.0,5.7,7,11000.0,7.98,8,c,2,#FF0000,53.2,80.1,67.2,"Reflecting voiced consonants and flap consonant /ɾ/ for a vector configuration of Weight 7, Time 7, and Flow 9.",,4,5,6,1,REDUP(畳語・同一)
ぎー,gi-,Manner or sound of ぎー: 重い持続摩擦。有声音によるWeight。,Psychomime (State/Manner),Dynamics,Neutral,Unvoiced (Light),Neutral,Reduplication,ɡiː,6,2,7,9,3,2,700.0,4.93,0,8000.0,7.44,7,c,2,#556B2F,42.2,-18.8,30.6,"Reflecting voiced consonants and long vowel extension for a vector configuration of Weight 6, Time 2, and Flow 9.",,2,7,7,1,LONG(長音ー)
くうくう,kuukuu,Manner or sound of くうくう: 鳩や寝息。極めて低いWeightと高い流体性。,Psychomime (State/Manner),Dynamics,Neutral,Unvoiced (Light),Neutral,Reduplication,kuukuu,2,2,1,3,9,6,280.0,2.61,2,400.0,2.35,2,mh,5,#F5F5DC,95.9,-4.2,12.0,"Reflecting unvoiced plosives for a vector configuration of Weight 2, Time 2, and Flow 3.",,4,5,6,1,REDUP(畳語・同一)
くさくさ,kusakusa,Manner or sound of くさくさ: 鬱屈。低いSpaceと抑制されたFlow。,Psychomime (State/Manner),Dynamics,Neutral,Unvoiced (Light),Neutral,Reduplication,kusakusa,4,3,2,7,8,2,800.0,5.26,4,3000.0,5.78,4,c,2,#556B2F,42.2,-18.8,30.6,"Reflecting unvoiced plosives and fricatives for a vector configuration of Weight 4, Time 3, and Flow 7.",,4,5,6,1,REDUP(畳語・同一)
くしゃくしゃ,kushakusha,Manner or sound of くしゃくしゃ: 形状の崩壊。高いRe数を示す。,Psychomime (State/Manner),Dynamics,Neutral,Unvoiced (Light),Neutral,Reduplication,kuɕakuɕa,3,7,5,4,6,3,1500.0,6.86,6,9000.0,7.64,6,mc,3,#D2B48C,75.0,5.0,24.4,"Reflecting unvoiced plosives and fricatives for a vector configuration of Weight 3, Time 7, and Flow 4.",,4,5,6,1,REDUP(畳語・同一)
くすくす,kusukusu,Manner or sound of くすくす: 忍び笑い。最小のWeightと抑制。,Psychomime (State/Manner),Dynamics,Neutral,Unvoiced (Light),Neutral,Reduplication,kusukusu,1,5,2,6,9,3,1100.0,6.07,5,4000.0,6.27,3,mh,5,#FFFACD,97.6,-5.4,22.2,"Reflecting unvoiced plosives and fricatives for a vector configuration of Weight 1, Time 5, and Flow 6.",,4,5,6,1,REDUP(畳語・同一)
くたくた,kutakuta,Manner or sound of くたくた: 疲労。高い流体性とMoisture。,Psychomime (State/Manner),Dynamics,Neutral,Unvoiced (Light),Neutral,Reduplication,kutakuta,6,3,1,4,8,7,220.0,2.0,3,800.0,3.53,4,mh,5,#D3D3D3,84.6,-0.0,0.0,"Reflecting unvoiced plosives for a vector configuration of Weight 6, Time 3, and Flow 4.",,4,5,6,1,REDUP(畳語・同一)
くだくだ,kudakuda,Manner or sound of くだくだ: 冗長な話。低いTimeと高い粘性。,Psychomime (State/Manner),Dynamics,Neutral,Unvoiced (Light),Neutral,Reduplication,kudakuda,5,2,2,6,6,7,180.0,1.49,2,600.0,3.04,5,mc,3,#808080,53.6,-0.0,0.0,"Reflecting voiced consonants and unvoiced plosives for a vector configuration of Weight 5, Time 2, and Flow 6.",,4,5,6,1,REDUP(畳語・同一)
くちゃくちゃ,kuchakucha,Manner or sound of くちゃくちゃ: 咀嚼や粘着。最大のMoistureとRe数。,Psychomime (State/Manner),Dynamics,Neutral,Unvoiced (Light),Neutral,Reduplication,kutɕakutɕa,4,6,4,5,7,9,450.0,3.81,5,1500.0,4.6,9,mc,3,#8B4513,37.5,26.4,41.0,"Reflecting unvoiced plosives and fricatives for a vector configuration of Weight 4, Time 6, and Flow 5.",,4,5,6,1,REDUP(畳語・同一)
くっきり,kutkiri,Manner or sound of くっきり: 輪郭の明瞭。高い直接性と低いMoisture。,Psychomime (State/Manner),Dynamics,Neutral,Unvoiced (Light),Neutral,Reduplication,kukkiɾi,3,8,9,7,4,1,650.0,4.74,8,7000.0,7.22,8,0,4,#000000,0.0,0.0,0.0,"Reflecting unvoiced plosives and flap consonant /ɾ/ for a vector configuration of Weight 3, Time 8, and Flow 7.",,5,5,5,8,COMPOUND(複合・異種)
くっくっ,kutkut,Manner or sound of くっくっ: 漏れ出る笑い。高い時間性と抑制。,Psychomime (State/Manner),Dynamics,Neutral,Unvoiced (Light),Neutral,Reduplication,kukkuʔ,2,9,5,8,5,4,500.0,4.07,9,6000.0,6.95,6,mh,5,#FFFFFF,100.0,-0.0,0.0,"Reflecting unvoiced plosives and geminate sokuon (sudden onset) for a vector configuration of Weight 2, Time 9, and Flow 8.",,4,5,6,1,REDUP(畳語・同一)
くどくど,kudokudo,Manner or sound of くどくど: 重い執拗さ。鼻音的共鳴と高い粘性。,Psychomime (State/Manner),Dynamics,Neutral,Unvoiced (Light),Neutral,Reduplication,kudokudo,6,2,3,7,5,8,160.0,1.19,2,500.0,2.73,7,mc,3,#4B0082,20.5,51.7,-53.3,"Reflecting voiced consonants and unvoiced plosives for a vector configuration of Weight 6, Time 2, and Flow 7.",,4,5,6,1,REDUP(畳語・同一)
くにゃくにゃ,kunyakunya,Manner or sound of くにゃくにゃ: 軟体。高い流体性と低いHardness。,Psychomime (State/Manner),Dynamics,Neutral,Unvoiced (Light),Neutral,Reduplication,kuɲakuɲa,2,3,1,3,9,8,250.0,2.32,2,1200.0,4.22,5,mh,5,#FFDAB9,89.4,8.1,21.0,"Reflecting unvoiced plosives and nasal resonance for a vector configuration of Weight 2, Time 3, and Flow 3.",,4,5,6,1,REDUP(畳語・同一)
くねくね,kunekune,Manner or sound of くねくね: 曲線運動。Re数の低い層流的運動。,Psychomime (State/Manner),Dynamics,Neutral,Unvoiced (Light),Neutral,Reduplication,kunekune,3,3,2,3,9,7,280.0,2.61,1,900.0,3.73,5,mc,3,#ADFF2F,92.0,-52.5,81.9,"Reflecting unvoiced plosives and nasal resonance for a vector configuration of Weight 3, Time 3, and Flow 3.",,4,5,6,1,REDUP(畳語・同一)
くやくや,kuyakuya,Manner or sound of くやくや: 悩み。中程度の流体性と抑制。,Psychomime (State/Manner),Dynamics,Neutral,Unvoiced (Light),Neutral,Reduplication,kujakuja,3,4,2,5,8,6,300.0,2.78,3,1100.0,4.07,5,mc,3,#708090,52.8,-2.1,-10.6,"Reflecting unvoiced plosives for a vector configuration of Weight 3, Time 4, and Flow 5.",,4,5,6,1,REDUP(畳語・同一)
くよくよ,kuyokuyo,Manner or sound of くよくよ: 停滞する思考。低いSpaceと高い抑制。,Psychomime (State/Manner),Dynamics,Neutral,Unvoiced (Light),Neutral,Reduplication,kujokujo,4,2,1,7,7,6,250.0,2.32,2,800.0,3.53,6,c,2,#4682B4,52.5,-4.1,-32.2,"Reflecting unvoiced plosives for a vector configuration of Weight 4, Time 2, and Flow 7.",,4,5,6,1,REDUP(畳語・同一)
くらくら,kurakura,Manner or sound of くらくら: 目眩。高い流体性と不定形なSpace。,Psychomime (State/Manner),Dynamics,Neutral,Unvoiced (Light),Neutral,Reduplication,kuɾakuɾa,4,5,2,2,9,5,350.0,3.17,4,2500.0,5.47,4,mc,3,#FFFFFF,100.0,-0.0,0.0,"Reflecting unvoiced plosives and flap consonant /ɾ/ for a vector configuration of Weight 4, Time 5, and Flow 2.",,4,5,6,1,REDUP(畳語・同一)
くりくり,kurikuri,Manner or sound of くりくり: 円形運動。高い時間性と流体性。,Psychomime (State/Manner),Dynamics,Neutral,Unvoiced (Light),Neutral,Reduplication,kuɾikuɾi,2,7,7,3,7,4,600.0,4.54,5,3500.0,6.04,5,mc,3,#F5DEB3,89.4,1.5,24.0,"Reflecting unvoiced plosives and flap consonant /ɾ/ for a vector configuration of Weight 2, Time 7, and Flow 3.",,4,5,6,1,REDUP(畳語・同一)
くるくる,kurukuru,Manner or sound of くるくる: 軽快な回転。高い流体性と自由なFlow。,Psychomime (State/Manner),Dynamics,Neutral,Unvoiced (Light),Neutral,Reduplication,kuɾukuɾu,2,6,4,1,9,3,480.0,3.97,4,4000.0,6.27,3,mc,3,#87CEEB,79.2,-14.8,-21.3,"Reflecting unvoiced plosives and flap consonant /ɾ/ for a vector configuration of Weight 2, Time 6, and Flow 1.",,4,5,6,1,REDUP(畳語・同一)
くるっ,kurut,Manner or sound of くるっ: 瞬時の反転。高いBo数と直接性。,Psychomime (State/Manner),Dynamics,Neutral,Unvoiced (Light),Neutral,Reduplication,kuɾuʔ,2,9,8,5,7,2,550.0,4.32,9,12000.0,8.13,8,0,4,#FFFFFF,100.0,-0.0,0.0,"Reflecting unvoiced plosives and flap consonant /ɾ/ for a vector configuration of Weight 2, Time 9, and Flow 5.",,2,5,0,0,Q(促音単発)
くるり,kururi,Manner or sound of くるり: 円滑な旋回。余韻のある流体。,Psychomime (State/Manner),Dynamics,Neutral,Unvoiced (Light),Neutral,Reduplication,kuɾuɾi,2,6,6,2,9,3,500.0,4.07,5,3500.0,6.04,4,mc,3,#F0F8FF,97.2,-1.3,-4.3,"Reflecting unvoiced plosives and flap consonant /ɾ/ for a vector configuration of Weight 2, Time 6, and Flow 2.",,4,6,0,0,RI(り単発)
くんくん,kunkun,Manner or sound of くんくん: 嗅覚的探索。高い空間直接性と鼻腔共鳴。,Psychomime (State/Manner),Dynamics,Neutral,Unvoiced (Light),Neutral,Reduplication,kuŋkuŋ,3,5,8,6,5,5,300.0,2.78,4,1000.0,3.91,6,mh,5,#D2B48C,75.0,5.0,24.4,"Reflecting unvoiced plosives and nasal resonance for a vector configuration of Weight 3, Time 5, and Flow 6.",,4,5,6,1,REDUP(畳語・同一)
ぐいぐい,guigui,Manner or sound of ぐいぐい: 強引な牽引。高いWeightと空間直接性。,Psychomime (State/Manner),Dynamics,Positive,Semi-voiced (Crisp),Dark/Heavy/Large,Reduplication,ɡuiɡui,7,7,9,4,5,5,350.0,3.17,5,5500.0,6.81,8,h,6,#FF4500,57.6,67.8,69.0,"Reflecting voiced consonants for a vector configuration of Weight 7, Time 7, and Flow 4.",,4,5,6,1,REDUP(畳語・同一)
ぐうぐう,guuguu,Manner or sound of ぐうぐう: 深い眠り。低い周波数と高いMoisture。,Psychomime (State/Manner),Dynamics,Neutral,Unvoiced (Light),Neutral,Reduplication,ɡuuɡuu,6,2,2,2,6,7,150.0,1.03,1,600.0,3.04,7,mh,5,#483D8B,30.8,26.1,-42.1,"Reflecting voiced consonants for a vector configuration of Weight 6, Time 2, and Flow 2.",,4,5,6,1,REDUP(畳語・同一)
ぐしゃぐしゃ,gushagusha,Manner or sound of ぐしゃぐしゃ: 破壊と湿潤。高いRe数とMoisture。,Psychomime (State/Manner),Texture,Negative,Unvoiced (Light),Dark/Heavy/Large,Reduplication,ɡuɕaɡuɕa,6,7,3,4,6,8,400.0,3.51,6,8000.0,7.44,9,mc,3,#8B4513,37.5,26.4,41.0,"Reflecting voiced consonants and fricatives for a vector configuration of Weight 6, Time 7, and Flow 4.",,4,5,6,1,REDUP(畳語・同一)
ぐずぐず,guzuguzu,Manner or sound of ぐずぐず: グズついて actionや決断が遅い state/manner.,Psychomime (State/Manner),Speed/Tempo,Negative,Unvoiced (Light),Dark/Heavy/Large,Reduplication,ɡuzuɡuzu,6,2,1,9,4,8,180.0,1.49,3,500.0,2.73,8,c,2,#556B2F,42.2,-18.8,30.6,"Reflecting voiced consonants for a vector configuration of Weight 6, Time 2, and Flow 9.",,4,5,6,1,REDUP(畳語・同一)
ぐちゃぐちゃ,guchagucha,Manner or sound of ぐちゃぐちゃ: 高い不規則性と湿潤。最大Moisture。,Psychomime (State/Manner),Dynamics,Neutral,Unvoiced (Light),Neutral,Reduplication,ɡutɕaɡutɕa,6,6,3,5,6,9,320.0,2.94,5,2500.0,5.47,9,mc,3,#4B3621,24.5,6.4,16.8,"Reflecting voiced consonants and unvoiced plosives for a vector configuration of Weight 6, Time 6, and Flow 5.",,4,5,6,1,REDUP(畳語・同一)
ぐっしょり,gutshori,Manner or sound of ぐっしょり: 飽和 condition/state。高いMoistureと中程度のWeight。,Psychomime (State/Manner),Dynamics,Neutral,Unvoiced (Light),Neutral,Reduplication,ɡuɕɕoɾi,5,4,3,3,7,9,280.0,2.61,6,1200.0,4.22,9,mh,5,#000080,13.0,47.5,-64.7,"Reflecting voiced consonants and fricatives for a vector configuration of Weight 5, Time 4, and Flow 3.",,5,5,5,8,COMPOUND(複合・異種)
ぐっすり,gutsuri,Manner or sound of ぐっすり: 安定。低いWeightと自由なFlow。,Psychomime (State/Manner),Dynamics,Neutral,Unvoiced (Light),Neutral,Reduplication,ɡussuɾi,4,2,2,0,8,5,250.0,2.32,5,800.0,3.53,4,mh,5,#191970,15.9,31.7,-49.6,"Reflecting voiced consonants and fricatives for a vector configuration of Weight 4, Time 2, and Flow 0.",,5,5,5,8,COMPOUND(複合・異種)
ぐったり,guttari,Manner or sound of ぐったり: 疲労や病気で力を失い横たわる state/manner.,Psychomime (State/Manner),Human Body/Physiology,Negative,Unvoiced (Light),Dark/Heavy/Large,-ri Ending,ɡuttaɾi,8,3,1,4,7,7,180.0,1.49,7,500.0,2.73,6,c,2,#708090,52.8,-2.1,-10.6,"Reflecting voiced consonants and unvoiced plosives for a vector configuration of Weight 8, Time 3, and Flow 4.",,5,5,5,8,COMPOUND(複合・異種)
ぐつぐつ,gutsugutsu,Manner or sound of ぐつぐつ: 鍋などが沸騰して泡立つ音・ state/manner.,Phenomime (Sound),Temperature,Positive,Semi-voiced (Crisp),Dark/Heavy/Large,Reduplication,ɡutsuɡutsu,6,5,6,7,7,9,220.0,2.0,5,3000.0,5.78,9,hh,7,#FF4500,57.6,67.8,69.0,"Reflecting voiced consonants and unvoiced plosives for a vector configuration of Weight 6, Time 5, and Flow 7.",,4,5,6,1,REDUP(畳語・同一)
ぐにゃぐにゃ,gunyagunya,Manner or sound of ぐにゃぐにゃ: 柔らかくて骨がなく折れ曲がる manner.,Psychomime (State/Manner),Texture,Negative,Unvoiced (Light),Dark/Heavy/Large,Reduplication,ɡuɲaɡuɲa,5,4,1,4,8,9,200.0,1.75,3,1100.0,4.07,7,mh,5,#ADFF2F,92.0,-52.5,81.9,"Reflecting voiced consonants and nasal resonance for a vector configuration of Weight 5, Time 4, and Flow 4.",,4,5,6,1,REDUP(畳語・同一)
ぐにゃり,gunyari,Manner or sound of ぐにゃり: 塑性変形。単発の強い流体運動。,Psychomime (State/Manner),Dynamics,Neutral,Unvoiced (Light),Neutral,Reduplication,ɡuɲaɾi,6,6,4,5,7,8,240.0,2.22,6,1800.0,4.91,7,mc,3,#9ACD32,76.5,-38.0,66.6,"Reflecting voiced consonants and nasal resonance for a vector configuration of Weight 6, Time 6, and Flow 5.",,4,6,0,0,RI(り単発)
ぐびりぐびり,gubirigubiri,Manner or sound of ぐびりぐびり: 喉を通る流体。高いBo数とMoisture。,Psychomime (State/Manner),Dynamics,Neutral,Unvoiced (Light),Neutral,Reduplication,ɡubiɾiɡubiɾi,6,6,7,5,5,8,260.0,2.42,6,2200.0,5.25,8,mc,3,#4169E1,47.8,26.3,-65.3,"Reflecting voiced consonants and flap consonant /ɾ/ for a vector configuration of Weight 6, Time 6, and Flow 5.",,4,5,6,1,REDUP(畳語・同一)
ぐらぐら,guragura,Manner or sound of ぐらぐら: 土台が揺らいで不安定な state/manner.,Psychomime (State/Manner),Dynamics,Negative,Unvoiced (Light),Dark/Heavy/Large,Reduplication,ɡuɾaɡuɾa,7,5,3,3,8,4,220.0,2.0,4,3500.0,6.04,6,mc,3,#808080,53.6,-0.0,0.0,"Reflecting voiced consonants and flap consonant /ɾ/ for a vector configuration of Weight 7, Time 5, and Flow 3.",,4,5,6,1,REDUP(畳語・同一)
ぐらっ,gurat,Manner or sound of ぐらっ: 瞬間的な揺らぎ。高い圧縮性と重量。,Psychomime (State/Manner),Dynamics,Neutral,Unvoiced (Light),Neutral,Reduplication,ɡuɾaʔ,8,9,7,6,7,3,250.0,2.32,9,10000.0,7.82,8,mc,3,#000000,0.0,0.0,0.0,"Reflecting voiced consonants and flap consonant /ɾ/ for a vector configuration of Weight 8, Time 9, and Flow 6.",,2,5,0,0,Q(促音単発)
ぐりぐり,guriguri,Manner or sound of ぐりぐり: 押し付け。高いWeightと空間直接性。,Psychomime (State/Manner),Texture,Negative,Semi-voiced (Crisp),Dark/Heavy/Large,Reduplication,ɡuɾiɡuɾi,7,7,8,8,3,4,320.0,2.94,6,5000.0,6.65,8,mc,3,#8B4513,37.5,26.4,41.0,"Reflecting voiced consonants and flap consonant /ɾ/ for a vector configuration of Weight 7, Time 7, and Flow 8.",,4,5,6,1,REDUP(畳語・同一)
ぐるぐる,guruguru,Manner or sound of ぐるぐる: 何度も回転する state/manner.,Psychomime (State/Manner),Dynamics,Neutral,Unvoiced (Light),Dark/Heavy/Large,Reduplication,ɡuɾuɡuɾu,5,5,4,2,9,3,300.0,2.78,4,4500.0,6.47,5,mc,3,#4682B4,52.5,-4.1,-32.2,"Reflecting voiced consonants and flap consonant /ɾ/ for a vector configuration of Weight 5, Time 5, and Flow 2.",,4,5,6,1,REDUP(畳語・同一)
ぐるっ,gurut,Manner or sound of ぐるっ: 瞬時の回転。高いBo数と直接性。,Psychomime (State/Manner),Dynamics,Neutral,Unvoiced (Light),Neutral,Reduplication,ɡuɾuʔ,6,9,8,6,7,2,400.0,3.51,9,11000.0,7.98,9,mc,3,#FFFFFF,100.0,-0.0,0.0,"Reflecting voiced consonants and flap consonant /ɾ/ for a vector configuration of Weight 6, Time 9, and Flow 6.",,2,5,0,0,Q(促音単発)
ぐるり,gururi,Manner or sound of ぐるり: 周回。高い空間性と流体的な余韻。,Psychomime (State/Manner),Dynamics,Neutral,Unvoiced (Light),Neutral,Reduplication,ɡuɾuɾi,5,6,7,3,8,3,380.0,3.38,5,3800.0,6.18,7,mc,3,#708090,52.8,-2.1,-10.6,"Reflecting voiced consonants and flap consonant /ɾ/ for a vector configuration of Weight 5, Time 6, and Flow 3.",,4,6,0,0,RI(り単発)
ぐん,gun,Manner or sound of ぐん: 強力な一歩。最大のWeightと直接性。,Psychomime (State/Manner),Dynamics,Neutral,Unvoiced (Light),Neutral,Reduplication,ɡuŋ,8,8,9,6,4,4,280.0,2.61,8,7000.0,7.22,9,mc,3,#000080,13.0,47.5,-64.7,"Reflecting voiced consonants and nasal resonance for a vector configuration of Weight 8, Time 8, and Flow 6.",,3,6,0,0,N(撥音単発)
ぐんぐん,gungun,Manner or sound of ぐんぐん: 勢いよく前方や上方へ進む・成長する manner.,Psychomime (State/Manner),Speed/Tempo,Positive,Semi-voiced (Crisp),Dark/Heavy/Large,Reduplication,ɡuŋɡuŋ,7,7,9,4,5,5,320.0,2.94,5,6000.0,6.95,9,h,6,#1E90FF,59.4,10.0,-63.4,"Reflecting voiced consonants and nasal resonance for a vector configuration of Weight 7, Time 7, and Flow 4.",,4,5,6,1,REDUP(畳語・同一)
ぐんなり,gunnari,Manner or sound of ぐんなり: 萎れ。高いMoistureと低いSpace。,Psychomime (State/Manner),Dynamics,Neutral,Unvoiced (Light),Neutral,Reduplication,ɡunnaɾi,7,3,2,5,7,8,200.0,1.75,6,800.0,3.53,7,mc,3,#696969,44.4,-0.0,0.0,"Reflecting voiced consonants and nasal resonance for a vector configuration of Weight 7, Time 3, and Flow 5.",,5,5,5,8,COMPOUND(複合・異種)
ぐーすか,gu-suka,Manner or sound of ぐーすか: 鼾。流体性と乾燥摩擦の混在。,Phonomime (Voice),Human Body/Physiology,Positive,Semi-voiced (Crisp),Dark/Heavy/Large,Long Vowel,ɡuːsuka,5,2,2,1,7,4,450.0,3.81,2,900.0,3.73,4,mh,5,#FFE4E1,92.7,8.7,4.8,"Reflecting voiced consonants and unvoiced plosives for a vector configuration of Weight 5, Time 2, and Flow 1.",,5,5,5,8,COMPOUND(複合・異種)
けいけい,keikei,Manner or sound of けいけい: 高い鋭利さ。空間直接性と時間性。,Psychomime (State/Manner),Dynamics,Neutral,Unvoiced (Light),Neutral,Reduplication,keikei,3,6,7,6,6,2,1500.0,6.86,4,11000.0,7.98,6,h,6,#FFFF00,97.1,-21.6,94.5,"Reflecting unvoiced plosives for a vector configuration of Weight 3, Time 6, and Flow 6.",,4,5,6,1,REDUP(畳語・同一)
けざけざ,kezakeza,Manner or sound of けざけざ: 表面の粗さ。高いRe数。,Psychomime (State/Manner),Dynamics,Neutral,Unvoiced (Light),Neutral,Reduplication,kezakeza,4,5,6,7,4,1,900.0,5.56,5,8000.0,7.44,7,c,2,#778899,55.9,-2.2,-11.1,"Reflecting voiced consonants and unvoiced plosives for a vector configuration of Weight 4, Time 5, and Flow 7.",,4,5,6,1,REDUP(畳語・同一)
けたけた,ketaketa,Manner or sound of けたけた: 軽薄な笑い。高い時間性と流体性。,Psychomime (State/Manner),Dynamics,Neutral,Unvoiced (Light),Neutral,Reduplication,ketaketa,2,8,6,3,8,3,700.0,4.93,7,5500.0,6.81,5,h,6,#FFD700,86.9,-1.9,87.1,"Reflecting unvoiced plosives for a vector configuration of Weight 2, Time 8, and Flow 3.",,4,5,6,1,REDUP(畳語・同一)
けちょんけちょん,kechonkechon,Manner or sound of けちょんけちょん: 徹底的な批判。高いSpace直接性。,Psychomime (State/Manner),Dynamics,Neutral,Unvoiced (Light),Neutral,Reduplication,ketɕoŋketɕoŋ,5,8,9,7,3,4,550.0,4.32,8,6500.0,7.09,9,c,2,#8B0000,28.1,51.0,41.3,"Reflecting unvoiced plosives and fricatives for a vector configuration of Weight 5, Time 8, and Flow 7.",,4,5,6,1,REDUP(畳語・同一)
けばけば,kebakeba,Manner or sound of けばけば: 過剰な視覚刺激。高いRe数。,Psychomime (State/Manner),Dynamics,Neutral,Unvoiced (Light),Neutral,Reduplication,kebakeba,4,5,6,4,6,3,800.0,5.26,4,9000.0,7.64,7,h,6,#FF00FF,60.3,98.2,-60.8,"Reflecting voiced consonants and unvoiced plosives for a vector configuration of Weight 4, Time 5, and Flow 4.",,4,5,6,1,REDUP(畳語・同一)
けらけら,kerakera,Manner or sound of けらけら: 高い流体性と自由なFlow。軽快な笑い。,Psychomime (State/Manner),Dynamics,Neutral,Unvoiced (Light),Neutral,Reduplication,keɾakeɾa,2,7,4,1,9,2,650.0,4.74,5,4000.0,6.27,4,h,6,#FFFFE0,99.3,-5.1,14.8,"Reflecting unvoiced plosives and flap consonant /ɾ/ for a vector configuration of Weight 2, Time 7, and Flow 1.",,4,5,6,1,REDUP(畳語・同一)
けろけろ,kerokero,Manner or sound of けろけろ: 蛙や無頓着。高い流体性と適度なMoisture。,Psychomime (State/Manner),Dynamics,Neutral,Unvoiced (Light),Neutral,Reduplication,keɾokeɾo,3,6,4,2,8,4,500.0,4.07,4,3000.0,5.78,5,mh,5,#00FF00,87.7,-86.2,83.2,"Reflecting unvoiced plosives and flap consonant /ɾ/ for a vector configuration of Weight 3, Time 6, and Flow 2.",,4,5,6,1,REDUP(畳語・同一)
げたげた,getageta,Manner or sound of げたげた: 下品な笑い。高いWeightと流体性。,Psychomime (State/Manner),Dynamics,Neutral,Unvoiced (Light),Neutral,Reduplication,ɡetaɡeta,6,7,5,3,7,4,400.0,3.51,6,4500.0,6.47,6,h,6,#DAA520,70.8,8.5,68.8,"Reflecting voiced consonants and unvoiced plosives for a vector configuration of Weight 6, Time 7, and Flow 3.",,4,5,6,1,REDUP(畳語・同一)
げっそり,getsori,Manner or sound of げっそり: 急激に痩せ衰えたり失望したりする manner.,Psychomime (State/Manner),Dynamics,Neutral,Unvoiced (Light),Neutral,Reduplication,ɡessoɾi,7,6,4,8,5,2,350.0,3.17,7,2000.0,5.09,5,cc,1,#A9A9A9,69.2,-0.0,0.0,"Reflecting voiced consonants and fricatives for a vector configuration of Weight 7, Time 6, and Flow 8.",,5,5,5,8,COMPOUND(複合・異種)
げらげら,geragera,Manner or sound of げらげら: 大声で遠慮なく笑い転げる voice/cry.,Phonomime (Voice),Emotion,Positive,Unvoiced (Light),Dark/Heavy/Large,Reduplication,ɡeɾaɡeɾa,5,6,5,1,9,4,420.0,3.63,3,3500.0,6.04,6,h,6,#FFA500,74.9,23.9,78.9,"Reflecting voiced consonants and flap consonant /ɾ/ for a vector configuration of Weight 5, Time 6, and Flow 1.",,4,5,6,1,REDUP(畳語・同一)
げろげろ,gerogero,Manner or sound of げろげろ: 嘔吐。最大級のMoistureと流体性。,Psychomime (State/Manner),Dynamics,Neutral,Unvoiced (Light),Neutral,Reduplication,ɡeɾoɡeɾo,6,4,3,4,8,9,220.0,2.0,3,1800.0,4.91,9,mc,3,#32CD32,72.6,-67.1,61.4,"Reflecting voiced consonants and flap consonant /ɾ/ for a vector configuration of Weight 6, Time 4, and Flow 4.",,4,5,6,1,REDUP(畳語・同一)
げんなり,gennari,Manner or sound of げんなり: 嫌悪。高いWeightと鼻音の粘性。,Psychomime (State/Manner),Dynamics,Neutral,Unvoiced (Light),Neutral,Reduplication,ɡennaɾi,7,3,2,6,6,7,180.0,1.49,7,600.0,3.04,7,c,2,#483D8B,30.8,26.1,-42.1,"Reflecting voiced consonants and nasal resonance for a vector configuration of Weight 7, Time 3, and Flow 6.",,5,5,5,8,COMPOUND(複合・異種)
げーげー,ge-ge-,Manner or sound of げーげー: 激しい嘔吐 sound.持続的な流出。,Psychomime (State/Manner),Dynamics,Neutral,Unvoiced (Light),Neutral,Reduplication,ɡeːɡeː,7,4,4,3,6,8,200.0,1.75,1,1200.0,4.22,8,c,2,#556B2F,42.2,-18.8,30.6,"Reflecting voiced consonants and long vowel extension for a vector configuration of Weight 7, Time 4, and Flow 3.",,4,5,6,1,REDUP(畳語・同一)
こけこっこー,kokekotko-,Manner or sound of こけこっこー: 鶏の鳴 sound.高い空間指向性と時間性。,Psychomime (State/Manner),Dynamics,Neutral,Unvoiced (Light),Neutral,Reduplication,kokekokkoː,4,7,8,2,5,2,800.0,5.26,3,8000.0,7.44,7,h,6,#FF0000,53.2,80.1,67.2,"Reflecting unvoiced plosives and geminate sokuon (sudden onset) for a vector configuration of Weight 4, Time 7, and Flow 2.",,2,7,7,1,LONG(長音ー)
こそこそ,kosokoso,Manner or sound of こそこそ: 隠密。最小のWeightと最大の抑制。,Psychomime (State/Manner),Dynamics,Neutral,Unvoiced (Light),Neutral,Reduplication,kosokoso,1,5,2,9,7,2,900.0,5.56,5,4000.0,6.27,3,c,2,#2F4F4F,31.3,-11.7,-3.7,"Reflecting unvoiced plosives and fricatives for a vector configuration of Weight 1, Time 5, and Flow 9.",,4,5,6,1,REDUP(畳語・同一)
こちこち,kochikochi,Manner or sound of こちこち: 硬直や時計。高いHardnessと抑制。,Psychomime (State/Manner),Dynamics,Neutral,Unvoiced (Light),Neutral,Reduplication,kotɕikotɕi,5,8,8,9,1,1,1200.0,6.29,8,9000.0,7.64,9,cc,1,#B0E0E6,86.1,-14.1,-8.0,"Reflecting unvoiced plosives and fricatives for a vector configuration of Weight 5, Time 8, and Flow 9.",,4,5,6,1,REDUP(畳語・同一)
こっくり,kotkuri,Manner or sound of こっくり: 居眠りや頷き。中庸のWeightと時間性。,Psychomime (State/Manner),Dynamics,Neutral,Unvoiced (Light),Neutral,Reduplication,kokkuɾi,4,7,5,6,6,4,350.0,3.17,8,1500.0,4.6,5,mh,5,#DEB887,77.0,7.0,30.0,"Reflecting unvoiced plosives and flap consonant /ɾ/ for a vector configuration of Weight 4, Time 7, and Flow 6.",,5,5,5,8,COMPOUND(複合・異種)
こっそり,kotsori,Manner or sound of こっそり: 密かな行動。高いFlow抑制。,Psychomime (State/Manner),Silence,Neutral,Unvoiced (Light),Bright/Light/Small,-ri Ending,kossoɾi,2,6,4,9,7,3,800.0,5.26,7,5000.0,6.65,4,c,2,#000000,0.0,0.0,0.0,"Reflecting unvoiced plosives and fricatives for a vector configuration of Weight 2, Time 6, and Flow 9.",,5,5,5,8,COMPOUND(複合・異種)
こってり,kotteri,Manner or sound of こってり: 濃厚な味。高いMoistureと粘性。,Psychomime (State/Manner),Taste,Negative,Semi-voiced (Crisp),Dark/Heavy/Large,-ri Ending,kotteɾi,6,3,4,7,4,9,240.0,2.22,6,800.0,3.53,9,mh,5,#DAA520,70.8,8.5,68.8,"Reflecting unvoiced plosives and flap consonant /ɾ/ for a vector configuration of Weight 6, Time 3, and Flow 7.",,5,5,5,8,COMPOUND(複合・異種)
こつこつ,kotsukotsu,Manner or sound of こつこつ: 勤勉な打撃。剛体感と安定したリズム。,Psychomime (State/Manner),Dynamics,Neutral,Unvoiced (Light),Neutral,Reduplication,kotsukotsu,4,7,7,6,2,2,550.0,4.32,7,5000.0,6.65,7,mc,3,#8B4513,37.5,26.4,41.0,"Reflecting unvoiced plosives and fricatives for a vector configuration of Weight 4, Time 7, and Flow 6.",,4,5,6,1,REDUP(畳語・同一)
こつん,kotsun,Manner or sound of こつん: 軽い衝突。高い時間性とBo数。,Psychomime (State/Manner),Dynamics,Neutral,Unvoiced (Light),Neutral,Reduplication,kotsuŋ,5,9,8,7,2,3,450.0,3.81,9,8000.0,7.44,8,mc,3,#A0522D,43.8,29.3,35.6,"Reflecting unvoiced plosives and fricatives for a vector configuration of Weight 5, Time 9, and Flow 7.",,3,6,0,0,N(撥音単発)
ことこと,kotokoto,Manner or sound of ことこと: 煮込みや軽い sound.中程度の流体感。,Phenomime (Sound),Texture,Positive,Voiced (Heavy),Bright/Light/Small,Reduplication,kotokoto,3,6,5,5,3,4,300.0,2.78,6,3000.0,5.78,5,mh,5,#CD853F,61.8,21.4,47.9,"Reflecting unvoiced plosives for a vector configuration of Weight 3, Time 6, and Flow 5.",,4,5,6,1,REDUP(畳語・同一)
ことん,koton,Manner or sound of ことん: 小物の設置。適度なWeightと時間性。,Psychomime (State/Manner),Dynamics,Neutral,Unvoiced (Light),Neutral,Reduplication,kotoŋ,4,8,7,6,3,5,250.0,2.32,8,2500.0,5.47,7,mc,3,#696969,44.4,-0.0,0.0,"Reflecting unvoiced plosives and nasal resonance for a vector configuration of Weight 4, Time 8, and Flow 6.",,3,6,0,0,N(撥音単発)
こりこり,korikori,Manner or sound of こりこり: 軟骨などの食感。高いHardness。,Psychomime (State/Manner),Dynamics,Neutral,Unvoiced (Light),Neutral,Reduplication,koɾikoɾi,3,7,6,7,3,1,1100.0,6.07,7,7000.0,7.22,6,c,2,#F5DEB3,89.4,1.5,24.0,"Reflecting unvoiced plosives and flap consonant /ɾ/ for a vector configuration of Weight 3, Time 7, and Flow 7.",,4,5,6,1,REDUP(畳語・同一)
ころころ,korokoro,Manner or sound of ころころ: 小球の回転。高い流体性と低いWeight。,Psychomime (State/Manner),Dynamics,Positive,Unvoiced (Light),Bright/Light/Small,Reduplication,koɾokoɾo,2,6,3,2,8,3,480.0,3.97,4,4000.0,6.27,3,mc,3,#F5F5F5,96.5,-0.0,0.0,"Reflecting unvoiced plosives and flap consonant /ɾ/ for a vector configuration of Weight 2, Time 6, and Flow 2.",,4,5,6,1,REDUP(畳語・同一)
ころり,korori,Manner or sound of ころり: 転倒や心変わり。流体的な時間変化。,Psychomime (State/Manner),Dynamics,Neutral,Unvoiced (Light),Neutral,Reduplication,koɾoɾi,2,7,6,4,8,4,450.0,3.81,6,3000.0,5.78,5,mc,3,#FFFFFF,100.0,-0.0,0.0,"Reflecting unvoiced plosives and flap consonant /ɾ/ for a vector configuration of Weight 2, Time 7, and Flow 4.",,4,6,0,0,RI(り単発)
こんがり,kongari,Manner or sound of こんがり: 焼き色。高い温度感と乾燥気味のPhysics。,Psychomime (State/Manner),Dynamics,Neutral,Unvoiced (Light),Neutral,Reduplication,koŋɡaɾi,4,4,6,5,4,2,380.0,3.38,4,1800.0,4.91,7,hh,7,#D2691E,56.0,37.1,56.7,"Reflecting voiced consonants and unvoiced plosives for a vector configuration of Weight 4, Time 4, and Flow 5.",,5,5,5,8,COMPOUND(複合・異種)
こんこん,konkon,Manner or sound of こんこん: ノックや咳嗽。空間指向性と適度な剛性。,Psychomime (State/Manner),Dynamics,Neutral,Unvoiced (Light),Neutral,Reduplication,koŋkoŋ,4,7,7,5,3,4,320.0,2.94,5,4500.0,6.47,8,mc,3,#A9A9A9,69.2,-0.0,0.0,"Reflecting unvoiced plosives and nasal resonance for a vector configuration of Weight 4, Time 7, and Flow 5.",,4,5,6,1,REDUP(畳語・同一)
こんもり,konmori,Manner or sound of こんもり: 盛り上がった形状。高いMoistureと低いTime。,Psychomime (State/Manner),Dynamics,Neutral,Unvoiced (Light),Neutral,Reduplication,kommoɾi,5,2,2,4,6,7,180.0,1.49,3,400.0,2.35,8,mc,3,#228B22,50.6,-49.6,45.0,"Reflecting unvoiced plosives and nasal resonance for a vector configuration of Weight 5, Time 2, and Flow 4.",,5,5,5,8,COMPOUND(複合・異種)
ごくごく,gokugoku,Manner or sound of ごくごく: 喉を鳴らして液体を勢いよく飲む sound.,Phenomime (Sound),Taste,Positive,Semi-voiced (Crisp),Dark/Heavy/Large,Reduplication,ɡokuɡoku,6,6,6,5,6,9,200.0,1.75,6,1500.0,4.6,9,mc,3,#4169E1,47.8,26.3,-65.3,"Reflecting voiced consonants and unvoiced plosives for a vector configuration of Weight 6, Time 6, and Flow 5.",,4,5,6,1,REDUP(畳語・同一)
ごくん,gokun,Manner or sound of ごくん: 嚥下の完了。最大の時間性と気圧。,Psychomime (State/Manner),Dynamics,Neutral,Unvoiced (Light),Neutral,Reduplication,ɡokuŋ,7,9,8,8,5,8,160.0,1.19,9,6000.0,6.95,9,mh,5,#000080,13.0,47.5,-64.7,"Reflecting voiced consonants and unvoiced plosives for a vector configuration of Weight 7, Time 9, and Flow 8.",,3,6,0,0,N(撥音単発)
ごしごし,goshigoshi,Manner or sound of ごしごし: 強い摩擦。高いWeightと空間直接性。,Psychomime (State/Manner),Texture,Negative,Semi-voiced (Crisp),Dark/Heavy/Large,Reduplication,ɡoɕiɡoɕi,7,7,7,8,4,2,700.0,4.93,6,9000.0,7.64,7,h,6,#708090,52.8,-2.1,-10.6,"Reflecting voiced consonants and fricatives for a vector configuration of Weight 7, Time 7, and Flow 8.",,4,5,6,1,REDUP(畳語・同一)
ごそごそ,gosogoso,Manner or sound of ごそごそ: 重い物体との摩擦。低いMoisture。,Psychomime (State/Manner),Dynamics,Neutral,Unvoiced (Light),Neutral,Reduplication,ɡosoɡoso,5,5,3,6,6,1,450.0,3.81,5,7500.0,7.33,6,mc,3,#556B2F,42.2,-18.8,30.6,"Reflecting voiced consonants and fricatives for a vector configuration of Weight 5, Time 5, and Flow 6.",,4,5,6,1,REDUP(畳語・同一)
ごたごた,gotagota,Manner or sound of ごたごた: 混乱。高いRe数と不規則なFlow。,Psychomime (State/Manner),Dynamics,Neutral,Unvoiced (Light),Neutral,Reduplication,ɡotaɡota,6,5,3,5,6,5,280.0,2.61,4,5500.0,6.81,8,mc,3,#808080,53.6,-0.0,0.0,"Reflecting voiced consonants and unvoiced plosives for a vector configuration of Weight 6, Time 5, and Flow 5.",,4,5,6,1,REDUP(畳語・同一)
ごちごち,gochigochi,Manner or sound of ごちごち: 非常に硬い。最大のHardnessと抑制。,Psychomime (State/Manner),Dynamics,Neutral,Unvoiced (Light),Neutral,Reduplication,ɡotɕiɡotɕi,8,8,8,9,0,1,1000.0,5.83,8,9500.0,7.74,9,cc,1,#696969,44.4,-0.0,0.0,"Reflecting voiced consonants and unvoiced plosives for a vector configuration of Weight 8, Time 8, and Flow 9.",,4,5,6,1,REDUP(畳語・同一)
ごちゃごちゃ,gochagocha,Manner or sound of ごちゃごちゃ: 乱雑に混ざり合って整わない state/manner.,Psychomime (State/Manner),Density/Distance,Negative,Unvoiced (Light),Dark/Heavy/Large,Reduplication,ɡotɕaɡotɕa,6,6,3,4,5,7,350.0,3.17,4,7000.0,7.22,9,mc,3,#4B3621,24.5,6.4,16.8,"Reflecting voiced consonants and unvoiced plosives for a vector configuration of Weight 6, Time 6, and Flow 4.",,4,5,6,1,REDUP(畳語・同一)
ごっそり,gotsori,Manner or sound of ごっそり: 大量の除去。高いWeightと流体性。,Psychomime (State/Manner),Dynamics,Neutral,Unvoiced (Light),Neutral,Reduplication,ɡossoɾi,7,6,5,3,6,5,300.0,2.78,7,2500.0,5.47,8,mc,3,#DAA520,70.8,8.5,68.8,"Reflecting voiced consonants and fricatives for a vector configuration of Weight 7, Time 6, and Flow 3.",,5,5,5,8,COMPOUND(複合・異種)
ごつごつ,gotsugotsu,Manner or sound of ごつごつ: 表面が硬く凹凸が多い manner.,Psychomime (State/Manner),Dynamics,Neutral,Unvoiced (Light),Neutral,Reduplication,ɡotsuɡotsu,8,7,7,8,1,1,350.0,3.17,7,6500.0,7.09,9,c,2,#8B4513,37.5,26.4,41.0,"Reflecting voiced consonants and unvoiced plosives for a vector configuration of Weight 8, Time 7, and Flow 8.",,4,5,6,1,REDUP(畳語・同一)
ごつん,gotsun,Manner or sound of ごつん: 強い衝突。全次元で最大級のPhysics値。,Psychomime (State/Manner),Dynamics,Neutral,Unvoiced (Light),Neutral,Reduplication,ɡotsuŋ,9,9,9,9,1,3,280.0,2.61,9,11000.0,7.98,9,mc,3,#8B0000,28.1,51.0,41.3,"Reflecting voiced consonants and unvoiced plosives for a vector configuration of Weight 9, Time 9, and Flow 9.",,3,6,0,0,N(撥音単発)
ごてごて,gotegote,Manner or sound of ごてごて: 過剰な装飾。高いMoistureとRe数。,Psychomime (State/Manner),Dynamics,Neutral,Unvoiced (Light),Neutral,Reduplication,ɡoteɡote,6,3,4,6,5,8,240.0,2.22,3,3000.0,5.78,8,mc,3,#800080,29.8,58.9,-36.5,"Reflecting voiced consonants and unvoiced plosives for a vector configuration of Weight 6, Time 3, and Flow 6.",,4,5,6,1,REDUP(畳語・同一)
ごとごと,gotogoto,Manner or sound of ごとごと: 重い物体の移動。低い周波数とWeight。,Psychomime (State/Manner),Dynamics,Neutral,Unvoiced (Light),Neutral,Reduplication,ɡotoɡoto,7,5,5,5,3,4,220.0,2.0,5,4500.0,6.47,7,mc,3,#2F4F4F,31.3,-11.7,-3.7,"Reflecting voiced consonants and unvoiced plosives for a vector configuration of Weight 7, Time 5, and Flow 5.",,4,5,6,1,REDUP(畳語・同一)
ごとん,goton,Manner or sound of ごとん: 重量物の落着。高いBo数。,Psychomime (State/Manner),Dynamics,Neutral,Unvoiced (Light),Neutral,Reduplication,ɡotoŋ,8,8,9,8,2,5,180.0,1.49,8,5000.0,6.65,9,mc,3,#000000,0.0,0.0,0.0,"Reflecting voiced consonants and unvoiced plosives for a vector configuration of Weight 8, Time 8, and Flow 8.",,3,6,0,0,N(撥音単発)
ごにょごにょ,gonyogonyo,Manner or sound of ごにょごにょ: 不明瞭な発 voice/cry.低いSpaceと高い粘性。,Psychomime (State/Manner),Dynamics,Neutral,Unvoiced (Light),Neutral,Reduplication,ɡoɲoɡoɲo,4,3,1,8,7,8,150.0,1.03,4,400.0,2.35,6,mc,3,#708090,52.8,-2.1,-10.6,"Reflecting voiced consonants and nasal resonance for a vector configuration of Weight 4, Time 3, and Flow 8.",,4,5,6,1,REDUP(畳語・同一)
ごほんごほん,gohongohon,Manner or sound of ごほんごほん: 激しい咳。高い直接性と内部圧力。,Psychomime (State/Manner),Dynamics,Neutral,Unvoiced (Light),Neutral,Reduplication,ɡohoŋɡohoŋ,6,7,7,7,5,4,250.0,2.32,6,2500.0,5.47,8,h,6,#A52A2A,37.5,49.7,30.5,"Reflecting voiced consonants and fricatives for a vector configuration of Weight 6, Time 7, and Flow 7.",,4,5,6,1,REDUP(畳語・同一)
ごりごり,gorigori,Manner or sound of ごりごり: 硬い摩擦。高いWeightと剛体性。,Psychomime (State/Manner),Dynamics,Neutral,Unvoiced (Light),Neutral,Reduplication,ɡoɾiɡoɾi,7,8,8,8,2,1,450.0,3.81,7,10000.0,7.82,8,c,2,#556B2F,42.2,-18.8,30.6,"Reflecting voiced consonants and flap consonant /ɾ/ for a vector configuration of Weight 7, Time 8, and Flow 8.",,4,5,6,1,REDUP(畳語・同一)
ごろごろ,gorogoro,Manner or sound of ごろごろ: 雷が鳴ったり大物が転がったり、横になって過ごす manner.,Psychomime (State/Manner),Dynamics,Negative,Unvoiced (Light),Dark/Heavy/Large,Reduplication,ɡoɾoɡoɾo,6,4,2,2,8,3,200.0,1.75,3,3500.0,6.04,7,mc,3,#8B4513,37.5,26.4,41.0,"Reflecting voiced consonants and flap consonant /ɾ/ for a vector configuration of Weight 6, Time 4, and Flow 2.",,4,5,6,1,REDUP(畳語・同一)
ごわごわ,gowagowa,Manner or sound of ごわごわ: 粗い手触り。低いMoistureと高い抑制。,Psychomime (State/Manner),Dynamics,Neutral,Unvoiced (Light),Neutral,Reduplication,ɡowaɡowa,5,4,4,7,4,1,380.0,3.38,4,8500.0,7.55,6,c,2,#D2B48C,75.0,5.0,24.4,"Reflecting voiced consonants for a vector configuration of Weight 5, Time 4, and Flow 7.",,4,5,6,1,REDUP(畳語・同一)
ごんごん,gongon,Manner or sound of ごんごん: 激しい衝突 sound.最大のWeight。,Phenomime (Sound),"Dynamics, Mass/Weight",Negative,Semi-voiced (Crisp),Dark/Heavy/Large,Reduplication,ɡoŋɡoŋ,8,7,9,6,2,4,250.0,2.32,5,5500.0,6.81,9,h,6,#8B0000,28.1,51.0,41.3,"Reflecting voiced consonants and nasal resonance for a vector configuration of Weight 8, Time 7, and Flow 6.",,4,5,6,1,REDUP(畳語・同一)
ごーごー,go-go-,Manner or sound of ごーごー: 激しい風雨。高い流体性と持続。,Psychomime (State/Manner),Dynamics,Neutral,Unvoiced (Light),Neutral,Reduplication,ɡoːɡoː,7,2,4,1,8,4,150.0,1.03,0,6000.0,6.95,8,mc,3,#4682B4,52.5,-4.1,-32.2,"Reflecting voiced consonants and long vowel extension for a vector configuration of Weight 7, Time 2, and Flow 1.",,4,5,6,1,REDUP(畳語・同一)
さくさく,sakusaku,Manner or sound of さくさく: 軽快に咀嚼したり砂地を踏む音、手際よい manner.,Phenomime (Sound),"Texture, Taste",Positive,Voiced (Heavy),Bright/Light/Small,Reduplication,sakusaku,2,7,6,2,4,1,1200.0,6.29,6,8000.0,7.44,4,c,2,#F5DEB3,89.4,1.5,24.0,"Reflecting unvoiced plosives and fricatives for a vector configuration of Weight 2, Time 7, and Flow 2.",,4,5,6,1,REDUP(畳語・同一)
さくり,sakuri,Manner or sound of さくり: 弾き音/ɾi/による完了感。Space 8な介入と層流への移行。,Psychomime (State/Manner),Dynamics,Neutral,Unvoiced (Light),Neutral,Reduplication,sakuɾi,2,6,8,4,5,2,1000.0,5.83,7,6000.0,6.95,6,c,2,#FFF8DC,97.5,-2.2,14.3,"Reflecting unvoiced plosives and fricatives for a vector configuration of Weight 2, Time 6, and Flow 4.",,4,6,0,0,RI(り単発)
さっさ,satsa,Manner or sound of さっさ: 促音/ss/による極短Time。自由なFlowと高い流体運動性。,Psychomime (State/Manner),Dynamics,Neutral,Unvoiced (Light),Neutral,Reduplication,sassa,1,8,7,0,8,2,900.0,5.56,8,12000.0,8.13,5,h,6,#FFFFFF,100.0,-0.0,0.0,"Reflecting fricatives and geminate sokuon (sudden onset) for a vector configuration of Weight 1, Time 8, and Flow 0.",,2,5,0,0,Q(促音単発)
さっぱり,satpari,Manner or sound of さっぱり: 清潔で気持ちよいさま、全く〜ない manner.,Pathomime (Emotion),"Texture, Taste",Positive,Voiced (Heavy),Bright/Light/Small,-ri Ending,sappaɾi,1,8,9,2,9,3,850.0,5.42,7,9000.0,7.64,4,h,6,#E0FFFF,97.9,-9.9,-3.4,"Reflecting unvoiced plosives and fricatives for a vector configuration of Weight 1, Time 8, and Flow 2.",,5,5,5,8,COMPOUND(複合・異種)
さばさば,sabasaba,Manner or sound of さばさば: 有声音/b/の適度なWeightと流体感。執着のない自由なFlow。,Psychomime (State/Manner),Dynamics,Neutral,Unvoiced (Light),Neutral,Reduplication,sabasaba,3,5,5,1,8,5,400.0,3.51,3,4000.0,6.27,3,mh,5,#F0F8FF,97.2,-1.3,-4.3,"Reflecting voiced consonants and fricatives for a vector configuration of Weight 3, Time 5, and Flow 1.",,4,5,6,1,REDUP(畳語・同一)
さめざめ,samezame,Manner or sound of さめざめ: 鼻音/m/と濁音によるMoistureの上昇。抑制された持続的悲嘆。,Psychomime (State/Manner),Dynamics,Neutral,Unvoiced (Light),Neutral,Reduplication,samezame,4,2,2,6,7,8,280.0,2.61,2,1500.0,4.6,5,c,2,#708090,52.8,-2.1,-10.6,"Reflecting voiced consonants and fricatives for a vector configuration of Weight 4, Time 2, and Flow 6.",,5,5,5,8,COMPOUND(複合・異種)
さらさら,sarasara,Manner or sound of さらさら: 滞りなく滑らかに流れる・流動する manner.,Psychomime (State/Manner),Texture,Positive,Unvoiced (Light),Bright/Light/Small,Reduplication,saɾasaɾa,1,3,2,0,9,1,600.0,4.54,4,1200.0,4.22,2,mh,5,#FFFFFF,100.0,-0.0,0.0,"Reflecting fricatives and flap consonant /ɾ/ for a vector configuration of Weight 1, Time 3, and Flow 0.",,4,5,6,1,REDUP(畳語・同一)
さらり,sarari,Manner or sound of さらり: 弾き音によるSpaceの拡張。残留物のない完全な流体離脱。,Psychomime (State/Manner),Dynamics,Neutral,Unvoiced (Light),Neutral,Reduplication,saɾaɾi,1,5,6,1,9,2,700.0,4.93,5,2000.0,5.09,3,h,6,#F0FFFF,98.9,-4.9,-1.7,"Reflecting fricatives and flap consonant /ɾ/ for a vector configuration of Weight 1, Time 5, and Flow 1.",,4,6,0,0,RI(り単発)
ざあざあ,zaazaa,Manner or sound of ざあざあ: 濁音によるWeight増加と長音の持続。高Moistureの乱流。,Psychomime (State/Manner),Dynamics,Neutral,Unvoiced (Light),Neutral,Reduplication,dzaazaa,6,2,4,1,8,9,300.0,2.78,0,15000.0,8.51,7,mc,3,#4682B4,52.5,-4.1,-32.2,"Reflecting voiced consonants for a vector configuration of Weight 6, Time 2, and Flow 1.",,4,5,6,1,REDUP(畳語・同一)
ざくざく,zakuzaku,Manner or sound of ざくざく: 硬い対象への介入。有声摩擦によるWeightとHardnessのバランス。,Phenomime (Sound),Texture,Negative,Unvoiced (Light),Dark/Heavy/Large,Reduplication,dzakuzaku,6,7,7,4,3,2,350.0,3.17,6,9000.0,7.64,8,c,2,#DAA520,70.8,8.5,68.8,"Reflecting voiced consonants and unvoiced plosives for a vector configuration of Weight 6, Time 7, and Flow 4.",,4,5,6,1,REDUP(畳語・同一)
ざっくばらん,zatkubaran,Manner or sound of ざっくばらん: 促音の衝撃から流体への転換。開放的なFlow 0。,Psychomime (State/Manner),Dynamics,Neutral,Unvoiced (Light),Neutral,Reduplication,dzakkubaɾaŋ,5,7,8,0,7,3,450.0,3.81,4,11000.0,7.98,6,h,6,#FF8C00,69.5,36.8,75.5,"Reflecting voiced consonants and unvoiced plosives for a vector configuration of Weight 5, Time 7, and Flow 0.",,2,5,0,0,Q(促音単発)
ざぶざぶ,zabuzabu,Manner or sound of ざぶざぶ: 大量の水中で音を立てて動く sound.,Psychomime (State/Manner),Dynamics,Neutral,Unvoiced (Light),Neutral,Reduplication,dzabuzabu,7,5,3,2,8,9,150.0,1.03,3,18000.0,8.82,9,mc,3,#0000FF,32.3,79.2,-107.9,"Reflecting voiced consonants for a vector configuration of Weight 7, Time 5, and Flow 2.",,4,5,6,1,REDUP(畳語・同一)
ざぶん,zabun,Manner or sound of ざぶん: 液体への突入。最大のWeightと圧縮性。,Psychomime (State/Manner),Dynamics,Neutral,Unvoiced (Light),Neutral,Reduplication,dzabuŋ,8,8,9,7,7,9,120.0,0.46,8,20000.0,9.0,9,mc,3,#191970,15.9,31.7,-49.6,"Reflecting voiced consonants and nasal resonance for a vector configuration of Weight 8, Time 8, and Flow 7.",,3,6,0,0,N(撥音単発)
ざらざら,zarazara,Manner or sound of ざらざら: 表面が荒く肌触りが良くない manner.,Psychomime (State/Manner),Texture,Negative,Unvoiced (Light),Dark/Heavy/Large,Reduplication,dzaɾazaɾa,5,4,5,7,5,0,400.0,3.51,5,13000.0,8.27,4,c,2,#8B4513,37.5,26.4,41.0,"Reflecting voiced consonants and flap consonant /ɾ/ for a vector configuration of Weight 5, Time 4, and Flow 7.",,4,5,6,1,REDUP(畳語・同一)
ざわざわ,zawazawa,Manner or sound of ざわざわ: 大勢の話し声や風で樹木が揺れる騒がしい sound.,Phonomime (Voice),Density/Distance,Negative,Unvoiced (Light),Dark/Heavy/Large,Reduplication,dzawazawa,4,5,2,3,8,6,320.0,2.94,3,16000.0,8.62,7,mc,3,#556B2F,42.2,-18.8,30.6,"Reflecting voiced consonants for a vector configuration of Weight 4, Time 5, and Flow 3.",,4,5,6,1,REDUP(畳語・同一)
ざんざん,zanzan,Manner or sound of ざんざん: 激しい降雨。鼻音の共鳴による重量感と持続。,Psychomime (State/Manner),Dynamics,Neutral,Unvoiced (Light),Neutral,Reduplication,dzaŋzaŋ,7,4,8,5,6,9,280.0,2.61,4,14000.0,8.39,8,mc,3,#000080,13.0,47.5,-64.7,"Reflecting voiced consonants and nasal resonance for a vector configuration of Weight 7, Time 4, and Flow 5.",,4,5,6,1,REDUP(畳語・同一)
ざんぶり,zanburi,Manner or sound of ざんぶり: 液体への全質量投下。弾き音による物理的飛散。,Psychomime (State/Manner),Dynamics,Neutral,Unvoiced (Light),Neutral,Reduplication,dzambuɾi,8,6,9,6,6,9,200.0,1.75,7,17000.0,8.72,9,c,2,#0000CD,25.0,67.2,-91.5,"Reflecting voiced consonants and nasal resonance for a vector configuration of Weight 8, Time 6, and Flow 6.",,5,5,5,8,COMPOUND(複合・異種)
しいん,shiin,Manner or sound of しいん: 摩擦音/ɕ/の持続。極小Weightと最大抑制。音響的真空。,Psychomime (State/Manner),Dynamics,Neutral,Unvoiced (Light),Neutral,Reduplication,ɕiiŋ,1,1,2,9,9,2,2500.0,8.15,0,100.0,0.0,1,cc,1,#F0F8FF,97.2,-1.3,-4.3,"Reflecting fricatives and nasal resonance for a vector configuration of Weight 1, Time 1, and Flow 9.",,3,6,0,0,N(撥音単発)
しくしく,shikushiku,Manner or sound of しくしく: 粘性の高い悲嘆。高周波摩擦とMoistureの持続。,Phonomime (Voice),Emotion,Negative,Voiced (Heavy),Bright/Light/Small,Reduplication,ɕikuɕiku,2,4,2,7,8,7,1200.0,6.29,5,500.0,2.73,6,c,2,#B0C4DE,78.5,-1.3,-15.2,"Reflecting unvoiced plosives and fricatives for a vector configuration of Weight 2, Time 4, and Flow 7.",,4,5,6,1,REDUP(畳語・同一)
しこしこ,shikoshiko,Manner or sound of しこしこ: 内部弾性。破裂音によるSpace 7と抑制されたFlow。,Psychomime (State/Manner),Dynamics,Neutral,Unvoiced (Light),Neutral,Reduplication,ɕikoɕiko,4,6,7,8,4,4,500.0,4.07,6,3000.0,5.78,7,mc,3,#F5DEB3,89.4,1.5,24.0,"Reflecting unvoiced plosives and fricatives for a vector configuration of Weight 4, Time 6, and Flow 8.",,4,5,6,1,REDUP(畳語・同一)
しっかり,shitkari,Manner or sound of しっかり: 剛体感。促音の閉鎖による最大Bo数とFlow抑制。,Psychomime (State/Manner),"Texture, Mass/Weight",Positive,Semi-voiced (Crisp),Bright/Light/Small,-ri Ending,ɕikkaɾi,6,8,9,9,2,2,600.0,4.54,8,5000.0,6.65,9,0,4,#708090,52.8,-2.1,-10.6,"Reflecting unvoiced plosives and fricatives for a vector configuration of Weight 6, Time 8, and Flow 9.",,5,5,5,8,COMPOUND(複合・異種)
しっくり,shitkuri,Manner or sound of しっくり: 適合。流体性と剛性の中間。高い粘性による密着。,Psychomime (State/Manner),Relationship,Positive,Voiced (Heavy),Bright/Light/Small,-ri Ending,ɕikkuɾi,3,4,6,8,6,5,450.0,3.81,6,2000.0,5.09,8,mh,5,#808080,53.6,-0.0,0.0,"Reflecting unvoiced plosives and fricatives for a vector configuration of Weight 3, Time 4, and Flow 8.",,5,5,5,8,COMPOUND(複合・異種)
しっとり,shittori,Manner or sound of しっとり: 高いMoisture。Timeが持続的でFlowが滑らか。,Psychomime (State/Manner),Dynamics,Neutral,Unvoiced (Light),Neutral,Reduplication,ɕittoɾi,3,2,3,4,8,8,350.0,3.17,4,1200.0,4.22,9,mh,5,#D8BFD8,80.1,13.2,-9.2,"Reflecting unvoiced plosives and fricatives for a vector configuration of Weight 3, Time 2, and Flow 4.",,5,5,5,8,COMPOUND(複合・異種)
しっぽり,shitpori,Manner or sound of しっぽり: 飽和したMoistureと高い温度感。親密な流体接触。,Psychomime (State/Manner),Dynamics,Neutral,Unvoiced (Light),Neutral,Reduplication,ɕippoɾi,4,3,4,5,7,9,300.0,2.78,5,1500.0,4.6,9,hh,7,#FF69B4,65.5,64.2,-10.6,"Reflecting unvoiced plosives and fricatives for a vector configuration of Weight 4, Time 3, and Flow 5.",,5,5,5,8,COMPOUND(複合・異種)
しとしと,shitoshito,Manner or sound of しとしと: 低Weight降雨。層流に近い穏やかな流体運動。,Phenomime (Sound),Weather/Nature,Neutral,Unvoiced (Light),Bright/Light/Small,Reduplication,ɕitoɕito,2,2,2,3,9,8,400.0,3.51,2,400.0,2.35,7,mc,3,#778899,55.9,-2.2,-11.1,"Reflecting unvoiced plosives and fricatives for a vector configuration of Weight 2, Time 2, and Flow 3.",,4,5,6,1,REDUP(畳語・同一)
しゃあしゃあ,shaashaa,Manner or sound of しゃあしゃあ: 摩擦音の持続。恥辱を撥ね退ける自由なFlow。,Psychomime (State/Manner),Dynamics,Neutral,Unvoiced (Light),Neutral,Reduplication,ɕaaɕaa,3,2,5,1,9,4,800.0,5.26,0,5000.0,6.65,3,h,6,#FFFFFF,100.0,-0.0,0.0,"Reflecting fricatives for a vector configuration of Weight 3, Time 2, and Flow 1.",,4,5,6,1,REDUP(畳語・同一)
しゃきしゃき,shakishaki,Manner or sound of しゃきしゃき: 繊維質の破壊。高いHardnessと空間的直接性。,Psychomime (State/Manner),Dynamics,Neutral,Unvoiced (Light),Neutral,Reduplication,ɕakiɕaki,3,7,8,4,3,2,1500.0,6.86,7,8000.0,7.44,6,c,2,#90EE90,86.5,-46.3,36.9,"Reflecting unvoiced plosives and fricatives for a vector configuration of Weight 3, Time 7, and Flow 4.",,4,5,6,1,REDUP(畳語・同一)
しゃなりしゃなり,shanarishanari,Manner or sound of しゃなりしゃなり: 優雅な曲線運動。低いWeightと持続的なFlow。,Psychomime (State/Manner),Dynamics,Neutral,Unvoiced (Light),Neutral,Reduplication,ɕanaɾiɕanaɾi,2,2,4,2,9,5,450.0,3.81,3,1000.0,3.91,3,mh,5,#E6E6FA,91.8,3.7,-9.7,"Reflecting fricatives and nasal resonance for a vector configuration of Weight 2, Time 2, and Flow 2.",,4,5,6,1,REDUP(畳語・同一)
しゃん,shan,Manner or sound of しゃん: 背筋の伸び。高いSpace 9と抑制された姿勢。,Psychomime (State/Manner),Dynamics,Neutral,Unvoiced (Light),Neutral,Reduplication,ɕaŋ,3,7,9,8,5,2,700.0,4.93,7,3500.0,6.04,8,h,6,#FFFFFF,100.0,-0.0,0.0,"Reflecting fricatives and nasal resonance for a vector configuration of Weight 3, Time 7, and Flow 8.",,3,6,0,0,N(撥音単発)
しゅっぽしゅっぽ,shutposhutpo,Manner or sound of しゅっぽしゅっぽ: 蒸気機関の運動。圧力変化を伴う周期的な破裂。,Psychomime (State/Manner),Dynamics,Neutral,Unvoiced (Light),Neutral,Reduplication,ɕuppoɕuppo,6,6,8,5,6,7,250.0,2.32,6,7000.0,7.22,8,h,6,#696969,44.4,-0.0,0.0,"Reflecting unvoiced plosives and fricatives for a vector configuration of Weight 6, Time 6, and Flow 5.",,4,5,6,1,REDUP(畳語・同一)
しゅるしゅる,shurushuru,Manner or sound of しゅるしゅる: 螺旋状の流体運動。摩擦音による高いRe数。,Psychomime (State/Manner),Dynamics,Neutral,Unvoiced (Light),Neutral,Reduplication,ɕuɾuɕuɾu,2,5,6,2,9,3,900.0,5.56,4,5000.0,6.65,4,mc,3,#AFEEEE,90.1,-19.6,-6.4,"Reflecting fricatives and flap consonant /ɾ/ for a vector configuration of Weight 2, Time 5, and Flow 2.",,4,5,6,1,REDUP(畳語・同一)
しゅーしゅー,shu-shu-,Manner or sound of しゅーしゅー: 気体の噴出。高周波持続音と高い空間指向性。,Psychomime (State/Manner),Dynamics,Neutral,Unvoiced (Light),Neutral,Reduplication,ɕuːɕuː,3,2,7,1,9,3,1100.0,6.07,0,8000.0,7.44,5,h,6,#FFFFFF,100.0,-0.0,0.0,"Reflecting fricatives and long vowel extension for a vector configuration of Weight 3, Time 2, and Flow 1.",,4,5,6,1,REDUP(畳語・同一)
しょぼしょぼ,shoboshobo,Manner or sound of しょぼしょぼ: 衰弱。低いSpaceと高いMoisture。,Psychomime (State/Manner),Dynamics,Neutral,Unvoiced (Light),Neutral,Reduplication,ɕoboɕobo,5,3,1,6,8,7,220.0,2.0,4,600.0,3.04,8,c,2,#708090,52.8,-2.1,-10.6,"Reflecting voiced consonants and fricatives for a vector configuration of Weight 5, Time 3, and Flow 6.",,4,5,6,1,REDUP(畳語・同一)
しょんぼり,shonbori,Manner or sound of しょんぼり: 精神的重量。鼻音の重なりによる抑制。,Psychomime (State/Manner),Dynamics,Neutral,Unvoiced (Light),Neutral,Reduplication,ɕomboɾi,6,2,2,8,6,6,200.0,1.75,5,400.0,2.35,7,c,2,#483D8B,30.8,26.1,-42.1,"Reflecting voiced consonants and fricatives for a vector configuration of Weight 6, Time 2, and Flow 8.",,5,5,5,8,COMPOUND(複合・異種)
しわしわ,shiwashiwa,Manner or sound of しわしわ: 表面の収縮。低いWeightと高いFlow抑制。,Psychomime (State/Manner),Dynamics,Neutral,Unvoiced (Light),Neutral,Reduplication,ɕiwaɕiwa,2,3,1,7,7,1,500.0,4.07,3,3000.0,5.78,2,mc,3,#D2B48C,75.0,5.0,24.4,"Reflecting fricatives for a vector configuration of Weight 2, Time 3, and Flow 7.",,4,5,6,1,REDUP(畳語・同一)
しん,shin,Manner or sound of しん: 無声摩擦音/ɕ/から鼻音/ŋ/への移行。鋭い指向性。,Psychomime (State/Manner),Dynamics,Neutral,Unvoiced (Light),Neutral,Reduplication,ɕiŋ,3,7,9,8,5,4,1200.0,6.29,7,100.0,0.0,8,cc,1,#F0F8FF,97.2,-1.3,-4.3,"Reflecting fricatives and nasal resonance for a vector configuration of Weight 3, Time 7, and Flow 8.",,3,6,0,0,N(撥音単発)
しんしん,shinshin,Manner or sound of しんしん: 深夜の静寂。極小Timeと最大抑制。冷感。,Psychomime (State/Manner),Dynamics,Neutral,Unvoiced (Light),Neutral,Reduplication,ɕiŋɕiŋ,3,1,3,9,9,4,300.0,2.78,0,200.0,1.18,4,cc,1,#FFFFFF,100.0,-0.0,0.0,"Reflecting fricatives and nasal resonance for a vector configuration of Weight 3, Time 1, and Flow 9.",,4,5,6,1,REDUP(畳語・同一)
しんなり,shinnari,Manner or sound of しんなり: 柔軟性。高いMoistureと適度な流体変形。,Psychomime (State/Manner),Dynamics,Neutral,Unvoiced (Light),Neutral,Reduplication,ɕinnaɾi,4,3,2,4,8,8,250.0,2.32,4,900.0,3.73,8,mh,5,#F5F5DC,95.9,-4.2,12.0,"Reflecting fricatives and nasal resonance for a vector configuration of Weight 4, Time 3, and Flow 4.",,5,5,5,8,COMPOUND(複合・異種)
しんみり,shinmiri,Manner or sound of しんみり: 静かな共鳴。低いTimeと内向的なSpace。,Psychomime (State/Manner),Dynamics,Neutral,Unvoiced (Light),Neutral,Reduplication,ɕimmiɾi,5,2,3,7,7,7,220.0,2.0,3,500.0,2.73,6,mh,5,#4B0082,20.5,51.7,-53.3,"Reflecting fricatives and nasal resonance for a vector configuration of Weight 5, Time 2, and Flow 7.",,5,5,5,8,COMPOUND(複合・異種)
しーっ,shi-t,Manner or sound of しーっ: 制止。最大のSpace直接性と時間的遮断。,Psychomime (State/Manner),Dynamics,Neutral,Unvoiced (Light),Neutral,Reduplication,ɕiːʔ,1,9,9,9,9,1,3000.0,8.61,9,15000.0,8.51,9,c,2,#F0FFFF,98.9,-4.9,-1.7,"Reflecting fricatives and geminate sokuon (sudden onset) for a vector configuration of Weight 1, Time 9, and Flow 9.",,2,7,7,1,LONG(長音ー)
じくじく,jikujiku,Manner or sound of じくじく: 膿や粘液。濁音のWeightと最大Moisture。,Psychomime (State/Manner),Dynamics,Neutral,Unvoiced (Light),Neutral,Reduplication,dʑikudʑiku,6,4,2,8,5,9,180.0,1.49,5,1200.0,4.22,9,mc,3,#556B2F,42.2,-18.8,30.6,"Reflecting voiced consonants and unvoiced plosives for a vector configuration of Weight 6, Time 4, and Flow 8.",,4,5,6,1,REDUP(畳語・同一)
じたばた,jitabata,Manner or sound of じたばた: 足掻き。高いTime突発性と不規則な流体運動。,Psychomime (State/Manner),Dynamics,Neutral,Unvoiced (Light),Neutral,Reduplication,dʑitabata,6,8,3,5,7,4,350.0,3.17,7,6500.0,7.09,6,h,6,#FF4500,57.6,67.8,69.0,"Reflecting voiced consonants and unvoiced plosives for a vector configuration of Weight 6, Time 8, and Flow 5.",,5,5,5,8,COMPOUND(複合・異種)
じっくり,jitkuri,Manner or sound of じっくり: 時間をかけて念入りに行う state/manner.,Psychomime (State/Manner),Dynamics,Neutral,Unvoiced (Light),Neutral,Reduplication,dʑikkuɾi,7,2,6,9,4,6,280.0,2.61,7,1800.0,4.91,8,mh,5,#8B4513,37.5,26.4,41.0,"Reflecting voiced consonants and unvoiced plosives for a vector configuration of Weight 7, Time 2, and Flow 9.",,5,5,5,8,COMPOUND(複合・異種)
じっと,jitto,Manner or sound of じっと: 静止。最大の抑制と空間的注視。,Psychomime (State/Manner),Dynamics,Neutral,Unvoiced (Light),Neutral,Reduplication,dʑitto,6,1,9,9,3,4,300.0,2.78,9,500.0,2.73,9,mc,3,#000000,0.0,0.0,0.0,"Reflecting voiced consonants and unvoiced plosives for a vector configuration of Weight 6, Time 1, and Flow 9.",,3,4,0,0,Qto(っと)
じとじと,jitojito,Manner or sound of じとじと: 不快な湿気がまとわりつく manner.,Psychomime (State/Manner),Texture,Negative,Unvoiced (Light),Dark/Heavy/Large,Reduplication,dʑitodʑito,6,2,2,7,7,9,240.0,2.22,3,1000.0,3.91,9,mc,3,#2F4F4F,31.3,-11.7,-3.7,"Reflecting voiced consonants and unvoiced plosives for a vector configuration of Weight 6, Time 2, and Flow 7.",,4,5,6,1,REDUP(畳語・同一)
じめじめ,jimejime,Manner or sound of じめじめ: 湿気が多くて暗く陰鬱な manner.,Psychomime (State/Manner),Dynamics,Neutral,Unvoiced (Light),Neutral,Reduplication,dʑimedʑime,6,1,1,8,6,9,150.0,1.03,2,800.0,3.53,9,mc,3,#4B3621,24.5,6.4,16.8,"Reflecting voiced consonants and nasal resonance for a vector configuration of Weight 6, Time 1, and Flow 8.",,4,5,6,1,REDUP(畳語・同一)
じゃかじゃか,jakajaka,Manner or sound of じゃかじゃか: 激しい打撃摩擦。高いRe数。,Psychomime (State/Manner),Dynamics,Neutral,Unvoiced (Light),Neutral,Reduplication,dʑakadʑaka,5,7,6,2,6,3,400.0,3.51,6,9500.0,7.74,7,h,6,#DAA520,70.8,8.5,68.8,"Reflecting voiced consonants and unvoiced plosives for a vector configuration of Weight 5, Time 7, and Flow 2.",,4,5,6,1,REDUP(畳語・同一)
じゃぶじゃぶ,jabujabu,Manner or sound of じゃぶじゃぶ: 水中運動。大きなWeightと高いBo数。,Psychomime (State/Manner),Dynamics,Neutral,Unvoiced (Light),Neutral,Reduplication,dʑabudʑabu,7,6,5,2,8,9,140.0,0.85,4,19000.0,8.91,9,mc,3,#0000CD,25.0,67.2,-91.5,"Reflecting voiced consonants for a vector configuration of Weight 7, Time 6, and Flow 2.",,4,5,6,1,REDUP(畳語・同一)
じゃらじゃら,jarajara,Manner or sound of じゃらじゃら: 金属鎖などの接触。乱流的なRe数とHardness。,Psychomime (State/Manner),Dynamics,Neutral,Unvoiced (Light),Neutral,Reduplication,dʑaɾadʑaɾa,4,6,6,3,4,2,800.0,5.26,5,11000.0,7.98,6,mc,3,#FFD700,86.9,-1.9,87.1,"Reflecting voiced consonants and flap consonant /ɾ/ for a vector configuration of Weight 4, Time 6, and Flow 3.",,4,5,6,1,REDUP(畳語・同一)
じゃんじゃん,janjan,Manner or sound of じゃんじゃん: 連続的な増幅。高いWeightと空間指向性。,Psychomime (State/Manner),Dynamics,Neutral,Unvoiced (Light),Neutral,Reduplication,dʑandʑaŋ,7,7,9,3,5,5,300.0,2.78,4,12000.0,8.13,8,h,6,#FF0000,53.2,80.1,67.2,"Reflecting voiced consonants and nasal resonance for a vector configuration of Weight 7, Time 7, and Flow 3.",,4,5,6,1,REDUP(畳語・同一)
じゅー,ju-,Manner or sound of じゅー: 蒸発。最大の温度感と流体持続。,Psychomime (State/Manner),Dynamics,Neutral,Unvoiced (Light),Neutral,Reduplication,dʑuː,6,2,7,3,9,9,600.0,4.54,0,10000.0,7.82,9,hhh,8,#FF4500,57.6,67.8,69.0,"Reflecting voiced consonants and long vowel extension for a vector configuration of Weight 6, Time 2, and Flow 3.",,2,7,7,1,LONG(長音ー)
じょきじょき,jokijoki,Manner or sound of じょきじょき: 鋏の切断。高いWeightと空間直接性。,Psychomime (State/Manner),Dynamics,Neutral,Unvoiced (Light),Neutral,Reduplication,dʑokidʑoki,6,7,8,8,2,3,500.0,4.07,7,8500.0,7.55,7,mc,3,#708090,52.8,-2.1,-10.6,"Reflecting voiced consonants and unvoiced plosives for a vector configuration of Weight 6, Time 7, and Flow 8.",,4,5,6,1,REDUP(畳語・同一)
じりじり,jirijiri,Manner or sound of じりじり: 焦燥と熱。高い抑制と高周波の摩擦。,Psychomime (State/Manner),Dynamics,Neutral,Unvoiced (Light),Neutral,Reduplication,dʑiɾidʑiɾi,6,6,7,9,4,3,800.0,5.26,5,14000.0,8.39,8,hhh,8,#FF8C00,69.5,36.8,75.5,"Reflecting voiced consonants and flap consonant /ɾ/ for a vector configuration of Weight 6, Time 6, and Flow 9.",,4,5,6,1,REDUP(畳語・同一)
じろじろ,jirojiro,Manner or sound of じろじろ: 凝視。最大のSpace 9と高いFlow抑制。,Psychomime (State/Manner),Human Body/Physiology,Negative,Unvoiced (Light),Dark/Heavy/Large,Reduplication,dʑiɾodʑiɾo,5,4,9,7,7,5,350.0,3.17,3,2000.0,5.09,6,c,2,#000000,0.0,0.0,0.0,"Reflecting voiced consonants and flap consonant /ɾ/ for a vector configuration of Weight 5, Time 4, and Flow 7.",,4,5,6,1,REDUP(畳語・同一)
じろっ,jirot,Manner or sound of じろっ: 瞬間的凝視。最大のTimeと圧縮性。,Psychomime (State/Manner),Dynamics,Neutral,Unvoiced (Light),Neutral,Reduplication,dʑiɾoʔ,6,9,9,8,6,4,400.0,3.51,9,5000.0,6.65,9,c,2,#000000,0.0,0.0,0.0,"Reflecting voiced consonants and flap consonant /ɾ/ for a vector configuration of Weight 6, Time 9, and Flow 8.",,2,5,0,0,Q(促音単発)
じわじわ,jiwajiwa,Manner or sound of じわじわ: 浸潤。低いTimeと最大のFlow抑制。,Psychomime (State/Manner),Speed/Tempo,Neutral,Unvoiced (Light),Dark/Heavy/Large,Reduplication,dʑiwadʑiwa,5,2,4,8,8,7,200.0,1.75,2,1200.0,4.22,8,mh,5,#800000,25.5,48.0,38.1,"Reflecting voiced consonants for a vector configuration of Weight 5, Time 2, and Flow 8.",,4,5,6,1,REDUP(畳語・同一)
じんじん,jinjin,Manner or sound of じんじん: 痺れ。高い内部圧力と抑制されたFlow。,Psychomime (State/Manner),Dynamics,Neutral,Unvoiced (Light),Neutral,Reduplication,dʑindʑiŋ,6,6,8,9,4,4,600.0,4.54,4,9000.0,7.64,8,h,6,#FF0000,53.2,80.1,67.2,"Reflecting voiced consonants and nasal resonance for a vector configuration of Weight 6, Time 6, and Flow 9.",,4,5,6,1,REDUP(畳語・同一)
じーじー,ji-ji-,Manner or sound of じーじー: 機械的摩擦。高い抑制と中程度のWeight。,Psychomime (State/Manner),Dynamics,Neutral,Unvoiced (Light),Neutral,Reduplication,dʑiːdʑiː,5,2,6,9,4,2,1000.0,5.83,0,13000.0,8.27,6,mc,3,#556B2F,42.2,-18.8,30.6,"Reflecting voiced consonants and long vowel extension for a vector configuration of Weight 5, Time 2, and Flow 9.",,4,5,6,1,REDUP(畳語・同一)
すいすい,suisui,Manner or sound of すいすい: 滑らかな流体移動。最小Weightと自由なFlow。,Psychomime (State/Manner),Dynamics,Neutral,Unvoiced (Light),Neutral,Reduplication,suisui,1,4,3,0,9,5,500.0,4.07,3,4000.0,6.27,1,h,6,#E0FFFF,97.9,-9.9,-3.4,"Reflecting fricatives for a vector configuration of Weight 1, Time 4, and Flow 0.",,4,5,6,1,REDUP(畳語・同一)
すかすか,sukasuka,Manner or sound of すかすか: 空隙。最大の流体性と最小のMoisture。,Psychomime (State/Manner),Density/Distance,Negative,Unvoiced (Light),Bright/Light/Small,Reduplication,sukasuka,1,5,2,4,9,0,1400.0,6.68,4,12000.0,8.13,1,c,2,#F5F5F5,96.5,-0.0,0.0,"Reflecting unvoiced plosives and fricatives for a vector configuration of Weight 1, Time 5, and Flow 4.",,4,5,6,1,REDUP(畳語・同一)
すかっ,sukat,Manner or sound of すかっ: 爽快な遮断。最大のTimeと清涼感。,Psychomime (State/Manner),Dynamics,Neutral,Unvoiced (Light),Neutral,Reduplication,sukaʔ,2,9,9,2,9,1,1500.0,6.86,9,18000.0,8.82,9,h,6,#FFFFFF,100.0,-0.0,0.0,"Reflecting unvoiced plosives and fricatives for a vector configuration of Weight 2, Time 9, and Flow 2.",,2,5,0,0,Q(促音単発)
すくすく,sukusuku,Manner or sound of すくすく: 垂直成長。高いSpace直接性と自由なFlow。,Psychomime (State/Manner),Dynamics,Positive,Semi-voiced (Crisp),Dark/Heavy/Large,Reduplication,sukusuku,2,4,8,0,8,5,450.0,3.81,2,2500.0,5.47,4,h,6,#ADFF2F,92.0,-52.5,81.9,"Reflecting unvoiced plosives and fricatives for a vector configuration of Weight 2, Time 4, and Flow 0.",,4,5,6,1,REDUP(畳語・同一)
すくっ,sukut,Manner or sound of すくっ: 瞬時の起立。最大のSpace 9と時間性。,Psychomime (State/Manner),Dynamics,Neutral,Unvoiced (Light),Neutral,Reduplication,sukuʔ,3,9,9,8,7,3,500.0,4.07,9,10000.0,7.82,9,h,6,#FFFFFF,100.0,-0.0,0.0,"Reflecting unvoiced plosives and fricatives for a vector configuration of Weight 3, Time 9, and Flow 8.",,2,5,0,0,Q(促音単発)
すたこら,sutakora,Manner or sound of すたこら: 滑稽な逃走。高い流体性と軽快なTime。,Psychomime (State/Manner),Dynamics,Neutral,Unvoiced (Light),Neutral,Reduplication,sutakoɾa,2,7,4,1,8,3,600.0,4.54,5,5000.0,6.65,5,h,6,#FFFFFF,100.0,-0.0,0.0,"Reflecting unvoiced plosives and fricatives for a vector configuration of Weight 2, Time 7, and Flow 1.",,5,5,5,8,COMPOUND(複合・異種)
すたすた,sutasuta,Manner or sound of すたすた: 迷いのない歩行。高いSpace 8と中庸のWeight。,Psychomime (State/Manner),Speed/Tempo,Neutral,Voiced (Heavy),Bright/Light/Small,Reduplication,sutasuta,3,6,8,3,7,2,550.0,4.32,6,4500.0,6.47,7,0,4,#708090,52.8,-2.1,-10.6,"Reflecting unvoiced plosives and fricatives for a vector configuration of Weight 3, Time 6, and Flow 3.",,4,5,6,1,REDUP(畳語・同一)
すっかり,sutkari,Manner or sound of すっかり: 完全。最大の空間直接性と遮断。,Psychomime (State/Manner),Dynamics,Neutral,Unvoiced (Light),Neutral,Reduplication,sukkaɾi,2,8,9,6,9,2,800.0,5.26,8,9000.0,7.64,8,0,4,#FFFFFF,100.0,-0.0,0.0,"Reflecting unvoiced plosives and fricatives for a vector configuration of Weight 2, Time 8, and Flow 6.",,5,5,5,8,COMPOUND(複合・異種)
すっきり,sutkiri,Manner or sound of すっきり: 余計なものがなく爽やかな manner.,Pathomime (Emotion),Emotion,Positive,Voiced (Heavy),Bright/Light/Small,-ri Ending,sukkiɾi,2,7,9,4,9,3,1000.0,5.83,7,10000.0,7.82,7,h,6,#00FFFF,91.1,-48.1,-14.1,"Reflecting unvoiced plosives and fricatives for a vector configuration of Weight 2, Time 7, and Flow 4.",,5,5,5,8,COMPOUND(複合・異種)
すってんころり,suttenkorori,Manner or sound of すってんころり: 転倒の連鎖。不規則なTime変化と流体的な終わり。,Psychomime (State/Manner),Dynamics,Neutral,Unvoiced (Light),Neutral,Reduplication,sutteŋkoɾoɾi,4,8,4,2,8,3,400.0,3.51,8,5000.0,6.65,6,mc,3,#FFFFFF,100.0,-0.0,0.0,"Reflecting unvoiced plosives and fricatives for a vector configuration of Weight 4, Time 8, and Flow 2.",,6,4,0,1,QRI(促音挿入り)
すってんてん,suttenten,Manner or sound of すってんてん: 無一文。最大の乾燥と低い重量。,Psychomime (State/Manner),Dynamics,Neutral,Unvoiced (Light),Neutral,Reduplication,suttenteŋ,3,7,7,5,9,0,600.0,4.54,6,2000.0,5.09,5,c,2,#BEBEBE,77.0,-0.0,0.0,"Reflecting unvoiced plosives and fricatives for a vector configuration of Weight 3, Time 7, and Flow 5.",,2,5,0,0,Q(促音単発)
すっぱり,sutpari,Manner or sound of すっぱり: 鮮やかな切断。高いSpace直接性と時間性。,Psychomime (State/Manner),Dynamics,Neutral,Unvoiced (Light),Neutral,Reduplication,suppaɾi,4,8,9,7,7,2,700.0,4.93,8,11000.0,7.98,8,c,2,#FFFFFF,100.0,-0.0,0.0,"Reflecting unvoiced plosives and fricatives for a vector configuration of Weight 4, Time 8, and Flow 7.",,5,5,5,8,COMPOUND(複合・異種)
すっぽんぽん,sutponpon,Manner or sound of すっぽんぽん: 露出。最小のWeightとFlow抑制。,Psychomime (State/Manner),Dynamics,Neutral,Unvoiced (Light),Neutral,Reduplication,suppompoŋ,1,5,4,0,9,5,450.0,3.81,4,1000.0,3.91,3,h,6,#FFDAB9,89.4,8.1,21.0,"Reflecting unvoiced plosives and fricatives for a vector configuration of Weight 1, Time 5, and Flow 0.",,2,5,0,0,Q(促音単発)
すてん,suten,Manner or sound of すてん: 転倒の衝撃。高いTime突発性と直接性。,Psychomime (State/Manner),Dynamics,Neutral,Unvoiced (Light),Neutral,Reduplication,suteŋ,4,9,6,7,7,3,300.0,2.78,8,4000.0,6.27,8,mc,3,#808080,53.6,-0.0,0.0,"Reflecting unvoiced plosives and fricatives for a vector configuration of Weight 4, Time 9, and Flow 7.",,3,6,0,0,N(撥音単発)
すとん,suton,Manner or sound of すとん: 垂直落下。最大の空間直接性と落着。,Psychomime (State/Manner),Dynamics,Neutral,Unvoiced (Light),Neutral,Reduplication,sutoŋ,5,8,9,8,6,4,250.0,2.32,8,3500.0,6.04,9,mc,3,#696969,44.4,-0.0,0.0,"Reflecting unvoiced plosives and fricatives for a vector configuration of Weight 5, Time 8, and Flow 8.",,3,6,0,0,N(撥音単発)
すぱすぱ,supasupa,Manner or sound of すぱすぱ: 喫煙や切断。周期的破裂と流体運動。,Psychomime (State/Manner),Dynamics,Neutral,Unvoiced (Light),Neutral,Reduplication,supasupa,2,7,6,2,8,3,800.0,5.26,6,9000.0,7.64,6,h,6,#FFFFFF,100.0,-0.0,0.0,"Reflecting unvoiced plosives and fricatives for a vector configuration of Weight 2, Time 7, and Flow 2.",,4,5,6,1,REDUP(畳語・同一)
すぱっと,supatto,Manner or sound of すぱっと: 迅速な切断。最大のTimeと圧縮性。,Psychomime (State/Manner),Dynamics,Neutral,Unvoiced (Light),Neutral,Reduplication,supatto,4,9,9,8,6,2,900.0,5.56,9,12000.0,8.13,9,h,6,#FFFFFF,100.0,-0.0,0.0,"Reflecting unvoiced plosives and fricatives for a vector configuration of Weight 4, Time 9, and Flow 8.",,5,5,5,8,COMPOUND(複合・異種)
すぱり,supari,Manner or sound of すぱり: 弾き音による鮮やかな完了感。,Psychomime (State/Manner),Dynamics,Neutral,Unvoiced (Light),Neutral,Reduplication,supaɾi,3,7,8,4,8,3,850.0,5.42,7,7000.0,7.22,7,h,6,#FFFFFF,100.0,-0.0,0.0,"Reflecting unvoiced plosives and fricatives for a vector configuration of Weight 3, Time 7, and Flow 4.",,4,6,0,0,RI(り単発)
すべすべ,subesube,Manner or sound of すべすべ: 平滑な表面。最小のWeightと最大の流体性。,Psychomime (State/Manner),Texture,Positive,Unvoiced (Light),Bright/Light/Small,Reduplication,subesube,1,2,2,0,9,4,400.0,3.51,2,100.0,0.0,1,mh,5,#FFF5EE,97.1,2.2,4.6,"Reflecting voiced consonants and fricatives for a vector configuration of Weight 1, Time 2, and Flow 0.",,4,5,6,1,REDUP(畳語・同一)
すぽっ,supot,Manner or sound of すぽっ: 抜去。高いBo数と時間性。,Psychomime (State/Manner),Dynamics,Neutral,Unvoiced (Light),Neutral,Reduplication,supoʔ,3,9,9,7,8,6,450.0,3.81,9,14000.0,8.39,9,mh,5,#FFFFFF,100.0,-0.0,0.0,"Reflecting unvoiced plosives and fricatives for a vector configuration of Weight 3, Time 9, and Flow 7.",,2,5,0,0,Q(促音単発)
すやすや,suyasuya,Manner or sound of すやすや: 赤ん坊などが気持ちよさそうに眠る manner.,Psychomime (State/Manner),Dynamics,Neutral,Unvoiced (Light),Neutral,Reduplication,sujasuja,1,1,1,0,9,6,300.0,2.78,1,300.0,1.87,1,mh,5,#E6E6FA,91.8,3.7,-9.7,"Reflecting fricatives for a vector configuration of Weight 1, Time 1, and Flow 0.",,4,5,6,1,REDUP(畳語・同一)
すらすら,surasura,Manner or sound of すらすら: 滞りなくスムーズに進む manner.,Psychomime (State/Manner),Speed/Tempo,Positive,Unvoiced (Light),Bright/Light/Small,Reduplication,suɾasuɾa,1,5,3,0,9,2,600.0,4.54,4,4000.0,6.27,2,mh,5,#FFFFFF,100.0,-0.0,0.0,"Reflecting fricatives and flap consonant /ɾ/ for a vector configuration of Weight 1, Time 5, and Flow 0.",,4,5,6,1,REDUP(畳語・同一)
すらり,surari,Manner or sound of すらり: 美しい直線。高いSpace直接性と流体感。,Psychomime (State/Manner),"Texture, Mass/Weight",Positive,Unvoiced (Light),Bright/Light/Small,-ri Ending,suɾaɾi,1,6,7,2,9,3,650.0,4.74,5,3500.0,6.04,4,h,6,#F0FFFF,98.9,-4.9,-1.7,"Reflecting fricatives and flap consonant /ɾ/ for a vector configuration of Weight 1, Time 6, and Flow 2.",,4,6,0,0,RI(り単発)
するする,surusuru,Manner or sound of するする: 摩擦のない滑り。低いWeightと高い流体性。,Psychomime (State/Manner),Dynamics,Neutral,Unvoiced (Light),Neutral,Reduplication,suɾusuɾu,1,4,4,1,9,4,550.0,4.32,3,2500.0,5.47,3,mc,3,#FFFFFF,100.0,-0.0,0.0,"Reflecting fricatives and flap consonant /ɾ/ for a vector configuration of Weight 1, Time 4, and Flow 1.",,4,5,6,1,REDUP(畳語・同一)
するっと,surutto,Manner or sound of するっと: 瞬時の通過。高い時間性と圧縮。,Psychomime (State/Manner),Dynamics,Neutral,Unvoiced (Light),Neutral,Reduplication,suɾutto,2,8,8,3,9,4,600.0,4.54,8,7000.0,7.22,7,h,6,#FFFFFF,100.0,-0.0,0.0,"Reflecting unvoiced plosives and fricatives for a vector configuration of Weight 2, Time 8, and Flow 3.",,5,5,5,8,COMPOUND(複合・異種)
すれすれ,suresure,Manner or sound of すれすれ: 限界。最大のSpace直接性とFlow抑制。,Psychomime (State/Manner),Dynamics,Neutral,Unvoiced (Light),Neutral,Reduplication,suɾesuɾe,4,4,9,9,6,2,700.0,4.93,4,11000.0,7.98,8,c,2,#808080,53.6,-0.0,0.0,"Reflecting fricatives and flap consonant /ɾ/ for a vector configuration of Weight 4, Time 4, and Flow 9.",,4,5,6,1,REDUP(畳語・同一)
すんなり,sunnari,Manner or sound of すんなり: 抵抗のない移行。鼻音による適度なMoisture。,Psychomime (State/Manner),Dynamics,Neutral,Unvoiced (Light),Neutral,Reduplication,sunnaɾi,2,4,5,2,9,7,300.0,2.78,4,1200.0,4.22,6,mh,5,#F5F5DC,95.9,-4.2,12.0,"Reflecting fricatives and nasal resonance for a vector configuration of Weight 2, Time 4, and Flow 2.",,5,5,5,8,COMPOUND(複合・異種)
ずかずか,zukazuka,Manner or sound of ずかずか: 遠慮なく踏み込んでくる manner.,Psychomime (State/Manner),Dynamics,Neutral,Unvoiced (Light),Neutral,Reduplication,dzukazuka,7,7,9,0,6,2,350.0,3.17,6,8000.0,7.44,8,h,6,#8B0000,28.1,51.0,41.3,"Reflecting voiced consonants and unvoiced plosives for a vector configuration of Weight 7, Time 7, and Flow 0.",,4,5,6,1,REDUP(畳語・同一)
ずきずき,zukizuki,Manner or sound of ずきずき: 脈打つように痛む state/manner.,Psychomime (State/Manner),Dynamics,Neutral,Unvoiced (Light),Neutral,Reduplication,dzukizuki,7,5,8,9,4,5,450.0,3.81,5,9000.0,7.64,9,h,6,#FF0000,53.2,80.1,67.2,"Reflecting voiced consonants and unvoiced plosives for a vector configuration of Weight 7, Time 5, and Flow 9.",,4,5,6,1,REDUP(畳語・同一)
ずけずけ,zukezuke,Manner or sound of ずけずけ: 遠慮のない言動。最大のSpace直接性。,Psychomime (State/Manner),Dynamics,Neutral,Unvoiced (Light),Neutral,Reduplication,dzukezuke,6,7,9,4,6,2,380.0,3.38,7,10000.0,7.82,8,h,6,#FF4500,57.6,67.8,69.0,"Reflecting voiced consonants and unvoiced plosives for a vector configuration of Weight 6, Time 7, and Flow 4.",,4,5,6,1,REDUP(畳語・同一)
ずしっ,zushit,Manner or sound of ずしっ: 強大な重量衝撃。最大のWeightと時間性。,Psychomime (State/Manner),Dynamics,Neutral,Unvoiced (Light),Neutral,Reduplication,dzuɕiʔ,9,9,9,9,2,4,220.0,2.0,9,16000.0,8.62,9,mc,3,#000000,0.0,0.0,0.0,"Reflecting voiced consonants and fricatives for a vector configuration of Weight 9, Time 9, and Flow 9.",,2,5,0,0,Q(促音単発)
ずずん,zuzun,Manner or sound of ずずん: 低周波の地響き。極大のWeightとBo数。,Psychomime (State/Manner),Dynamics,Neutral,Unvoiced (Light),Neutral,Reduplication,dzuzuŋ,9,3,7,7,3,6,100.0,0.0,2,6000.0,6.95,9,c,2,#000000,0.0,0.0,0.0,"Reflecting voiced consonants and nasal resonance for a vector configuration of Weight 9, Time 3, and Flow 7.",,3,6,0,0,N(撥音単発)
ずたずた,zutazuta,Manner or sound of ずたずた: 切り刻む破壊。高いWeightと時間的突発性。,Psychomime (State/Manner),Dynamics,Neutral,Unvoiced (Light),Neutral,Reduplication,dzutazuta,7,8,8,6,4,2,300.0,2.78,7,12000.0,8.13,7,c,2,#8B4513,37.5,26.4,41.0,"Reflecting voiced consonants and unvoiced plosives for a vector configuration of Weight 7, Time 8, and Flow 6.",,4,5,6,1,REDUP(畳語・同一)
ずっしり,zutshiri,Manner or sound of ずっしり: 安定した重量。最大のWeightと抑制。,Psychomime (State/Manner),Dynamics,Neutral,Unvoiced (Light),Neutral,Reduplication,dzuɕɕiɾi,9,4,8,9,3,5,200.0,1.75,6,4500.0,6.47,9,mc,3,#2F4F4F,31.3,-11.7,-3.7,"Reflecting voiced consonants and fricatives for a vector configuration of Weight 9, Time 4, and Flow 9.",,5,5,5,8,COMPOUND(複合・異種)
ずばずば,zubazuba,Manner or sound of ずばずば: 明快な言動。高い空間直接性と自由なFlow。,Psychomime (State/Manner),Dynamics,Neutral,Unvoiced (Light),Neutral,Reduplication,dzubazuba,6,7,9,1,7,4,320.0,2.94,6,11000.0,7.98,8,h,6,#FF0000,53.2,80.1,67.2,"Reflecting voiced consonants for a vector configuration of Weight 6, Time 7, and Flow 1.",,4,5,6,1,REDUP(畳語・同一)
ずるずる,zuruzuru,Manner or sound of ずるずる: 引きずったり長引いたりする state/manner.,Psychomime (State/Manner),Dynamics,Negative,Unvoiced (Light),Dark/Heavy/Large,Reduplication,dzuɾuzuɾu,7,2,3,8,6,8,180.0,1.49,2,1500.0,4.6,9,mc,3,#556B2F,42.2,-18.8,30.6,"Reflecting voiced consonants and flap consonant /ɾ/ for a vector configuration of Weight 7, Time 2, and Flow 8.",,4,5,6,1,REDUP(畳語・同一)
ずんぐり,zunguri,Manner or sound of ずんぐり: 低重心・肥満。最大のFlow抑制とWeight。,Psychomime (State/Manner),Dynamics,Neutral,Unvoiced (Light),Neutral,Reduplication,dzuŋɡuɾi,7,2,4,9,4,7,160.0,1.19,4,900.0,3.73,9,c,2,#4B3621,24.5,6.4,16.8,"Reflecting voiced consonants and nasal resonance for a vector configuration of Weight 7, Time 2, and Flow 9.",,5,5,5,8,COMPOUND(複合・異種)
ずんずん,zunzun,Manner or sound of ずんずん: 迷いのない邁進。強大なWeightとSpace 9。,Psychomime (State/Manner),Dynamics,Neutral,Unvoiced (Light),Neutral,Reduplication,dzuŋzuŋ,8,6,9,3,5,5,220.0,2.0,2,8000.0,7.44,9,h,6,#000080,13.0,47.5,-64.7,"Reflecting voiced consonants and nasal resonance for a vector configuration of Weight 8, Time 6, and Flow 3.",,4,5,6,1,REDUP(畳語・同一)
せかせか,sekaseka,Manner or sound of せかせか: 忙しなく落ち着きがない manner.,Psychomime (State/Manner),Dynamics,Neutral,Unvoiced (Light),Neutral,Reduplication,sekaseka,4,8,5,8,7,2,800.0,5.26,7,9000.0,7.64,6,h,6,#FF8C00,69.5,36.8,75.5,"Reflecting unvoiced plosives and fricatives for a vector configuration of Weight 4, Time 8, and Flow 8.",,4,5,6,1,REDUP(畳語・同一)
せっせと,setseto,Manner or sound of せっせと: 勤勉。高い抑制と空間的直接性。,Psychomime (State/Manner),Dynamics,Neutral,Unvoiced (Light),Neutral,Reduplication,sesseto,5,7,8,8,6,3,600.0,4.54,7,7000.0,7.22,7,mh,5,#DAA520,70.8,8.5,68.8,"Reflecting unvoiced plosives and fricatives for a vector configuration of Weight 5, Time 7, and Flow 8.",,5,5,5,8,COMPOUND(複合・異種)
せりせり,seriseri,Manner or sound of せりせり: 氷などの微細な摩擦。高い抑制と高周波。,Psychomime (State/Manner),Dynamics,Neutral,Unvoiced (Light),Neutral,Reduplication,seɾiseɾi,4,5,5,9,5,2,1100.0,6.07,5,12000.0,8.13,7,c,2,#C0C0C0,77.7,-0.0,0.0,"Reflecting fricatives and flap consonant /ɾ/ for a vector configuration of Weight 4, Time 5, and Flow 9.",,4,5,6,1,REDUP(畳語・同一)
そそくさ,sosokusa,Manner or sound of そそくさ: 慌ただしい退散。高い時間性と流体性。,Psychomime (State/Manner),Dynamics,Neutral,Unvoiced (Light),Neutral,Reduplication,sosokusa,2,8,3,2,9,1,900.0,5.56,8,7000.0,7.22,4,mh,5,#FFFFFF,100.0,-0.0,0.0,"Reflecting unvoiced plosives and fricatives for a vector configuration of Weight 2, Time 8, and Flow 2.",,5,5,5,8,COMPOUND(複合・異種)
そっくり,sotkuri,Manner or sound of そっくり: 酷似・全部。最大の空間直接性と抑制。,Psychomime (State/Manner),Dynamics,Neutral,Unvoiced (Light),Neutral,Reduplication,sokkuɾi,5,7,9,9,3,4,500.0,4.07,8,4000.0,6.27,9,mc,3,#808080,53.6,-0.0,0.0,"Reflecting unvoiced plosives and fricatives for a vector configuration of Weight 5, Time 7, and Flow 9.",,5,5,5,8,COMPOUND(複合・異種)
そよそよ,soyosoyo,Manner or sound of そよそよ: 微風。最小のWeightと自由なFlow。,Psychomime (State/Manner),Dynamics,Neutral,Unvoiced (Light),Neutral,Reduplication,sojosojo,1,2,2,0,9,4,350.0,3.17,2,300.0,1.87,1,mh,5,#F0FFF0,98.6,-7.6,5.5,"Reflecting fricatives for a vector configuration of Weight 1, Time 2, and Flow 0.",,4,5,6,1,REDUP(畳語・同一)
そろそろ,sorosoro,Manner or sound of そろそろ: 緩慢な開始。低いTimeと高い流体性。,Psychomime (State/Manner),Dynamics,Neutral,Unvoiced (Light),Neutral,Reduplication,soɾosoɾo,3,3,4,5,9,5,320.0,2.94,3,900.0,3.73,4,mh,5,#F5F5DC,95.9,-4.2,12.0,"Reflecting fricatives and flap consonant /ɾ/ for a vector configuration of Weight 3, Time 3, and Flow 5.",,4,5,6,1,REDUP(畳語・同一)
そろり,sorori,Manner or sound of そろり: 慎重な運動。高い抑制と流体的な余韻。,Psychomime (State/Manner),Dynamics,Neutral,Unvoiced (Light),Neutral,Reduplication,soɾoɾi,2,4,6,7,9,4,400.0,3.51,5,1500.0,4.6,5,mh,5,#FFFFFF,100.0,-0.0,0.0,"Reflecting fricatives and flap consonant /ɾ/ for a vector configuration of Weight 2, Time 4, and Flow 7.",,4,6,0,0,RI(り単発)
そわそわ,sowasowa,Manner or sound of そわそわ: 不安な揺らぎ。低いSpaceと不定形な流体性。,Pathomime (Emotion),Emotion,Negative,Unvoiced (Light),Bright/Light/Small,Reduplication,sowasowa,3,6,2,4,8,5,380.0,3.38,5,4500.0,6.47,5,h,6,#FFFFE0,99.3,-5.1,14.8,"Reflecting fricatives for a vector configuration of Weight 3, Time 6, and Flow 4.",,4,5,6,1,REDUP(畳語・同一)
ぞくぞく,zokuzoku,Manner or sound of ぞくぞく: 寒気や興奮で震えが走る state/manner.,Pathomime (Emotion),Temperature,Negative,Unvoiced (Light),Dark/Heavy/Large,Reduplication,dzokuzoku,6,7,6,9,5,3,300.0,2.78,7,11000.0,7.98,8,ccc,0,#00FFFF,91.1,-48.1,-14.1,"Reflecting voiced consonants and unvoiced plosives for a vector configuration of Weight 6, Time 7, and Flow 9.",,4,5,6,1,REDUP(畳語・同一)
ぞっ,zot,Manner or sound of ぞっ: 瞬間的恐怖。最大のTimeと極寒。,Psychomime (State/Manner),Dynamics,Neutral,Unvoiced (Light),Neutral,Reduplication,dzoʔ,7,9,8,9,4,2,280.0,2.61,9,15000.0,8.51,9,ccc,0,#000000,0.0,0.0,0.0,"Reflecting voiced consonants and geminate sokuon (sudden onset) for a vector configuration of Weight 7, Time 9, and Flow 9.",,2,5,0,0,Q(促音単発)
ぞっこん,zotkon,Manner or sound of ぞっこん: 執着。最大の抑制と空間的直接性。,Psychomime (State/Manner),Dynamics,Neutral,Unvoiced (Light),Neutral,Reduplication,dzokkoŋ,6,8,9,9,4,5,350.0,3.17,8,9000.0,7.64,9,hh,7,#FF0000,53.2,80.1,67.2,"Reflecting voiced consonants and unvoiced plosives for a vector configuration of Weight 6, Time 8, and Flow 9.",,5,5,5,8,COMPOUND(複合・異種)
ぞりぞり,zorizori,Manner or sound of ぞりぞり: 剛毛の剃り。濁音によるWeightと乾燥。,Psychomime (State/Manner),Dynamics,Neutral,Unvoiced (Light),Neutral,Reduplication,dzoɾizoɾi,6,6,7,8,4,1,450.0,3.81,6,13000.0,8.27,7,c,2,#556B2F,42.2,-18.8,30.6,"Reflecting voiced consonants and flap consonant /ɾ/ for a vector configuration of Weight 6, Time 6, and Flow 8.",,4,5,6,1,REDUP(畳語・同一)
ぞろぞろ,zorozoro,Manner or sound of ぞろぞろ: 多人数の移動。高い流体性とMoisture。,Psychomime (State/Manner),Dynamics,Neutral,Unvoiced (Light),Neutral,Reduplication,dzoɾozoɾo,6,3,3,4,8,7,220.0,2.0,2,3500.0,6.04,8,mc,3,#8B4513,37.5,26.4,41.0,"Reflecting voiced consonants and flap consonant /ɾ/ for a vector configuration of Weight 6, Time 3, and Flow 4.",,4,5,6,1,REDUP(畳語・同一)
たじたじ,tajitaji,Manner or sound of たじたじ: 圧倒。低いSpaceと高いFlow抑制。,Psychomime (State/Manner),Dynamics,Neutral,Unvoiced (Light),Neutral,Reduplication,tadʑitadʑi,4,7,3,7,7,5,400.0,3.51,7,1500.0,4.6,5,c,2,#BDB76B,73.4,-8.8,39.3,"Reflecting voiced consonants and unvoiced plosives for a vector configuration of Weight 4, Time 7, and Flow 7.",,4,5,6,1,REDUP(畳語・同一)
たっぷり,tatpuri,Manner or sound of たっぷり: 十分にあって満ち足りている manner.,Psychomime (State/Manner),Density/Distance,Positive,Semi-voiced (Crisp),Bright/Light/Small,-ri Ending,tappuɾi,5,4,5,3,8,9,300.0,2.78,6,2500.0,5.47,9,mh,5,#FFD700,86.9,-1.9,87.1,"Reflecting unvoiced plosives and flap consonant /ɾ/ for a vector configuration of Weight 5, Time 4, and Flow 3.",,5,5,5,8,COMPOUND(複合・異種)
たらたら,taratara,Manner or sound of たらたら: 液体が垂れ落ちる音・不満を吐く manner.,Psychomime (State/Manner),Dynamics,Negative,Unvoiced (Light),Bright/Light/Small,Reduplication,taɾataɾa,3,4,2,2,9,9,280.0,2.61,3,1000.0,3.91,9,mh,5,#4169E1,47.8,26.3,-65.3,"Reflecting unvoiced plosives and flap consonant /ɾ/ for a vector configuration of Weight 3, Time 4, and Flow 2.",,4,5,6,1,REDUP(畳語・同一)
だくだく,dakudaku,Manner or sound of だくだく: 激しい流出。有声音によるWeightと水分量。,Psychomime (State/Manner),Dynamics,Neutral,Unvoiced (Light),Neutral,Reduplication,dakudaku,6,5,4,3,8,9,220.0,2.0,5,2000.0,5.09,9,mh,5,#1E90FF,59.4,10.0,-63.4,"Reflecting voiced consonants and unvoiced plosives for a vector configuration of Weight 6, Time 5, and Flow 3.",,4,5,6,1,REDUP(畳語・同一)
だぶだぶ,dabudabu,Manner or sound of だぶだぶ: 過剰な液体・布。最大の流体性とMoisture。,Psychomime (State/Manner),Dynamics,Neutral,Unvoiced (Light),Neutral,Reduplication,dabudabu,7,3,2,4,9,9,150.0,1.03,2,1200.0,4.22,9,c,2,#191970,15.9,31.7,-49.6,"Reflecting voiced consonants for a vector configuration of Weight 7, Time 3, and Flow 4.",,4,5,6,1,REDUP(畳語・同一)
だらだら,daradara,Manner or sound of だらだら: 傾斜がゆるゆる続いて停滞する manner.,Psychomime (State/Manner),Speed/Tempo,Negative,Unvoiced (Light),Dark/Heavy/Large,Reduplication,daɾadaɾa,6,2,1,4,9,9,180.0,1.49,1,800.0,3.53,9,mh,5,#556B2F,42.2,-18.8,30.6,"Reflecting voiced consonants and flap consonant /ɾ/ for a vector configuration of Weight 6, Time 2, and Flow 4.",,4,5,6,1,REDUP(畳語・同一)
だーん,da-n,Manner or sound of だーん: 爆発的衝撃。極大のWeightと空間直接性。,Psychomime (State/Manner),Dynamics,Neutral,Unvoiced (Light),Neutral,Reduplication,daːŋ,9,7,9,6,2,4,150.0,1.03,3,9000.0,7.64,9,h,6,#8B0000,28.1,51.0,41.3,"Reflecting voiced consonants and nasal resonance for a vector configuration of Weight 9, Time 7, and Flow 6.",,3,8,5,1,LONG+N(長音+ん)
ちかちか,chikachika,Manner or sound of ちかちか: 視覚的刺激。高周波と高いTime。,Psychomime (State/Manner),Dynamics,Neutral,Unvoiced (Light),Neutral,Reduplication,tɕikatɕika,2,8,6,5,6,1,2500.0,8.15,8,18000.0,8.82,4,h,6,#FFFF00,97.1,-21.6,94.5,"Reflecting unvoiced plosives and fricatives for a vector configuration of Weight 2, Time 8, and Flow 5.",,4,5,6,1,REDUP(畳語・同一)
ちくちく,chikuchiku,Manner or sound of ちくちく: 針などで刺されるように痛む manner.,Algomime (Pain),Human Body/Physiology,Negative,Voiced (Heavy),Bright/Light/Small,Reduplication,tɕikutɕiku,3,7,8,8,3,1,2000.0,7.58,7,15000.0,8.51,6,c,2,#808080,53.6,-0.0,0.0,"Reflecting unvoiced plosives and fricatives for a vector configuration of Weight 3, Time 7, and Flow 8.",,4,5,6,1,REDUP(畳語・同一)
ちぐはぐ,chiguhagu,Manner or sound of ちぐはぐ: 不一致。中程度の乱流と不規則なFlow。,Psychomime (State/Manner),Dynamics,Neutral,Unvoiced (Light),Neutral,Reduplication,tɕiɡuhaɡu,4,6,3,6,6,4,450.0,3.81,6,5000.0,6.65,5,0,4,#778899,55.9,-2.2,-11.1,"Reflecting voiced consonants and unvoiced plosives for a vector configuration of Weight 4, Time 6, and Flow 6.",,5,5,5,8,COMPOUND(複合・異種)
ちびちび,chibichibi,Manner or sound of ちびちび: 少量。低いWeightと最大の抑制。,Psychomime (State/Manner),Taste,Neutral,Semi-voiced (Crisp),Bright/Light/Small,Reduplication,tɕibitɕibi,2,3,5,9,7,6,600.0,4.54,5,600.0,3.04,4,mc,3,#F5F5DC,95.9,-4.2,12.0,"Reflecting voiced consonants and unvoiced plosives for a vector configuration of Weight 2, Time 3, and Flow 9.",,4,5,6,1,REDUP(畳語・同一)
ちまちま,chimachima,Manner or sound of ちまちま: 小規模。内向的なSpaceと高い抑制。,Psychomime (State/Manner),Dynamics,Neutral,Unvoiced (Light),Neutral,Reduplication,tɕimatɕima,3,3,4,8,6,6,500.0,4.07,4,400.0,2.35,5,mc,3,#BDB76B,73.4,-8.8,39.3,"Reflecting unvoiced plosives and fricatives for a vector configuration of Weight 3, Time 3, and Flow 8.",,4,5,6,1,REDUP(畳語・同一)
ちゃっかり,chatkari,Manner or sound of ちゃっかり: 抜け目なさ。高い時間性と空間直接性。,Psychomime (State/Manner),Emotion,Positive,Semi-voiced (Crisp),Bright/Light/Small,-ri Ending,tɕakkaɾi,3,8,8,6,6,3,1200.0,6.29,8,6000.0,6.95,7,h,6,#FFD700,86.9,-1.9,87.1,"Reflecting unvoiced plosives and fricatives for a vector configuration of Weight 3, Time 8, and Flow 6.",,5,5,5,8,COMPOUND(複合・異種)
ちゃらちゃら,charachara,Manner or sound of ちゃらちゃら: 軽薄。高い流体性と高周波摩擦。,Psychomime (State/Manner),Dynamics,Neutral,Unvoiced (Light),Neutral,Reduplication,tɕaɾatɕaɾa,3,6,4,1,5,2,2500.0,8.15,5,14000.0,8.39,5,mh,5,#FF69B4,65.5,64.2,-10.6,"Reflecting unvoiced plosives and fricatives for a vector configuration of Weight 3, Time 6, and Flow 1.",,4,5,6,1,REDUP(畳語・同一)
ちゃらんぽらん,charanporan,Manner or sound of ちゃらんぽらん: 無責任。最大の自由Flow 0。,Psychomime (State/Manner),Dynamics,Neutral,Unvoiced (Light),Neutral,Reduplication,tɕaɾampoɾaŋ,2,5,3,0,8,4,600.0,4.54,3,3000.0,5.78,4,h,6,#FFFF00,97.1,-21.6,94.5,"Reflecting unvoiced plosives and fricatives for a vector configuration of Weight 2, Time 5, and Flow 0.",,3,6,0,0,N(撥音単発)
ちゃりん,charin,Manner or sound of ちゃりん: 硬貨の sound.極めて高いHardnessと時間性。,Psychomime (State/Manner),Dynamics,Neutral,Unvoiced (Light),Neutral,Reduplication,tɕaɾiŋ,3,8,9,7,1,2,3000.0,8.61,9,12000.0,8.13,8,c,2,#C0C0C0,77.7,-0.0,0.0,"Reflecting unvoiced plosives and fricatives for a vector configuration of Weight 3, Time 8, and Flow 7.",,3,6,0,0,N(撥音単発)
ちゃん,chan,Manner or sound of ちゃん: 確実に行われているさま、あるいはベルの sound.,Psychomime (State/Manner),Relationship,Positive,Voiced (Heavy),Bright/Light/Small,Geminate (促音/Sokuon),tɕaŋ,3,7,8,7,5,4,650.0,4.74,8,3500.0,6.04,7,h,6,#FFFFFF,100.0,-0.0,0.0,"Reflecting unvoiced plosives and fricatives for a vector configuration of Weight 3, Time 7, and Flow 7.",,3,6,0,0,N(撥音単発)
ちやほや,chiyahoya,Manner or sound of ちやほや: 軟口蓋摩擦音と半母音による低Weight。自由なFlowと高い親密性。,Psychomime (State/Manner),Dynamics,Neutral,Unvoiced (Light),Neutral,Reduplication,tɕijahoja,2,3,2,1,9,6,500.0,4.07,2,1000.0,3.91,2,hh,7,#FFC0CB,83.6,24.1,3.3,"Reflecting unvoiced plosives and fricatives for a vector configuration of Weight 2, Time 3, and Flow 1.",,5,5,5,8,COMPOUND(複合・異種)
ちゅっ,chut,Manner or sound of ちゅっ: 唇の尖鋭化。最大のTimeとBoyle Numberによる気圧圧縮。,Psychomime (State/Manner),Dynamics,Neutral,Unvoiced (Light),Neutral,Reduplication,tɕuʔ,3,9,9,9,7,5,2000.0,7.58,9,14000.0,8.39,9,hh,7,#FF69B4,65.5,64.2,-10.6,"Reflecting unvoiced plosives and fricatives for a vector configuration of Weight 3, Time 9, and Flow 9.",,2,5,0,0,Q(促音単発)
ちゅんちゅん,chunchun,Manner or sound of ちゅんちゅん: 高周波と鼻腔共鳴。高い空間指向性。,Psychomime (State/Manner),Dynamics,Neutral,Unvoiced (Light),Neutral,Reduplication,tɕuntɕuŋ,2,6,7,5,8,4,2500.0,8.15,6,12000.0,8.13,6,h,6,#FFFACD,97.6,-5.4,22.2,"Reflecting unvoiced plosives and fricatives for a vector configuration of Weight 2, Time 6, and Flow 5.",,4,5,6,1,REDUP(畳語・同一)
ちゅーちゅー,chu-chu-,Manner or sound of ちゅーちゅー: 持続的吸引。高い流体性と摩擦。,Psychomime (State/Manner),Dynamics,Neutral,Unvoiced (Light),Neutral,Reduplication,tɕuːtɕuː,2,2,5,5,9,7,2800.0,8.44,0,5000.0,6.65,5,mh,5,#FFB6C1,81.1,28.0,5.0,"Reflecting unvoiced plosives and fricatives for a vector configuration of Weight 2, Time 2, and Flow 5.",,4,5,6,1,REDUP(畳語・同一)
ちょいちょい,choichoi,Manner or sound of ちょいちょい: 弾動的なTime。適度な流体運動と高い周波数。,Psychomime (State/Manner),Dynamics,Neutral,Unvoiced (Light),Neutral,Reduplication,tɕoitɕoi,2,7,4,4,8,4,1200.0,6.29,6,4000.0,6.27,5,h,6,#FFFFFF,100.0,-0.0,0.0,"Reflecting unvoiced plosives and fricatives for a vector configuration of Weight 2, Time 7, and Flow 4.",,4,5,6,1,REDUP(畳語・同一)
ちょきちょき,chokichoki,Manner or sound of ちょきちょき: 鋏の切断運動。高いHardnessと空間的直接性。,Psychomime (State/Manner),Dynamics,Neutral,Unvoiced (Light),Neutral,Reduplication,tɕokitɕoki,4,8,8,8,3,2,1500.0,6.86,8,9000.0,7.64,7,mc,3,#708090,52.8,-2.1,-10.6,"Reflecting unvoiced plosives and fricatives for a vector configuration of Weight 4, Time 8, and Flow 8.",,4,5,6,1,REDUP(畳語・同一)
ちょくちょく,chokuchoku,Manner or sound of ちょくちょく: 断続的反復。抑制と突発性のバランス。,Psychomime (State/Manner),Dynamics,Neutral,Unvoiced (Light),Neutral,Reduplication,tɕokutɕoku,3,7,6,7,6,4,900.0,5.56,7,6500.0,7.09,6,h,6,#FFFFFF,100.0,-0.0,0.0,"Reflecting unvoiced plosives and fricatives for a vector configuration of Weight 3, Time 7, and Flow 7.",,4,5,6,1,REDUP(畳語・同一)
ちょこっ,chokot,Manner or sound of ちょこっ: 最小単位の運動。最大のTimeと圧縮遮断。,Psychomime (State/Manner),Dynamics,Neutral,Unvoiced (Light),Neutral,Reduplication,tɕokoʔ,2,9,7,9,7,3,1100.0,6.07,9,8000.0,7.44,8,mh,5,#FFFFFF,100.0,-0.0,0.0,"Reflecting unvoiced plosives and fricatives for a vector configuration of Weight 2, Time 9, and Flow 9.",,2,5,0,0,Q(促音単発)
ちょっきり,chotkiri,Manner or sound of ちょっきり: 適合の精度。最大のSpace直接性と抑制。,Psychomime (State/Manner),Dynamics,Neutral,Unvoiced (Light),Neutral,Reduplication,tɕokkiɾi,4,8,9,9,4,1,1300.0,6.49,8,10000.0,7.82,9,0,4,#000000,0.0,0.0,0.0,"Reflecting unvoiced plosives and fricatives for a vector configuration of Weight 4, Time 8, and Flow 9.",,5,5,5,8,COMPOUND(複合・異種)
ちょっくら,chotkura,Manner or sound of ちょっくら: 瞬発的な移動。流体的な運動と高い時間性。,Psychomime (State/Manner),Dynamics,Neutral,Unvoiced (Light),Neutral,Reduplication,tɕokkuɾa,3,8,5,4,8,3,800.0,5.26,7,5000.0,6.65,6,h,6,#FFFFFF,100.0,-0.0,0.0,"Reflecting unvoiced plosives and fricatives for a vector configuration of Weight 3, Time 8, and Flow 4.",,5,5,5,8,COMPOUND(複合・異種)
ちょびちょび,chobichobi,Manner or sound of ちょびちょび: 少量の制御。最小のWeightと最大の抑制。,Psychomime (State/Manner),Dynamics,Neutral,Unvoiced (Light),Neutral,Reduplication,tɕobitɕobi,2,4,4,9,8,6,1400.0,6.68,5,900.0,3.73,5,mc,3,#F5F5DC,95.9,-4.2,12.0,"Reflecting voiced consonants and unvoiced plosives for a vector configuration of Weight 2, Time 4, and Flow 9.",,4,5,6,1,REDUP(畳語・同一)
ちょびっ,chobit,Manner or sound of ちょびっ: 局所的遮断。最大のTimeとBoyle数。,Psychomime (State/Manner),Dynamics,Neutral,Unvoiced (Light),Neutral,Reduplication,tɕobiʔ,3,9,8,9,7,5,1500.0,6.86,9,12000.0,8.13,9,mc,3,#FFFFFF,100.0,-0.0,0.0,"Reflecting voiced consonants and unvoiced plosives for a vector configuration of Weight 3, Time 9, and Flow 9.",,2,5,0,0,Q(促音単発)
ちょろちょろ,chorochoro,Manner or sound of ちょろちょろ: 小流量の液体。最大Moistureと自由Flow。,Psychomime (State/Manner),Dynamics,Neutral,Unvoiced (Light),Neutral,Reduplication,tɕoɾotɕoɾo,2,5,2,1,9,9,1000.0,5.83,4,2500.0,5.47,9,mh,5,#E0FFFF,97.9,-9.9,-3.4,"Reflecting unvoiced plosives and fricatives for a vector configuration of Weight 2, Time 5, and Flow 1.",,4,5,6,1,REDUP(畳語・同一)
ちょろり,chorori,Manner or sound of ちょろり: 弾き音による少量の離脱。高い流体性と余韻。,Psychomime (State/Manner),Dynamics,Neutral,Unvoiced (Light),Neutral,Reduplication,tɕoɾoɾi,2,6,5,3,9,8,900.0,5.56,6,3000.0,5.78,8,mh,5,#F0F8FF,97.2,-1.3,-4.3,"Reflecting unvoiced plosives and fricatives for a vector configuration of Weight 2, Time 6, and Flow 3.",,4,6,0,0,RI(り単発)
ちらちら,chirachira,Manner or sound of ちらちら: 小物が散り舞うさま、時折見える manner.,Psychomime (State/Manner),Color/Light,Neutral,Unvoiced (Light),Bright/Light/Small,Reduplication,tɕiɾatɕiɾa,1,6,2,2,9,2,1800.0,7.32,4,12000.0,8.13,3,c,2,#FFFFFF,100.0,-0.0,0.0,"Reflecting unvoiced plosives and fricatives for a vector configuration of Weight 1, Time 6, and Flow 2.",,4,5,6,1,REDUP(畳語・同一)
ちらほら,chirahora,Manner or sound of ちらほら: 分散 condition/state。最大のSpace間接性と自由Flow。,Psychomime (State/Manner),Dynamics,Neutral,Unvoiced (Light),Neutral,Reduplication,tɕiɾahoɾa,2,5,1,1,9,4,1200.0,6.29,3,8000.0,7.44,2,c,2,#F5F5F5,96.5,-0.0,0.0,"Reflecting unvoiced plosives and fricatives for a vector configuration of Weight 2, Time 5, and Flow 1.",,5,5,5,8,COMPOUND(複合・異種)
ちんちろりん,chinchirorin,Manner or sound of ちんちろりん: 虫の sound.高周波と金属的Hardness。,Psychomime (State/Manner),Dynamics,Neutral,Unvoiced (Light),Neutral,Reduplication,tɕintɕiɾoɾiŋ,2,6,7,5,3,2,3500.0,9.0,5,15000.0,8.51,6,c,2,#C0C0C0,77.7,-0.0,0.0,"Reflecting unvoiced plosives and fricatives for a vector configuration of Weight 2, Time 6, and Flow 5.",,3,6,0,0,N(撥音単発)
ちんまり,chinmari,Manner or sound of ちんまり: 収縮。最小のTimeと最大の抑制。,Psychomime (State/Manner),Dynamics,Neutral,Unvoiced (Light),Neutral,Reduplication,tɕimmaɾi,3,2,4,9,6,6,400.0,3.51,3,400.0,2.35,6,mh,5,#BDB76B,73.4,-8.8,39.3,"Reflecting unvoiced plosives and fricatives for a vector configuration of Weight 3, Time 2, and Flow 9.",,5,5,5,8,COMPOUND(複合・異種)
つかつか,tsukatsuka,Manner or sound of つかつか: 躊躇のない直進。最大Spaceと強めのWeight。,Psychomime (State/Manner),Dynamics,Neutral,Unvoiced (Light),Neutral,Reduplication,tsukatsuka,5,7,9,3,6,2,500.0,4.07,6,8000.0,7.44,8,h,6,#8B0000,28.1,51.0,41.3,"Reflecting unvoiced plosives and fricatives for a vector configuration of Weight 5, Time 7, and Flow 3.",,4,5,6,1,REDUP(畳語・同一)
つくづく,tsukuzuku,Manner or sound of つくづく: 内省的重圧。重いWeightと最大抑制。,Psychomime (State/Manner),Dynamics,Neutral,Unvoiced (Light),Neutral,Reduplication,tsukuzuku,6,2,4,9,4,7,220.0,2.0,2,1200.0,4.22,9,mc,3,#4B0082,20.5,51.7,-53.3,"Reflecting voiced consonants and unvoiced plosives for a vector configuration of Weight 6, Time 2, and Flow 9.",,5,5,5,8,COMPOUND(複合・異種)
つべこべ,tsubekobe,Manner or sound of つべこべ: 濁音の連続による反論。中程度の乱流。,Psychomime (State/Manner),Dynamics,Neutral,Unvoiced (Light),Neutral,Reduplication,tsubekobe,5,6,6,6,6,6,450.0,3.81,5,7000.0,7.22,7,h,6,#DAA520,70.8,8.5,68.8,"Reflecting voiced consonants and unvoiced plosives for a vector configuration of Weight 5, Time 6, and Flow 6.",,5,5,5,8,COMPOUND(複合・異種)
つやつや,tsuyatsuya,Manner or sound of つやつや: 平滑な反射。最小Weightと最大流体性。,Psychomime (State/Manner),Dynamics,Neutral,Unvoiced (Light),Neutral,Reduplication,tsujatsuja,1,2,2,0,9,6,600.0,4.54,1,100.0,0.0,2,mh,5,#FFB6C1,81.1,28.0,5.0,"Reflecting unvoiced plosives and fricatives for a vector configuration of Weight 1, Time 2, and Flow 0.",,4,5,6,1,REDUP(畳語・同一)
つるつる,tsurutsuru,Manner or sound of つるつる: 表面が滑らかで滑るさま、麺を啜る sound.,Psychomime (State/Manner),Texture,Positive,Semi-voiced (Crisp),Dark/Heavy/Large,Reduplication,tsuɾutsuɾu,1,3,2,0,9,8,450.0,3.81,2,150.0,0.69,4,mh,5,#F0FFFF,98.9,-4.9,-1.7,"Reflecting unvoiced plosives and fricatives for a vector configuration of Weight 1, Time 3, and Flow 0.",,4,5,6,1,REDUP(畳語・同一)
つん,tsun,Manner or sound of つん: 拒絶。最大のSpace直接性と遮断。,Psychomime (State/Manner),Dynamics,Neutral,Unvoiced (Light),Neutral,Reduplication,tsuŋ,4,7,9,8,5,3,900.0,5.56,7,9000.0,7.64,9,c,2,#FFFFFF,100.0,-0.0,0.0,"Reflecting unvoiced plosives and fricatives for a vector configuration of Weight 4, Time 7, and Flow 8.",,3,6,0,0,N(撥音単発)
つんつん,tsuntsun,Manner or sound of つんつん: 先鋭的接触。Hardnessと抑制。,Psychomime (State/Manner),Dynamics,Neutral,Unvoiced (Light),Neutral,Reduplication,tsuntsuŋ,4,6,9,9,3,2,800.0,5.26,4,11000.0,7.98,8,c,2,#FFFFFF,100.0,-0.0,0.0,"Reflecting unvoiced plosives and fricatives for a vector configuration of Weight 4, Time 6, and Flow 9.",,4,5,6,1,REDUP(畳語・同一)
つーかー,tsu-ka-,Manner or sound of つーかー: 長音による持続。安定した共鳴と流体運動。,Psychomime (State/Manner),Dynamics,Neutral,Unvoiced (Light),Neutral,Reduplication,tsuːkaː,3,2,5,2,8,3,500.0,4.07,0,2000.0,5.09,4,h,6,#F5F5F5,96.5,-0.0,0.0,"Reflecting unvoiced plosives and fricatives for a vector configuration of Weight 3, Time 2, and Flow 2.",,5,5,5,8,COMPOUND(複合・異種)
てかてか,tekateka,Manner or sound of てかてか: 油脂光沢。高い流体性と自由Flow。,Psychomime (State/Manner),Dynamics,Neutral,Unvoiced (Light),Neutral,Reduplication,tekateka,2,4,3,0,9,4,1100.0,6.07,3,5000.0,6.65,3,h,6,#FFD700,86.9,-1.9,87.1,"Reflecting unvoiced plosives for a vector configuration of Weight 2, Time 4, and Flow 0.",,4,5,6,1,REDUP(畳語・同一)
てきぱき,tekipaki,Manner or sound of てきぱき: 処理が迅速で処理能力が高い manner.,Psychomime (State/Manner),Speed/Tempo,Positive,Voiced (Heavy),Bright/Light/Small,Reduplication,tekipaki,4,8,9,5,6,3,1000.0,5.83,8,9000.0,7.64,7,h,6,#FFFFFF,100.0,-0.0,0.0,"Reflecting unvoiced plosives for a vector configuration of Weight 4, Time 8, and Flow 5.",,5,5,5,8,COMPOUND(複合・異種)
てくてく,tekuteku,Manner or sound of てくてく: ひたすら歩き続ける manner.,Psychomime (State/Manner),Speed/Tempo,Neutral,Voiced (Heavy),Bright/Light/Small,Reduplication,tekuteku,4,5,7,5,6,3,400.0,3.51,5,4500.0,6.47,6,0,4,#708090,52.8,-2.1,-10.6,"Reflecting unvoiced plosives for a vector configuration of Weight 4, Time 5, and Flow 5.",,4,5,6,1,REDUP(畳語・同一)
てっきり,tetkiri,Manner or sound of てっきり: 強い確信。高い抑制と空間直接性。,Psychomime (State/Manner),Dynamics,Neutral,Unvoiced (Light),Neutral,Reduplication,tekkiɾi,5,8,9,8,4,2,600.0,4.54,8,8000.0,7.44,9,0,4,#000000,0.0,0.0,0.0,"Reflecting unvoiced plosives and flap consonant /ɾ/ for a vector configuration of Weight 5, Time 8, and Flow 8.",,5,5,5,8,COMPOUND(複合・異種)
てらてら,teratera,Manner or sound of てらてら: 過剰な反射。高い流体性とMoisture。,Psychomime (State/Manner),Dynamics,Neutral,Unvoiced (Light),Neutral,Reduplication,teɾateɾa,3,4,2,1,9,7,500.0,4.07,3,4000.0,6.27,5,mh,5,#DAA520,70.8,8.5,68.8,"Reflecting unvoiced plosives and flap consonant /ɾ/ for a vector configuration of Weight 3, Time 4, and Flow 1.",,4,5,6,1,REDUP(畳語・同一)
でかでか,dekadeka,Manner or sound of でかでか: 巨視的存在。強大なWeightとSpace。,Psychomime (State/Manner),Dynamics,Neutral,Unvoiced (Light),Neutral,Reduplication,dekadeka,8,4,8,2,5,4,250.0,2.32,3,7000.0,7.22,9,mc,3,#000000,0.0,0.0,0.0,"Reflecting voiced consonants and unvoiced plosives for a vector configuration of Weight 8, Time 4, and Flow 2.",,4,5,6,1,REDUP(畳語・同一)
でっぷり,detpuri,Manner or sound of でっぷり: 重量。最大のWeightと抑制。,Psychomime (State/Manner),Dynamics,Neutral,Unvoiced (Light),Neutral,Reduplication,deppuɾi,9,2,3,9,4,8,180.0,1.49,5,1500.0,4.6,9,c,2,#4B3621,24.5,6.4,16.8,"Reflecting voiced consonants and unvoiced plosives for a vector configuration of Weight 9, Time 2, and Flow 9.",,5,5,5,8,COMPOUND(複合・異種)
でぶでぶ,debudebu,Manner or sound of でぶでぶ: 緩慢な脂肪質。高いMoistureと重量。,Psychomime (State/Manner),Dynamics,Neutral,Unvoiced (Light),Neutral,Reduplication,debudebu,8,3,2,7,5,9,150.0,1.03,3,1200.0,4.22,9,mc,3,#8B4513,37.5,26.4,41.0,"Reflecting voiced consonants for a vector configuration of Weight 8, Time 3, and Flow 7.",,4,5,6,1,REDUP(畳語・同一)
でれでれ,deredere,Manner or sound of でれでれ: 弛緩。最小Timeと高温度、高流体性。,Psychomime (State/Manner),Dynamics,Neutral,Unvoiced (Light),Neutral,Reduplication,deɾedeɾe,3,1,1,2,9,8,280.0,2.61,1,800.0,3.53,7,hh,7,#FFC0CB,83.6,24.1,3.3,"Reflecting voiced consonants and flap consonant /ɾ/ for a vector configuration of Weight 3, Time 1, and Flow 2.",,4,5,6,1,REDUP(畳語・同一)
でん,den,Manner or sound of でん: 不動の質量。最大のWeight、直接性、抑制。,Psychomime (State/Manner),Dynamics,Neutral,Unvoiced (Light),Neutral,Reduplication,deŋ,9,2,9,9,2,4,150.0,1.03,7,500.0,2.73,9,mc,3,#000000,0.0,0.0,0.0,"Reflecting voiced consonants and nasal resonance for a vector configuration of Weight 9, Time 2, and Flow 9.",,3,6,0,0,N(撥音単発)
とことこ,tokotoko,Manner or sound of とことこ: 安定した小走。流体性と直接性の中庸。,Psychomime (State/Manner),Dynamics,Neutral,Unvoiced (Light),Neutral,Reduplication,tokotoko,3,5,6,3,7,3,400.0,3.51,5,3500.0,6.04,5,mh,5,#FFFFFF,100.0,-0.0,0.0,"Reflecting unvoiced plosives for a vector configuration of Weight 3, Time 5, and Flow 3.",,4,5,6,1,REDUP(畳語・同一)
とっくり,totkuri,Manner or sound of とっくり: 凝縮。高い抑制と適度なMoisture。,Psychomime (State/Manner),Dynamics,Neutral,Unvoiced (Light),Neutral,Reduplication,tokkuɾi,6,3,5,9,5,7,250.0,2.32,8,2000.0,5.09,8,mh,5,#8B4513,37.5,26.4,41.0,"Reflecting unvoiced plosives and flap consonant /ɾ/ for a vector configuration of Weight 6, Time 3, and Flow 9.",,5,5,5,8,COMPOUND(複合・異種)
とっと,totto,Manner or sound of とっと: 駆り立て。最大のTimeと空間指向性。,Psychomime (State/Manner),Dynamics,Neutral,Unvoiced (Light),Neutral,Reduplication,totto,4,9,8,3,6,2,600.0,4.54,9,11000.0,7.98,8,h,6,#FFFFFF,100.0,-0.0,0.0,"Reflecting unvoiced plosives and geminate sokuon (sudden onset) for a vector configuration of Weight 4, Time 9, and Flow 3.",,3,4,0,0,Qto(っと)
とぼとぼ,tobotobo,Manner or sound of とぼとぼ: 減衰。重いWeightと最小Space。,Psychomime (State/Manner),Dynamics,Neutral,Unvoiced (Light),Neutral,Reduplication,tobotobo,7,2,1,6,6,6,200.0,1.75,3,500.0,2.73,7,c,2,#708090,52.8,-2.1,-10.6,"Reflecting voiced consonants and unvoiced plosives for a vector configuration of Weight 7, Time 2, and Flow 6.",,4,5,6,1,REDUP(畳語・同一)
とろとろ,torotoro,Manner or sound of とろとろ: 融解。最大の流体性と水分。,Psychomime (State/Manner),Dynamics,Neutral,Unvoiced (Light),Neutral,Reduplication,toɾotoɾo,4,1,1,3,9,9,220.0,2.0,1,600.0,3.04,9,mh,5,#FFFACD,97.6,-5.4,22.2,"Reflecting unvoiced plosives and flap consonant /ɾ/ for a vector configuration of Weight 4, Time 1, and Flow 3.",,4,5,6,1,REDUP(畳語・同一)
とんちんかん,tonchinkan,Manner or sound of とんちんかん: 乖離。高い乱流と不規則な時間性。,Psychomime (State/Manner),Dynamics,Neutral,Unvoiced (Light),Neutral,Reduplication,tontɕiŋkaŋ,3,7,3,4,6,2,800.0,5.26,6,12000.0,8.13,4,0,4,#FFFF00,97.1,-21.6,94.5,"Reflecting unvoiced plosives and fricatives for a vector configuration of Weight 3, Time 7, and Flow 4.",,3,6,0,0,N(撥音単発)
とんとん,tonton,Manner or sound of とんとん: リズム。一定のWeightと直接性。,Psychomime (State/Manner),Dynamics,Neutral,Unvoiced (Light),Neutral,Reduplication,tontoŋ,4,7,7,5,4,3,400.0,3.51,6,5500.0,6.81,7,mc,3,#A0522D,43.8,29.3,35.6,"Reflecting unvoiced plosives and nasal resonance for a vector configuration of Weight 4, Time 7, and Flow 5.",,4,5,6,1,REDUP(畳語・同一)
どかっ,dokat,Manner or sound of どかっ: 衝突。最大のWeightと圧縮Boyle数。,Psychomime (State/Manner),Dynamics,Neutral,Unvoiced (Light),Neutral,Reduplication,dokaʔ,9,9,9,8,3,3,180.0,1.49,9,18000.0,8.82,9,mc,3,#000000,0.0,0.0,0.0,"Reflecting voiced consonants and unvoiced plosives for a vector configuration of Weight 9, Time 9, and Flow 8.",,2,5,0,0,Q(促音単発)
どかどか,dokadoka,Manner or sound of どかどか: 乱暴。強大なWeightと乱流摩擦。,Psychomime (State/Manner),Dynamics,Neutral,Unvoiced (Light),Neutral,Reduplication,dokadoka,8,8,7,3,6,3,250.0,2.32,7,15000.0,8.51,8,h,6,#8B0000,28.1,51.0,41.3,"Reflecting voiced consonants and unvoiced plosives for a vector configuration of Weight 8, Time 8, and Flow 3.",,4,5,6,1,REDUP(畳語・同一)
どかん,dokan,Manner or sound of どかん: 爆発。最大の衝撃波と空間指向性。,Psychomime (State/Manner),Dynamics,Neutral,Unvoiced (Light),Neutral,Reduplication,dokaŋ,9,8,9,7,2,4,120.0,0.46,9,20000.0,9.0,9,h,6,#000000,0.0,0.0,0.0,"Reflecting voiced consonants and unvoiced plosives for a vector configuration of Weight 9, Time 8, and Flow 7.",,3,6,0,0,N(撥音単発)
どきっ,dokit,Manner or sound of どきっ: 内的衝撃。最大Timeと気圧変動。,Psychomime (State/Manner),Dynamics,Neutral,Unvoiced (Light),Neutral,Reduplication,dokiʔ,7,9,8,9,5,5,350.0,3.17,9,13000.0,8.27,9,h,6,#FF0000,53.2,80.1,67.2,"Reflecting voiced consonants and unvoiced plosives for a vector configuration of Weight 7, Time 9, and Flow 9.",,2,5,0,0,Q(促音単発)
どきどき,dokidoki,Manner or sound of どきどき: 胸の鼓動が高鳴る state/manner.,Pathomime (Emotion),Emotion,Neutral,Unvoiced (Light),Dark/Heavy/Large,Reduplication,dokidoki,6,7,6,8,6,6,300.0,2.78,7,9000.0,7.64,8,h,6,#FF4500,57.6,67.8,69.0,"Reflecting voiced consonants and unvoiced plosives for a vector configuration of Weight 6, Time 7, and Flow 8.",,4,5,6,1,REDUP(畳語・同一)
どぎまぎ,dogimagi,Manner or sound of どぎまぎ: 狼狽。低いSpaceと抑制の反転。,Psychomime (State/Manner),Dynamics,Neutral,Unvoiced (Light),Neutral,Reduplication,doɡimaɡi,5,7,3,7,7,6,400.0,3.51,6,6000.0,6.95,7,h,6,#FFD700,86.9,-1.9,87.1,"Reflecting voiced consonants and nasal resonance for a vector configuration of Weight 5, Time 7, and Flow 7.",,5,5,5,8,COMPOUND(複合・異種)
どしどし,doshidoshi,Manner or sound of どしどし: 質量推進。強大なWeightと直接性。,Psychomime (State/Manner),Dynamics,Neutral,Unvoiced (Light),Neutral,Reduplication,doɕidoɕi,8,7,8,4,5,3,280.0,2.61,6,11000.0,7.98,8,h,6,#8B4513,37.5,26.4,41.0,"Reflecting voiced consonants and fricatives for a vector configuration of Weight 8, Time 7, and Flow 4.",,4,5,6,1,REDUP(畳語・同一)
どしゃどしゃ,doshadosha,Manner or sound of どしゃどしゃ: 激流。最大のMoistureと重量。,Psychomime (State/Manner),Dynamics,Neutral,Unvoiced (Light),Neutral,Reduplication,doɕadoɕa,8,6,5,2,8,9,240.0,2.22,5,17000.0,8.72,9,mc,3,#4682B4,52.5,-4.1,-32.2,"Reflecting voiced consonants and fricatives for a vector configuration of Weight 8, Time 6, and Flow 2.",,4,5,6,1,REDUP(畳語・同一)
どしんどしん,doshindoshin,Manner or sound of どしんどしん: 巨人歩行。最大のWeightとBo数。,Psychomime (State/Manner),Dynamics,Neutral,Unvoiced (Light),Neutral,Reduplication,doɕindoɕiŋ,9,8,9,8,2,4,130.0,0.66,8,18000.0,8.82,9,mc,3,#000000,0.0,0.0,0.0,"Reflecting voiced consonants and fricatives for a vector configuration of Weight 9, Time 8, and Flow 8.",,4,5,6,1,REDUP(畳語・同一)
どすんどすん,dosundosun,Manner or sound of どすんどすん: 鈍重衝撃。最大の空間直接性と抑制。,Psychomime (State/Manner),Dynamics,Neutral,Unvoiced (Light),Neutral,Reduplication,dosundosuŋ,9,8,9,9,2,3,140.0,0.85,9,19000.0,8.91,9,mc,3,#2F4F4F,31.3,-11.7,-3.7,"Reflecting voiced consonants and fricatives for a vector configuration of Weight 9, Time 8, and Flow 9.",,4,5,6,1,REDUP(畳語・同一)
どたばた,dotabata,Manner or sound of どたばた: 不規則衝突。高い乱流と時間性。,Psychomime (State/Manner),Dynamics,Neutral,Unvoiced (Light),Neutral,Reduplication,dotabata,8,8,4,3,6,4,320.0,2.94,8,14000.0,8.39,7,h,6,#8B4513,37.5,26.4,41.0,"Reflecting voiced consonants and unvoiced plosives for a vector configuration of Weight 8, Time 8, and Flow 3.",,5,5,5,8,COMPOUND(複合・異種)
どっかり,dotkari,Manner or sound of どっかり: 重座。最大のWeightと抑制。,Psychomime (State/Manner),Dynamics,Neutral,Unvoiced (Light),Neutral,Reduplication,dokkaɾi,9,5,8,9,3,5,200.0,1.75,8,3000.0,5.78,9,mc,3,#000000,0.0,0.0,0.0,"Reflecting voiced consonants and unvoiced plosives for a vector configuration of Weight 9, Time 5, and Flow 9.",,5,5,5,8,COMPOUND(複合・異種)
どっさり,dotsari,Manner or sound of どっさり: 大量。高い流体性と質量密度。,Psychomime (State/Manner),Density/Distance,Positive,Semi-voiced (Crisp),Dark/Heavy/Large,-ri Ending,dossaɾi,8,4,6,3,7,6,280.0,2.61,7,6000.0,6.95,8,mc,3,#DAA520,70.8,8.5,68.8,"Reflecting voiced consonants and fricatives for a vector configuration of Weight 8, Time 4, and Flow 3.",,5,5,5,8,COMPOUND(複合・異種)
どっしり,dotshiri,Manner or sound of どっしり: 安定重量。最大の空間直接性と抑制。,Psychomime (State/Manner),Mass/Weight,Positive,Semi-voiced (Crisp),Dark/Heavy/Large,-ri Ending,doɕɕiɾi,9,3,9,9,2,5,180.0,1.49,6,2000.0,5.09,9,mc,3,#2F4F4F,31.3,-11.7,-3.7,"Reflecting voiced consonants and fricatives for a vector configuration of Weight 9, Time 3, and Flow 9.",,5,5,5,8,COMPOUND(複合・異種)
どっと,dotto,Manner or sound of どっと: 噴出。最大Timeと空間指向性。,Psychomime (State/Manner),Dynamics,Neutral,Unvoiced (Light),Neutral,Reduplication,dotto,8,8,9,4,7,5,300.0,2.78,9,12000.0,8.13,8,h,6,#FF0000,53.2,80.1,67.2,"Reflecting voiced consonants and unvoiced plosives for a vector configuration of Weight 8, Time 8, and Flow 4.",,3,4,0,0,Qto(っと)
どっぷり,dotpuri,Manner or sound of どっぷり: 没入。最大Moistureと抑制。,Psychomime (State/Manner),Dynamics,Neutral,Unvoiced (Light),Neutral,Reduplication,doppuɾi,8,2,4,9,7,9,150.0,1.03,5,1800.0,4.91,9,mh,5,#000080,13.0,47.5,-64.7,"Reflecting voiced consonants and unvoiced plosives for a vector configuration of Weight 8, Time 2, and Flow 9.",,5,5,5,8,COMPOUND(複合・異種)
どでん,doden,Manner or sound of どでん: 巨大転倒。強大なWeightと圧縮衝撃。,Psychomime (State/Manner),Dynamics,Neutral,Unvoiced (Light),Neutral,Reduplication,dodeŋ,9,8,7,8,3,4,180.0,1.49,8,14000.0,8.39,9,mc,3,#000000,0.0,0.0,0.0,"Reflecting voiced consonants and nasal resonance for a vector configuration of Weight 9, Time 8, and Flow 8.",,3,6,0,0,N(撥音単発)
どぶん,dobun,Manner or sound of どぶん: 深い水没。最大のBo数と重量。,Psychomime (State/Manner),Dynamics,Neutral,Unvoiced (Light),Neutral,Reduplication,dobuŋ,9,8,9,7,7,9,110.0,0.24,8,20000.0,9.0,9,mc,3,#191970,15.9,31.7,-49.6,"Reflecting voiced consonants and nasal resonance for a vector configuration of Weight 9, Time 8, and Flow 7.",,3,6,0,0,N(撥音単発)
どぼん,dobon,Manner or sound of どぼん: 液体落着。高い圧縮性と直接性。,Psychomime (State/Manner),Dynamics,Neutral,Unvoiced (Light),Neutral,Reduplication,doboŋ,8,8,9,8,7,9,130.0,0.66,9,19000.0,8.91,9,mc,3,#0000CD,25.0,67.2,-91.5,"Reflecting voiced consonants and nasal resonance for a vector configuration of Weight 8, Time 8, and Flow 8.",,3,6,0,0,N(撥音単発)
どやどや,doyadoya,Manner or sound of どやどや: 群衆乱入。高い乱流と時間密度。,Psychomime (State/Manner),Dynamics,Neutral,Unvoiced (Light),Neutral,Reduplication,dojadoja,6,7,5,2,8,5,350.0,3.17,6,15000.0,8.51,7,h,6,#DAA520,70.8,8.5,68.8,"Reflecting voiced consonants for a vector configuration of Weight 6, Time 7, and Flow 2.",,4,5,6,1,REDUP(畳語・同一)
どろどろ,dorodoro,Manner or sound of どろどろ: 高粘性流体。最大Moistureと低周波。,Psychomime (State/Manner),Dynamics,Neutral,Unvoiced (Light),Neutral,Reduplication,doɾodoɾo,7,2,2,6,9,9,160.0,1.19,2,1100.0,4.07,9,mh,5,#4B3621,24.5,6.4,16.8,"Reflecting voiced consonants and flap consonant /ɾ/ for a vector configuration of Weight 7, Time 2, and Flow 6.",,4,5,6,1,REDUP(畳語・同一)
どろん,doron,Manner or sound of どろん: 消失。流体的な時間変化。,Psychomime (State/Manner),Dynamics,Neutral,Unvoiced (Light),Neutral,Reduplication,doɾoŋ,5,8,8,4,9,6,280.0,2.61,8,6000.0,6.95,7,mc,3,#808080,53.6,-0.0,0.0,"Reflecting voiced consonants and nasal resonance for a vector configuration of Weight 5, Time 8, and Flow 4.",,3,6,0,0,N(撥音単発)
どんちゃん,donchan,Manner or sound of どんちゃん: 狂騒。高い乱流と自由Flow。,Psychomime (State/Manner),Dynamics,Neutral,Unvoiced (Light),Neutral,Reduplication,dontɕaŋ,7,8,6,1,5,4,500.0,4.07,7,16000.0,8.62,7,h,6,#FF0000,53.2,80.1,67.2,"Reflecting voiced consonants and unvoiced plosives for a vector configuration of Weight 7, Time 8, and Flow 1.",,5,5,5,8,COMPOUND(複合・異種)
どんと,donto,Manner or sound of どんと: 構え。最大の空間直接性と抑制。,Psychomime (State/Manner),Dynamics,Neutral,Unvoiced (Light),Neutral,Reduplication,donto,9,4,9,9,2,3,180.0,1.49,8,4000.0,6.27,9,mc,3,#000000,0.0,0.0,0.0,"Reflecting voiced consonants and unvoiced plosives for a vector configuration of Weight 9, Time 4, and Flow 9.",,3,5,0,0,OTHER(単発)
どんどん,dondon,Manner or sound of どんどん: 太鼓の音、あるいは勢いよく物事が進む manner.,Psychomime (State/Manner),Speed/Tempo,Positive,Semi-voiced (Crisp),Dark/Heavy/Large,Reduplication,dondoŋ,8,7,9,5,3,4,200.0,1.75,5,14000.0,8.39,9,h,6,#8B0000,28.1,51.0,41.3,"Reflecting voiced consonants and nasal resonance for a vector configuration of Weight 8, Time 7, and Flow 5.",,4,5,6,1,REDUP(畳語・同一)
どんぴしゃ,donpisha,Manner or sound of どんぴしゃ: 適合。最大のTime、Space、抑制。,Psychomime (State/Manner),Dynamics,Neutral,Unvoiced (Light),Neutral,Reduplication,dompiɕa,5,9,9,9,4,2,600.0,4.54,9,13000.0,8.27,9,h,6,#FFFFFF,100.0,-0.0,0.0,"Reflecting voiced consonants and unvoiced plosives for a vector configuration of Weight 5, Time 9, and Flow 9.",,5,5,5,8,COMPOUND(複合・異種)
どんみり,donmiri,Manner or sound of どんみり: 停滞。重いWeightと最小の時間性。,Psychomime (State/Manner),Dynamics,Neutral,Unvoiced (Light),Neutral,Reduplication,dommiɾi,7,2,3,8,6,7,180.0,1.49,4,600.0,3.04,8,mc,3,#483D8B,30.8,26.1,-42.1,"Reflecting voiced consonants and nasal resonance for a vector configuration of Weight 7, Time 2, and Flow 8.",,5,5,5,8,COMPOUND(複合・異種)
どんより,donyori,Manner or sound of どんより: 陰鬱。最大の重量、最小のSpace、最大抑制。,Psychomime (State/Manner),Dynamics,Neutral,Unvoiced (Light),Neutral,Reduplication,doŋjoɾi,8,1,1,9,8,8,120.0,0.46,1,300.0,1.87,9,c,2,#2F4F4F,31.3,-11.7,-3.7,"Reflecting voiced consonants and nasal resonance for a vector configuration of Weight 8, Time 1, and Flow 9.",,5,5,5,8,COMPOUND(複合・異種)
なびなび,nabinabi,Manner or sound of なびなび: 鼻音/n/による軟らかさとFlow 0。布や旗が風に流動する層流。,Psychomime (State/Manner),Dynamics,Neutral,Unvoiced (Light),Neutral,Reduplication,nabinabi,2,3,1,0,9,6,220.0,2.0,2,1500.0,4.6,4,mh,5,#F0E68C,90.3,-9.0,45.0,"Reflecting voiced consonants and nasal resonance for a vector configuration of Weight 2, Time 3, and Flow 0.",,4,5,6,1,REDUP(畳語・同一)
なみなみ,naminami,Manner or sound of なみなみ: 表面張力の物理。鼻音の持続と最大Moisture。低Re数。,Psychomime (State/Manner),Dynamics,Neutral,Unvoiced (Light),Neutral,Reduplication,naminami,4,2,2,3,9,9,240.0,2.22,1,800.0,3.53,9,mc,3,#00BFFF,72.5,-17.7,-42.5,"Reflecting nasal resonance for a vector configuration of Weight 4, Time 2, and Flow 3.",,4,5,6,1,REDUP(畳語・同一)
なよなよ,nayonayo,Manner or sound of なよなよ: 半母音/j/による骨格の欠如。最小Weightと高い流体性。,Psychomime (State/Manner),Dynamics,Neutral,Unvoiced (Light),Neutral,Reduplication,najonajo,1,2,1,1,9,7,300.0,2.78,2,400.0,2.35,3,mh,5,#FFF0F5,96.1,5.9,-0.6,"Reflecting nasal resonance for a vector configuration of Weight 1, Time 2, and Flow 1.",,4,5,6,1,REDUP(畳語・同一)
にこっ,nikot,Manner or sound of にこっ: 鼻音の親和性と促音の遮断。瞬時の気圧変化。,Psychomime (State/Manner),Dynamics,Neutral,Unvoiced (Light),Neutral,Reduplication,nikoʔ,2,9,8,5,7,4,1800.0,7.32,9,9000.0,7.64,8,h,6,#FFD700,86.9,-1.9,87.1,"Reflecting unvoiced plosives and nasal resonance for a vector configuration of Weight 2, Time 9, and Flow 5.",,2,5,0,0,Q(促音単発)
にこにこ,nikoniko,Manner or sound of にこにこ: 笑顔を浮かべて嬉しそうな manner.,Psychomime (State/Manner),Emotion,Positive,Unvoiced (Light),Bright/Light/Small,Reduplication,nikoniko,2,5,5,2,8,3,1600.0,7.02,4,3500.0,6.04,4,h,6,#FFFF00,97.1,-21.6,94.5,"Reflecting unvoiced plosives and nasal resonance for a vector configuration of Weight 2, Time 5, and Flow 2.",,4,5,6,1,REDUP(畳語・同一)
にこり,nikori,Manner or sound of にこり: 弾き音による actionの完了。流体的な運動の余韻。,Psychomime (State/Manner),Dynamics,Neutral,Unvoiced (Light),Neutral,Reduplication,nikoɾi,2,6,7,3,8,4,1700.0,7.17,6,4000.0,6.27,6,h,6,#FFFACD,97.6,-5.4,22.2,"Reflecting unvoiced plosives and nasal resonance for a vector configuration of Weight 2, Time 6, and Flow 3.",,4,6,0,0,RI(り単発)
にたにた,nitanita,Manner or sound of にたにた: 粘着質な笑い。抑制と有声性の増加。,Psychomime (State/Manner),Dynamics,Neutral,Unvoiced (Light),Neutral,Reduplication,nitanita,3,4,2,8,6,5,450.0,3.81,5,1200.0,4.22,7,mc,3,#ADFF2F,92.0,-52.5,81.9,"Reflecting unvoiced plosives and nasal resonance for a vector configuration of Weight 3, Time 4, and Flow 8.",,4,5,6,1,REDUP(畳語・同一)
にたり,nitari,Manner or sound of にたり: 満足感。直接性と弾き音による収束。,Psychomime (State/Manner),Dynamics,Neutral,Unvoiced (Light),Neutral,Reduplication,nitaɾi,3,7,6,7,7,6,500.0,4.07,6,2500.0,5.47,8,mc,3,#9ACD32,76.5,-38.0,66.6,"Reflecting unvoiced plosives and nasal resonance for a vector configuration of Weight 3, Time 7, and Flow 7.",,4,6,0,0,RI(り単発)
にっ,nit,Manner or sound of にっ: 歯を見せる瞬間。最大のTimeと直接性。,Psychomime (State/Manner),Dynamics,Neutral,Unvoiced (Light),Neutral,Reduplication,niʔ,3,9,9,9,4,2,2200.0,7.82,9,11000.0,7.98,9,h,6,#FFFFFF,100.0,-0.0,0.0,"Reflecting nasal resonance and geminate sokuon (sudden onset) for a vector configuration of Weight 3, Time 9, and Flow 9.",,2,5,0,0,Q(促音単発)
にゃーにゃー,nya-nya-,Manner or sound of にゃーにゃー: 猫の鳴 voice/cry.鼻音と半母音の持続による高い流体性。,Psychomime (State/Manner),Dynamics,Neutral,Unvoiced (Light),Neutral,Reduplication,ɲaːɲaː,2,2,4,1,9,7,800.0,5.26,0,1500.0,4.6,5,h,6,#FFB6C1,81.1,28.0,5.0,"Reflecting nasal resonance and long vowel extension for a vector configuration of Weight 2, Time 2, and Flow 1.",,4,5,6,1,REDUP(畳語・同一)
にやにや,niyaniya,Manner or sound of にやにや: ニヤけて含み笑いをする manner.,Psychomime (State/Manner),Emotion,Negative,Unvoiced (Light),Bright/Light/Small,Reduplication,nijanija,2,3,1,3,8,6,400.0,3.51,2,1000.0,3.91,6,mh,5,#F0E68C,90.3,-9.0,45.0,"Reflecting nasal resonance for a vector configuration of Weight 2, Time 3, and Flow 3.",,4,5,6,1,REDUP(畳語・同一)
にやり,niyari,Manner or sound of にやり: 企みの表出。高い空間直接性と時間的決定。,Psychomime (State/Manner),Dynamics,Neutral,Unvoiced (Light),Neutral,Reduplication,nijaɾi,3,6,7,4,8,5,550.0,4.32,5,2800.0,5.66,7,h,6,#FFFFFF,100.0,-0.0,0.0,"Reflecting nasal resonance and flap consonant /ɾ/ for a vector configuration of Weight 3, Time 6, and Flow 4.",,4,6,0,0,RI(り単発)
にゅるにゅる,nyurunyuru,Manner or sound of にゅるにゅる: 高粘性流体。鼻音と弾き音の連続による最大Moisture。,Psychomime (State/Manner),Dynamics,Neutral,Unvoiced (Light),Neutral,Reduplication,ɲuɾuɲuɾu,5,4,2,9,7,9,180.0,1.49,2,600.0,3.04,9,mc,3,#556B2F,42.2,-18.8,30.6,"Reflecting nasal resonance and flap consonant /ɾ/ for a vector configuration of Weight 5, Time 4, and Flow 9.",,4,5,6,1,REDUP(畳語・同一)
にょきにょき,nyokinyoki,Manner or sound of にょきにょき: 垂直方向の不連続成長。高いSpaceと中庸のWeight。,Psychomime (State/Manner),Dynamics,Neutral,Unvoiced (Light),Neutral,Reduplication,ɲokiɲoki,4,6,8,4,5,4,600.0,4.54,6,4500.0,6.47,7,mh,5,#32CD32,72.6,-67.1,61.4,"Reflecting unvoiced plosives and nasal resonance for a vector configuration of Weight 4, Time 6, and Flow 4.",,4,5,6,1,REDUP(畳語・同一)
にょろにょろ,nyoronyoro,Manner or sound of にょろにょろ: 不定形な曲線運動。最大の流体性と低Re数。,Psychomime (State/Manner),Dynamics,Neutral,Unvoiced (Light),Neutral,Reduplication,ɲoɾoɲoɾo,3,3,1,2,9,8,300.0,2.78,1,1200.0,4.22,8,mc,3,#006400,36.2,-43.4,41.9,"Reflecting nasal resonance and flap consonant /ɾ/ for a vector configuration of Weight 3, Time 3, and Flow 2.",,4,5,6,1,REDUP(畳語・同一)
ぬくぬく,nukunuku,Manner or sound of ぬくぬく: 温かくて心地よいさま、悠々自適な manner.,Psychomime (State/Manner),Dynamics,Neutral,Unvoiced (Light),Neutral,Reduplication,nukunuku,3,2,2,0,8,6,250.0,2.32,2,500.0,2.73,4,hh,7,#FFD700,86.9,-1.9,87.1,"Reflecting unvoiced plosives and nasal resonance for a vector configuration of Weight 3, Time 2, and Flow 0.",,4,5,6,1,REDUP(畳語・同一)
ぬけぬけ,nukenuke,Manner or sound of ぬけぬけ: 厚顔無恥。遮蔽物のない流体運動と高い流速。,Psychomime (State/Manner),Dynamics,Neutral,Unvoiced (Light),Neutral,Reduplication,nukenuke,4,5,4,1,9,2,500.0,4.07,4,3000.0,5.78,3,h,6,#FFFFFF,100.0,-0.0,0.0,"Reflecting unvoiced plosives and nasal resonance for a vector configuration of Weight 4, Time 5, and Flow 1.",,4,5,6,1,REDUP(畳語・同一)
ぬっと,nutto,Manner or sound of ぬっと: 突然の出現。高いWeightと最大Space、Bo数。,Psychomime (State/Manner),Dynamics,Neutral,Unvoiced (Light),Neutral,Reduplication,nutto,6,8,9,9,6,4,220.0,2.0,9,9000.0,7.64,9,mc,3,#000000,0.0,0.0,0.0,"Reflecting unvoiced plosives and nasal resonance for a vector configuration of Weight 6, Time 8, and Flow 9.",,3,4,0,0,Qto(っと)
ぬめぬめ,numenume,Manner or sound of ぬめぬめ: 最大Moistureと抑制。粘膜的物理プロファイル。,Psychomime (State/Manner),Dynamics,Neutral,Unvoiced (Light),Neutral,Reduplication,numenume,5,2,1,8,6,9,150.0,1.03,2,300.0,1.87,9,mc,3,#2F4F4F,31.3,-11.7,-3.7,"Reflecting nasal resonance for a vector configuration of Weight 5, Time 2, and Flow 8.",,4,5,6,1,REDUP(畳語・同一)
ぬらぬら,nuranura,Manner or sound of ぬらぬら: 脂ぎった表面。高い流体性と中程度の乱流。,Psychomime (State/Manner),Dynamics,Neutral,Unvoiced (Light),Neutral,Reduplication,nuɾanuɾa,4,3,2,1,8,8,280.0,2.61,2,1500.0,4.6,8,mh,5,#4B3621,24.5,6.4,16.8,"Reflecting nasal resonance and flap consonant /ɾ/ for a vector configuration of Weight 4, Time 3, and Flow 1.",,4,5,6,1,REDUP(畳語・同一)
ぬるぬる,nurunuru,Manner or sound of ぬるぬる: 摩擦係数の最小化。鼻音による持続と潤滑物理。,Psychomime (State/Manner),Texture,Negative,Unvoiced (Light),Dark/Heavy/Large,Reduplication,nuɾunuɾu,4,2,1,3,9,9,200.0,1.75,1,700.0,3.31,9,mc,3,#000080,13.0,47.5,-64.7,"Reflecting nasal resonance and flap consonant /ɾ/ for a vector configuration of Weight 4, Time 2, and Flow 3.",,4,5,6,1,REDUP(畳語・同一)
ねそねそ,nesoneso,Manner or sound of ねそねそ: 意欲の欠如。最小Timeと最大のFlow抑制。,Psychomime (State/Manner),Dynamics,Neutral,Unvoiced (Light),Neutral,Reduplication,nesoneso,5,1,1,9,4,6,180.0,1.49,1,400.0,2.35,7,c,2,#808080,53.6,-0.0,0.0,"Reflecting fricatives and nasal resonance for a vector configuration of Weight 5, Time 1, and Flow 9.",,4,5,6,1,REDUP(畳語・同一)
ねちねち,nechinechi,Manner or sound of ねちねち: 粘り着いてしつこい manner.,Psychomime (State/Manner),Dynamics,Neutral,Unvoiced (Light),Neutral,Reduplication,netɕinetɕi,6,3,3,9,3,9,320.0,2.94,5,900.0,3.73,9,mh,5,#4B0082,20.5,51.7,-53.3,"Reflecting unvoiced plosives and fricatives for a vector configuration of Weight 6, Time 3, and Flow 9.",,4,5,6,1,REDUP(畳語・同一)
ねっとり,nettori,Manner or sound of ねっとり: 粘り気が強く絡みつく manner.,Psychomime (State/Manner),Dynamics,Neutral,Unvoiced (Light),Neutral,Reduplication,nettoɾi,7,2,4,9,2,9,250.0,2.32,6,1100.0,4.07,9,mh,5,#DAA520,70.8,8.5,68.8,"Reflecting unvoiced plosives and nasal resonance for a vector configuration of Weight 7, Time 2, and Flow 9.",,5,5,5,8,COMPOUND(複合・異種)
ねとねと,netoneto,Manner or sound of ねとねと: 接地面積の広い粘着。持続的な抑制と高粘性。,Psychomime (State/Manner),Dynamics,Neutral,Unvoiced (Light),Neutral,Reduplication,netoneto,6,2,2,8,4,9,200.0,1.75,2,800.0,3.53,9,mc,3,#8B4513,37.5,26.4,41.0,"Reflecting unvoiced plosives and nasal resonance for a vector configuration of Weight 6, Time 2, and Flow 8.",,4,5,6,1,REDUP(畳語・同一)
ねばねば,nebaneba,Manner or sound of ねばねば: 納豆等の高分子流体。有声破裂音によるWeight増加。,Psychomime (State/Manner),Texture,Negative,Semi-voiced (Crisp),Bright/Light/Small,Reduplication,nebaneba,7,3,3,7,5,9,180.0,1.49,3,1500.0,4.6,9,mc,3,#6B8E23,54.7,-28.2,49.7,"Reflecting voiced consonants and nasal resonance for a vector configuration of Weight 7, Time 3, and Flow 7.",,4,5,6,1,REDUP(畳語・同一)
のこのこ,nokonoko,Manner or sound of のこのこ: 平然と図々しく現れる manner.,Psychomime (State/Manner),Emotion,Negative,Unvoiced (Light),Bright/Light/Small,Reduplication,nokonoko,3,4,3,2,8,3,350.0,3.17,4,2800.0,5.66,4,0,4,#FFFFFF,100.0,-0.0,0.0,"Reflecting unvoiced plosives and nasal resonance for a vector configuration of Weight 3, Time 4, and Flow 2.",,4,5,6,1,REDUP(畳語・同一)
のそのそ,nosonoso,Manner or sound of のそのそ: 巨大な質量の移動。重いWeightと最小Space。,Psychomime (State/Manner),Dynamics,Neutral,Unvoiced (Light),Neutral,Reduplication,nosonoso,7,2,1,6,6,5,180.0,1.49,3,600.0,3.04,7,c,2,#708090,52.8,-2.1,-10.6,"Reflecting fricatives and nasal resonance for a vector configuration of Weight 7, Time 2, and Flow 6.",,4,5,6,1,REDUP(畳語・同一)
のっしのっし,notshinotshi,Manner or sound of のっしのっし: 重厚な足取り。最大のWeightと強い直接性。,Psychomime (State/Manner),Dynamics,Neutral,Unvoiced (Light),Neutral,Reduplication,noɕɕinoɕɕi,9,6,8,8,3,4,120.0,0.46,7,12000.0,8.13,9,mc,3,#000000,0.0,0.0,0.0,"Reflecting fricatives and nasal resonance for a vector configuration of Weight 9, Time 6, and Flow 8.",,4,5,6,1,REDUP(畳語・同一)
のっぺり,notperi,Manner or sound of のっぺり: 平滑な平面。陰影の欠如と抑制。,Psychomime (State/Manner),Dynamics,Neutral,Unvoiced (Light),Neutral,Reduplication,noppeɾi,5,2,5,4,7,2,280.0,2.61,6,5000.0,6.65,6,0,4,#D3D3D3,84.6,-0.0,0.0,"Reflecting unvoiced plosives and nasal resonance for a vector configuration of Weight 5, Time 2, and Flow 4.",,5,5,5,8,COMPOUND(複合・異種)
のほほん,nohohon,Manner or sound of のほほん: 完全な脱力。最小エフォート群。自由なFlow。,Psychomime (State/Manner),Dynamics,Neutral,Unvoiced (Light),Neutral,Reduplication,nohohoŋ,1,1,1,0,9,5,400.0,3.51,1,100.0,0.0,1,h,6,#F5F5DC,95.9,-4.2,12.0,"Reflecting fricatives and nasal resonance for a vector configuration of Weight 1, Time 1, and Flow 0.",,5,5,5,8,COMPOUND(複合・異種)
のらくら,norakura,Manner or sound of のらくら: 回避的運動。最小のWeightと不特定の流体経路。,Psychomime (State/Manner),Dynamics,Neutral,Unvoiced (Light),Neutral,Reduplication,noɾakuɾa,2,3,1,1,9,3,450.0,3.81,2,3000.0,5.78,3,mh,5,#FFFFFF,100.0,-0.0,0.0,"Reflecting unvoiced plosives and nasal resonance for a vector configuration of Weight 2, Time 3, and Flow 1.",,5,5,5,8,COMPOUND(複合・異種)
のろのろ,noronoro,Manner or sound of のろのろ: 極低速。最小Timeと高い抑制。高粘性流。,Psychomime (State/Manner),Speed/Tempo,Negative,Semi-voiced (Crisp),Dark/Heavy/Large,Reduplication,noɾonoɾo,6,1,1,7,8,6,150.0,1.03,1,400.0,2.35,8,c,2,#2F4F4F,31.3,-11.7,-3.7,"Reflecting nasal resonance and flap consonant /ɾ/ for a vector configuration of Weight 6, Time 1, and Flow 7.",,4,5,6,1,REDUP(畳語・同一)
のんびり,nonbiri,Manner or sound of のんびり: 焦らずゆったり過ごす manner.,Pathomime (Emotion),Emotion,Positive,Unvoiced (Light),Dark/Heavy/Large,-ri Ending,nombiɾi,3,1,2,0,8,6,220.0,2.0,2,500.0,2.73,5,h,6,#FFFACD,97.6,-5.4,22.2,"Reflecting voiced consonants and nasal resonance for a vector configuration of Weight 3, Time 1, and Flow 0.",,5,5,5,8,COMPOUND(複合・異種)
のーのー,no-no-,Manner or sound of のーのー: 厚顔な平穏。長音による持続。抵抗の欠如。,Psychomime (State/Manner),Dynamics,Neutral,Unvoiced (Light),Neutral,Reduplication,noːnoː,4,1,1,2,9,5,200.0,1.75,0,200.0,1.18,6,mh,5,#F5F5F5,96.5,-0.0,0.0,"Reflecting nasal resonance and long vowel extension for a vector configuration of Weight 4, Time 1, and Flow 2.",,4,5,6,1,REDUP(畳語・同一)
はあはあ,haahaa,Manner or sound of はあはあ: 呼吸。有気音/h/の連続。高い温度と自由なFlow。,Psychomime (State/Manner),Dynamics,Neutral,Unvoiced (Light),Neutral,Reduplication,haahaa,6,4,2,0,9,7,500.0,4.07,1,8000.0,7.44,4,h,6,#FF4500,57.6,67.8,69.0,"Reflecting fricatives for a vector configuration of Weight 6, Time 4, and Flow 0.",,4,5,6,1,REDUP(畳語・同一)
はきはき,hakihaki,Manner or sound of はきはき: 話し方や actionが明瞭で気持ちよい manner.,Psychomime (State/Manner),Dynamics,Neutral,Unvoiced (Light),Neutral,Reduplication,hakihaki,3,8,9,3,5,2,1200.0,6.29,8,9000.0,7.64,7,h,6,#FFFFFF,100.0,-0.0,0.0,"Reflecting unvoiced plosives and fricatives for a vector configuration of Weight 3, Time 8, and Flow 3.",,4,5,6,1,REDUP(畳語・同一)
はくしょん,hakushon,Manner or sound of はくしょん: くしゃみの爆発。最大のTimeと気圧放出。,Psychomime (State/Manner),Dynamics,Neutral,Unvoiced (Light),Neutral,Reduplication,hakuɕoŋ,7,9,8,7,5,7,450.0,3.81,9,18000.0,8.82,9,h,6,#FFFFFF,100.0,-0.0,0.0,"Reflecting unvoiced plosives and fricatives for a vector configuration of Weight 7, Time 9, and Flow 7.",,5,5,5,8,COMPOUND(複合・異種)
はっきり,hatkiri,Manner or sound of はっきり: 輪郭の解像度。最大のSpaceとFlow抑制。,Psychomime (State/Manner),Dynamics,Neutral,Unvoiced (Light),Neutral,Reduplication,hakkiɾi,4,8,9,8,4,1,800.0,5.26,8,11000.0,7.98,9,0,4,#000000,0.0,0.0,0.0,"Reflecting unvoiced plosives and fricatives for a vector configuration of Weight 4, Time 8, and Flow 8.",,5,5,5,8,COMPOUND(複合・異種)
はっし,hatshi,Manner or sound of はっし: 打撃 or 注視。最大の抑制と時間突発性。,Psychomime (State/Manner),Dynamics,Neutral,Unvoiced (Light),Neutral,Reduplication,haɕɕi,6,9,9,9,3,2,1500.0,6.86,9,14000.0,8.39,9,c,2,#FFFFFF,100.0,-0.0,0.0,"Reflecting fricatives and geminate sokuon (sudden onset) for a vector configuration of Weight 6, Time 9, and Flow 9.",,2,5,0,0,Q(促音単発)
はっと,hatto,Manner or sound of はっと: 覚醒。最大のTimeと内部気圧の上昇。,Psychomime (State/Manner),Dynamics,Neutral,Unvoiced (Light),Neutral,Reduplication,hatto,5,9,8,9,4,4,650.0,4.74,9,12000.0,8.13,9,h,6,#FF0000,53.2,80.1,67.2,"Reflecting unvoiced plosives and fricatives for a vector configuration of Weight 5, Time 9, and Flow 9.",,3,4,0,0,Qto(っと)
はらはら,harahara,Manner or sound of はらはら: 落ち葉が散るさま、危険を見て心を揉む manner.,Psychomime (State/Manner),Dynamics,Neutral,Unvoiced (Light),Neutral,Reduplication,haɾahaɾa,1,5,2,1,9,3,550.0,4.32,4,4500.0,6.47,3,c,2,#FFFFFF,100.0,-0.0,0.0,"Reflecting fricatives and flap consonant /ɾ/ for a vector configuration of Weight 1, Time 5, and Flow 1.",,4,5,6,1,REDUP(畳語・同一)
ばかっ,bakat,Manner or sound of ばかっ: 破裂。有声破裂音による大Weightと遮断。,Psychomime (State/Manner),Dynamics,Neutral,Unvoiced (Light),Neutral,Reduplication,bakaʔ,8,9,9,8,3,3,180.0,1.49,9,16000.0,8.62,9,h,6,#FF0000,53.2,80.1,67.2,"Reflecting voiced consonants and unvoiced plosives for a vector configuration of Weight 8, Time 9, and Flow 8.",,2,5,0,0,Q(促音単発)
ばしっ,bashit,Manner or sound of ばしっ: 打撃。高いHardnessと最大のSpace直接性。,Psychomime (State/Manner),Dynamics,Neutral,Unvoiced (Light),Neutral,Reduplication,baɕiʔ,8,9,9,9,2,2,1200.0,6.29,9,15000.0,8.51,9,h,6,#FFFFFF,100.0,-0.0,0.0,"Reflecting voiced consonants and fricatives for a vector configuration of Weight 8, Time 9, and Flow 9.",,2,5,0,0,Q(促音単発)
ばしゃばしゃ,bashabasha,Manner or sound of ばしゃばしゃ: 散水。最大Moistureと乱流 Re数。,Psychomime (State/Manner),Dynamics,Neutral,Unvoiced (Light),Neutral,Reduplication,baɕabaɕa,6,7,5,2,8,9,400.0,3.51,6,18000.0,8.82,8,mc,3,#4682B4,52.5,-4.1,-32.2,"Reflecting voiced consonants and fricatives for a vector configuration of Weight 6, Time 7, and Flow 2.",,4,5,6,1,REDUP(畳語・同一)
ばたっ,batat,Manner or sound of ばたっ: 倒壊。最大のWeightと突発停止。,Psychomime (State/Manner),Dynamics,Neutral,Unvoiced (Light),Neutral,Reduplication,bataʔ,9,9,9,8,3,4,150.0,1.03,9,19000.0,8.91,9,mc,3,#000000,0.0,0.0,0.0,"Reflecting voiced consonants and unvoiced plosives for a vector configuration of Weight 9, Time 9, and Flow 8.",,2,5,0,0,Q(促音単発)
ばっさり,batsari,Manner or sound of ばっさり: 大胆な切断。高いWeightと空間直接性。,Psychomime (State/Manner),Dynamics,Neutral,Unvoiced (Light),Neutral,Reduplication,bassaɾi,7,8,9,4,7,2,450.0,3.81,8,11000.0,7.98,8,c,2,#FFFFFF,100.0,-0.0,0.0,"Reflecting voiced consonants and fricatives for a vector configuration of Weight 7, Time 8, and Flow 4.",,5,5,5,8,COMPOUND(複合・異種)
ばったばった,battabatta,Manner or sound of ばったばった: 連続的な倒壊。有声性と促音による衝撃の蓄積。,Psychomime (State/Manner),Dynamics,Neutral,Unvoiced (Light),Neutral,Reduplication,battabatta,8,8,8,5,4,4,250.0,2.32,7,14000.0,8.39,7,h,6,#8B4513,37.5,26.4,41.0,"Reflecting voiced consonants and unvoiced plosives for a vector configuration of Weight 8, Time 8, and Flow 5.",,4,5,6,1,REDUP(畳語・同一)
ばったり,battari,Manner or sound of ばったり: 遭遇 or 倒伏。最大の時間性と直接性。,Psychomime (State/Manner),Dynamics,Neutral,Unvoiced (Light),Neutral,Reduplication,battaɾi,8,9,8,8,3,5,200.0,1.75,9,12000.0,8.13,9,mc,3,#000000,0.0,0.0,0.0,"Reflecting voiced consonants and unvoiced plosives for a vector configuration of Weight 8, Time 9, and Flow 8.",,5,5,5,8,COMPOUND(複合・異種)
ばっちり,batchiri,Manner or sound of ばっちり: 完遂。最大のSpaceと抑制。高い適合性。,Psychomime (State/Manner),Dynamics,Neutral,Unvoiced (Light),Neutral,Reduplication,battɕiɾi,6,8,9,9,2,3,800.0,5.26,8,9000.0,7.64,9,h,6,#DAA520,70.8,8.5,68.8,"Reflecting voiced consonants and unvoiced plosives for a vector configuration of Weight 6, Time 8, and Flow 9.",,5,5,5,8,COMPOUND(複合・異種)
ばんばん,banban,Manner or sound of ばんばん: 連続打撃。鼻音による共鳴と強大なWeight。,Psychomime (State/Manner),Dynamics,Neutral,Unvoiced (Light),Neutral,Reduplication,bambaŋ,8,7,9,4,4,5,180.0,1.49,5,13000.0,8.27,9,h,6,#FF0000,53.2,80.1,67.2,"Reflecting voiced consonants and nasal resonance for a vector configuration of Weight 8, Time 7, and Flow 4.",,4,5,6,1,REDUP(畳語・同一)
ぱきぱき,pakipaki,Manner or sound of ぱきぱき: 硬質な破壊。最小のMoistureと高いHardness。,Psychomime (State/Manner),Dynamics,Neutral,Unvoiced (Light),Neutral,Reduplication,pakipaki,3,8,7,8,1,0,2500.0,8.15,8,11000.0,7.98,6,c,2,#FFFFFF,100.0,-0.0,0.0,"Reflecting unvoiced plosives for a vector configuration of Weight 3, Time 8, and Flow 8.",,4,5,6,1,REDUP(畳語・同一)
ぱくぱく,pakupaku,Manner or sound of ぱくぱく: 咀嚼。両唇音の開放と高い時間性。,Psychomime (State/Manner),Taste,Positive,Voiced (Heavy),Bright/Light/Small,Reduplication,pakupaku,3,6,6,4,6,4,600.0,4.54,6,4500.0,6.47,7,mh,5,#FFDAB9,89.4,8.1,21.0,"Reflecting unvoiced plosives for a vector configuration of Weight 3, Time 6, and Flow 4.",,4,5,6,1,REDUP(畳語・同一)
ぱくり,pakuri,Manner or sound of ぱくり: 捕食の完了。弾き音によるSpaceの収束。,Psychomime (State/Manner),Dynamics,Neutral,Unvoiced (Light),Neutral,Reduplication,pakuɾi,4,7,8,5,6,5,500.0,4.07,7,6000.0,6.95,8,mh,5,#FF8C00,69.5,36.8,75.5,"Reflecting unvoiced plosives and flap consonant /ɾ/ for a vector configuration of Weight 4, Time 7, and Flow 5.",,4,6,0,0,RI(り単発)
ぱさぱさ,pasapasa,Manner or sound of ぱさぱさ: 枯渇。最大の流体性と最小のMoisture。,Psychomime (State/Manner),Dynamics,Neutral,Unvoiced (Light),Neutral,Reduplication,pasapasa,1,4,2,3,9,0,1200.0,6.29,5,10000.0,7.82,2,c,2,#D2B48C,75.0,5.0,24.4,"Reflecting unvoiced plosives and fricatives for a vector configuration of Weight 1, Time 4, and Flow 3.",,4,5,6,1,REDUP(畳語・同一)
ぱちくり,pachikuri,Manner or sound of ぱちくり: まばたき。高い時間性と流体的な運動。,Psychomime (State/Manner),Dynamics,Neutral,Unvoiced (Light),Neutral,Reduplication,patɕikuɾi,2,8,6,3,7,3,1500.0,6.86,8,8000.0,7.44,5,h,6,#FFFFFF,100.0,-0.0,0.0,"Reflecting unvoiced plosives and fricatives for a vector configuration of Weight 2, Time 8, and Flow 3.",,5,5,5,8,COMPOUND(複合・異種)
ぱちぱち,pachipachi,Manner or sound of ぱちぱち: 拍手 or 発火。高い周波数とHardness。,Phenomime (Sound),Color/Light,Positive,Semi-voiced (Crisp),Bright/Light/Small,Reduplication,patɕipatɕi,3,8,7,6,3,1,2000.0,7.58,7,13000.0,8.27,7,h,6,#FF4500,57.6,67.8,69.0,"Reflecting unvoiced plosives and fricatives for a vector configuration of Weight 3, Time 8, and Flow 6.",,4,5,6,1,REDUP(畳語・同一)
ぱっちり,patchiri,Manner or sound of ぱっちり: 開眼。最大の空間直接性と抑制。,Psychomime (State/Manner),Dynamics,Neutral,Unvoiced (Light),Neutral,Reduplication,pattɕiɾi,3,8,9,9,4,3,1600.0,7.02,8,10000.0,7.82,9,h,6,#FFFFFF,100.0,-0.0,0.0,"Reflecting unvoiced plosives and fricatives for a vector configuration of Weight 3, Time 8, and Flow 9.",,5,5,5,8,COMPOUND(複合・異種)
ぱらぱら,parapara,Manner or sound of ぱらぱら: 散布。最小Weightと高いRe数。,Phenomime (Sound),Weather/Nature,Neutral,Voiced (Heavy),Bright/Light/Small,Reduplication,paɾapaɾa,1,6,3,1,9,1,900.0,5.56,5,9500.0,7.74,4,mc,3,#FFFFFF,100.0,-0.0,0.0,"Reflecting unvoiced plosives and flap consonant /ɾ/ for a vector configuration of Weight 1, Time 6, and Flow 1.",,4,5,6,1,REDUP(畳語・同一)
ぱりっ,parit,Manner or sound of ぱりっ: 薄い剛体の破壊。最大のHardnessと時間性。,Psychomime (State/Manner),Dynamics,Neutral,Unvoiced (Light),Neutral,Reduplication,paɾiʔ,3,9,9,9,1,0,2800.0,8.44,9,16000.0,8.62,9,c,2,#FFFFFF,100.0,-0.0,0.0,"Reflecting unvoiced plosives and flap consonant /ɾ/ for a vector configuration of Weight 3, Time 9, and Flow 9.",,2,5,0,0,Q(促音単発)
ぱりぱり,paripari,Manner or sound of ぱりぱり: 表面特性。乾燥と高い周波数の連続。,Psychomime (State/Manner),Dynamics,Neutral,Unvoiced (Light),Neutral,Reduplication,paɾipaɾi,3,8,8,8,1,0,2500.0,8.15,7,14000.0,8.39,8,c,2,#CD853F,61.8,21.4,47.9,"Reflecting unvoiced plosives and flap consonant /ɾ/ for a vector configuration of Weight 3, Time 8, and Flow 8.",,4,5,6,1,REDUP(畳語・同一)
ぱー,pa-,Manner or sound of ぱー: 放出。長音による持続。自由なFlow。,Psychomime (State/Manner),Dynamics,Neutral,Unvoiced (Light),Neutral,Reduplication,paː,2,1,1,0,9,3,600.0,4.54,0,2000.0,5.09,1,h,6,#FFD700,86.9,-1.9,87.1,"Reflecting unvoiced plosives and long vowel extension for a vector configuration of Weight 2, Time 1, and Flow 0.",,2,7,7,1,LONG(長音ー)
ひしひし,hishihishi,Manner or sound of ひしひし: 圧力の浸透。高周波摩擦と最大の抑制。,Psychomime (State/Manner),Dynamics,Neutral,Unvoiced (Light),Neutral,Reduplication,çiɕiçiɕi,4,6,7,9,3,4,1800.0,7.32,6,9000.0,7.64,8,c,2,#708090,52.8,-2.1,-10.6,"Reflecting fricatives for a vector configuration of Weight 4, Time 6, and Flow 9.",,4,5,6,1,REDUP(畳語・同一)
ひそひそ,hisohiso,Manner or sound of ひそひそ: 密談。最小Weightと最大の抑制。層流摩擦。,Psychomime (State/Manner),Dynamics,Neutral,Unvoiced (Light),Neutral,Reduplication,çisoçiso,1,5,2,9,9,2,2200.0,7.82,5,4000.0,6.27,3,c,2,#2F4F4F,31.3,-11.7,-3.7,"Reflecting fricatives for a vector configuration of Weight 1, Time 5, and Flow 9.",,4,5,6,1,REDUP(畳語・同一)
ひっそり,hitsori,Manner or sound of ひっそり: 静寂の浸透。低Weightと最大のFlow抑制。,Psychomime (State/Manner),Dynamics,Neutral,Unvoiced (Light),Neutral,Reduplication,çissoɾi,2,2,4,9,9,1,2500.0,8.15,6,500.0,2.73,9,cc,1,#F0F8FF,97.2,-1.3,-4.3,"Reflecting fricatives and flap consonant /ɾ/ for a vector configuration of Weight 2, Time 2, and Flow 9.",,5,5,5,8,COMPOUND(複合・異種)
ひひーん,hihi-n,Manner or sound of ひひーん: 馬の鳴き voice/cry.有気音の持続と高い空間指向性。,Psychomime (State/Manner),Dynamics,Neutral,Unvoiced (Light),Neutral,Reduplication,çiçiːŋ,4,4,7,3,8,5,1400.0,6.68,1,10000.0,7.82,6,h,6,#FFFFFF,100.0,-0.0,0.0,"Reflecting fricatives and nasal resonance for a vector configuration of Weight 4, Time 4, and Flow 3.",,5,5,5,8,COMPOUND(複合・異種)
ひやっ,hiyat,Manner or sound of ひやっ: 冷覚の衝撃。最大のTimeと極寒。,Psychomime (State/Manner),Dynamics,Neutral,Unvoiced (Light),Neutral,Reduplication,çijaʔ,3,9,9,6,9,6,1200.0,6.29,9,15000.0,8.51,9,ccc,0,#E0FFFF,97.9,-9.9,-3.4,"Reflecting fricatives and geminate sokuon (sudden onset) for a vector configuration of Weight 3, Time 9, and Flow 6.",,2,5,0,0,Q(促音単発)
ひゅうひゅう,hyuuhyuu,Manner or sound of ひゅうひゅう: 風の sound.高い流体性と高周波持続 sound.,Psychomime (State/Manner),Dynamics,Neutral,Unvoiced (Light),Neutral,Reduplication,çuuçuu,2,3,5,1,9,3,2200.0,7.82,0,12000.0,8.13,5,c,2,#FFFFFF,100.0,-0.0,0.0,"Reflecting fricatives for a vector configuration of Weight 2, Time 3, and Flow 1.",,4,5,6,1,REDUP(畳語・同一)
ひゅるひゅる,hyuruhyuru,Manner or sound of ひゅるひゅる: 螺旋状流体。乱流 Re数と高い流体性。,Psychomime (State/Manner),Dynamics,Neutral,Unvoiced (Light),Neutral,Reduplication,çuɾuçuɾu,2,5,3,2,9,4,1800.0,7.32,3,9000.0,7.64,6,mc,3,#AFEEEE,90.1,-19.6,-6.4,"Reflecting fricatives and flap consonant /ɾ/ for a vector configuration of Weight 2, Time 5, and Flow 2.",,4,5,6,1,REDUP(畳語・同一)
ひょいひょい,hyoihyoi,Manner or sound of ひょいひょい: 軽快な action。低いWeightと高い時間性。,Psychomime (State/Manner),Dynamics,Neutral,Unvoiced (Light),Neutral,Reduplication,çoiçoi,2,7,4,2,9,3,1000.0,5.83,6,4000.0,6.27,4,h,6,#FFFFFF,100.0,-0.0,0.0,"Reflecting fricatives for a vector configuration of Weight 2, Time 7, and Flow 2.",,4,5,6,1,REDUP(畳語・同一)
ひょっ,hyot,Manner or sound of ひょっ: 偶然 or 出現。最大のTimeとBo数。,Psychomime (State/Manner),Dynamics,Neutral,Unvoiced (Light),Neutral,Reduplication,çoʔ,3,9,8,8,8,2,1100.0,6.07,9,13000.0,8.27,9,h,6,#FFFFFF,100.0,-0.0,0.0,"Reflecting fricatives and geminate sokuon (sudden onset) for a vector configuration of Weight 3, Time 9, and Flow 8.",,2,5,0,0,Q(促音単発)
ひょっこり,hyotkori,Manner or sound of ひょっこり: 予想外の出現。高い時間性と流体的な余韻。,Psychomime (State/Manner),Dynamics,Neutral,Unvoiced (Light),Neutral,Reduplication,çokkoɾi,3,8,6,5,8,3,900.0,5.56,8,7000.0,7.22,8,h,6,#FFFFFF,100.0,-0.0,0.0,"Reflecting unvoiced plosives and fricatives for a vector configuration of Weight 3, Time 8, and Flow 5.",,5,5,5,8,COMPOUND(複合・異種)
ひよひよ,hiyohiyo,Manner or sound of ひよひよ: 雛の鳴 voice/cry.最小Weightと高い流体性。,Psychomime (State/Manner),Dynamics,Neutral,Unvoiced (Light),Neutral,Reduplication,çijoçijo,1,3,2,2,9,6,1300.0,6.49,2,800.0,3.53,2,mh,5,#FFFACD,97.6,-5.4,22.2,"Reflecting fricatives for a vector configuration of Weight 1, Time 3, and Flow 2.",,4,5,6,1,REDUP(畳語・同一)
ひらひら,hirahira,Manner or sound of ひらひら: 二次元の流体運動。低Weightと低いRe数。,Psychomime (State/Manner),Dynamics,Neutral,Unvoiced (Light),Neutral,Reduplication,çiɾaçiɾa,1,4,2,1,9,2,850.0,5.42,4,5000.0,6.65,3,mc,3,#FFFFFF,100.0,-0.0,0.0,"Reflecting fricatives and flap consonant /ɾ/ for a vector configuration of Weight 1, Time 4, and Flow 1.",,4,5,6,1,REDUP(畳語・同一)
ひりひり,hirihiri,Manner or sound of ひりひり: 表面の痛み。高周波摩擦と高い温度感。,Psychomime (State/Manner),Dynamics,Neutral,Unvoiced (Light),Neutral,Reduplication,çiɾiçiɾi,3,6,7,9,5,1,2400.0,8.04,5,14000.0,8.39,7,hh,7,#FF4500,57.6,67.8,69.0,"Reflecting fricatives and flap consonant /ɾ/ for a vector configuration of Weight 3, Time 6, and Flow 9.",,4,5,6,1,REDUP(畳語・同一)
ひんやり,hinyari,Manner or sound of ひんやり: 冷感。鼻音による適度な水分と低い温度。,Psychomime (State/Manner),Temperature,Positive,Unvoiced (Light),Bright/Light/Small,-ri Ending,çiŋjaɾi,3,3,4,6,9,7,750.0,5.1,5,900.0,3.73,8,cc,1,#AFEEEE,90.1,-19.6,-6.4,"Reflecting fricatives and nasal resonance for a vector configuration of Weight 3, Time 3, and Flow 6.",,5,5,5,8,COMPOUND(複合・異種)
ひーひー,hi-hi-,Manner or sound of ひーひー: 悲鳴や喘鳴。抑制されたFlowと高周波。,Psychomime (State/Manner),Dynamics,Neutral,Unvoiced (Light),Neutral,Reduplication,çiːçiː,4,5,4,8,7,6,2200.0,7.82,1,11000.0,7.98,6,h,6,#FFFFFF,100.0,-0.0,0.0,"Reflecting fricatives and long vowel extension for a vector configuration of Weight 4, Time 5, and Flow 8.",,4,5,6,1,REDUP(畳語・同一)
びくびく,bikubiku,Manner or sound of びくびく: 怯え。重いWeightと最大のFlow抑制。,Psychomime (State/Manner),Dynamics,Neutral,Unvoiced (Light),Neutral,Reduplication,bikubiku,6,7,3,9,5,5,400.0,3.51,7,7500.0,7.33,8,c,2,#808080,53.6,-0.0,0.0,"Reflecting voiced consonants and unvoiced plosives for a vector configuration of Weight 6, Time 7, and Flow 9.",,4,5,6,1,REDUP(畳語・同一)
びくり,bikuri,Manner or sound of びくり: 震え。有声音によるWeightと突発時間性。,Psychomime (State/Manner),Dynamics,Neutral,Unvoiced (Light),Neutral,Reduplication,bikuɾi,7,8,8,8,6,4,350.0,3.17,8,9500.0,7.74,9,c,2,#000000,0.0,0.0,0.0,"Reflecting voiced consonants and unvoiced plosives for a vector configuration of Weight 7, Time 8, and Flow 8.",,4,6,0,0,RI(り単発)
びしびし,bishibishi,Manner or sound of びしびし: 容赦ない打撃。最大のSpaceと抑制。,Psychomime (State/Manner),Dynamics,Neutral,Unvoiced (Light),Neutral,Reduplication,biɕibiɕi,7,8,9,9,3,2,1400.0,6.68,7,12000.0,8.13,9,c,2,#000000,0.0,0.0,0.0,"Reflecting voiced consonants and fricatives for a vector configuration of Weight 7, Time 8, and Flow 9.",,4,5,6,1,REDUP(畳語・同一)
びしゃびしゃ,bishabisha,Manner or sound of びしゃびしゃ: 浸水。濁音のWeightと最大Moisture。,Psychomime (State/Manner),Dynamics,Neutral,Unvoiced (Light),Neutral,Reduplication,biɕabiɕa,6,5,3,3,8,9,220.0,2.0,4,18000.0,8.82,9,mc,3,#0000CD,25.0,67.2,-91.5,"Reflecting voiced consonants and fricatives for a vector configuration of Weight 6, Time 5, and Flow 3.",,4,5,6,1,REDUP(畳語・同一)
びしょびしょ,bishobisho,Manner or sound of びしょびしょ: 飽和。より重いWeightと水分保持物理。,Psychomime (State/Manner),Dynamics,Neutral,Unvoiced (Light),Neutral,Reduplication,biɕobiɕo,7,4,2,4,8,9,180.0,1.49,2,17000.0,8.72,9,mc,3,#000080,13.0,47.5,-64.7,"Reflecting voiced consonants and fricatives for a vector configuration of Weight 7, Time 4, and Flow 4.",,4,5,6,1,REDUP(畳語・同一)
びっしょり,bitshori,Manner or sound of びっしょり: 完液。抑制されたFlowと鼻音的共鳴。,Psychomime (State/Manner),Dynamics,Neutral,Unvoiced (Light),Neutral,Reduplication,biɕɕoɾi,6,5,4,7,7,9,250.0,2.32,7,3000.0,5.78,9,mh,5,#191970,15.9,31.7,-49.6,"Reflecting voiced consonants and fricatives for a vector configuration of Weight 6, Time 5, and Flow 7.",,5,5,5,8,COMPOUND(複合・異種)
びっしり,bitshiri,Manner or sound of びっしり: 隙間のない充填。最大のSpaceと抑制。,Psychomime (State/Manner),Dynamics,Neutral,Unvoiced (Light),Neutral,Reduplication,biɕɕiɾi,7,4,9,9,3,3,1200.0,6.29,8,8500.0,7.55,9,c,2,#708090,52.8,-2.1,-10.6,"Reflecting voiced consonants and fricatives for a vector configuration of Weight 7, Time 4, and Flow 9.",,5,5,5,8,COMPOUND(複合・異種)
びゅんびゅん,byunbyun,Manner or sound of びゅんびゅん: 高速飛行。強大なWeightと空間直接性。,Psychomime (State/Manner),Dynamics,Neutral,Unvoiced (Light),Neutral,Reduplication,bjumbjuŋ,7,7,9,3,8,4,350.0,3.17,4,15000.0,8.51,8,h,6,#1E90FF,59.4,10.0,-63.4,"Reflecting voiced consonants and nasal resonance for a vector configuration of Weight 7, Time 7, and Flow 3.",,4,5,6,1,REDUP(畳語・同一)
ぴかっ,pikat,Manner or sound of ぴかっ: 閃光。最大のTimeと気圧放出。,Psychomime (State/Manner),Dynamics,Neutral,Unvoiced (Light),Neutral,Reduplication,pikaʔ,4,9,9,2,9,1,2800.0,8.44,9,20000.0,9.0,9,h,6,#FFFFFF,100.0,-0.0,0.0,"Reflecting unvoiced plosives and geminate sokuon (sudden onset) for a vector configuration of Weight 4, Time 9, and Flow 2.",,2,5,0,0,Q(促音単発)
ぴかぴか,pikapika,Manner or sound of ぴかぴか: 輝いて光を放つ manner.,Psychomime (State/Manner),Color/Light,Positive,Semi-voiced (Crisp),Bright/Light/Small,Reduplication,pikapika,3,6,6,0,9,1,2500.0,8.15,4,18000.0,8.82,5,h,6,#FFD700,86.9,-1.9,87.1,"Reflecting unvoiced plosives for a vector configuration of Weight 3, Time 6, and Flow 0.",,4,5,6,1,REDUP(畳語・同一)
ぴかり,pikari,Manner or sound of ぴかり: 単発の光輝。弾き音による空間の収束。,Psychomime (State/Manner),Dynamics,Neutral,Unvoiced (Light),Neutral,Reduplication,pikaɾi,3,7,8,3,9,2,2200.0,7.82,6,14000.0,8.39,7,h,6,#FFFACD,97.6,-5.4,22.2,"Reflecting unvoiced plosives and flap consonant /ɾ/ for a vector configuration of Weight 3, Time 7, and Flow 3.",,4,6,0,0,RI(り単発)
ぴたっ,pitat,Manner or sound of ぴたっ: 吸着停止。最大の抑制と時間性。,Psychomime (State/Manner),Dynamics,Neutral,Unvoiced (Light),Neutral,Reduplication,pitaʔ,4,9,9,9,5,6,450.0,3.81,9,15000.0,8.51,9,mh,5,#FFFFFF,100.0,-0.0,0.0,"Reflecting unvoiced plosives and geminate sokuon (sudden onset) for a vector configuration of Weight 4, Time 9, and Flow 9.",,2,5,0,0,Q(促音単発)
ぴたり,pitari,Manner or sound of ぴたり: 精密適合。最大のSpace直接性と抑制。,Psychomime (State/Manner),Dynamics,Neutral,Unvoiced (Light),Neutral,Reduplication,pitaɾi,4,8,9,9,6,7,500.0,4.07,8,11000.0,7.98,9,h,6,#FFFFFF,100.0,-0.0,0.0,"Reflecting unvoiced plosives and flap consonant /ɾ/ for a vector configuration of Weight 4, Time 8, and Flow 9.",,4,6,0,0,RI(り単発)
ぴちぴち,pichipichi,Manner or sound of ぴちぴち: 活き。高い時間性と水分。,Psychomime (State/Manner),Dynamics,Positive,Semi-voiced (Crisp),Bright/Light/Small,Reduplication,pitɕipitɕi,3,8,7,5,4,8,1800.0,7.32,7,13000.0,8.27,8,mh,5,#87CEEB,79.2,-14.8,-21.3,"Reflecting unvoiced plosives and fricatives for a vector configuration of Weight 3, Time 8, and Flow 5.",,4,5,6,1,REDUP(畳語・同一)
ぴったり,pittari,Manner or sound of ぴったり: 隙間なく密着・一致する manner.,Psychomime (State/Manner),Density/Distance,Positive,Semi-voiced (Crisp),Bright/Light/Small,-ri Ending,pittaɾi,5,8,9,9,3,5,650.0,4.74,8,9500.0,7.74,9,h,6,#FFFFFF,100.0,-0.0,0.0,"Reflecting unvoiced plosives and flap consonant /ɾ/ for a vector configuration of Weight 5, Time 8, and Flow 9.",,5,5,5,8,COMPOUND(複合・異種)
ぴょん,pyon,Manner or sound of ぴょん: 飛躍。鼻音の反動による高い時間性。,Psychomime (State/Manner),Dynamics,Neutral,Unvoiced (Light),Neutral,Reduplication,pjoŋ,3,8,8,4,8,3,800.0,5.26,8,7000.0,7.22,8,h,6,#FFFFFF,100.0,-0.0,0.0,"Reflecting unvoiced plosives and nasal resonance for a vector configuration of Weight 3, Time 8, and Flow 4.",,3,6,0,0,N(撥音単発)
ぴょんぴょん,pyonpyon,Manner or sound of ぴょんぴょん: 連続飛躍。低いWeightと流体運動。,Psychomime (State/Manner),Dynamics,Neutral,Unvoiced (Light),Neutral,Reduplication,pjompjoŋ,2,7,6,2,8,4,750.0,5.1,5,6000.0,6.95,7,h,6,#FFFFFF,100.0,-0.0,0.0,"Reflecting unvoiced plosives and nasal resonance for a vector configuration of Weight 2, Time 7, and Flow 2.",,4,5,6,1,REDUP(畳語・同一)
ぴりっ,pirit,Manner or sound of ぴりっ: 辛味や静電気。最大のTimeと高周波。,Psychomime (State/Manner),Dynamics,Neutral,Unvoiced (Light),Neutral,Reduplication,piɾiʔ,3,9,9,9,4,1,2600.0,8.25,9,17000.0,8.72,9,h,6,#FF4500,57.6,67.8,69.0,"Reflecting unvoiced plosives and flap consonant /ɾ/ for a vector configuration of Weight 3, Time 9, and Flow 9.",,2,5,0,0,Q(促音単発)
ぴりぴり,piripiri,Manner or sound of ぴりぴり: 緊張の浸透。最大のFlow抑制と熱感。,Psychomime (State/Manner),Dynamics,Neutral,Unvoiced (Light),Neutral,Reduplication,piɾipiɾi,4,6,7,9,5,1,2400.0,8.04,6,15000.0,8.51,8,hh,7,#FF0000,53.2,80.1,67.2,"Reflecting unvoiced plosives and flap consonant /ɾ/ for a vector configuration of Weight 4, Time 6, and Flow 9.",,4,5,6,1,REDUP(畳語・同一)
ぴん,pin,Manner or sound of ぴん: 緊張の極み。最大のSpace直接性とBo数。,Psychomime (State/Manner),Dynamics,Neutral,Unvoiced (Light),Neutral,Reduplication,piŋ,3,7,9,8,4,2,1200.0,6.29,7,10000.0,7.82,9,c,2,#FFFFFF,100.0,-0.0,0.0,"Reflecting unvoiced plosives and nasal resonance for a vector configuration of Weight 3, Time 7, and Flow 8.",,3,6,0,0,N(撥音単発)
ぴんぴん,pinpin,Manner or sound of ぴんぴん: 活力。高い空間指向性と時間性。,Psychomime (State/Manner),Dynamics,Neutral,Unvoiced (Light),Neutral,Reduplication,pimpiŋ,3,6,8,4,5,3,1100.0,6.07,5,8000.0,7.44,8,h,6,#ADFF2F,92.0,-52.5,81.9,"Reflecting unvoiced plosives and nasal resonance for a vector configuration of Weight 3, Time 6, and Flow 4.",,4,5,6,1,REDUP(畳語・同一)
ぴーちく,pi-chiku,Manner or sound of ぴーちく: 鳥の囀り。長音による流体性と高周波。,Psychomime (State/Manner),Dynamics,Neutral,Unvoiced (Light),Neutral,Reduplication,piːtɕiku,2,5,5,3,8,4,3000.0,8.61,2,11000.0,7.98,4,h,6,#FFFFE0,99.3,-5.1,14.8,"Reflecting unvoiced plosives and fricatives for a vector configuration of Weight 2, Time 5, and Flow 3.",,5,5,5,8,COMPOUND(複合・異種)
ぴーぴー,pi-pi-,Manner or sound of ぴーぴー: 電子音や泣き voice/cry.高い流体性と指向性。,Psychomime (State/Manner),Dynamics,Neutral,Unvoiced (Light),Neutral,Reduplication,piːpiː,2,2,6,4,9,3,2800.0,8.44,0,13000.0,8.27,5,h,6,#FFFFFF,100.0,-0.0,0.0,"Reflecting unvoiced plosives and long vowel extension for a vector configuration of Weight 2, Time 2, and Flow 4.",,4,5,6,1,REDUP(畳語・同一)
ふうふう,fuufuu,Manner or sound of ふうふう: 冷却 or 喘鳴。摩擦音/ɸ/と自由Flow。,Psychomime (State/Manner),Dynamics,Neutral,Unvoiced (Light),Neutral,Reduplication,ɸuuɸuu,4,2,2,0,9,7,450.0,3.81,1,7000.0,7.22,5,h,6,#FFD700,86.9,-1.9,87.1,"Reflecting fricatives for a vector configuration of Weight 4, Time 2, and Flow 0.",,4,5,6,1,REDUP(畳語・同一)
ふかふか,fukafuka,Manner or sound of ふかふか: 柔らかくて心地よい弾力がある manner.,Psychomime (State/Manner),Texture,Positive,Voiced (Heavy),Dark/Heavy/Large,Reduplication,ɸukaɸuka,2,2,2,1,8,3,350.0,3.17,3,400.0,2.35,3,mh,5,#FFF5EE,97.1,2.2,4.6,"Reflecting unvoiced plosives and fricatives for a vector configuration of Weight 2, Time 2, and Flow 1.",,4,5,6,1,REDUP(畳語・同一)
ふさふさ,fusafusa,Manner or sound of ふさふさ: 毛髪。最小Weightと自由な流体運動。,Psychomime (State/Manner),Dynamics,Neutral,Unvoiced (Light),Neutral,Reduplication,ɸusaɸusa,1,3,1,2,9,2,800.0,5.26,2,2000.0,5.09,2,mh,5,#F5F5F5,96.5,-0.0,0.0,"Reflecting fricatives for a vector configuration of Weight 1, Time 3, and Flow 2.",,4,5,6,1,REDUP(畳語・同一)
ふっくら,futkura,Manner or sound of ふっくら: 膨らみ。適度な抑制とBo数。,Psychomime (State/Manner),Dynamics,Neutral,Unvoiced (Light),Neutral,Reduplication,ɸukkuɾa,3,3,4,5,7,5,300.0,2.78,6,800.0,3.53,6,mh,5,#FFE4E1,92.7,8.7,4.8,"Reflecting unvoiced plosives and fricatives for a vector configuration of Weight 3, Time 3, and Flow 5.",,5,5,5,8,COMPOUND(複合・異種)
ふっと,futto,Manner or sound of ふっと: 吐息や消失。最大のTimeと流体性。,Psychomime (State/Manner),Dynamics,Neutral,Unvoiced (Light),Neutral,Reduplication,ɸutto,3,9,8,6,9,1,600.0,4.54,9,12000.0,8.13,9,h,6,#FFFFFF,100.0,-0.0,0.0,"Reflecting unvoiced plosives and fricatives for a vector configuration of Weight 3, Time 9, and Flow 6.",,3,4,0,0,Qto(っと)
ふっふっ,futfut,Manner or sound of ふっふっ: 抑制された吐息。高い時間性と流体性。,Psychomime (State/Manner),Dynamics,Neutral,Unvoiced (Light),Neutral,Reduplication,ɸuɸɸuʔ,2,9,5,7,9,4,500.0,4.07,9,8000.0,7.44,8,h,6,#FFFFFF,100.0,-0.0,0.0,"Reflecting fricatives and geminate sokuon (sudden onset) for a vector configuration of Weight 2, Time 9, and Flow 7.",,4,5,6,1,REDUP(畳語・同一)
ふつふつ,futsufutsu,Manner or sound of ふつふつ: 沸き上がる。最大の抑制とBo数。,Psychomime (State/Manner),Dynamics,Neutral,Unvoiced (Light),Neutral,Reduplication,ɸutsuɸutsu,4,6,6,9,6,8,280.0,2.61,5,2500.0,5.47,9,hh,7,#FF4500,57.6,67.8,69.0,"Reflecting unvoiced plosives and fricatives for a vector configuration of Weight 4, Time 6, and Flow 9.",,4,5,6,1,REDUP(畳語・同一)
ふと,futo,Manner or sound of ふと: 瞬間的想起。高い時間性と流体性。,Psychomime (State/Manner),Dynamics,Neutral,Unvoiced (Light),Neutral,Reduplication,ɸuto,2,8,4,3,9,2,450.0,3.81,8,9000.0,7.64,8,h,6,#FFFFFF,100.0,-0.0,0.0,"Reflecting unvoiced plosives and fricatives for a vector configuration of Weight 2, Time 8, and Flow 3.",,3,5,0,0,OTHER(単発)
ふにゃふにゃ,funyafunya,Manner or sound of ふにゃふにゃ: 骨抜き。最小Weightと最大Moisture。,Psychomime (State/Manner),Dynamics,Neutral,Unvoiced (Light),Neutral,Reduplication,ɸuɲaɸuɲa,1,2,1,1,9,9,200.0,1.75,2,300.0,1.87,9,mh,5,#F5DEB3,89.4,1.5,24.0,"Reflecting fricatives and nasal resonance for a vector configuration of Weight 1, Time 2, and Flow 1.",,4,5,6,1,REDUP(畳語・同一)
ふらふら,furafura,Manner or sound of ふらふら: 目眩。高い流体性と不定形なSpace。,Psychomime (State/Manner),Human Body/Physiology,Negative,Unvoiced (Light),Bright/Light/Small,Reduplication,ɸuɾaɸuɾa,2,4,2,2,9,4,320.0,2.94,4,3500.0,6.04,4,mc,3,#FFFFFF,100.0,-0.0,0.0,"Reflecting fricatives and flap consonant /ɾ/ for a vector configuration of Weight 2, Time 4, and Flow 2.",,4,5,6,1,REDUP(畳語・同一)
ふわふわ,fuwafuwa,Manner or sound of ふわふわ: 空中に浮遊するさま、柔らかい manner.,Psychomime (State/Manner),Texture,Positive,Unvoiced (Light),Bright/Light/Small,Reduplication,ɸuwaɸuwa,1,1,1,0,9,2,300.0,2.78,1,100.0,0.0,1,mh,5,#F5F5F5,96.5,-0.0,0.0,"Reflecting fricatives for a vector configuration of Weight 1, Time 1, and Flow 0.",,4,5,6,1,REDUP(畳語・同一)
ふん,fun,Manner or sound of ふん: 鼻息。高い抑制と空間指向性。,Psychomime (State/Manner),Dynamics,Neutral,Unvoiced (Light),Neutral,Reduplication,ɸuŋ,4,6,7,8,5,4,220.0,2.0,7,3000.0,5.78,8,h,6,#8B0000,28.1,51.0,41.3,"Reflecting fricatives and nasal resonance for a vector configuration of Weight 4, Time 6, and Flow 8.",,3,6,0,0,N(撥音単発)
ふんわり,funwari,Manner or sound of ふんわり: 柔らかな着地。最小Weightと自由Flow。,Psychomime (State/Manner),Dynamics,Neutral,Unvoiced (Light),Neutral,Reduplication,ɸuŋwaɾi,2,2,3,0,9,4,280.0,2.61,2,400.0,2.35,3,mh,5,#FFFACD,97.6,-5.4,22.2,"Reflecting fricatives and nasal resonance for a vector configuration of Weight 2, Time 2, and Flow 0.",,5,5,5,8,COMPOUND(複合・異種)
ぶうぶう,buubuu,Manner or sound of ぶうぶう: 不満。有声音の持続。乱流摩擦。,Psychomime (State/Manner),Dynamics,Neutral,Unvoiced (Light),Neutral,Reduplication,buubuu,6,2,4,1,7,7,180.0,1.49,0,1500.0,4.6,7,mc,3,#556B2F,42.2,-18.8,30.6,"Reflecting voiced consonants for a vector configuration of Weight 6, Time 2, and Flow 1.",,4,5,6,1,REDUP(畳語・同一)
ぶかぶか,bukabuka,Manner or sound of ぶかぶか: 過大な空間。低い粘性と流体運動。,Psychomime (State/Manner),Dynamics,Neutral,Unvoiced (Light),Neutral,Reduplication,bukabuka,4,4,2,2,8,3,250.0,2.32,4,4000.0,6.27,5,0,4,#D2B48C,75.0,5.0,24.4,"Reflecting voiced consonants and unvoiced plosives for a vector configuration of Weight 4, Time 4, and Flow 2.",,4,5,6,1,REDUP(畳語・同一)
ぶくぶく,bukubuku,Manner or sound of ぶくぶく: 泡。最大Moistureと内部気圧。,Psychomime (State/Manner),Dynamics,Neutral,Unvoiced (Light),Neutral,Reduplication,bukubuku,7,4,3,5,7,9,140.0,0.85,5,2000.0,5.09,9,mc,3,#0000FF,32.3,79.2,-107.9,"Reflecting voiced consonants and unvoiced plosives for a vector configuration of Weight 7, Time 4, and Flow 5.",,4,5,6,1,REDUP(畳語・同一)
ぶすっ,busut,Manner or sound of ぶすっ: 刺入。最大のWeight、直接性、抑制。,Psychomime (State/Manner),Dynamics,Neutral,Unvoiced (Light),Neutral,Reduplication,busuʔ,7,9,9,9,4,5,400.0,3.51,9,14000.0,8.39,9,mc,3,#000000,0.0,0.0,0.0,"Reflecting voiced consonants and fricatives for a vector configuration of Weight 7, Time 9, and Flow 9.",,2,5,0,0,Q(促音単発)
ぶつくさ,butsukusa,Manner or sound of ぶつくさ: 独り言。高い抑制と乱流。,Psychomime (State/Manner),Dynamics,Neutral,Unvoiced (Light),Neutral,Reduplication,butsukusa,5,6,5,8,6,4,380.0,3.38,6,5000.0,6.65,6,c,2,#708090,52.8,-2.1,-10.6,"Reflecting voiced consonants and unvoiced plosives for a vector configuration of Weight 5, Time 6, and Flow 8.",,5,5,5,8,COMPOUND(複合・異種)
ぶらぶら,burabura,Manner or sound of ぶらぶら: ぶら下がって揺れるさま、散歩する manner.,Psychomime (State/Manner),Dynamics,Neutral,Unvoiced (Light),Neutral,Reduplication,buɾabuɾa,5,3,2,1,8,5,280.0,2.61,3,3500.0,6.04,6,mc,3,#8B4513,37.5,26.4,41.0,"Reflecting voiced consonants and flap consonant /ɾ/ for a vector configuration of Weight 5, Time 3, and Flow 1.",,4,5,6,1,REDUP(畳語・同一)
ぶらり,burari,Manner or sound of ぶらり: 無計画。高い流体性と弾き音の余韻。,Psychomime (State/Manner),Dynamics,Neutral,Unvoiced (Light),Neutral,Reduplication,buɾaɾi,4,6,6,4,8,4,320.0,2.94,6,4000.0,6.27,5,mc,3,#A0522D,43.8,29.3,35.6,"Reflecting voiced consonants and flap consonant /ɾ/ for a vector configuration of Weight 4, Time 6, and Flow 4.",,4,6,0,0,RI(り単発)
ぶりしゃり,burishari,Manner or sound of ぶりしゃり: 結晶質な食感。高いHardnessと抑制。,Psychomime (State/Manner),Dynamics,Neutral,Unvoiced (Light),Neutral,Reduplication,buɾiɕaɾi,7,8,8,8,3,4,550.0,4.32,7,11000.0,7.98,7,c,2,#FFFFFF,100.0,-0.0,0.0,"Reflecting voiced consonants and fricatives for a vector configuration of Weight 7, Time 8, and Flow 8.",,5,5,5,8,COMPOUND(複合・異種)
ぶるぶる,buruburu,Manner or sound of ぶるぶる: 震え。有声音のWeightと極寒。,Psychomime (State/Manner),Dynamics,Neutral,Unvoiced (Light),Neutral,Reduplication,buɾubuɾu,7,7,4,9,5,5,200.0,1.75,7,9000.0,7.64,8,ccc,0,#0000FF,32.3,79.2,-107.9,"Reflecting voiced consonants and flap consonant /ɾ/ for a vector configuration of Weight 7, Time 7, and Flow 9.",,4,5,6,1,REDUP(畳語・同一)
ぶわぶわ,buwabuwa,Manner or sound of ぶわぶわ: 膨張。高い流体性と適度なWeight。,Psychomime (State/Manner),Dynamics,Neutral,Unvoiced (Light),Neutral,Reduplication,buwabuwa,6,4,2,2,9,6,220.0,2.0,2,6000.0,6.95,7,h,6,#FF8C00,69.5,36.8,75.5,"Reflecting voiced consonants for a vector configuration of Weight 6, Time 4, and Flow 2.",,4,5,6,1,REDUP(畳語・同一)
ぶんぶん,bunbun,Manner or sound of ぶんぶん: 蜂や旋回。最大のSpace直接性とWeight。,Psychomime (State/Manner),Dynamics,Neutral,Unvoiced (Light),Neutral,Reduplication,bumbuŋ,7,6,9,3,8,4,180.0,1.49,4,16000.0,8.62,9,h,6,#191970,15.9,31.7,-49.6,"Reflecting voiced consonants and nasal resonance for a vector configuration of Weight 7, Time 6, and Flow 3.",,4,5,6,1,REDUP(畳語・同一)
ぶーぶー,bu-bu-,Manner or sound of ぶーぶー: 警笛や不満。持続的乱流。,Psychomime (State/Manner),Dynamics,Neutral,Unvoiced (Light),Neutral,Reduplication,buːbuː,6,2,5,2,7,7,160.0,1.19,0,1200.0,4.22,8,c,2,#8B0000,28.1,51.0,41.3,"Reflecting voiced consonants and long vowel extension for a vector configuration of Weight 6, Time 2, and Flow 2.",,4,5,6,1,REDUP(畳語・同一)
ぷい,pui,Manner or sound of ぷい: 横を向く。高い時間性と指向性。,Psychomime (State/Manner),Dynamics,Neutral,Unvoiced (Light),Neutral,Reduplication,pui,3,8,8,6,8,4,600.0,4.54,8,9000.0,7.64,7,h,6,#FFFFFF,100.0,-0.0,0.0,"Reflecting unvoiced plosives for a vector configuration of Weight 3, Time 8, and Flow 6.",,3,5,0,0,OTHER(単発)
ぷかぷか,pukapuka,Manner or sound of ぷかぷか: 浮遊。最小Weightと高い流体性。,Psychomime (State/Manner),Dynamics,Neutral,Unvoiced (Light),Neutral,Reduplication,pukapuka,2,3,2,1,9,3,450.0,3.81,3,100.0,0.0,3,mh,5,#F0FFFF,98.9,-4.9,-1.7,"Reflecting unvoiced plosives for a vector configuration of Weight 2, Time 3, and Flow 1.",,4,5,6,1,REDUP(畳語・同一)
ぷくっ,pukut,Manner or sound of ぷくっ: 膨張の破裂。最大のTimeとBo数。,Psychomime (State/Manner),Dynamics,Neutral,Unvoiced (Light),Neutral,Reduplication,pukuʔ,4,9,9,8,7,7,350.0,3.17,9,15000.0,8.51,9,mh,5,#FFB6C1,81.1,28.0,5.0,"Reflecting unvoiced plosives and geminate sokuon (sudden onset) for a vector configuration of Weight 4, Time 9, and Flow 8.",,2,5,0,0,Q(促音単発)
ぷよぷよ,puyopuyo,Manner or sound of ぷよぷよ: 弾性流体。最大Moistureと自由Flow。,Psychomime (State/Manner),Dynamics,Neutral,Unvoiced (Light),Neutral,Reduplication,pujopujo,3,2,1,4,9,9,220.0,2.0,2,500.0,2.73,9,mh,5,#FF69B4,65.5,64.2,-10.6,"Reflecting unvoiced plosives for a vector configuration of Weight 3, Time 2, and Flow 4.",,4,5,6,1,REDUP(畳語・同一)
ぷりぷり,puripuri,Manner or sound of ぷりぷり: 弾力 or 怒り。高い抑制とMoisture。,Psychomime (State/Manner),Dynamics,Neutral,Unvoiced (Light),Neutral,Reduplication,puɾipuɾi,4,7,7,7,6,8,550.0,4.32,6,4000.0,6.27,8,h,6,#FF1493,56.0,84.5,-5.7,"Reflecting unvoiced plosives and flap consonant /ɾ/ for a vector configuration of Weight 4, Time 7, and Flow 7.",,4,5,6,1,REDUP(畳語・同一)
ぷんぷん,punpun,Manner or sound of ぷんぷん: 激怒。最大のFlow抑制と高温度。,Psychomime (State/Manner),Dynamics,Neutral,Unvoiced (Light),Neutral,Reduplication,pumpuŋ,5,6,8,9,5,6,400.0,3.51,5,9000.0,7.64,9,hh,7,#FF0000,53.2,80.1,67.2,"Reflecting unvoiced plosives and nasal resonance for a vector configuration of Weight 5, Time 6, and Flow 9.",,4,5,6,1,REDUP(畳語・同一)
へたへた,hetaheta,Manner or sound of へたへた: 疲弊。重いWeightと低いSpace。,Psychomime (State/Manner),Dynamics,Neutral,Unvoiced (Light),Neutral,Reduplication,hetaheta,5,3,1,4,8,6,250.0,2.32,5,500.0,2.73,5,mc,3,#708090,52.8,-2.1,-10.6,"Reflecting unvoiced plosives and fricatives for a vector configuration of Weight 5, Time 3, and Flow 4.",,4,5,6,1,REDUP(畳語・同一)
へとへと,hetoheto,Manner or sound of へとへと: 限界疲労。最大のWeightと抑制。,Psychomime (State/Manner),Dynamics,Neutral,Unvoiced (Light),Neutral,Reduplication,hetoheto,7,2,1,6,7,7,200.0,1.75,6,300.0,1.87,6,c,2,#2F4F4F,31.3,-11.7,-3.7,"Reflecting unvoiced plosives and fricatives for a vector configuration of Weight 7, Time 2, and Flow 6.",,4,5,6,1,REDUP(畳語・同一)
へどもど,hedomodo,Manner or sound of へどもど: 狼狽。低いSpaceと不規則なTime。,Psychomime (State/Manner),Dynamics,Neutral,Unvoiced (Light),Neutral,Reduplication,hedomodo,4,7,3,7,6,5,380.0,3.38,7,6000.0,6.95,6,h,6,#BDB76B,73.4,-8.8,39.3,"Reflecting voiced consonants and fricatives for a vector configuration of Weight 4, Time 7, and Flow 7.",,5,5,5,8,COMPOUND(複合・異種)
へなへな,henahena,Manner or sound of へなへな: 腰砕け。最小Weightと高い流体性。,Psychomime (State/Manner),Dynamics,Neutral,Unvoiced (Light),Neutral,Reduplication,henahena,1,2,1,1,9,7,220.0,2.0,2,400.0,2.35,6,mh,5,#F5F5DC,95.9,-4.2,12.0,"Reflecting fricatives and nasal resonance for a vector configuration of Weight 1, Time 2, and Flow 1.",,4,5,6,1,REDUP(畳語・同一)
へらへら,herahera,Manner or sound of へらへら: 軽薄。最小Weightと自由なFlow。,Psychomime (State/Manner),Dynamics,Neutral,Unvoiced (Light),Neutral,Reduplication,heɾaheɾa,1,5,3,0,9,4,600.0,4.54,3,3000.0,5.78,3,h,6,#FFFFE0,99.3,-5.1,14.8,"Reflecting fricatives and flap consonant /ɾ/ for a vector configuration of Weight 1, Time 5, and Flow 0.",,4,5,6,1,REDUP(畳語・同一)
べたべた,betabeta,Manner or sound of べたべた: 粘着。濁音のWeightと最大の抑制。,Psychomime (State/Manner),Dynamics,Neutral,Unvoiced (Light),Neutral,Reduplication,betabeta,6,3,2,9,4,9,200.0,1.75,4,1200.0,4.22,9,mc,3,#8B4513,37.5,26.4,41.0,"Reflecting voiced consonants and unvoiced plosives for a vector configuration of Weight 6, Time 3, and Flow 9.",,4,5,6,1,REDUP(畳語・同一)
べったり,bettari,Manner or sound of べったり: 全面密着。最大の抑制とMoisture。,Psychomime (State/Manner),Dynamics,Neutral,Unvoiced (Light),Neutral,Reduplication,bettaɾi,7,2,5,9,3,9,180.0,1.49,7,900.0,3.73,9,mc,3,#556B2F,42.2,-18.8,30.6,"Reflecting voiced consonants and unvoiced plosives for a vector configuration of Weight 7, Time 2, and Flow 9.",,5,5,5,8,COMPOUND(複合・異種)
べとべと,betobeto,Manner or sound of べとべと: 高粘性。低いTimeと水分量。,Psychomime (State/Manner),Dynamics,Neutral,Unvoiced (Light),Neutral,Reduplication,betobeto,7,2,1,8,5,9,150.0,1.03,3,1000.0,3.91,9,mc,3,#4B3621,24.5,6.4,16.8,"Reflecting voiced consonants and unvoiced plosives for a vector configuration of Weight 7, Time 2, and Flow 8.",,4,5,6,1,REDUP(畳語・同一)
べらべら,berabera,Manner or sound of べらべら: 饒舌。乱流Re数と自由なFlow。,Psychomime (State/Manner),Dynamics,Neutral,Unvoiced (Light),Neutral,Reduplication,beɾabeɾa,5,6,5,1,8,4,450.0,3.81,4,14000.0,8.39,6,h,6,#FF8C00,69.5,36.8,75.5,"Reflecting voiced consonants and flap consonant /ɾ/ for a vector configuration of Weight 5, Time 6, and Flow 1.",,4,5,6,1,REDUP(畳語・同一)
ぺこぺこ,pekopeko,Manner or sound of ぺこぺこ: 卑屈 or 空腹。周期的な抑制。,Psychomime (State/Manner),Human Body/Physiology,Negative,Semi-voiced (Crisp),Bright/Light/Small,Reduplication,pekopeko,3,7,5,3,6,3,500.0,4.07,6,5000.0,6.65,5,h,6,#FFD700,86.9,-1.9,87.1,"Reflecting unvoiced plosives for a vector configuration of Weight 3, Time 7, and Flow 3.",,4,5,6,1,REDUP(畳語・同一)
ぺしゃり,peshari,Manner or sound of ぺしゃり: 圧壊。単発の流体変形と完了感。,Psychomime (State/Manner),Dynamics,Neutral,Unvoiced (Light),Neutral,Reduplication,peɕaɾi,5,8,7,6,7,8,350.0,3.17,8,9000.0,7.64,8,mc,3,#808080,53.6,-0.0,0.0,"Reflecting unvoiced plosives and fricatives for a vector configuration of Weight 5, Time 8, and Flow 6.",,4,6,0,0,RI(り単発)
ぺちゃくちゃ,pechakucha,Manner or sound of ぺちゃくちゃ: 雑談。最大Moistureと乱流。,Psychomime (State/Manner),Dynamics,Neutral,Unvoiced (Light),Neutral,Reduplication,petɕakutɕa,3,6,4,2,7,9,450.0,3.81,5,15000.0,8.51,9,h,6,#FF69B4,65.5,64.2,-10.6,"Reflecting unvoiced plosives and fricatives for a vector configuration of Weight 3, Time 6, and Flow 2.",,5,5,5,8,COMPOUND(複合・異種)
ぺちゃんこ,pechanko,Manner or sound of ぺちゃんこ: 圧壊 condition/state。高い抑制と変形。,Psychomime (State/Manner),Dynamics,Neutral,Unvoiced (Light),Neutral,Reduplication,petɕaŋko,6,8,5,8,5,8,280.0,2.61,8,3000.0,5.78,9,mc,3,#708090,52.8,-2.1,-10.6,"Reflecting unvoiced plosives and fricatives for a vector configuration of Weight 6, Time 8, and Flow 8.",,5,5,5,8,COMPOUND(複合・異種)
ぺったんぺったん,pettanpettan,Manner or sound of ぺったんぺったん: 搗餅運動。高いBo数と抑制。,Psychomime (State/Manner),Dynamics,Neutral,Unvoiced (Light),Neutral,Reduplication,pettampettaŋ,6,7,8,7,4,8,220.0,2.0,7,11000.0,7.98,9,mh,5,#FFFFFF,100.0,-0.0,0.0,"Reflecting unvoiced plosives and nasal resonance for a vector configuration of Weight 6, Time 7, and Flow 7.",,4,5,6,1,REDUP(畳語・同一)
ぺりぺり,periperi,Manner or sound of ぺりぺり: 剥離。高いHardnessと乾燥。,Psychomime (State/Manner),Dynamics,Neutral,Unvoiced (Light),Neutral,Reduplication,peɾipeɾi,3,8,7,8,3,0,1800.0,7.32,8,12000.0,8.13,6,c,2,#FFFFFF,100.0,-0.0,0.0,"Reflecting unvoiced plosives and flap consonant /ɾ/ for a vector configuration of Weight 3, Time 8, and Flow 8.",,4,5,6,1,REDUP(畳語・同一)
ぺろっ,perot,Manner or sound of ぺろっ: 舌の動き。最大のTimeとMoisture。,Psychomime (State/Manner),Dynamics,Neutral,Unvoiced (Light),Neutral,Reduplication,peɾoʔ,2,9,8,4,8,9,1100.0,6.07,9,14000.0,8.39,9,mh,5,#FFB6C1,81.1,28.0,5.0,"Reflecting unvoiced plosives and flap consonant /ɾ/ for a vector configuration of Weight 2, Time 9, and Flow 4.",,2,5,0,0,Q(促音単発)
ぺろぺろ,peropero,Manner or sound of ぺろぺろ: 舐める action。最大の水分量と流体性。,Psychomime (State/Manner),Dynamics,Neutral,Unvoiced (Light),Neutral,Reduplication,peɾopeɾo,2,5,4,2,9,9,450.0,3.81,4,2500.0,5.47,9,mh,5,#FFC0CB,83.6,24.1,3.3,"Reflecting unvoiced plosives and flap consonant /ɾ/ for a vector configuration of Weight 2, Time 5, and Flow 2.",,4,5,6,1,REDUP(畳語・同一)
ほいほい,hoihoi,Manner or sound of ほいほい: 二つ返事。高い時間性と自由Flow。,Psychomime (State/Manner),Dynamics,Neutral,Unvoiced (Light),Neutral,Reduplication,hoihoi,2,8,4,1,9,3,1000.0,5.83,7,8000.0,7.44,4,h,6,#FFFFFF,100.0,-0.0,0.0,"Reflecting fricatives for a vector configuration of Weight 2, Time 8, and Flow 1.",,4,5,6,1,REDUP(畳語・同一)
ほうほけきょ,houhokekyo,Manner or sound of ほうほけきょ: 鶯。高周波と高い空間指向性。,Psychomime (State/Manner),Dynamics,Neutral,Unvoiced (Light),Neutral,Reduplication,houhokekjo,2,4,7,2,8,4,1800.0,7.32,3,12000.0,8.13,6,h,6,#ADFF2F,92.0,-52.5,81.9,"Reflecting unvoiced plosives and fricatives for a vector configuration of Weight 2, Time 4, and Flow 2.",,3,5,0,0,OTHER(単発)
ほかほか,hokahoka,Manner or sound of ほかほか: 湯気。自由なFlowと高い温度感。,Psychomime (State/Manner),Dynamics,Neutral,Unvoiced (Light),Neutral,Reduplication,hokahoka,3,2,2,0,9,5,420.0,3.63,1,400.0,2.35,4,hh,7,#FF4500,57.6,67.8,69.0,"Reflecting unvoiced plosives and fricatives for a vector configuration of Weight 3, Time 2, and Flow 0.",,4,5,6,1,REDUP(畳語・同一)
ほくほく,hokuhoku,Manner or sound of ほくほく: 根菜の熱。適度な抑制と高温度。,Psychomime (State/Manner),Dynamics,Neutral,Unvoiced (Light),Neutral,Reduplication,hokuhoku,4,4,4,5,6,3,350.0,3.17,5,1200.0,4.22,5,hh,7,#DAA520,70.8,8.5,68.8,"Reflecting unvoiced plosives and fricatives for a vector configuration of Weight 4, Time 4, and Flow 5.",,4,5,6,1,REDUP(畳語・同一)
ほたほた,hotahota,Manner or sound of ほたほた: 質量の滴下。高いWeightと水分量。,Psychomime (State/Manner),Dynamics,Neutral,Unvoiced (Light),Neutral,Reduplication,hotahota,6,5,3,4,8,8,250.0,2.32,5,2000.0,5.09,8,mc,3,#8B4513,37.5,26.4,41.0,"Reflecting unvoiced plosives and fricatives for a vector configuration of Weight 6, Time 5, and Flow 4.",,4,5,6,1,REDUP(畳語・同一)
ほっ,hot,Manner or sound of ほっ: 安堵。最大のTimeと流体性。,Psychomime (State/Manner),Dynamics,Neutral,Unvoiced (Light),Neutral,Reduplication,hoʔ,1,9,9,4,9,4,500.0,4.07,9,15000.0,8.51,9,h,6,#FFFFFF,100.0,-0.0,0.0,"Reflecting fricatives and geminate sokuon (sudden onset) for a vector configuration of Weight 1, Time 9, and Flow 4.",,2,5,0,0,Q(促音単発)
ほっそり,hotsori,Manner or sound of ほっそり: 細長。最小Weightと最大抑制。,Psychomime (State/Manner),Dynamics,Neutral,Unvoiced (Light),Neutral,Reduplication,hossoɾi,1,3,6,8,9,1,1400.0,6.68,6,900.0,3.73,8,0,4,#FFFFFF,100.0,-0.0,0.0,"Reflecting fricatives and flap consonant /ɾ/ for a vector configuration of Weight 1, Time 3, and Flow 8.",,5,5,5,8,COMPOUND(複合・異種)
ほつほつ,hotsuhotsu,Manner or sound of ほつほつ: 断続的な出現。高い抑制。,Psychomime (State/Manner),Dynamics,Neutral,Unvoiced (Light),Neutral,Reduplication,hotsuhotsu,3,7,6,8,7,4,900.0,5.56,7,6000.0,6.95,6,mc,3,#808080,53.6,-0.0,0.0,"Reflecting unvoiced plosives and fricatives for a vector configuration of Weight 3, Time 7, and Flow 8.",,4,5,6,1,REDUP(畳語・同一)
ほとほと,hotohoto,Manner or sound of ほとほと: 困惑。重いWeightと高い抑制。,Psychomime (State/Manner),Dynamics,Neutral,Unvoiced (Light),Neutral,Reduplication,hotohoto,6,2,3,7,7,6,280.0,2.61,4,500.0,2.73,7,c,2,#483D8B,30.8,26.1,-42.1,"Reflecting unvoiced plosives and fricatives for a vector configuration of Weight 6, Time 2, and Flow 7.",,4,5,6,1,REDUP(畳語・同一)
ほやほや,hoyahoya,Manner or sound of ほやほや: 新鮮。自由なFlowと高水分、高温度。,Psychomime (State/Manner),Dynamics,Neutral,Unvoiced (Light),Neutral,Reduplication,hojahoja,2,4,3,0,9,7,480.0,3.97,2,800.0,3.53,3,hh,7,#FFE4E1,92.7,8.7,4.8,"Reflecting fricatives for a vector configuration of Weight 2, Time 4, and Flow 0.",,4,5,6,1,REDUP(畳語・同一)
ほろっ,horot,Manner or sound of ほろっ: 剥離 or 感涙。最大のTimeと流体性。,Psychomime (State/Manner),Dynamics,Neutral,Unvoiced (Light),Neutral,Reduplication,hoɾoʔ,2,9,7,5,9,5,550.0,4.32,9,11000.0,7.98,9,mc,3,#FFFFFF,100.0,-0.0,0.0,"Reflecting fricatives and flap consonant /ɾ/ for a vector configuration of Weight 2, Time 9, and Flow 5.",,2,5,0,0,Q(促音単発)
ほんのり,honnori,Manner or sound of ほんのり: 微かな気配。低Weightと自由に近いFlow。,Psychomime (State/Manner),Dynamics,Neutral,Unvoiced (Light),Neutral,Reduplication,honnoɾi,2,2,3,2,9,4,400.0,3.51,4,600.0,3.04,3,mh,5,#FFF0F5,96.1,5.9,-0.6,"Reflecting fricatives and nasal resonance for a vector configuration of Weight 2, Time 2, and Flow 2.",,5,5,5,8,COMPOUND(複合・異種)
ほんわか,honwaka,Manner or sound of ほんわか: 平和。最小エフォート。高い温度感。,Psychomime (State/Manner),Dynamics,Neutral,Unvoiced (Light),Neutral,Reduplication,hoŋwaka,1,1,1,0,9,4,320.0,2.94,1,200.0,1.18,2,hh,7,#FFFACD,97.6,-5.4,22.2,"Reflecting unvoiced plosives and fricatives for a vector configuration of Weight 1, Time 1, and Flow 0.",,5,5,5,8,COMPOUND(複合・異種)
ほーほー,ho-ho-,Manner or sound of ほーほー: 梟。持続的な流体 sound.低周波共鳴。,Psychomime (State/Manner),Dynamics,Neutral,Unvoiced (Light),Neutral,Reduplication,hoːhoː,3,1,4,2,9,3,250.0,2.32,0,1200.0,4.22,4,mh,5,#F5F5F5,96.5,-0.0,0.0,"Reflecting fricatives and long vowel extension for a vector configuration of Weight 3, Time 1, and Flow 2.",,4,5,6,1,REDUP(畳語・同一)
ぼけっ,boket,Manner or sound of ぼけっ: 呆然。濁音のWeightと最大抑制。,Psychomime (State/Manner),Dynamics,Neutral,Unvoiced (Light),Neutral,Reduplication,bokeʔ,6,9,3,9,7,4,300.0,2.78,9,15000.0,8.51,8,0,4,#FFFFFF,100.0,-0.0,0.0,"Reflecting voiced consonants and unvoiced plosives for a vector configuration of Weight 6, Time 9, and Flow 9.",,2,5,0,0,Q(促音単発)
ぼこぼこ,bokoboko,Manner or sound of ぼこぼこ: 穴 or 沸騰。高いBo数とMoisture。,Psychomime (State/Manner),Dynamics,Neutral,Unvoiced (Light),Neutral,Reduplication,bokoboko,7,6,6,4,6,9,180.0,1.49,5,2500.0,5.47,9,mh,5,#8B4513,37.5,26.4,41.0,"Reflecting voiced consonants and unvoiced plosives for a vector configuration of Weight 7, Time 6, and Flow 4.",,4,5,6,1,REDUP(畳語・同一)
ぼさっ,bosat,Manner or sound of ぼさっ: 放心。高い抑制と時間突発性。,Psychomime (State/Manner),Dynamics,Neutral,Unvoiced (Light),Neutral,Reduplication,bosaʔ,6,9,4,9,7,1,400.0,3.51,9,14000.0,8.39,8,c,2,#000000,0.0,0.0,0.0,"Reflecting voiced consonants and fricatives for a vector configuration of Weight 6, Time 9, and Flow 9.",,2,5,0,0,Q(促音単発)
ぼさぼさ,bosabosa,Manner or sound of ぼさぼさ: 無頓着。抑制と最大の乾燥。,Psychomime (State/Manner),Dynamics,Neutral,Unvoiced (Light),Neutral,Reduplication,bosabosa,5,3,1,7,7,0,550.0,4.32,3,9000.0,7.64,4,c,2,#8B4513,37.5,26.4,41.0,"Reflecting voiced consonants and fricatives for a vector configuration of Weight 5, Time 3, and Flow 7.",,4,5,6,1,REDUP(畳語・同一)
ぼそぼそ,bosoboso,Manner or sound of ぼそぼそ: 小 voice/cry.濁音のWeightと高い抑制。,Psychomime (State/Manner),Dynamics,Neutral,Unvoiced (Light),Neutral,Reduplication,bosoboso,5,4,2,8,7,1,500.0,4.07,4,8000.0,7.44,5,c,2,#708090,52.8,-2.1,-10.6,"Reflecting voiced consonants and fricatives for a vector configuration of Weight 5, Time 4, and Flow 8.",,4,5,6,1,REDUP(畳語・同一)
ぼたり,botari,Manner or sound of ぼたり: 重量液滴。強大なWeightと水分量。,Psychomime (State/Manner),Dynamics,Neutral,Unvoiced (Light),Neutral,Reduplication,botaɾi,7,8,8,7,6,9,240.0,2.22,7,3500.0,6.04,9,mc,3,#556B2F,42.2,-18.8,30.6,"Reflecting voiced consonants and unvoiced plosives for a vector configuration of Weight 7, Time 8, and Flow 7.",,4,6,0,0,RI(り単発)
ぼちぼち,bochibochi,Manner or sound of ぼちぼち: 徐々に。適度な抑制と流体運動。,Psychomime (State/Manner),Dynamics,Neutral,Unvoiced (Light),Neutral,Reduplication,botɕibotɕi,5,4,4,6,7,5,400.0,3.51,5,2000.0,5.09,6,mh,5,#FFFFFF,100.0,-0.0,0.0,"Reflecting voiced consonants and unvoiced plosives for a vector configuration of Weight 5, Time 4, and Flow 6.",,4,5,6,1,REDUP(畳語・同一)
ぼちゃん,bochan,Manner or sound of ぼちゃん: 水没。最大のWeight、水分量、Bo数。,Psychomime (State/Manner),Dynamics,Neutral,Unvoiced (Light),Neutral,Reduplication,botɕaŋ,8,8,9,8,5,9,140.0,0.85,8,18000.0,8.82,9,mc,3,#0000CD,25.0,67.2,-91.5,"Reflecting voiced consonants and unvoiced plosives for a vector configuration of Weight 8, Time 8, and Flow 8.",,3,6,0,0,N(撥音単発)
ぼってり,botteri,Manner or sound of ぼってり: 重厚な粘性。最大のWeightと抑制。,Psychomime (State/Manner),Dynamics,Neutral,Unvoiced (Light),Neutral,Reduplication,botteɾi,8,2,5,9,4,9,160.0,1.19,7,1200.0,4.22,9,mc,3,#8B4513,37.5,26.4,41.0,"Reflecting voiced consonants and unvoiced plosives for a vector configuration of Weight 8, Time 2, and Flow 9.",,5,5,5,8,COMPOUND(複合・異種)
ぼてぼて,botebote,Manner or sound of ぼてぼて: 鈍重。低いTimeと最大の水分量。,Psychomime (State/Manner),Dynamics,Neutral,Unvoiced (Light),Neutral,Reduplication,botebote,8,3,2,7,5,9,140.0,0.85,3,1100.0,4.07,9,mc,3,#4B3621,24.5,6.4,16.8,"Reflecting voiced consonants and unvoiced plosives for a vector configuration of Weight 8, Time 3, and Flow 7.",,4,5,6,1,REDUP(畳語・同一)
ぼやぼや,boyaboya,Manner or sound of ぼやぼや: 不注意。不定形なSpaceと流体性。,Psychomime (State/Manner),Dynamics,Neutral,Unvoiced (Light),Neutral,Reduplication,bojaboja,5,2,1,4,8,5,300.0,2.78,2,1000.0,3.91,5,h,6,#BDB76B,73.4,-8.8,39.3,"Reflecting voiced consonants for a vector configuration of Weight 5, Time 2, and Flow 4.",,4,5,6,1,REDUP(畳語・同一)
ぼりぼり,boribori,Manner or sound of ぼりぼり: 硬い破壊。有声性のWeightと乾燥。,Psychomime (State/Manner),Dynamics,Neutral,Unvoiced (Light),Neutral,Reduplication,boɾiboɾi,7,7,7,8,2,0,500.0,4.07,7,12000.0,8.13,7,c,2,#8B4513,37.5,26.4,41.0,"Reflecting voiced consonants and flap consonant /ɾ/ for a vector configuration of Weight 7, Time 7, and Flow 8.",,4,5,6,1,REDUP(畳語・同一)
ぼんやり,bonyari,Manner or sound of ぼんやり: 焦点の欠如。最大抑制と最小Space。,Psychomime (State/Manner),Color/Light,Negative,Unvoiced (Light),Dark/Heavy/Large,-ri Ending,boŋjaɾi,6,1,1,9,7,6,180.0,1.49,2,200.0,1.18,8,c,2,#708090,52.8,-2.1,-10.6,"Reflecting voiced consonants and nasal resonance for a vector configuration of Weight 6, Time 1, and Flow 9.",,5,5,5,8,COMPOUND(複合・異種)
ぽいぽい,poipoi,Manner or sound of ぽいぽい: 放棄。高い時間性と自由なFlow。,Psychomime (State/Manner),Dynamics,Neutral,Unvoiced (Light),Neutral,Reduplication,poipoi,3,8,4,1,9,3,900.0,5.56,7,9000.0,7.64,5,h,6,#FFFFFF,100.0,-0.0,0.0,"Reflecting unvoiced plosives for a vector configuration of Weight 3, Time 8, and Flow 1.",,4,5,6,1,REDUP(畳語・同一)
ぽかぽか,pokapoka,Manner or sound of ぽかぽか: 陽だまり。自由なFlowと高温度。,Psychomime (State/Manner),Dynamics,Neutral,Unvoiced (Light),Neutral,Reduplication,pokapoka,3,2,2,0,9,4,450.0,3.81,2,500.0,2.73,3,hh,7,#FF4500,57.6,67.8,69.0,"Reflecting unvoiced plosives for a vector configuration of Weight 3, Time 2, and Flow 0.",,4,5,6,1,REDUP(畳語・同一)
ぽかり,pokari,Manner or sound of ぽかり: 打撃 or 出現。高い時間性と気圧。,Psychomime (State/Manner),Dynamics,Neutral,Unvoiced (Light),Neutral,Reduplication,pokaɾi,3,8,8,5,9,3,550.0,4.32,7,8000.0,7.44,8,h,6,#FFFFFF,100.0,-0.0,0.0,"Reflecting unvoiced plosives and flap consonant /ɾ/ for a vector configuration of Weight 3, Time 8, and Flow 5.",,4,6,0,0,RI(り単発)
ぽきっ,pokit,Manner or sound of ぽきっ: 折断。最大のHardness、Time、抑制。,Psychomime (State/Manner),Dynamics,Neutral,Unvoiced (Light),Neutral,Reduplication,pokiʔ,4,9,9,9,2,0,1500.0,6.86,9,16000.0,8.62,9,c,2,#FFFFFF,100.0,-0.0,0.0,"Reflecting unvoiced plosives and geminate sokuon (sudden onset) for a vector configuration of Weight 4, Time 9, and Flow 9.",,2,5,0,0,Q(促音単発)
ぽきぽき,pokipoki,Manner or sound of ぽきぽき: 連続的な折断。高い時間性と乾燥。,Psychomime (State/Manner),Dynamics,Neutral,Unvoiced (Light),Neutral,Reduplication,pokipoki,4,8,7,8,2,0,1400.0,6.68,8,14000.0,8.39,7,c,2,#CD853F,61.8,21.4,47.9,"Reflecting unvoiced plosives for a vector configuration of Weight 4, Time 8, and Flow 8.",,4,5,6,1,REDUP(畳語・同一)
ぽきり,pokiri,Manner or sound of ぽきり: 潔い破壊。弾き音による完了感。,Psychomime (State/Manner),Dynamics,Neutral,Unvoiced (Light),Neutral,Reduplication,pokiɾi,4,8,8,7,3,0,1200.0,6.29,7,10000.0,7.82,8,c,2,#FFFFFF,100.0,-0.0,0.0,"Reflecting unvoiced plosives and flap consonant /ɾ/ for a vector configuration of Weight 4, Time 8, and Flow 7.",,4,6,0,0,RI(り単発)
ぽたぽた,potapota,Manner or sound of ぽたぽた: 滴下。最大のMoistureと中庸のWeight。,Psychomime (State/Manner),Dynamics,Neutral,Unvoiced (Light),Neutral,Reduplication,potapota,5,6,3,3,9,9,300.0,2.78,5,1500.0,4.6,9,mh,5,#4169E1,47.8,26.3,-65.3,"Reflecting unvoiced plosives for a vector configuration of Weight 5, Time 6, and Flow 3.",,4,5,6,1,REDUP(畳語・同一)
ぽっかり,potkari,Manner or sound of ぽっかり: 空洞。高い流体性と空間指向性。,Psychomime (State/Manner),Dynamics,Neutral,Unvoiced (Light),Neutral,Reduplication,pokkaɾi,3,4,7,2,9,3,400.0,3.51,7,4000.0,6.27,8,h,6,#FFFFFF,100.0,-0.0,0.0,"Reflecting unvoiced plosives and flap consonant /ɾ/ for a vector configuration of Weight 3, Time 4, and Flow 2.",,5,5,5,8,COMPOUND(複合・異種)
ぽっくり,potkuri,Manner or sound of ぽっくり: 突然の完了。高い抑制と時間性。,Psychomime (State/Manner),Dynamics,Neutral,Unvoiced (Light),Neutral,Reduplication,pokkuɾi,4,7,5,8,7,4,350.0,3.17,8,1800.0,4.91,7,mh,5,#DEB887,77.0,7.0,30.0,"Reflecting unvoiced plosives and flap consonant /ɾ/ for a vector configuration of Weight 4, Time 7, and Flow 8.",,5,5,5,8,COMPOUND(複合・異種)
ぽっちゃり,potchari,Manner or sound of ぽっちゃり: 豊潤。適度な抑制と最大の水分量。,Psychomime (State/Manner),Dynamics,Neutral,Unvoiced (Light),Neutral,Reduplication,pottɕaɾi,4,2,4,6,8,9,300.0,2.78,5,1100.0,4.07,9,mh,5,#FFB6C1,81.1,28.0,5.0,"Reflecting unvoiced plosives and fricatives for a vector configuration of Weight 4, Time 2, and Flow 6.",,5,5,5,8,COMPOUND(複合・異種)
ぽっぽ,potpo,Manner or sound of ぽっぽ: 熱気。高いBo数と温度。,Psychomime (State/Manner),Dynamics,Neutral,Unvoiced (Light),Neutral,Reduplication,poppo,4,6,6,4,8,5,400.0,3.51,7,6000.0,6.95,7,hh,7,#FF0000,53.2,80.1,67.2,"Reflecting unvoiced plosives and geminate sokuon (sudden onset) for a vector configuration of Weight 4, Time 6, and Flow 4.",,2,5,0,0,Q(促音単発)
ぽつぽつ,potsupotsu,Manner or sound of ぽつぽつ: 点在。高い抑制と時間的突発性。,Psychomime (State/Manner),Dynamics,Neutral,Unvoiced (Light),Neutral,Reduplication,potsupotsu,3,7,6,8,8,6,700.0,4.93,7,5000.0,6.65,6,mc,3,#808080,53.6,-0.0,0.0,"Reflecting unvoiced plosives and fricatives for a vector configuration of Weight 3, Time 7, and Flow 8.",,4,5,6,1,REDUP(畳語・同一)
ぽろぽろ,poroporo,Manner or sound of ぽろぽろ: 剥落 or 涙。高い流体性と水分量。,Psychomime (State/Manner),Dynamics,Neutral,Unvoiced (Light),Neutral,Reduplication,poɾopoɾo,2,5,3,2,9,8,450.0,3.81,4,3000.0,5.78,7,mc,3,#FFFFFF,100.0,-0.0,0.0,"Reflecting unvoiced plosives and flap consonant /ɾ/ for a vector configuration of Weight 2, Time 5, and Flow 2.",,4,5,6,1,REDUP(畳語・同一)
ぽんぽん,ponpon,Manner or sound of ぽんぽん: 太鼓や言葉。高い時間性とBo数。,Psychomime (State/Manner),Dynamics,Neutral,Unvoiced (Light),Neutral,Reduplication,pompoŋ,4,7,8,4,6,4,320.0,2.94,6,12000.0,8.13,8,h,6,#FFFFFF,100.0,-0.0,0.0,"Reflecting unvoiced plosives and nasal resonance for a vector configuration of Weight 4, Time 7, and Flow 4.",,4,5,6,1,REDUP(畳語・同一)
まごまご,magomago,Manner or sound of まごまご: 鼻音/m/の迷いと有声破裂音/ɡ/の重さ。低いSpace直接性による停滞。,Psychomime (State/Manner),Emotion,Negative,Unvoiced (Light),Bright/Light/Small,Reduplication,maɡomaɡo,4,6,2,5,7,4,320.0,2.94,4,1200.0,4.22,4,mc,3,#BDB76B,73.4,-8.8,39.3,"Reflecting voiced consonants and nasal resonance for a vector configuration of Weight 4, Time 6, and Flow 5.",,4,5,6,1,REDUP(畳語・同一)
まじまじ,majimaji,Manner or sound of まじまじ: 凝視の物理。最大のSpaceと抑制。鼻音による粘性。,Psychomime (State/Manner),Dynamics,Neutral,Unvoiced (Light),Neutral,Reduplication,madʑimadʑi,5,2,9,9,4,6,280.0,2.61,2,500.0,2.73,8,mc,3,#000000,0.0,0.0,0.0,"Reflecting voiced consonants and nasal resonance for a vector configuration of Weight 5, Time 2, and Flow 9.",,4,5,6,1,REDUP(畳語・同一)
まるまる,marumaru,Manner or sound of まるまる: 球体。最大の流体性と弾き音による周期的な曲線運動。,Psychomime (State/Manner),Dynamics,Neutral,Unvoiced (Light),Neutral,Reduplication,maɾumaɾu,3,2,3,2,9,7,350.0,3.17,2,400.0,2.35,3,mh,5,#FFFFFF,100.0,-0.0,0.0,"Reflecting nasal resonance and flap consonant /ɾ/ for a vector configuration of Weight 3, Time 2, and Flow 2.",,4,5,6,1,REDUP(畳語・同一)
まんじり,manjiri,Manner or sound of まんじり: 不眠や静止。最小のTimeと鼻音による高い抑制。,Psychomime (State/Manner),Dynamics,Neutral,Unvoiced (Light),Neutral,Reduplication,mandʑiɾi,4,1,6,9,5,6,220.0,2.0,1,300.0,1.87,7,mc,3,#483D8B,30.8,26.1,-42.1,"Reflecting voiced consonants and nasal resonance for a vector configuration of Weight 4, Time 1, and Flow 9.",,5,5,5,8,COMPOUND(複合・異種)
みしみし,mishimishi,Manner or sound of みしみし: 構造物の歪み。高い抑制と高周波摩擦。Hardness。,Psychomime (State/Manner),Dynamics,Neutral,Unvoiced (Light),Neutral,Reduplication,miɕimiɕi,5,7,6,9,3,2,1400.0,6.68,7,11000.0,7.98,7,c,2,#556B2F,42.2,-18.8,30.6,"Reflecting fricatives and nasal resonance for a vector configuration of Weight 5, Time 7, and Flow 9.",,4,5,6,1,REDUP(畳語・同一)
みっちり,mitchiri,Manner or sound of みっちり: 密度。最大の抑制と促音による高いBoyle数。,Psychomime (State/Manner),Dynamics,Neutral,Unvoiced (Light),Neutral,Reduplication,mittɕiɾi,6,4,8,9,3,5,800.0,5.26,8,4000.0,6.27,9,mc,3,#708090,52.8,-2.1,-10.6,"Reflecting unvoiced plosives and fricatives for a vector configuration of Weight 6, Time 4, and Flow 9.",,5,5,5,8,COMPOUND(複合・異種)
むかむか,mukamuka,Manner or sound of むかむか: 胃が気持ち悪いさま、怒りが湧く manner.,Psychomime (State/Manner),Dynamics,Neutral,Unvoiced (Light),Neutral,Reduplication,mukamuka,6,6,5,8,6,8,240.0,2.22,5,1500.0,4.6,9,h,6,#FF4500,57.6,67.8,69.0,"Reflecting unvoiced plosives and nasal resonance for a vector configuration of Weight 6, Time 6, and Flow 8.",,4,5,6,1,REDUP(畳語・同一)
むくむく,mukumuku,Manner or sound of むくむく: 隆起。適度なWeightと内部圧による膨張。,Psychomime (State/Manner),Dynamics,Neutral,Unvoiced (Light),Neutral,Reduplication,mukumuku,5,4,6,4,7,7,220.0,2.0,3,1200.0,4.22,8,mh,5,#F5F5F5,96.5,-0.0,0.0,"Reflecting unvoiced plosives and nasal resonance for a vector configuration of Weight 5, Time 4, and Flow 4.",,4,5,6,1,REDUP(畳語・同一)
むしむし,mushimushi,Manner or sound of むしむし: 湿熱。最大のMoistureと温度、Flow抑制。,Psychomime (State/Manner),Dynamics,Neutral,Unvoiced (Light),Neutral,Reduplication,muɕimuɕi,4,1,1,8,8,9,450.0,3.81,1,800.0,3.53,9,hh,7,#708090,52.8,-2.1,-10.6,"Reflecting fricatives and nasal resonance for a vector configuration of Weight 4, Time 1, and Flow 8.",,4,5,6,1,REDUP(畳語・同一)
むしゃむしゃ,mushamusha,Manner or sound of むしゃむしゃ: 咀嚼。高い乱流と水分量、有声性のWeight。,Psychomime (State/Manner),Dynamics,Neutral,Unvoiced (Light),Neutral,Reduplication,muɕamuɕa,5,7,4,3,6,8,500.0,4.07,5,9000.0,7.64,7,h,6,#8B4513,37.5,26.4,41.0,"Reflecting fricatives and nasal resonance for a vector configuration of Weight 5, Time 7, and Flow 3.",,4,5,6,1,REDUP(畳語・同一)
むすっ,musut,Manner or sound of むすっ: 不機嫌な停止。最大のTimeとFlow抑制、Boyle数。,Psychomime (State/Manner),Dynamics,Neutral,Unvoiced (Light),Neutral,Reduplication,musuʔ,5,9,8,9,6,2,600.0,4.54,9,12000.0,8.13,9,c,2,#000000,0.0,0.0,0.0,"Reflecting fricatives and nasal resonance for a vector configuration of Weight 5, Time 9, and Flow 9.",,2,5,0,0,Q(促音単発)
むず,muzu,Manner or sound of むず: 捕捉運動。高い空間直接性と時間的突発性。,Psychomime (State/Manner),Dynamics,Neutral,Unvoiced (Light),Neutral,Reduplication,muzu,5,8,9,7,4,4,250.0,2.32,8,6000.0,6.95,8,mc,3,#FFFFFF,100.0,-0.0,0.0,"Reflecting voiced consonants and nasal resonance for a vector configuration of Weight 5, Time 8, and Flow 7.",,3,5,0,0,OTHER(単発)
むずむず,muzumuzu,Manner or sound of むずむず: 内部振動。最大のFlow抑制と低いSpace。,Psychomime (State/Manner),Dynamics,Neutral,Unvoiced (Light),Neutral,Reduplication,muzumuzu,4,5,2,9,5,4,280.0,2.61,4,4500.0,6.47,7,mh,5,#DAA520,70.8,8.5,68.8,"Reflecting voiced consonants and nasal resonance for a vector configuration of Weight 4, Time 5, and Flow 9.",,4,5,6,1,REDUP(畳語・同一)
むちむち,muchimuchi,Manner or sound of むちむち: 肉感的な弾性。最大の水分量と適度なHardness。,Psychomime (State/Manner),Dynamics,Neutral,Unvoiced (Light),Neutral,Reduplication,mutɕimutɕi,5,3,4,8,5,9,320.0,2.94,4,1000.0,3.91,9,mh,5,#FFB6C1,81.1,28.0,5.0,"Reflecting unvoiced plosives and fricatives for a vector configuration of Weight 5, Time 3, and Flow 8.",,4,5,6,1,REDUP(畳語・同一)
むっ,mut,Manner or sound of むっ: 瞬間的怒り。鼻音の重さと最大の気圧。,Psychomime (State/Manner),Dynamics,Neutral,Unvoiced (Light),Neutral,Reduplication,muʔ,6,9,8,9,4,5,220.0,2.0,9,15000.0,8.51,9,c,2,#FF0000,53.2,80.1,67.2,"Reflecting nasal resonance and geminate sokuon (sudden onset) for a vector configuration of Weight 6, Time 9, and Flow 9.",,2,5,0,0,Q(促音単発)
むっくり,mutkuri,Manner or sound of むっくり: 起床。高い時間性と内部圧、弾き音による完了。,Psychomime (State/Manner),Dynamics,Neutral,Unvoiced (Light),Neutral,Reduplication,mukkuɾi,5,8,7,6,7,3,350.0,3.17,8,8000.0,7.44,8,mh,5,#FFFFFF,100.0,-0.0,0.0,"Reflecting unvoiced plosives and nasal resonance for a vector configuration of Weight 5, Time 8, and Flow 6.",,5,5,5,8,COMPOUND(複合・異種)
むっつり,muttsuri,Manner or sound of むっつり: 寡黙。最大の抑制と鼻音のWeight。,Psychomime (State/Manner),Dynamics,Neutral,Unvoiced (Light),Neutral,Reduplication,muttsuɾi,6,2,3,9,5,2,400.0,3.51,7,600.0,3.04,9,c,2,#000000,0.0,0.0,0.0,"Reflecting unvoiced plosives and fricatives for a vector configuration of Weight 6, Time 2, and Flow 9.",,5,5,5,8,COMPOUND(複合・異種)
むにゃむにゃ,munyamunya,Manner or sound of むにゃむにゃ: 曖昧な発 voice/cry.最小エフォート群。最大Moisture。,Psychomime (State/Manner),Dynamics,Neutral,Unvoiced (Light),Neutral,Reduplication,muɲamuɲa,2,1,1,2,9,9,180.0,1.49,1,400.0,2.35,9,mh,5,#F5DEB3,89.4,1.5,24.0,"Reflecting nasal resonance for a vector configuration of Weight 2, Time 1, and Flow 2.",,4,5,6,1,REDUP(畳語・同一)
むらむら,muramura,Manner or sound of むらむら: 衝動。高い流体性と乱流、高温度。,Psychomime (State/Manner),Dynamics,Neutral,Unvoiced (Light),Neutral,Reduplication,muɾamuɾa,5,6,5,3,8,6,320.0,2.94,4,5500.0,6.81,7,hh,7,#FF00FF,60.3,98.2,-60.8,"Reflecting nasal resonance and flap consonant /ɾ/ for a vector configuration of Weight 5, Time 6, and Flow 3.",,4,5,6,1,REDUP(畳語・同一)
むんむん,munmun,Manner or sound of むんむん: 充満する熱気。最大の水分量とFlow抑制。,Psychomime (State/Manner),Dynamics,Neutral,Unvoiced (Light),Neutral,Reduplication,mummuŋ,6,2,3,9,7,9,200.0,1.75,2,900.0,3.73,9,hh,7,#FF8C00,69.5,36.8,75.5,"Reflecting nasal resonance for a vector configuration of Weight 6, Time 2, and Flow 9.",,4,5,6,1,REDUP(畳語・同一)
めきめき,mekimeki,Manner or sound of めきめき: 目立って著しく進歩・成長する manner.,Psychomime (State/Manner),Dynamics,Neutral,Unvoiced (Light),Neutral,Reduplication,mekimeki,4,8,9,4,3,2,1200.0,6.29,8,11000.0,7.98,8,h,6,#FFFFFF,100.0,-0.0,0.0,"Reflecting unvoiced plosives and nasal resonance for a vector configuration of Weight 4, Time 8, and Flow 4.",,4,5,6,1,REDUP(畳語・同一)
めそめそ,mesomeso,Manner or sound of めそめそ: 啜り泣き。最小Spaceと最大Moisture。,Psychomime (State/Manner),Dynamics,Neutral,Unvoiced (Light),Neutral,Reduplication,mesomeso,3,4,1,6,8,9,400.0,3.51,3,700.0,3.31,9,c,2,#B0C4DE,78.5,-1.3,-15.2,"Reflecting fricatives and nasal resonance for a vector configuration of Weight 3, Time 4, and Flow 6.",,4,5,6,1,REDUP(畳語・同一)
めためた,metameta,Manner or sound of めためた: 破壊 condition/state。高い乱流と時間的突発性。,Psychomime (State/Manner),Dynamics,Neutral,Unvoiced (Light),Neutral,Reduplication,metameta,6,8,5,4,6,6,350.0,3.17,7,13000.0,8.27,7,h,6,#8B0000,28.1,51.0,41.3,"Reflecting unvoiced plosives and nasal resonance for a vector configuration of Weight 6, Time 8, and Flow 4.",,4,5,6,1,REDUP(畳語・同一)
めっきり,metkiri,Manner or sound of めっきり: 際立った変化。最大の直接性と完了の遮断。,Psychomime (State/Manner),Dynamics,Neutral,Unvoiced (Light),Neutral,Reduplication,mekkiɾi,5,8,9,7,5,3,600.0,4.54,8,10000.0,7.82,9,c,2,#FFFFFF,100.0,-0.0,0.0,"Reflecting unvoiced plosives and nasal resonance for a vector configuration of Weight 5, Time 8, and Flow 7.",,5,5,5,8,COMPOUND(複合・異種)
めらめら,meramera,Manner or sound of めらめら: 燃焼。最大温度と自由Flow、高Re数。,Psychomime (State/Manner),Dynamics,Neutral,Unvoiced (Light),Neutral,Reduplication,meɾameɾa,4,5,5,1,9,1,800.0,5.26,3,15000.0,8.51,6,hhh,8,#FF4500,57.6,67.8,69.0,"Reflecting nasal resonance and flap consonant /ɾ/ for a vector configuration of Weight 4, Time 5, and Flow 1.",,4,5,6,1,REDUP(畳語・同一)
めりめり,merimeri,Manner or sound of めりめり: 構造的破壊。高いWeightとHardness、抑制。,Psychomime (State/Manner),Dynamics,Neutral,Unvoiced (Light),Neutral,Reduplication,meɾimeɾi,7,7,8,9,2,1,600.0,4.54,6,12000.0,8.13,8,c,2,#8B4513,37.5,26.4,41.0,"Reflecting nasal resonance and flap consonant /ɾ/ for a vector configuration of Weight 7, Time 7, and Flow 9.",,4,5,6,1,REDUP(畳語・同一)
めろめろ,meromero,Manner or sound of めろめろ: 骨抜き。最小Timeと高い流体性、温度。,Psychomime (State/Manner),Dynamics,Neutral,Unvoiced (Light),Neutral,Reduplication,meɾomeɾo,3,2,1,1,9,8,250.0,2.32,1,900.0,3.73,8,hh,7,#FFC0CB,83.6,24.1,3.3,"Reflecting nasal resonance and flap consonant /ɾ/ for a vector configuration of Weight 3, Time 2, and Flow 1.",,4,5,6,1,REDUP(畳語・同一)
めーめー,me-me-,Manner or sound of めーめー: 羊。持続的な鼻音共鳴と高い流体性。,Psychomime (State/Manner),Dynamics,Neutral,Unvoiced (Light),Neutral,Reduplication,meːmeː,3,1,4,2,9,6,450.0,3.81,0,1500.0,4.6,5,mh,5,#FFFFFF,100.0,-0.0,0.0,"Reflecting nasal resonance and long vowel extension for a vector configuration of Weight 3, Time 1, and Flow 2.",,4,5,6,1,REDUP(畳語・同一)
もくもく,mokumoku,Manner or sound of もくもく: 煙の発生。内部圧と持続的な流体運動。,Psychomime (State/Manner),Dynamics,Neutral,Unvoiced (Light),Neutral,Reduplication,mokumoku,5,3,4,4,8,4,220.0,2.0,3,3000.0,5.78,8,mh,5,#BEBEBE,77.0,-0.0,0.0,"Reflecting unvoiced plosives and nasal resonance for a vector configuration of Weight 5, Time 3, and Flow 4.",,4,5,6,1,REDUP(畳語・同一)
もぐもぐ,mogumogu,Manner or sound of もぐもぐ: 咀嚼。濁音のWeightと最大の水分量、Flow抑制。,Psychomime (State/Manner),Dynamics,Neutral,Unvoiced (Light),Neutral,Reduplication,moɡumoɡu,6,4,3,7,6,8,180.0,1.49,4,1200.0,4.22,9,mh,5,#8B4513,37.5,26.4,41.0,"Reflecting voiced consonants and nasal resonance for a vector configuration of Weight 6, Time 4, and Flow 7.",,4,5,6,1,REDUP(畳語・同一)
もごもご,mogomogo,Manner or sound of もごもご: 閉口発 voice/cry.最大のFlow抑制と最小Space。,Psychomime (State/Manner),Dynamics,Neutral,Unvoiced (Light),Neutral,Reduplication,moɡomoɡo,5,2,1,9,7,7,150.0,1.03,2,400.0,2.35,7,mc,3,#708090,52.8,-2.1,-10.6,"Reflecting voiced consonants and nasal resonance for a vector configuration of Weight 5, Time 2, and Flow 9.",,4,5,6,1,REDUP(畳語・同一)
もじもじ,mojimoji,Manner or sound of もじもじ: 羞恥の停滞。最大の抑制と低いSpace。,Psychomime (State/Manner),Dynamics,Neutral,Unvoiced (Light),Neutral,Reduplication,modʑimodʑi,4,3,2,9,6,5,250.0,2.32,3,800.0,3.53,6,mh,5,#FFFACD,97.6,-5.4,22.2,"Reflecting voiced consonants and nasal resonance for a vector configuration of Weight 4, Time 3, and Flow 9.",,4,5,6,1,REDUP(畳語・同一)
もぞもぞ,mozomozo,Manner or sound of もぞもぞ: 微動。有声性のWeightと高いFlow抑制。,Psychomime (State/Manner),Dynamics,Neutral,Unvoiced (Light),Neutral,Reduplication,mozomozo,5,4,2,8,6,4,220.0,2.0,4,1500.0,4.6,7,mc,3,#556B2F,42.2,-18.8,30.6,"Reflecting voiced consonants and nasal resonance for a vector configuration of Weight 5, Time 4, and Flow 8.",,4,5,6,1,REDUP(畳語・同一)
もたもた,motamota,Manner or sound of もたもた: 遅延。重いWeightと最小の時間性、高い粘性。,Psychomime (State/Manner),Dynamics,Neutral,Unvoiced (Light),Neutral,Reduplication,motamota,6,2,1,7,7,6,280.0,2.61,3,500.0,2.73,8,c,2,#808080,53.6,-0.0,0.0,"Reflecting unvoiced plosives and nasal resonance for a vector configuration of Weight 6, Time 2, and Flow 7.",,4,5,6,1,REDUP(畳語・同一)
もやもや,moyamoya,Manner or sound of もやもや: 不定形流体。高い流体性と最小の直接性。,Psychomime (State/Manner),Dynamics,Neutral,Unvoiced (Light),Neutral,Reduplication,mojamoja,3,2,1,3,9,7,300.0,2.78,2,1500.0,4.6,4,mc,3,#D3D3D3,84.6,-0.0,0.0,"Reflecting nasal resonance for a vector configuration of Weight 3, Time 2, and Flow 3.",,4,5,6,1,REDUP(畳語・同一)
もりもり,morimori,Manner or sound of もりもり: 活力。高いWeightと空間指向性。,Psychomime (State/Manner),Dynamics,Neutral,Unvoiced (Light),Neutral,Reduplication,moɾimoɾi,6,6,8,3,6,4,400.0,3.51,5,7000.0,7.22,8,h,6,#ADFF2F,92.0,-52.5,81.9,"Reflecting nasal resonance and flap consonant /ɾ/ for a vector configuration of Weight 6, Time 6, and Flow 3.",,4,5,6,1,REDUP(畳語・同一)
もわーっ,mowa-t,Manner or sound of もわーっ: 気体の拡散と遮断。最大流体性と圧縮。,Psychomime (State/Manner),Dynamics,Neutral,Unvoiced (Light),Neutral,Reduplication,mowaːʔ,4,5,3,4,9,8,250.0,2.32,9,9000.0,7.64,9,mh,5,#F5F5F5,96.5,-0.0,0.0,"Reflecting nasal resonance and geminate sokuon (sudden onset) for a vector configuration of Weight 4, Time 5, and Flow 4.",,5,5,5,8,COMPOUND(複合・異種)
もーもー,mo-mo-,Manner or sound of もーもー: 牛。重いWeightと持続的な低周波。,Psychomime (State/Manner),Dynamics,Neutral,Unvoiced (Light),Neutral,Reduplication,moːmoː,7,1,3,1,7,7,120.0,0.46,0,800.0,3.53,7,mh,5,#000000,0.0,0.0,0.0,"Reflecting nasal resonance and long vowel extension for a vector configuration of Weight 7, Time 1, and Flow 1.",,4,5,6,1,REDUP(畳語・同一)
やいのやいの,yainoyaino,Manner or sound of やいのやいの: 喧騒。半母音の流体性と高い時間密度。,Psychomime (State/Manner),Dynamics,Neutral,Unvoiced (Light),Neutral,Reduplication,jainojaino,4,7,5,2,8,5,600.0,4.54,4,8000.0,7.44,6,h,6,#FFD700,86.9,-1.9,87.1,"Reflecting nasal resonance for a vector configuration of Weight 4, Time 7, and Flow 2.",,4,5,6,1,REDUP(畳語・同一)
やきもき,yakimoki,Manner or sound of やきもき: 焦燥。最大のFlow抑制と内部圧力。,Psychomime (State/Manner),Dynamics,Neutral,Unvoiced (Light),Neutral,Reduplication,jakimoki,5,6,4,9,6,4,550.0,4.32,6,4000.0,6.27,7,h,6,#FF4500,57.6,67.8,69.0,"Reflecting unvoiced plosives and nasal resonance for a vector configuration of Weight 5, Time 6, and Flow 9.",,5,5,5,8,COMPOUND(複合・異種)
やんわり,yanwari,Manner or sound of やんわり: 緩衝。最小Weightと最大の自由Flow。,Psychomime (State/Manner),Dynamics,Neutral,Unvoiced (Light),Neutral,Reduplication,jaŋwaɾi,2,2,3,0,9,6,300.0,2.78,2,600.0,3.04,4,mh,5,#FFFACD,97.6,-5.4,22.2,"Reflecting nasal resonance and flap consonant /ɾ/ for a vector configuration of Weight 2, Time 2, and Flow 0.",,5,5,5,8,COMPOUND(複合・異種)
ゆうゆう,yuuyuu,Manner or sound of ゆうゆう: 余裕。最小エフォート群。自由なFlow。,Psychomime (State/Manner),Dynamics,Neutral,Unvoiced (Light),Neutral,Reduplication,juujuu,3,1,2,0,9,5,320.0,2.94,0,400.0,2.35,2,h,6,#87CEEB,79.2,-14.8,-21.3,"Reflecting phonetic sound symbolism for a vector configuration of Weight 3, Time 1, and Flow 0.",,4,5,6,1,REDUP(畳語・同一)
ゆさゆさ,yusayusa,Manner or sound of ゆさゆさ: 重い振動。高い流体性と中庸のWeight。,Psychomime (State/Manner),Dynamics,Neutral,Unvoiced (Light),Neutral,Reduplication,jusajusa,6,4,3,2,8,4,280.0,2.61,3,6000.0,6.95,7,mc,3,#8B4513,37.5,26.4,41.0,"Reflecting fricatives for a vector configuration of Weight 6, Time 4, and Flow 2.",,4,5,6,1,REDUP(畳語・同一)
ゆったり,yuttari,Manner or sound of ゆったり: 寛ぎ。促音による安定と最大の自由Flow。,Psychomime (State/Manner),Dynamics,Neutral,Unvoiced (Light),Neutral,Reduplication,juttaɾi,3,1,4,0,9,6,300.0,2.78,5,800.0,3.53,5,mh,5,#FFB6C1,81.1,28.0,5.0,"Reflecting unvoiced plosives and flap consonant /ɾ/ for a vector configuration of Weight 3, Time 1, and Flow 0.",,5,5,5,8,COMPOUND(複合・異種)
ゆらゆら,yurayura,Manner or sound of ゆらゆら: 揺らぎ。最小Weightと高い流体運動。,Psychomime (State/Manner),Dynamics,Neutral,Unvoiced (Light),Neutral,Reduplication,juɾajuɾa,2,3,2,1,9,4,350.0,3.17,2,4500.0,6.47,3,mc,3,#FFFFFF,100.0,-0.0,0.0,"Reflecting flap consonant /ɾ/ for a vector configuration of Weight 2, Time 3, and Flow 1.",,4,5,6,1,REDUP(畳語・同一)
ゆらり,yurari,Manner or sound of ゆらり: 単発の揺らぎ。弾き音による空間の収束。,Psychomime (State/Manner),Dynamics,Neutral,Unvoiced (Light),Neutral,Reduplication,juɾaɾi,2,5,6,3,9,5,400.0,3.51,6,3000.0,5.78,4,mc,3,#F0FFFF,98.9,-4.9,-1.7,"Reflecting flap consonant /ɾ/ for a vector configuration of Weight 2, Time 5, and Flow 3.",,4,6,0,0,RI(り単発)
ゆるゆる,yuruyuru,Manner or sound of ゆるゆる: 弛緩。最小エフォート。高い流体性と水分。,Psychomime (State/Manner),Dynamics,Neutral,Unvoiced (Light),Neutral,Reduplication,juɾujuɾu,2,2,1,1,9,8,250.0,2.32,1,500.0,2.73,5,mh,5,#F5F5DC,95.9,-4.2,12.0,"Reflecting flap consonant /ɾ/ for a vector configuration of Weight 2, Time 2, and Flow 1.",,4,5,6,1,REDUP(畳語・同一)
よたよた,yotayota,Manner or sound of よたよた: 不安定歩行。Weightの偏りと低い直接性。,Psychomime (State/Manner),Dynamics,Neutral,Unvoiced (Light),Neutral,Reduplication,jotajota,5,4,2,4,8,5,320.0,2.94,4,1200.0,4.22,5,c,2,#A9A9A9,69.2,-0.0,0.0,"Reflecting unvoiced plosives for a vector configuration of Weight 5, Time 4, and Flow 4.",,4,5,6,1,REDUP(畳語・同一)
よちよち,yochiyochi,Manner or sound of よちよち: 幼児歩行。低いWeightと適度な抑制。,Psychomime (State/Manner),Dynamics,Neutral,Unvoiced (Light),Neutral,Reduplication,jotɕijotɕi,3,5,3,5,8,6,600.0,4.54,5,900.0,3.73,4,mh,5,#FFFACD,97.6,-5.4,22.2,"Reflecting unvoiced plosives and fricatives for a vector configuration of Weight 3, Time 5, and Flow 5.",,4,5,6,1,REDUP(畳語・同一)
よぼよぼ,yoboyobo,Manner or sound of よぼよぼ: 老衰。重いWeightと最小Space。,Psychomime (State/Manner),Dynamics,Neutral,Unvoiced (Light),Neutral,Reduplication,jobojobo,7,2,1,6,7,8,180.0,1.49,2,500.0,2.73,8,c,2,#8B4513,37.5,26.4,41.0,"Reflecting voiced consonants for a vector configuration of Weight 7, Time 2, and Flow 6.",,4,5,6,1,REDUP(畳語・同一)
よれよれ,yoreyore,Manner or sound of よれよれ: 疲弊した表面。低い直接性と抑制。,Psychomime (State/Manner),Dynamics,Neutral,Unvoiced (Light),Neutral,Reduplication,joɾejoɾe,3,2,1,6,8,3,300.0,2.78,3,1100.0,4.07,4,c,2,#BEBEBE,77.0,-0.0,0.0,"Reflecting flap consonant /ɾ/ for a vector configuration of Weight 3, Time 2, and Flow 6.",,4,5,6,1,REDUP(畳語・同一)
よろよろ,yoroyoro,Manner or sound of よろよろ: 千鳥足。高い流体性と不特定のSpace。,Psychomime (State/Manner),Dynamics,Neutral,Unvoiced (Light),Neutral,Reduplication,joɾojoɾo,5,4,2,3,9,4,280.0,2.61,4,2500.0,5.47,5,mc,3,#A9A9A9,69.2,-0.0,0.0,"Reflecting flap consonant /ɾ/ for a vector configuration of Weight 5, Time 4, and Flow 3.",,4,5,6,1,REDUP(畳語・同一)
りんりん,rinrin,Manner or sound of りんりん: 鈴。高周波と金属的Hardness。,Psychomime (State/Manner),Dynamics,Neutral,Unvoiced (Light),Neutral,Reduplication,ɾinɾiŋ,2,7,8,5,3,1,2800.0,8.44,6,12000.0,8.13,7,c,2,#C0C0C0,77.7,-0.0,0.0,"Reflecting nasal resonance and flap consonant /ɾ/ for a vector configuration of Weight 2, Time 7, and Flow 5.",,4,5,6,1,REDUP(畳語・同一)
るんるん,runrun,Manner or sound of るんるん: 軽快な高揚。鼻音の共鳴と自由なFlow。,Psychomime (State/Manner),Dynamics,Neutral,Unvoiced (Light),Neutral,Reduplication,ɾunɾuŋ,2,6,6,1,8,5,550.0,4.32,4,3500.0,6.04,4,h,6,#FF69B4,65.5,64.2,-10.6,"Reflecting nasal resonance and flap consonant /ɾ/ for a vector configuration of Weight 2, Time 6, and Flow 1.",,4,5,6,1,REDUP(畳語・同一)
れろれろ,rerorero,Manner or sound of れろれろ: 舌の運動。最大流体性と水分量。,Psychomime (State/Manner),Dynamics,Neutral,Unvoiced (Light),Neutral,Reduplication,ɾeɾoɾeɾo,4,5,3,2,9,9,380.0,3.38,3,1500.0,4.6,9,mh,5,#FFC0CB,83.6,24.1,3.3,"Reflecting flap consonant /ɾ/ for a vector configuration of Weight 4, Time 5, and Flow 2.",,4,5,6,1,REDUP(畳語・同一)
わあわあ,waawaa,Manner or sound of わあわあ: 泣き声や喧騒。広大な乱流と自由Flow。,Psychomime (State/Manner),Dynamics,Neutral,Unvoiced (Light),Neutral,Reduplication,waawaa,5,3,4,1,9,6,500.0,4.07,0,14000.0,8.39,6,h,6,#FFD700,86.9,-1.9,87.1,"Reflecting phonetic sound symbolism for a vector configuration of Weight 5, Time 3, and Flow 1.",,4,5,6,1,REDUP(畳語・同一)
わいわい,waiwai,Manner or sound of わいわい: 多人数の活気。最小Flow抑制と高Re数。,Psychomime (State/Manner),Dynamics,Neutral,Unvoiced (Light),Neutral,Reduplication,waiwai,3,6,4,0,9,5,800.0,5.26,2,11000.0,7.98,7,h,6,#FFFF00,97.1,-21.6,94.5,"Reflecting phonetic sound symbolism for a vector configuration of Weight 3, Time 6, and Flow 0.",,4,5,6,1,REDUP(畳語・同一)
わくわく,wakuwaku,Manner or sound of わくわく: 期待で胸が高鳴る state/manner.,Pathomime (Emotion),Emotion,Positive,Unvoiced (Light),Bright/Light/Small,Reduplication,wakuwaku,4,7,7,2,7,4,600.0,4.54,6,6500.0,7.09,8,h,6,#FF4500,57.6,67.8,69.0,"Reflecting unvoiced plosives for a vector configuration of Weight 4, Time 7, and Flow 2.",,4,5,6,1,REDUP(畳語・同一)
わっさり,watsari,Manner or sound of わっさり: 大量の植物等。流体的な運動と適度なWeight。,Psychomime (State/Manner),Dynamics,Neutral,Unvoiced (Light),Neutral,Reduplication,wassaɾi,5,6,6,4,8,4,350.0,3.17,7,8000.0,7.44,7,mh,5,#228B22,50.6,-49.6,45.0,"Reflecting fricatives and flap consonant /ɾ/ for a vector configuration of Weight 5, Time 6, and Flow 4.",,5,5,5,8,COMPOUND(複合・異種)
わなわな,wanawana,Manner or sound of わなわな: 震え。最大のFlow抑制と高い時間性。,Psychomime (State/Manner),Dynamics,Neutral,Unvoiced (Light),Neutral,Reduplication,wanawana,4,8,2,9,7,6,450.0,3.81,7,13000.0,8.27,7,c,2,#FFFFFF,100.0,-0.0,0.0,"Reflecting nasal resonance for a vector configuration of Weight 4, Time 8, and Flow 9.",,4,5,6,1,REDUP(畳語・同一)
わやわや,wayawaya,Manner or sound of わやわや: 収拾のつかない喧騒。流体性と乱流。,Psychomime (State/Manner),Dynamics,Neutral,Unvoiced (Light),Neutral,Reduplication,wajawaja,3,5,3,2,8,6,380.0,3.38,3,9000.0,7.64,6,h,6,#DAA520,70.8,8.5,68.8,"Reflecting phonetic sound symbolism for a vector configuration of Weight 3, Time 5, and Flow 2.",,4,5,6,1,REDUP(畳語・同一)
わらわら,warawara,Manner or sound of わらわら: 群集の移動。高いRe数と流体性。,Psychomime (State/Manner),Dynamics,Neutral,Unvoiced (Light),Neutral,Reduplication,waɾawaɾa,4,6,3,2,9,5,320.0,2.94,4,10000.0,7.82,8,mh,5,#F5F5F5,96.5,-0.0,0.0,"Reflecting flap consonant /ɾ/ for a vector configuration of Weight 4, Time 6, and Flow 2.",,4,5,6,1,REDUP(畳語・同一)
わんさ,wansa,Manner or sound of わんさ: 大量。高い空間直接性と時間密度。,Psychomime (State/Manner),Dynamics,Neutral,Unvoiced (Light),Neutral,Reduplication,waŋsa,5,7,8,3,7,4,450.0,3.81,6,12000.0,8.13,7,h,6,#FFD700,86.9,-1.9,87.1,"Reflecting fricatives and nasal resonance for a vector configuration of Weight 5, Time 7, and Flow 3.",,3,5,0,0,OTHER(単発)
わんわん,wanwan,Manner or sound of わんわん: 吠え声や号泣。濁音に近いWeightと強大な乱流。,Psychomime (State/Manner),Dynamics,Neutral,Unvoiced (Light),Neutral,Reduplication,waŋwaŋ,6,4,6,2,7,7,220.0,2.0,1,15000.0,8.51,8,h,6,#8B4513,37.5,26.4,41.0,"Reflecting nasal resonance for a vector configuration of Weight 6, Time 4, and Flow 2.",,4,5,6,1,REDUP(畳語・同一)
わーん,wa-n,Manner or sound of わーん: 大泣き。最大の水分量と持続的な共鳴。,Psychomime (State/Manner),Dynamics,Neutral,Unvoiced (Light),Neutral,Reduplication,waːŋ,7,4,7,3,6,8,300.0,2.78,1,11000.0,7.98,9,h,6,#1E90FF,59.4,10.0,-63.4,"Reflecting nasal resonance and long vowel extension for a vector configuration of Weight 7, Time 4, and Flow 3.",,3,8,5,1,LONG+N(長音+ん)
あぜーん,aze-n,Manner or sound of あぜーん: 生成語。語根あぜ+HN。Decay低 / Hard低 / Time低。最近傍既存語:つくづく,Psychomime (State/Manner),Dynamics,Neutral,Unvoiced (Light),Neutral,Reduplication,azeːŋ,7,2,6,6,2,5,229.0,2.1,1,1333.0,4.4,6,0,4,#764626,34.6,17.5,27.7,"Reflecting voiced consonants and nasal resonance for a vector configuration of Weight 7, Time 2, and Flow 6.",,5,5,5,8,COMPOUND(複合・異種)
いいーん,ii-n,Manner or sound of いいーん: 生成語。語根いい+HN。Hard低 / Decay低 / Space高。最近傍既存語:からんからん,Psychomime (State/Manner),Dynamics,Neutral,Unvoiced (Light),Neutral,Reduplication,iiːŋ,5,4,9,6,2,4,750.0,5.1,2,2866.0,5.7,6,0,4,#B58552,59.2,12.7,34.3,"Reflecting nasal resonance and long vowel extension for a vector configuration of Weight 5, Time 4, and Flow 6.",,5,5,5,8,COMPOUND(複合・異種)
いさー,isa-,Manner or sound of いさー: 生成語。語根いさ+H。Boyle低 / Decay低 / Freq高。最近傍既存語:きいきい,Psychomime (State/Manner),Dynamics,Neutral,Unvoiced (Light),Neutral,Reduplication,isaː,2,3,6,4,6,1,1588.0,7.0,1,6535.0,7.1,2,0,4,#EED793,86.6,-1.8,36.5,"Reflecting fricatives and long vowel extension for a vector configuration of Weight 2, Time 3, and Flow 4.",,2,7,7,1,LONG(長音ー)
えぞー,ezo-,Manner or sound of えぞー: 生成語。語根えぞ+H。Decay低 / Time低 / Hard低。最近傍既存語:まんじり,Psychomime (State/Manner),Dynamics,Neutral,Unvoiced (Light),Neutral,Reduplication,ezoː,5,1,5,7,4,4,383.0,3.4,0,1898.0,5.0,5,0,4,#97744C,51.5,8.4,27.6,"Reflecting voiced consonants and long vowel extension for a vector configuration of Weight 5, Time 1, and Flow 7.",,2,7,7,1,LONG(長音ー)
ききーん,kiki-n,Manner or sound of ききーん: 生成語。語根きき+HN。Hard低 / Freq高 / Moist低。最近傍既存語:つんつん,Psychomime (State/Manner),Dynamics,Neutral,Unvoiced (Light),Neutral,Reduplication,kikiːŋ,4,6,9,7,1,1,1719.0,7.2,4,9304.0,7.7,6,0,4,#D6A258,70.2,10.9,45.5,"Reflecting unvoiced plosives and nasal resonance for a vector configuration of Weight 4, Time 6, and Flow 7.",,5,5,5,8,COMPOUND(複合・異種)
さきー,saki-,Manner or sound of さきー: 生成語。語根さき+H。Freq高 / Moist低 / Boyle低。最近傍既存語:ぴーちく,Psychomime (State/Manner),Dynamics,Neutral,Unvoiced (Light),Neutral,Reduplication,sakiː,1,5,8,3,6,0,2358.0,8.0,2,14900.0,8.5,3,h,6,#FFFFAC,101.7,3.0,45.0,"Reflecting unvoiced plosives and fricatives for a vector configuration of Weight 1, Time 5, and Flow 3.",,2,7,7,1,LONG(長音ー)
さそー,saso-,Manner or sound of さそー: 生成語。語根さそ+H。Boyle低 / Moist低 / Decay低。最近傍既存語:きらきら,Psychomime (State/Manner),Dynamics,Neutral,Unvoiced (Light),Neutral,Reduplication,sasoː,1,3,6,2,9,0,1527.0,6.9,1,8270.0,7.5,2,0,4,#FFFFC0,99.8,-6.8,31.8,"Reflecting fricatives and long vowel extension for a vector configuration of Weight 1, Time 3, and Flow 2.",,2,7,7,1,LONG(長音ー)
ざがー,zaga-,Manner or sound of ざがー: 生成語。語根ざが+H。Decay低 / Re高 / Time低。最近傍既存語:ぎゃーぎゃー,Psychomime (State/Manner),Dynamics,Neutral,Unvoiced (Light),Neutral,Reduplication,dzaɡaː,6,3,8,4,5,3,525.0,4.2,0,17779.0,8.8,6,0,4,#A1673E,49.1,19.3,32.5,"Reflecting voiced consonants and long vowel extension for a vector configuration of Weight 6, Time 3, and Flow 4.",,2,7,7,1,LONG(長音ー)
ざきー,zaki-,Manner or sound of ざきー: 生成語。語根ざき+H。Re高 / Moist低 / Space高。最近傍既存語:けいけい,Psychomime (State/Manner),Dynamics,Neutral,Unvoiced (Light),Neutral,Reduplication,dzakiː,5,4,9,6,4,1,1113.0,6.1,2,20000.0,9.0,6,mh,5,#BD844B,59.7,15.9,39.2,"Reflecting voiced consonants and unvoiced plosives for a vector configuration of Weight 5, Time 4, and Flow 6.",,2,7,7,1,LONG(長音ー)
しそー,shiso-,Manner or sound of しそー: 生成語。語根しそ+H。Decay低 / Time低 / Boyle低。最近傍既存語:しわしわ,Psychomime (State/Manner),Dynamics,Neutral,Unvoiced (Light),Neutral,Reduplication,ɕisoː,2,1,5,6,8,1,1411.0,6.7,0,2702.0,5.6,3,mc,3,#D7DDAC,86.7,-10.1,23.4,"Reflecting fricatives and long vowel extension for a vector configuration of Weight 2, Time 1, and Flow 6.",,2,7,7,1,LONG(長音ー)
じえーん,jie-n,Manner or sound of じえーん: 生成語。語根じえ+HN。Decay低 / Weight高 / Hard低。最近傍既存語:つくづく,Psychomime (State/Manner),Dynamics,Neutral,Unvoiced (Light),Neutral,Reduplication,dʑieːŋ,8,2,8,7,3,6,291.0,2.7,1,2402.0,5.4,8,mh,5,#7C381E,32.3,28.0,29.6,"Reflecting voiced consonants and nasal resonance for a vector configuration of Weight 8, Time 2, and Flow 7.",,5,5,5,8,COMPOUND(複合・異種)
じへー,jihe-,Manner or sound of じへー: 生成語。語根じへ+H。Decay低 / Time低 / Temp高。最近傍既存語:ひひーん,Psychomime (State/Manner),Dynamics,Neutral,Unvoiced (Light),Neutral,Reduplication,dʑiheː,5,2,7,6,6,4,666.0,4.8,0,4869.0,6.6,6,h,6,#C68556,61.3,19.9,35.5,"Reflecting voiced consonants and fricatives for a vector configuration of Weight 5, Time 2, and Flow 6.",,2,7,7,1,LONG(長音ー)
ぜじゅー,zeju-,Manner or sound of ぜじゅー: 生成語。語根ぜじゅ+H。Decay低 / Time低 / Re高。最近傍既存語:わーん,Psychomime (State/Manner),Dynamics,Neutral,Unvoiced (Light),Neutral,Reduplication,dzedʑuː,6,1,7,6,6,6,525.0,4.2,0,10466.0,7.9,8,0,4,#996F65,50.7,15.7,11.9,"Reflecting voiced consonants and long vowel extension for a vector configuration of Weight 6, Time 1, and Flow 6.",,2,7,7,1,LONG(長音ー)
だむーん,damu-n,Manner or sound of だむーん: 生成語。語根だむ+HN。Weight高 / Decay低 / Freq低。最近傍既存語:ねばねば,Psychomime (State/Manner),Dynamics,Neutral,Unvoiced (Light),Neutral,Reduplication,damuːŋ,9,2,6,5,4,9,117.0,0.4,1,1898.0,5.0,9,mh,5,#590A13,17.3,34.6,17.7,"Reflecting voiced consonants and nasal resonance for a vector configuration of Weight 9, Time 2, and Flow 5.",,5,5,5,8,COMPOUND(複合・異種)
ちでーん,chide-n,Manner or sound of ちでーん: 生成語。語根ちで+HN。Hard低 / Decay低 / Time低。最近傍既存語:ぎー,Psychomime (State/Manner),Dynamics,Neutral,Unvoiced (Light),Neutral,Reduplication,tɕideːŋ,6,2,6,8,2,5,721.0,5.0,2,1790.0,4.9,7,0,4,#A67046,52.0,16.8,31.8,"Reflecting voiced consonants and unvoiced plosives for a vector configuration of Weight 6, Time 2, and Flow 8.",,5,5,5,8,COMPOUND(複合・異種)
ちにー,chini-,Manner or sound of ちにー: 生成語。語根ちに+H。Freq高 / Decay低 / Weight低。最近傍既存語:ぴーぴー,Psychomime (State/Manner),Dynamics,Neutral,Unvoiced (Light),Neutral,Reduplication,tɕiniː,1,2,6,8,6,3,2654.0,8.3,1,4590.0,6.5,4,mh,5,#FFF1AF,95.8,-0.2,35.1,"Reflecting unvoiced plosives and fricatives for a vector configuration of Weight 1, Time 2, and Flow 8.",,2,7,7,1,LONG(長音ー)
ちみゅーん,chimyu-n,Manner or sound of ちみゅーん: 生成語。語根ちみゅ+HN。Decay低 / Time低 / Freq高。最近傍既存語:ひーひー,Psychomime (State/Manner),Dynamics,Neutral,Unvoiced (Light),Neutral,Reduplication,tɕimjuːŋ,4,3,6,6,4,7,989.0,5.8,1,2866.0,5.7,7,mh,5,#CE9E7F,68.8,14.0,23.2,"Reflecting unvoiced plosives and fricatives for a vector configuration of Weight 4, Time 3, and Flow 6.",,5,5,5,8,COMPOUND(複合・異種)
ちもー,chimo-,Manner or sound of ちもー: 生成語。語根ちも+H。Decay低 / Time低 / Freq高。最近傍既存語:ちゅーちゅー,Psychomime (State/Manner),Dynamics,Neutral,Unvoiced (Light),Neutral,Reduplication,tɕimoː,3,1,5,7,6,4,1253.0,6.4,0,2702.0,5.6,5,mh,5,#E6C48F,80.8,5.0,31.1,"Reflecting unvoiced plosives and fricatives for a vector configuration of Weight 3, Time 1, and Flow 7.",,2,7,7,1,LONG(長音ー)
にじゅー,niju-,Manner or sound of にじゅー: 生成語。語根にじゅ+H。Time低 / Decay低 / Flow高。最近傍既存語:ちんまり,Psychomime (State/Manner),Dynamics,Neutral,Unvoiced (Light),Neutral,Reduplication,nidʑuː,4,0,5,7,5,6,666.0,4.8,0,2265.0,5.3,7,0,4,#B59278,63.1,9.3,18.8,"Reflecting voiced consonants and nasal resonance for a vector configuration of Weight 4, Time 0, and Flow 7.",,2,7,7,1,LONG(長音ー)
ぶすー,busu-,Manner or sound of ぶすー: 生成語。語根ぶす+H。Decay低 / Time低 / Boyle低。最近傍既存語:がーがー,Psychomime (State/Manner),Dynamics,Neutral,Unvoiced (Light),Neutral,Reduplication,busuː,5,2,5,5,7,4,505.0,4.1,0,6931.0,7.2,5,0,4,#9F7C63,54.6,10.2,18.5,"Reflecting voiced consonants and fricatives for a vector configuration of Weight 5, Time 2, and Flow 5.",,2,7,7,1,LONG(長音ー)
りきゃー,rikya-,Manner or sound of りきゃー: 生成語。語根りきゃ+H。Freq高 / Re高 / Weight低。最近傍既存語:ほうほけきょ,Psychomime (State/Manner),Dynamics,Neutral,Unvoiced (Light),Neutral,Reduplication,ɾikjaː,2,6,9,2,6,2,3500.0,9.0,3,20000.0,9.0,6,h,6,#FFFFBB,104.8,4.9,41.6,"Reflecting unvoiced plosives and flap consonant /ɾ/ for a vector configuration of Weight 2, Time 6, and Flow 2.",,2,7,7,1,LONG(長音ー)
わきゃーん,wakya-n,Manner or sound of わきゃーん: 生成語。語根わきゃ+HN。Temp高 / Re高 / Flow低。最近傍既存語:じゃんじゃん,Psychomime (State/Manner),Dynamics,Neutral,Unvoiced (Light),Neutral,Reduplication,wakjaːŋ,6,6,8,1,6,5,615.0,4.6,2,20000.0,9.0,8,hh,7,#E3885A,65.4,30.5,39.1,"Reflecting unvoiced plosives and nasal resonance for a vector configuration of Weight 6, Time 6, and Flow 1.",,5,5,5,8,COMPOUND(複合・異種)
いだーん,ida-n,Manner or sound of いだーん: 生成語。語根いだ+HN。Hard低 / Decay低 / Time低。最近傍既存語:がーがー,Psychomime (State/Manner),Dynamics,Neutral,Unvoiced (Light),Neutral,Reduplication,idaːŋ,7,3,7,6,2,5,327.0,3.0,1,1591.0,4.7,6,0,4,#8A5027,40.1,20.8,33.7,"Reflecting voiced consonants and nasal resonance for a vector configuration of Weight 7, Time 3, and Flow 6.",,5,5,5,8,COMPOUND(複合・異種)
いちーん,ichi-n,Manner or sound of いちーん: 生成語。語根いち+HN。Hard低 / Space高 / Decay低。最近傍既存語:ぎいぎい,Psychomime (State/Manner),Dynamics,Neutral,Unvoiced (Light),Neutral,Reduplication,itɕiːŋ,5,4,8,7,1,4,914.0,5.6,2,2866.0,5.7,7,0,4,#B38053,57.8,14.1,32.3,"Reflecting unvoiced plosives and fricatives for a vector configuration of Weight 5, Time 4, and Flow 7.",,5,5,5,8,COMPOUND(複合・異種)
いにー,ini-,Manner or sound of いにー: 生成語。語根いに+H。Decay低 / Time低 / Freq高。最近傍既存語:じーじー,Psychomime (State/Manner),Dynamics,Neutral,Unvoiced (Light),Neutral,Reduplication,iniː,2,2,6,6,5,3,1158.0,6.2,0,3040.0,5.8,4,0,4,#E2C68E,81.0,2.0,31.7,"Reflecting nasal resonance and long vowel extension for a vector configuration of Weight 2, Time 2, and Flow 6.",,2,7,7,1,LONG(長音ー)
おぜー,oze-,Manner or sound of おぜー: 生成語。語根おぜ+H。Decay低 / Time低 / Hard低。最近傍既存語:まんじり,Psychomime (State/Manner),Dynamics,Neutral,Unvoiced (Light),Neutral,Reduplication,ozeː,5,1,5,7,4,4,383.0,3.4,0,1898.0,5.0,5,0,4,#97744C,51.5,8.4,27.6,"Reflecting voiced consonants and long vowel extension for a vector configuration of Weight 5, Time 1, and Flow 7.",,2,7,7,1,LONG(長音ー)
ぎきー,giki-,Manner or sound of ぎきー: 生成語。語根ぎき+H。Freq高 / Moist低 / Space高。最近傍既存語:ぎざぎざ,Psychomime (State/Manner),Dynamics,Neutral,Unvoiced (Light),Neutral,Reduplication,ɡikiː,5,5,9,8,3,0,1788.0,7.3,3,16762.0,8.7,6,0,4,#C38D47,62.5,13.6,44.4,"Reflecting voiced consonants and unvoiced plosives for a vector configuration of Weight 5, Time 5, and Flow 8.",,2,7,7,1,LONG(長音ー)
ぎぎゃーん,gigya-n,Manner or sound of ぎぎゃーん: 生成語。語根ぎぎゃ+HN。Hard低 / Weight高 / Space高。最近傍既存語:ぎゅうぎゅう,Psychomime (State/Manner),Dynamics,Neutral,Unvoiced (Light),Neutral,Reduplication,ɡiɡjaːŋ,8,6,9,5,2,4,640.0,4.7,2,10466.0,7.9,8,0,4,#8F502F,40.8,23.4,30.6,"Reflecting voiced consonants and nasal resonance for a vector configuration of Weight 8, Time 6, and Flow 5.",,5,5,5,8,COMPOUND(複合・異種)
じでーん,jide-n,Manner or sound of じでーん: 生成語。語根じで+HN。Decay低 / Weight高 / Hard低。最近傍既存語:がーん,Psychomime (State/Manner),Dynamics,Neutral,Unvoiced (Light),Neutral,Reduplication,dʑideːŋ,8,2,8,7,3,6,279.0,2.6,1,2548.0,5.5,8,mh,5,#77321E,30.2,28.9,27.2,"Reflecting voiced consonants and nasal resonance for a vector configuration of Weight 8, Time 2, and Flow 7.",,5,5,5,8,COMPOUND(複合・異種)
じみゅー,jimyu-,Manner or sound of じみゅー: 生成語。語根じみゅ+H。Decay低 / Time低 / Moist高。最近傍既存語:ごてごて,Psychomime (State/Manner),Dynamics,Neutral,Unvoiced (Light),Neutral,Reduplication,dʑimjuː,6,1,6,7,5,6,592.0,4.5,0,5809.0,6.9,8,mh,5,#AB6F58,52.8,21.0,22.6,"Reflecting voiced consonants and nasal resonance for a vector configuration of Weight 6, Time 1, and Flow 7.",,2,7,7,1,LONG(長音ー)
ぞぎゅー,zogyu-,Manner or sound of ぞぎゅー: 生成語。語根ぞぎゅ+H。Decay低 / Re高 / Time低。最近傍既存語:わーん,Psychomime (State/Manner),Dynamics,Neutral,Unvoiced (Light),Neutral,Reduplication,dzoɡjuː,6,3,8,5,6,5,547.0,4.3,0,18857.0,8.9,8,0,4,#9A6B58,49.5,16.5,18.0,"Reflecting voiced consonants and long vowel extension for a vector configuration of Weight 6, Time 3, and Flow 5.",,2,7,7,1,LONG(長音ー)
ちちゅー,chichu-,Manner or sound of ちちゅー: 生成語。語根ちちゅ+H。Freq高 / Decay低 / Weight低。最近傍既存語:ひーひー,Psychomime (State/Manner),Dynamics,Neutral,Unvoiced (Light),Neutral,Reduplication,tɕitɕuː,2,3,7,7,5,4,3500.0,9.0,2,9868.0,7.8,6,mh,5,#FFEBB1,95.4,7.2,33.7,"Reflecting unvoiced plosives and fricatives for a vector configuration of Weight 2, Time 3, and Flow 7.",,2,7,7,1,LONG(長音ー)
でまーん,dema-n,Manner or sound of でまーん: 生成語。語根でま+HN。Weight高 / Decay低 / Freq低。最近傍既存語:ずずん,Psychomime (State/Manner),Dynamics,Neutral,Unvoiced (Light),Neutral,Reduplication,demaːŋ,9,2,6,5,4,8,132.0,0.7,1,2135.0,5.2,9,mh,5,#5A0B10,17.7,34.7,20.2,"Reflecting voiced consonants and nasal resonance for a vector configuration of Weight 9, Time 2, and Flow 5.",,5,5,5,8,COMPOUND(複合・異種)
りじゅーん,riju-n,Manner or sound of りじゅーん: 生成語。語根りじゅ+HN。Decay低 / Hard低 / Space高。最近傍既存語:まじまじ,Psychomime (State/Manner),Dynamics,Neutral,Unvoiced (Light),Neutral,Reduplication,ɾidʑuːŋ,5,4,8,6,3,7,721.0,5.0,2,3040.0,5.8,8,0,4,#AC8878,59.8,11.4,13.8,"Reflecting voiced consonants and nasal resonance for a vector configuration of Weight 5, Time 4, and Flow 6.",,5,5,5,8,COMPOUND(複合・異種)
りりゃーん,rirya-n,Manner or sound of りりゃーん: 生成語。語根りりゃ+HN。Freq高 / Space高 / Flow低。最近傍既存語:こけこっこー,Psychomime (State/Manner),Dynamics,Neutral,Unvoiced (Light),Neutral,Reduplication,ɾiɾjaːŋ,3,6,9,2,5,4,1719.0,7.2,2,12488.0,8.2,7,mh,5,#F8D1A5,86.1,7.7,27.0,"Reflecting nasal resonance and flap consonant /ɾ/ for a vector configuration of Weight 3, Time 6, and Flow 2.",,5,5,5,8,COMPOUND(複合・異種)
いきーん,iki-n,Manner or sound of いきーん: 生成語。語根いき+HN。Hard低 / Space高 / Freq高。最近傍既存語:かーんかーん,Psychomime (State/Manner),Dynamics,Neutral,Unvoiced (Light),Neutral,Reduplication,ikiːŋ,5,5,9,6,2,2,914.0,5.6,3,4328.0,6.4,6,mh,5,#C79051,63.8,14.0,41.1,"Reflecting unvoiced plosives and nasal resonance for a vector configuration of Weight 5, Time 5, and Flow 6.",,5,5,5,8,COMPOUND(複合・異種)
いゆーん,iyu-n,Manner or sound of いゆーん: 生成語。語根いゆ+HN。Decay低 / Time低 / Re低。最近傍既存語:おめおめ,Psychomime (State/Manner),Dynamics,Neutral,Unvoiced (Light),Neutral,Reduplication,ijuːŋ,4,2,5,4,5,6,368.0,3.3,0,740.0,3.4,5,0,4,#B58E70,62.0,10.4,21.6,"Reflecting nasal resonance and long vowel extension for a vector configuration of Weight 4, Time 2, and Flow 4.",,5,5,5,8,COMPOUND(複合・異種)
えざーん,eza-n,Manner or sound of えざーん: 生成語。語根えざ+HN。Decay低 / Hard低 / Time低。最近傍既存語:つくづく,Psychomime (State/Manner),Dynamics,Neutral,Unvoiced (Light),Neutral,Reduplication,ezaːŋ,7,2,6,6,2,5,229.0,2.1,1,1333.0,4.4,6,0,4,#764626,34.6,17.5,27.7,"Reflecting voiced consonants and nasal resonance for a vector configuration of Weight 7, Time 2, and Flow 6.",,5,5,5,8,COMPOUND(複合・異種)
えじー,eji-,Manner or sound of えじー: 生成語。語根えじ+H。Time低 / Decay低 / Boyle低。最近傍既存語:まんじり,Psychomime (State/Manner),Dynamics,Neutral,Unvoiced (Light),Neutral,Reduplication,edʑiː,4,0,6,8,4,4,547.0,4.3,0,1414.0,4.5,5,0,4,#A7855C,57.9,7.7,26.9,"Reflecting voiced consonants and long vowel extension for a vector configuration of Weight 4, Time 0, and Flow 8.",,2,7,7,1,LONG(長音ー)
えちーん,echi-n,Manner or sound of えちーん: 生成語。語根えち+HN。Hard低 / Decay低 / Time低。最近傍既存語:まじまじ,Psychomime (State/Manner),Dynamics,Neutral,Unvoiced (Light),Neutral,Reduplication,etɕiːŋ,6,3,7,6,2,6,525.0,4.2,2,1687.0,4.8,7,0,4,#A8724D,52.9,17.0,28.9,"Reflecting unvoiced plosives and fricatives for a vector configuration of Weight 6, Time 3, and Flow 6.",,5,5,5,8,COMPOUND(複合・異種)
きりゃー,kirya-,Manner or sound of きりゃー: 生成語。語根きりゃ+H。Freq高 / Moist低 / Re高。最近傍既存語:けいけい,Psychomime (State/Manner),Dynamics,Neutral,Unvoiced (Light),Neutral,Reduplication,kiɾjaː,2,5,8,4,6,1,3234.0,8.8,2,20000.0,9.0,5,mh,5,#FFF7AB,98.0,-0.2,40.2,"Reflecting unvoiced plosives and flap consonant /ɾ/ for a vector configuration of Weight 2, Time 5, and Flow 4.",,2,7,7,1,LONG(長音ー)
ぎぎゃー,gigya-,Manner or sound of ぎぎゃー: 生成語。語根ぎぎゃ+H。Freq高 / Re高 / Decay低。最近傍既存語:けいけい,Psychomime (State/Manner),Dynamics,Neutral,Unvoiced (Light),Neutral,Reduplication,ɡiɡjaː,6,5,8,5,4,2,1356.0,6.6,2,20000.0,9.0,7,0,4,#C08955,61.4,15.4,35.9,"Reflecting voiced consonants and long vowel extension for a vector configuration of Weight 6, Time 5, and Flow 5.",,2,7,7,1,LONG(長音ー)
くにー,kuni-,Manner or sound of くにー: 生成語。語根くに+H。Decay低 / Time低 / Freq高。最近傍既存語:つーかー,Psychomime (State/Manner),Dynamics,Neutral,Unvoiced (Light),Neutral,Reduplication,kuniː,2,2,6,6,6,3,1070.0,6.0,1,3627.0,6.1,5,0,4,#E3C894,81.8,2.1,29.8,"Reflecting unvoiced plosives and nasal resonance for a vector configuration of Weight 2, Time 2, and Flow 6.",,2,7,7,1,LONG(長音ー)
ざだー,zada-,Manner or sound of ざだー: 生成語。語根ざだ+H。Decay低 / Re高 / Time低。最近傍既存語:がーがー,Psychomime (State/Manner),Dynamics,Neutral,Unvoiced (Light),Neutral,Reduplication,dzadaː,6,3,8,4,5,3,525.0,4.2,0,15804.0,8.6,6,mh,5,#A5663E,49.4,21.5,33.0,"Reflecting voiced consonants and long vowel extension for a vector configuration of Weight 6, Time 3, and Flow 4.",,2,7,7,1,LONG(長音ー)
じあーん,jia-n,Manner or sound of じあーん: 生成語。語根じあ+HN。Decay低 / Hard低 / Weight高。最近傍既存語:がーがー,Psychomime (State/Manner),Dynamics,Neutral,Unvoiced (Light),Neutral,Reduplication,dʑiaːŋ,7,3,8,6,3,5,302.0,2.8,1,3040.0,5.8,8,mh,5,#873F1E,35.6,28.6,33.5,"Reflecting voiced consonants and nasal resonance for a vector configuration of Weight 7, Time 3, and Flow 6.",,5,5,5,8,COMPOUND(複合・異種)
ずじゅー,zuju-,Manner or sound of ずじゅー: 生成語。語根ずじゅ+H。Decay低 / Time低 / Re高。最近傍既存語:わーん,Psychomime (State/Manner),Dynamics,Neutral,Unvoiced (Light),Neutral,Reduplication,dzudʑuː,6,1,7,5,6,6,467.0,3.9,0,9868.0,7.8,7,0,4,#956D6A,50.0,15.3,7.8,"Reflecting voiced consonants and long vowel extension for a vector configuration of Weight 6, Time 1, and Flow 5.",,2,7,7,1,LONG(長音ー)
ずじゅーん,zuju-n,Manner or sound of ずじゅーん: 生成語。語根ずじゅ+HN。Decay低 / Time低 / Weight高。最近傍既存語:がーん,Psychomime (State/Manner),Dynamics,Neutral,Unvoiced (Light),Neutral,Reduplication,dzudʑuːŋ,8,2,8,5,4,8,220.0,2.0,0,4590.0,6.5,9,0,4,#683842,29.9,22.3,3.7,"Reflecting voiced consonants and nasal resonance for a vector configuration of Weight 8, Time 2, and Flow 5.",,5,5,5,8,COMPOUND(複合・異種)
ぜちゅー,zechu-,Manner or sound of ぜちゅー: 生成語。語根ぜちゅ+H。Decay低 / Re高 / Time低。最近傍既存語:じーじー,Psychomime (State/Manner),Dynamics,Neutral,Unvoiced (Light),Neutral,Reduplication,dzetɕuː,6,3,8,6,5,6,811.0,5.3,1,17779.0,8.8,8,0,4,#A46D5B,51.5,19.7,19.1,"Reflecting voiced consonants and unvoiced plosives for a vector configuration of Weight 6, Time 3, and Flow 6.",,2,7,7,1,LONG(長音ー)
だめーん,dame-n,Manner or sound of だめーん: 生成語。語根だめ+HN。Weight高 / Decay低 / Freq低。最近傍既存語:ずずん,Psychomime (State/Manner),Dynamics,Neutral,Unvoiced (Light),Neutral,Reduplication,dameːŋ,9,2,6,5,4,8,132.0,0.7,1,2135.0,5.2,9,mh,5,#5A0B10,17.7,34.7,20.2,"Reflecting voiced consonants and nasal resonance for a vector configuration of Weight 9, Time 2, and Flow 5.",,5,5,5,8,COMPOUND(複合・異種)
でみー,demi-,Manner or sound of でみー: 生成語。語根でみ+H。Decay低 / Time低 / Weight高。最近傍既存語:ごてごて,Psychomime (State/Manner),Dynamics,Neutral,Unvoiced (Light),Neutral,Reduplication,demiː,7,2,6,8,4,6,449.0,3.8,0,5809.0,6.9,8,0,4,#864730,37.4,24.6,25.4,"Reflecting voiced consonants and nasal resonance for a vector configuration of Weight 7, Time 2, and Flow 8.",,2,7,7,1,LONG(長音ー)
ぴじゅー,piju-,Manner or sound of ぴじゅー: 生成語。語根ぴじゅ+H。Decay低 / Time低 / Freq高。最近傍既存語:じーじー,Psychomime (State/Manner),Dynamics,Neutral,Unvoiced (Light),Neutral,Reduplication,pidʑuː,3,2,7,8,6,5,1205.0,6.3,1,7352.0,7.3,7,0,4,#D6AF8E,74.1,9.8,22.1,"Reflecting voiced consonants and unvoiced plosives for a vector configuration of Weight 3, Time 2, and Flow 8.",,2,7,7,1,LONG(長音ー)
みめー,mime-,Manner or sound of みめー: 生成語。語根みめ+H。Decay低 / Time低 / Freq高。最近傍既存語:じわじわ,Psychomime (State/Manner),Dynamics,Neutral,Unvoiced (Light),Neutral,Reduplication,mimeː,4,1,5,7,6,5,666.0,4.8,0,2866.0,5.7,7,mh,5,#C39069,63.7,14.5,28.1,"Reflecting nasal resonance and long vowel extension for a vector configuration of Weight 4, Time 1, and Flow 7.",,2,7,7,1,LONG(長音ー)
よぞー,yozo-,Manner or sound of よぞー: 生成語。語根よぞ+H。Time低 / Decay低 / Space低。最近傍既存語:ほーほー,Psychomime (State/Manner),Dynamics,Neutral,Unvoiced (Light),Neutral,Reduplication,jozoː,5,0,3,6,6,4,368.0,3.3,0,1790.0,4.9,5,0,4,#9A7E5F,54.8,6.4,21.0,"Reflecting voiced consonants and long vowel extension for a vector configuration of Weight 5, Time 0, and Flow 6.",,2,7,7,1,LONG(長音ー)
りみゅーん,rimyu-n,Manner or sound of りみゅーん: 生成語。語根りみゅ+HN。Decay低 / Moist高 / Space高。最近傍既存語:かーんかーん,Psychomime (State/Manner),Dynamics,Neutral,Unvoiced (Light),Neutral,Reduplication,ɾimjuːŋ,4,4,8,4,4,7,878.0,5.5,1,4328.0,6.4,8,0,4,#CA9F8B,68.8,13.0,16.3,"Reflecting nasal resonance and flap consonant /ɾ/ for a vector configuration of Weight 4, Time 4, and Flow 4.",,5,5,5,8,COMPOUND(複合・異種)
りみー,rimi-,Manner or sound of りみー: 生成語。語根りみ+H。Freq高 / Decay低 / Weight低。最近傍既存語:けいけい,Psychomime (State/Manner),Dynamics,Neutral,Unvoiced (Light),Neutral,Reduplication,ɾimiː,2,4,8,6,5,3,2358.0,8.0,1,7798.0,7.4,6,0,4,#F3D7A3,87.2,2.1,29.3,"Reflecting nasal resonance and flap consonant /ɾ/ for a vector configuration of Weight 2, Time 4, and Flow 6.",,2,7,7,1,LONG(長音ー)
りゆーん,riyu-n,Manner or sound of りゆーん: 生成語。語根りゆ+HN。Decay低 / Time低 / Moist高。最近傍既存語:めーめー,Psychomime (State/Manner),Dynamics,Neutral,Unvoiced (Light),Neutral,Reduplication,ɾijuːŋ,3,3,6,3,6,6,780.0,5.2,0,1687.0,4.8,6,0,4,#D8BB9E,77.5,6.0,18.5,"Reflecting nasal resonance and flap consonant /ɾ/ for a vector configuration of Weight 3, Time 3, and Flow 3.",,5,5,5,8,COMPOUND(複合・異種)
あけらかん,akerakan,Manner or sound of あけらかん: あっけらかんとして平然としている manner.,Psychomime (State/Manner),Dynamics,Neutral,Unvoiced (Light),Neutral,Reduplication,akeɾakaŋ,4,5,5,3,6,4,345.1,3.14,5,3409.6,5.99,5,mh,5,#800000,25.5,48.0,38.1,"Reflecting unvoiced plosives and nasal resonance for a vector configuration of Weight 4, Time 5, and Flow 3.",,5,5,5,8,COMPOUND(複合・異種)
あざあざ,azaaza,Manner or sound of あざあざ: あざやかで澄んだ様子、鮮明な manner.,Psychomime (State/Manner),Dynamics,Neutral,Unvoiced (Light),Neutral,Reduplication,azaaza,5,4,5,3,7,5,350.9,3.18,3,8362.3,7.52,5,0,4,#4682B4,52.5,-4.1,-32.2,"Reflecting voiced consonants for a vector configuration of Weight 5, Time 4, and Flow 3.",,4,5,5,1,REDUP(畳語・同一)
あっけらかん,atkerakan,Manner or sound of あっけらかん: 案外なことに呆気にとられつつも、平気でいる manner.,Psychomime (State/Manner),Dynamics,Neutral,Unvoiced (Light),Neutral,Reduplication,akkeɾakaŋ,4,6,5,3,6,3,341.4,3.11,6,3763.7,6.16,5,h,6,#FFD700,86.9,-1.9,87.1,"Reflecting unvoiced plosives and nasal resonance for a vector configuration of Weight 4, Time 6, and Flow 3.",,5,5,5,8,COMPOUND(複合・異種)
あっはっは,athatha,Manner or sound of あっはっは: 大声で明朗に笑う voice/cry.,Psychomime (State/Manner),Dynamics,Neutral,Unvoiced (Light),Neutral,Reduplication,ahhahha,4,5,4,3,7,6,423.7,3.65,4,3082.3,5.82,5,mh,5,#FFFF00,97.1,-21.6,94.5,"Reflecting fricatives and geminate sokuon (sudden onset) for a vector configuration of Weight 4, Time 5, and Flow 3.",,5,5,0,8,COMPOUND(複合・異種)
あはははは,ahahahaha,Manner or sound of あはははは: 高らかに連続して笑う voice/cry.,Psychomime (State/Manner),Dynamics,Neutral,Unvoiced (Light),Neutral,Reduplication,ahahahaha,3,5,4,3,7,5,512.2,4.14,4,3226.8,5.90,4,mh,5,#FFFF00,97.1,-21.6,94.5,"Reflecting fricatives for a vector configuration of Weight 3, Time 5, and Flow 3.",,5,5,0,8,COMPOUND(複合・異種)
あぷあぷ,apuapu,Manner or sound of あぷあぷ: 水面に浮き沈みしながらもがく音・ state/manner.,Psychomime (State/Manner),Dynamics,Neutral,Unvoiced (Light),Neutral,Reduplication,apuapu,4,5,4,6,6,6,326.5,3.00,4,3626.1,6.10,6,0,4,#4169E1,47.8,26.3,-65.3,"Reflecting unvoiced plosives for a vector configuration of Weight 4, Time 5, and Flow 6.",,4,5,5,1,REDUP(畳語・同一)
いがいが,igaiga,Manner or sound of いがいが: 喉や肌に刺さるような異物感・不快感がある state/manner.,Psychomime (State/Manner),Dynamics,Neutral,Unvoiced (Light),Neutral,Reduplication,iɡaiɡa,5,5,5,5,5,4,360.7,3.25,4,3605.9,6.09,6,0,4,#FF4500,57.6,67.8,69.0,"Reflecting voiced consonants for a vector configuration of Weight 5, Time 5, and Flow 5.",,4,5,5,1,REDUP(畳語・同一)
いけしゃーしゃー,ikesha-sha-,Manner or sound of いけしゃーしゃー: 厚かましく平然としている manner.,Psychomime (State/Manner),Dynamics,Neutral,Unvoiced (Light),Neutral,Reduplication,ikeɕaːɕaː,3,4,5,3,7,4,1225.0,6.34,3,9361.3,7.71,5,mh,5,#800000,25.5,48.0,38.1,"Reflecting unvoiced plosives and fricatives for a vector configuration of Weight 3, Time 4, and Flow 3.",,3,7,5,0,LONG(長音ー)
うえーん,ue-n,Manner or sound of うえーん: 子供が泣き叫ぶ voice/cry.,Psychomime (State/Manner),Dynamics,Neutral,Unvoiced (Light),Neutral,Reduplication,ueːŋ,5,3,6,5,6,5,881.2,5.51,1,6323.3,7.04,5,mh,5,#1E90FF,59.4,10.0,-63.4,"Reflecting nasal resonance and long vowel extension for a vector configuration of Weight 5, Time 3, and Flow 5.",,2,7,5,0,LONG(長音ー)
うおんうおん,uonuon,Manner or sound of うおんうおん: 獣や犬が低く太い声で吠える音・泣く voice/cry.,Psychomime (State/Manner),Dynamics,Neutral,Unvoiced (Light),Neutral,Reduplication,uoŋuoŋ,5,4,5,4,5,6,139.4,0.84,3,2213.1,5.26,5,mh,5,#4682B4,52.5,-4.1,-32.2,"Reflecting nasal resonance for a vector configuration of Weight 5, Time 4, and Flow 4.",,4,5,5,1,REDUP(畳語・同一)
うおー,uo-,Manner or sound of うおー: 大声で叫ぶ歓声・咆哮。,Psychomime (State/Manner),Dynamics,Neutral,Unvoiced (Light),Neutral,Reduplication,uoː,5,2,5,4,6,4,679.5,4.85,2,6365.5,7.06,5,mh,5,#FF0000,53.2,80.1,67.2,"Reflecting long vowel extension for a vector configuration of Weight 5, Time 2, and Flow 4.",,2,7,5,0,LONG(長音ー)
うかと,ukato,Manner or sound of うかと: ふとうっかりと油断する state/manner.,Psychomime (State/Manner),Dynamics,Neutral,Unvoiced (Light),Neutral,Reduplication,ukato,4,5,4,5,6,4,297.0,2.76,6,1115.7,4.10,5,0,4,#F5F5F5,96.5,-0.0,0.0,"Reflecting unvoiced plosives for a vector configuration of Weight 4, Time 5, and Flow 5.",,5,5,0,8,COMPOUND(複合・異種)
うぐひ,uguhi,Manner or sound of うぐひ: 鳥（ウグイスなど）が鳴く声（古風）。,Psychomime (State/Manner),Dynamics,Neutral,Unvoiced (Light),Neutral,Reduplication,uɡuçi,5,4,4,5,6,6,447.0,3.79,4,2340.5,5.36,6,0,4,#FFFFFF,100.0,-0.0,0.0,"Reflecting voiced consonants and fricatives for a vector configuration of Weight 5, Time 4, and Flow 5.",,5,5,0,8,COMPOUND(複合・異種)
うざうざ,uzauza,Manner or sound of うざうざ: 大勢・大量に群がり動く様子、 or 煩わしい manner.,Psychomime (State/Manner),Dynamics,Neutral,Unvoiced (Light),Neutral,Reduplication,uzauza,5,5,4,5,6,5,278.4,2.59,4,6622.3,7.12,6,mc,3,#0000FF,32.3,79.2,-107.9,"Reflecting voiced consonants for a vector configuration of Weight 5, Time 5, and Flow 5.",,4,5,5,1,REDUP(畳語・同一)
うだうだ,udauda,Manner or sound of うだうだ: つまらないことをぐずぐずと言い続ける manner.,Psychomime (State/Manner),Relationship,Negative,Unvoiced (Light),Dark/Heavy/Large,Reduplication,udauda,5,4,3,4,6,6,265.1,2.47,3,1833.6,4.94,6,0,4,#808080,53.6,-0.0,0.0,"Reflecting voiced consonants for a vector configuration of Weight 5, Time 4, and Flow 4.",,4,5,5,1,REDUP(畳語・同一)
うっすり,utsuri,Manner or sound of うっすり: うっすらとほんのりしている manner.,Psychomime (State/Manner),Dynamics,Neutral,Unvoiced (Light),Neutral,Reduplication,ussuɾi,3,4,4,4,7,4,449.5,3.80,5,1952.3,5.05,5,0,4,#E6E6FA,91.8,3.7,-9.7,"Reflecting fricatives and flap consonant /ɾ/ for a vector configuration of Weight 3, Time 4, and Flow 4.",,5,5,5,8,COMPOUND(複合・異種)
うとっ,utot,Manner or sound of うとっ: 一瞬うとうととする state/manner.,Psychomime (State/Manner),Dynamics,Neutral,Unvoiced (Light),Neutral,Reduplication,utoʔ,4,6,5,6,6,4,480.2,3.97,7,6511.4,7.09,6,0,4,#778899,55.9,-2.2,-11.1,"Reflecting unvoiced plosives and geminate sokuon (sudden onset) for a vector configuration of Weight 4, Time 6, and Flow 6.",,2,5,0,0,Q(促音単発)
うはは,uhaha,Manner or sound of うはは: 高らかに笑う voice/cry.,Psychomime (State/Manner),Dynamics,Neutral,Unvoiced (Light),Neutral,Reduplication,uhaha,3,4,4,3,7,5,481.2,3.98,4,2403.7,5.40,4,mh,5,#FFFF00,97.1,-21.6,94.5,"Reflecting fricatives for a vector configuration of Weight 3, Time 4, and Flow 3.",,5,5,0,8,COMPOUND(複合・異種)
うひひ,uhihi,Manner or sound of うひひ: 忍び笑い、卑しい笑い voice/cry.,Psychomime (State/Manner),Dynamics,Neutral,Unvoiced (Light),Neutral,Reduplication,uçiçi,3,5,4,5,7,5,889.3,5.53,5,3655.9,6.11,5,mh,5,#FFFFFF,100.0,-0.0,0.0,"Reflecting fricatives for a vector configuration of Weight 3, Time 5, and Flow 5.",,5,5,0,8,COMPOUND(複合・異種)
うひょひょ,uhyohyo,Manner or sound of うひょひょ: 歓喜や冷やかしの奇声・笑い voice/cry.,Psychomime (State/Manner),Dynamics,Neutral,Unvoiced (Light),Neutral,Reduplication,uçjoçjo,3,4,3,4,8,6,661.7,4.78,4,2020.6,5.11,5,mh,5,#FFFFFF,100.0,-0.0,0.0,"Reflecting fricatives for a vector configuration of Weight 3, Time 4, and Flow 4.",,5,5,0,8,COMPOUND(複合・異種)
うふっ,ufut,Manner or sound of うふっ: 思わず漏れる含み笑い。,Psychomime (State/Manner),Dynamics,Neutral,Unvoiced (Light),Neutral,Reduplication,uɸuʔ,4,7,6,7,6,4,528.6,4.21,7,7943.2,7.43,7,mh,5,#FFFFFF,100.0,-0.0,0.0,"Reflecting fricatives and geminate sokuon (sudden onset) for a vector configuration of Weight 4, Time 7, and Flow 7.",,2,5,0,0,Q(促音単発)
うふふっ,ufufut,Manner or sound of うふふっ: 可愛らしく静かに笑う state/manner.,Psychomime (State/Manner),Dynamics,Neutral,Unvoiced (Light),Neutral,Reduplication,uɸuɸuʔ,3,6,5,6,7,4,534.6,4.24,7,6452.8,7.08,6,mh,5,#FFF0F5,96.1,5.9,-0.6,"Reflecting fricatives and geminate sokuon (sudden onset) for a vector configuration of Weight 3, Time 6, and Flow 6.",,2,5,0,0,Q(促音単発)
うふふふ,ufufufu,Manner or sound of うふふふ: 満足そうに笑い続ける voice/cry.,Psychomime (State/Manner),Dynamics,Neutral,Unvoiced (Light),Neutral,Reduplication,uɸuɸuɸu,3,4,3,5,7,6,362.8,3.26,4,1797.0,4.91,5,mh,5,#FFF0F5,96.1,5.9,-0.6,"Reflecting fricatives for a vector configuration of Weight 3, Time 4, and Flow 5.",,5,5,0,8,COMPOUND(複合・異種)
うるうる,uruuru,Manner or sound of うるうる: 目に涙が溜まってうるんでいる state/manner.,Psychomime (State/Manner),Emotion,Negative,Unvoiced (Light),Dark/Heavy/Large,Reduplication,uɾuuɾu,4,4,3,4,7,6,256.4,2.38,3,327.7,2.02,5,0,4,#4682B4,52.5,-4.1,-32.2,"Reflecting flap consonant /ɾ/ for a vector configuration of Weight 4, Time 4, and Flow 4.",,4,5,5,1,REDUP(畳語・同一)
うるっ,urut,Manner or sound of うるっ: 瞬間的に涙ぐむ state/manner.,Psychomime (State/Manner),Dynamics,Neutral,Unvoiced (Light),Neutral,Reduplication,uɾuʔ,5,8,7,7,5,3,505.4,4.10,8,8972.8,7.64,7,mc,3,#FFFFFF,100.0,-0.0,0.0,"Reflecting flap consonant /ɾ/ and geminate sokuon (sudden onset) for a vector configuration of Weight 5, Time 8, and Flow 7.",,2,5,0,0,Q(促音単発)
うーっ,u-t,Manner or sound of うーっ: 唸り声や警戒の voice/cry.,Psychomime (State/Manner),Dynamics,Neutral,Unvoiced (Light),Neutral,Reduplication,uːʔ,4,3,6,5,6,4,1034.0,5.91,3,8592.3,7.56,6,0,4,#F0FFFF,98.9,-4.9,-1.7,"Reflecting geminate sokuon (sudden onset) and long vowel extension for a vector configuration of Weight 4, Time 3, and Flow 5.",,2,7,5,0,LONG(長音ー)
うーむ,u-mu,Manner or sound of うーむ: 考え込むときの低い唸り voice/cry.,Psychomime (State/Manner),Dynamics,Neutral,Unvoiced (Light),Neutral,Reduplication,uːmu,4,2,4,5,6,4,890.8,5.54,1,5188.4,6.71,5,0,4,#696969,44.4,-0.0,0.0,"Reflecting nasal resonance and long vowel extension for a vector configuration of Weight 4, Time 2, and Flow 5.",,2,7,5,0,LONG(長音ー)
えっへん,ethen,Manner or sound of えっへん: 威張って咳払いをする state/manner.,Phonomime (Voice),Relationship,Neutral,Unvoiced (Light),Bright/Light/Small,Geminate (促音/Sokuon),ehheŋ,5,6,6,6,5,5,317.5,2.92,6,2243.1,5.28,6,0,4,#8B0000,28.1,51.0,41.3,"Reflecting fricatives and nasal resonance for a vector configuration of Weight 5, Time 6, and Flow 6.",,3,6,5,0,N(撥音単発)
えへらえへら,eheraehera,Manner or sound of えへらえへら: 締まりなくにやにや笑う state/manner.,Psychomime (State/Manner),Dynamics,Neutral,Unvoiced (Light),Neutral,Reduplication,eheɾaeheɾa,3,5,3,3,8,4,370.2,3.31,3,2723.8,5.61,5,mh,5,#FFFFE0,99.3,-5.1,14.8,"Reflecting fricatives and flap consonant /ɾ/ for a vector configuration of Weight 3, Time 5, and Flow 3.",,4,5,5,1,REDUP(畳語・同一)
えへんえへん,ehenehen,Manner or sound of えへんえへん: 何度も咳払いをする state/manner.,Psychomime (State/Manner),Dynamics,Neutral,Unvoiced (Light),Neutral,Reduplication,eheŋeheŋ,4,5,5,5,6,5,283.4,2.64,4,2320.3,5.34,6,0,4,#8B0000,28.1,51.0,41.3,"Reflecting fricatives and nasal resonance for a vector configuration of Weight 4, Time 5, and Flow 5.",,4,5,5,1,REDUP(畳語・同一)
えんえん,enen,"Loud, bright, or cheerful laughter.",Phonomime (Voice),Emotion,Negative,Unvoiced (Light),Dark/Heavy/Large,Reduplication,eŋeŋ,4,4,5,5,6,5,348.0,3.16,3,2234.0,5.28,5,mh,5,#FFFF00,97.1,-21.6,94.5,"Reflecting nasal resonance for a vector configuration of Weight 4, Time 4, and Flow 5.",,4,5,5,1,REDUP(畳語・同一)
えーんえーん,e-ne-n,Manner or sound of えーんえーん: 子供が声を忍ばず泣き続ける voice/cry.,Psychomime (State/Manner),Dynamics,Neutral,Unvoiced (Light),Neutral,Reduplication,eːŋeːŋ,5,4,6,4,5,6,489.2,4.02,2,3694.4,6.13,6,mh,5,#FF69B4,65.5,64.2,-10.6,"Reflecting nasal resonance and long vowel extension for a vector configuration of Weight 5, Time 4, and Flow 4.",,4,5,5,1,REDUP(畳語・同一)
おうおう,ouou,Manner or sound of おうおう: 大声で呼びかけたり威嚇・号泣したりする voice/cry.,Psychomime (State/Manner),Dynamics,Neutral,Unvoiced (Light),Neutral,Reduplication,ouou,5,4,4,4,6,6,356.0,3.21,3,2485.1,5.46,5,0,4,#4682B4,52.5,-4.1,-32.2,"Reflecting phonetic sound symbolism for a vector configuration of Weight 5, Time 4, and Flow 4.",,4,5,5,1,REDUP(畳語・同一)
おうしいつくつく,oushiitsukutsuku,Manner or sound of おうしいつくつく: ツクツクボウシの雄々しい鳴き voice/cry.,Psychomime (State/Manner),Dynamics,Neutral,Unvoiced (Light),Neutral,Reduplication,ouɕiitsukutsuku,4,4,5,6,6,5,560.8,4.36,5,2124.0,5.19,6,0,4,#4B0082,20.5,51.7,-53.3,"Reflecting unvoiced plosives and fricatives for a vector configuration of Weight 4, Time 4, and Flow 6.",,5,5,0,8,COMPOUND(複合・異種)
おおしいつくつく,ooshiitsukutsuku,Manner or sound of おおしいつくつく: 蝉（ツクツクボウシ）の力強い鳴き声の模写。,Psychomime (State/Manner),Dynamics,Neutral,Unvoiced (Light),Neutral,Reduplication,ooɕiitsukutsuku,4,5,6,6,5,5,489.9,4.02,5,2569.5,5.51,6,0,4,#4B0082,20.5,51.7,-53.3,"Reflecting unvoiced plosives and fricatives for a vector configuration of Weight 4, Time 5, and Flow 6.",,5,5,0,8,COMPOUND(複合・異種)
おぎゃ,ogya,Manner or sound of おぎゃ: 赤ん坊が産声をあげる sound.,Psychomime (State/Manner),Dynamics,Neutral,Unvoiced (Light),Neutral,Reduplication,oɡja,5,4,4,4,6,6,252.3,2.34,4,3217.6,5.90,6,mh,5,#8F502F,40.9,23.3,30.5,"Reflecting voiced consonants for a vector configuration of Weight 5, Time 4, and Flow 4.",,5,5,0,8,COMPOUND(複合・異種)
おぎゃおぎゃ,ogyaogya,Manner or sound of おぎゃおぎゃ: 赤ん坊が続けて激しく泣く voice/cry.,Psychomime (State/Manner),Dynamics,Neutral,Unvoiced (Light),Neutral,Reduplication,oɡjaoɡja,5,5,4,4,6,6,352.8,3.19,3,5150.0,6.70,6,0,4,#FF4500,57.6,67.8,69.0,"Reflecting voiced consonants for a vector configuration of Weight 5, Time 5, and Flow 4.",,4,5,5,1,REDUP(畳語・同一)
おぎゃー,ogya-,Manner or sound of おぎゃー: 赤ん坊の元気な産声・泣き voice/cry.,Phonomime (Voice),Living Beings,Positive,Unvoiced (Light),Bright/Light/Small,Long Vowel,oɡjaː,4,3,5,4,7,4,1084.5,6.03,1,9078.7,7.66,5,mh,5,#FF4500,57.6,67.8,69.0,"Reflecting voiced consonants and long vowel extension for a vector configuration of Weight 4, Time 3, and Flow 4.",,2,7,5,0,LONG(長音ー)
おぎゃーおぎゃー,ogya-ogya-,Manner or sound of おぎゃーおぎゃー: 赤ん坊が何度も激しく泣く voice/cry.,Psychomime (State/Manner),Dynamics,Neutral,Unvoiced (Light),Neutral,Reduplication,oɡjaːoɡjaː,5,4,5,3,6,6,611.3,4.58,2,6972.4,7.21,6,mh,5,#FF4500,57.6,67.8,69.0,"Reflecting voiced consonants and long vowel extension for a vector configuration of Weight 5, Time 4, and Flow 3.",,4,5,5,1,REDUP(畳語・同一)
おしいつくつく,oshiitsukutsuku,Manner or sound of おしいつくつく: ツクツクボウシの秋の鳴き voice/cry.,Psychomime (State/Manner),Dynamics,Neutral,Unvoiced (Light),Neutral,Reduplication,oɕiitsukutsuku,4,5,5,6,6,5,557.4,4.35,5,2791.2,5.65,6,0,4,#4B0082,20.5,51.7,-53.3,"Reflecting unvoiced plosives and fricatives for a vector configuration of Weight 4, Time 5, and Flow 6.",,5,5,0,8,COMPOUND(複合・異種)
おぼおば,obooba,Manner or sound of おぼおば: ぼんやりして定まらない state/manner.,Psychomime (State/Manner),Dynamics,Neutral,Unvoiced (Light),Neutral,Reduplication,obooba,6,4,3,5,6,7,100.0,0.00,4,1453.6,4.55,6,0,4,#708090,52.8,-2.1,-10.6,"Reflecting voiced consonants for a vector configuration of Weight 6, Time 4, and Flow 5.",,5,5,0,8,COMPOUND(複合・異種)
おんおん,onon,"Loud, bright, or cheerful laughter.",Psychomime (State/Manner),Dynamics,Neutral,Unvoiced (Light),Neutral,Reduplication,oŋoŋ,4,5,4,5,6,6,169.9,1.34,3,1563.2,4.67,5,mh,5,#FFFF00,97.1,-21.6,94.5,"Reflecting nasal resonance for a vector configuration of Weight 4, Time 5, and Flow 5.",,4,5,5,1,REDUP(畳語・同一)
おーしんつくつく,o-shintsukutsuku,Manner or sound of おーしんつくつく: ツクツクボウシの鳴き声の変濁 expression.,Psychomime (State/Manner),Dynamics,Neutral,Unvoiced (Light),Neutral,Reduplication,oːɕintsukutsuku,3,4,6,6,6,4,903.7,5.57,3,6112.5,6.99,5,0,4,#4B0082,20.5,51.7,-53.3,"Reflecting unvoiced plosives and fricatives for a vector configuration of Weight 3, Time 4, and Flow 6.",,3,6,5,0,LONG(長音ー)
かいよ,kaiyo,Manner or sound of かいよ: 「かいよ」という感覚・音・ condition/stateを表す expression.,Psychomime (State/Manner),Dynamics,Neutral,Unvoiced (Light),Neutral,Reduplication,kaijo,4,4,4,4,6,4,494.9,4.05,5,2567.9,5.51,5,mh,5,#708090,52.8,-2.1,-10.6,"Reflecting unvoiced plosives for a vector configuration of Weight 4, Time 4, and Flow 4.",,5,5,0,8,COMPOUND(複合・異種)
かくっ,kakut,Manner or sound of かくっ: 「かく」とする actionや phenomenonが瞬間的・急激に行われる音や state/manner.,Psychomime (State/Manner),Dynamics,Neutral,Unvoiced (Light),Neutral,Reduplication,kakuʔ,4,8,7,6,5,3,594.1,4.51,8,7571.6,7.35,7,0,4,#000000,0.0,0.0,0.0,"Reflecting unvoiced plosives and geminate sokuon (sudden onset) for a vector configuration of Weight 4, Time 8, and Flow 6.",,2,5,0,0,Q(促音単発)
かくん,kakun,Manner or sound of かくん: 「かく」と響き渡る音、 or 余韻や弾力を伴う condition/state。,Psychomime (State/Manner),Dynamics,Neutral,Unvoiced (Light),Neutral,Reduplication,kakuŋ,4,7,7,5,4,4,534.1,4.24,6,4442.5,6.44,6,0,4,#808080,53.6,-0.0,0.0,"Reflecting unvoiced plosives and nasal resonance for a vector configuration of Weight 4, Time 7, and Flow 5.",,3,6,5,0,N(撥音単発)
かくんかくん,kakunkakun,Manner or sound of かくんかくん: 「かくんかく」と響き渡る音、 or 余韻や弾力を伴う condition/state。,Psychomime (State/Manner),Dynamics,Neutral,Unvoiced (Light),Neutral,Reduplication,kakuŋkakuŋ,4,6,6,4,5,4,464.7,3.89,5,3906.6,6.23,6,0,4,#D2B48C,75.0,5.0,24.4,"Reflecting unvoiced plosives and nasal resonance for a vector configuration of Weight 4, Time 6, and Flow 4.",,4,5,5,1,REDUP(畳語・同一)
かさかさっ,kasakasat,Manner or sound of かさかさっ: 「かさかさ」とする actionや phenomenonが瞬間的・急激に行われる音や state/manner.,Psychomime (State/Manner),Dynamics,Neutral,Unvoiced (Light),Neutral,Reduplication,kasakasaʔ,3,8,6,5,6,1,804.6,5.28,8,8430.3,7.53,5,0,4,#D2B48C,75.0,5.0,24.4,"Reflecting unvoiced plosives and fricatives for a vector configuration of Weight 3, Time 8, and Flow 5.",,3,5,0,0,Q(促音単発)
かさっ,kasat,Manner or sound of かさっ: 「かさ」とする actionや phenomenonが瞬間的・急激に行われる音や state/manner.,Psychomime (State/Manner),Dynamics,Neutral,Unvoiced (Light),Neutral,Reduplication,kasaʔ,4,8,6,6,6,2,736.5,5.05,8,8737.9,7.59,6,0,4,#000000,0.0,0.0,0.0,"Reflecting unvoiced plosives and fricatives for a vector configuration of Weight 4, Time 8, and Flow 6.",,2,5,0,0,Q(促音単発)
かさり,kasari,Manner or sound of かさり: 「かさ」と一度だけ鮮やかに、あるいは滑らかに行われる action・ condition/state。,Psychomime (State/Manner),Dynamics,Neutral,Unvoiced (Light),Neutral,Reduplication,kasaɾi,2,6,6,4,7,2,681.5,4.86,6,4535.6,6.48,5,mh,5,#FFFFFF,100.0,-0.0,0.0,"Reflecting unvoiced plosives and fricatives for a vector configuration of Weight 2, Time 6, and Flow 4.",,4,6,0,0,RI(り単発)
かしっ,kashit,Manner or sound of かしっ: 「かし」とする actionや phenomenonが瞬間的・急激に行われる音や state/manner.,Psychomime (State/Manner),Dynamics,Neutral,Unvoiced (Light),Neutral,Reduplication,kaɕiʔ,4,8,7,7,4,2,803.1,5.27,8,8491.2,7.54,7,0,4,#000000,0.0,0.0,0.0,"Reflecting unvoiced plosives and fricatives for a vector configuration of Weight 4, Time 8, and Flow 7.",,2,5,0,0,Q(促音単発)
かしゃっ,kashat,Manner or sound of かしゃっ: 「かしゃ」とする actionや phenomenonが瞬間的・急激に行われる音や state/manner.,Psychomime (State/Manner),Dynamics,Neutral,Unvoiced (Light),Neutral,Reduplication,kaɕaʔ,4,8,7,6,5,3,837.2,5.38,8,10897.1,7.97,7,0,4,#778899,55.9,-2.2,-11.1,"Reflecting unvoiced plosives and fricatives for a vector configuration of Weight 4, Time 8, and Flow 6.",,2,5,0,0,Q(促音単発)
かすっ,kasut,Manner or sound of かすっ: 「かす」とする actionや phenomenonが瞬間的・急激に行われる音や state/manner.,Psychomime (State/Manner),Dynamics,Neutral,Unvoiced (Light),Neutral,Reduplication,kasuʔ,3,8,6,6,6,2,760.0,5.13,8,8804.8,7.61,6,0,4,#000000,0.0,0.0,0.0,"Reflecting unvoiced plosives and fricatives for a vector configuration of Weight 3, Time 8, and Flow 6.",,2,5,0,0,Q(促音単発)
かたこと,katakoto,Manner or sound of かたこと: 「かたこと」という感覚・音・ condition/stateを表す expression.,Psychomime (State/Manner),Dynamics,Neutral,Unvoiced (Light),Neutral,Reduplication,katakoto,4,6,5,5,4,3,396.0,3.48,6,2870.3,5.70,6,0,4,#808080,53.6,-0.0,0.0,"Reflecting unvoiced plosives for a vector configuration of Weight 4, Time 6, and Flow 5.",,5,5,0,8,COMPOUND(複合・異種)
かたっ,katat,Manner or sound of かたっ: 「かた」とする actionや phenomenonが瞬間的・急激に行われる音や state/manner.,Psychomime (State/Manner),Dynamics,Neutral,Unvoiced (Light),Neutral,Reduplication,kataʔ,4,8,7,6,4,3,589.7,4.49,8,8447.7,7.54,7,0,4,#000000,0.0,0.0,0.0,"Reflecting unvoiced plosives and geminate sokuon (sudden onset) for a vector configuration of Weight 4, Time 8, and Flow 6.",,2,5,0,0,Q(促音単発)
かたんかたん,katankatan,Manner or sound of かたんかたん: 「かたんかた」と響き渡る音、 or 余韻や弾力を伴う condition/state。,Psychomime (State/Manner),Dynamics,Neutral,Unvoiced (Light),Neutral,Reduplication,kataŋkataŋ,4,7,6,5,3,4,499.6,4.07,5,5023.9,6.65,7,0,4,#808080,53.6,-0.0,0.0,"Reflecting unvoiced plosives and nasal resonance for a vector configuration of Weight 4, Time 7, and Flow 5.",,4,5,5,1,REDUP(畳語・同一)
かち,kachi,Manner or sound of かち: 「かち」という感覚・音・ condition/stateを表す expression.,Psychomime (State/Manner),Dynamics,Neutral,Unvoiced (Light),Neutral,Reduplication,katɕi,4,6,6,6,3,3,1128.3,6.13,7,5659.3,6.86,7,0,4,#C0C0C0,77.7,-0.0,0.0,"Reflecting unvoiced plosives and fricatives for a vector configuration of Weight 4, Time 6, and Flow 6.",,5,5,0,8,COMPOUND(複合・異種)
かちゃ,kacha,Manner or sound of かちゃ: 「かちゃ」という感覚・音・ condition/stateを表す expression.,Psychomime (State/Manner),Dynamics,Neutral,Unvoiced (Light),Neutral,Reduplication,katɕa,4,6,5,5,4,4,1186.9,6.26,6,7707.3,7.38,7,0,4,#D3D3D3,84.6,-0.0,0.0,"Reflecting unvoiced plosives and fricatives for a vector configuration of Weight 4, Time 6, and Flow 5.",,5,5,0,8,COMPOUND(複合・異種)
かちゃっ,kachat,Manner or sound of かちゃっ: 「かちゃ」とする actionや phenomenonが瞬間的・急激に行われる音や state/manner.,Psychomime (State/Manner),Dynamics,Neutral,Unvoiced (Light),Neutral,Reduplication,katɕaʔ,4,8,7,6,4,3,1194.4,6.28,8,10897.0,7.97,7,0,4,#D3D3D3,84.6,-0.0,0.0,"Reflecting unvoiced plosives and fricatives for a vector configuration of Weight 4, Time 8, and Flow 6.",,3,5,0,0,Q(促音単発)
かちゃり,kachari,Manner or sound of かちゃり: 「かちゃ」と一度だけ鮮やかに、あるいは滑らかに行われる action・ condition/state。,Psychomime (State/Manner),Dynamics,Neutral,Unvoiced (Light),Neutral,Reduplication,katɕaɾi,3,7,6,4,5,4,1089.0,6.04,7,6709.6,7.14,6,0,4,#FFFFFF,100.0,-0.0,0.0,"Reflecting unvoiced plosives and fricatives for a vector configuration of Weight 3, Time 7, and Flow 4.",,4,6,0,0,RI(り単発)
かちゃん,kachan,Manner or sound of かちゃん: 「かちゃ」と響き渡る音、 or 余韻や弾力を伴う condition/state。,Psychomime (State/Manner),Dynamics,Neutral,Unvoiced (Light),Neutral,Reduplication,katɕaŋ,4,8,8,5,3,4,1154.1,6.19,7,8654.0,7.58,7,0,4,#D3D3D3,84.6,-0.0,0.0,"Reflecting unvoiced plosives and fricatives for a vector configuration of Weight 4, Time 8, and Flow 5.",,3,6,5,0,N(撥音単発)
かちり,kachiri,Manner or sound of かちり: 「かち」と一度だけ鮮やかに、あるいは滑らかに行われる action・ condition/state。,Psychomime (State/Manner),Dynamics,Neutral,Unvoiced (Light),Neutral,Reduplication,katɕiɾi,3,7,7,5,5,3,1071.8,6.00,7,5745.1,6.88,6,mh,5,#FFFFFF,100.0,-0.0,0.0,"Reflecting unvoiced plosives and fricatives for a vector configuration of Weight 3, Time 7, and Flow 5.",,4,6,0,0,RI(り単発)
かちーん,kachi-n,Manner or sound of かちーん: 「かちー」と響き渡る音、 or 余韻や弾力を伴う condition/state。,Psychomime (State/Manner),Dynamics,Neutral,Unvoiced (Light),Neutral,Reduplication,katɕiːŋ,3,5,7,5,3,3,1476.6,6.82,4,7940.2,7.43,6,0,4,#FFFF00,97.1,-21.6,94.5,"Reflecting unvoiced plosives and fricatives for a vector configuration of Weight 3, Time 5, and Flow 5.",,3,7,5,0,LONG(長音ー)
かっか,katka,Manner or sound of かっか: 「かっか」という感覚・音・ condition/stateを表す expression.,Psychomime (State/Manner),Dynamics,Neutral,Unvoiced (Light),Neutral,Reduplication,kakka,4,6,6,4,5,2,648.2,4.73,6,4877.5,6.60,6,mh,5,#000000,0.0,0.0,0.0,"Reflecting unvoiced plosives and geminate sokuon (sudden onset) for a vector configuration of Weight 4, Time 6, and Flow 4.",,5,5,0,8,COMPOUND(複合・異種)
かっかっ,katkat,Manner or sound of かっかっ: 「かっか」とする actionや phenomenonが瞬間的・急激に行われる音や state/manner.,Psychomime (State/Manner),Dynamics,Neutral,Unvoiced (Light),Neutral,Reduplication,kakkaʔ,4,7,6,5,5,2,683.1,4.86,7,6965.6,7.21,6,mh,5,#FF0000,53.2,80.1,67.2,"Reflecting unvoiced plosives and geminate sokuon (sudden onset) for a vector configuration of Weight 4, Time 7, and Flow 5.",,4,5,5,1,REDUP(畳語・同一)
かっくり,katkuri,Manner or sound of かっくり: 「かっく」と一度だけ鮮やかに、あるいは滑らかに行われる action・ condition/state。,Psychomime (State/Manner),Dynamics,Neutral,Unvoiced (Light),Neutral,Reduplication,kakkuɾi,4,6,5,5,6,4,457.6,3.85,6,2812.8,5.67,6,mh,5,#8B4513,37.5,26.4,41.0,"Reflecting unvoiced plosives and flap consonant /ɾ/ for a vector configuration of Weight 4, Time 6, and Flow 5.",,5,5,5,8,COMPOUND(複合・異種)
かっくん,katkun,Manner or sound of かっくん: 「かっく」と響き渡る音、 or 余韻や弾力を伴う condition/state。,Psychomime (State/Manner),Dynamics,Neutral,Unvoiced (Light),Neutral,Reduplication,kakkuŋ,4,8,8,6,4,3,573.2,4.42,7,5139.1,6.69,7,0,4,#808080,53.6,-0.0,0.0,"Reflecting unvoiced plosives and nasal resonance for a vector configuration of Weight 4, Time 8, and Flow 6.",,3,6,5,0,N(撥音単発)
かったん,kattan,Manner or sound of かったん: 「かった」と響き渡る音、 or 余韻や弾力を伴う condition/state。,Psychomime (State/Manner),Dynamics,Neutral,Unvoiced (Light),Neutral,Reduplication,kattaŋ,5,8,8,6,3,4,585.5,4.47,7,6595.2,7.12,7,0,4,#2F4F4F,31.3,-11.7,-3.7,"Reflecting unvoiced plosives and nasal resonance for a vector configuration of Weight 5, Time 8, and Flow 6.",,3,6,5,0,N(撥音単発)
かったんこっとん,kattankotton,Manner or sound of かったんこっとん: 「かったんこっと」と響き渡る音、 or 余韻や弾力を伴う condition/state。,Psychomime (State/Manner),Dynamics,Neutral,Unvoiced (Light),Neutral,Reduplication,kattaŋkottoŋ,5,7,7,5,3,4,343.0,3.12,7,4626.7,6.51,7,0,4,#FFFFFF,100.0,-0.0,0.0,"Reflecting unvoiced plosives and nasal resonance for a vector configuration of Weight 5, Time 7, and Flow 5.",,5,5,5,8,COMPOUND(複合・異種)
かっちかち,katchikachi,Manner or sound of かっちかち: 「かっちかち」という感覚・音・ condition/stateを表す expression.,Psychomime (State/Manner),Dynamics,Neutral,Unvoiced (Light),Neutral,Reduplication,kattɕikatɕi,4,7,7,7,3,2,1397.8,6.68,8,7791.5,7.40,7,0,4,#708090,52.8,-2.1,-10.6,"Reflecting unvoiced plosives and fricatives for a vector configuration of Weight 4, Time 7, and Flow 7.",,5,5,0,8,COMPOUND(複合・異種)
かっちかっち,katchikatchi,Manner or sound of かっちかっち: 「かっち」という音や condition/stateが繰り返し連続して生じる manner.,Psychomime (State/Manner),Dynamics,Neutral,Unvoiced (Light),Neutral,Reduplication,kattɕikattɕi,4,7,7,6,3,2,1264.6,6.42,7,7466.6,7.33,7,0,4,#AFEEEE,90.1,-19.6,-6.4,"Reflecting unvoiced plosives and fricatives for a vector configuration of Weight 4, Time 7, and Flow 6.",,4,5,5,1,REDUP(畳語・同一)
かっちゃん,katchan,Manner or sound of かっちゃん: 「かっちゃ」と響き渡る音、 or 余韻や弾力を伴う condition/state。,Psychomime (State/Manner),Dynamics,Neutral,Unvoiced (Light),Neutral,Reduplication,kattɕaŋ,5,7,7,5,4,5,733.7,5.04,7,6406.7,7.07,7,0,4,#708090,52.8,-2.1,-10.6,"Reflecting unvoiced plosives and fricatives for a vector configuration of Weight 5, Time 7, and Flow 5.",,5,5,5,8,COMPOUND(複合・異種)
かっちん,katchin,Manner or sound of かっちん: 「かっち」と響き渡る音、 or 余韻や弾力を伴う condition/state。,Psychomime (State/Manner),Dynamics,Neutral,Unvoiced (Light),Neutral,Reduplication,kattɕiŋ,5,8,8,7,3,3,999.6,5.83,7,6099.1,6.98,7,mc,3,#AFEEEE,90.1,-19.6,-6.4,"Reflecting unvoiced plosives and fricatives for a vector configuration of Weight 5, Time 8, and Flow 7.",,3,6,5,0,N(撥音単発)
かっぽかっぽ,katpokatpo,Manner or sound of かっぽかっぽ: 「かっぽ」という音や condition/stateが繰り返し連続して生じる manner.,Psychomime (State/Manner),Dynamics,Neutral,Unvoiced (Light),Neutral,Reduplication,kappokappo,4,5,5,3,6,4,558.0,4.35,5,4570.1,6.49,6,mh,5,#FF4500,57.6,67.8,69.0,"Reflecting unvoiced plosives and geminate sokuon (sudden onset) for a vector configuration of Weight 4, Time 5, and Flow 3.",,4,5,5,1,REDUP(畳語・同一)
かつん,katsun,Manner or sound of かつん: 「かつ」と響き渡る音、 or 余韻や弾力を伴う condition/state。,Psychomime (State/Manner),Dynamics,Neutral,Unvoiced (Light),Neutral,Reduplication,katsuŋ,4,7,8,6,3,3,654.3,4.75,7,5720.7,6.87,7,0,4,#8B0000,28.1,51.0,41.3,"Reflecting unvoiced plosives and fricatives for a vector configuration of Weight 4, Time 7, and Flow 6.",,3,6,5,0,N(撥音単発)
かばかば,kabakaba,Manner or sound of かばかば: 「かば」という音や condition/stateが繰り返し連続して生じる manner.,Psychomime (State/Manner),Dynamics,Neutral,Unvoiced (Light),Neutral,Reduplication,kabakaba,5,6,5,3,6,4,524.2,4.19,5,6894.7,7.19,6,mh,5,#4169E1,47.8,26.3,-65.3,"Reflecting voiced consonants and unvoiced plosives for a vector configuration of Weight 5, Time 6, and Flow 3.",,4,5,5,1,REDUP(畳語・同一)
かぽかぽ,kapokapo,Manner or sound of かぽかぽ: 「かぽ」という音や condition/stateが繰り返し連続して生じる manner.,Psychomime (State/Manner),Dynamics,Neutral,Unvoiced (Light),Neutral,Reduplication,kapokapo,3,5,4,3,6,4,590.0,4.49,4,3740.3,6.15,5,mh,5,#FF4500,57.6,67.8,69.0,"Reflecting unvoiced plosives for a vector configuration of Weight 3, Time 5, and Flow 3.",,4,5,5,1,REDUP(畳語・同一)
から,kara,Manner or sound of から: 「から」という感覚・音・ condition/stateを表す expression.,Psychomime (State/Manner),Dynamics,Neutral,Unvoiced (Light),Neutral,Reduplication,kaɾa,3,5,4,3,6,2,520.9,4.18,5,3181.1,5.88,5,0,4,#F4A460,74.0,23.0,46.8,"Reflecting unvoiced plosives and flap consonant /ɾ/ for a vector configuration of Weight 3, Time 5, and Flow 3.",,5,5,0,8,COMPOUND(複合・異種)
からころり,karakorori,Manner or sound of からころり: 「からころ」と一度だけ鮮やかに、あるいは滑らかに行われる action・ condition/state。,Psychomime (State/Manner),Dynamics,Neutral,Unvoiced (Light),Neutral,Reduplication,kaɾakoɾoɾi,2,6,5,3,7,3,545.9,4.30,5,3049.9,5.81,5,0,4,#FFFFFF,100.0,-0.0,0.0,"Reflecting unvoiced plosives and flap consonant /ɾ/ for a vector configuration of Weight 2, Time 6, and Flow 3.",,4,6,0,0,RI(り単発)
からこん,karakon,Manner or sound of からこん: 「からこ」と響き渡る音、 or 余韻や弾力を伴う condition/state。,Psychomime (State/Manner),Dynamics,Neutral,Unvoiced (Light),Neutral,Reduplication,kaɾakoŋ,3,7,7,4,5,2,582.7,4.46,6,4530.4,6.48,5,0,4,#B8860B,59.2,9.9,62.7,"Reflecting unvoiced plosives and nasal resonance for a vector configuration of Weight 3, Time 7, and Flow 4.",,3,6,5,0,N(撥音単発)
からっ,karat,Manner or sound of からっ: 「から」とする actionや phenomenonが瞬間的・急激に行われる音や state/manner.,Psychomime (State/Manner),Dynamics,Neutral,Unvoiced (Light),Neutral,Reduplication,kaɾaʔ,4,8,7,5,6,2,669.0,4.81,8,7933.9,7.43,6,0,4,#000000,0.0,0.0,0.0,"Reflecting unvoiced plosives and flap consonant /ɾ/ for a vector configuration of Weight 4, Time 8, and Flow 5.",,2,5,0,0,Q(促音単発)
からりころり,kararikorori,Manner or sound of からりころり: 「からりころ」と一度だけ鮮やかに、あるいは滑らかに行われる action・ condition/state。,Psychomime (State/Manner),Dynamics,Neutral,Unvoiced (Light),Neutral,Reduplication,kaɾaɾikoɾoɾi,2,6,5,3,7,2,669.7,4.81,6,3176.2,5.87,5,0,4,#FFFFFF,100.0,-0.0,0.0,"Reflecting unvoiced plosives and flap consonant /ɾ/ for a vector configuration of Weight 2, Time 6, and Flow 3.",,4,6,0,0,RI(り単発)
からん,karan,Manner or sound of からん: 「から」と響き渡る音、 or 余韻や弾力を伴う condition/state。,Psychomime (State/Manner),Dynamics,Neutral,Unvoiced (Light),Neutral,Reduplication,kaɾaŋ,3,7,7,4,5,3,584.5,4.47,6,4401.1,6.43,5,0,4,#B8860B,59.2,9.9,62.7,"Reflecting unvoiced plosives and nasal resonance for a vector configuration of Weight 3, Time 7, and Flow 4.",,3,6,5,0,N(撥音単発)
からんころん,karankoron,Manner or sound of からんころん: 「からんころ」と響き渡る音、 or 余韻や弾力を伴う condition/state。,Psychomime (State/Manner),Dynamics,Neutral,Unvoiced (Light),Neutral,Reduplication,kaɾaŋkoɾoŋ,4,6,6,3,5,4,327.1,3.00,5,1993.3,5.08,6,0,4,#B8860B,59.2,9.9,62.7,"Reflecting unvoiced plosives and nasal resonance for a vector configuration of Weight 4, Time 6, and Flow 3.",,5,5,5,8,COMPOUND(複合・異種)
かり,kari,Manner or sound of かり: 「か」と一度だけ鮮やかに、あるいは滑らかに行われる action・ condition/state。,Psychomime (State/Manner),Dynamics,Neutral,Unvoiced (Light),Neutral,Reduplication,kaɾi,3,6,6,4,7,3,616.9,4.61,6,4019.8,6.27,5,mh,5,#FFFFFF,100.0,-0.0,0.0,"Reflecting unvoiced plosives and flap consonant /ɾ/ for a vector configuration of Weight 3, Time 6, and Flow 4.",,4,6,0,0,RI(り単発)
かりかりっ,karikarit,Manner or sound of かりかりっ: 「かりかり」とする actionや phenomenonが瞬間的・急激に行われる音や state/manner.,Psychomime (State/Manner),Dynamics,Neutral,Unvoiced (Light),Neutral,Reduplication,kaɾikaɾiʔ,4,8,7,6,5,2,1030.7,5.91,8,8424.2,7.53,6,0,4,#CD853F,61.8,21.4,47.9,"Reflecting unvoiced plosives and flap consonant /ɾ/ for a vector configuration of Weight 4, Time 8, and Flow 6.",,3,5,0,0,Q(促音単発)
かりっ,karit,Manner or sound of かりっ: 「かり」とする actionや phenomenonが瞬間的・急激に行われる音や state/manner.,Psychomime (State/Manner),Dynamics,Neutral,Unvoiced (Light),Neutral,Reduplication,kaɾiʔ,4,8,7,7,5,2,906.9,5.58,8,8227.6,7.49,7,0,4,#000000,0.0,0.0,0.0,"Reflecting unvoiced plosives and flap consonant /ɾ/ for a vector configuration of Weight 4, Time 8, and Flow 7.",,2,5,0,0,Q(促音単発)
かりり,kariri,Manner or sound of かりり: 「かり」と一度だけ鮮やかに、あるいは滑らかに行われる action・ condition/state。,Psychomime (State/Manner),Dynamics,Neutral,Unvoiced (Light),Neutral,Reduplication,kaɾiɾi,3,6,6,4,6,3,746.8,5.09,6,4738.2,6.55,6,mh,5,#FFFFFF,100.0,-0.0,0.0,"Reflecting unvoiced plosives and flap consonant /ɾ/ for a vector configuration of Weight 3, Time 6, and Flow 4.",,4,6,0,0,RI(り単発)
かりりっ,karirit,Manner or sound of かりりっ: 「かりり」とする actionや phenomenonが瞬間的・急激に行われる音や state/manner.,Psychomime (State/Manner),Dynamics,Neutral,Unvoiced (Light),Neutral,Reduplication,kaɾiɾiʔ,4,8,8,7,4,2,1025.5,5.89,8,8745.0,7.59,7,0,4,#000000,0.0,0.0,0.0,"Reflecting unvoiced plosives and flap consonant /ɾ/ for a vector configuration of Weight 4, Time 8, and Flow 7.",,3,5,0,0,Q(促音単発)
かりん,karin,Manner or sound of かりん: 「かり」と響き渡る音、 or 余韻や弾力を伴う condition/state。,Psychomime (State/Manner),Dynamics,Neutral,Unvoiced (Light),Neutral,Reduplication,kaɾiŋ,4,7,7,5,4,3,970.9,5.75,7,5595.9,6.84,6,mc,3,#808080,53.6,-0.0,0.0,"Reflecting unvoiced plosives and nasal resonance for a vector configuration of Weight 4, Time 7, and Flow 5.",,3,6,5,0,N(撥音単発)
かりんっ,karint,Manner or sound of かりんっ: 「かりん」とする actionや phenomenonが瞬間的・急激に行われる音や state/manner.,Psychomime (State/Manner),Dynamics,Neutral,Unvoiced (Light),Neutral,Reduplication,kaɾiŋʔ,4,8,7,6,5,2,907.1,5.58,8,8277.5,7.50,7,0,4,#000000,0.0,0.0,0.0,"Reflecting unvoiced plosives and nasal resonance for a vector configuration of Weight 4, Time 8, and Flow 6.",,3,5,0,0,Q(促音単発)
かん,kan,Manner or sound of かん: 「か」と響き渡る音、 or 余韻や弾力を伴う condition/state。,Psychomime (State/Manner),Dynamics,Neutral,Unvoiced (Light),Neutral,Reduplication,kaŋ,4,7,7,5,4,4,623.0,4.63,6,5795.1,6.90,6,0,4,#808080,53.6,-0.0,0.0,"Reflecting unvoiced plosives and nasal resonance for a vector configuration of Weight 4, Time 7, and Flow 5.",,3,6,5,0,N(撥音単発)
かんっ,kant,Manner or sound of かんっ: 「かん」とする actionや phenomenonが瞬間的・急激に行われる音や state/manner.,Psychomime (State/Manner),Dynamics,Neutral,Unvoiced (Light),Neutral,Reduplication,kaŋʔ,4,8,7,6,4,3,640.9,4.70,7,8439.4,7.53,7,mh,5,#000000,0.0,0.0,0.0,"Reflecting unvoiced plosives and nasal resonance for a vector configuration of Weight 4, Time 8, and Flow 6.",,2,5,0,0,Q(促音単発)
かーか,ka-ka,Manner or sound of かーか: 音が長く尾を引いて持続する音や condition/state。,Psychomime (State/Manner),Dynamics,Neutral,Unvoiced (Light),Neutral,Reduplication,kaːka,3,3,5,3,6,2,1061.9,5.98,2,6213.2,7.01,5,mh,5,#000000,0.0,0.0,0.0,"Reflecting unvoiced plosives and long vowel extension for a vector configuration of Weight 3, Time 3, and Flow 3.",,2,7,5,0,LONG(長音ー)
がきがき,gakigaki,Manner or sound of がきがき: 「がき」という音や condition/stateが繰り返し連続して生じる manner.,Phenomime (Sound),Texture,Negative,Unvoiced (Light),Dark/Heavy/Large,Reduplication,ɡakiɡaki,5,7,6,5,4,3,781.2,5.20,6,6319.4,7.04,6,0,4,#FFFFFF,100.0,-0.0,0.0,"Reflecting voiced consonants and unvoiced plosives for a vector configuration of Weight 5, Time 7, and Flow 5.",,4,5,5,1,REDUP(畳語・同一)
がくっ,gakut,Manner or sound of がくっ: 「がく」とする actionや phenomenonが瞬間的・急激に行われる音や state/manner.,Psychomime (State/Manner),Dynamics,Neutral,Unvoiced (Light),Neutral,Reduplication,ɡakuʔ,5,8,7,7,5,3,384.5,3.41,8,7046.7,7.23,7,0,4,#000000,0.0,0.0,0.0,"Reflecting voiced consonants and unvoiced plosives for a vector configuration of Weight 5, Time 8, and Flow 7.",,2,5,0,0,Q(促音単発)
がくり,gakuri,Manner or sound of がくり: 「がく」と一度だけ鮮やかに、あるいは滑らかに行われる action・ condition/state。,Psychomime (State/Manner),"Dynamics, Mass/Weight",Negative,Unvoiced (Light),Dark/Heavy/Large,-ri Ending,ɡakuɾi,4,6,6,5,6,4,340.3,3.10,6,2926.8,5.74,6,0,4,#FFFFFF,100.0,-0.0,0.0,"Reflecting voiced consonants and unvoiced plosives for a vector configuration of Weight 4, Time 6, and Flow 5.",,4,6,0,0,RI(り単発)
がくんっ,gakunt,Manner or sound of がくんっ: 「がくん」とする actionや phenomenonが瞬間的・急激に行われる音や state/manner.,Psychomime (State/Manner),Dynamics,Neutral,Unvoiced (Light),Neutral,Reduplication,ɡakuŋʔ,6,8,7,7,5,4,361.2,3.25,8,6534.2,7.10,7,0,4,#000000,0.0,0.0,0.0,"Reflecting voiced consonants and unvoiced plosives for a vector configuration of Weight 6, Time 8, and Flow 7.",,3,5,0,0,Q(促音単発)
がさごそ,gasagoso,Manner or sound of がさごそ: 「がさごそ」という感覚・音・ condition/stateを表す expression.,Psychomime (State/Manner),Dynamics,Neutral,Unvoiced (Light),Neutral,Reduplication,ɡasaɡoso,5,6,4,5,6,2,332.7,3.04,6,3721.1,6.14,5,0,4,#556B2F,42.2,-18.8,30.6,"Reflecting voiced consonants and fricatives for a vector configuration of Weight 5, Time 6, and Flow 5.",,5,5,0,8,COMPOUND(複合・異種)
がさり,gasari,Manner or sound of がさり: 「がさ」と一度だけ鮮やかに、あるいは滑らかに行われる action・ condition/state。,Psychomime (State/Manner),Dynamics,Neutral,Unvoiced (Light),Neutral,Reduplication,ɡasaɾi,4,6,6,4,7,3,455.8,3.84,6,3827.8,6.19,5,0,4,#FFFFFF,100.0,-0.0,0.0,"Reflecting voiced consonants and fricatives for a vector configuration of Weight 4, Time 6, and Flow 4.",,4,6,0,0,RI(り単発)
がしがし,gashigashi,Manner or sound of がしがし: 「がし」という音や condition/stateが繰り返し連続して生じる manner.,Psychomime (State/Manner),Texture,Negative,Semi-voiced (Crisp),Dark/Heavy/Large,Reduplication,ɡaɕiɡaɕi,6,6,5,6,4,4,578.0,4.44,5,5777.4,6.89,7,mc,3,#708090,52.8,-2.1,-10.6,"Reflecting voiced consonants and fricatives for a vector configuration of Weight 6, Time 6, and Flow 6.",,4,5,5,1,REDUP(畳語・同一)
がしゃん,gashan,Manner or sound of がしゃん: 「がしゃ」と響き渡る音、 or 余韻や弾力を伴う condition/state。,Psychomime (State/Manner),Dynamics,Neutral,Unvoiced (Light),Neutral,Reduplication,ɡaɕaŋ,6,8,7,6,4,4,578.9,4.45,7,8260.7,7.50,7,mc,3,#708090,52.8,-2.1,-10.6,"Reflecting voiced consonants and fricatives for a vector configuration of Weight 6, Time 8, and Flow 6.",,3,6,5,0,N(撥音単発)
がじがじ,gajigaji,Manner or sound of がじがじ: 「がじ」という音や condition/stateが繰り返し連続して生じる manner.,Phenomime (Sound),Taste,Negative,Semi-voiced (Crisp),Dark/Heavy/Large,Reduplication,ɡadʑiɡadʑi,6,5,5,7,4,5,129.8,0.66,4,2515.4,5.48,7,mc,3,#BDB76B,73.4,-8.8,39.3,"Reflecting voiced consonants for a vector configuration of Weight 6, Time 5, and Flow 7.",,4,5,5,1,REDUP(畳語・同一)
がじゃん,gajan,Manner or sound of がじゃん: 「がじゃ」と響き渡る音、 or 余韻や弾力を伴う condition/state。,Psychomime (State/Manner),Dynamics,Neutral,Unvoiced (Light),Neutral,Reduplication,ɡadʑaŋ,6,7,8,5,4,5,303.9,2.81,6,7108.7,7.24,8,0,4,#FF0000,53.2,80.1,67.2,"Reflecting voiced consonants and nasal resonance for a vector configuration of Weight 6, Time 7, and Flow 5.",,3,6,5,0,N(撥音単発)
がたくり,gatakuri,Manner or sound of がたくり: 「がたく」と一度だけ鮮やかに、あるいは滑らかに行われる action・ condition/state。,Psychomime (State/Manner),Dynamics,Neutral,Unvoiced (Light),Neutral,Reduplication,ɡatakuɾi,4,7,6,5,6,4,303.4,2.81,6,2977.9,5.76,6,0,4,#FFFFFF,100.0,-0.0,0.0,"Reflecting voiced consonants and unvoiced plosives for a vector configuration of Weight 4, Time 7, and Flow 5.",,4,6,0,0,RI(り単発)
がたごと,gatagoto,Manner or sound of がたごと: 「がたごと」という感覚・音・ condition/stateを表す expression.,Psychomime (State/Manner),Dynamics,Neutral,Unvoiced (Light),Neutral,Reduplication,ɡataɡoto,7,6,5,6,4,4,100.0,0.00,6,2627.1,5.55,7,0,4,#000000,0.0,0.0,0.0,"Reflecting voiced consonants and unvoiced plosives for a vector configuration of Weight 7, Time 6, and Flow 6.",,5,5,0,8,COMPOUND(複合・異種)
がたびし,gatabishi,Manner or sound of がたびし: 「がたびし」という感覚・音・ condition/stateを表す expression.,Psychomime (State/Manner),Dynamics,Neutral,Unvoiced (Light),Neutral,Reduplication,ɡatabiɕi,6,6,6,6,4,5,344.8,3.13,7,6241.5,7.02,7,mc,3,#000000,0.0,0.0,0.0,"Reflecting voiced consonants and unvoiced plosives for a vector configuration of Weight 6, Time 6, and Flow 6.",,5,5,0,8,COMPOUND(複合・異種)
がたぴしゃ,gatapisha,Manner or sound of がたぴしゃ: 「がたぴしゃ」という感覚・音・ condition/stateを表す expression.,Psychomime (State/Manner),Dynamics,Neutral,Unvoiced (Light),Neutral,Reduplication,ɡatapiɕa,5,7,6,5,5,4,600.2,4.54,6,8004.0,7.44,7,0,4,#8B4513,37.5,26.4,41.0,"Reflecting voiced consonants and unvoiced plosives for a vector configuration of Weight 5, Time 7, and Flow 5.",,5,5,0,8,COMPOUND(複合・異種)
がたぴち,gatapichi,Manner or sound of がたぴち: 「がたぴち」という感覚・音・ condition/stateを表す expression.,Psychomime (State/Manner),Dynamics,Neutral,Unvoiced (Light),Neutral,Reduplication,ɡatapitɕi,5,7,6,7,4,5,770.2,5.17,7,5414.3,6.78,7,0,4,#8B4513,37.5,26.4,41.0,"Reflecting voiced consonants and unvoiced plosives for a vector configuration of Weight 5, Time 7, and Flow 7.",,5,5,0,8,COMPOUND(複合・異種)
がたんがたん,gatangatan,Manner or sound of がたんがたん: 「がたんがた」と響き渡る音、 or 余韻や弾力を伴う condition/state。,Psychomime (State/Manner),Dynamics,Neutral,Unvoiced (Light),Neutral,Reduplication,ɡataŋɡataŋ,6,7,6,5,3,5,217.4,1.97,5,4415.4,6.43,7,0,4,#2F4F4F,31.3,-11.7,-3.7,"Reflecting voiced consonants and unvoiced plosives for a vector configuration of Weight 6, Time 7, and Flow 5.",,4,5,5,1,REDUP(畳語・同一)
がち,gachi,Manner or sound of がち: 「がち」という感覚・音・ condition/stateを表す expression.,Psychomime (State/Manner),Dynamics,Neutral,Unvoiced (Light),Neutral,Reduplication,ɡatɕi,6,6,6,7,3,4,712.0,4.97,7,4472.6,6.46,7,0,4,#B0E0E6,86.1,-14.1,-8.0,"Reflecting voiced consonants and unvoiced plosives for a vector configuration of Weight 6, Time 6, and Flow 7.",,5,5,0,8,COMPOUND(複合・異種)
がちっ,gachit,Manner or sound of がちっ: 「がち」とする actionや phenomenonが瞬間的・急激に行われる音や state/manner.,Psychomime (State/Manner),Dynamics,Neutral,Unvoiced (Light),Neutral,Reduplication,ɡatɕiʔ,5,8,7,8,3,3,886.6,5.52,8,8504.3,7.55,8,0,4,#000000,0.0,0.0,0.0,"Reflecting voiced consonants and unvoiced plosives for a vector configuration of Weight 5, Time 8, and Flow 8.",,2,5,0,0,Q(促音単発)
がちゃ,gacha,Manner or sound of がちゃ: 「がちゃ」という感覚・音・ condition/stateを表す expression.,Psychomime (State/Manner),Dynamics,Neutral,Unvoiced (Light),Neutral,Reduplication,ɡatɕa,5,6,5,5,4,5,764.3,5.15,6,6561.0,7.11,7,0,4,#708090,52.8,-2.1,-10.6,"Reflecting voiced consonants and unvoiced plosives for a vector configuration of Weight 5, Time 6, and Flow 5.",,5,5,0,8,COMPOUND(複合・異種)
がちゃっ,gachat,Manner or sound of がちゃっ: 「がちゃ」とする actionや phenomenonが瞬間的・急激に行われる音や state/manner.,Psychomime (State/Manner),Dynamics,Neutral,Unvoiced (Light),Neutral,Reduplication,ɡatɕaʔ,5,9,7,7,4,3,874.2,5.49,8,9999.0,7.82,8,0,4,#708090,52.8,-2.1,-10.6,"Reflecting voiced consonants and unvoiced plosives for a vector configuration of Weight 5, Time 9, and Flow 7.",,3,5,0,0,Q(促音単発)
がちゃり,gachari,Manner or sound of がちゃり: 「がちゃ」と一度だけ鮮やかに、あるいは滑らかに行われる action・ condition/state。,Psychomime (State/Manner),Dynamics,Neutral,Unvoiced (Light),Neutral,Reduplication,ɡatɕaɾi,4,7,6,5,6,4,791.7,5.24,7,5901.3,6.93,7,0,4,#FFFFFF,100.0,-0.0,0.0,"Reflecting voiced consonants and unvoiced plosives for a vector configuration of Weight 4, Time 7, and Flow 5.",,4,6,0,0,RI(り単発)
がちり,gachiri,Manner or sound of がちり: 「がち」と一度だけ鮮やかに、あるいは滑らかに行われる action・ condition/state。,Psychomime (State/Manner),Dynamics,Neutral,Unvoiced (Light),Neutral,Reduplication,ɡatɕiɾi,4,7,7,6,5,3,795.2,5.25,7,4929.1,6.62,7,0,4,#FFFFFF,100.0,-0.0,0.0,"Reflecting voiced consonants and unvoiced plosives for a vector configuration of Weight 4, Time 7, and Flow 6.",,4,6,0,0,RI(り単発)
がちん,gachin,Manner or sound of がちん: 「がち」と響き渡る音、 or 余韻や弾力を伴う condition/state。,Psychomime (State/Manner),Dynamics,Neutral,Unvoiced (Light),Neutral,Reduplication,ɡatɕiŋ,5,8,8,7,2,4,875.0,5.49,7,5620.4,6.84,7,mc,3,#4682B4,52.5,-4.1,-32.2,"Reflecting voiced consonants and unvoiced plosives for a vector configuration of Weight 5, Time 8, and Flow 7.",,3,6,5,0,N(撥音単発)
がちんがちん,gachingachin,Manner or sound of がちんがちん: 「がちんがち」と響き渡る音、 or 余韻や弾力を伴う condition/state。,Psychomime (State/Manner),Dynamics,Neutral,Unvoiced (Light),Neutral,Reduplication,ɡatɕiŋɡatɕiŋ,6,7,7,7,2,3,975.3,5.77,6,5854.5,6.91,7,mc,3,#B0E0E6,86.1,-14.1,-8.0,"Reflecting voiced consonants and unvoiced plosives for a vector configuration of Weight 6, Time 7, and Flow 7.",,4,5,5,1,REDUP(畳語・同一)
がちーん,gachi-n,Manner or sound of がちーん: 「がちー」と響き渡る音、 or 余韻や弾力を伴う condition/state。,Psychomime (State/Manner),Dynamics,Neutral,Unvoiced (Light),Neutral,Reduplication,ɡatɕiːŋ,5,5,7,6,3,4,1164.0,6.21,4,7030.7,7.22,6,0,4,#B0E0E6,86.1,-14.1,-8.0,"Reflecting voiced consonants and unvoiced plosives for a vector configuration of Weight 5, Time 5, and Flow 6.",,3,7,5,0,LONG(長音ー)
がっがっがっ,gatgatgat,Manner or sound of がっがっがっ: 「がっがっが」とする actionや phenomenonが瞬間的・急激に行われる音や state/manner.,Psychomime (State/Manner),Dynamics,Neutral,Unvoiced (Light),Neutral,Reduplication,ɡaɡɡaɡɡaʔ,7,8,7,7,4,3,315.1,2.91,8,7047.9,7.23,8,0,4,#000000,0.0,0.0,0.0,"Reflecting voiced consonants and geminate sokuon (sudden onset) for a vector configuration of Weight 7, Time 8, and Flow 7.",,3,5,0,0,Q(促音単発)
がったがた,gattagata,Manner or sound of がったがた: 「がったがた」という感覚・音・ condition/stateを表す expression.,Psychomime (State/Manner),Dynamics,Neutral,Unvoiced (Light),Neutral,Reduplication,ɡattaɡata,7,7,6,6,4,4,156.4,1.13,7,4105.6,6.31,7,0,4,#696969,44.4,-0.0,0.0,"Reflecting voiced consonants and unvoiced plosives for a vector configuration of Weight 7, Time 7, and Flow 6.",,5,5,0,8,COMPOUND(複合・異種)
がったがった,gattagatta,Manner or sound of がったがった: 「がった」という音や condition/stateが繰り返し連続して生じる manner.,Psychomime (State/Manner),Dynamics,Neutral,Unvoiced (Light),Neutral,Reduplication,ɡattaɡatta,7,7,5,5,4,4,281.6,2.62,6,5249.8,6.73,7,0,4,#8B4513,37.5,26.4,41.0,"Reflecting voiced consonants and unvoiced plosives for a vector configuration of Weight 7, Time 7, and Flow 5.",,4,5,5,1,REDUP(畳語・同一)
がったり,gattari,Manner or sound of がったり: 「がった」と一度だけ鮮やかに、あるいは滑らかに行われる action・ condition/state。,Psychomime (State/Manner),Dynamics,Neutral,Unvoiced (Light),Neutral,Reduplication,ɡattaɾi,5,6,5,5,5,5,229.9,2.11,6,2803.4,5.66,7,0,4,#000000,0.0,0.0,0.0,"Reflecting voiced consonants and unvoiced plosives for a vector configuration of Weight 5, Time 6, and Flow 5.",,5,5,5,8,COMPOUND(複合・異種)
がったん,gattan,Manner or sound of がったん: 「がった」と響き渡る音、 or 余韻や弾力を伴う condition/state。,Psychomime (State/Manner),Dynamics,Neutral,Unvoiced (Light),Neutral,Reduplication,ɡattaŋ,6,7,7,6,3,5,326.7,3.00,7,5417.9,6.78,8,mc,3,#2F4F4F,31.3,-11.7,-3.7,"Reflecting voiced consonants and unvoiced plosives for a vector configuration of Weight 6, Time 7, and Flow 6.",,3,6,5,0,N(撥音単発)
がったんがったん,gattangattan,Manner or sound of がったんがったん: 「がったんがった」と響き渡る音、 or 余韻や弾力を伴う condition/state。,Psychomime (State/Manner),Dynamics,Neutral,Unvoiced (Light),Neutral,Reduplication,ɡattaŋɡattaŋ,7,7,7,5,3,5,256.6,2.39,6,5615.1,6.84,8,0,4,#FFFFFF,100.0,-0.0,0.0,"Reflecting voiced consonants and unvoiced plosives for a vector configuration of Weight 7, Time 7, and Flow 5.",,4,5,5,1,REDUP(畳語・同一)
がっちゃん,gatchan,Manner or sound of がっちゃん: 「がっちゃ」と響き渡る音、 or 余韻や弾力を伴う condition/state。,Psychomime (State/Manner),Dynamics,Neutral,Unvoiced (Light),Neutral,Reduplication,ɡattɕaŋ,6,7,7,5,4,5,493.5,4.04,6,5378.1,6.77,8,0,4,#708090,52.8,-2.1,-10.6,"Reflecting voiced consonants and unvoiced plosives for a vector configuration of Weight 6, Time 7, and Flow 5.",,5,5,5,8,COMPOUND(複合・異種)
がっちん,gatchin,Manner or sound of がっちん: 「がっち」と響き渡る音、 or 余韻や弾力を伴う condition/state。,Psychomime (State/Manner),Dynamics,Neutral,Unvoiced (Light),Neutral,Reduplication,ɡattɕiŋ,6,8,8,7,3,4,740.1,5.07,7,4990.2,6.64,8,mc,3,#F5F5F5,96.5,-0.0,0.0,"Reflecting voiced consonants and unvoiced plosives for a vector configuration of Weight 6, Time 8, and Flow 7.",,3,6,5,0,N(撥音単発)
がっつん,gattsun,Manner or sound of がっつん: 「がっつ」と響き渡る音、 or 余韻や弾力を伴う condition/state。,Psychomime (State/Manner),Dynamics,Neutral,Unvoiced (Light),Neutral,Reduplication,ɡattsuŋ,6,7,8,7,3,4,416.2,3.61,7,5258.7,6.73,8,mc,3,#8B0000,28.1,51.0,41.3,"Reflecting voiced consonants and unvoiced plosives for a vector configuration of Weight 6, Time 7, and Flow 7.",,3,6,5,0,N(撥音単発)
がっはっはっ,gathathat,Manner or sound of がっはっはっ: 「がっはっは」とする actionや phenomenonが瞬間的・急激に行われる音や state/manner.,Psychomime (State/Manner),Dynamics,Neutral,Unvoiced (Light),Neutral,Reduplication,ɡahhahhaʔ,5,8,7,6,5,3,525.3,4.20,8,8114.6,7.47,7,0,4,#000000,0.0,0.0,0.0,"Reflecting voiced consonants and fricatives for a vector configuration of Weight 5, Time 8, and Flow 6.",,3,5,0,0,Q(促音単発)
がっぽがっぽ,gatpogatpo,Manner or sound of がっぽがっぽ: 「がっぽ」という音や condition/stateが繰り返し連続して生じる manner.,Psychomime (State/Manner),Dynamics,Neutral,Unvoiced (Light),Neutral,Reduplication,ɡappoɡappo,6,5,5,4,6,6,275.5,2.57,5,3186.6,5.88,7,0,4,#FFD700,86.9,-1.9,87.1,"Reflecting voiced consonants and unvoiced plosives for a vector configuration of Weight 6, Time 5, and Flow 4.",,4,5,5,1,REDUP(畳語・同一)
がつっ,gatsut,Manner or sound of がつっ: 「がつ」とする actionや phenomenonが瞬間的・急激に行われる音や state/manner.,Psychomime (State/Manner),Dynamics,Neutral,Unvoiced (Light),Neutral,Reduplication,ɡatsuʔ,6,8,7,7,4,3,489.4,4.02,8,7630.1,7.36,8,0,4,#000000,0.0,0.0,0.0,"Reflecting voiced consonants and unvoiced plosives for a vector configuration of Weight 6, Time 8, and Flow 7.",,3,5,0,0,Q(促音単発)
がはは,gahaha,Manner or sound of がはは: 「がはは」という感覚・音・ condition/stateを表す expression.,Phonomime (Voice),Emotion,Positive,Unvoiced (Light),Dark/Heavy/Large,Reduplication,ɡahaha,5,6,4,4,6,5,376.2,3.35,5,3551.6,6.06,6,0,4,#FFFF00,97.1,-21.6,94.5,"Reflecting voiced consonants and fricatives for a vector configuration of Weight 5, Time 6, and Flow 4.",,5,5,0,8,COMPOUND(複合・異種)
がばり,gabari,Manner or sound of がばり: 「がば」と一度だけ鮮やかに、あるいは滑らかに行われる action・ condition/state。,Psychomime (State/Manner),Dynamics,Neutral,Unvoiced (Light),Neutral,Reduplication,ɡabaɾi,4,6,6,4,7,5,341.5,3.11,6,3987.3,6.26,6,mh,5,#FFFFFF,100.0,-0.0,0.0,"Reflecting voiced consonants and flap consonant /ɾ/ for a vector configuration of Weight 4, Time 6, and Flow 4.",,4,6,0,0,RI(り単発)
がぼりがぼり,gaborigabori,Manner or sound of がぼりがぼり: 「がぼりがぼ」と一度だけ鮮やかに、あるいは滑らかに行われる action・ condition/state。,Psychomime (State/Manner),Dynamics,Neutral,Unvoiced (Light),Neutral,Reduplication,ɡaboɾiɡaboɾi,5,5,4,5,6,5,325.9,2.99,5,4004.6,6.27,7,0,4,#191970,15.9,31.7,-49.6,"Reflecting voiced consonants and flap consonant /ɾ/ for a vector configuration of Weight 5, Time 5, and Flow 5.",,4,5,5,1,REDUP(畳語・同一)
がらっ,garat,Manner or sound of がらっ: 「がら」とする actionや phenomenonが瞬間的・急激に行われる音や state/manner.,Psychomime (State/Manner),Dynamics,Neutral,Unvoiced (Light),Neutral,Reduplication,ɡaɾaʔ,5,8,6,5,6,3,470.1,3.92,7,7409.0,7.31,7,0,4,#000000,0.0,0.0,0.0,"Reflecting voiced consonants and flap consonant /ɾ/ for a vector configuration of Weight 5, Time 8, and Flow 5.",,2,5,0,0,Q(促音単発)
がらりがらり,gararigarari,Manner or sound of がらりがらり: 「がらりがら」と一度だけ鮮やかに、あるいは滑らかに行われる action・ condition/state。,Psychomime (State/Manner),Dynamics,Neutral,Unvoiced (Light),Neutral,Reduplication,ɡaɾaɾiɡaɾaɾi,4,5,5,4,7,3,440.0,3.75,5,3335.3,5.96,5,0,4,#FFFFFF,100.0,-0.0,0.0,"Reflecting voiced consonants and flap consonant /ɾ/ for a vector configuration of Weight 4, Time 5, and Flow 4.",,4,5,5,1,REDUP(畳語・同一)
がらりごろり,gararigorori,Manner or sound of がらりごろり: 「がらりごろ」と一度だけ鮮やかに、あるいは滑らかに行われる action・ condition/state。,Psychomime (State/Manner),Dynamics,Neutral,Unvoiced (Light),Neutral,Reduplication,ɡaɾaɾiɡoɾoɾi,4,6,5,4,7,3,380.3,3.38,6,2919.4,5.73,6,0,4,#FFFFFF,100.0,-0.0,0.0,"Reflecting voiced consonants and flap consonant /ɾ/ for a vector configuration of Weight 4, Time 6, and Flow 4.",,4,6,0,0,RI(り単発)
がらりっ,gararit,Manner or sound of がらりっ: 「がらり」とする actionや phenomenonが瞬間的・急激に行われる音や state/manner.,Psychomime (State/Manner),Dynamics,Neutral,Unvoiced (Light),Neutral,Reduplication,ɡaɾaɾiʔ,4,7,7,6,5,2,663.4,4.79,7,6857.6,7.18,6,0,4,#FFFFFF,100.0,-0.0,0.0,"Reflecting voiced consonants and flap consonant /ɾ/ for a vector configuration of Weight 4, Time 7, and Flow 6.",,3,5,0,0,Q(促音単発)
がらんがらん,garangaran,Manner or sound of がらんがらん: 「がらんがら」と響き渡る音、 or 余韻や弾力を伴う condition/state。,Psychomime (State/Manner),Dynamics,Neutral,Unvoiced (Light),Neutral,Reduplication,ɡaɾaŋɡaɾaŋ,5,5,6,3,5,4,279.9,2.61,4,3322.4,5.95,5,0,4,#D3D3D3,84.6,-0.0,0.0,"Reflecting voiced consonants and nasal resonance for a vector configuration of Weight 5, Time 5, and Flow 3.",,4,5,5,1,REDUP(畳語・同一)
がらんごろん,garangoron,Manner or sound of がらんごろん: 「がらんごろ」と響き渡る音、 or 余韻や弾力を伴う condition/state。,Psychomime (State/Manner),Dynamics,Neutral,Unvoiced (Light),Neutral,Reduplication,ɡaɾaŋɡoɾoŋ,5,5,6,3,5,5,100.0,0.00,5,1686.6,4.80,6,0,4,#D3D3D3,84.6,-0.0,0.0,"Reflecting voiced consonants and nasal resonance for a vector configuration of Weight 5, Time 5, and Flow 3.",,5,5,5,8,COMPOUND(複合・異種)
がり,gari,Manner or sound of がり: 「が」と一度だけ鮮やかに、あるいは滑らかに行われる action・ condition/state。,Psychomime (State/Manner),Dynamics,Neutral,Unvoiced (Light),Neutral,Reduplication,ɡaɾi,4,6,6,5,7,4,418.3,3.62,6,3470.4,6.02,6,mh,5,#FFFFFF,100.0,-0.0,0.0,"Reflecting voiced consonants and flap consonant /ɾ/ for a vector configuration of Weight 4, Time 6, and Flow 5.",,4,6,0,0,RI(り単発)
がりっ,garit,Manner or sound of がりっ: 「がり」とする actionや phenomenonが瞬間的・急激に行われる音や state/manner.,Psychomime (State/Manner),Dynamics,Neutral,Unvoiced (Light),Neutral,Reduplication,ɡaɾiʔ,5,8,7,7,4,3,703.2,4.94,8,7663.1,7.37,7,0,4,#000000,0.0,0.0,0.0,"Reflecting voiced consonants and flap consonant /ɾ/ for a vector configuration of Weight 5, Time 8, and Flow 7.",,2,5,0,0,Q(促音単発)
がりり,gariri,Manner or sound of がりり: 「がり」と一度だけ鮮やかに、あるいは滑らかに行われる action・ condition/state。,Psychomime (State/Manner),Dynamics,Neutral,Unvoiced (Light),Neutral,Reduplication,ɡaɾiɾi,4,6,6,5,6,3,562.1,4.37,6,4255.8,6.37,6,0,4,#FFFFFF,100.0,-0.0,0.0,"Reflecting voiced consonants and flap consonant /ɾ/ for a vector configuration of Weight 4, Time 6, and Flow 5.",,4,6,0,0,RI(り単発)
がりりっ,garirit,Manner or sound of がりりっ: 「がりり」とする actionや phenomenonが瞬間的・急激に行われる音や state/manner.,Psychomime (State/Manner),Dynamics,Neutral,Unvoiced (Light),Neutral,Reduplication,ɡaɾiɾiʔ,5,8,7,7,4,2,834.7,5.37,8,8215.3,7.49,7,0,4,#000000,0.0,0.0,0.0,"Reflecting voiced consonants and flap consonant /ɾ/ for a vector configuration of Weight 5, Time 8, and Flow 7.",,3,5,0,0,Q(促音単発)
がん,gan,Manner or sound of がん: 「が」と響き渡る音、 or 余韻や弾力を伴う condition/state。,Psychomime (State/Manner),Dynamics,Neutral,Unvoiced (Light),Neutral,Reduplication,ɡaŋ,6,7,7,6,4,5,392.4,3.46,6,4813.3,6.58,7,0,4,#808080,53.6,-0.0,0.0,"Reflecting voiced consonants and nasal resonance for a vector configuration of Weight 6, Time 7, and Flow 6.",,3,6,5,0,N(撥音単発)
きき,kiki,Manner or sound of きき: 「きき」という感覚・音・ condition/stateを表す expression.,Psychomime (State/Manner),Dynamics,Neutral,Unvoiced (Light),Neutral,Reduplication,kiki,3,6,6,6,4,3,1179.8,6.25,6,7523.9,7.34,6,0,4,#D6A258,70.1,11.1,45.4,"Reflecting unvoiced plosives for a vector configuration of Weight 3, Time 6, and Flow 6.",,5,5,0,8,COMPOUND(複合・異種)
きこきこ,kikokiko,Manner or sound of きこきこ: 「きこ」という音や condition/stateが繰り返し連続して生じる manner.,Psychomime (State/Manner),Dynamics,Neutral,Unvoiced (Light),Neutral,Reduplication,kikokiko,3,7,6,5,4,2,1154.4,6.19,6,6824.6,7.17,5,0,4,#FFFF00,97.1,-21.6,94.5,"Reflecting unvoiced plosives for a vector configuration of Weight 3, Time 7, and Flow 5.",,4,5,5,1,REDUP(畳語・同一)
きざきざ,kizakiza,Manner or sound of きざきざ: 「きざ」という音や condition/stateが繰り返し連続して生じる manner.,Psychomime (State/Manner),Dynamics,Neutral,Unvoiced (Light),Neutral,Reduplication,kizakiza,4,5,6,5,5,3,936.2,5.66,5,10559.2,7.92,6,mc,3,#778899,55.9,-2.2,-11.1,"Reflecting voiced consonants and unvoiced plosives for a vector configuration of Weight 4, Time 5, and Flow 5.",,4,5,5,1,REDUP(畳語・同一)
きしっ,kishit,Manner or sound of きしっ: 「きし」とする actionや phenomenonが瞬間的・急激に行われる音や state/manner.,Psychomime (State/Manner),Dynamics,Neutral,Unvoiced (Light),Neutral,Reduplication,kiɕiʔ,4,8,7,7,4,3,1051.8,5.96,8,9913.6,7.81,7,0,4,#000000,0.0,0.0,0.0,"Reflecting unvoiced plosives and fricatives for a vector configuration of Weight 4, Time 8, and Flow 7.",,2,5,0,0,Q(促音単発)
きちり,kichiri,Manner or sound of きちり: 「きち」と一度だけ鮮やかに、あるいは滑らかに行われる action・ condition/state。,Psychomime (State/Manner),Dynamics,Neutral,Unvoiced (Light),Neutral,Reduplication,kitɕiɾi,2,6,7,6,5,3,1113.1,6.10,6,5868.5,6.92,6,mh,5,#C0C0C0,77.7,-0.0,0.0,"Reflecting unvoiced plosives and fricatives for a vector configuration of Weight 2, Time 6, and Flow 6.",,4,6,0,0,RI(り単発)
きっ,kit,Manner or sound of きっ: 「き」とする actionや phenomenonが瞬間的・急激に行われる音や state/manner.,Psychomime (State/Manner),Dynamics,Neutral,Unvoiced (Light),Neutral,Reduplication,kiʔ,4,8,7,7,5,3,971.0,5.75,8,9576.2,7.75,7,0,4,#000000,0.0,0.0,0.0,"Reflecting unvoiced plosives and geminate sokuon (sudden onset) for a vector configuration of Weight 4, Time 8, and Flow 7.",,2,5,0,0,Q(促音単発)
きっかり,kitkari,Manner or sound of きっかり: 「きっか」と一度だけ鮮やかに、あるいは滑らかに行われる action・ condition/state。,Psychomime (State/Manner),Dynamics,Neutral,Unvoiced (Light),Neutral,Reduplication,kikkaɾi,3,6,6,5,6,3,796.6,5.25,6,4598.8,6.50,6,mh,5,#FFFFFF,100.0,-0.0,0.0,"Reflecting unvoiced plosives and flap consonant /ɾ/ for a vector configuration of Weight 3, Time 6, and Flow 5.",,5,5,5,8,COMPOUND(複合・異種)
きっしり,kitshiri,Manner or sound of きっしり: 「きっし」と一度だけ鮮やかに、あるいは滑らかに行われる action・ condition/state。,Psychomime (State/Manner),Dynamics,Neutral,Unvoiced (Light),Neutral,Reduplication,kiɕɕiɾi,4,5,6,5,5,4,844.1,5.40,6,5175.0,6.70,6,0,4,#2F4F4F,31.3,-11.7,-3.7,"Reflecting unvoiced plosives and fricatives for a vector configuration of Weight 4, Time 5, and Flow 5.",,5,5,5,8,COMPOUND(複合・異種)
きっぱり,kitpari,Manner or sound of きっぱり: 「きっぱ」と一度だけ鮮やかに、あるいは滑らかに行われる action・ condition/state。,Psychomime (State/Manner),Dynamics,Neutral,Unvoiced (Light),Neutral,Reduplication,kippaɾi,3,6,6,5,6,3,883.5,5.52,6,5783.7,6.89,6,mh,5,#FFFFFF,100.0,-0.0,0.0,"Reflecting unvoiced plosives and flap consonant /ɾ/ for a vector configuration of Weight 3, Time 6, and Flow 5.",,5,5,5,8,COMPOUND(複合・異種)
きゃ,kya,Manner or sound of きゃ: 「きゃ」という感覚・音・ condition/stateを表す expression.,Psychomime (State/Manner),Dynamics,Neutral,Unvoiced (Light),Neutral,Reduplication,kja,3,6,5,4,7,5,1130.8,6.14,5,8806.0,7.61,6,mh,5,#FFB6C1,81.1,28.0,5.0,"Reflecting unvoiced plosives for a vector configuration of Weight 3, Time 6, and Flow 4.",,5,5,0,8,COMPOUND(複合・異種)
きゃきゃ,kyakya,Manner or sound of きゃきゃ: 「きゃ」という音や condition/stateが繰り返し連続して生じる manner.,Psychomime (State/Manner),Dynamics,Neutral,Unvoiced (Light),Neutral,Reduplication,kjakja,3,6,5,2,7,4,1425.9,6.73,5,11057.0,7.99,6,mh,5,#FFB6C1,81.1,28.0,5.0,"Reflecting unvoiced plosives for a vector configuration of Weight 3, Time 6, and Flow 2.",,4,5,5,1,REDUP(畳語・同一)
きゃっ,kyat,Manner or sound of きゃっ: 「きゃ」とする actionや phenomenonが瞬間的・急激に行われる音や state/manner.,Psychomime (State/Manner),Dynamics,Neutral,Unvoiced (Light),Neutral,Reduplication,kjaʔ,4,8,7,5,6,3,1173.1,6.23,8,12331.4,8.18,7,mh,5,#FF69B4,65.5,64.2,-10.6,"Reflecting unvoiced plosives and geminate sokuon (sudden onset) for a vector configuration of Weight 4, Time 8, and Flow 5.",,2,5,0,0,Q(促音単発)
きゃん,kyan,Manner or sound of きゃん: 「きゃ」と響き渡る音、 or 余韻や弾力を伴う condition/state。,Psychomime (State/Manner),Dynamics,Neutral,Unvoiced (Light),Neutral,Reduplication,kjaŋ,4,7,7,4,5,4,1139.0,6.16,6,9778.7,7.78,7,0,4,#FFD700,86.9,-1.9,87.1,"Reflecting unvoiced plosives and nasal resonance for a vector configuration of Weight 4, Time 7, and Flow 4.",,3,6,5,0,N(撥音単発)
きゃーきゃ,kya-kya,Manner or sound of きゃーきゃ: 音が長く尾を引いて持続する音や condition/state。,Psychomime (State/Manner),Dynamics,Neutral,Unvoiced (Light),Neutral,Reduplication,kjaːkja,3,4,5,3,7,4,1620.7,7.05,3,11365.4,8.04,5,mh,5,#FFB6C1,81.1,28.0,5.0,"Reflecting unvoiced plosives and long vowel extension for a vector configuration of Weight 3, Time 4, and Flow 3.",,3,7,5,0,LONG(長音ー)
きゅ,kyu,Manner or sound of きゅ: 「きゅ」という感覚・音・ condition/stateを表す expression.,Psychomime (State/Manner),Dynamics,Neutral,Unvoiced (Light),Neutral,Reduplication,kju,4,5,5,6,6,4,1005.8,5.84,5,6368.1,7.06,7,0,4,#FFFFE0,99.3,-5.1,14.8,"Reflecting unvoiced plosives for a vector configuration of Weight 4, Time 5, and Flow 6.",,5,5,0,8,COMPOUND(複合・異種)
きゅっきゅっ,kyutkyut,Manner or sound of きゅっきゅっ: 「きゅっきゅ」とする actionや phenomenonが瞬間的・急激に行われる音や state/manner.,Psychomime (State/Manner),Dynamics,Neutral,Unvoiced (Light),Neutral,Reduplication,kjukkjuʔ,4,6,6,6,5,3,1120.6,6.12,6,8976.4,7.64,7,0,4,#FFFFFF,100.0,-0.0,0.0,"Reflecting unvoiced plosives and geminate sokuon (sudden onset) for a vector configuration of Weight 4, Time 6, and Flow 6.",,4,5,5,1,REDUP(畳語・同一)
きゅん,kyun,Manner or sound of きゅん: 「きゅ」と響き渡る音、 or 余韻や弾力を伴う condition/state。,Psychomime (State/Manner),Dynamics,Neutral,Unvoiced (Light),Neutral,Reduplication,kjuŋ,4,7,7,6,5,4,1005.8,5.84,6,7827.8,7.41,7,mc,3,#FFFFE0,99.3,-5.1,14.8,"Reflecting unvoiced plosives and nasal resonance for a vector configuration of Weight 4, Time 7, and Flow 6.",,3,6,5,0,N(撥音単発)
きゅーきゅー,kyu-kyu-,Manner or sound of きゅーきゅー: 「きゅー」という音や condition/stateが繰り返し連続して生じる manner.,Psychomime (State/Manner),Dynamics,Neutral,Unvoiced (Light),Neutral,Reduplication,kjuːkjuː,3,4,5,4,6,5,1300.1,6.49,2,7957.8,7.43,6,0,4,#FFFFE0,99.3,-5.1,14.8,"Reflecting unvoiced plosives and long vowel extension for a vector configuration of Weight 3, Time 4, and Flow 4.",,4,5,5,1,REDUP(畳語・同一)
きゅーっ,kyu-t,Manner or sound of きゅーっ: 「きゅー」とする actionや phenomenonが瞬間的・急激に行われる音や state/manner.,Psychomime (State/Manner),Dynamics,Neutral,Unvoiced (Light),Neutral,Reduplication,kjuːʔ,3,5,6,6,6,3,1249.9,6.39,4,9120.5,7.67,6,0,4,#F0FFFF,98.9,-4.9,-1.7,"Reflecting unvoiced plosives and geminate sokuon (sudden onset) for a vector configuration of Weight 3, Time 5, and Flow 6.",,2,6,5,0,LONG(長音ー)
きゅーん,kyu-n,Manner or sound of きゅーん: 「きゅー」と響き渡る音、 or 余韻や弾力を伴う condition/state。,Psychomime (State/Manner),Dynamics,Neutral,Unvoiced (Light),Neutral,Reduplication,kjuːŋ,3,4,7,5,5,4,1292.1,6.48,2,8291.4,7.50,6,0,4,#FFFFE0,99.3,-5.1,14.8,"Reflecting unvoiced plosives and nasal resonance for a vector configuration of Weight 3, Time 4, and Flow 5.",,3,7,5,0,LONG(長音ー)
きょときょと,kyotokyoto,Manner or sound of きょときょと: 「きょと」という音や condition/stateが繰り返し連続して生じる manner.,Psychomime (State/Manner),Dynamics,Neutral,Unvoiced (Light),Neutral,Reduplication,kjotokjoto,3,5,4,4,7,5,769.5,5.17,5,4600.4,6.50,6,0,4,#FFFFFF,100.0,-0.0,0.0,"Reflecting unvoiced plosives for a vector configuration of Weight 3, Time 5, and Flow 4.",,4,5,5,1,REDUP(畳語・同一)
きょとり,kyotori,Manner or sound of きょとり: 「きょと」と一度だけ鮮やかに、あるいは滑らかに行われる action・ condition/state。,Psychomime (State/Manner),Dynamics,Neutral,Unvoiced (Light),Neutral,Reduplication,kjotoɾi,2,6,5,4,7,4,723.3,5.01,6,4225.3,6.36,6,mh,5,#FFFFFF,100.0,-0.0,0.0,"Reflecting unvoiced plosives and flap consonant /ɾ/ for a vector configuration of Weight 2, Time 6, and Flow 4.",,4,6,0,0,RI(り単発)
きょろっ,kyorot,Manner or sound of きょろっ: 「きょろ」とする actionや phenomenonが瞬間的・急激に行われる音や state/manner.,Psychomime (State/Manner),Dynamics,Neutral,Unvoiced (Light),Neutral,Reduplication,kjoɾoʔ,3,8,6,6,7,4,766.6,5.16,7,7332.4,7.30,7,0,4,#000000,0.0,0.0,0.0,"Reflecting unvoiced plosives and flap consonant /ɾ/ for a vector configuration of Weight 3, Time 8, and Flow 6.",,3,5,0,0,Q(促音単発)
きょろり,kyorori,Manner or sound of きょろり: 「きょろ」と一度だけ鮮やかに、あるいは滑らかに行われる action・ condition/state。,Psychomime (State/Manner),Dynamics,Neutral,Unvoiced (Light),Neutral,Reduplication,kjoɾoɾi,2,6,6,4,8,4,721.2,5.00,5,3945.2,6.24,6,mh,5,#ADFF2F,92.0,-52.5,81.9,"Reflecting unvoiced plosives and flap consonant /ɾ/ for a vector configuration of Weight 2, Time 6, and Flow 4.",,4,6,0,0,RI(り単発)
きょろん,kyoron,Manner or sound of きょろん: 「きょろ」と響き渡る音、 or 余韻や弾力を伴う condition/state。,Psychomime (State/Manner),Dynamics,Neutral,Unvoiced (Light),Neutral,Reduplication,kjoɾoŋ,3,7,7,5,6,5,731.8,5.04,6,4955.0,6.63,6,mc,3,#ADFF2F,92.0,-52.5,81.9,"Reflecting unvoiced plosives and nasal resonance for a vector configuration of Weight 3, Time 7, and Flow 5.",,3,6,5,0,N(撥音単発)
きらきらっ,kirakirat,Manner or sound of きらきらっ: 「きらきら」とする actionや phenomenonが瞬間的・急激に行われる音や state/manner.,Psychomime (State/Manner),Dynamics,Neutral,Unvoiced (Light),Neutral,Reduplication,kiɾakiɾaʔ,3,8,7,3,7,1,1118.7,6.11,7,11101.0,8.00,6,mh,5,#FFD700,86.9,-1.9,87.1,"Reflecting unvoiced plosives and flap consonant /ɾ/ for a vector configuration of Weight 3, Time 8, and Flow 3.",,3,5,0,0,Q(促音単発)
きらりきらり,kirarikirari,Manner or sound of きらりきらり: 「きらりきら」と一度だけ鮮やかに、あるいは滑らかに行われる action・ condition/state。,Psychomime (State/Manner),Dynamics,Neutral,Unvoiced (Light),Neutral,Reduplication,kiɾaɾikiɾaɾi,2,6,6,3,7,2,1142.7,6.17,5,7662.1,7.37,5,mh,5,#FFFACD,97.6,-5.4,22.2,"Reflecting unvoiced plosives and flap consonant /ɾ/ for a vector configuration of Weight 2, Time 6, and Flow 3.",,4,5,5,1,REDUP(畳語・同一)
きりきりしゃん,kirikirishan,Manner or sound of きりきりしゃん: 「きりきりしゃ」と響き渡る音、 or 余韻や弾力を伴う condition/state。,Psychomime (State/Manner),Dynamics,Neutral,Unvoiced (Light),Neutral,Reduplication,kiɾikiɾiɕaŋ,4,7,8,5,4,3,1264.3,6.42,7,11044.9,7.99,7,0,4,#FF4500,57.6,67.8,69.0,"Reflecting unvoiced plosives and fricatives for a vector configuration of Weight 4, Time 7, and Flow 5.",,5,5,5,8,COMPOUND(複合・異種)
きりきりっ,kirikirit,Manner or sound of きりきりっ: 「きりきり」とする actionや phenomenonが瞬間的・急激に行われる音や state/manner.,Psychomime (State/Manner),Dynamics,Neutral,Unvoiced (Light),Neutral,Reduplication,kiɾikiɾiʔ,3,8,8,7,4,1,1507.8,6.87,8,12313.5,8.18,7,0,4,#FF4500,57.6,67.8,69.0,"Reflecting unvoiced plosives and flap consonant /ɾ/ for a vector configuration of Weight 3, Time 8, and Flow 7.",,3,5,0,0,Q(促音単発)
きりっ,kirit,Manner or sound of きりっ: 「きり」とする actionや phenomenonが瞬間的・急激に行われる音や state/manner.,Psychomime (State/Manner),Dynamics,Neutral,Unvoiced (Light),Neutral,Reduplication,kiɾiʔ,4,8,8,7,4,2,1234.6,6.36,8,10887.6,7.97,7,0,4,#000000,0.0,0.0,0.0,"Reflecting unvoiced plosives and flap consonant /ɾ/ for a vector configuration of Weight 4, Time 8, and Flow 7.",,2,5,0,0,Q(促音単発)
きりり,kiriri,Manner or sound of きりり: 「きり」と一度だけ鮮やかに、あるいは滑らかに行われる action・ condition/state。,Psychomime (State/Manner),Dynamics,Neutral,Unvoiced (Light),Neutral,Reduplication,kiɾiɾi,3,7,7,5,6,3,1048.0,5.95,6,7189.7,7.26,6,mh,5,#FFFFFF,100.0,-0.0,0.0,"Reflecting unvoiced plosives and flap consonant /ɾ/ for a vector configuration of Weight 3, Time 7, and Flow 5.",,4,6,0,0,RI(り単発)
きりりしゃん,kiririshan,Manner or sound of きりりしゃん: 「きりりしゃ」と響き渡る音、 or 余韻や弾力を伴う condition/state。,Psychomime (State/Manner),Dynamics,Neutral,Unvoiced (Light),Neutral,Reduplication,kiɾiɾiɕaŋ,4,7,8,5,4,4,1043.8,5.94,6,9709.9,7.77,7,0,4,#FFFFFF,100.0,-0.0,0.0,"Reflecting unvoiced plosives and fricatives for a vector configuration of Weight 4, Time 7, and Flow 5.",,5,5,5,8,COMPOUND(複合・異種)
きりりっ,kiririt,Manner or sound of きりりっ: 「きりり」とする actionや phenomenonが瞬間的・急激に行われる音や state/manner.,Psychomime (State/Manner),Dynamics,Neutral,Unvoiced (Light),Neutral,Reduplication,kiɾiɾiʔ,4,8,8,7,4,2,1319.4,6.53,8,11137.9,8.01,7,0,4,#FF4500,57.6,67.8,69.0,"Reflecting unvoiced plosives and flap consonant /ɾ/ for a vector configuration of Weight 4, Time 8, and Flow 7.",,3,5,0,0,Q(促音単発)
きろきろ,kirokiro,Manner or sound of きろきろ: 「きろ」という音や condition/stateが繰り返し連続して生じる manner.,Psychomime (State/Manner),Dynamics,Neutral,Unvoiced (Light),Neutral,Reduplication,kiɾokiɾo,3,6,6,4,6,3,1044.8,5.94,4,6213.7,7.01,6,0,4,#000000,0.0,0.0,0.0,"Reflecting unvoiced plosives and flap consonant /ɾ/ for a vector configuration of Weight 3, Time 6, and Flow 4.",,4,5,5,1,REDUP(畳語・同一)
きん,kin,Manner or sound of きん: 「き」と響き渡る音、 or 余韻や弾力を伴う condition/state。,Psychomime (State/Manner),Dynamics,Neutral,Unvoiced (Light),Neutral,Reduplication,kiŋ,4,7,7,5,4,4,962.4,5.73,6,6815.6,7.17,7,mc,3,#FFD700,86.9,-1.9,87.1,"Reflecting unvoiced plosives and nasal resonance for a vector configuration of Weight 4, Time 7, and Flow 5.",,3,6,5,0,N(撥音単発)
きんきら,kinkira,Manner or sound of きんきら: 「きんきら」という感覚・音・ condition/stateを表す expression.,Psychomime (State/Manner),Dynamics,Neutral,Unvoiced (Light),Neutral,Reduplication,kiŋkiɾa,3,5,6,3,6,3,1013.8,5.86,5,7649.1,7.37,6,mh,5,#FFD700,86.9,-1.9,87.1,"Reflecting unvoiced plosives and nasal resonance for a vector configuration of Weight 3, Time 5, and Flow 3.",,5,5,5,8,COMPOUND(複合・異種)
きんきん,kinkin,Manner or sound of きんきん: 「きんき」と響き渡る音、 or 余韻や弾力を伴う condition/state。,Phenomime (Sound),Texture,Negative,Voiced (Heavy),Bright/Light/Small,Reduplication,kiŋkiŋ,4,6,6,4,4,4,997.5,5.82,4,7330.1,7.29,7,0,4,#FFD700,86.9,-1.9,87.1,"Reflecting unvoiced plosives and nasal resonance for a vector configuration of Weight 4, Time 6, and Flow 4.",,4,5,5,1,REDUP(畳語・同一)
ぎぎ,gigi,Manner or sound of ぎぎ: 「ぎぎ」という感覚・音・ condition/stateを表す expression.,Psychomime (State/Manner),Dynamics,Neutral,Unvoiced (Light),Neutral,Reduplication,ɡiɡi,6,6,6,7,4,4,422.4,3.65,6,6786.6,7.16,7,0,4,#8F502F,40.9,23.3,30.5,"Reflecting voiced consonants for a vector configuration of Weight 6, Time 6, and Flow 7.",,5,5,0,8,COMPOUND(複合・異種)
ぎく,giku,Manner or sound of ぎく: 「ぎく」という感覚・音・ condition/stateを表す expression.,Psychomime (State/Manner),Dynamics,Neutral,Unvoiced (Light),Neutral,Reduplication,ɡiku,6,6,5,7,5,4,450.2,3.81,6,4647.9,6.52,7,mc,3,#696969,44.4,-0.0,0.0,"Reflecting voiced consonants and unvoiced plosives for a vector configuration of Weight 6, Time 6, and Flow 7.",,5,5,0,8,COMPOUND(複合・異種)
ぎくり,gikuri,Manner or sound of ぎくり: 「ぎく」と一度だけ鮮やかに、あるいは滑らかに行われる action・ condition/state。,Psychomime (State/Manner),Dynamics,Neutral,Unvoiced (Light),Neutral,Reduplication,ɡikuɾi,4,6,6,6,6,4,504.6,4.10,6,4565.2,6.49,6,0,4,#708090,52.8,-2.1,-10.6,"Reflecting voiced consonants and unvoiced plosives for a vector configuration of Weight 4, Time 6, and Flow 6.",,4,6,0,0,RI(り単発)
ぎくん,gikun,Manner or sound of ぎくん: 「ぎく」と響き渡る音、 or 余韻や弾力を伴う condition/state。,Psychomime (State/Manner),Dynamics,Neutral,Unvoiced (Light),Neutral,Reduplication,ɡikuŋ,5,7,7,7,4,4,492.5,4.04,7,5825.7,6.90,7,mc,3,#808080,53.6,-0.0,0.0,"Reflecting voiced consonants and unvoiced plosives for a vector configuration of Weight 5, Time 7, and Flow 7.",,3,6,5,0,N(撥音単発)
ぎしきし,gishikishi,Manner or sound of ぎしきし: 「ぎしきし」という感覚・音・ condition/stateを表す expression.,Psychomime (State/Manner),Dynamics,Neutral,Unvoiced (Light),Neutral,Reduplication,ɡiɕikiɕi,5,6,6,7,4,3,986.2,5.79,7,8030.9,7.45,6,mc,3,#BDB76B,73.4,-8.8,39.3,"Reflecting voiced consonants and unvoiced plosives for a vector configuration of Weight 5, Time 6, and Flow 7.",,5,5,0,8,COMPOUND(複合・異種)
ぎしっ,gishit,Manner or sound of ぎしっ: 「ぎし」とする actionや phenomenonが瞬間的・急激に行われる音や state/manner.,Psychomime (State/Manner),Dynamics,Neutral,Unvoiced (Light),Neutral,Reduplication,ɡiɕiʔ,5,8,7,8,4,3,734.0,5.05,8,9578.2,7.75,7,0,4,#000000,0.0,0.0,0.0,"Reflecting voiced consonants and fricatives for a vector configuration of Weight 5, Time 8, and Flow 8.",,2,5,0,0,Q(促音単発)
ぎちっ,gichit,Manner or sound of ぎちっ: 「ぎち」とする actionや phenomenonが瞬間的・急激に行われる音や state/manner.,Psychomime (State/Manner),Dynamics,Neutral,Unvoiced (Light),Neutral,Reduplication,ɡitɕiʔ,5,8,7,8,4,3,918.4,5.61,8,9212.6,7.68,8,0,4,#000000,0.0,0.0,0.0,"Reflecting voiced consonants and unvoiced plosives for a vector configuration of Weight 5, Time 8, and Flow 8.",,2,5,0,0,Q(促音単発)
ぎちゃぎちゃ,gichagicha,Manner or sound of ぎちゃぎちゃ: 「ぎちゃ」という音や condition/stateが繰り返し連続して生じる manner.,Psychomime (State/Manner),Dynamics,Neutral,Unvoiced (Light),Neutral,Reduplication,ɡitɕaɡitɕa,5,7,5,5,4,5,1033.9,5.91,6,9029.6,7.65,7,0,4,#2F4F4F,31.3,-11.7,-3.7,"Reflecting voiced consonants and unvoiced plosives for a vector configuration of Weight 5, Time 7, and Flow 5.",,4,5,5,1,REDUP(畳語・同一)
ぎちり,gichiri,Manner or sound of ぎちり: 「ぎち」と一度だけ鮮やかに、あるいは滑らかに行われる action・ condition/state。,Psychomime (State/Manner),Dynamics,Neutral,Unvoiced (Light),Neutral,Reduplication,ɡitɕiɾi,4,6,7,6,5,3,825.2,5.34,6,5661.7,6.86,7,0,4,#FFFFFF,100.0,-0.0,0.0,"Reflecting voiced consonants and unvoiced plosives for a vector configuration of Weight 4, Time 6, and Flow 6.",,4,6,0,0,RI(り単発)
ぎっ,git,Manner or sound of ぎっ: 「ぎ」とする actionや phenomenonが瞬間的・急激に行われる音や state/manner.,Psychomime (State/Manner),Dynamics,Neutral,Unvoiced (Light),Neutral,Reduplication,ɡiʔ,5,8,7,8,4,3,649.4,4.74,8,9064.3,7.66,8,0,4,#000000,0.0,0.0,0.0,"Reflecting voiced consonants and geminate sokuon (sudden onset) for a vector configuration of Weight 5, Time 8, and Flow 8.",,2,5,0,0,Q(促音単発)
ぎっくり,gitkuri,Manner or sound of ぎっくり: 「ぎっく」と一度だけ鮮やかに、あるいは滑らかに行われる action・ condition/state。,Algomime (Pain),Human Body/Physiology,Negative,Semi-voiced (Crisp),Dark/Heavy/Large,-ri Ending,ɡikkuɾi,5,5,5,6,6,4,393.8,3.47,6,3391.2,5.99,6,0,4,#708090,52.8,-2.1,-10.6,"Reflecting voiced consonants and unvoiced plosives for a vector configuration of Weight 5, Time 5, and Flow 6.",,5,5,5,8,COMPOUND(複合・異種)
ぎっくん,gitkun,Manner or sound of ぎっくん: 「ぎっく」と響き渡る音、 or 余韻や弾力を伴う condition/state。,Psychomime (State/Manner),Dynamics,Neutral,Unvoiced (Light),Neutral,Reduplication,ɡikkuŋ,5,7,8,7,4,4,497.3,4.06,7,5834.0,6.91,7,mc,3,#808080,53.6,-0.0,0.0,"Reflecting voiced consonants and unvoiced plosives for a vector configuration of Weight 5, Time 7, and Flow 7.",,3,6,5,0,N(撥音単発)
ぎっしり,gitshiri,Manner or sound of ぎっしり: 隙間なく隙間いっぱいに詰まっている manner.,Psychomime (State/Manner),Density/Distance,Positive,Semi-voiced (Crisp),Dark/Heavy/Large,-ri Ending,ɡiɕɕiɾi,6,6,7,7,4,4,681.1,4.86,7,5536.6,6.82,8,0,4,#708090,52.8,-2.1,-10.6,"Reflecting voiced consonants and fricatives for a vector configuration of Weight 6, Time 6, and Flow 7.",,5,5,5,8,COMPOUND(複合・異種)
ぎったん,gittan,Manner or sound of ぎったん: 「ぎった」と響き渡る音、 or 余韻や弾力を伴う condition/state。,Psychomime (State/Manner),Dynamics,Neutral,Unvoiced (Light),Neutral,Reduplication,ɡittaŋ,6,7,7,6,4,5,431.5,3.70,7,6292.1,7.04,8,mc,3,#808080,53.6,-0.0,0.0,"Reflecting voiced consonants and unvoiced plosives for a vector configuration of Weight 6, Time 7, and Flow 6.",,3,6,5,0,N(撥音単発)
ぎっちら,gitchira,Manner or sound of ぎっちら: 「ぎっちら」という感覚・音・ condition/stateを表す expression.,Psychomime (State/Manner),Dynamics,Neutral,Unvoiced (Light),Neutral,Reduplication,ɡittɕiɾa,5,5,5,5,5,4,739.2,5.06,5,5213.7,6.72,7,0,4,#CD853F,61.8,21.4,47.9,"Reflecting voiced consonants and unvoiced plosives for a vector configuration of Weight 5, Time 5, and Flow 5.",,5,5,0,8,COMPOUND(複合・異種)
ぎっちらぎっちら,gitchiragitchira,Manner or sound of ぎっちらぎっちら: 「ぎっちら」という音や condition/stateが繰り返し連続して生じる manner.,Psychomime (State/Manner),Dynamics,Neutral,Unvoiced (Light),Neutral,Reduplication,ɡittɕiɾaɡittɕiɾa,5,6,5,5,5,3,942.5,5.68,5,6314.8,7.04,6,0,4,#CD853F,61.8,21.4,47.9,"Reflecting voiced consonants and unvoiced plosives for a vector configuration of Weight 5, Time 6, and Flow 5.",,4,5,5,1,REDUP(畳語・同一)
ぎっちらこ,gitchirako,Manner or sound of ぎっちらこ: 「ぎっちらこ」という感覚・音・ condition/stateを表す expression.,Phonomime (Voice),Dynamics,Positive,Unvoiced (Light),Dark/Heavy/Large,Reduplication,ɡittɕiɾako,5,6,5,5,5,3,698.3,4.92,6,4616.7,6.51,6,0,4,#CD853F,61.8,21.4,47.9,"Reflecting voiced consonants and unvoiced plosives for a vector configuration of Weight 5, Time 6, and Flow 5.",,5,5,0,8,COMPOUND(複合・異種)
ぎっちり,gitchiri,Manner or sound of ぎっちり: 「ぎっち」と一度だけ鮮やかに、あるいは滑らかに行われる action・ condition/state。,Psychomime (State/Manner),Dynamics,Neutral,Unvoiced (Light),Neutral,Reduplication,ɡittɕiɾi,5,6,6,6,5,4,677.8,4.84,6,4124.4,6.32,7,mh,5,#708090,52.8,-2.1,-10.6,"Reflecting voiced consonants and unvoiced plosives for a vector configuration of Weight 5, Time 6, and Flow 6.",,5,5,5,8,COMPOUND(複合・異種)
ぎっとり,gittori,Manner or sound of ぎっとり: 「ぎっと」と一度だけ鮮やかに、あるいは滑らかに行われる action・ condition/state。,Psychomime (State/Manner),Texture,Negative,Semi-voiced (Crisp),Dark/Heavy/Large,-ri Ending,ɡittoɾi,5,5,5,5,6,4,375.0,3.35,6,3609.7,6.09,7,mh,5,#D8BFD8,80.1,13.2,-9.2,"Reflecting voiced consonants and unvoiced plosives for a vector configuration of Weight 5, Time 5, and Flow 5.",,5,5,5,8,COMPOUND(複合・異種)
ぎっとん,gitton,Manner or sound of ぎっとん: 「ぎっと」と響き渡る音、 or 余韻や弾力を伴う condition/state。,Psychomime (State/Manner),Dynamics,Neutral,Unvoiced (Light),Neutral,Reduplication,ɡittoŋ,5,7,8,7,4,4,464.1,3.89,7,5926.7,6.93,8,mc,3,#808080,53.6,-0.0,0.0,"Reflecting voiced consonants and unvoiced plosives for a vector configuration of Weight 5, Time 7, and Flow 7.",,3,6,5,0,N(撥音単発)
ぎとっ,gitot,Manner or sound of ぎとっ: 「ぎと」とする actionや phenomenonが瞬間的・急激に行われる音や state/manner.,Psychomime (State/Manner),Dynamics,Neutral,Unvoiced (Light),Neutral,Reduplication,ɡitoʔ,5,7,7,7,5,4,518.2,4.16,8,8004.9,7.44,8,0,4,#000000,0.0,0.0,0.0,"Reflecting voiced consonants and unvoiced plosives for a vector configuration of Weight 5, Time 7, and Flow 7.",,2,5,0,0,Q(促音単発)
ぎゃん,gyan,Manner or sound of ぎゃん: 「ぎゃ」と響き渡る音、 or 余韻や弾力を伴う condition/state。,Psychomime (State/Manner),Dynamics,Neutral,Unvoiced (Light),Neutral,Reduplication,ɡjaŋ,5,7,7,5,4,5,571.3,4.41,6,7729.0,7.39,7,0,4,#000000,0.0,0.0,0.0,"Reflecting voiced consonants and nasal resonance for a vector configuration of Weight 5, Time 7, and Flow 5.",,3,6,5,0,N(撥音単発)
ぎゃんぎゃん,gyangyan,Manner or sound of ぎゃんぎゃん: 「ぎゃんぎゃ」と響き渡る音、 or 余韻や弾力を伴う condition/state。,Psychomime (State/Manner),Dynamics,Neutral,Unvoiced (Light),Neutral,Reduplication,ɡjaŋɡjaŋ,6,6,7,4,5,5,555.1,4.34,4,8935.2,7.63,7,0,4,#FF4500,57.6,67.8,69.0,"Reflecting voiced consonants and nasal resonance for a vector configuration of Weight 6, Time 6, and Flow 4.",,4,5,5,1,REDUP(畳語・同一)
ぎゃー,gya-,Manner or sound of ぎゃー: 音が長く尾を引いて持続する音や condition/state。,Psychomime (State/Manner),Dynamics,Neutral,Unvoiced (Light),Neutral,Reduplication,ɡjaː,5,3,5,4,7,4,1066.7,5.99,1,8269.5,7.50,6,0,4,#FF4500,57.6,67.8,69.0,"Reflecting voiced consonants and long vowel extension for a vector configuration of Weight 5, Time 3, and Flow 4.",,2,7,5,0,LONG(長音ー)
ぎゃーっ,gya-t,Manner or sound of ぎゃーっ: 「ぎゃー」とする actionや phenomenonが瞬間的・急激に行われる音や state/manner.,Psychomime (State/Manner),Dynamics,Neutral,Unvoiced (Light),Neutral,Reduplication,ɡjaːʔ,5,5,6,5,6,4,931.6,5.65,5,9923.2,7.81,7,0,4,#FF4500,57.6,67.8,69.0,"Reflecting voiced consonants and geminate sokuon (sudden onset) for a vector configuration of Weight 5, Time 5, and Flow 5.",,2,6,5,0,LONG(長音ー)
ぎゅ,gyu,Manner or sound of ぎゅ: 「ぎゅ」という感覚・音・ condition/stateを表す expression.,Psychomime (State/Manner),Dynamics,Neutral,Unvoiced (Light),Neutral,Reduplication,ɡju,6,5,6,6,5,5,405.6,3.54,5,4964.8,6.63,7,0,4,#8B0000,28.1,51.0,41.3,"Reflecting voiced consonants for a vector configuration of Weight 6, Time 5, and Flow 6.",,5,5,0,8,COMPOUND(複合・異種)
ぎゅっぎゅっ,gyutgyut,Manner or sound of ぎゅっぎゅっ: 「ぎゅっぎゅ」とする actionや phenomenonが瞬間的・急激に行われる音や state/manner.,Psychomime (State/Manner),Dynamics,Neutral,Unvoiced (Light),Neutral,Reduplication,ɡjuɡɡjuʔ,6,6,6,7,5,4,515.4,4.15,6,7334.4,7.30,8,mc,3,#000000,0.0,0.0,0.0,"Reflecting voiced consonants and geminate sokuon (sudden onset) for a vector configuration of Weight 6, Time 6, and Flow 7.",,4,5,5,1,REDUP(畳語・同一)
ぎゅん,gyun,Manner or sound of ぎゅん: 「ぎゅ」と響き渡る音、 or 余韻や弾力を伴う condition/state。,Psychomime (State/Manner),Dynamics,Neutral,Unvoiced (Light),Neutral,Reduplication,ɡjuŋ,6,7,8,6,4,4,529.2,4.22,6,6721.1,7.15,7,mc,3,#808080,53.6,-0.0,0.0,"Reflecting voiced consonants and nasal resonance for a vector configuration of Weight 6, Time 7, and Flow 6.",,3,6,5,0,N(撥音単発)
ぎゅんぎゅん,gyungyun,Manner or sound of ぎゅんぎゅん: 「ぎゅんぎゅ」と響き渡る音、 or 余韻や弾力を伴う condition/state。,Psychomime (State/Manner),Dynamics,Neutral,Unvoiced (Light),Neutral,Reduplication,ɡjuŋɡjuŋ,6,6,7,5,5,5,511.8,4.13,4,7413.4,7.31,7,0,4,#8B0000,28.1,51.0,41.3,"Reflecting voiced consonants and nasal resonance for a vector configuration of Weight 6, Time 6, and Flow 5.",,4,5,5,1,REDUP(畳語・同一)
ぎゅーぎゅー,gyu-gyu-,Manner or sound of ぎゅーぎゅー: 「ぎゅー」という音や condition/stateが繰り返し連続して生じる manner.,Psychomime (State/Manner),Density/Distance,Negative,Semi-voiced (Crisp),Dark/Heavy/Large,Reduplication,ɡjuːɡjuː,6,4,6,5,6,5,663.0,4.79,2,6629.6,7.12,7,0,4,#8B0000,28.1,51.0,41.3,"Reflecting voiced consonants and long vowel extension for a vector configuration of Weight 6, Time 4, and Flow 5.",,4,5,5,1,REDUP(畳語・同一)
ぎゅーっ,gyu-t,Manner or sound of ぎゅーっ: 「ぎゅー」とする actionや phenomenonが瞬間的・急激に行われる音や state/manner.,Psychomime (State/Manner),Dynamics,Neutral,Unvoiced (Light),Neutral,Reduplication,ɡjuːʔ,5,5,6,6,6,4,835.2,5.37,4,8280.8,7.50,7,0,4,#9A6B58,49.6,16.3,18.2,"Reflecting voiced consonants and geminate sokuon (sudden onset) for a vector configuration of Weight 5, Time 5, and Flow 6.",,2,6,5,0,LONG(長音ー)
ぎゅーん,gyu-n,Manner or sound of ぎゅーん: 「ぎゅー」と響き渡る音、 or 余韻や弾力を伴う condition/state。,Psychomime (State/Manner),Dynamics,Neutral,Unvoiced (Light),Neutral,Reduplication,ɡjuːŋ,5,4,7,5,5,4,832.9,5.37,2,7400.4,7.31,7,0,4,#9A6B58,49.6,16.3,18.2,"Reflecting voiced consonants and nasal resonance for a vector configuration of Weight 5, Time 4, and Flow 5.",,3,7,5,0,LONG(長音ー)
ぎょろっ,gyorot,Manner or sound of ぎょろっ: 「ぎょろ」とする actionや phenomenonが瞬間的・急激に行われる音や state/manner.,Psychomime (State/Manner),Dynamics,Neutral,Unvoiced (Light),Neutral,Reduplication,ɡjoɾoʔ,5,7,7,6,6,4,452.3,3.82,7,6432.7,7.07,7,mc,3,#006400,36.2,-43.4,41.9,"Reflecting voiced consonants and flap consonant /ɾ/ for a vector configuration of Weight 5, Time 7, and Flow 6.",,3,5,0,0,Q(促音単発)
ぎょろり,gyorori,Manner or sound of ぎょろり: 「ぎょろ」と一度だけ鮮やかに、あるいは滑らかに行われる action・ condition/state。,Psychomime (State/Manner),Dynamics,Neutral,Unvoiced (Light),Neutral,Reduplication,ɡjoɾoɾi,4,6,6,4,7,5,425.9,3.67,5,3133.2,5.85,6,0,4,#006400,36.2,-43.4,41.9,"Reflecting voiced consonants and flap consonant /ɾ/ for a vector configuration of Weight 4, Time 6, and Flow 4.",,4,6,0,0,RI(り単発)
ぎょろん,gyoron,Manner or sound of ぎょろん: 「ぎょろ」と響き渡る音、 or 余韻や弾力を伴う condition/state。,Psychomime (State/Manner),Dynamics,Neutral,Unvoiced (Light),Neutral,Reduplication,ɡjoɾoŋ,5,7,7,5,5,5,387.7,3.43,6,3991.1,6.26,7,mc,3,#808080,53.6,-0.0,0.0,"Reflecting voiced consonants and nasal resonance for a vector configuration of Weight 5, Time 7, and Flow 5.",,3,6,5,0,N(撥音単発)
ぎらぎらっ,giragirat,Manner or sound of ぎらぎらっ: 「ぎらぎら」とする actionや phenomenonが瞬間的・急激に行われる音や state/manner.,Psychomime (State/Manner),Dynamics,Neutral,Unvoiced (Light),Neutral,Reduplication,ɡiɾaɡiɾaʔ,5,7,7,5,6,2,715.7,4.98,6,9715.8,7.77,7,mh,5,#FFD700,86.9,-1.9,87.1,"Reflecting voiced consonants and flap consonant /ɾ/ for a vector configuration of Weight 5, Time 7, and Flow 5.",,3,5,0,0,Q(促音単発)
ぎらっ,girat,Manner or sound of ぎらっ: 「ぎら」とする actionや phenomenonが瞬間的・急激に行われる音や state/manner.,Psychomime (State/Manner),Dynamics,Neutral,Unvoiced (Light),Neutral,Reduplication,ɡiɾaʔ,5,8,7,6,6,2,663.5,4.79,7,9659.3,7.76,7,0,4,#000000,0.0,0.0,0.0,"Reflecting voiced consonants and flap consonant /ɾ/ for a vector configuration of Weight 5, Time 8, and Flow 6.",,2,5,0,0,Q(促音単発)
ぎらり,girari,Manner or sound of ぎらり: 「ぎら」と一度だけ鮮やかに、あるいは滑らかに行われる action・ condition/state。,Psychomime (State/Manner),Dynamics,Neutral,Unvoiced (Light),Neutral,Reduplication,ɡiɾaɾi,4,6,6,4,7,3,584.1,4.47,5,5198.0,6.71,6,mh,5,#FFFFFF,100.0,-0.0,0.0,"Reflecting voiced consonants and flap consonant /ɾ/ for a vector configuration of Weight 4, Time 6, and Flow 4.",,4,6,0,0,RI(り単発)
ぎらりぎらり,girarigirari,Manner or sound of ぎらりぎらり: 「ぎらりぎら」と一度だけ鮮やかに、あるいは滑らかに行われる action・ condition/state。,Psychomime (State/Manner),Dynamics,Neutral,Unvoiced (Light),Neutral,Reduplication,ɡiɾaɾiɡiɾaɾi,4,6,6,4,7,2,697.0,4.92,5,6348.0,7.05,6,mh,5,#FFD700,86.9,-1.9,87.1,"Reflecting voiced consonants and flap consonant /ɾ/ for a vector configuration of Weight 4, Time 6, and Flow 4.",,4,5,5,1,REDUP(畳語・同一)
ぎりっ,girit,Manner or sound of ぎりっ: 「ぎり」とする actionや phenomenonが瞬間的・急激に行われる音や state/manner.,Psychomime (State/Manner),Dynamics,Neutral,Unvoiced (Light),Neutral,Reduplication,ɡiɾiʔ,5,8,8,8,4,2,872.0,5.48,8,9821.4,7.79,8,0,4,#000000,0.0,0.0,0.0,"Reflecting voiced consonants and flap consonant /ɾ/ for a vector configuration of Weight 5, Time 8, and Flow 8.",,2,5,0,0,Q(促音単発)
ぎりり,giriri,Manner or sound of ぎりり: 「ぎり」と一度だけ鮮やかに、あるいは滑らかに行われる action・ condition/state。,Psychomime (State/Manner),Dynamics,Neutral,Unvoiced (Light),Neutral,Reduplication,ɡiɾiɾi,4,6,7,6,6,3,720.1,5.00,6,6318.4,7.04,7,0,4,#FFFFFF,100.0,-0.0,0.0,"Reflecting voiced consonants and flap consonant /ɾ/ for a vector configuration of Weight 4, Time 6, and Flow 6.",,4,6,0,0,RI(り単発)
ぎんぎらぎん,gingiragin,Manner or sound of ぎんぎらぎん: 「ぎんぎらぎ」と響き渡る音、 or 余韻や弾力を伴う condition/state。,Psychomime (State/Manner),Dynamics,Neutral,Unvoiced (Light),Neutral,Reduplication,ɡiŋɡiɾaɡiŋ,6,6,7,5,4,3,543.5,4.29,5,6568.6,7.11,7,0,4,#FFD700,86.9,-1.9,87.1,"Reflecting voiced consonants and nasal resonance for a vector configuration of Weight 6, Time 6, and Flow 5.",,5,5,5,8,COMPOUND(複合・異種)
ぎんぎん,gingin,Manner or sound of ぎんぎん: 「ぎんぎ」と響き渡る音、 or 余韻や弾力を伴う condition/state。,Psychomime (State/Manner),Dynamics,Neutral,Unvoiced (Light),Neutral,Reduplication,ɡiŋɡiŋ,6,6,7,6,3,4,582.0,4.46,4,6766.1,7.16,7,mc,3,#8F502F,40.9,23.3,30.5,"Reflecting voiced consonants and nasal resonance for a vector configuration of Weight 6, Time 6, and Flow 6.",,4,5,5,1,REDUP(畳語・同一)
ぎーとん,gi-ton,Manner or sound of ぎーとん: 「ぎーと」と響き渡る音、 or 余韻や弾力を伴う condition/state。,Psychomime (State/Manner),Dynamics,Neutral,Unvoiced (Light),Neutral,Reduplication,ɡiːtoŋ,5,5,7,6,5,3,893.4,5.54,3,7303.8,7.29,6,0,4,#556B2F,42.2,-18.8,30.6,"Reflecting voiced consonants and unvoiced plosives for a vector configuration of Weight 5, Time 5, and Flow 6.",,2,7,5,0,LONG(長音ー)
くい,kui,Manner or sound of くい: 「くい」という感覚・音・ condition/stateを表す expression.,Psychomime (State/Manner),Dynamics,Neutral,Unvoiced (Light),Neutral,Reduplication,kui,4,5,5,5,6,5,412.8,3.59,5,2491.0,5.46,6,0,4,#000000,0.0,0.0,0.0,"Reflecting unvoiced plosives for a vector configuration of Weight 4, Time 5, and Flow 5.",,5,5,0,8,COMPOUND(複合・異種)
くいくい,kuikui,Manner or sound of くいくい: 「くい」という音や condition/stateが繰り返し連続して生じる manner.,Psychomime (State/Manner),Dynamics,Neutral,Unvoiced (Light),Neutral,Reduplication,kuikui,3,5,4,5,6,5,642.0,4.71,5,3605.1,6.09,5,0,4,#F5DEB3,89.4,1.5,24.0,"Reflecting unvoiced plosives for a vector configuration of Weight 3, Time 5, and Flow 5.",,4,5,5,1,REDUP(畳語・同一)
くいっ,kuit,Manner or sound of くいっ: 「くい」とする actionや phenomenonが瞬間的・急激に行われる音や state/manner.,Psychomime (State/Manner),Dynamics,Neutral,Unvoiced (Light),Neutral,Reduplication,kuiʔ,4,8,7,7,5,3,648.4,4.73,8,7377.0,7.31,7,0,4,#000000,0.0,0.0,0.0,"Reflecting unvoiced plosives and geminate sokuon (sudden onset) for a vector configuration of Weight 4, Time 8, and Flow 7.",,2,5,0,0,Q(促音単発)
くおぉん,kuoぉn,Manner or sound of くおぉん: 「くおぉ」と響き渡る音、 or 余韻や弾力を伴う condition/state。,Psychomime (State/Manner),Dynamics,Neutral,Unvoiced (Light),Neutral,Reduplication,kuoぉŋ,4,6,6,6,4,5,426.8,3.67,6,3345.3,5.96,6,mc,3,#808080,53.6,-0.0,0.0,"Reflecting unvoiced plosives and nasal resonance for a vector configuration of Weight 4, Time 6, and Flow 6.",,3,6,5,0,N(撥音単発)
くくくっ,kukukut,Manner or sound of くくくっ: 「くくく」とする actionや phenomenonが瞬間的・急激に行われる音や state/manner.,Psychomime (State/Manner),Dynamics,Neutral,Unvoiced (Light),Neutral,Reduplication,kukukuʔ,4,7,6,7,6,4,428.1,3.68,8,5914.9,6.93,6,0,4,#FFFFFF,100.0,-0.0,0.0,"Reflecting unvoiced plosives and geminate sokuon (sudden onset) for a vector configuration of Weight 4, Time 7, and Flow 7.",,3,5,0,0,Q(促音単発)
くくっ,kukut,Manner or sound of くくっ: 「くく」とする actionや phenomenonが瞬間的・急激に行われる音や state/manner.,Psychomime (State/Manner),Dynamics,Neutral,Unvoiced (Light),Neutral,Reduplication,kukuʔ,4,8,6,7,6,4,465.5,3.89,8,6621.6,7.12,7,0,4,#FFFFFF,100.0,-0.0,0.0,"Reflecting unvoiced plosives and geminate sokuon (sudden onset) for a vector configuration of Weight 4, Time 8, and Flow 7.",,2,5,0,0,Q(促音単発)
くしゃくしゃつ,kushakushatsu,Manner or sound of くしゃくしゃつ: 「くしゃくしゃつ」という感覚・音・ condition/stateを表す expression.,Psychomime (State/Manner),Dynamics,Neutral,Unvoiced (Light),Neutral,Reduplication,kuɕakuɕatsu,4,7,5,5,6,5,781.6,5.20,6,8010.6,7.45,6,0,4,#D2B48C,75.0,5.0,24.4,"Reflecting unvoiced plosives and fricatives for a vector configuration of Weight 4, Time 7, and Flow 5.",,5,5,0,8,COMPOUND(複合・異種)
くしゃっ,kushat,Manner or sound of くしゃっ: 「くしゃ」とする actionや phenomenonが瞬間的・急激に行われる音や state/manner.,Psychomime (State/Manner),Dynamics,Neutral,Unvoiced (Light),Neutral,Reduplication,kuɕaʔ,4,8,7,6,6,4,776.7,5.19,8,10375.1,7.89,7,0,4,#D2B48C,75.0,5.0,24.4,"Reflecting unvoiced plosives and fricatives for a vector configuration of Weight 4, Time 8, and Flow 6.",,3,5,0,0,Q(促音単発)
くしゃん,kushan,Manner or sound of くしゃん: 「くしゃ」と響き渡る音、 or 余韻や弾力を伴う condition/state。,Psychomime (State/Manner),Dynamics,Neutral,Unvoiced (Light),Neutral,Reduplication,kuɕaŋ,4,7,7,5,5,5,690.2,4.89,7,7912.2,7.42,7,0,4,#D2B48C,75.0,5.0,24.4,"Reflecting unvoiced plosives and fricatives for a vector configuration of Weight 4, Time 7, and Flow 5.",,3,6,5,0,N(撥音単発)
くしゅん,kushun,Manner or sound of くしゅん: 「くしゅ」と響き渡る音、 or 余韻や弾力を伴う condition/state。,Psychomime (State/Manner),Dynamics,Neutral,Unvoiced (Light),Neutral,Reduplication,kuɕuŋ,4,7,7,6,5,5,695.9,4.91,6,5989.1,6.95,6,0,4,#808080,53.6,-0.0,0.0,"Reflecting unvoiced plosives and fricatives for a vector configuration of Weight 4, Time 7, and Flow 6.",,3,6,5,0,N(撥音単発)
くすっ,kusut,Manner or sound of くすっ: 「くす」とする actionや phenomenonが瞬間的・急激に行われる音や state/manner.,Psychomime (State/Manner),Dynamics,Neutral,Unvoiced (Light),Neutral,Reduplication,kusuʔ,4,8,6,6,6,3,617.2,4.61,8,7474.5,7.33,6,0,4,#000000,0.0,0.0,0.0,"Reflecting unvoiced plosives and fricatives for a vector configuration of Weight 4, Time 8, and Flow 6.",,2,5,0,0,Q(促音単発)
くすり,kusuri,Manner or sound of くすり: 「くす」と一度だけ鮮やかに、あるいは滑らかに行われる action・ condition/state。,Psychomime (State/Manner),Dynamics,Neutral,Unvoiced (Light),Neutral,Reduplication,kusuɾi,2,5,5,4,8,4,550.3,4.32,5,3327.9,5.95,5,mh,5,#FFFFFF,100.0,-0.0,0.0,"Reflecting unvoiced plosives and fricatives for a vector configuration of Weight 2, Time 5, and Flow 4.",,4,6,0,0,RI(り単発)
くすん,kusun,Manner or sound of くすん: 「くす」と響き渡る音、 or 余韻や弾力を伴う condition/state。,Psychomime (State/Manner),Dynamics,Neutral,Unvoiced (Light),Neutral,Reduplication,kusuŋ,4,7,7,5,5,4,556.1,4.34,6,5088.5,6.67,6,0,4,#FFFACD,97.6,-5.4,22.2,"Reflecting unvoiced plosives and fricatives for a vector configuration of Weight 4, Time 7, and Flow 5.",,3,6,5,0,N(撥音単発)
くたっ,kutat,Manner or sound of くたっ: 「くた」とする actionや phenomenonが瞬間的・急激に行われる音や state/manner.,Psychomime (State/Manner),Dynamics,Neutral,Unvoiced (Light),Neutral,Reduplication,kutaʔ,5,7,6,7,6,4,446.5,3.79,8,7413.7,7.31,7,0,4,#000000,0.0,0.0,0.0,"Reflecting unvoiced plosives and geminate sokuon (sudden onset) for a vector configuration of Weight 5, Time 7, and Flow 7.",,2,5,0,0,Q(促音単発)
くたり,kutari,Manner or sound of くたり: 「くた」と一度だけ鮮やかに、あるいは滑らかに行われる action・ condition/state。,Psychomime (State/Manner),Dynamics,Neutral,Unvoiced (Light),Neutral,Reduplication,kutaɾi,3,6,5,5,7,5,397.4,3.49,6,2841.5,5.69,5,mh,5,#FFFFFF,100.0,-0.0,0.0,"Reflecting unvoiced plosives and flap consonant /ɾ/ for a vector configuration of Weight 3, Time 6, and Flow 5.",,4,6,0,0,RI(り単発)
くちゃり,kuchari,Manner or sound of くちゃり: 「くちゃ」と一度だけ鮮やかに、あるいは滑らかに行われる action・ condition/state。,Psychomime (State/Manner),Dynamics,Neutral,Unvoiced (Light),Neutral,Reduplication,kutɕaɾi,3,6,6,4,7,5,721.2,5.00,6,4911.3,6.61,6,mh,5,#FFFFFF,100.0,-0.0,0.0,"Reflecting unvoiced plosives and fricatives for a vector configuration of Weight 3, Time 6, and Flow 4.",,4,6,0,0,RI(り単発)
くっ,kut,Manner or sound of くっ: 「く」とする actionや phenomenonが瞬間的・急激に行われる音や state/manner.,Psychomime (State/Manner),Dynamics,Neutral,Unvoiced (Light),Neutral,Reduplication,kuʔ,4,8,7,7,5,4,515.0,4.15,8,7392.3,7.31,7,0,4,#FFFFFF,100.0,-0.0,0.0,"Reflecting unvoiced plosives and geminate sokuon (sudden onset) for a vector configuration of Weight 4, Time 8, and Flow 7.",,2,5,0,0,Q(促音単発)
くっく,kutku,Manner or sound of くっく: 「くっく」という感覚・音・ condition/stateを表す expression.,Psychomime (State/Manner),Dynamics,Neutral,Unvoiced (Light),Neutral,Reduplication,kukku,4,6,5,6,6,5,361.5,3.25,6,2691.1,5.59,6,0,4,#FFFFFF,100.0,-0.0,0.0,"Reflecting unvoiced plosives and geminate sokuon (sudden onset) for a vector configuration of Weight 4, Time 6, and Flow 6.",,5,5,0,8,COMPOUND(複合・異種)
くっすぐく,kutsuguku,Manner or sound of くっすぐく: 「くっすぐく」という感覚・音・ condition/stateを表す expression.,Psychomime (State/Manner),Dynamics,Neutral,Unvoiced (Light),Neutral,Reduplication,kussuɡuku,4,5,5,5,6,5,351.5,3.18,6,2136.3,5.20,6,0,4,#191970,15.9,31.7,-49.6,"Reflecting voiced consonants and unvoiced plosives for a vector configuration of Weight 4, Time 5, and Flow 5.",,5,5,0,8,COMPOUND(複合・異種)
くつくつ,kutsukutsu,Manner or sound of くつくつ: 「くつ」という音や condition/stateが繰り返し連続して生じる manner.,Psychomime (State/Manner),Dynamics,Neutral,Unvoiced (Light),Neutral,Reduplication,kutsukutsu,3,5,5,5,6,5,448.9,3.80,5,2319.8,5.34,6,0,4,#FF4500,57.6,67.8,69.0,"Reflecting unvoiced plosives and fricatives for a vector configuration of Weight 3, Time 5, and Flow 5.",,4,5,5,1,REDUP(畳語・同一)
くにゃり,kunyari,Manner or sound of くにゃり: 「くにゃ」と一度だけ鮮やかに、あるいは滑らかに行われる action・ condition/state。,Psychomime (State/Manner),Dynamics,Neutral,Unvoiced (Light),Neutral,Reduplication,kuɲaɾi,3,5,5,4,8,6,416.0,3.61,5,2930.6,5.74,6,mh,5,#FFDAB9,89.4,8.1,21.0,"Reflecting unvoiced plosives and nasal resonance for a vector configuration of Weight 3, Time 5, and Flow 4.",,4,6,0,0,RI(り単発)
くらっ,kurat,Manner or sound of くらっ: 「くら」とする actionや phenomenonが瞬間的・急激に行われる音や state/manner.,Psychomime (State/Manner),Dynamics,Neutral,Unvoiced (Light),Neutral,Reduplication,kuɾaʔ,4,7,6,5,6,3,536.2,4.25,7,7133.9,7.25,6,0,4,#000000,0.0,0.0,0.0,"Reflecting unvoiced plosives and flap consonant /ɾ/ for a vector configuration of Weight 4, Time 7, and Flow 5.",,2,5,0,0,Q(促音単発)
くらり,kurari,Manner or sound of くらり: 「くら」と一度だけ鮮やかに、あるいは滑らかに行われる action・ condition/state。,Psychomime (State/Manner),Dynamics,Neutral,Unvoiced (Light),Neutral,Reduplication,kuɾaɾi,2,5,5,4,8,4,463.0,3.88,5,2722.7,5.61,5,mh,5,#FFFFFF,100.0,-0.0,0.0,"Reflecting unvoiced plosives and flap consonant /ɾ/ for a vector configuration of Weight 2, Time 5, and Flow 4.",,4,6,0,0,RI(り単発)
くりくりっ,kurikurit,Manner or sound of くりくりっ: 「くりくり」とする actionや phenomenonが瞬間的・急激に行われる音や state/manner.,Psychomime (State/Manner),Dynamics,Neutral,Unvoiced (Light),Neutral,Reduplication,kuɾikuɾiʔ,4,7,7,7,5,3,778.5,5.19,8,6486.8,7.09,7,mc,3,#F5DEB3,89.4,1.5,24.0,"Reflecting unvoiced plosives and flap consonant /ɾ/ for a vector configuration of Weight 4, Time 7, and Flow 7.",,3,5,0,0,Q(促音単発)
くりっ,kurit,Manner or sound of くりっ: 「くり」とする actionや phenomenonが瞬間的・急激に行われる音や state/manner.,Psychomime (State/Manner),Dynamics,Neutral,Unvoiced (Light),Neutral,Reduplication,kuɾiʔ,4,7,7,7,5,3,750.7,5.10,8,7172.7,7.26,7,0,4,#000000,0.0,0.0,0.0,"Reflecting unvoiced plosives and flap consonant /ɾ/ for a vector configuration of Weight 4, Time 7, and Flow 7.",,2,5,0,0,Q(促音単発)
くるりくるり,kururikururi,Manner or sound of くるりくるり: 「くるりくる」と一度だけ鮮やかに、あるいは滑らかに行われる action・ condition/state。,Psychomime (State/Manner),Dynamics,Neutral,Unvoiced (Light),Neutral,Reduplication,kuɾuɾikuɾuɾi,3,5,5,4,7,4,510.7,4.13,5,2894.4,5.72,5,mc,3,#F0F8FF,97.2,-1.3,-4.3,"Reflecting unvoiced plosives and flap consonant /ɾ/ for a vector configuration of Weight 3, Time 5, and Flow 4.",,4,5,5,1,REDUP(畳語・同一)
くるん,kurun,Manner or sound of くるん: 「くる」と響き渡る音、 or 余韻や弾力を伴う condition/state。,Psychomime (State/Manner),Dynamics,Neutral,Unvoiced (Light),Neutral,Reduplication,kuɾuŋ,4,6,7,5,5,5,436.7,3.73,6,3788.9,6.17,6,mc,3,#808080,53.6,-0.0,0.0,"Reflecting unvoiced plosives and nasal resonance for a vector configuration of Weight 4, Time 6, and Flow 5.",,3,6,5,0,N(撥音単発)
くーん,ku-n,Manner or sound of くーん: 「くー」と響き渡る音、 or 余韻や弾力を伴う condition/state。,Psychomime (State/Manner),Dynamics,Neutral,Unvoiced (Light),Neutral,Reduplication,kuːŋ,4,4,6,4,5,4,855.2,5.43,2,5408.2,6.78,5,0,4,#FFFF00,97.1,-21.6,94.5,"Reflecting unvoiced plosives and nasal resonance for a vector configuration of Weight 4, Time 4, and Flow 4.",,3,7,5,0,LONG(長音ー)
ぐ,gu,Manner or sound of ぐ: 「ぐ」という感覚・音・ condition/stateを表す expression.,Psychomime (State/Manner),Dynamics,Neutral,Unvoiced (Light),Neutral,Reduplication,ɡu,6,4,4,5,6,6,216.0,1.95,5,1814.5,4.92,7,0,4,#000080,13.0,47.5,-64.7,"Reflecting voiced consonants for a vector configuration of Weight 6, Time 4, and Flow 5.",,5,5,0,8,COMPOUND(複合・異種)
ぐい,gui,Manner or sound of ぐい: 「ぐい」という感覚・音・ condition/stateを表す expression.,Psychomime (State/Manner),Dynamics,Neutral,Unvoiced (Light),Neutral,Reduplication,ɡui,5,5,5,5,6,5,307.1,2.84,5,2701.2,5.60,7,mh,5,#FF4500,57.6,67.8,69.0,"Reflecting voiced consonants for a vector configuration of Weight 5, Time 5, and Flow 5.",,5,5,0,8,COMPOUND(複合・異種)
ぐおんぐおん,guonguon,Manner or sound of ぐおんぐおん: 「ぐおんぐお」と響き渡る音、 or 余韻や弾力を伴う condition/state。,Psychomime (State/Manner),Dynamics,Neutral,Unvoiced (Light),Neutral,Reduplication,ɡuoŋɡuoŋ,6,5,5,5,4,6,135.8,0.77,4,2000.6,5.09,7,0,4,#1E90FF,59.4,10.0,-63.4,"Reflecting voiced consonants and nasal resonance for a vector configuration of Weight 6, Time 5, and Flow 5.",,4,5,5,1,REDUP(畳語・同一)
ぐがっ,gugat,Manner or sound of ぐがっ: 「ぐが」とする actionや phenomenonが瞬間的・急激に行われる音や state/manner.,Psychomime (State/Manner),Dynamics,Neutral,Unvoiced (Light),Neutral,Reduplication,ɡuɡaʔ,6,8,7,7,5,4,381.9,3.39,8,7076.9,7.24,8,0,4,#000000,0.0,0.0,0.0,"Reflecting voiced consonants and geminate sokuon (sudden onset) for a vector configuration of Weight 6, Time 8, and Flow 7.",,2,5,0,0,Q(促音単発)
ぐぐ,gugu,Manner or sound of ぐぐ: 「ぐぐ」という感覚・音・ condition/stateを表す expression.,Psychomime (State/Manner),Dynamics,Neutral,Unvoiced (Light),Neutral,Reduplication,ɡuɡu,6,5,4,5,6,6,148.0,0.99,5,1389.3,4.47,7,0,4,#778899,55.9,-2.2,-11.1,"Reflecting voiced consonants for a vector configuration of Weight 6, Time 5, and Flow 5.",,5,5,0,8,COMPOUND(複合・異種)
ぐぐっ,gugut,Manner or sound of ぐぐっ: 「ぐぐ」とする actionや phenomenonが瞬間的・急激に行われる音や state/manner.,Psychomime (State/Manner),Dynamics,Neutral,Unvoiced (Light),Neutral,Reduplication,ɡuɡuʔ,6,7,6,6,5,4,370.0,3.31,8,6275.2,7.03,8,0,4,#000000,0.0,0.0,0.0,"Reflecting voiced consonants and geminate sokuon (sudden onset) for a vector configuration of Weight 6, Time 7, and Flow 6.",,2,5,0,0,Q(促音単発)
ぐさぐさ,gusagusa,Manner or sound of ぐさぐさ: 「ぐさ」という音や condition/stateが繰り返し連続して生じる manner.,Psychomime (State/Manner),Dynamics,Neutral,Unvoiced (Light),Neutral,Reduplication,ɡusaɡusa,5,5,3,3,7,4,457.4,3.85,4,3849.2,6.20,5,mc,3,#556B2F,42.2,-18.8,30.6,"Reflecting voiced consonants and fricatives for a vector configuration of Weight 5, Time 5, and Flow 3.",,4,5,5,1,REDUP(畳語・同一)
ぐさっ,gusat,Manner or sound of ぐさっ: 「ぐさ」とする actionや phenomenonが瞬間的・急激に行われる音や state/manner.,Psychomime (State/Manner),Dynamics,Neutral,Unvoiced (Light),Neutral,Reduplication,ɡusaʔ,5,7,6,6,6,3,514.1,4.14,8,7523.0,7.34,7,0,4,#000000,0.0,0.0,0.0,"Reflecting voiced consonants and fricatives for a vector configuration of Weight 5, Time 7, and Flow 6.",,2,5,0,0,Q(促音単発)
ぐさり,gusari,Manner or sound of ぐさり: 「ぐさ」と一度だけ鮮やかに、あるいは滑らかに行われる action・ condition/state。,Psychomime (State/Manner),Dynamics,Neutral,Unvoiced (Light),Neutral,Reduplication,ɡusaɾi,4,6,5,4,7,4,473.6,3.94,6,3419.6,6.00,6,0,4,#FFFFFF,100.0,-0.0,0.0,"Reflecting voiced consonants and fricatives for a vector configuration of Weight 4, Time 6, and Flow 4.",,4,6,0,0,RI(り単発)
ぐしゃっ,gushat,Manner or sound of ぐしゃっ: 「ぐしゃ」とする actionや phenomenonが瞬間的・急激に行われる音や state/manner.,Psychomime (State/Manner),Dynamics,Neutral,Unvoiced (Light),Neutral,Reduplication,ɡuɕaʔ,5,8,6,6,6,4,616.1,4.60,8,9536.0,7.74,8,0,4,#8B4513,37.5,26.4,41.0,"Reflecting voiced consonants and fricatives for a vector configuration of Weight 5, Time 8, and Flow 6.",,3,5,0,0,Q(促音単発)
ぐしゃり,gushari,Manner or sound of ぐしゃり: 「ぐしゃ」と一度だけ鮮やかに、あるいは滑らかに行われる action・ condition/state。,Psychomime (State/Manner),Dynamics,Neutral,Unvoiced (Light),Neutral,Reduplication,ɡuɕaɾi,4,6,5,4,7,5,525.5,4.20,6,5506.9,6.81,6,0,4,#FFFFFF,100.0,-0.0,0.0,"Reflecting voiced consonants and fricatives for a vector configuration of Weight 4, Time 6, and Flow 4.",,4,6,0,0,RI(り単発)
ぐしゃん,gushan,Manner or sound of ぐしゃん: 「ぐしゃ」と響き渡る音、 or 余韻や弾力を伴う condition/state。,Psychomime (State/Manner),Dynamics,Neutral,Unvoiced (Light),Neutral,Reduplication,ɡuɕaŋ,5,7,7,5,5,6,512.9,4.14,7,7037.4,7.23,7,0,4,#8B4513,37.5,26.4,41.0,"Reflecting voiced consonants and fricatives for a vector configuration of Weight 5, Time 7, and Flow 5.",,3,6,5,0,N(撥音単発)
ぐしゅぐしゅ,gushugushu,Manner or sound of ぐしゅぐしゅ: 「ぐしゅ」という音や condition/stateが繰り返し連続して生じる manner.,Psychomime (State/Manner),Dynamics,Neutral,Unvoiced (Light),Neutral,Reduplication,ɡuɕuɡuɕu,5,5,5,4,6,6,558.5,4.35,4,4432.2,6.44,7,0,4,#8B4513,37.5,26.4,41.0,"Reflecting voiced consonants and fricatives for a vector configuration of Weight 5, Time 5, and Flow 4.",,4,5,5,1,REDUP(畳語・同一)
ぐしょぐしょ,gushogusho,Manner or sound of ぐしょぐしょ: 「ぐしょ」という音や condition/stateが繰り返し連続して生じる manner.,Psychomime (State/Manner),Dynamics,Neutral,Unvoiced (Light),Neutral,Reduplication,ɡuɕoɡuɕo,5,5,4,5,6,6,376.4,3.36,5,4409.2,6.43,7,0,4,#000080,13.0,47.5,-64.7,"Reflecting voiced consonants and fricatives for a vector configuration of Weight 5, Time 5, and Flow 5.",,4,5,5,1,REDUP(畳語・同一)
ぐじゃぐじゃ,gujaguja,Manner or sound of ぐじゃぐじゃ: 「ぐじゃ」という音や condition/stateが繰り返し連続して生じる manner.,Psychomime (State/Manner),Dynamics,Neutral,Unvoiced (Light),Neutral,Reduplication,ɡudʑaɡudʑa,6,5,4,4,6,7,194.6,1.69,4,5694.1,6.87,7,0,4,#8B4513,37.5,26.4,41.0,"Reflecting voiced consonants for a vector configuration of Weight 6, Time 5, and Flow 4.",,4,5,5,1,REDUP(畳語・同一)
ぐじゃり,gujari,Manner or sound of ぐじゃり: 「ぐじゃ」と一度だけ鮮やかに、あるいは滑らかに行われる action・ condition/state。,Psychomime (State/Manner),Dynamics,Neutral,Unvoiced (Light),Neutral,Reduplication,ɡudʑaɾi,4,6,6,4,7,5,338.7,3.09,5,4656.8,6.52,7,mh,5,#FFFFFF,100.0,-0.0,0.0,"Reflecting voiced consonants and flap consonant /ɾ/ for a vector configuration of Weight 4, Time 6, and Flow 4.",,4,6,0,0,RI(り単発)
ぐじゅぐじゅ,gujuguju,Manner or sound of ぐじゅぐじゅ: 「ぐじゅ」という音や condition/stateが繰り返し連続して生じる manner.,Psychomime (State/Manner),Dynamics,Neutral,Unvoiced (Light),Neutral,Reduplication,ɡudʑuɡudʑu,6,4,4,5,6,7,213.9,1.92,3,2840.2,5.68,8,mc,3,#956D6A,49.9,15.5,7.9,"Reflecting voiced consonants for a vector configuration of Weight 6, Time 4, and Flow 5.",,4,5,5,1,REDUP(畳語・同一)
ぐじょぐじょ,gujogujo,Manner or sound of ぐじょぐじょ: 「ぐじょ」という音や condition/stateが繰り返し連続して生じる manner.,Psychomime (State/Manner),Dynamics,Neutral,Unvoiced (Light),Neutral,Reduplication,ɡudʑoɡudʑo,6,4,4,5,5,7,167.2,1.30,4,2487.0,5.46,7,0,4,#708090,52.8,-2.1,-10.6,"Reflecting voiced consonants for a vector configuration of Weight 6, Time 4, and Flow 5.",,4,5,5,1,REDUP(畳語・同一)
ぐすぐす,gusugusu,Manner or sound of ぐすぐす: 鼻をすすってぐずる声・ state/manner.,Phonomime (Voice),Human Body/Physiology,Negative,Unvoiced (Light),Dark/Heavy/Large,Reduplication,ɡusuɡusu,5,5,4,5,7,5,331.6,3.03,4,2280.8,5.31,6,0,4,#FF4500,57.6,67.8,69.0,"Reflecting voiced consonants and fricatives for a vector configuration of Weight 5, Time 5, and Flow 5.",,4,5,5,1,REDUP(畳語・同一)
ぐたぐた,gutaguta,Manner or sound of ぐたぐた: 「ぐた」という音や condition/stateが繰り返し連続して生じる manner.,Psychomime (State/Manner),Dynamics,Neutral,Unvoiced (Light),Neutral,Reduplication,ɡutaɡuta,6,5,3,4,6,6,155.4,1.12,5,2113.9,5.18,6,0,4,#4B3621,24.5,6.4,16.8,"Reflecting voiced consonants and unvoiced plosives for a vector configuration of Weight 6, Time 5, and Flow 4.",,4,5,5,1,REDUP(畳語・同一)
ぐたっ,gutat,Manner or sound of ぐたっ: 「ぐた」とする actionや phenomenonが瞬間的・急激に行われる音や state/manner.,Psychomime (State/Manner),Dynamics,Neutral,Unvoiced (Light),Neutral,Reduplication,ɡutaʔ,6,8,6,6,5,4,361.8,3.26,8,7300.5,7.29,8,0,4,#000000,0.0,0.0,0.0,"Reflecting voiced consonants and unvoiced plosives for a vector configuration of Weight 6, Time 8, and Flow 6.",,2,5,0,0,Q(促音単発)
ぐたり,gutari,Manner or sound of ぐたり: 「ぐた」と一度だけ鮮やかに、あるいは滑らかに行われる action・ condition/state。,Psychomime (State/Manner),Dynamics,Neutral,Unvoiced (Light),Neutral,Reduplication,ɡutaɾi,4,6,5,4,7,5,315.9,2.91,6,2583.3,5.52,6,mh,5,#FFFFFF,100.0,-0.0,0.0,"Reflecting voiced consonants and unvoiced plosives for a vector configuration of Weight 4, Time 6, and Flow 4.",,4,6,0,0,RI(り単発)
ぐだぐだ,gudaguda,Manner or sound of ぐだぐだ: 「ぐだ」という音や condition/stateが繰り返し連続して生じる manner.,Psychomime (State/Manner),Dynamics,Neutral,Unvoiced (Light),Neutral,Reduplication,ɡudaɡuda,6,4,3,4,6,7,174.5,1.41,3,1849.4,4.96,7,0,4,#808080,53.6,-0.0,0.0,"Reflecting voiced consonants for a vector configuration of Weight 6, Time 4, and Flow 4.",,4,5,5,1,REDUP(畳語・同一)
ぐちゃり,guchari,Manner or sound of ぐちゃり: 「ぐちゃ」と一度だけ鮮やかに、あるいは滑らかに行われる action・ condition/state。,Psychomime (State/Manner),Dynamics,Neutral,Unvoiced (Light),Neutral,Reduplication,ɡutɕaɾi,4,6,5,4,7,5,634.3,4.68,6,4336.0,6.40,7,mh,5,#FFFFFF,100.0,-0.0,0.0,"Reflecting voiced consonants and unvoiced plosives for a vector configuration of Weight 4, Time 6, and Flow 4.",,4,6,0,0,RI(り単発)
ぐちょぐちょ,guchogucho,Manner or sound of ぐちょぐちょ: 「ぐちょ」という音や condition/stateが繰り返し連続して生じる manner.,Psychomime (State/Manner),Dynamics,Neutral,Unvoiced (Light),Neutral,Reduplication,ɡutɕoɡutɕo,5,6,4,5,6,6,611.8,4.58,5,2624.1,5.55,7,0,4,#4B3621,24.5,6.4,16.8,"Reflecting voiced consonants and unvoiced plosives for a vector configuration of Weight 5, Time 6, and Flow 5.",,4,5,5,1,REDUP(畳語・同一)
ぐっ,gut,Manner or sound of ぐっ: 「ぐ」とする actionや phenomenonが瞬間的・急激に行われる音や state/manner.,Psychomime (State/Manner),Dynamics,Neutral,Unvoiced (Light),Neutral,Reduplication,ɡuʔ,5,7,6,7,5,4,453.1,3.82,8,7076.5,7.24,8,0,4,#000000,0.0,0.0,0.0,"Reflecting voiced consonants and geminate sokuon (sudden onset) for a vector configuration of Weight 5, Time 7, and Flow 7.",,2,5,0,0,Q(促音単発)
ぐっぐっ,gutgut,Manner or sound of ぐっぐっ: 「ぐっぐ」とする actionや phenomenonが瞬間的・急激に行われる音や state/manner.,Psychomime (State/Manner),Dynamics,Neutral,Unvoiced (Light),Neutral,Reduplication,ɡuɡɡuʔ,6,6,5,6,6,5,274.1,2.55,6,3907.4,6.23,7,0,4,#4682B4,52.5,-4.1,-32.2,"Reflecting voiced consonants and geminate sokuon (sudden onset) for a vector configuration of Weight 6, Time 6, and Flow 6.",,4,5,5,1,REDUP(畳語・同一)
ぐっさり,gutsari,Manner or sound of ぐっさり: 「ぐっさ」と一度だけ鮮やかに、あるいは滑らかに行われる action・ condition/state。,Psychomime (State/Manner),Dynamics,Neutral,Unvoiced (Light),Neutral,Reduplication,ɡussaɾi,4,5,5,3,7,4,377.3,3.36,6,2592.2,5.53,6,0,4,#191970,15.9,31.7,-49.6,"Reflecting voiced consonants and fricatives for a vector configuration of Weight 4, Time 5, and Flow 3.",,5,5,5,8,COMPOUND(複合・異種)
ぐっしゃり,gutshari,Manner or sound of ぐっしゃり: 「ぐっしゃ」と一度だけ鮮やかに、あるいは滑らかに行われる action・ condition/state。,Psychomime (State/Manner),Dynamics,Neutral,Unvoiced (Light),Neutral,Reduplication,ɡuɕɕaɾi,5,5,5,4,7,6,448.5,3.80,6,4388.7,6.42,7,0,4,#000080,13.0,47.5,-64.7,"Reflecting voiced consonants and fricatives for a vector configuration of Weight 5, Time 5, and Flow 4.",,5,5,5,8,COMPOUND(複合・異種)
ぐでぐで,gudegude,Manner or sound of ぐでぐで: 「ぐで」という音や condition/stateが繰り返し連続して生じる manner.,Psychomime (State/Manner),Dynamics,Neutral,Unvoiced (Light),Neutral,Reduplication,ɡudeɡude,6,4,4,4,6,6,195.9,1.70,4,1585.0,4.69,7,mc,3,#8B4513,37.5,26.4,41.0,"Reflecting voiced consonants for a vector configuration of Weight 6, Time 4, and Flow 4.",,4,5,5,1,REDUP(畳語・同一)
ぐでんぐでん,gudenguden,Manner or sound of ぐでんぐでん: 泥酔して体を支えられない state/manner.,Psychomime (State/Manner),Human Body/Physiology,Negative,Unvoiced (Light),Dark/Heavy/Large,Reduplication,ɡudeŋɡudeŋ,7,4,5,5,5,6,100.0,0.00,4,1139.3,4.13,7,0,4,#000000,0.0,0.0,0.0,"Reflecting voiced consonants and nasal resonance for a vector configuration of Weight 7, Time 4, and Flow 5.",,4,5,5,1,REDUP(畳語・同一)
ぐにょ,gunyo,Manner or sound of ぐにょ: 「ぐにょ」という感覚・音・ condition/stateを表す expression.,Psychomime (State/Manner),Dynamics,Neutral,Unvoiced (Light),Neutral,Reduplication,ɡuɲo,5,4,4,5,7,7,221.6,2.01,5,1306.9,4.37,7,0,4,#ADFF2F,92.0,-52.5,81.9,"Reflecting voiced consonants and nasal resonance for a vector configuration of Weight 5, Time 4, and Flow 5.",,5,5,0,8,COMPOUND(複合・異種)
ぐびぐび,gubigubi,Manner or sound of ぐびぐび: 「ぐび」という音や condition/stateが繰り返し連続して生じる manner.,Phenomime (Sound),Taste,Positive,Semi-voiced (Crisp),Dark/Heavy/Large,Reduplication,ɡubiɡubi,6,5,5,4,6,6,265.2,2.47,5,3520.7,6.05,7,0,4,#4169E1,47.8,26.3,-65.3,"Reflecting voiced consonants for a vector configuration of Weight 6, Time 5, and Flow 4.",,4,5,5,1,REDUP(畳語・同一)
ぐびり,gubiri,Manner or sound of ぐびり: 「ぐび」と一度だけ鮮やかに、あるいは滑らかに行われる action・ condition/state。,Psychomime (State/Manner),Dynamics,Neutral,Unvoiced (Light),Neutral,Reduplication,ɡubiɾi,4,6,6,4,7,5,408.0,3.56,6,3621.8,6.10,6,mh,5,#FFFFFF,100.0,-0.0,0.0,"Reflecting voiced consonants and flap consonant /ɾ/ for a vector configuration of Weight 4, Time 6, and Flow 4.",,4,6,0,0,RI(り単発)
ぐら,gura,Manner or sound of ぐら: 「ぐら」という感覚・音・ condition/stateを表す expression.,Psychomime (State/Manner),Dynamics,Neutral,Unvoiced (Light),Neutral,Reduplication,ɡuɾa,5,4,4,3,7,5,207.9,1.85,5,2082.5,5.16,6,0,4,#808080,53.6,-0.0,0.0,"Reflecting voiced consonants and flap consonant /ɾ/ for a vector configuration of Weight 5, Time 4, and Flow 3.",,5,5,0,8,COMPOUND(複合・異種)
ぐらぐらっ,guragurat,Manner or sound of ぐらぐらっ: 「ぐらぐら」とする actionや phenomenonが瞬間的・急激に行われる音や state/manner.,Psychomime (State/Manner),Dynamics,Neutral,Unvoiced (Light),Neutral,Reduplication,ɡuɾaɡuɾaʔ,5,7,5,4,7,4,374.5,3.34,6,5909.5,6.93,7,0,4,#808080,53.6,-0.0,0.0,"Reflecting voiced consonants and flap consonant /ɾ/ for a vector configuration of Weight 5, Time 7, and Flow 4.",,3,5,0,0,Q(促音単発)
ぐらっぐらっ,guratgurat,Manner or sound of ぐらっぐらっ: 「ぐらっぐら」とする actionや phenomenonが瞬間的・急激に行われる音や state/manner.,Psychomime (State/Manner),Dynamics,Neutral,Unvoiced (Light),Neutral,Reduplication,ɡuɾaɡɡuɾaʔ,5,6,4,4,7,4,290.9,2.70,5,4155.6,6.33,6,0,4,#000000,0.0,0.0,0.0,"Reflecting voiced consonants and flap consonant /ɾ/ for a vector configuration of Weight 5, Time 6, and Flow 4.",,4,5,5,1,REDUP(畳語・同一)
ぐらりくらり,gurarikurari,Manner or sound of ぐらりくらり: 「ぐらりくら」と一度だけ鮮やかに、あるいは滑らかに行われる action・ condition/state。,Psychomime (State/Manner),Dynamics,Neutral,Unvoiced (Light),Neutral,Reduplication,ɡuɾaɾikuɾaɾi,3,6,5,3,8,4,467.1,3.90,6,2593.6,5.53,5,0,4,#F0FFFF,98.9,-4.9,-1.7,"Reflecting voiced consonants and unvoiced plosives for a vector configuration of Weight 3, Time 6, and Flow 3.",,4,6,0,0,RI(り単発)
ぐりっ,gurit,Manner or sound of ぐりっ: 「ぐり」とする actionや phenomenonが瞬間的・急激に行われる音や state/manner.,Psychomime (State/Manner),Dynamics,Neutral,Unvoiced (Light),Neutral,Reduplication,ɡuɾiʔ,5,7,7,7,5,4,652.0,4.75,8,6969.0,7.21,8,0,4,#000000,0.0,0.0,0.0,"Reflecting voiced consonants and flap consonant /ɾ/ for a vector configuration of Weight 5, Time 7, and Flow 7.",,2,5,0,0,Q(促音単発)
ぐりり,guriri,Manner or sound of ぐりり: 「ぐり」と一度だけ鮮やかに、あるいは滑らかに行われる action・ condition/state。,Psychomime (State/Manner),Dynamics,Neutral,Unvoiced (Light),Neutral,Reduplication,ɡuɾiɾi,4,6,6,5,7,4,514.9,4.15,6,3626.0,6.10,6,0,4,#FFFFFF,100.0,-0.0,0.0,"Reflecting voiced consonants and flap consonant /ɾ/ for a vector configuration of Weight 4, Time 6, and Flow 5.",,4,6,0,0,RI(り単発)
ぐるりぐるり,gururigururi,Manner or sound of ぐるりぐるり: 「ぐるりぐる」と一度だけ鮮やかに、あるいは滑らかに行われる action・ condition/state。,Psychomime (State/Manner),Dynamics,Neutral,Unvoiced (Light),Neutral,Reduplication,ɡuɾuɾiɡuɾuɾi,4,5,5,4,7,5,352.4,3.19,5,2577.8,5.52,6,mc,3,#708090,52.8,-2.1,-10.6,"Reflecting voiced consonants and flap consonant /ɾ/ for a vector configuration of Weight 4, Time 5, and Flow 4.",,4,5,5,1,REDUP(畳語・同一)
ぐるん,gurun,Manner or sound of ぐるん: 「ぐる」と響き渡る音、 or 余韻や弾力を伴う condition/state。,Psychomime (State/Manner),Dynamics,Neutral,Unvoiced (Light),Neutral,Reduplication,ɡuɾuŋ,5,6,6,5,5,5,334.3,3.06,6,3600.6,6.09,7,mc,3,#4682B4,52.5,-4.1,-32.2,"Reflecting voiced consonants and nasal resonance for a vector configuration of Weight 5, Time 6, and Flow 5.",,3,6,5,0,N(撥音単発)
ぐるんぐるん,gurungurun,Manner or sound of ぐるんぐるん: 「ぐるんぐる」と響き渡る音、 or 余韻や弾力を伴う condition/state。,Psychomime (State/Manner),Dynamics,Neutral,Unvoiced (Light),Neutral,Reduplication,ɡuɾuŋɡuɾuŋ,5,5,5,4,6,5,243.7,2.25,4,2928.6,5.74,7,0,4,#4682B4,52.5,-4.1,-32.2,"Reflecting voiced consonants and nasal resonance for a vector configuration of Weight 5, Time 5, and Flow 4.",,4,5,5,1,REDUP(畳語・同一)
ぐわらり,guwarari,Manner or sound of ぐわらり: 「ぐわら」と一度だけ鮮やかに、あるいは滑らかに行われる action・ condition/state。,Psychomime (State/Manner),Dynamics,Neutral,Unvoiced (Light),Neutral,Reduplication,ɡuwaɾaɾi,3,5,5,3,8,4,353.2,3.19,5,3427.2,6.00,5,mh,5,#FFFFFF,100.0,-0.0,0.0,"Reflecting voiced consonants and flap consonant /ɾ/ for a vector configuration of Weight 3, Time 5, and Flow 3.",,4,6,0,0,RI(り単発)
ぐんにゃり,gunnyari,Manner or sound of ぐんにゃり: 「ぐんにゃ」と一度だけ鮮やかに、あるいは滑らかに行われる action・ condition/state。,Psychomime (State/Manner),Dynamics,Neutral,Unvoiced (Light),Neutral,Reduplication,ɡunɲaɾi,4,4,4,4,7,6,288.3,2.68,5,2228.9,5.27,7,mh,5,#696969,44.4,-0.0,0.0,"Reflecting voiced consonants and nasal resonance for a vector configuration of Weight 4, Time 4, and Flow 4.",,5,5,5,8,COMPOUND(複合・異種)
ぐーっ,gu-t,Manner or sound of ぐーっ: 「ぐー」とする actionや phenomenonが瞬間的・急激に行われる音や state/manner.,Psychomime (State/Manner),Dynamics,Neutral,Unvoiced (Light),Neutral,Reduplication,ɡuːʔ,5,4,5,6,6,4,735.6,5.05,4,6181.7,7.01,7,0,4,#F0FFFF,98.9,-4.9,-1.7,"Reflecting voiced consonants and geminate sokuon (sudden onset) for a vector configuration of Weight 5, Time 4, and Flow 6.",,2,6,5,0,LONG(長音ー)
ぐーん,gu-n,Manner or sound of ぐーん: 「ぐー」と響き渡る音、 or 余韻や弾力を伴う condition/state。,Psychomime (State/Manner),Dynamics,Neutral,Unvoiced (Light),Neutral,Reduplication,ɡuːŋ,5,4,6,4,5,5,723.1,5.01,2,4990.5,6.64,6,0,4,#FFFF00,97.1,-21.6,94.5,"Reflecting voiced consonants and nasal resonance for a vector configuration of Weight 5, Time 4, and Flow 4.",,3,7,5,0,LONG(長音ー)
けっきょ,ketkyo,Manner or sound of けっきょ: 「けっきょ」という感覚・音・ condition/stateを表す expression.,Psychomime (State/Manner),Dynamics,Neutral,Unvoiced (Light),Neutral,Reduplication,kekkjo,3,6,6,5,6,4,830.0,5.36,6,6375.2,7.06,6,mh,5,#000000,0.0,0.0,0.0,"Reflecting unvoiced plosives and geminate sokuon (sudden onset) for a vector configuration of Weight 3, Time 6, and Flow 5.",,5,5,0,8,COMPOUND(複合・異種)
けろっ,kerot,Manner or sound of けろっ: 「けろ」とする actionや phenomenonが瞬間的・急激に行われる音や state/manner.,Psychomime (State/Manner),Dynamics,Neutral,Unvoiced (Light),Neutral,Reduplication,keɾoʔ,4,8,7,6,6,3,627.9,4.65,7,7225.0,7.27,7,0,4,#000000,0.0,0.0,0.0,"Reflecting unvoiced plosives and flap consonant /ɾ/ for a vector configuration of Weight 4, Time 8, and Flow 6.",,2,5,0,0,Q(促音単発)
けろり,kerori,Manner or sound of けろり: 「けろ」と一度だけ鮮やかに、あるいは滑らかに行われる action・ condition/state。,Psychomime (State/Manner),Dynamics,Neutral,Unvoiced (Light),Neutral,Reduplication,keɾoɾi,3,6,6,4,7,4,589.1,4.49,5,3652.4,6.11,6,mh,5,#FFFFFF,100.0,-0.0,0.0,"Reflecting unvoiced plosives and flap consonant /ɾ/ for a vector configuration of Weight 3, Time 6, and Flow 4.",,4,6,0,0,RI(り単発)
けんけん,kenken,Manner or sound of けんけん: 「けんけ」と響き渡る音、 or 余韻や弾力を伴う condition/state。,Psychomime (State/Manner),Dynamics,Neutral,Unvoiced (Light),Neutral,Reduplication,keŋkeŋ,4,6,6,4,5,4,609.2,4.57,5,5234.6,6.72,6,0,4,#8B0000,28.1,51.0,41.3,"Reflecting unvoiced plosives and nasal resonance for a vector configuration of Weight 4, Time 6, and Flow 4.",,4,5,5,1,REDUP(畳語・同一)
けんけんほろろ,kenkenhororo,Manner or sound of けんけんほろろ: 「けんけんほろろ」という感覚・音・ condition/stateを表す expression.,Psychomime (State/Manner),Dynamics,Neutral,Unvoiced (Light),Neutral,Reduplication,keŋkeŋhoɾoɾo,4,5,5,4,7,4,421.3,3.64,4,2280.5,5.31,6,0,4,#00FF00,87.7,-86.2,83.2,"Reflecting unvoiced plosives and fricatives for a vector configuration of Weight 4, Time 5, and Flow 4.",,5,5,5,8,COMPOUND(複合・異種)
けーんけーん,ke-nke-n,Manner or sound of けーんけーん: 「けーんけー」と響き渡る音、 or 余韻や弾力を伴う condition/state。,Psychomime (State/Manner),Dynamics,Neutral,Unvoiced (Light),Neutral,Reduplication,keːŋkeːŋ,5,5,7,4,4,4,688.8,4.89,3,4896.9,6.61,6,mh,5,#DAA520,70.8,8.5,68.8,"Reflecting unvoiced plosives and nasal resonance for a vector configuration of Weight 5, Time 5, and Flow 4.",,4,5,5,1,REDUP(畳語・同一)
げぶげぶ,gebugebu,Manner or sound of げぶげぶ: 「げぶ」という音や condition/stateが繰り返し連続して生じる manner.,Psychomime (State/Manner),Dynamics,Neutral,Unvoiced (Light),Neutral,Reduplication,ɡebuɡebu,7,5,4,4,6,7,225.0,2.05,4,3709.9,6.14,7,mc,3,#8B4513,37.5,26.4,41.0,"Reflecting voiced consonants for a vector configuration of Weight 7, Time 5, and Flow 4.",,4,5,5,1,REDUP(畳語・同一)
げほげほ,gehogeho,Manner or sound of げほげほ: 「げほ」という音や condition/stateが繰り返し連続して生じる manner.,Psychomime (State/Manner),Dynamics,Neutral,Unvoiced (Light),Neutral,Reduplication,ɡehoɡeho,5,4,4,4,7,5,393.3,3.47,4,2105.7,5.18,5,0,4,#32CD32,72.6,-67.1,61.4,"Reflecting voiced consonants and fricatives for a vector configuration of Weight 5, Time 4, and Flow 4.",,4,5,5,1,REDUP(畳語・同一)
げほんげほん,gehongehon,Manner or sound of げほんげほん: 「げほんげほ」と響き渡る音、 or 余韻や弾力を伴う condition/state。,Psychomime (State/Manner),Dynamics,Neutral,Unvoiced (Light),Neutral,Reduplication,ɡehoŋɡehoŋ,5,5,5,4,6,5,380.2,3.38,4,2623.4,5.55,6,0,4,#A52A2A,37.5,49.7,30.5,"Reflecting voiced consonants and fricatives for a vector configuration of Weight 5, Time 5, and Flow 4.",,4,5,5,1,REDUP(畳語・同一)
げー,ge-,Manner or sound of げー: 音が長く尾を引いて持続する音や condition/state。,Psychomime (State/Manner),Dynamics,Neutral,Unvoiced (Light),Neutral,Reduplication,ɡeː,5,3,5,4,7,5,816.2,5.31,1,4837.8,6.59,6,0,4,#556B2F,42.2,-18.8,30.6,"Reflecting voiced consonants and long vowel extension for a vector configuration of Weight 5, Time 3, and Flow 4.",,2,7,5,0,LONG(長音ー)
げーっ,ge-t,Manner or sound of げーっ: 「げー」とする actionや phenomenonが瞬間的・急激に行われる音や state/manner.,Psychomime (State/Manner),Dynamics,Neutral,Unvoiced (Light),Neutral,Reduplication,ɡeːʔ,5,5,5,6,6,4,742.6,5.08,4,6266.9,7.03,6,0,4,#556B2F,42.2,-18.8,30.6,"Reflecting voiced consonants and geminate sokuon (sudden onset) for a vector configuration of Weight 5, Time 5, and Flow 6.",,2,6,5,0,LONG(長音ー)
こくこく,kokukoku,Manner or sound of こくこく: 「こく」という音や condition/stateが繰り返し連続して生じる manner.,Psychomime (State/Manner),Relationship,Positive,Semi-voiced (Crisp),Dark/Heavy/Large,Reduplication,kokukoku,3,6,5,4,5,4,429.6,3.69,5,2632.0,5.56,5,0,4,#FF0000,53.2,80.1,67.2,"Reflecting unvoiced plosives for a vector configuration of Weight 3, Time 6, and Flow 4.",,4,5,5,1,REDUP(畳語・同一)
こくり,kokuri,Manner or sound of こくり: 「こく」と一度だけ鮮やかに、あるいは滑らかに行われる action・ condition/state。,Psychomime (State/Manner),Dynamics,Neutral,Unvoiced (Light),Neutral,Reduplication,kokuɾi,3,6,6,5,7,4,441.2,3.76,6,2879.2,5.71,6,mh,5,#FFFFFF,100.0,-0.0,0.0,"Reflecting unvoiced plosives and flap consonant /ɾ/ for a vector configuration of Weight 3, Time 6, and Flow 5.",,4,6,0,0,RI(り単発)
こくりこくり,kokurikokuri,Manner or sound of こくりこくり: 「こくりこく」と一度だけ鮮やかに、あるいは滑らかに行われる action・ condition/state。,Psychomime (State/Manner),Dynamics,Neutral,Unvoiced (Light),Neutral,Reduplication,kokuɾikokuɾi,3,6,5,5,6,4,523.8,4.19,6,2857.0,5.69,5,0,4,#F5DEB3,89.4,1.5,24.0,"Reflecting unvoiced plosives and flap consonant /ɾ/ for a vector configuration of Weight 3, Time 6, and Flow 5.",,4,5,5,1,REDUP(畳語・同一)
こくん,kokun,Manner or sound of こくん: 「こく」と響き渡る音、 or 余韻や弾力を伴う condition/state。,Psychomime (State/Manner),Dynamics,Neutral,Unvoiced (Light),Neutral,Reduplication,kokuŋ,4,7,7,6,4,4,414.2,3.60,7,3836.6,6.20,6,0,4,#808080,53.6,-0.0,0.0,"Reflecting unvoiced plosives and nasal resonance for a vector configuration of Weight 4, Time 7, and Flow 6.",,3,6,5,0,N(撥音単発)
こけこっこ,kokekotko,Manner or sound of こけこっこ: 「こけこっこ」という感覚・音・ condition/stateを表す expression.,Psychomime (State/Manner),Dynamics,Neutral,Unvoiced (Light),Neutral,Reduplication,kokekokko,4,7,6,4,5,3,511.9,4.13,6,4381.9,6.42,6,mh,5,#FF0000,53.2,80.1,67.2,"Reflecting unvoiced plosives and geminate sokuon (sudden onset) for a vector configuration of Weight 4, Time 7, and Flow 4.",,5,5,0,8,COMPOUND(複合・異種)
ここ,koko,Manner or sound of ここ: 「ここ」という感覚・音・ condition/stateを表す expression.,Psychomime (State/Manner),Dynamics,Neutral,Unvoiced (Light),Neutral,Reduplication,koko,4,6,5,5,5,4,375.7,3.35,6,2322.5,5.34,6,0,4,#708090,52.8,-2.1,-10.6,"Reflecting unvoiced plosives for a vector configuration of Weight 4, Time 6, and Flow 5.",,5,5,0,8,COMPOUND(複合・異種)
ここここ,kokokoko,Manner or sound of ここここ: 「ここ」という音や condition/stateが繰り返し連続して生じる manner.,Psychomime (State/Manner),Dynamics,Neutral,Unvoiced (Light),Neutral,Reduplication,kokokoko,3,6,5,4,5,4,470.7,3.92,5,3219.7,5.90,5,0,4,#FFFFFF,100.0,-0.0,0.0,"Reflecting unvoiced plosives for a vector configuration of Weight 3, Time 6, and Flow 4.",,4,5,5,1,REDUP(畳語・同一)
こざっぱり,kozatpari,Manner or sound of こざっぱり: 「こざっぱ」と一度だけ鮮やかに、あるいは滑らかに行われる action・ condition/state。,Psychomime (State/Manner),Dynamics,Neutral,Unvoiced (Light),Neutral,Reduplication,kozappaɾi,3,6,6,4,6,4,533.8,4.24,6,5430.8,6.79,6,0,4,#FFFFFF,100.0,-0.0,0.0,"Reflecting voiced consonants and unvoiced plosives for a vector configuration of Weight 3, Time 6, and Flow 4.",,5,5,5,8,COMPOUND(複合・異種)
こせこせ,kosekose,Manner or sound of こせこせ: 「こせ」という音や condition/stateが繰り返し連続して生じる manner.,Psychomime (State/Manner),Dynamics,Neutral,Unvoiced (Light),Neutral,Reduplication,kosekose,3,6,4,5,6,3,620.3,4.62,5,5014.6,6.65,5,0,4,#FF8C00,69.5,36.8,75.5,"Reflecting unvoiced plosives and fricatives for a vector configuration of Weight 3, Time 6, and Flow 5.",,4,5,5,1,REDUP(畳語・同一)
こそ,koso,Manner or sound of こそ: 「こそ」という感覚・音・ condition/stateを表す expression.,Psychomime (State/Manner),Dynamics,Neutral,Unvoiced (Light),Neutral,Reduplication,koso,3,5,4,6,6,3,564.0,4.38,5,3208.8,5.89,5,0,4,#2F4F4F,31.3,-11.7,-3.7,"Reflecting unvoiced plosives and fricatives for a vector configuration of Weight 3, Time 5, and Flow 6.",,5,5,0,8,COMPOUND(複合・異種)
こそっ,kosot,Manner or sound of こそっ: 「こそ」とする actionや phenomenonが瞬間的・急激に行われる音や state/manner.,Psychomime (State/Manner),Dynamics,Neutral,Unvoiced (Light),Neutral,Reduplication,kosoʔ,3,8,6,7,6,2,680.4,4.85,8,7476.0,7.33,6,0,4,#000000,0.0,0.0,0.0,"Reflecting unvoiced plosives and fricatives for a vector configuration of Weight 3, Time 8, and Flow 7.",,2,5,0,0,Q(促音単発)
こそり,kosori,Manner or sound of こそり: 「こそ」と一度だけ鮮やかに、あるいは滑らかに行われる action・ condition/state。,Psychomime (State/Manner),Dynamics,Neutral,Unvoiced (Light),Neutral,Reduplication,kosoɾi,2,6,5,5,7,3,672.3,4.82,6,3666.8,6.12,5,0,4,#FFFFFF,100.0,-0.0,0.0,"Reflecting unvoiced plosives and fricatives for a vector configuration of Weight 2, Time 6, and Flow 5.",,4,6,0,0,RI(り単発)
こちょこちょ,kochokocho,Manner or sound of こちょこちょ: 「こちょ」という音や condition/stateが繰り返し連続して生じる manner.,Psychomime (State/Manner),Dynamics,Neutral,Unvoiced (Light),Neutral,Reduplication,kotɕokotɕo,3,7,5,5,5,4,804.1,5.28,6,4105.5,6.31,6,0,4,#B0E0E6,86.1,-14.1,-8.0,"Reflecting unvoiced plosives and fricatives for a vector configuration of Weight 3, Time 7, and Flow 5.",,4,5,5,1,REDUP(畳語・同一)
こちり,kochiri,Manner or sound of こちり: 「こち」と一度だけ鮮やかに、あるいは滑らかに行われる action・ condition/state。,Psychomime (State/Manner),Dynamics,Neutral,Unvoiced (Light),Neutral,Reduplication,kotɕiɾi,3,7,6,5,6,3,781.9,5.21,6,4439.8,6.44,6,mh,5,#FFFFFF,100.0,-0.0,0.0,"Reflecting unvoiced plosives and fricatives for a vector configuration of Weight 3, Time 7, and Flow 5.",,4,6,0,0,RI(り単発)
こちん,kochin,Manner or sound of こちん: 「こち」と響き渡る音、 or 余韻や弾力を伴う condition/state。,Psychomime (State/Manner),Dynamics,Neutral,Unvoiced (Light),Neutral,Reduplication,kotɕiŋ,4,7,7,6,3,4,857.5,5.44,7,5024.4,6.65,7,mc,3,#F5F5F5,96.5,-0.0,0.0,"Reflecting unvoiced plosives and fricatives for a vector configuration of Weight 4, Time 7, and Flow 6.",,3,6,5,0,N(撥音単発)
こちんこちん,kochinkochin,Manner or sound of こちんこちん: 「こちんこち」と響き渡る音、 or 余韻や弾力を伴う condition/state。,Psychomime (State/Manner),Dynamics,Neutral,Unvoiced (Light),Neutral,Reduplication,kotɕiŋkotɕiŋ,4,7,6,6,3,4,904.2,5.57,6,4906.0,6.61,7,mc,3,#B0E0E6,86.1,-14.1,-8.0,"Reflecting unvoiced plosives and fricatives for a vector configuration of Weight 4, Time 7, and Flow 6.",,4,5,5,1,REDUP(畳語・同一)
こぢんまり,kojinmari,Manner or sound of こぢんまり: 「こぢんま」と一度だけ鮮やかに、あるいは滑らかに行われる action・ condition/state。,Psychomime (State/Manner),Dynamics,Neutral,Unvoiced (Light),Neutral,Reduplication,kodʑimmaɾi,4,4,5,5,6,5,240.3,2.22,5,1126.8,4.11,6,mh,5,#BDB76B,73.4,-8.8,39.3,"Reflecting voiced consonants and unvoiced plosives for a vector configuration of Weight 4, Time 4, and Flow 5.",,5,5,5,8,COMPOUND(複合・異種)
こっくりこっくり,kotkurikotkuri,Manner or sound of こっくりこっくり: 「こっくりこっく」と一度だけ鮮やかに、あるいは滑らかに行われる action・ condition/state。,Psychomime (State/Manner),Dynamics,Neutral,Unvoiced (Light),Neutral,Reduplication,kokkuɾikokkuɾi,3,6,5,5,6,4,552.2,4.33,7,3364.8,5.97,6,0,4,#DEB887,77.0,7.0,30.0,"Reflecting unvoiced plosives and flap consonant /ɾ/ for a vector configuration of Weight 3, Time 6, and Flow 5.",,4,5,5,1,REDUP(畳語・同一)
こっここっこ,kotkokotko,Manner or sound of こっここっこ: 「こっこ」という音や condition/stateが繰り返し連続して生じる manner.,Psychomime (State/Manner),Dynamics,Neutral,Unvoiced (Light),Neutral,Reduplication,kokkokokko,4,7,5,4,5,3,536.3,4.25,6,4308.9,6.39,6,mh,5,#FF0000,53.2,80.1,67.2,"Reflecting unvoiced plosives and geminate sokuon (sudden onset) for a vector configuration of Weight 4, Time 7, and Flow 4.",,4,5,5,1,REDUP(畳語・同一)
こっとん,kotton,Manner or sound of こっとん: 「こっと」と響き渡る音、 or 余韻や弾力を伴う condition/state。,Psychomime (State/Manner),Dynamics,Neutral,Unvoiced (Light),Neutral,Reduplication,kottoŋ,4,7,7,6,4,4,460.9,3.87,7,4502.9,6.47,7,0,4,#696969,44.4,-0.0,0.0,"Reflecting unvoiced plosives and nasal resonance for a vector configuration of Weight 4, Time 7, and Flow 6.",,3,6,5,0,N(撥音単発)
こっとんこっとん,kottonkotton,Manner or sound of こっとんこっとん: 「こっとんこっと」と響き渡る音、 or 余韻や弾力を伴う condition/state。,Psychomime (State/Manner),Dynamics,Neutral,Unvoiced (Light),Neutral,Reduplication,kottoŋkottoŋ,4,7,6,5,4,4,369.7,3.31,7,4162.6,6.33,7,0,4,#696969,44.4,-0.0,0.0,"Reflecting unvoiced plosives and nasal resonance for a vector configuration of Weight 4, Time 7, and Flow 5.",,4,5,5,1,REDUP(畳語・同一)
こつっ,kotsut,Manner or sound of こつっ: 「こつ」とする actionや phenomenonが瞬間的・急激に行われる音や state/manner.,Psychomime (State/Manner),Dynamics,Neutral,Unvoiced (Light),Neutral,Reduplication,kotsuʔ,4,8,7,7,4,3,567.5,4.39,8,7290.4,7.29,7,0,4,#000000,0.0,0.0,0.0,"Reflecting unvoiced plosives and fricatives for a vector configuration of Weight 4, Time 8, and Flow 7.",,2,5,0,0,Q(促音単発)
こてこて,kotekote,Manner or sound of こてこて: 「こて」という音や condition/stateが繰り返し連続して生じる manner.,Psychomime (State/Manner),Dynamics,Neutral,Unvoiced (Light),Neutral,Reduplication,kotekote,4,5,4,4,5,5,448.7,3.80,5,2322.2,5.34,6,0,4,#4B3621,24.5,6.4,16.8,"Reflecting unvoiced plosives for a vector configuration of Weight 4, Time 5, and Flow 4.",,4,5,5,1,REDUP(畳語・同一)
こてんこてん,kotenkoten,Manner or sound of こてんこてん: 「こてんこて」と響き渡る音、 or 余韻や弾力を伴う condition/state。,Psychomime (State/Manner),Dynamics,Neutral,Unvoiced (Light),Neutral,Reduplication,koteŋkoteŋ,4,6,5,4,5,4,380.6,3.38,5,2151.3,5.21,6,mc,3,#BEBEBE,77.0,-0.0,0.0,"Reflecting unvoiced plosives and nasal resonance for a vector configuration of Weight 4, Time 6, and Flow 4.",,4,5,5,1,REDUP(畳語・同一)
こてんぱあ,kotenpaa,Manner or sound of こてんぱあ: 「こてんぱあ」という感覚・音・ condition/stateを表す expression.,Psychomime (State/Manner),Dynamics,Neutral,Unvoiced (Light),Neutral,Reduplication,kotempaa,4,5,5,4,6,4,387.3,3.43,5,3252.1,5.91,6,0,4,#DAA520,70.8,8.5,68.8,"Reflecting unvoiced plosives and nasal resonance for a vector configuration of Weight 4, Time 5, and Flow 4.",,5,5,5,8,COMPOUND(複合・異種)
こてんぱん,kotenpan,Manner or sound of こてんぱん: 「こてんぱ」と響き渡る音、 or 余韻や弾力を伴う condition/state。,Psychomime (State/Manner),Emotion,Negative,Voiced (Heavy),Bright/Light/Small,Reduplication,kotempaŋ,4,6,6,4,5,5,352.4,3.19,5,3025.7,5.79,6,0,4,#708090,52.8,-2.1,-10.6,"Reflecting unvoiced plosives and nasal resonance for a vector configuration of Weight 4, Time 6, and Flow 4.",,5,5,5,8,COMPOUND(複合・異種)
ことり,kotori,Manner or sound of ことり: 「こと」と一度だけ鮮やかに、あるいは滑らかに行われる action・ condition/state。,Psychomime (State/Manner),Dynamics,Neutral,Unvoiced (Light),Neutral,Reduplication,kotoɾi,3,6,5,4,6,4,461.6,3.87,6,2938.1,5.74,6,mh,5,#FFFFFF,100.0,-0.0,0.0,"Reflecting unvoiced plosives and flap consonant /ɾ/ for a vector configuration of Weight 3, Time 6, and Flow 4.",,4,6,0,0,RI(り単発)
ことりことり,kotorikotori,Manner or sound of ことりことり: 「ことりこと」と一度だけ鮮やかに、あるいは滑らかに行われる action・ condition/state。,Psychomime (State/Manner),Dynamics,Neutral,Unvoiced (Light),Neutral,Reduplication,kotoɾikotoɾi,3,5,5,4,5,4,555.3,4.34,5,3042.5,5.80,6,0,4,#CD853F,61.8,21.4,47.9,"Reflecting unvoiced plosives and flap consonant /ɾ/ for a vector configuration of Weight 3, Time 5, and Flow 4.",,4,5,5,1,REDUP(畳語・同一)
こりこりっ,korikorit,Manner or sound of こりこりっ: 「こりこり」とする actionや phenomenonが瞬間的・急激に行われる音や state/manner.,Psychomime (State/Manner),Dynamics,Neutral,Unvoiced (Light),Neutral,Reduplication,koɾikoɾiʔ,3,8,7,7,5,2,933.1,5.65,8,7440.8,7.32,7,0,4,#F5DEB3,89.4,1.5,24.0,"Reflecting unvoiced plosives and flap consonant /ɾ/ for a vector configuration of Weight 3, Time 8, and Flow 7.",,3,5,0,0,Q(促音単発)
こりっ,korit,Manner or sound of こりっ: 「こり」とする actionや phenomenonが瞬間的・急激に行われる音や state/manner.,Psychomime (State/Manner),Dynamics,Neutral,Unvoiced (Light),Neutral,Reduplication,koɾiʔ,4,8,7,7,5,3,851.6,5.42,8,7812.6,7.40,7,0,4,#000000,0.0,0.0,0.0,"Reflecting unvoiced plosives and flap consonant /ɾ/ for a vector configuration of Weight 4, Time 8, and Flow 7.",,2,5,0,0,Q(促音単発)
ころっ,korot,Manner or sound of ころっ: 「ころ」とする actionや phenomenonが瞬間的・急激に行われる音や state/manner.,Psychomime (State/Manner),Dynamics,Neutral,Unvoiced (Light),Neutral,Reduplication,koɾoʔ,4,8,6,6,6,3,531.7,4.23,7,6458.0,7.08,7,0,4,#000000,0.0,0.0,0.0,"Reflecting unvoiced plosives and flap consonant /ɾ/ for a vector configuration of Weight 4, Time 8, and Flow 6.",,3,5,0,0,Q(促音単発)
ころりからり,kororikarari,Manner or sound of ころりからり: 「ころりから」と一度だけ鮮やかに、あるいは滑らかに行われる action・ condition/state。,Psychomime (State/Manner),Dynamics,Neutral,Unvoiced (Light),Neutral,Reduplication,koɾoɾikaɾaɾi,2,6,5,3,7,3,685.8,4.87,6,3504.9,6.04,5,0,4,#FFFFFF,100.0,-0.0,0.0,"Reflecting unvoiced plosives and flap consonant /ɾ/ for a vector configuration of Weight 2, Time 6, and Flow 3.",,4,6,0,0,RI(り単発)
ころりっ,kororit,Manner or sound of ころりっ: 「ころり」とする actionや phenomenonが瞬間的・急激に行われる音や state/manner.,Psychomime (State/Manner),Dynamics,Neutral,Unvoiced (Light),Neutral,Reduplication,koɾoɾiʔ,4,7,6,6,5,3,765.2,5.15,7,6712.0,7.15,7,0,4,#FFFFFF,100.0,-0.0,0.0,"Reflecting unvoiced plosives and flap consonant /ɾ/ for a vector configuration of Weight 4, Time 7, and Flow 6.",,3,5,0,0,Q(促音単発)
ころりん,kororin,Manner or sound of ころりん: 「ころり」と響き渡る音、 or 余韻や弾力を伴う condition/state。,Psychomime (State/Manner),Dynamics,Neutral,Unvoiced (Light),Neutral,Reduplication,koɾoɾiŋ,3,7,6,5,5,4,815.0,5.31,6,4306.9,6.39,6,mc,3,#FFFFFF,100.0,-0.0,0.0,"Reflecting unvoiced plosives and nasal resonance for a vector configuration of Weight 3, Time 7, and Flow 5.",,3,6,5,0,N(撥音単発)
ころりんしゃん,kororinshan,Manner or sound of ころりんしゃん: 「ころりんしゃ」と響き渡る音、 or 余韻や弾力を伴う condition/state。,Psychomime (State/Manner),Dynamics,Neutral,Unvoiced (Light),Neutral,Reduplication,koɾoɾiŋɕaŋ,4,6,6,4,5,5,661.5,4.78,5,5383.6,6.77,6,0,4,#FFFFFF,100.0,-0.0,0.0,"Reflecting unvoiced plosives and fricatives for a vector configuration of Weight 4, Time 6, and Flow 4.",,5,5,5,8,COMPOUND(複合・異種)
ころん,koron,Manner or sound of ころん: 「ころ」と響き渡る音、 or 余韻や弾力を伴う condition/state。,Psychomime (State/Manner),Dynamics,Neutral,Unvoiced (Light),Neutral,Reduplication,koɾoŋ,4,7,7,5,5,4,467.1,3.90,6,3718.0,6.14,6,mc,3,#808080,53.6,-0.0,0.0,"Reflecting unvoiced plosives and nasal resonance for a vector configuration of Weight 4, Time 7, and Flow 5.",,3,6,5,0,N(撥音単発)
こん,kon,Manner or sound of こん: 「こ」と響き渡る音、 or 余韻や弾力を伴う condition/state。,Psychomime (State/Manner),Dynamics,Neutral,Unvoiced (Light),Neutral,Reduplication,koŋ,4,7,7,5,4,4,512.6,4.14,6,4540.2,6.48,7,0,4,#808080,53.6,-0.0,0.0,"Reflecting unvoiced plosives and nasal resonance for a vector configuration of Weight 4, Time 7, and Flow 5.",,3,6,5,0,N(撥音単発)
こーこー,ko-ko-,Manner or sound of こーこー: 「こー」という音や condition/stateが繰り返し連続して生じる manner.,Psychomime (State/Manner),Dynamics,Neutral,Unvoiced (Light),Neutral,Reduplication,koːkoː,4,4,5,3,6,4,618.5,4.61,3,3743.5,6.15,5,0,4,#FF0000,53.2,80.1,67.2,"Reflecting unvoiced plosives and long vowel extension for a vector configuration of Weight 4, Time 4, and Flow 3.",,4,5,5,1,REDUP(畳語・同一)
こーん,ko-n,Manner or sound of こーん: 「こー」と響き渡る音、 or 余韻や弾力を伴う condition/state。,Psychomime (State/Manner),Dynamics,Neutral,Unvoiced (Light),Neutral,Reduplication,koːŋ,4,4,6,4,5,4,837.9,5.38,2,5797.5,6.90,6,0,4,#FF0000,53.2,80.1,67.2,"Reflecting unvoiced plosives and nasal resonance for a vector configuration of Weight 4, Time 4, and Flow 4.",,3,7,5,0,LONG(長音ー)
こーんこーん,ko-nko-n,Manner or sound of こーんこーん: 「こーんこー」と響き渡る音、 or 余韻や弾力を伴う condition/state。,Psychomime (State/Manner),Dynamics,Neutral,Unvoiced (Light),Neutral,Reduplication,koːŋkoːŋ,4,5,6,4,4,5,523.9,4.19,3,3875.7,6.21,6,0,4,#FF0000,53.2,80.1,67.2,"Reflecting unvoiced plosives and nasal resonance for a vector configuration of Weight 4, Time 5, and Flow 4.",,4,5,5,1,REDUP(畳語・同一)
ごくっ,gokut,Manner or sound of ごくっ: 「ごく」とする actionや phenomenonが瞬間的・急激に行われる音や state/manner.,Psychomime (State/Manner),Dynamics,Neutral,Unvoiced (Light),Neutral,Reduplication,ɡokuʔ,5,8,7,7,5,4,353.6,3.20,8,7012.9,7.22,8,0,4,#000000,0.0,0.0,0.0,"Reflecting voiced consonants and unvoiced plosives for a vector configuration of Weight 5, Time 8, and Flow 7.",,2,5,0,0,Q(促音単発)
ごくっごくっ,gokutgokut,Manner or sound of ごくっごくっ: 「ごくっごく」とする actionや phenomenonが瞬間的・急激に行われる音や state/manner.,Psychomime (State/Manner),Dynamics,Neutral,Unvoiced (Light),Neutral,Reduplication,ɡokuɡɡokuʔ,6,7,5,7,5,5,162.9,1.24,7,4138.7,6.32,7,0,4,#4169E1,47.8,26.3,-65.3,"Reflecting voiced consonants and unvoiced plosives for a vector configuration of Weight 6, Time 7, and Flow 7.",,4,5,5,1,REDUP(畳語・同一)
ごくり,gokuri,Manner or sound of ごくり: 「ごく」と一度だけ鮮やかに、あるいは滑らかに行われる action・ condition/state。,Psychomime (State/Manner),Dynamics,Neutral,Unvoiced (Light),Neutral,Reduplication,ɡokuɾi,4,6,6,5,7,5,313.0,2.89,6,2949.8,5.75,6,0,4,#FFFFFF,100.0,-0.0,0.0,"Reflecting voiced consonants and unvoiced plosives for a vector configuration of Weight 4, Time 6, and Flow 5.",,4,6,0,0,RI(り単発)
ごくりごくり,gokurigokuri,Manner or sound of ごくりごくり: 「ごくりごく」と一度だけ鮮やかに、あるいは滑らかに行われる action・ condition/state。,Psychomime (State/Manner),Dynamics,Neutral,Unvoiced (Light),Neutral,Reduplication,ɡokuɾiɡokuɾi,5,6,5,5,6,5,292.8,2.72,6,3036.8,5.80,7,0,4,#4169E1,47.8,26.3,-65.3,"Reflecting voiced consonants and unvoiced plosives for a vector configuration of Weight 5, Time 6, and Flow 5.",,4,5,5,1,REDUP(畳語・同一)
ごくんごくん,gokungokun,Manner or sound of ごくんごくん: 「ごくんごく」と響き渡る音、 or 余韻や弾力を伴う condition/state。,Psychomime (State/Manner),Dynamics,Neutral,Unvoiced (Light),Neutral,Reduplication,ɡokuŋɡokuŋ,6,6,6,6,5,6,156.7,1.14,5,3207.7,5.89,7,0,4,#000080,13.0,47.5,-64.7,"Reflecting voiced consonants and unvoiced plosives for a vector configuration of Weight 6, Time 6, and Flow 6.",,4,5,5,1,REDUP(畳語・同一)
ごしゃごしゃ,goshagosha,Manner or sound of ごしゃごしゃ: 「ごしゃ」という音や condition/stateが繰り返し連続して生じる manner.,Psychomime (State/Manner),Dynamics,Neutral,Unvoiced (Light),Neutral,Reduplication,ɡoɕaɡoɕa,5,6,5,4,6,5,531.8,4.23,5,8810.6,7.61,7,0,4,#708090,52.8,-2.1,-10.6,"Reflecting voiced consonants and fricatives for a vector configuration of Weight 5, Time 6, and Flow 4.",,4,5,5,1,REDUP(畳語・同一)
ごじゃごじゃ,gojagoja,Manner or sound of ごじゃごじゃ: 「ごじゃ」という音や condition/stateが繰り返し連続して生じる manner.,Psychomime (State/Manner),Dynamics,Neutral,Unvoiced (Light),Neutral,Reduplication,ɡodʑaɡodʑa,6,5,5,5,5,6,213.2,1.92,4,6777.1,7.16,7,0,4,#FF0000,53.2,80.1,67.2,"Reflecting voiced consonants for a vector configuration of Weight 6, Time 5, and Flow 5.",,4,5,5,1,REDUP(畳語・同一)
ごそ,goso,Manner or sound of ごそ: 「ごそ」という感覚・音・ condition/stateを表す expression.,Psychomime (State/Manner),Dynamics,Neutral,Unvoiced (Light),Neutral,Reduplication,ɡoso,5,5,4,6,6,3,361.8,3.26,5,3757.3,6.16,6,0,4,#556B2F,42.2,-18.8,30.6,"Reflecting voiced consonants and fricatives for a vector configuration of Weight 5, Time 5, and Flow 6.",,5,5,0,8,COMPOUND(複合・異種)
ごそっ,gosot,Manner or sound of ごそっ: 「ごそ」とする actionや phenomenonが瞬間的・急激に行われる音や state/manner.,Psychomime (State/Manner),Dynamics,Neutral,Unvoiced (Light),Neutral,Reduplication,ɡosoʔ,5,8,6,7,5,2,529.3,4.22,8,7819.2,7.40,7,0,4,#000000,0.0,0.0,0.0,"Reflecting voiced consonants and fricatives for a vector configuration of Weight 5, Time 8, and Flow 7.",,2,5,0,0,Q(促音単発)
ごそり,gosori,Manner or sound of ごそり: 「ごそ」と一度だけ鮮やかに、あるいは滑らかに行われる action・ condition/state。,Psychomime (State/Manner),Dynamics,Neutral,Unvoiced (Light),Neutral,Reduplication,ɡosoɾi,4,6,5,5,7,3,531.3,4.23,6,4014.1,6.27,6,0,4,#FFFFFF,100.0,-0.0,0.0,"Reflecting voiced consonants and fricatives for a vector configuration of Weight 4, Time 6, and Flow 5.",,4,6,0,0,RI(り単発)
ごちょごちょ,gochogocho,Manner or sound of ごちょごちょ: 「ごちょ」という音や condition/stateが繰り返し連続して生じる manner.,Psychomime (State/Manner),Dynamics,Neutral,Unvoiced (Light),Neutral,Reduplication,ɡotɕoɡotɕo,5,6,4,6,5,5,604.5,4.55,5,4420.4,6.44,7,mc,3,#696969,44.4,-0.0,0.0,"Reflecting voiced consonants and unvoiced plosives for a vector configuration of Weight 5, Time 6, and Flow 6.",,4,5,5,1,REDUP(畳語・同一)
ごちん,gochin,Manner or sound of ごちん: 「ごち」と響き渡る音、 or 余韻や弾力を伴う condition/state。,Psychomime (State/Manner),Dynamics,Neutral,Unvoiced (Light),Neutral,Reduplication,ɡotɕiŋ,5,7,7,7,3,4,708.1,4.95,7,5286.7,6.74,8,mc,3,#F5F5F5,96.5,-0.0,0.0,"Reflecting voiced consonants and unvoiced plosives for a vector configuration of Weight 5, Time 7, and Flow 7.",,3,6,5,0,N(撥音単発)
ごっくごっく,gotkugotku,Manner or sound of ごっくごっく: 「ごっく」という音や condition/stateが繰り返し連続して生じる manner.,Psychomime (State/Manner),Dynamics,Neutral,Unvoiced (Light),Neutral,Reduplication,ɡokkuɡokku,6,6,5,6,5,5,291.7,2.71,6,3463.7,6.02,7,0,4,#4169E1,47.8,26.3,-65.3,"Reflecting voiced consonants and unvoiced plosives for a vector configuration of Weight 6, Time 6, and Flow 6.",,4,5,5,1,REDUP(畳語・同一)
ごっくり,gotkuri,Manner or sound of ごっくり: 「ごっく」と一度だけ鮮やかに、あるいは滑らかに行われる action・ condition/state。,Psychomime (State/Manner),Dynamics,Neutral,Unvoiced (Light),Neutral,Reduplication,ɡokkuɾi,5,5,5,5,6,5,230.4,2.11,6,2076.4,5.15,7,mh,5,#8B4513,37.5,26.4,41.0,"Reflecting voiced consonants and unvoiced plosives for a vector configuration of Weight 5, Time 5, and Flow 5.",,5,5,5,8,COMPOUND(複合・異種)
ごっくん,gotkun,Manner or sound of ごっくん: 「ごっく」と響き渡る音、 or 余韻や弾力を伴う condition/state。,Psychomime (State/Manner),Dynamics,Neutral,Unvoiced (Light),Neutral,Reduplication,ɡokkuŋ,6,7,7,6,4,5,302.4,2.80,7,4249.3,6.37,7,0,4,#000080,13.0,47.5,-64.7,"Reflecting voiced consonants and unvoiced plosives for a vector configuration of Weight 6, Time 7, and Flow 6.",,3,6,5,0,N(撥音単発)
ごってり,gotteri,Manner or sound of ごってり: 「ごって」と一度だけ鮮やかに、あるいは滑らかに行われる action・ condition/state。,Psychomime (State/Manner),Dynamics,Neutral,Unvoiced (Light),Neutral,Reduplication,ɡotteɾi,5,5,5,5,6,5,260.5,2.42,6,2273.8,5.31,7,0,4,#8B4513,37.5,26.4,41.0,"Reflecting voiced consonants and unvoiced plosives for a vector configuration of Weight 5, Time 5, and Flow 5.",,5,5,5,8,COMPOUND(複合・異種)
ごっとり,gottori,Manner or sound of ごっとり: 「ごっと」と一度だけ鮮やかに、あるいは滑らかに行われる action・ condition/state。,Psychomime (State/Manner),Dynamics,Neutral,Unvoiced (Light),Neutral,Reduplication,ɡottoɾi,5,5,5,4,6,5,246.5,2.28,6,2681.3,5.59,7,mh,5,#D8BFD8,80.1,13.2,-9.2,"Reflecting voiced consonants and unvoiced plosives for a vector configuration of Weight 5, Time 5, and Flow 4.",,5,5,5,8,COMPOUND(複合・異種)
ごっとりごっとり,gottorigottori,Manner or sound of ごっとりごっとり: 「ごっとりごっと」と一度だけ鮮やかに、あるいは滑らかに行われる action・ condition/state。,Psychomime (State/Manner),Dynamics,Neutral,Unvoiced (Light),Neutral,Reduplication,ɡottoɾiɡottoɾi,5,5,5,5,5,4,364.3,3.27,6,4415.0,6.43,7,0,4,#556B2F,42.2,-18.8,30.6,"Reflecting voiced consonants and unvoiced plosives for a vector configuration of Weight 5, Time 5, and Flow 5.",,4,5,5,1,REDUP(畳語・同一)
ごっとん,gotton,Manner or sound of ごっとん: 「ごっと」と響き渡る音、 or 余韻や弾力を伴う condition/state。,Psychomime (State/Manner),Dynamics,Neutral,Unvoiced (Light),Neutral,Reduplication,ɡottoŋ,6,7,7,6,4,5,308.8,2.85,7,4791.9,6.57,8,mc,3,#000000,0.0,0.0,0.0,"Reflecting voiced consonants and unvoiced plosives for a vector configuration of Weight 6, Time 7, and Flow 6.",,3,6,5,0,N(撥音単発)
ごっとんごっとん,gottongotton,Manner or sound of ごっとんごっとん: 「ごっとんごっと」と響き渡る音、 or 余韻や弾力を伴う condition/state。,Psychomime (State/Manner),Dynamics,Neutral,Unvoiced (Light),Neutral,Reduplication,ɡottoŋɡottoŋ,6,6,6,5,4,5,212.6,1.91,6,4476.4,6.46,8,0,4,#8B0000,28.1,51.0,41.3,"Reflecting voiced consonants and unvoiced plosives for a vector configuration of Weight 6, Time 6, and Flow 5.",,4,5,5,1,REDUP(畳語・同一)
ごっぽり,gotpori,Manner or sound of ごっぽり: 「ごっぽ」と一度だけ鮮やかに、あるいは滑らかに行われる action・ condition/state。,Psychomime (State/Manner),Dynamics,Neutral,Unvoiced (Light),Neutral,Reduplication,ɡoppoɾi,5,5,5,4,7,5,256.6,2.39,5,2241.3,5.28,7,mh,5,#FFD700,86.9,-1.9,87.1,"Reflecting voiced consonants and unvoiced plosives for a vector configuration of Weight 5, Time 5, and Flow 4.",,5,5,5,8,COMPOUND(複合・異種)
ごつっ,gotsut,Manner or sound of ごつっ: 「ごつ」とする actionや phenomenonが瞬間的・急激に行われる音や state/manner.,Psychomime (State/Manner),Dynamics,Neutral,Unvoiced (Light),Neutral,Reduplication,ɡotsuʔ,6,8,7,7,4,3,439.4,3.75,8,7826.0,7.41,8,0,4,#000000,0.0,0.0,0.0,"Reflecting voiced consonants and unvoiced plosives for a vector configuration of Weight 6, Time 8, and Flow 7.",,2,5,0,0,Q(促音単発)
ごとり,gotori,Manner or sound of ごとり: 「ごと」と一度だけ鮮やかに、あるいは滑らかに行われる action・ condition/state。,Psychomime (State/Manner),Dynamics,Neutral,Unvoiced (Light),Neutral,Reduplication,ɡotoɾi,4,5,6,5,6,4,358.3,3.23,6,3320.6,5.95,6,mh,5,#FFFFFF,100.0,-0.0,0.0,"Reflecting voiced consonants and unvoiced plosives for a vector configuration of Weight 4, Time 5, and Flow 5.",,4,6,0,0,RI(り単発)
ごとりごとり,gotorigotori,Manner or sound of ごとりごとり: 「ごとりごと」と一度だけ鮮やかに、あるいは滑らかに行われる action・ condition/state。,Psychomime (State/Manner),Dynamics,Neutral,Unvoiced (Light),Neutral,Reduplication,ɡotoɾiɡotoɾi,5,5,5,5,5,4,359.7,3.24,5,3592.3,6.08,7,0,4,#2F4F4F,31.3,-11.7,-3.7,"Reflecting voiced consonants and unvoiced plosives for a vector configuration of Weight 5, Time 5, and Flow 5.",,4,5,5,1,REDUP(畳語・同一)
ごとんごとん,gotongoton,Manner or sound of ごとんごとん: 「ごとんごと」と響き渡る音、 or 余韻や弾力を伴う condition/state。,Psychomime (State/Manner),Dynamics,Neutral,Unvoiced (Light),Neutral,Reduplication,ɡotoŋɡotoŋ,6,6,6,5,4,5,216.4,1.95,5,3588.4,6.08,7,0,4,#000000,0.0,0.0,0.0,"Reflecting voiced consonants and unvoiced plosives for a vector configuration of Weight 6, Time 6, and Flow 5.",,4,5,5,1,REDUP(畳語・同一)
ごほごほ,gohogoho,Manner or sound of ごほごほ: 「ごほ」という音や condition/stateが繰り返し連続して生じる manner.,Psychomime (State/Manner),Dynamics,Neutral,Unvoiced (Light),Neutral,Reduplication,ɡohoɡoho,5,5,4,5,6,5,322.7,2.97,4,2568.9,5.51,6,0,4,#A52A2A,37.5,49.7,30.5,"Reflecting voiced consonants and fricatives for a vector configuration of Weight 5, Time 5, and Flow 5.",,4,5,5,1,REDUP(畳語・同一)
ごほん,gohon,Manner or sound of ごほん: 「ごほ」と響き渡る音、 or 余韻や弾力を伴う condition/state。,Psychomime (State/Manner),Dynamics,Neutral,Unvoiced (Light),Neutral,Reduplication,ɡohoŋ,5,6,7,6,5,5,398.8,3.50,6,3728.4,6.15,7,0,4,#A52A2A,37.5,49.7,30.5,"Reflecting voiced consonants and fricatives for a vector configuration of Weight 5, Time 6, and Flow 6.",,3,6,5,0,N(撥音単発)
ごぼり,gobori,Manner or sound of ごぼり: 「ごぼ」と一度だけ鮮やかに、あるいは滑らかに行われる action・ condition/state。,Psychomime (State/Manner),Dynamics,Neutral,Unvoiced (Light),Neutral,Reduplication,ɡoboɾi,5,6,5,5,7,4,324.2,2.98,6,3986.0,6.26,6,0,4,#FFFFFF,100.0,-0.0,0.0,"Reflecting voiced consonants and flap consonant /ɾ/ for a vector configuration of Weight 5, Time 6, and Flow 5.",,4,6,0,0,RI(り単発)
ごぼりこぼり,goborikobori,Manner or sound of ごぼりこぼり: 「ごぼりこぼ」と一度だけ鮮やかに、あるいは滑らかに行われる action・ condition/state。,Psychomime (State/Manner),Dynamics,Neutral,Unvoiced (Light),Neutral,Reduplication,ɡoboɾikoboɾi,5,6,5,5,6,4,429.6,3.69,6,4583.5,6.50,7,0,4,#8B4513,37.5,26.4,41.0,"Reflecting voiced consonants and unvoiced plosives for a vector configuration of Weight 5, Time 6, and Flow 5.",,4,6,0,0,RI(り単発)
ごぽごぼ,gopogobo,Manner or sound of ごぽごぼ: 「ごぽごぼ」という感覚・音・ condition/stateを表す expression.,Psychomime (State/Manner),Dynamics,Neutral,Unvoiced (Light),Neutral,Reduplication,ɡopoɡobo,7,4,4,6,6,5,100.0,0.00,5,2486.4,5.46,7,0,4,#DAA520,70.8,8.5,68.8,"Reflecting voiced consonants and unvoiced plosives for a vector configuration of Weight 7, Time 4, and Flow 6.",,5,5,0,8,COMPOUND(複合・異種)
ごぽごぽ,gopogopo,Manner or sound of ごぽごぽ: 「ごぽ」という音や condition/stateが繰り返し連続して生じる manner.,Psychomime (State/Manner),Dynamics,Neutral,Unvoiced (Light),Neutral,Reduplication,ɡopoɡopo,5,5,4,4,6,5,210.0,1.88,4,2975.2,5.76,7,0,4,#8B4513,37.5,26.4,41.0,"Reflecting voiced consonants and unvoiced plosives for a vector configuration of Weight 5, Time 5, and Flow 4.",,4,5,5,1,REDUP(畳語・同一)
ごぽっ,gopot,Manner or sound of ごぽっ: 「ごぽ」とする actionや phenomenonが瞬間的・急激に行われる音や state/manner.,Psychomime (State/Manner),Dynamics,Neutral,Unvoiced (Light),Neutral,Reduplication,ɡopoʔ,5,7,6,6,6,4,406.5,3.55,8,7234.6,7.27,8,0,4,#000000,0.0,0.0,0.0,"Reflecting voiced consonants and unvoiced plosives for a vector configuration of Weight 5, Time 7, and Flow 6.",,2,5,0,0,Q(促音単発)
ごぽん,gopon,Manner or sound of ごぽん: 「ごぽ」と響き渡る音、 or 余韻や弾力を伴う condition/state。,Psychomime (State/Manner),Dynamics,Neutral,Unvoiced (Light),Neutral,Reduplication,ɡopoŋ,5,7,7,5,5,5,336.4,3.07,6,4327.7,6.40,7,0,4,#808080,53.6,-0.0,0.0,"Reflecting voiced consonants and unvoiced plosives for a vector configuration of Weight 5, Time 7, and Flow 5.",,3,6,5,0,N(撥音単発)
ごろっ,gorot,Manner or sound of ごろっ: 「ごろ」とする actionや phenomenonが瞬間的・急激に行われる音や state/manner.,Psychomime (State/Manner),Dynamics,Neutral,Unvoiced (Light),Neutral,Reduplication,ɡoɾoʔ,5,7,6,6,6,4,400.1,3.51,7,6621.0,7.12,8,0,4,#000000,0.0,0.0,0.0,"Reflecting voiced consonants and flap consonant /ɾ/ for a vector configuration of Weight 5, Time 7, and Flow 6.",,2,5,0,0,Q(促音単発)
ごろり,gorori,Manner or sound of ごろり: 「ごろ」と一度だけ鮮やかに、あるいは滑らかに行われる action・ condition/state。,Psychomime (State/Manner),Dynamics,Neutral,Unvoiced (Light),Neutral,Reduplication,ɡoɾoɾi,4,6,5,4,7,4,374.8,3.34,5,3048.8,5.80,6,0,4,#FFFFFF,100.0,-0.0,0.0,"Reflecting voiced consonants and flap consonant /ɾ/ for a vector configuration of Weight 4, Time 6, and Flow 4.",,4,6,0,0,RI(り単発)
ごろりごろり,gororigorori,Manner or sound of ごろりごろり: 「ごろりごろ」と一度だけ鮮やかに、あるいは滑らかに行われる action・ condition/state。,Psychomime (State/Manner),Dynamics,Neutral,Unvoiced (Light),Neutral,Reduplication,ɡoɾoɾiɡoɾoɾi,4,5,4,4,7,4,397.2,3.49,4,3236.3,5.91,7,0,4,#8B4513,37.5,26.4,41.0,"Reflecting voiced consonants and flap consonant /ɾ/ for a vector configuration of Weight 4, Time 5, and Flow 4.",,4,5,5,1,REDUP(畳語・同一)
ごろりん,gororin,Manner or sound of ごろりん: 「ごろり」と響き渡る音、 or 余韻や弾力を伴う condition/state。,Psychomime (State/Manner),Dynamics,Neutral,Unvoiced (Light),Neutral,Reduplication,ɡoɾoɾiŋ,5,6,6,5,5,4,687.2,4.88,6,4504.8,6.47,7,mc,3,#C0C0C0,77.7,-0.0,0.0,"Reflecting voiced consonants and nasal resonance for a vector configuration of Weight 5, Time 6, and Flow 5.",,3,6,5,0,N(撥音単発)
ごろん,goron,Manner or sound of ごろん: 「ごろ」と響き渡る音、 or 余韻や弾力を伴う condition/state。,Psychomime (State/Manner),Dynamics,Neutral,Unvoiced (Light),Neutral,Reduplication,ɡoɾoŋ,5,7,6,5,5,5,321.1,2.95,6,3953.6,6.25,7,mc,3,#808080,53.6,-0.0,0.0,"Reflecting voiced consonants and nasal resonance for a vector configuration of Weight 5, Time 7, and Flow 5.",,3,6,5,0,N(撥音単発)
ごろんごろん,gorongoron,Manner or sound of ごろんごろん: 「ごろんごろ」と響き渡る音、 or 余韻や弾力を伴う condition/state。,Psychomime (State/Manner),Dynamics,Neutral,Unvoiced (Light),Neutral,Reduplication,ɡoɾoŋɡoɾoŋ,5,6,5,4,6,5,224.5,2.05,4,3268.3,5.92,7,0,4,#8B4513,37.5,26.4,41.0,"Reflecting voiced consonants and nasal resonance for a vector configuration of Weight 5, Time 6, and Flow 4.",,4,5,5,1,REDUP(畳語・同一)
ごん,gon,Manner or sound of ごん: 「ご」と響き渡る音、 or 余韻や弾力を伴う condition/state。,Psychomime (State/Manner),Dynamics,Neutral,Unvoiced (Light),Neutral,Reduplication,ɡoŋ,5,7,7,6,4,5,380.1,3.38,6,4714.8,6.55,7,0,4,#8B0000,28.1,51.0,41.3,"Reflecting voiced consonants and nasal resonance for a vector configuration of Weight 5, Time 7, and Flow 6.",,3,6,5,0,N(撥音単発)
ごーっ,go-t,Manner or sound of ごーっ: 「ごー」とする actionや phenomenonが瞬間的・急激に行われる音や state/manner.,Psychomime (State/Manner),Dynamics,Neutral,Unvoiced (Light),Neutral,Reduplication,ɡoːʔ,5,5,6,6,6,3,682.2,4.86,4,7203.9,7.27,7,0,4,#4682B4,52.5,-4.1,-32.2,"Reflecting voiced consonants and geminate sokuon (sudden onset) for a vector configuration of Weight 5, Time 5, and Flow 6.",,2,6,5,0,LONG(長音ー)
ごーん,go-n,Manner or sound of ごーん: 「ごー」と響き渡る音、 or 余韻や弾力を伴う condition/state。,Psychomime (State/Manner),Dynamics,Neutral,Unvoiced (Light),Neutral,Reduplication,ɡoːŋ,5,4,6,4,5,4,669.2,4.81,2,6110.8,6.99,6,0,4,#4682B4,52.5,-4.1,-32.2,"Reflecting voiced consonants and nasal resonance for a vector configuration of Weight 5, Time 4, and Flow 4.",,3,7,5,0,LONG(長音ー)
さくっ,sakut,Manner or sound of さくっ: 「さく」とする actionや phenomenonが瞬間的・急激に行われる音や state/manner.,Psychomime (State/Manner),Dynamics,Neutral,Unvoiced (Light),Neutral,Reduplication,sakuʔ,4,8,7,6,6,3,630.5,4.66,8,8130.2,7.47,6,0,4,#000000,0.0,0.0,0.0,"Reflecting unvoiced plosives and fricatives for a vector configuration of Weight 4, Time 8, and Flow 6.",,2,5,0,0,Q(促音単発)
さくりさくり,sakurisakuri,Manner or sound of さくりさくり: 「さくりさく」と一度だけ鮮やかに、あるいは滑らかに行われる action・ condition/state。,Psychomime (State/Manner),Dynamics,Neutral,Unvoiced (Light),Neutral,Reduplication,sakuɾisakuɾi,3,5,5,4,7,3,668.3,4.81,5,4220.3,6.36,5,0,4,#F5DEB3,89.4,1.5,24.0,"Reflecting unvoiced plosives and fricatives for a vector configuration of Weight 3, Time 5, and Flow 4.",,4,5,5,1,REDUP(畳語・同一)
ささっ,sasat,Manner or sound of ささっ: 「ささ」とする actionや phenomenonが瞬間的・急激に行われる音や state/manner.,Psychomime (State/Manner),Dynamics,Neutral,Unvoiced (Light),Neutral,Reduplication,sasaʔ,3,8,6,5,6,2,702.0,4.93,8,9001.3,7.64,6,0,4,#000000,0.0,0.0,0.0,"Reflecting fricatives and geminate sokuon (sudden onset) for a vector configuration of Weight 3, Time 8, and Flow 5.",,2,5,0,0,Q(促音単発)
さっ,sat,Manner or sound of さっ: 「さ」とする actionや phenomenonが瞬間的・急激に行われる音や state/manner.,Psychomime (State/Manner),Dynamics,Neutral,Unvoiced (Light),Neutral,Reduplication,saʔ,4,8,7,6,6,3,652.0,4.75,8,8873.7,7.62,6,0,4,#000000,0.0,0.0,0.0,"Reflecting fricatives and geminate sokuon (sudden onset) for a vector configuration of Weight 4, Time 8, and Flow 6.",,2,5,0,0,Q(促音単発)
さっくり,satkuri,Manner or sound of さっくり: 「さっく」と一度だけ鮮やかに、あるいは滑らかに行われる action・ condition/state。,Psychomime (State/Manner),Dynamics,Neutral,Unvoiced (Light),Neutral,Reduplication,sakkuɾi,3,5,5,4,7,4,442.2,3.76,6,2892.7,5.72,5,mh,5,#000000,0.0,0.0,0.0,"Reflecting unvoiced plosives and fricatives for a vector configuration of Weight 3, Time 5, and Flow 4.",,5,5,5,8,COMPOUND(複合・異種)
さっさっ,satsat,Manner or sound of さっさっ: 「さっさ」とする actionや phenomenonが瞬間的・急激に行われる音や state/manner.,Psychomime (State/Manner),Dynamics,Neutral,Unvoiced (Light),Neutral,Reduplication,sassaʔ,4,7,6,4,7,3,590.7,4.50,6,6756.3,7.16,5,0,4,#FF4500,57.6,67.8,69.0,"Reflecting fricatives and geminate sokuon (sudden onset) for a vector configuration of Weight 4, Time 7, and Flow 4.",,3,5,5,1,REDUP(畳語・同一)
さやさや,sayasaya,Manner or sound of さやさや: 「さや」という音や condition/stateが繰り返し連続して生じる manner.,Psychomime (State/Manner),Dynamics,Neutral,Unvoiced (Light),Neutral,Reduplication,sajasaja,3,5,3,2,8,4,632.6,4.67,4,5156.0,6.70,4,0,4,#DAA520,70.8,8.5,68.8,"Reflecting fricatives for a vector configuration of Weight 3, Time 5, and Flow 2.",,4,5,5,1,REDUP(畳語・同一)
さらっ,sarat,Manner or sound of さらっ: 「さら」とする actionや phenomenonが瞬間的・急激に行われる音や state/manner.,Psychomime (State/Manner),Dynamics,Neutral,Unvoiced (Light),Neutral,Reduplication,saɾaʔ,3,7,6,4,7,2,660.1,4.78,7,8152.1,7.48,6,0,4,#000000,0.0,0.0,0.0,"Reflecting fricatives and flap consonant /ɾ/ for a vector configuration of Weight 3, Time 7, and Flow 4.",,2,5,0,0,Q(促音単発)
さわさわ,sawasawa,Manner or sound of さわさわ: 「さわ」という音や condition/stateが繰り返し連続して生じる manner.,Psychomime (State/Manner),Dynamics,Neutral,Unvoiced (Light),Neutral,Reduplication,sawasawa,3,5,3,2,8,3,543.8,4.29,4,7586.6,7.35,4,0,4,#556B2F,42.2,-18.8,30.6,"Reflecting fricatives for a vector configuration of Weight 3, Time 5, and Flow 2.",,4,5,5,1,REDUP(畳語・同一)
さんざん,sanzan,Manner or sound of さんざん: 「さんざ」と響き渡る音、 or 余韻や弾力を伴う condition/state。,Psychomime (State/Manner),Dynamics,Neutral,Unvoiced (Light),Neutral,Reduplication,saŋzaŋ,5,6,8,5,5,5,512.2,4.14,6,8235.4,7.49,6,mc,3,#000080,13.0,47.5,-64.7,"Reflecting voiced consonants and fricatives for a vector configuration of Weight 5, Time 6, and Flow 5.",,3,6,5,0,N(撥音単発)
さーさ,sa-sa,Manner or sound of さーさ: 音が長く尾を引いて持続する音や condition/state。,Psychomime (State/Manner),Dynamics,Neutral,Unvoiced (Light),Neutral,Reduplication,saːsa,3,3,5,3,8,3,1038.8,5.93,2,6810.7,7.17,4,0,4,#FFD700,86.9,-1.9,87.1,"Reflecting fricatives and long vowel extension for a vector configuration of Weight 3, Time 3, and Flow 3.",,2,7,5,0,LONG(長音ー)
ざくっ,zakut,Manner or sound of ざくっ: 「ざく」とする actionや phenomenonが瞬間的・急激に行われる音や state/manner.,Psychomime (State/Manner),Dynamics,Neutral,Unvoiced (Light),Neutral,Reduplication,zakuʔ,5,8,7,7,5,3,444.0,3.77,8,9610.1,7.76,7,0,4,#000000,0.0,0.0,0.0,"Reflecting voiced consonants and unvoiced plosives for a vector configuration of Weight 5, Time 8, and Flow 7.",,2,5,0,0,Q(促音単発)
ざくり,zakuri,Manner or sound of ざくり: 「ざく」と一度だけ鮮やかに、あるいは滑らかに行われる action・ condition/state。,Psychomime (State/Manner),Dynamics,Neutral,Unvoiced (Light),Neutral,Reduplication,zakuɾi,3,6,6,4,7,4,398.7,3.50,6,5415.8,6.78,6,0,4,#FFFFFF,100.0,-0.0,0.0,"Reflecting voiced consonants and unvoiced plosives for a vector configuration of Weight 3, Time 6, and Flow 4.",,4,6,0,0,RI(り単発)
ざぐり,zaguri,Manner or sound of ざぐり: 「ざぐ」と一度だけ鮮やかに、あるいは滑らかに行われる action・ condition/state。,Psychomime (State/Manner),Dynamics,Neutral,Unvoiced (Light),Neutral,Reduplication,zaɡuɾi,4,6,6,4,7,5,353.5,3.20,5,5218.5,6.72,6,0,4,#FFFFFF,100.0,-0.0,0.0,"Reflecting voiced consonants and flap consonant /ɾ/ for a vector configuration of Weight 4, Time 6, and Flow 4.",,4,6,0,0,RI(り単発)
ざざっ,zazat,Manner or sound of ざざっ: 「ざざ」とする actionや phenomenonが瞬間的・急激に行われる音や state/manner.,Psychomime (State/Manner),Dynamics,Neutral,Unvoiced (Light),Neutral,Reduplication,zazaʔ,5,7,7,6,5,3,488.3,4.01,7,12256.3,8.17,7,0,4,#000000,0.0,0.0,0.0,"Reflecting voiced consonants and geminate sokuon (sudden onset) for a vector configuration of Weight 5, Time 7, and Flow 6.",,2,5,0,0,Q(促音単発)
ざっ,zat,Manner or sound of ざっ: 「ざ」とする actionや phenomenonが瞬間的・急激に行われる音や state/manner.,Psychomime (State/Manner),Dynamics,Neutral,Unvoiced (Light),Neutral,Reduplication,zaʔ,5,7,7,6,5,3,537.2,4.26,7,10720.0,7.94,7,0,4,#000000,0.0,0.0,0.0,"Reflecting voiced consonants and geminate sokuon (sudden onset) for a vector configuration of Weight 5, Time 7, and Flow 6.",,2,5,0,0,Q(促音単発)
ざっく,zatku,Manner or sound of ざっく: 「ざっく」という感覚・音・ condition/stateを表す expression.,Psychomime (State/Manner),Dynamics,Neutral,Unvoiced (Light),Neutral,Reduplication,zakku,5,5,5,5,6,5,374.8,3.34,6,6128.6,6.99,7,0,4,#DEB887,77.0,7.0,30.0,"Reflecting voiced consonants and unvoiced plosives for a vector configuration of Weight 5, Time 5, and Flow 5.",,5,5,0,8,COMPOUND(複合・異種)
ざっくざく,zatkuzaku,Manner or sound of ざっくざく: 「ざっくざく」という感覚・音・ condition/stateを表す expression.,Psychomime (State/Manner),Dynamics,Neutral,Unvoiced (Light),Neutral,Reduplication,zakkuzaku,5,5,5,5,5,4,323.2,2.97,6,7207.7,7.27,7,0,4,#DAA520,70.8,8.5,68.8,"Reflecting voiced consonants and unvoiced plosives for a vector configuration of Weight 5, Time 5, and Flow 5.",,5,5,0,8,COMPOUND(複合・異種)
ざっくざっく,zatkuzatku,Manner or sound of ざっくざっく: 「ざっく」という音や condition/stateが繰り返し連続して生じる manner.,Psychomime (State/Manner),Dynamics,Neutral,Unvoiced (Light),Neutral,Reduplication,zakkuzakku,5,6,5,5,5,4,458.9,3.86,5,7521.6,7.34,6,0,4,#FF8C00,69.5,36.8,75.5,"Reflecting voiced consonants and unvoiced plosives for a vector configuration of Weight 5, Time 6, and Flow 5.",,4,5,5,1,REDUP(畳語・同一)
ざっくり,zatkuri,Manner or sound of ざっくり: 「ざっく」と一度だけ鮮やかに、あるいは滑らかに行われる action・ condition/state。,Psychomime (State/Manner),Dynamics,Neutral,Unvoiced (Light),Neutral,Reduplication,zakkuɾi,4,5,5,5,6,4,332.0,3.04,6,4439.6,6.44,6,mh,5,#8B4513,37.5,26.4,41.0,"Reflecting voiced consonants and unvoiced plosives for a vector configuration of Weight 4, Time 5, and Flow 5.",,5,5,5,8,COMPOUND(複合・異種)
ざぶ,zabu,Manner or sound of ざぶ: 「ざぶ」という感覚・音・ condition/stateを表す expression.,Psychomime (State/Manner),Dynamics,Neutral,Unvoiced (Light),Neutral,Reduplication,zabu,6,4,4,5,7,7,199.5,1.75,5,8439.7,7.53,7,mc,3,#0000FF,32.3,79.2,-107.9,"Reflecting voiced consonants for a vector configuration of Weight 6, Time 4, and Flow 5.",,5,5,0,8,COMPOUND(複合・異種)
ざぶっ,zabut,Manner or sound of ざぶっ: 「ざぶ」とする actionや phenomenonが瞬間的・急激に行われる音や state/manner.,Psychomime (State/Manner),Dynamics,Neutral,Unvoiced (Light),Neutral,Reduplication,zabuʔ,5,7,6,6,6,5,401.4,3.52,7,11125.5,8.00,8,0,4,#000000,0.0,0.0,0.0,"Reflecting voiced consonants and geminate sokuon (sudden onset) for a vector configuration of Weight 5, Time 7, and Flow 6.",,2,5,0,0,Q(促音単発)
ざぶり,zaburi,Manner or sound of ざぶり: 「ざぶ」と一度だけ鮮やかに、あるいは滑らかに行われる action・ condition/state。,Psychomime (State/Manner),Dynamics,Neutral,Unvoiced (Light),Neutral,Reduplication,zabuɾi,4,6,6,4,7,5,335.8,3.07,5,7417.0,7.32,6,0,4,#FFFFFF,100.0,-0.0,0.0,"Reflecting voiced consonants and flap consonant /ɾ/ for a vector configuration of Weight 4, Time 6, and Flow 4.",,4,6,0,0,RI(り単発)
ざぶりざぶり,zaburizaburi,Manner or sound of ざぶりざぶり: 「ざぶりざぶ」と一度だけ鮮やかに、あるいは滑らかに行われる action・ condition/state。,Psychomime (State/Manner),Dynamics,Neutral,Unvoiced (Light),Neutral,Reduplication,zabuɾizabuɾi,5,5,5,4,7,6,320.1,2.95,4,9271.2,7.69,7,mc,3,#0000FF,32.3,79.2,-107.9,"Reflecting voiced consonants and flap consonant /ɾ/ for a vector configuration of Weight 5, Time 5, and Flow 4.",,4,5,5,1,REDUP(畳語・同一)
ざぶーん,zabu-n,Manner or sound of ざぶーん: 「ざぶー」と響き渡る音、 or 余韻や弾力を伴う condition/state。,Psychomime (State/Manner),Dynamics,Neutral,Unvoiced (Light),Neutral,Reduplication,zabuːŋ,5,4,6,4,6,6,643.0,4.71,2,9301.9,7.70,7,mc,3,#0000FF,32.3,79.2,-107.9,"Reflecting voiced consonants and nasal resonance for a vector configuration of Weight 5, Time 4, and Flow 4.",,3,7,5,0,LONG(長音ー)
ざらっ,zarat,Manner or sound of ざらっ: 「ざら」とする actionや phenomenonが瞬間的・急激に行われる音や state/manner.,Psychomime (State/Manner),Dynamics,Neutral,Unvoiced (Light),Neutral,Reduplication,zaɾaʔ,4,7,6,5,6,3,531.3,4.23,7,10350.9,7.88,7,0,4,#000000,0.0,0.0,0.0,"Reflecting voiced consonants and flap consonant /ɾ/ for a vector configuration of Weight 4, Time 7, and Flow 5.",,2,5,0,0,Q(促音単発)
ざらり,zarari,Manner or sound of ざらり: 「ざら」と一度だけ鮮やかに、あるいは滑らかに行われる action・ condition/state。,Psychomime (State/Manner),Dynamics,Neutral,Unvoiced (Light),Neutral,Reduplication,zaɾaɾi,3,5,5,4,8,3,460.4,3.87,5,5841.9,6.91,5,0,4,#FFFFFF,100.0,-0.0,0.0,"Reflecting voiced consonants and flap consonant /ɾ/ for a vector configuration of Weight 3, Time 5, and Flow 4.",,4,6,0,0,RI(り単発)
ざんぶ,zanbu,Manner or sound of ざんぶ: 「ざんぶ」という感覚・音・ condition/stateを表す expression.,Psychomime (State/Manner),Dynamics,Neutral,Unvoiced (Light),Neutral,Reduplication,zambu,6,5,5,5,6,6,216.2,1.95,5,8565.6,7.56,7,0,4,#0000CD,25.0,67.2,-91.5,"Reflecting voiced consonants and nasal resonance for a vector configuration of Weight 6, Time 5, and Flow 5.",,5,5,5,8,COMPOUND(複合・異種)
ざーざ,za-za,Manner or sound of ざーざ: 音が長く尾を引いて持続する音や condition/state。,Psychomime (State/Manner),Dynamics,Neutral,Unvoiced (Light),Neutral,Reduplication,zaːza,4,3,5,4,7,4,821.0,5.33,2,9371.5,7.71,5,0,4,#FFD700,86.9,-1.9,87.1,"Reflecting voiced consonants and long vowel extension for a vector configuration of Weight 4, Time 3, and Flow 4.",,2,7,5,0,LONG(長音ー)
ざーっ,za-t,Manner or sound of ざーっ: 「ざー」とする actionや phenomenonが瞬間的・急激に行われる音や state/manner.,Psychomime (State/Manner),Dynamics,Neutral,Unvoiced (Light),Neutral,Reduplication,zaːʔ,4,4,6,6,6,4,791.0,5.24,4,9334.3,7.71,6,0,4,#FF0000,53.2,80.1,67.2,"Reflecting voiced consonants and geminate sokuon (sudden onset) for a vector configuration of Weight 4, Time 4, and Flow 6.",,2,6,5,0,LONG(長音ー)
しおしお,shioshio,Manner or sound of しおしお: 「しお」という音や condition/stateが繰り返し連続して生じる manner.,Psychomime (State/Manner),Dynamics,Neutral,Unvoiced (Light),Neutral,Reduplication,ɕioɕio,4,4,4,5,6,5,591.5,4.50,4,3172.8,5.87,5,mc,3,#708090,52.8,-2.1,-10.6,"Reflecting fricatives for a vector configuration of Weight 4, Time 4, and Flow 5.",,4,5,5,1,REDUP(畳語・同一)
しげしげ,shigeshige,Manner or sound of しげしげ: 「しげ」という音や condition/stateが繰り返し連続して生じる manner.,Psychomime (State/Manner),Dynamics,Neutral,Unvoiced (Light),Neutral,Reduplication,ɕiɡeɕiɡe,5,5,5,5,6,5,634.5,4.68,5,3976.6,6.26,6,mc,3,#556B2F,42.2,-18.8,30.6,"Reflecting voiced consonants and fricatives for a vector configuration of Weight 5, Time 5, and Flow 5.",,4,5,5,1,REDUP(畳語・同一)
しこしこっ,shikoshikot,Manner or sound of しこしこっ: 「しこしこ」とする actionや phenomenonが瞬間的・急激に行われる音や state/manner.,Psychomime (State/Manner),Dynamics,Neutral,Unvoiced (Light),Neutral,Reduplication,ɕikoɕikoʔ,4,8,7,7,5,3,809.4,5.29,8,7271.9,7.28,7,0,4,#F5DEB3,89.4,1.5,24.0,"Reflecting unvoiced plosives and fricatives for a vector configuration of Weight 4, Time 8, and Flow 7.",,3,5,0,0,Q(促音単発)
しこっ,shikot,Manner or sound of しこっ: 「しこ」とする actionや phenomenonが瞬間的・急激に行われる音や state/manner.,Psychomime (State/Manner),Dynamics,Neutral,Unvoiced (Light),Neutral,Reduplication,ɕikoʔ,4,8,7,7,5,3,781.7,5.21,8,7382.4,7.31,7,0,4,#000000,0.0,0.0,0.0,"Reflecting unvoiced plosives and fricatives for a vector configuration of Weight 4, Time 8, and Flow 7.",,2,5,0,0,Q(促音単発)
しずしず,shizushizu,Manner or sound of しずしず: 「しず」という音や condition/stateが繰り返し連続して生じる manner.,Psychomime (State/Manner),Dynamics,Neutral,Unvoiced (Light),Neutral,Reduplication,ɕizuɕizu,5,4,5,6,5,5,562.1,4.37,4,4540.8,6.48,7,0,4,#FF0000,53.2,80.1,67.2,"Reflecting voiced consonants and fricatives for a vector configuration of Weight 5, Time 4, and Flow 6.",,4,5,5,1,REDUP(畳語・同一)
しっこり,shitkori,Manner or sound of しっこり: 「しっこ」と一度だけ鮮やかに、あるいは滑らかに行われる action・ condition/state。,Psychomime (State/Manner),Dynamics,Neutral,Unvoiced (Light),Neutral,Reduplication,ɕikkoɾi,3,5,5,5,6,4,618.3,4.61,6,3338.3,5.96,6,mh,5,#FFFFFF,100.0,-0.0,0.0,"Reflecting unvoiced plosives and fricatives for a vector configuration of Weight 3, Time 5, and Flow 5.",,5,5,5,8,COMPOUND(複合・異種)
しどろもどろ,shidoromodoro,Manner or sound of しどろもどろ: 「しどろもどろ」という感覚・音・ condition/stateを表す expression.,Psychomime (State/Manner),Dynamics,Neutral,Unvoiced (Light),Neutral,Reduplication,ɕidoɾomodoɾo,5,4,4,5,7,6,218.0,1.97,5,2597.3,5.53,7,0,4,#4B3621,24.5,6.4,16.8,"Reflecting voiced consonants and fricatives for a vector configuration of Weight 5, Time 4, and Flow 5.",,5,5,0,8,COMPOUND(複合・異種)
しなしな,shinashina,Manner or sound of しなしな: 「しな」という音や condition/stateが繰り返し連続して生じる manner.,Psychomime (State/Manner),Dynamics,Neutral,Unvoiced (Light),Neutral,Reduplication,ɕinaɕina,4,4,4,5,6,5,652.4,4.75,4,4152.1,6.33,5,0,4,#F5DEB3,89.4,1.5,24.0,"Reflecting fricatives and nasal resonance for a vector configuration of Weight 4, Time 4, and Flow 5.",,4,5,5,1,REDUP(畳語・同一)
しみじみ,shimijimi,Manner or sound of しみじみ: 「しみじみ」という感覚・音・ condition/stateを表す expression.,Psychomime (State/Manner),Dynamics,Neutral,Unvoiced (Light),Neutral,Reduplication,ɕimidʑimi,5,4,5,7,5,6,390.4,3.45,5,1877.6,4.98,7,0,4,#4B0082,20.5,51.7,-53.3,"Reflecting voiced consonants and fricatives for a vector configuration of Weight 5, Time 4, and Flow 7.",,5,5,0,8,COMPOUND(複合・異種)
しゃかしゃか,shakashaka,Manner or sound of しゃかしゃか: 「しゃか」という音や condition/stateが繰り返し連続して生じる manner.,Psychomime (State/Manner),Dynamics,Neutral,Unvoiced (Light),Neutral,Reduplication,ɕakaɕaka,3,6,5,2,6,3,913.9,5.60,5,8244.2,7.49,5,0,4,#DAA520,70.8,8.5,68.8,"Reflecting unvoiced plosives and fricatives for a vector configuration of Weight 3, Time 6, and Flow 2.",,4,5,5,1,REDUP(畳語・同一)
しゃきっ,shakit,Manner or sound of しゃきっ: 「しゃき」とする actionや phenomenonが瞬間的・急激に行われる音や state/manner.,Psychomime (State/Manner),Dynamics,Neutral,Unvoiced (Light),Neutral,Reduplication,ɕakiʔ,4,8,7,6,5,3,973.3,5.76,8,9916.9,7.81,7,0,4,#90EE90,86.5,-46.3,36.9,"Reflecting unvoiced plosives and fricatives for a vector configuration of Weight 4, Time 8, and Flow 6.",,3,5,0,0,Q(促音単発)
しゃっきり,shatkiri,Manner or sound of しゃっきり: 「しゃっき」と一度だけ鮮やかに、あるいは滑らかに行われる action・ condition/state。,Psychomime (State/Manner),Dynamics,Neutral,Unvoiced (Light),Neutral,Reduplication,ɕakkiɾi,3,6,6,4,6,3,861.9,5.45,7,7281.0,7.28,6,mh,5,#000000,0.0,0.0,0.0,"Reflecting unvoiced plosives and fricatives for a vector configuration of Weight 3, Time 6, and Flow 4.",,5,5,5,8,COMPOUND(複合・異種)
しゃっしゃっ,shatshat,Manner or sound of しゃっしゃっ: 「しゃっしゃ」とする actionや phenomenonが瞬間的・急激に行われる音や state/manner.,Psychomime (State/Manner),Dynamics,Neutral,Unvoiced (Light),Neutral,Reduplication,ɕaɕɕaʔ,5,6,6,5,6,4,802.8,5.27,6,9538.5,7.74,7,0,4,#778899,55.9,-2.2,-11.1,"Reflecting fricatives and geminate sokuon (sudden onset) for a vector configuration of Weight 5, Time 6, and Flow 5.",,4,5,5,1,REDUP(畳語・同一)
しゃぶしゃぶ,shabushabu,Manner or sound of しゃぶしゃぶ: 「しゃぶ」という音や condition/stateが繰り返し連続して生じる manner.,Psychomime (State/Manner),Dynamics,Neutral,Unvoiced (Light),Neutral,Reduplication,ɕabuɕabu,5,5,4,3,7,7,558.8,4.36,4,9487.4,7.73,7,mc,3,#0000CD,25.0,67.2,-91.5,"Reflecting voiced consonants and fricatives for a vector configuration of Weight 5, Time 5, and Flow 3.",,4,5,5,1,REDUP(畳語・同一)
しゃらしゃら,sharashara,Manner or sound of しゃらしゃら: 「しゃら」という音や condition/stateが繰り返し連続して生じる manner.,Psychomime (State/Manner),Dynamics,Neutral,Unvoiced (Light),Neutral,Reduplication,ɕaɾaɕaɾa,3,5,4,2,7,4,857.0,5.44,4,8059.8,7.46,5,0,4,#FF69B4,65.5,64.2,-10.6,"Reflecting fricatives and flap consonant /ɾ/ for a vector configuration of Weight 3, Time 5, and Flow 2.",,4,5,5,1,REDUP(畳語・同一)
しゃりしゃり,sharishari,Manner or sound of しゃりしゃり: 「しゃりしゃ」と一度だけ鮮やかに、あるいは滑らかに行われる action・ condition/state。,Psychomime (State/Manner),Dynamics,Neutral,Unvoiced (Light),Neutral,Reduplication,ɕaɾiɕaɾi,3,6,5,4,7,5,782.8,5.21,5,7737.1,7.39,6,0,4,#FFFFFF,100.0,-0.0,0.0,"Reflecting fricatives and flap consonant /ɾ/ for a vector configuration of Weight 3, Time 6, and Flow 4.",,4,5,5,1,REDUP(畳語・同一)
しゃりっ,sharit,Manner or sound of しゃりっ: 「しゃり」とする actionや phenomenonが瞬間的・急激に行われる音や state/manner.,Psychomime (State/Manner),Dynamics,Neutral,Unvoiced (Light),Neutral,Reduplication,ɕaɾiʔ,4,8,7,6,5,4,933.1,5.65,8,9679.0,7.77,7,0,4,#000000,0.0,0.0,0.0,"Reflecting fricatives and flap consonant /ɾ/ for a vector configuration of Weight 4, Time 8, and Flow 6.",,3,5,0,0,Q(促音単発)
しゃんしゃん,shanshan,Manner or sound of しゃんしゃん: 「しゃんしゃ」と響き渡る音、 or 余韻や弾力を伴う condition/state。,Psychomime (State/Manner),Dynamics,Neutral,Unvoiced (Light),Neutral,Reduplication,ɕaŋɕaŋ,4,6,6,4,6,5,660.1,4.78,5,8796.2,7.60,7,0,4,#FFFFFF,100.0,-0.0,0.0,"Reflecting fricatives and nasal resonance for a vector configuration of Weight 4, Time 6, and Flow 4.",,4,5,5,1,REDUP(畳語・同一)
しゃー,sha-,Manner or sound of しゃー: 音が長く尾を引いて持続する音や condition/state。,Psychomime (State/Manner),Dynamics,Neutral,Unvoiced (Light),Neutral,Reduplication,ɕaː,3,3,5,4,7,4,1167.3,6.22,1,7652.0,7.37,5,0,4,#FFD700,86.9,-1.9,87.1,"Reflecting fricatives and long vowel extension for a vector configuration of Weight 3, Time 3, and Flow 4.",,2,7,5,0,LONG(長音ー)
しゃーしゃー,sha-sha-,Manner or sound of しゃーしゃー: 「しゃー」という音や condition/stateが繰り返し連続して生じる manner.,Psychomime (State/Manner),Dynamics,Neutral,Unvoiced (Light),Neutral,Reduplication,ɕaːɕaː,4,4,5,2,7,5,1039.9,5.93,3,9163.7,7.67,6,mh,5,#FF4500,57.6,67.8,69.0,"Reflecting fricatives and long vowel extension for a vector configuration of Weight 4, Time 4, and Flow 2.",,4,5,5,1,REDUP(畳語・同一)
しゅっ,shut,Manner or sound of しゅっ: 「しゅ」とする actionや phenomenonが瞬間的・急激に行われる音や state/manner.,Psychomime (State/Manner),Dynamics,Neutral,Unvoiced (Light),Neutral,Reduplication,ɕuʔ,4,7,7,7,6,4,737.9,5.06,7,8411.4,7.53,7,0,4,#000000,0.0,0.0,0.0,"Reflecting fricatives and geminate sokuon (sudden onset) for a vector configuration of Weight 4, Time 7, and Flow 7.",,2,5,0,0,Q(促音単発)
しゅっしゅっ,shutshut,Manner or sound of しゅっしゅっ: 「しゅっしゅ」とする actionや phenomenonが瞬間的・急激に行われる音や state/manner.,Psychomime (State/Manner),Dynamics,Neutral,Unvoiced (Light),Neutral,Reduplication,ɕuɕɕuʔ,5,6,6,6,6,5,737.3,5.06,6,6711.7,7.15,7,0,4,#696969,44.4,-0.0,0.0,"Reflecting fricatives and geminate sokuon (sudden onset) for a vector configuration of Weight 5, Time 6, and Flow 6.",,4,5,5,1,REDUP(畳語・同一)
しゅん,shun,Manner or sound of しゅん: 「しゅ」と響き渡る音、 or 余韻や弾力を伴う condition/state。,Psychomime (State/Manner),Dynamics,Neutral,Unvoiced (Light),Neutral,Reduplication,ɕuŋ,4,6,7,5,6,5,704.8,4.94,6,5860.4,6.91,7,0,4,#808080,53.6,-0.0,0.0,"Reflecting fricatives and nasal resonance for a vector configuration of Weight 4, Time 6, and Flow 5.",,3,6,5,0,N(撥音単発)
しゅんしゅん,shunshun,Manner or sound of しゅんしゅん: 「しゅんしゅ」と響き渡る音、 or 余韻や弾力を伴う condition/state。,Psychomime (State/Manner),Dynamics,Neutral,Unvoiced (Light),Neutral,Reduplication,ɕuŋɕuŋ,4,5,6,5,6,5,727.1,5.02,4,6379.6,7.06,6,0,4,#FFFACD,97.6,-5.4,22.2,"Reflecting fricatives and nasal resonance for a vector configuration of Weight 4, Time 5, and Flow 5.",,4,5,5,1,REDUP(畳語・同一)
しゅーじゅー,shu-ju-,Manner or sound of しゅーじゅー: 音が長く尾を引いて持続する音や condition/state。,Psychomime (State/Manner),Dynamics,Neutral,Unvoiced (Light),Neutral,Reduplication,ɕuːdʑuː,4,2,6,4,8,5,1037.3,5.92,1,6205.3,7.01,6,0,4,#FF4500,57.6,67.8,69.0,"Reflecting voiced consonants and fricatives for a vector configuration of Weight 4, Time 2, and Flow 4.",,2,7,5,0,LONG(長音ー)
しゅーん,shu-n,Manner or sound of しゅーん: 「しゅー」と響き渡る音、 or 余韻や弾力を伴う condition/state。,Psychomime (State/Manner),Dynamics,Neutral,Unvoiced (Light),Neutral,Reduplication,ɕuːŋ,4,4,7,4,6,5,1005.3,5.84,2,6425.7,7.07,6,0,4,#FFFFFF,100.0,-0.0,0.0,"Reflecting fricatives and nasal resonance for a vector configuration of Weight 4, Time 4, and Flow 4.",,3,7,5,0,LONG(長音ー)
しょぼん,shobon,Manner or sound of しょぼん: 「しょぼ」と響き渡る音、 or 余韻や弾力を伴う condition/state。,Psychomime (State/Manner),Dynamics,Neutral,Unvoiced (Light),Neutral,Reduplication,ɕoboŋ,5,6,6,6,6,6,439.6,3.75,6,4978.6,6.64,7,mc,3,#708090,52.8,-2.1,-10.6,"Reflecting voiced consonants and fricatives for a vector configuration of Weight 5, Time 6, and Flow 6.",,3,6,5,0,N(撥音単発)
しょりしょり,shorishori,Manner or sound of しょりしょり: 「しょりしょ」と一度だけ鮮やかに、あるいは滑らかに行われる action・ condition/state。,Psychomime (State/Manner),Dynamics,Neutral,Unvoiced (Light),Neutral,Reduplication,ɕoɾiɕoɾi,3,5,4,4,7,5,609.8,4.58,5,4540.4,6.48,6,0,4,#000080,13.0,47.5,-64.7,"Reflecting fricatives and flap consonant /ɾ/ for a vector configuration of Weight 3, Time 5, and Flow 4.",,4,5,5,1,REDUP(畳語・同一)
しょんぼりしょんぼり,shonborishonbori,Manner or sound of しょんぼりしょんぼり: 「しょんぼりしょんぼ」と一度だけ鮮やかに、あるいは滑らかに行われる action・ condition/state。,Psychomime (State/Manner),Dynamics,Neutral,Unvoiced (Light),Neutral,Reduplication,ɕomboɾiɕomboɾi,4,5,4,5,7,5,454.8,3.83,5,5413.5,6.78,7,0,4,#483D8B,30.8,26.1,-42.1,"Reflecting voiced consonants and fricatives for a vector configuration of Weight 4, Time 5, and Flow 5.",,4,5,5,1,REDUP(畳語・同一)
しわくちゃ,shiwakucha,Manner or sound of しわくちゃ: 「しわくちゃ」という感覚・音・ condition/stateを表す expression.,Psychomime (State/Manner),Dynamics,Neutral,Unvoiced (Light),Neutral,Reduplication,ɕiwakutɕa,3,5,4,4,7,5,710.6,4.96,5,5661.1,6.86,6,0,4,#FF69B4,65.5,64.2,-10.6,"Reflecting unvoiced plosives and fricatives for a vector configuration of Weight 3, Time 5, and Flow 4.",,5,5,0,8,COMPOUND(複合・異種)
しんねり,shinneri,Manner or sound of しんねり: 「しんね」と一度だけ鮮やかに、あるいは滑らかに行われる action・ condition/state。,Psychomime (State/Manner),Dynamics,Neutral,Unvoiced (Light),Neutral,Reduplication,ɕinneɾi,4,4,4,5,6,5,433.6,3.71,5,2261.1,5.30,6,mh,5,#F5F5DC,95.9,-4.2,12.0,"Reflecting fricatives and nasal resonance for a vector configuration of Weight 4, Time 4, and Flow 5.",,5,5,5,8,COMPOUND(複合・異種)
しんねりむっつり,shinnerimuttsuri,Manner or sound of しんねりむっつり: 「しんねりむっつ」と一度だけ鮮やかに、あるいは滑らかに行われる action・ condition/state。,Psychomime (State/Manner),Dynamics,Neutral,Unvoiced (Light),Neutral,Reduplication,ɕinneɾimuttsuɾi,4,4,5,6,6,5,436.0,3.73,5,2120.4,5.19,7,0,4,#000000,0.0,0.0,0.0,"Reflecting unvoiced plosives and fricatives for a vector configuration of Weight 4, Time 4, and Flow 6.",,5,5,5,8,COMPOUND(複合・異種)
しーん,shi-n,Manner or sound of しーん: 「しー」と響き渡る音、 or 余韻や弾力を伴う condition/state。,Psychomime (State/Manner),Dynamics,Neutral,Unvoiced (Light),Neutral,Reduplication,ɕiːŋ,3,4,6,5,6,4,1181.6,6.25,3,6542.8,7.10,6,0,4,#F0FFFF,98.9,-4.9,-1.7,"Reflecting fricatives and nasal resonance for a vector configuration of Weight 3, Time 4, and Flow 5.",,3,7,5,0,LONG(長音ー)
じっ,jit,Manner or sound of じっ: 「じ」とする actionや phenomenonが瞬間的・急激に行われる音や state/manner.,Psychomime (State/Manner),Dynamics,Neutral,Unvoiced (Light),Neutral,Reduplication,dʑiʔ,5,7,7,8,5,4,503.8,4.09,7,7502.1,7.33,8,0,4,#000000,0.0,0.0,0.0,"Reflecting voiced consonants and geminate sokuon (sudden onset) for a vector configuration of Weight 5, Time 7, and Flow 8.",,2,5,0,0,Q(促音単発)
じっとり,jittori,Manner or sound of じっとり: 「じっと」と一度だけ鮮やかに、あるいは滑らかに行われる action・ condition/state。,Psychomime (State/Manner),Texture,Negative,Semi-voiced (Crisp),Dark/Heavy/Large,-ri Ending,dʑittoɾi,4,4,5,5,6,5,260.1,2.42,6,2170.1,5.23,7,mh,5,#D8BFD8,80.1,13.2,-9.2,"Reflecting voiced consonants and unvoiced plosives for a vector configuration of Weight 4, Time 4, and Flow 5.",,5,5,5,8,COMPOUND(複合・異種)
じぶじぶ,jibujibu,Manner or sound of じぶじぶ: 「じぶ」という音や condition/stateが繰り返し連続して生じる manner.,Psychomime (State/Manner),Dynamics,Neutral,Unvoiced (Light),Neutral,Reduplication,dʑibudʑibu,6,3,4,6,6,7,100.0,0.00,3,4146.8,6.33,7,mc,3,#556B2F,42.2,-18.8,30.6,"Reflecting voiced consonants for a vector configuration of Weight 6, Time 3, and Flow 6.",,4,5,5,1,REDUP(畳語・同一)
じゃかすか,jakasuka,Manner or sound of じゃかすか: 「じゃかすか」という感覚・音・ condition/stateを表す expression.,Psychomime (State/Manner),Dynamics,Neutral,Unvoiced (Light),Neutral,Reduplication,dʑakasuka,4,5,5,3,7,3,624.6,4.64,5,7637.6,7.36,5,mh,5,#F5F5F5,96.5,-0.0,0.0,"Reflecting voiced consonants and unvoiced plosives for a vector configuration of Weight 4, Time 5, and Flow 3.",,5,5,0,8,COMPOUND(複合・異種)
じゃばじゃば,jabajaba,Manner or sound of じゃばじゃば: 「じゃば」という音や condition/stateが繰り返し連続して生じる manner.,Psychomime (State/Manner),Dynamics,Neutral,Unvoiced (Light),Neutral,Reduplication,dʑabadʑaba,6,5,5,3,6,7,266.2,2.48,4,9437.8,7.72,7,mh,5,#0000CD,25.0,67.2,-91.5,"Reflecting voiced consonants for a vector configuration of Weight 6, Time 5, and Flow 3.",,4,5,5,1,REDUP(畳語・同一)
じゃぼーん,jabo-n,Manner or sound of じゃぼーん: 「じゃぼー」と響き渡る音、 or 余韻や弾力を伴う condition/state。,Psychomime (State/Manner),Dynamics,Neutral,Unvoiced (Light),Neutral,Reduplication,dʑaboːŋ,5,4,6,4,6,5,608.4,4.57,2,8462.5,7.54,7,0,4,#0000CD,25.0,67.2,-91.5,"Reflecting voiced consonants and nasal resonance for a vector configuration of Weight 5, Time 4, and Flow 4.",,3,7,5,0,LONG(長音ー)
じゃぽん,japon,Manner or sound of じゃぽん: 「じゃぽ」と響き渡る音、 or 余韻や弾力を伴う condition/state。,Psychomime (State/Manner),Dynamics,Neutral,Unvoiced (Light),Neutral,Reduplication,dʑapoŋ,5,6,7,4,5,6,369.8,3.31,6,6819.6,7.17,7,0,4,#808080,53.6,-0.0,0.0,"Reflecting voiced consonants and unvoiced plosives for a vector configuration of Weight 5, Time 6, and Flow 4.",,3,6,5,0,N(撥音単発)
じゃらり,jarari,Manner or sound of じゃらり: 「じゃら」と一度だけ鮮やかに、あるいは滑らかに行われる action・ condition/state。,Psychomime (State/Manner),Dynamics,Neutral,Unvoiced (Light),Neutral,Reduplication,dʑaɾaɾi,3,6,6,3,7,4,452.8,3.82,5,5692.6,6.87,6,mh,5,#FFFFFF,100.0,-0.0,0.0,"Reflecting voiced consonants and flap consonant /ɾ/ for a vector configuration of Weight 3, Time 6, and Flow 3.",,4,6,0,0,RI(り単発)
じゃらんじゃらん,jaranjaran,Manner or sound of じゃらんじゃらん: 「じゃらんじゃら」と響き渡る音、 or 余韻や弾力を伴う condition/state。,Psychomime (State/Manner),Dynamics,Neutral,Unvoiced (Light),Neutral,Reduplication,dʑaɾaŋdʑaɾaŋ,4,5,5,2,6,5,379.1,3.37,4,7253.5,7.28,6,0,4,#FFD700,86.9,-1.9,87.1,"Reflecting voiced consonants and nasal resonance for a vector configuration of Weight 4, Time 5, and Flow 2.",,4,5,5,1,REDUP(畳語・同一)
じゃりじゃり,jarijari,Manner or sound of じゃりじゃり: 「じゃりじゃ」と一度だけ鮮やかに、あるいは滑らかに行われる action・ condition/state。,Psychomime (State/Manner),Dynamics,Neutral,Unvoiced (Light),Neutral,Reduplication,dʑaɾidʑaɾi,4,5,5,4,6,5,468.7,3.91,5,7270.1,7.28,7,mh,5,#FFD700,86.9,-1.9,87.1,"Reflecting voiced consonants and flap consonant /ɾ/ for a vector configuration of Weight 4, Time 5, and Flow 4.",,4,5,5,1,REDUP(畳語・同一)
じゃりっ,jarit,Manner or sound of じゃりっ: 「じゃり」とする actionや phenomenonが瞬間的・急激に行われる音や state/manner.,Psychomime (State/Manner),Dynamics,Neutral,Unvoiced (Light),Neutral,Reduplication,dʑaɾiʔ,5,7,7,7,5,4,705.0,4.94,7,9974.5,7.82,8,0,4,#000000,0.0,0.0,0.0,"Reflecting voiced consonants and flap consonant /ɾ/ for a vector configuration of Weight 5, Time 7, and Flow 7.",,3,5,0,0,Q(促音単発)
じゃん,jan,Manner or sound of じゃん: 「じゃ」と響き渡る音、 or 余韻や弾力を伴う condition/state。,Psychomime (State/Manner),Dynamics,Neutral,Unvoiced (Light),Neutral,Reduplication,dʑaŋ,5,7,7,5,5,6,394.3,3.47,6,8144.8,7.47,8,0,4,#FF0000,53.2,80.1,67.2,"Reflecting voiced consonants and nasal resonance for a vector configuration of Weight 5, Time 7, and Flow 5.",,3,6,5,0,N(撥音単発)
じゃーじゃー,ja-ja-,Manner or sound of じゃーじゃー: 「じゃー」という音や condition/stateが繰り返し連続して生じる manner.,Psychomime (State/Manner),Dynamics,Neutral,Unvoiced (Light),Neutral,Reduplication,dʑaːdʑaː,5,4,5,3,6,6,632.0,4.67,2,9218.0,7.68,7,mh,5,#FF0000,53.2,80.1,67.2,"Reflecting voiced consonants and long vowel extension for a vector configuration of Weight 5, Time 4, and Flow 3.",,4,5,5,1,REDUP(畳語・同一)
じゅくじゅく,jukujuku,Manner or sound of じゅくじゅく: 「じゅく」という音や condition/stateが繰り返し連続して生じる manner.,Psychomime (State/Manner),Dynamics,Neutral,Unvoiced (Light),Neutral,Reduplication,dʑukudʑuku,5,4,5,5,6,7,294.6,2.74,3,3309.0,5.94,7,0,4,#556B2F,42.2,-18.8,30.6,"Reflecting voiced consonants and unvoiced plosives for a vector configuration of Weight 5, Time 4, and Flow 5.",,4,5,5,1,REDUP(畳語・同一)
じゅっ,jut,Manner or sound of じゅっ: 「じゅ」とする actionや phenomenonが瞬間的・急激に行われる音や state/manner.,Psychomime (State/Manner),Dynamics,Neutral,Unvoiced (Light),Neutral,Reduplication,dʑuʔ,5,7,7,7,5,5,506.1,4.10,7,8408.9,7.53,8,0,4,#000000,0.0,0.0,0.0,"Reflecting voiced consonants and geminate sokuon (sudden onset) for a vector configuration of Weight 5, Time 7, and Flow 7.",,2,5,0,0,Q(促音単発)
じゅぽっ,jupot,Manner or sound of じゅぽっ: 「じゅぽ」とする actionや phenomenonが瞬間的・急激に行われる音や state/manner.,Psychomime (State/Manner),Dynamics,Neutral,Unvoiced (Light),Neutral,Reduplication,dʑupoʔ,5,7,7,7,6,5,435.5,3.72,7,7678.5,7.37,8,0,4,#000000,0.0,0.0,0.0,"Reflecting voiced consonants and unvoiced plosives for a vector configuration of Weight 5, Time 7, and Flow 7.",,2,5,0,0,Q(促音単発)
じゅるっ,jurut,Manner or sound of じゅるっ: 「じゅる」とする actionや phenomenonが瞬間的・急激に行われる音や state/manner.,Psychomime (State/Manner),Dynamics,Neutral,Unvoiced (Light),Neutral,Reduplication,dʑuɾuʔ,5,7,7,7,6,5,470.2,3.92,7,7609.9,7.36,8,0,4,#FFFFFF,100.0,-0.0,0.0,"Reflecting voiced consonants and flap consonant /ɾ/ for a vector configuration of Weight 5, Time 7, and Flow 7.",,2,5,0,0,Q(促音単発)
じゅわじゅわ,juwajuwa,Manner or sound of じゅわじゅわ: 「じゅわ」という音や condition/stateが繰り返し連続して生じる manner.,Psychomime (State/Manner),Dynamics,Neutral,Unvoiced (Light),Neutral,Reduplication,dʑuwadʑuwa,5,4,4,4,7,6,295.4,2.74,3,5502.2,6.81,7,mh,5,#800000,25.5,48.0,38.1,"Reflecting voiced consonants for a vector configuration of Weight 5, Time 4, and Flow 4.",,4,5,5,1,REDUP(畳語・同一)
じゅわっ,juwat,Manner or sound of じゅわっ: 「じゅわ」とする actionや phenomenonが瞬間的・急激に行われる音や state/manner.,Psychomime (State/Manner),Dynamics,Neutral,Unvoiced (Light),Neutral,Reduplication,dʑuwaʔ,5,7,7,6,6,5,450.6,3.81,7,8923.6,7.63,8,mh,5,#000000,0.0,0.0,0.0,"Reflecting voiced consonants and geminate sokuon (sudden onset) for a vector configuration of Weight 5, Time 7, and Flow 6.",,2,5,0,0,Q(促音単発)
じゅわーっ,juwa-t,Manner or sound of じゅわーっ: 「じゅわー」とする actionや phenomenonが瞬間的・急激に行われる音や state/manner.,Psychomime (State/Manner),Dynamics,Neutral,Unvoiced (Light),Neutral,Reduplication,dʑuwaːʔ,5,4,6,6,7,5,670.0,4.81,4,8103.8,7.47,7,mh,5,#FF4500,57.6,67.8,69.0,"Reflecting voiced consonants and geminate sokuon (sudden onset) for a vector configuration of Weight 5, Time 4, and Flow 6.",,2,6,5,0,LONG(長音ー)
じゅーっ,ju-t,Manner or sound of じゅーっ: 「じゅー」とする actionや phenomenonが瞬間的・急激に行われる音や state/manner.,Psychomime (State/Manner),Dynamics,Neutral,Unvoiced (Light),Neutral,Reduplication,dʑuːʔ,5,4,6,6,6,5,755.8,5.12,4,7451.5,7.32,7,mh,5,#FF4500,57.6,67.8,69.0,"Reflecting voiced consonants and geminate sokuon (sudden onset) for a vector configuration of Weight 5, Time 4, and Flow 6.",,2,6,5,0,LONG(長音ー)
じょりじょり,jorijori,Manner or sound of じょりじょり: 「じょりじょ」と一度だけ鮮やかに、あるいは滑らかに行われる action・ condition/state。,Psychomime (State/Manner),Dynamics,Neutral,Unvoiced (Light),Neutral,Reduplication,dʑoɾidʑoɾi,4,5,5,5,6,5,416.9,3.61,5,4068.3,6.29,7,0,4,#708090,52.8,-2.1,-10.6,"Reflecting voiced consonants and flap consonant /ɾ/ for a vector configuration of Weight 4, Time 5, and Flow 5.",,4,5,5,1,REDUP(畳語・同一)
じょりっ,jorit,Manner or sound of じょりっ: 「じょり」とする actionや phenomenonが瞬間的・急激に行われる音や state/manner.,Psychomime (State/Manner),Dynamics,Neutral,Unvoiced (Light),Neutral,Reduplication,dʑoɾiʔ,5,7,7,7,5,4,659.3,4.77,7,7752.2,7.39,8,0,4,#000000,0.0,0.0,0.0,"Reflecting voiced consonants and flap consonant /ɾ/ for a vector configuration of Weight 5, Time 7, and Flow 7.",,3,5,0,0,Q(促音単発)
じりじりっ,jirijirit,Manner or sound of じりじりっ: 「じりじり」とする actionや phenomenonが瞬間的・急激に行われる音や state/manner.,Psychomime (State/Manner),Dynamics,Neutral,Unvoiced (Light),Neutral,Reduplication,dʑiɾidʑiɾiʔ,5,6,7,8,4,4,637.3,4.69,7,8058.6,7.46,8,mh,5,#000000,0.0,0.0,0.0,"Reflecting voiced consonants and flap consonant /ɾ/ for a vector configuration of Weight 5, Time 6, and Flow 8.",,3,5,0,0,Q(促音単発)
じりっ,jirit,Manner or sound of じりっ: 「じり」とする actionや phenomenonが瞬間的・急激に行われる音や state/manner.,Psychomime (State/Manner),Dynamics,Neutral,Unvoiced (Light),Neutral,Reduplication,dʑiɾiʔ,5,7,7,8,4,4,685.6,4.87,7,8367.1,7.52,8,mh,5,#000000,0.0,0.0,0.0,"Reflecting voiced consonants and flap consonant /ɾ/ for a vector configuration of Weight 5, Time 7, and Flow 8.",,2,5,0,0,Q(促音単発)
じろり,jirori,Manner or sound of じろり: 「じろ」と一度だけ鮮やかに、あるいは滑らかに行われる action・ condition/state。,Psychomime (State/Manner),Dynamics,Neutral,Unvoiced (Light),Neutral,Reduplication,dʑiɾoɾi,4,5,6,5,7,5,387.1,3.43,5,2792.8,5.66,6,mh,5,#FFFFFF,100.0,-0.0,0.0,"Reflecting voiced consonants and flap consonant /ɾ/ for a vector configuration of Weight 4, Time 5, and Flow 5.",,4,6,0,0,RI(り単発)
じろりじろり,jirorijirori,Manner or sound of じろりじろり: 「じろりじろ」と一度だけ鮮やかに、あるいは滑らかに行われる action・ condition/state。,Psychomime (State/Manner),Dynamics,Neutral,Unvoiced (Light),Neutral,Reduplication,dʑiɾoɾidʑiɾoɾi,4,4,5,5,7,5,418.5,3.62,4,2593.9,5.53,6,0,4,#000000,0.0,0.0,0.0,"Reflecting voiced consonants and flap consonant /ɾ/ for a vector configuration of Weight 4, Time 4, and Flow 5.",,4,5,5,1,REDUP(畳語・同一)
じろりっ,jirorit,Manner or sound of じろりっ: 「じろり」とする actionや phenomenonが瞬間的・急激に行われる音や state/manner.,Psychomime (State/Manner),Dynamics,Neutral,Unvoiced (Light),Neutral,Reduplication,dʑiɾoɾiʔ,5,7,7,7,5,4,660.9,4.78,7,6681.8,7.14,7,0,4,#000000,0.0,0.0,0.0,"Reflecting voiced consonants and flap consonant /ɾ/ for a vector configuration of Weight 5, Time 7, and Flow 7.",,3,5,0,0,Q(促音単発)
じろーっ,jiro-t,Manner or sound of じろーっ: 「じろー」とする actionや phenomenonが瞬間的・急激に行われる音や state/manner.,Psychomime (State/Manner),Dynamics,Neutral,Unvoiced (Light),Neutral,Reduplication,dʑiɾoːʔ,5,4,6,6,6,4,658.2,4.77,4,5976.2,6.95,7,0,4,#000000,0.0,0.0,0.0,"Reflecting voiced consonants and flap consonant /ɾ/ for a vector configuration of Weight 5, Time 4, and Flow 6.",,2,6,5,0,LONG(長音ー)
じわじわっ,jiwajiwat,Manner or sound of じわじわっ: 「じわじわ」とする actionや phenomenonが瞬間的・急激に行われる音や state/manner.,Psychomime (State/Manner),Dynamics,Neutral,Unvoiced (Light),Neutral,Reduplication,dʑiwadʑiwaʔ,5,6,6,7,6,5,296.1,2.75,6,6742.5,7.15,8,mh,5,#800000,25.5,48.0,38.1,"Reflecting voiced consonants and geminate sokuon (sudden onset) for a vector configuration of Weight 5, Time 6, and Flow 7.",,3,5,0,0,Q(促音単発)
じわっ,jiwat,Manner or sound of じわっ: 「じわ」とする actionや phenomenonが瞬間的・急激に行われる音や state/manner.,Psychomime (State/Manner),Dynamics,Neutral,Unvoiced (Light),Neutral,Reduplication,dʑiwaʔ,5,6,6,7,6,4,388.5,3.44,7,8005.3,7.44,8,mh,5,#000000,0.0,0.0,0.0,"Reflecting voiced consonants and geminate sokuon (sudden onset) for a vector configuration of Weight 5, Time 6, and Flow 7.",,2,5,0,0,Q(促音単発)
じわーっ,jiwa-t,Manner or sound of じわーっ: 「じわー」とする actionや phenomenonが瞬間的・急激に行われる音や state/manner.,Psychomime (State/Manner),Dynamics,Neutral,Unvoiced (Light),Neutral,Reduplication,dʑiwaːʔ,5,4,6,6,6,4,613.2,4.59,4,7269.2,7.28,7,mh,5,#800000,25.5,48.0,38.1,"Reflecting voiced consonants and geminate sokuon (sudden onset) for a vector configuration of Weight 5, Time 4, and Flow 6.",,3,6,5,0,LONG(長音ー)
じん,jin,Manner or sound of じん: 「じ」と響き渡る音、 or 余韻や弾力を伴う condition/state。,Psychomime (State/Manner),Dynamics,Neutral,Unvoiced (Light),Neutral,Reduplication,dʑiŋ,5,6,7,7,4,5,474.0,3.94,6,5000.8,6.65,7,0,4,#FF0000,53.2,80.1,67.2,"Reflecting voiced consonants and nasal resonance for a vector configuration of Weight 5, Time 6, and Flow 7.",,3,6,5,0,N(撥音単発)
じんわり,jinwari,Manner or sound of じんわり: 「じんわ」と一度だけ鮮やかに、あるいは滑らかに行われる action・ condition/state。,Psychomime (State/Manner),Dynamics,Neutral,Unvoiced (Light),Neutral,Reduplication,dʑiŋwaɾi,4,4,5,4,7,5,260.2,2.42,4,3345.7,5.96,6,mh,5,#FFFACD,97.6,-5.4,22.2,"Reflecting voiced consonants and nasal resonance for a vector configuration of Weight 4, Time 4, and Flow 4.",,5,5,5,8,COMPOUND(複合・異種)
じー,ji-,Manner or sound of じー: 音が長く尾を引いて持続する音や condition/state。,Psychomime (State/Manner),Dynamics,Neutral,Unvoiced (Light),Neutral,Reduplication,dʑiː,4,2,5,6,6,4,943.7,5.68,1,6640.1,7.13,6,0,4,#FFFF00,97.1,-21.6,94.5,"Reflecting voiced consonants and long vowel extension for a vector configuration of Weight 4, Time 2, and Flow 6.",,2,7,5,0,LONG(長音ー)
じーっ,ji-t,Manner or sound of じーっ: 「じー」とする actionや phenomenonが瞬間的・急激に行われる音や state/manner.,Psychomime (State/Manner),Dynamics,Neutral,Unvoiced (Light),Neutral,Reduplication,dʑiːʔ,4,4,6,7,6,4,818.8,5.32,4,7714.3,7.38,7,0,4,#F0FFFF,98.9,-4.9,-1.7,"Reflecting voiced consonants and geminate sokuon (sudden onset) for a vector configuration of Weight 4, Time 4, and Flow 7.",,2,6,5,0,LONG(長音ー)
じーん,ji-n,Manner or sound of じーん: 「じー」と響き渡る音、 or 余韻や弾力を伴う condition/state。,Psychomime (State/Manner),Dynamics,Neutral,Unvoiced (Light),Neutral,Reduplication,dʑiːŋ,5,3,7,6,5,5,814.0,5.31,2,6850.4,7.18,6,0,4,#556B2F,42.2,-18.8,30.6,"Reflecting voiced consonants and nasal resonance for a vector configuration of Weight 5, Time 3, and Flow 6.",,3,7,5,0,LONG(長音ー)
すい,sui,Manner or sound of すい: 「すい」という感覚・音・ condition/stateを表す expression.,Psychomime (State/Manner),Dynamics,Neutral,Unvoiced (Light),Neutral,Reduplication,sui,3,5,5,4,7,4,495.1,4.05,5,4209.5,6.35,5,mh,5,#E0FFFF,97.9,-9.9,-3.4,"Reflecting fricatives for a vector configuration of Weight 3, Time 5, and Flow 4.",,5,5,0,8,COMPOUND(複合・異種)
すいずい,suizui,Manner or sound of すいずい: 「すいずい」という感覚・音・ condition/stateを表す expression.,Psychomime (State/Manner),Dynamics,Neutral,Unvoiced (Light),Neutral,Reduplication,suizui,4,5,5,5,6,4,425.4,3.67,5,4426.5,6.44,6,mh,5,#E0FFFF,97.9,-9.9,-3.4,"Reflecting voiced consonants and fricatives for a vector configuration of Weight 4, Time 5, and Flow 5.",,5,5,0,8,COMPOUND(複合・異種)
すいーっ,sui-t,Manner or sound of すいーっ: 「すいー」とする actionや phenomenonが瞬間的・急激に行われる音や state/manner.,Psychomime (State/Manner),Dynamics,Neutral,Unvoiced (Light),Neutral,Reduplication,suiːʔ,3,5,6,5,7,3,953.0,5.71,5,7661.2,7.37,5,mh,5,#F0FFFF,98.9,-4.9,-1.7,"Reflecting fricatives and geminate sokuon (sudden onset) for a vector configuration of Weight 3, Time 5, and Flow 5.",,2,6,5,0,LONG(長音ー)
すがすが,sugasuga,Manner or sound of すがすが: 「すが」という音や condition/stateが繰り返し連続して生じる manner.,Psychomime (State/Manner),Dynamics,Neutral,Unvoiced (Light),Neutral,Reduplication,suɡasuɡa,4,5,5,4,6,3,443.5,3.77,5,4448.0,6.45,5,0,4,#B22222,39.1,55.9,37.6,"Reflecting voiced consonants and fricatives for a vector configuration of Weight 4, Time 5, and Flow 4.",,4,5,5,1,REDUP(畳語・同一)
すきっ,sukit,Manner or sound of すきっ: 「すき」とする actionや phenomenonが瞬間的・急激に行われる音や state/manner.,Psychomime (State/Manner),Dynamics,Neutral,Unvoiced (Light),Neutral,Reduplication,sukiʔ,3,8,7,6,6,2,860.7,5.45,8,9256.0,7.69,6,mh,5,#000000,0.0,0.0,0.0,"Reflecting unvoiced plosives and fricatives for a vector configuration of Weight 3, Time 8, and Flow 6.",,2,5,0,0,Q(促音単発)
すけすけ,sukesuke,Manner or sound of すけすけ: 「すけ」という音や condition/stateが繰り返し連続して生じる manner.,Psychomime (State/Manner),Dynamics,Neutral,Unvoiced (Light),Neutral,Reduplication,sukesuke,2,5,5,3,7,3,712.8,4.97,4,5639.0,6.85,4,mh,5,#FF4500,57.6,67.8,69.0,"Reflecting unvoiced plosives and fricatives for a vector configuration of Weight 2, Time 5, and Flow 3.",,4,5,5,1,REDUP(畳語・同一)
すこん,sukon,Manner or sound of すこん: 「すこ」と響き渡る音、 or 余韻や弾力を伴う condition/state。,Psychomime (State/Manner),Dynamics,Neutral,Unvoiced (Light),Neutral,Reduplication,sukoŋ,3,7,7,5,5,4,545.8,4.30,6,5023.5,6.65,6,0,4,#808080,53.6,-0.0,0.0,"Reflecting unvoiced plosives and fricatives for a vector configuration of Weight 3, Time 7, and Flow 5.",,3,6,5,0,N(撥音単発)
すこーん,suko-n,Manner or sound of すこーん: 「すこー」と響き渡る音、 or 余韻や弾力を伴う condition/state。,Psychomime (State/Manner),Dynamics,Neutral,Unvoiced (Light),Neutral,Reduplication,sukoːŋ,3,4,7,3,6,3,851.7,5.42,2,6136.5,6.99,5,0,4,#FF0000,53.2,80.1,67.2,"Reflecting unvoiced plosives and fricatives for a vector configuration of Weight 3, Time 4, and Flow 3.",,3,7,5,0,LONG(長音ー)
すごすご,sugosugo,Manner or sound of すごすご: 「すご」という音や condition/stateが繰り返し連続して生じる manner.,Psychomime (State/Manner),Dynamics,Neutral,Unvoiced (Light),Neutral,Reduplication,suɡosuɡo,4,5,4,4,6,4,371.5,3.32,4,4519.3,6.47,6,0,4,#8B4513,37.5,26.4,41.0,"Reflecting voiced consonants and fricatives for a vector configuration of Weight 4, Time 5, and Flow 4.",,4,5,5,1,REDUP(畳語・同一)
すっ,sut,Manner or sound of すっ: 「す」とする actionや phenomenonが瞬間的・急激に行われる音や state/manner.,Psychomime (State/Manner),Dynamics,Neutral,Unvoiced (Light),Neutral,Reduplication,suʔ,4,8,7,6,6,3,601.0,4.54,8,8402.3,7.53,7,0,4,#000000,0.0,0.0,0.0,"Reflecting fricatives and geminate sokuon (sudden onset) for a vector configuration of Weight 4, Time 8, and Flow 6.",,2,5,0,0,Q(促音単発)
すっくら,sutkura,Manner or sound of すっくら: 「すっくら」という感覚・音・ condition/stateを表す expression.,Psychomime (State/Manner),Dynamics,Neutral,Unvoiced (Light),Neutral,Reduplication,sukkuɾa,3,5,5,3,8,3,436.9,3.73,6,3596.5,6.09,5,mh,5,#FFFFFF,100.0,-0.0,0.0,"Reflecting unvoiced plosives and fricatives for a vector configuration of Weight 3, Time 5, and Flow 3.",,5,5,0,8,COMPOUND(複合・異種)
すっしり,sutshiri,Manner or sound of すっしり: 「すっし」と一度だけ鮮やかに、あるいは滑らかに行われる action・ condition/state。,Psychomime (State/Manner),Dynamics,Neutral,Unvoiced (Light),Neutral,Reduplication,suɕɕiɾi,4,5,6,4,7,4,580.8,4.45,6,3846.8,6.20,6,mh,5,#2F4F4F,31.3,-11.7,-3.7,"Reflecting fricatives and flap consonant /ɾ/ for a vector configuration of Weight 4, Time 5, and Flow 4.",,5,5,5,8,COMPOUND(複合・異種)
すっすっ,sutsut,Manner or sound of すっすっ: 「すっす」とする actionや phenomenonが瞬間的・急激に行われる音や state/manner.,Psychomime (State/Manner),Dynamics,Neutral,Unvoiced (Light),Neutral,Reduplication,sussuʔ,3,6,5,5,7,3,568.2,4.40,6,6127.0,6.99,6,0,4,#000000,0.0,0.0,0.0,"Reflecting fricatives and geminate sokuon (sudden onset) for a vector configuration of Weight 3, Time 6, and Flow 5.",,4,5,5,1,REDUP(畳語・同一)
すってん,sutten,Manner or sound of すってん: 「すって」と響き渡る音、 or 余韻や弾力を伴う condition/state。,Psychomime (State/Manner),Dynamics,Neutral,Unvoiced (Light),Neutral,Reduplication,sutteŋ,4,7,7,5,6,4,501.5,4.08,6,3709.3,6.14,6,mc,3,#808080,53.6,-0.0,0.0,"Reflecting unvoiced plosives and fricatives for a vector configuration of Weight 4, Time 7, and Flow 5.",,3,6,5,0,N(撥音単発)
すってんころりん,suttenkororin,Manner or sound of すってんころりん: 「すってんころり」と響き渡る音、 or 余韻や弾力を伴う condition/state。,Psychomime (State/Manner),Dynamics,Neutral,Unvoiced (Light),Neutral,Reduplication,sutteŋkoɾoɾiŋ,3,6,6,4,7,4,551.0,4.32,6,2411.7,5.41,6,mc,3,#FFFFFF,100.0,-0.0,0.0,"Reflecting unvoiced plosives and fricatives for a vector configuration of Weight 3, Time 6, and Flow 4.",,5,5,5,8,COMPOUND(複合・異種)
すってんど,suttendo,Manner or sound of すってんど: 「すってんど」という感覚・音・ condition/stateを表す expression.,Psychomime (State/Manner),Dynamics,Neutral,Unvoiced (Light),Neutral,Reduplication,suttendo,4,5,5,4,7,4,292.0,2.71,6,4186.9,6.34,6,0,4,#FFFFFF,100.0,-0.0,0.0,"Reflecting voiced consonants and unvoiced plosives for a vector configuration of Weight 4, Time 5, and Flow 4.",,5,5,5,8,COMPOUND(複合・異種)
すっぱすっぱ,sutpasutpa,Manner or sound of すっぱすっぱ: 「すっぱ」という音や condition/stateが繰り返し連続して生じる manner.,Psychomime (State/Manner),Dynamics,Neutral,Unvoiced (Light),Neutral,Reduplication,suppasuppa,3,6,5,3,8,3,718.4,4.99,5,7029.1,7.22,5,0,4,#FFFFFF,100.0,-0.0,0.0,"Reflecting unvoiced plosives and fricatives for a vector configuration of Weight 3, Time 6, and Flow 3.",,4,5,5,1,REDUP(畳語・同一)
すっぺらぽー,sutperapo-,Manner or sound of すっぺらぽー: 音が長く尾を引いて持続する音や condition/state。,Psychomime (State/Manner),Dynamics,Neutral,Unvoiced (Light),Neutral,Reduplication,suppeɾapoː,2,3,5,2,9,4,877.0,5.50,2,6433.8,7.07,5,mh,5,#FFD700,86.9,-1.9,87.1,"Reflecting unvoiced plosives and fricatives for a vector configuration of Weight 2, Time 3, and Flow 2.",,2,7,5,0,LONG(長音ー)
すっぽり,sutpori,Manner or sound of すっぽり: 「すっぽ」と一度だけ鮮やかに、あるいは滑らかに行われる action・ condition/state。,Psychomime (State/Manner),Dynamics,Neutral,Unvoiced (Light),Neutral,Reduplication,suppoɾi,3,5,5,3,8,5,388.9,3.44,5,2675.7,5.58,6,mh,5,#FFFFFF,100.0,-0.0,0.0,"Reflecting unvoiced plosives and fricatives for a vector configuration of Weight 3, Time 5, and Flow 3.",,5,5,5,8,COMPOUND(複合・異種)
すつく,sutsuku,Manner or sound of すつく: 「すつく」という感覚・音・ condition/stateを表す expression.,Psychomime (State/Manner),Dynamics,Neutral,Unvoiced (Light),Neutral,Reduplication,sutsuku,3,5,5,5,7,5,402.3,3.52,5,2316.6,5.34,6,mh,5,#4B0082,20.5,51.7,-53.3,"Reflecting unvoiced plosives and fricatives for a vector configuration of Weight 3, Time 5, and Flow 5.",,5,5,0,8,COMPOUND(複合・異種)
すば,suba,Manner or sound of すば: 「すば」という感覚・音・ condition/stateを表す expression.,Psychomime (State/Manner),Dynamics,Neutral,Unvoiced (Light),Neutral,Reduplication,suba,4,5,5,3,7,5,351.6,3.18,5,4817.6,6.58,6,mh,5,#FFFFFF,100.0,-0.0,0.0,"Reflecting voiced consonants and fricatives for a vector configuration of Weight 4, Time 5, and Flow 3.",,5,5,0,8,COMPOUND(複合・異種)
すぱすば,supasuba,Manner or sound of すぱすば: 「すぱすば」という感覚・音・ condition/stateを表す expression.,Psychomime (State/Manner),Dynamics,Neutral,Unvoiced (Light),Neutral,Reduplication,supasuba,3,6,5,3,7,4,585.7,4.47,6,6395.0,7.06,5,mh,5,#FFFFFF,100.0,-0.0,0.0,"Reflecting voiced consonants and unvoiced plosives for a vector configuration of Weight 3, Time 6, and Flow 3.",,5,5,0,8,COMPOUND(複合・異種)
すぱっ,supat,Manner or sound of すぱっ: 「すぱ」とする actionや phenomenonが瞬間的・急激に行われる音や state/manner.,Psychomime (State/Manner),Dynamics,Neutral,Unvoiced (Light),Neutral,Reduplication,supaʔ,3,8,7,6,6,3,749.2,5.10,8,9404.7,7.72,7,mh,5,#FFFFFF,100.0,-0.0,0.0,"Reflecting unvoiced plosives and fricatives for a vector configuration of Weight 3, Time 8, and Flow 6.",,2,5,0,0,Q(促音単発)
すぽすば,suposuba,Manner or sound of すぽすば: 「すぽすば」という感覚・音・ condition/stateを表す expression.,Psychomime (State/Manner),Dynamics,Neutral,Unvoiced (Light),Neutral,Reduplication,suposuba,3,5,5,3,8,5,367.1,3.29,5,5324.9,6.75,5,mh,5,#FFFFFF,100.0,-0.0,0.0,"Reflecting voiced consonants and unvoiced plosives for a vector configuration of Weight 3, Time 5, and Flow 3.",,5,5,0,8,COMPOUND(複合・異種)
すぽっすぽっ,supotsupot,Manner or sound of すぽっすぽっ: 「すぽっすぽ」とする actionや phenomenonが瞬間的・急激に行われる音や state/manner.,Psychomime (State/Manner),Dynamics,Neutral,Unvoiced (Light),Neutral,Reduplication,supossupoʔ,3,6,5,5,8,4,478.0,3.96,6,5610.9,6.84,6,0,4,#FFFFFF,100.0,-0.0,0.0,"Reflecting unvoiced plosives and fricatives for a vector configuration of Weight 3, Time 6, and Flow 5.",,4,5,5,1,REDUP(畳語・同一)
すぽり,supori,Manner or sound of すぽり: 「すぽ」と一度だけ鮮やかに、あるいは滑らかに行われる action・ condition/state。,Psychomime (State/Manner),Dynamics,Neutral,Unvoiced (Light),Neutral,Reduplication,supoɾi,2,6,6,4,8,4,512.2,4.14,5,3993.3,6.26,5,mh,5,#FFFFFF,100.0,-0.0,0.0,"Reflecting unvoiced plosives and fricatives for a vector configuration of Weight 2, Time 6, and Flow 4.",,4,6,0,0,RI(り単発)
すぽん,supon,Manner or sound of すぽん: 「すぽ」と響き渡る音、 or 余韻や弾力を伴う condition/state。,Psychomime (State/Manner),Dynamics,Neutral,Unvoiced (Light),Neutral,Reduplication,supoŋ,3,6,7,4,6,5,496.6,4.06,6,5041.1,6.66,6,0,4,#FFDAB9,89.4,8.1,21.0,"Reflecting unvoiced plosives and fricatives for a vector configuration of Weight 3, Time 6, and Flow 4.",,3,6,5,0,N(撥音単発)
すらっ,surat,Manner or sound of すらっ: 「すら」とする actionや phenomenonが瞬間的・急激に行われる音や state/manner.,Psychomime (State/Manner),Dynamics,Neutral,Unvoiced (Light),Neutral,Reduplication,suɾaʔ,3,7,6,4,7,3,586.6,4.48,7,7859.3,7.41,6,0,4,#000000,0.0,0.0,0.0,"Reflecting fricatives and flap consonant /ɾ/ for a vector configuration of Weight 3, Time 7, and Flow 4.",,2,5,0,0,Q(促音単発)
すらりすらり,surarisurari,Manner or sound of すらりすらり: 「すらりすら」と一度だけ鮮やかに、あるいは滑らかに行われる action・ condition/state。,Psychomime (State/Manner),Dynamics,Neutral,Unvoiced (Light),Neutral,Reduplication,suɾaɾisuɾaɾi,2,5,4,2,9,3,583.5,4.47,4,3454.1,6.02,4,0,4,#F0FFFF,98.9,-4.9,-1.7,"Reflecting fricatives and flap consonant /ɾ/ for a vector configuration of Weight 2, Time 5, and Flow 2.",,4,5,5,1,REDUP(畳語・同一)
するするするっ,surusurusurut,Manner or sound of するするするっ: 「するするする」とする actionや phenomenonが瞬間的・急激に行われる音や state/manner.,Psychomime (State/Manner),Dynamics,Neutral,Unvoiced (Light),Neutral,Reduplication,suɾusuɾusuɾuʔ,3,6,5,4,7,4,548.9,4.31,6,5665.6,6.86,6,0,4,#FFFFFF,100.0,-0.0,0.0,"Reflecting fricatives and flap consonant /ɾ/ for a vector configuration of Weight 3, Time 6, and Flow 4.",,3,5,0,0,Q(促音単発)
するするっ,surusurut,Manner or sound of するするっ: 「するする」とする actionや phenomenonが瞬間的・急激に行われる音や state/manner.,Psychomime (State/Manner),Dynamics,Neutral,Unvoiced (Light),Neutral,Reduplication,suɾusuɾuʔ,3,7,6,5,7,3,551.6,4.32,6,6296.2,7.04,6,0,4,#FFFFFF,100.0,-0.0,0.0,"Reflecting fricatives and flap consonant /ɾ/ for a vector configuration of Weight 3, Time 7, and Flow 5.",,3,5,0,0,Q(促音単発)
するっ,surut,Manner or sound of するっ: 「する」とする actionや phenomenonが瞬間的・急激に行われる音や state/manner.,Psychomime (State/Manner),Dynamics,Neutral,Unvoiced (Light),Neutral,Reduplication,suɾuʔ,3,7,6,6,7,3,561.6,4.37,7,7291.2,7.29,6,0,4,#FFFFFF,100.0,-0.0,0.0,"Reflecting fricatives and flap consonant /ɾ/ for a vector configuration of Weight 3, Time 7, and Flow 6.",,3,5,0,0,Q(促音単発)
するり,sururi,Manner or sound of するり: 「する」と一度だけ鮮やかに、あるいは滑らかに行われる action・ condition/state。,Psychomime (State/Manner),Dynamics,Neutral,Unvoiced (Light),Neutral,Reduplication,suɾuɾi,2,5,6,3,8,4,484.2,3.99,5,3200.7,5.89,5,mh,5,#FFFFFF,100.0,-0.0,0.0,"Reflecting fricatives and flap consonant /ɾ/ for a vector configuration of Weight 2, Time 5, and Flow 3.",,4,6,0,0,RI(り単発)
すんすん,sunsun,Manner or sound of すんすん: 「すんす」と響き渡る音、 or 余韻や弾力を伴う condition/state。,Psychomime (State/Manner),Dynamics,Neutral,Unvoiced (Light),Neutral,Reduplication,suŋsuŋ,4,6,6,4,6,4,467.4,3.90,4,6398.8,7.06,6,0,4,#2F4F4F,31.3,-11.7,-3.7,"Reflecting fricatives and nasal resonance for a vector configuration of Weight 4, Time 6, and Flow 4.",,4,5,5,1,REDUP(畳語・同一)
すトン,suトン,Manner or sound of すトン: 「すトン」という感覚・音・ condition/stateを表す expression.,Psychomime (State/Manner),Dynamics,Neutral,Unvoiced (Light),Neutral,Reduplication,suトŋ,3,5,5,4,7,4,434.3,3.72,5,3726.6,6.15,6,mh,5,#FFFFFF,100.0,-0.0,0.0,"Reflecting fricatives and nasal resonance for a vector configuration of Weight 3, Time 5, and Flow 4.",,5,5,0,8,COMPOUND(複合・異種)
すトンすとん,suトンsuton,Manner or sound of すトンすとん: 「すトンすと」と響き渡る音、 or 余韻や弾力を伴う condition/state。,Psychomime (State/Manner),Dynamics,Neutral,Unvoiced (Light),Neutral,Reduplication,suトŋsutoŋ,3,5,6,4,6,5,323.4,2.97,5,2959.0,5.75,6,0,4,#696969,44.4,-0.0,0.0,"Reflecting unvoiced plosives and fricatives for a vector configuration of Weight 3, Time 5, and Flow 4.",,5,5,5,8,COMPOUND(複合・異種)
すーすー,su-su-,Manner or sound of すーすー: 「すー」という音や condition/stateが繰り返し連続して生じる manner.,Psychomime (State/Manner),Dynamics,Neutral,Unvoiced (Light),Neutral,Reduplication,suːsuː,3,3,4,3,7,4,711.7,4.97,2,4701.1,6.54,5,mh,5,#9F7C63,54.7,10.0,18.9,"Reflecting fricatives and long vowel extension for a vector configuration of Weight 3, Time 3, and Flow 3.",,4,5,5,1,REDUP(畳語・同一)
すーっ,su-t,Manner or sound of すーっ: 「すー」とする actionや phenomenonが瞬間的・急激に行われる音や state/manner.,Psychomime (State/Manner),Dynamics,Neutral,Unvoiced (Light),Neutral,Reduplication,suːʔ,3,5,6,5,7,3,875.8,5.49,4,7404.1,7.31,6,mh,5,#F0FFFF,98.9,-4.9,-1.7,"Reflecting fricatives and geminate sokuon (sudden onset) for a vector configuration of Weight 3, Time 5, and Flow 5.",,2,6,5,0,LONG(長音ー)
すーはー,su-ha-,Manner or sound of すーはー: 音が長く尾を引いて持続する音や condition/state。,Psychomime (State/Manner),Dynamics,Neutral,Unvoiced (Light),Neutral,Reduplication,suːhaː,3,3,5,3,8,4,1050.8,5.95,1,6518.7,7.10,5,mh,5,#FFD700,86.9,-1.9,87.1,"Reflecting fricatives and long vowel extension for a vector configuration of Weight 3, Time 3, and Flow 3.",,2,7,5,0,LONG(長音ー)
ずきっ,zukit,Manner or sound of ずきっ: 「ずき」とする actionや phenomenonが瞬間的・急激に行われる音や state/manner.,Psychomime (State/Manner),Dynamics,Neutral,Unvoiced (Light),Neutral,Reduplication,zukiʔ,5,8,7,7,5,3,704.9,4.94,8,8999.0,7.64,8,mh,5,#FF0000,53.2,80.1,67.2,"Reflecting voiced consonants and unvoiced plosives for a vector configuration of Weight 5, Time 8, and Flow 7.",,2,5,0,0,Q(促音単発)
ずきん,zukin,Manner or sound of ずきん: 「ずき」と響き渡る音、 or 余韻や弾力を伴う condition/state。,Psychomime (State/Manner),Dynamics,Neutral,Unvoiced (Light),Neutral,Reduplication,zukiŋ,5,6,8,6,4,4,670.6,4.82,6,6371.8,7.06,7,0,4,#FF0000,53.2,80.1,67.2,"Reflecting voiced consonants and unvoiced plosives for a vector configuration of Weight 5, Time 6, and Flow 6.",,3,6,5,0,N(撥音単発)
ずきんずきん,zukinzukin,Manner or sound of ずきんずきん: 「ずきんずき」と響き渡る音、 or 余韻や弾力を伴う condition/state。,Psychomime (State/Manner),Dynamics,Neutral,Unvoiced (Light),Neutral,Reduplication,zukiŋzukiŋ,5,6,7,5,4,4,657.0,4.77,4,6824.8,7.17,7,mh,5,#FF0000,53.2,80.1,67.2,"Reflecting voiced consonants and unvoiced plosives for a vector configuration of Weight 5, Time 6, and Flow 5.",,4,5,5,1,REDUP(畳語・同一)
ずしずし,zushizushi,Manner or sound of ずしずし: 「ずし」という音や condition/stateが繰り返し連続して生じる manner.,Psychomime (State/Manner),Dynamics,Neutral,Unvoiced (Light),Neutral,Reduplication,zuɕizuɕi,5,5,5,6,5,5,515.0,4.15,4,5454.6,6.79,7,0,4,#000000,0.0,0.0,0.0,"Reflecting voiced consonants and fricatives for a vector configuration of Weight 5, Time 5, and Flow 6.",,4,5,5,1,REDUP(畳語・同一)
ずしり,zushiri,Manner or sound of ずしり: 「ずし」と一度だけ鮮やかに、あるいは滑らかに行われる action・ condition/state。,Psychomime (State/Manner),Dynamics,Neutral,Unvoiced (Light),Neutral,Reduplication,zuɕiɾi,4,6,6,5,6,4,546.4,4.30,5,4623.5,6.51,6,mh,5,#FFFFFF,100.0,-0.0,0.0,"Reflecting voiced consonants and fricatives for a vector configuration of Weight 4, Time 6, and Flow 5.",,4,6,0,0,RI(り単発)
ずしん,zushin,Manner or sound of ずしん: 「ずし」と響き渡る音、 or 余韻や弾力を伴う condition/state。,Psychomime (State/Manner),Dynamics,Neutral,Unvoiced (Light),Neutral,Reduplication,zuɕiŋ,5,6,7,6,4,5,545.6,4.30,6,5385.2,6.77,7,mc,3,#808080,53.6,-0.0,0.0,"Reflecting voiced consonants and fricatives for a vector configuration of Weight 5, Time 6, and Flow 6.",,3,6,5,0,N(撥音単発)
ずしんずしん,zushinzushin,Manner or sound of ずしんずしん: 「ずしんずし」と響き渡る音、 or 余韻や弾力を伴う condition/state。,Psychomime (State/Manner),Dynamics,Neutral,Unvoiced (Light),Neutral,Reduplication,zuɕiŋzuɕiŋ,5,5,6,6,4,5,478.9,3.96,4,5454.7,6.79,7,mc,3,#000000,0.0,0.0,0.0,"Reflecting voiced consonants and fricatives for a vector configuration of Weight 5, Time 5, and Flow 6.",,4,5,5,1,REDUP(畳語・同一)
ずずーん,zuzu-n,Manner or sound of ずずーん: 「ずずー」と響き渡る音、 or 余韻や弾力を伴う condition/state。,Psychomime (State/Manner),Dynamics,Neutral,Unvoiced (Light),Neutral,Reduplication,zuzuːŋ,5,3,6,5,5,5,623.9,4.63,2,5908.3,6.93,7,0,4,#000000,0.0,0.0,0.0,"Reflecting voiced consonants and nasal resonance for a vector configuration of Weight 5, Time 3, and Flow 5.",,3,7,5,0,LONG(長音ー)
ずだずだ,zudazuda,Manner or sound of ずだずだ: 「ずだ」という音や condition/stateが繰り返し連続して生じる manner.,Psychomime (State/Manner),Dynamics,Neutral,Unvoiced (Light),Neutral,Reduplication,zudazuda,6,4,4,5,6,6,226.1,2.07,3,4035.8,6.28,7,0,4,#808080,53.6,-0.0,0.0,"Reflecting voiced consonants for a vector configuration of Weight 6, Time 4, and Flow 5.",,4,5,5,1,REDUP(畳語・同一)
ずっぷり,zutpuri,Manner or sound of ずっぷり: 「ずっぷ」と一度だけ鮮やかに、あるいは滑らかに行われる action・ condition/state。,Psychomime (State/Manner),Dynamics,Neutral,Unvoiced (Light),Neutral,Reduplication,zuppuɾi,5,4,5,5,7,6,256.8,2.39,5,2398.3,5.40,7,mh,5,#4B3621,24.5,6.4,16.8,"Reflecting voiced consonants and unvoiced plosives for a vector configuration of Weight 5, Time 4, and Flow 5.",,5,5,5,8,COMPOUND(複合・異種)
ずでん,zuden,Manner or sound of ずでん: 「ずで」と響き渡る音、 or 余韻や弾力を伴う condition/state。,Psychomime (State/Manner),Dynamics,Neutral,Unvoiced (Light),Neutral,Reduplication,zudeŋ,6,6,7,6,4,5,350.9,3.18,6,4301.9,6.39,7,mc,3,#000000,0.0,0.0,0.0,"Reflecting voiced consonants and nasal resonance for a vector configuration of Weight 6, Time 6, and Flow 6.",,3,6,5,0,N(撥音単発)
ずでんど,zudendo,Manner or sound of ずでんど: 「ずでんど」という感覚・音・ condition/stateを表す expression.,Psychomime (State/Manner),Dynamics,Neutral,Unvoiced (Light),Neutral,Reduplication,zudendo,7,4,5,6,5,6,100.0,0.00,5,4869.8,6.60,8,0,4,#BDB76B,73.4,-8.8,39.3,"Reflecting voiced consonants and nasal resonance for a vector configuration of Weight 7, Time 4, and Flow 6.",,5,5,5,8,COMPOUND(複合・異種)
ずどん,zudon,Manner or sound of ずどん: 「ずど」と響き渡る音、 or 余韻や弾力を伴う condition/state。,Psychomime (State/Manner),Dynamics,Neutral,Unvoiced (Light),Neutral,Reduplication,zudoŋ,6,6,7,6,4,5,286.5,2.66,6,6093.8,6.98,8,0,4,#808080,53.6,-0.0,0.0,"Reflecting voiced consonants and nasal resonance for a vector configuration of Weight 6, Time 6, and Flow 6.",,3,6,5,0,N(撥音単発)
ずどーん,zudo-n,Manner or sound of ずどーん: 「ずどー」と響き渡る音、 or 余韻や弾力を伴う condition/state。,Psychomime (State/Manner),Dynamics,Neutral,Unvoiced (Light),Neutral,Reduplication,zudoːŋ,5,4,6,5,5,5,621.2,4.62,2,6980.4,7.21,6,0,4,#956D6A,49.9,15.5,7.9,"Reflecting voiced consonants and nasal resonance for a vector configuration of Weight 5, Time 4, and Flow 5.",,3,7,5,0,LONG(長音ー)
ずばっ,zubat,Manner or sound of ずばっ: 「ずば」とする actionや phenomenonが瞬間的・急激に行われる音や state/manner.,Psychomime (State/Manner),Dynamics,Neutral,Unvoiced (Light),Neutral,Reduplication,zubaʔ,6,8,7,6,5,4,440.7,3.75,8,9302.8,7.70,8,mh,5,#FF0000,53.2,80.1,67.2,"Reflecting voiced consonants and geminate sokuon (sudden onset) for a vector configuration of Weight 6, Time 8, and Flow 6.",,2,5,0,0,Q(促音単発)
ずばり,zubari,Manner or sound of ずばり: 「ずば」と一度だけ鮮やかに、あるいは滑らかに行われる action・ condition/state。,Psychomime (State/Manner),Dynamics,Neutral,Unvoiced (Light),Neutral,Reduplication,zubaɾi,4,6,6,4,7,5,394.1,3.47,6,5106.4,6.68,7,mh,5,#FFFFFF,100.0,-0.0,0.0,"Reflecting voiced consonants and flap consonant /ɾ/ for a vector configuration of Weight 4, Time 6, and Flow 4.",,4,6,0,0,RI(り単発)
ずぶずぶ,zubuzubu,Manner or sound of ずぶずぶ: 「ずぶ」という音や condition/stateが繰り返し連続して生じる manner.,Psychomime (State/Manner),Dynamics,Neutral,Unvoiced (Light),Neutral,Reduplication,zubuzubu,6,4,4,5,6,7,149.4,1.02,4,5371.8,6.77,8,mc,3,#FF0000,53.2,80.1,67.2,"Reflecting voiced consonants for a vector configuration of Weight 6, Time 4, and Flow 5.",,4,5,5,1,REDUP(畳語・同一)
ずぶり,zuburi,Manner or sound of ずぶり: 「ずぶ」と一度だけ鮮やかに、あるいは滑らかに行われる action・ condition/state。,Psychomime (State/Manner),Dynamics,Neutral,Unvoiced (Light),Neutral,Reduplication,zubuɾi,4,6,6,5,7,5,307.4,2.84,5,4487.5,6.46,7,0,4,#FFFFFF,100.0,-0.0,0.0,"Reflecting voiced consonants and flap consonant /ɾ/ for a vector configuration of Weight 4, Time 6, and Flow 5.",,4,6,0,0,RI(り単発)
ずぼずぼ,zubozubo,Manner or sound of ずぼずぼ: 「ずぼ」という音や condition/stateが繰り返し連続して生じる manner.,Psychomime (State/Manner),Dynamics,Neutral,Unvoiced (Light),Neutral,Reduplication,zubozubo,6,4,4,5,5,6,142.9,0.90,4,4159.7,6.33,7,mc,3,#FF0000,53.2,80.1,67.2,"Reflecting voiced consonants for a vector configuration of Weight 6, Time 4, and Flow 5.",,4,5,5,1,REDUP(畳語・同一)
ずぼっ,zubot,Manner or sound of ずぼっ: 「ずぼ」とする actionや phenomenonが瞬間的・急激に行われる音や state/manner.,Psychomime (State/Manner),Dynamics,Neutral,Unvoiced (Light),Neutral,Reduplication,zuboʔ,5,7,7,7,5,4,395.8,3.48,7,7901.3,7.42,8,0,4,#000000,0.0,0.0,0.0,"Reflecting voiced consonants and geminate sokuon (sudden onset) for a vector configuration of Weight 5, Time 7, and Flow 7.",,2,5,0,0,Q(促音単発)
ずぼり,zubori,Manner or sound of ずぼり: 「ずぼ」と一度だけ鮮やかに、あるいは滑らかに行われる action・ condition/state。,Psychomime (State/Manner),Dynamics,Neutral,Unvoiced (Light),Neutral,Reduplication,zuboɾi,4,5,6,5,7,4,353.0,3.19,5,4242.6,6.37,6,mh,5,#FFFFFF,100.0,-0.0,0.0,"Reflecting voiced consonants and flap consonant /ɾ/ for a vector configuration of Weight 4, Time 5, and Flow 5.",,4,6,0,0,RI(り単発)
ずぼん,zubon,Manner or sound of ずぼん: 「ずぼ」と響き渡る音、 or 余韻や弾力を伴う condition/state。,Psychomime (State/Manner),Dynamics,Neutral,Unvoiced (Light),Neutral,Reduplication,zuboŋ,6,6,7,6,5,5,302.8,2.80,6,5583.6,6.83,7,mc,3,#808080,53.6,-0.0,0.0,"Reflecting voiced consonants and nasal resonance for a vector configuration of Weight 6, Time 6, and Flow 6.",,3,6,5,0,N(撥音単発)
ずらずら,zurazura,Manner or sound of ずらずら: 「ずら」という音や condition/stateが繰り返し連続して生じる manner.,Psychomime (State/Manner),Dynamics,Neutral,Unvoiced (Light),Neutral,Reduplication,zuɾazuɾa,5,4,3,3,7,4,282.1,2.63,3,4159.4,6.33,5,0,4,#556B2F,42.2,-18.8,30.6,"Reflecting voiced consonants and flap consonant /ɾ/ for a vector configuration of Weight 5, Time 4, and Flow 3.",,4,5,5,1,REDUP(畳語・同一)
ずらり,zurari,Manner or sound of ずらり: 「ずら」と一度だけ鮮やかに、あるいは滑らかに行われる action・ condition/state。,Psychomime (State/Manner),Dynamics,Neutral,Unvoiced (Light),Neutral,Reduplication,zuɾaɾi,3,5,5,4,8,4,398.6,3.50,5,3395.5,5.99,5,mh,5,#FFFFFF,100.0,-0.0,0.0,"Reflecting voiced consonants and flap consonant /ɾ/ for a vector configuration of Weight 3, Time 5, and Flow 4.",,4,6,0,0,RI(り単発)
ずるずるべったり,zuruzurubettari,Manner or sound of ずるずるべったり: 「ずるずるべった」と一度だけ鮮やかに、あるいは滑らかに行われる action・ condition/state。,Psychomime (State/Manner),Dynamics,Neutral,Unvoiced (Light),Neutral,Reduplication,zuɾuzuɾubettaɾi,5,4,4,5,6,6,177.4,1.45,5,2276.4,5.31,7,0,4,#556B2F,42.2,-18.8,30.6,"Reflecting voiced consonants and unvoiced plosives for a vector configuration of Weight 5, Time 4, and Flow 5.",,5,5,5,8,COMPOUND(複合・異種)
ずるっ,zurut,Manner or sound of ずるっ: 「ずる」とする actionや phenomenonが瞬間的・急激に行われる音や state/manner.,Psychomime (State/Manner),Dynamics,Neutral,Unvoiced (Light),Neutral,Reduplication,zuɾuʔ,5,7,6,7,6,4,442.6,3.77,7,7180.6,7.26,8,0,4,#556B2F,42.2,-18.8,30.6,"Reflecting voiced consonants and flap consonant /ɾ/ for a vector configuration of Weight 5, Time 7, and Flow 7.",,3,5,0,0,Q(促音単発)
ずるり,zururi,Manner or sound of ずるり: 「ずる」と一度だけ鮮やかに、あるいは滑らかに行われる action・ condition/state。,Psychomime (State/Manner),Dynamics,Neutral,Unvoiced (Light),Neutral,Reduplication,zuɾuɾi,4,5,5,5,7,5,378.5,3.37,5,3180.1,5.88,6,0,4,#556B2F,42.2,-18.8,30.6,"Reflecting voiced consonants and flap consonant /ɾ/ for a vector configuration of Weight 4, Time 5, and Flow 5.",,4,6,0,0,RI(り単発)
ずるりずるり,zururizururi,Manner or sound of ずるりずるり: 「ずるりずる」と一度だけ鮮やかに、あるいは滑らかに行われる action・ condition/state。,Psychomime (State/Manner),Dynamics,Neutral,Unvoiced (Light),Neutral,Reduplication,zuɾuɾizuɾuɾi,4,4,5,5,7,5,381.4,3.39,4,3202.0,5.89,6,0,4,#556B2F,42.2,-18.8,30.6,"Reflecting voiced consonants and flap consonant /ɾ/ for a vector configuration of Weight 4, Time 4, and Flow 5.",,4,5,5,1,REDUP(畳語・同一)
ずん,zun,Manner or sound of ずん: 「ず」と響き渡る音、 or 余韻や弾力を伴う condition/state。,Psychomime (State/Manner),Dynamics,Neutral,Unvoiced (Light),Neutral,Reduplication,zuŋ,5,6,7,6,4,5,377.9,3.37,6,5015.2,6.65,7,0,4,#000000,0.0,0.0,0.0,"Reflecting voiced consonants and nasal resonance for a vector configuration of Weight 5, Time 6, and Flow 6.",,3,6,5,0,N(撥音単発)
ずんぐりむっくり,zungurimutkuri,Manner or sound of ずんぐりむっくり: 「ずんぐりむっく」と一度だけ鮮やかに、あるいは滑らかに行われる action・ condition/state。,Psychomime (State/Manner),Dynamics,Neutral,Unvoiced (Light),Neutral,Reduplication,zuŋɡuɾimukkuɾi,5,5,6,5,6,5,196.6,1.71,6,1908.6,5.01,7,mh,5,#4B3621,24.5,6.4,16.8,"Reflecting voiced consonants and unvoiced plosives for a vector configuration of Weight 5, Time 5, and Flow 5.",,5,5,5,8,COMPOUND(複合・異種)
ずーずー,zu-zu-,Manner or sound of ずーずー: 「ずー」という音や condition/stateが繰り返し連続して生じる manner.,Psychomime (State/Manner),Dynamics,Neutral,Unvoiced (Light),Neutral,Reduplication,zuːzuː,5,3,5,4,6,5,503.1,4.09,1,4624.8,6.51,6,0,4,#8B0000,28.1,51.0,41.3,"Reflecting voiced consonants and long vowel extension for a vector configuration of Weight 5, Time 3, and Flow 4.",,4,5,5,1,REDUP(畳語・同一)
ずーっ,zu-t,Manner or sound of ずーっ: 「ずー」とする actionや phenomenonが瞬間的・急激に行われる音や state/manner.,Psychomime (State/Manner),Dynamics,Neutral,Unvoiced (Light),Neutral,Reduplication,zuːʔ,5,4,6,6,6,4,780.2,5.20,4,7397.3,7.31,7,0,4,#F0FFFF,98.9,-4.9,-1.7,"Reflecting voiced consonants and geminate sokuon (sudden onset) for a vector configuration of Weight 5, Time 4, and Flow 6.",,2,7,5,0,LONG(長音ー)
せっせ,setse,Manner or sound of せっせ: 「せっせ」という感覚・音・ condition/stateを表す expression.,Psychomime (State/Manner),Dynamics,Neutral,Unvoiced (Light),Neutral,Reduplication,sesse,4,6,6,6,6,4,600.5,4.54,6,5496.3,6.81,6,0,4,#DAA520,70.8,8.5,68.8,"Reflecting fricatives and geminate sokuon (sudden onset) for a vector configuration of Weight 4, Time 6, and Flow 6.",,5,5,0,8,COMPOUND(複合・異種)
せーせー,se-se-,Manner or sound of せーせー: 「せー」という音や condition/stateが繰り返し連続して生じる manner.,Psychomime (State/Manner),Dynamics,Neutral,Unvoiced (Light),Neutral,Reduplication,seːseː,4,4,4,5,7,4,713.6,4.97,2,4803.8,6.58,5,0,4,#FF8C00,69.5,36.8,75.5,"Reflecting fricatives and long vowel extension for a vector configuration of Weight 4, Time 4, and Flow 5.",,4,5,5,1,REDUP(畳語・同一)
ぜーぜー,ze-ze-,Manner or sound of ぜーぜー: 「ぜー」という音や condition/stateが繰り返し連続して生じる manner.,Psychomime (State/Manner),Dynamics,Neutral,Unvoiced (Light),Neutral,Reduplication,zeːzeː,5,3,4,4,6,5,485.6,4.00,2,5083.5,6.67,6,0,4,#97744C,51.4,8.5,27.3,"Reflecting voiced consonants and long vowel extension for a vector configuration of Weight 5, Time 3, and Flow 4.",,4,5,5,1,REDUP(畳語・同一)
そっ,sot,Manner or sound of そっ: 「そ」とする actionや phenomenonが瞬間的・急激に行われる音や state/manner.,Psychomime (State/Manner),Dynamics,Neutral,Unvoiced (Light),Neutral,Reduplication,soʔ,4,8,7,7,6,3,649.3,4.74,8,7631.8,7.36,7,0,4,#000000,0.0,0.0,0.0,"Reflecting fricatives and geminate sokuon (sudden onset) for a vector configuration of Weight 4, Time 8, and Flow 7.",,2,5,0,0,Q(促音単発)
そよ,soyo,Manner or sound of そよ: 「そよ」という感覚・音・ condition/stateを表す expression.,Psychomime (State/Manner),Dynamics,Neutral,Unvoiced (Light),Neutral,Reduplication,sojo,3,4,4,4,7,5,412.0,3.58,4,1884.9,4.99,5,0,4,#F0FFF0,98.6,-7.6,5.5,"Reflecting fricatives for a vector configuration of Weight 3, Time 4, and Flow 4.",,5,5,0,8,COMPOUND(複合・異種)
そより,soyori,Manner or sound of そより: 「そよ」と一度だけ鮮やかに、あるいは滑らかに行われる action・ condition/state。,Psychomime (State/Manner),Dynamics,Neutral,Unvoiced (Light),Neutral,Reduplication,sojoɾi,2,5,5,4,8,4,518.4,4.17,5,2883.9,5.71,5,mh,5,#FFFFFF,100.0,-0.0,0.0,"Reflecting fricatives and flap consonant /ɾ/ for a vector configuration of Weight 2, Time 5, and Flow 4.",,4,6,0,0,RI(り単発)
そよりそより,soyorisoyori,Manner or sound of そよりそより: 「そよりそよ」と一度だけ鮮やかに、あるいは滑らかに行われる action・ condition/state。,Psychomime (State/Manner),Dynamics,Neutral,Unvoiced (Light),Neutral,Reduplication,sojoɾisojoɾi,2,4,4,4,8,4,612.6,4.59,4,2721.7,5.61,5,0,4,#F0FFF0,98.6,-7.6,5.5,"Reflecting fricatives and flap consonant /ɾ/ for a vector configuration of Weight 2, Time 4, and Flow 4.",,4,5,5,1,REDUP(畳語・同一)
そろっ,sorot,Manner or sound of そろっ: 「そろ」とする actionや phenomenonが瞬間的・急激に行われる音や state/manner.,Psychomime (State/Manner),Dynamics,Neutral,Unvoiced (Light),Neutral,Reduplication,soɾoʔ,4,7,6,6,7,3,577.6,4.44,7,6242.4,7.02,6,0,4,#000000,0.0,0.0,0.0,"Reflecting fricatives and flap consonant /ɾ/ for a vector configuration of Weight 4, Time 7, and Flow 6.",,2,5,0,0,Q(促音単発)
そろりそろり,sororisorori,Manner or sound of そろりそろり: 「そろりそろ」と一度だけ鮮やかに、あるいは滑らかに行われる action・ condition/state。,Psychomime (State/Manner),Dynamics,Neutral,Unvoiced (Light),Neutral,Reduplication,soɾoɾisoɾoɾi,2,5,4,4,8,4,648.9,4.73,4,2448.2,5.43,5,0,4,#FFFFFF,100.0,-0.0,0.0,"Reflecting fricatives and flap consonant /ɾ/ for a vector configuration of Weight 2, Time 5, and Flow 4.",,4,5,5,1,REDUP(畳語・同一)
そろーり,soro-ri,Manner or sound of そろーり: 「そろー」と一度だけ鮮やかに、あるいは滑らかに行われる action・ condition/state。,Psychomime (State/Manner),Dynamics,Neutral,Unvoiced (Light),Neutral,Reduplication,soɾoːɾi,2,5,5,4,8,4,563.1,4.37,5,2687.2,5.59,5,mh,5,#FFFFFF,100.0,-0.0,0.0,"Reflecting fricatives and flap consonant /ɾ/ for a vector configuration of Weight 2, Time 5, and Flow 4.",,4,6,0,0,RI(り単発)
ぞくぞくっ,zokuzokut,Manner or sound of ぞくぞくっ: 「ぞくぞく」とする actionや phenomenonが瞬間的・急激に行われる音や state/manner.,Psychomime (State/Manner),Dynamics,Neutral,Unvoiced (Light),Neutral,Reduplication,zokuzokuʔ,5,7,6,8,5,3,377.7,3.36,7,8363.2,7.52,7,mc,3,#000000,0.0,0.0,0.0,"Reflecting voiced consonants and unvoiced plosives for a vector configuration of Weight 5, Time 7, and Flow 8.",,3,5,0,0,Q(促音単発)
ぞくっ,zokut,Manner or sound of ぞくっ: 「ぞく」とする actionや phenomenonが瞬間的・急激に行われる音や state/manner.,Psychomime (State/Manner),Dynamics,Neutral,Unvoiced (Light),Neutral,Reduplication,zokuʔ,5,8,7,7,5,3,428.7,3.68,8,8554.2,7.56,7,0,4,#000000,0.0,0.0,0.0,"Reflecting voiced consonants and unvoiced plosives for a vector configuration of Weight 5, Time 8, and Flow 7.",,2,5,0,0,Q(促音単発)
ぞろり,zorori,Manner or sound of ぞろり: 「ぞろ」と一度だけ鮮やかに、あるいは滑らかに行われる action・ condition/state。,Psychomime (State/Manner),Dynamics,Neutral,Unvoiced (Light),Neutral,Reduplication,zoɾoɾi,3,5,5,4,8,4,422.8,3.65,5,3817.5,6.19,6,0,4,#FFFFFF,100.0,-0.0,0.0,"Reflecting voiced consonants and flap consonant /ɾ/ for a vector configuration of Weight 3, Time 5, and Flow 4.",,4,6,0,0,RI(り単発)
ぞわり,zowari,Manner or sound of ぞわり: 「ぞわ」と一度だけ鮮やかに、あるいは滑らかに行われる action・ condition/state。,Psychomime (State/Manner),Dynamics,Neutral,Unvoiced (Light),Neutral,Reduplication,zowaɾi,3,6,5,4,7,4,393.8,3.47,5,5274.7,6.74,6,mh,5,#FFFFFF,100.0,-0.0,0.0,"Reflecting voiced consonants and flap consonant /ɾ/ for a vector configuration of Weight 3, Time 6, and Flow 4.",,4,6,0,0,RI(り単発)
ぞーっ,zo-t,Manner or sound of ぞーっ: 「ぞー」とする actionや phenomenonが瞬間的・急激に行われる音や state/manner.,Psychomime (State/Manner),Dynamics,Neutral,Unvoiced (Light),Neutral,Reduplication,zoːʔ,4,4,6,6,6,3,731.6,5.04,5,7759.9,7.39,6,0,4,#F0FFFF,98.9,-4.9,-1.7,"Reflecting voiced consonants and geminate sokuon (sudden onset) for a vector configuration of Weight 4, Time 4, and Flow 6.",,2,6,5,0,LONG(長音ー)
たたっ,tatat,Manner or sound of たたっ: 「たた」とする actionや phenomenonが瞬間的・急激に行われる音や state/manner.,Psychomime (State/Manner),Dynamics,Neutral,Unvoiced (Light),Neutral,Reduplication,tataʔ,5,8,6,6,5,4,485.8,4.00,8,8357.3,7.52,7,0,4,#000000,0.0,0.0,0.0,"Reflecting unvoiced plosives and geminate sokuon (sudden onset) for a vector configuration of Weight 5, Time 8, and Flow 6.",,2,5,0,0,Q(促音単発)
たたーっ,tata-t,Manner or sound of たたーっ: 「たたー」とする actionや phenomenonが瞬間的・急激に行われる音や state/manner.,Psychomime (State/Manner),Dynamics,Neutral,Unvoiced (Light),Neutral,Reduplication,tataːʔ,4,5,6,6,6,4,781.7,5.21,5,7218.2,7.27,6,0,4,#FF0000,53.2,80.1,67.2,"Reflecting unvoiced plosives and geminate sokuon (sudden onset) for a vector configuration of Weight 4, Time 5, and Flow 6.",,2,6,5,0,LONG(長音ー)
たったっ,tattat,Manner or sound of たったっ: 「たった」とする actionや phenomenonが瞬間的・急激に行われる音や state/manner.,Psychomime (State/Manner),Dynamics,Neutral,Unvoiced (Light),Neutral,Reduplication,tattaʔ,5,7,5,6,5,5,372.0,3.33,7,6579.9,7.11,7,0,4,#000000,0.0,0.0,0.0,"Reflecting unvoiced plosives and geminate sokuon (sudden onset) for a vector configuration of Weight 5, Time 7, and Flow 6.",,4,5,5,1,REDUP(畳語・同一)
たぷたぷ,taputapu,Manner or sound of たぷたぷ: 「たぷ」という音や condition/stateが繰り返し連続して生じる manner.,Psychomime (State/Manner),Dynamics,Neutral,Unvoiced (Light),Neutral,Reduplication,taputapu,4,5,4,5,7,6,366.2,3.29,5,3449.1,6.01,6,0,4,#FFD700,86.9,-1.9,87.1,"Reflecting unvoiced plosives for a vector configuration of Weight 4, Time 5, and Flow 5.",,4,5,5,1,REDUP(畳語・同一)
たぽたぽ,tapotapo,Manner or sound of たぽたぽ: 「たぽ」という音や condition/stateが繰り返し連続して生じる manner.,Psychomime (State/Manner),Dynamics,Neutral,Unvoiced (Light),Neutral,Reduplication,tapotapo,4,5,4,4,7,6,391.4,3.45,5,2864.8,5.70,6,0,4,#4169E1,47.8,26.3,-65.3,"Reflecting unvoiced plosives for a vector configuration of Weight 4, Time 5, and Flow 4.",,4,5,5,1,REDUP(畳語・同一)
たらっ,tarat,Manner or sound of たらっ: 「たら」とする actionや phenomenonが瞬間的・急激に行われる音や state/manner.,Psychomime (State/Manner),Dynamics,Neutral,Unvoiced (Light),Neutral,Reduplication,taɾaʔ,4,7,6,5,7,3,536.5,4.25,7,7543.8,7.34,7,0,4,#000000,0.0,0.0,0.0,"Reflecting unvoiced plosives and flap consonant /ɾ/ for a vector configuration of Weight 4, Time 7, and Flow 5.",,2,5,0,0,Q(促音単発)
たらり,tarari,Manner or sound of たらり: 「たら」と一度だけ鮮やかに、あるいは滑らかに行われる action・ condition/state。,Psychomime (State/Manner),Dynamics,Neutral,Unvoiced (Light),Neutral,Reduplication,taɾaɾi,3,6,5,3,8,4,465.1,3.89,5,3201.2,5.89,5,mh,5,#FFFFFF,100.0,-0.0,0.0,"Reflecting unvoiced plosives and flap consonant /ɾ/ for a vector configuration of Weight 3, Time 6, and Flow 3.",,4,6,0,0,RI(り単発)
たらりたらり,tararitarari,Manner or sound of たらりたらり: 「たらりたら」と一度だけ鮮やかに、あるいは滑らかに行われる action・ condition/state。,Psychomime (State/Manner),Dynamics,Neutral,Unvoiced (Light),Neutral,Reduplication,taɾaɾitaɾaɾi,3,5,4,3,8,4,483.5,3.99,5,3050.2,5.81,5,mh,5,#FFFFFF,100.0,-0.0,0.0,"Reflecting unvoiced plosives and flap consonant /ɾ/ for a vector configuration of Weight 3, Time 5, and Flow 3.",,4,5,5,1,REDUP(畳語・同一)
たらん,taran,Manner or sound of たらん: 「たら」と響き渡る音、 or 余韻や弾力を伴う condition/state。,Psychomime (State/Manner),Dynamics,Neutral,Unvoiced (Light),Neutral,Reduplication,taɾaŋ,4,6,6,4,6,5,441.4,3.76,6,4138.3,6.32,6,0,4,#4169E1,47.8,26.3,-65.3,"Reflecting unvoiced plosives and nasal resonance for a vector configuration of Weight 4, Time 6, and Flow 4.",,3,6,5,0,N(撥音単発)
たらーっ,tara-t,Manner or sound of たらーっ: 「たらー」とする actionや phenomenonが瞬間的・急激に行われる音や state/manner.,Psychomime (State/Manner),Dynamics,Neutral,Unvoiced (Light),Neutral,Reduplication,taɾaːʔ,4,5,5,5,7,4,784.4,5.21,5,6652.3,7.13,6,mh,5,#FF0000,53.2,80.1,67.2,"Reflecting unvoiced plosives and flap consonant /ɾ/ for a vector configuration of Weight 4, Time 5, and Flow 5.",,2,6,5,0,LONG(長音ー)
たをたを,tawotawo,Manner or sound of たをたを: 「たを」という音や condition/stateが繰り返し連続して生じる manner.,Psychomime (State/Manner),Dynamics,Neutral,Unvoiced (Light),Neutral,Reduplication,taotao,4,5,3,4,6,6,391.3,3.45,4,2646.7,5.56,6,0,4,#BDB76B,73.4,-8.8,39.3,"Reflecting unvoiced plosives for a vector configuration of Weight 4, Time 5, and Flow 4.",,4,5,5,1,REDUP(畳語・同一)
たんたん,tantan,Manner or sound of たんたん: 「たんた」と響き渡る音、 or 余韻や弾力を伴う condition/state。,Psychomime (State/Manner),Emotion,Neutral,Unvoiced (Light),Bright/Light/Small,Reduplication,tantaŋ,5,6,5,4,5,6,373.7,3.34,5,4669.9,6.53,7,0,4,#FFFFFF,100.0,-0.0,0.0,"Reflecting unvoiced plosives and nasal resonance for a vector configuration of Weight 5, Time 6, and Flow 4.",,4,5,5,1,REDUP(畳語・同一)
たんぽぽ,tanpopo,Manner or sound of たんぽぽ: 「たんぽぽ」という感覚・音・ condition/stateを表す expression.,Psychomime (State/Manner),Dynamics,Neutral,Unvoiced (Light),Neutral,Reduplication,tampopo,4,5,4,4,7,6,248.7,2.31,5,2663.9,5.58,6,mh,5,#FF0000,53.2,80.1,67.2,"Reflecting unvoiced plosives and nasal resonance for a vector configuration of Weight 4, Time 5, and Flow 4.",,5,5,5,8,COMPOUND(複合・異種)
たんまり,tanmari,Manner or sound of たんまり: 「たんま」と一度だけ鮮やかに、あるいは滑らかに行われる action・ condition/state。,Psychomime (State/Manner),Dynamics,Neutral,Unvoiced (Light),Neutral,Reduplication,tammaɾi,4,4,5,4,7,6,248.2,2.30,5,1893.8,5.00,6,mh,5,#FFFFFF,100.0,-0.0,0.0,"Reflecting unvoiced plosives and nasal resonance for a vector configuration of Weight 4, Time 4, and Flow 4.",,5,5,5,8,COMPOUND(複合・異種)
たーっ,ta-t,Manner or sound of たーっ: 「たー」とする actionや phenomenonが瞬間的・急激に行われる音や state/manner.,Psychomime (State/Manner),Dynamics,Neutral,Unvoiced (Light),Neutral,Reduplication,taːʔ,4,5,6,6,6,4,832.1,5.36,5,7242.9,7.27,6,mh,5,#FF0000,53.2,80.1,67.2,"Reflecting unvoiced plosives and geminate sokuon (sudden onset) for a vector configuration of Weight 4, Time 5, and Flow 6.",,2,7,5,0,LONG(長音ー)
たーっぷり,ta-tpuri,Manner or sound of たーっぷり: 「たーっぷ」と一度だけ鮮やかに、あるいは滑らかに行われる action・ condition/state。,Psychomime (State/Manner),Dynamics,Neutral,Unvoiced (Light),Neutral,Reduplication,taːppuɾi,4,4,5,4,7,6,413.0,3.59,5,2617.5,5.55,7,mh,5,#4B3621,24.5,6.4,16.8,"Reflecting unvoiced plosives and flap consonant /ɾ/ for a vector configuration of Weight 4, Time 4, and Flow 4.",,5,5,5,8,COMPOUND(複合・異種)
だだだっ,dadadat,Manner or sound of だだだっ: 「だだだ」とする actionや phenomenonが瞬間的・急激に行われる音や state/manner.,Psychomime (State/Manner),Dynamics,Neutral,Unvoiced (Light),Neutral,Reduplication,dadadaʔ,6,7,6,6,6,5,407.9,3.56,6,7265.4,7.28,8,0,4,#556B2F,42.2,-18.8,30.6,"Reflecting voiced consonants and geminate sokuon (sudden onset) for a vector configuration of Weight 6, Time 7, and Flow 6.",,3,5,0,0,Q(促音単発)
だだーっ,dada-t,Manner or sound of だだーっ: 「だだー」とする actionや phenomenonが瞬間的・急激に行われる音や state/manner.,Psychomime (State/Manner),Dynamics,Neutral,Unvoiced (Light),Neutral,Reduplication,dadaːʔ,5,4,5,5,6,4,672.2,4.82,4,6950.8,7.20,7,mh,5,#A5663E,49.3,21.4,32.9,"Reflecting voiced consonants and geminate sokuon (sudden onset) for a vector configuration of Weight 5, Time 4, and Flow 5.",,3,6,5,0,LONG(長音ー)
だった,datta,Manner or sound of だった: 「だった」という感覚・音・ condition/stateを表す expression.,Psychomime (State/Manner),Dynamics,Neutral,Unvoiced (Light),Neutral,Reduplication,datta,6,5,5,5,6,6,228.4,2.09,6,4358.9,6.41,7,mh,5,#000000,0.0,0.0,0.0,"Reflecting voiced consonants and unvoiced plosives for a vector configuration of Weight 6, Time 5, and Flow 5.",,5,5,0,8,COMPOUND(複合・異種)
だったっ,dattat,Manner or sound of だったっ: 「だった」とする actionや phenomenonが瞬間的・急激に行われる音や state/manner.,Psychomime (State/Manner),Dynamics,Neutral,Unvoiced (Light),Neutral,Reduplication,dattaʔ,6,8,7,7,5,4,421.3,3.64,8,8924.7,7.63,8,0,4,#000000,0.0,0.0,0.0,"Reflecting voiced consonants and unvoiced plosives for a vector configuration of Weight 6, Time 8, and Flow 7.",,2,5,0,0,Q(促音単発)
だぼだぼ,dabodabo,Manner or sound of だぼだぼ: 「だぼ」という音や condition/stateが繰り返し連続して生じる manner.,Psychomime (State/Manner),Dynamics,Neutral,Unvoiced (Light),Neutral,Reduplication,dabodabo,6,4,3,4,7,7,187.0,1.58,3,3549.6,6.06,7,0,4,#191970,15.9,31.7,-49.6,"Reflecting voiced consonants for a vector configuration of Weight 6, Time 4, and Flow 4.",,4,5,5,1,REDUP(畳語・同一)
だらっ,darat,Manner or sound of だらっ: 「だら」とする actionや phenomenonが瞬間的・急激に行われる音や state/manner.,Psychomime (State/Manner),Dynamics,Neutral,Unvoiced (Light),Neutral,Reduplication,daɾaʔ,5,7,6,5,7,4,489.2,4.02,7,7567.7,7.35,7,mh,5,#000000,0.0,0.0,0.0,"Reflecting voiced consonants and flap consonant /ɾ/ for a vector configuration of Weight 5, Time 7, and Flow 5.",,3,5,0,0,Q(促音単発)
だらり,darari,Manner or sound of だらり: 「だら」と一度だけ鮮やかに、あるいは滑らかに行われる action・ condition/state。,Psychomime (State/Manner),Dynamics,Neutral,Unvoiced (Light),Neutral,Reduplication,daɾaɾi,3,5,5,4,8,5,424.7,3.66,5,3333.5,5.96,6,mh,5,#FFFFFF,100.0,-0.0,0.0,"Reflecting voiced consonants and flap consonant /ɾ/ for a vector configuration of Weight 3, Time 5, and Flow 4.",,4,6,0,0,RI(り単発)
だらん,daran,Manner or sound of だらん: 「だら」と響き渡る音、 or 余韻や弾力を伴う condition/state。,Psychomime (State/Manner),Dynamics,Neutral,Unvoiced (Light),Neutral,Reduplication,daɾaŋ,5,6,6,4,6,5,388.8,3.44,5,4220.3,6.36,7,0,4,#556B2F,42.2,-18.8,30.6,"Reflecting voiced consonants and nasal resonance for a vector configuration of Weight 5, Time 6, and Flow 4.",,3,6,5,0,N(撥音単発)
だらーん,dara-n,Manner or sound of だらーん: 「だらー」と響き渡る音、 or 余韻や弾力を伴う condition/state。,Psychomime (State/Manner),Dynamics,Neutral,Unvoiced (Light),Neutral,Reduplication,daɾaːŋ,5,3,6,3,6,5,730.5,5.03,2,5628.8,6.85,6,mh,5,#556B2F,42.2,-18.8,30.6,"Reflecting voiced consonants and nasal resonance for a vector configuration of Weight 5, Time 3, and Flow 3.",,3,7,5,0,LONG(長音ー)
だーっ,da-t,Manner or sound of だーっ: 「だー」とする actionや phenomenonが瞬間的・急激に行われる音や state/manner.,Psychomime (State/Manner),Dynamics,Neutral,Unvoiced (Light),Neutral,Reduplication,daːʔ,5,5,6,6,6,4,737.4,5.06,4,7270.6,7.28,7,mh,5,#FF0000,53.2,80.1,67.2,"Reflecting voiced consonants and geminate sokuon (sudden onset) for a vector configuration of Weight 5, Time 5, and Flow 6.",,2,6,5,0,LONG(長音ー)
ちかちかっ,chikachikat,Manner or sound of ちかちかっ: 「ちかちか」とする actionや phenomenonが瞬間的・急激に行われる音や state/manner.,Psychomime (State/Manner),Dynamics,Neutral,Unvoiced (Light),Neutral,Reduplication,tɕikatɕikaʔ,4,8,7,7,4,2,1549.3,6.94,9,11597.1,8.07,7,0,4,#FFFF00,97.1,-21.6,94.5,"Reflecting unvoiced plosives and fricatives for a vector configuration of Weight 4, Time 8, and Flow 7.",,3,5,0,0,Q(促音単発)
ちかっ,chikat,Manner or sound of ちかっ: 「ちか」とする actionや phenomenonが瞬間的・急激に行われる音や state/manner.,Psychomime (State/Manner),Dynamics,Neutral,Unvoiced (Light),Neutral,Reduplication,tɕikaʔ,4,8,7,7,5,2,1194.9,6.28,8,10519.3,7.91,7,0,4,#000000,0.0,0.0,0.0,"Reflecting unvoiced plosives and fricatives for a vector configuration of Weight 4, Time 8, and Flow 7.",,2,5,0,0,Q(促音単発)
ちくたく,chikutaku,Manner or sound of ちくたく: 「ちくたく」という感覚・音・ condition/stateを表す expression.,Psychomime (State/Manner),Dynamics,Neutral,Unvoiced (Light),Neutral,Reduplication,tɕikutaku,4,6,5,6,5,4,866.1,5.46,6,4100.1,6.31,6,0,4,#D3D3D3,84.6,-0.0,0.0,"Reflecting unvoiced plosives and fricatives for a vector configuration of Weight 4, Time 6, and Flow 6.",,5,5,0,8,COMPOUND(複合・異種)
ちくっ,chikut,Manner or sound of ちくっ: 「ちく」とする actionや phenomenonが瞬間的・急激に行われる音や state/manner.,Psychomime (State/Manner),Dynamics,Neutral,Unvoiced (Light),Neutral,Reduplication,tɕikuʔ,4,8,7,8,5,3,1046.8,5.94,8,8916.7,7.63,7,0,4,#000000,0.0,0.0,0.0,"Reflecting unvoiced plosives and fricatives for a vector configuration of Weight 4, Time 8, and Flow 8.",,2,5,0,0,Q(促音単発)
ちくり,chikuri,Manner or sound of ちくり: 「ちく」と一度だけ鮮やかに、あるいは滑らかに行われる action・ condition/state。,Psychomime (State/Manner),Dynamics,Neutral,Unvoiced (Light),Neutral,Reduplication,tɕikuɾi,2,6,6,5,7,4,969.9,5.75,6,4722.4,6.55,5,0,4,#FFFFFF,100.0,-0.0,0.0,"Reflecting unvoiced plosives and fricatives for a vector configuration of Weight 2, Time 6, and Flow 5.",,4,6,0,0,RI(り単発)
ちくん,chikun,Manner or sound of ちくん: 「ちく」と響き渡る音、 or 余韻や弾力を伴う condition/state。,Psychomime (State/Manner),Dynamics,Neutral,Unvoiced (Light),Neutral,Reduplication,tɕikuŋ,4,7,7,7,4,4,1047.8,5.95,7,5999.8,6.95,6,mc,3,#808080,53.6,-0.0,0.0,"Reflecting unvoiced plosives and fricatives for a vector configuration of Weight 4, Time 7, and Flow 7.",,3,6,5,0,N(撥音単発)
ちちちち,chichichichi,Manner or sound of ちちちち: 「ちち」という音や condition/stateが繰り返し連続して生じる manner.,Psychomime (State/Manner),Dynamics,Neutral,Unvoiced (Light),Neutral,Reduplication,tɕitɕitɕitɕi,3,6,5,7,4,5,1550.7,6.94,6,5582.5,6.83,6,0,4,#FFEBB1,93.4,-1.6,30.7,"Reflecting unvoiced plosives and fricatives for a vector configuration of Weight 3, Time 6, and Flow 7.",,4,5,5,1,REDUP(畳語・同一)
ちちっかい,chichitkai,Manner or sound of ちちっかい: 「ちちっかい」という感覚・音・ condition/stateを表す expression.,Psychomime (State/Manner),Dynamics,Neutral,Unvoiced (Light),Neutral,Reduplication,tɕitɕikkai,3,6,6,6,5,4,1380.9,6.65,7,5599.7,6.84,6,0,4,#FFD700,86.9,-1.9,87.1,"Reflecting unvoiced plosives and fricatives for a vector configuration of Weight 3, Time 6, and Flow 6.",,5,5,0,8,COMPOUND(複合・異種)
ちちん,chichin,Manner or sound of ちちん: 「ちち」と響き渡る音、 or 余韻や弾力を伴う condition/state。,Psychomime (State/Manner),Dynamics,Neutral,Unvoiced (Light),Neutral,Reduplication,tɕitɕiŋ,3,7,7,7,4,4,1373.2,6.63,7,5673.1,6.86,7,mc,3,#F5F5F5,96.5,-0.0,0.0,"Reflecting unvoiced plosives and fricatives for a vector configuration of Weight 3, Time 7, and Flow 7.",,3,6,5,0,N(撥音単発)
ちっ,chit,Manner or sound of ちっ: 「ち」とする actionや phenomenonが瞬間的・急激に行われる音や state/manner.,Psychomime (State/Manner),Dynamics,Neutral,Unvoiced (Light),Neutral,Reduplication,tɕiʔ,4,8,7,8,5,3,1061.7,5.98,8,8604.7,7.57,7,0,4,#FFFFFF,100.0,-0.0,0.0,"Reflecting unvoiced plosives and fricatives for a vector configuration of Weight 4, Time 8, and Flow 8.",,2,5,0,0,Q(促音単発)
ちっくたっく,chitkutatku,Manner or sound of ちっくたっく: 「ちっくたっく」という感覚・音・ condition/stateを表す expression.,Psychomime (State/Manner),Dynamics,Neutral,Unvoiced (Light),Neutral,Reduplication,tɕikkutakku,4,6,5,7,5,4,779.3,5.20,7,4314.6,6.39,6,0,4,#D3D3D3,84.6,-0.0,0.0,"Reflecting unvoiced plosives and fricatives for a vector configuration of Weight 4, Time 6, and Flow 7.",,5,5,0,8,COMPOUND(複合・異種)
ちっちっ,chitchit,Manner or sound of ちっちっ: 「ちっち」とする actionや phenomenonが瞬間的・急激に行われる音や state/manner.,Psychomime (State/Manner),Dynamics,Neutral,Unvoiced (Light),Neutral,Reduplication,tɕittɕiʔ,4,6,6,7,4,4,1133.6,6.15,6,5914.0,6.93,7,0,4,#FFFFFF,100.0,-0.0,0.0,"Reflecting unvoiced plosives and fricatives for a vector configuration of Weight 4, Time 6, and Flow 7.",,4,5,5,1,REDUP(畳語・同一)
ちっちびーつつ,chitchibi-tsutsu,Manner or sound of ちっちびーつつ: 音が長く尾を引いて持続する音や condition/state。,Psychomime (State/Manner),Dynamics,Neutral,Unvoiced (Light),Neutral,Reduplication,tɕittɕibiːtsutsu,3,4,6,7,6,4,1410.8,6.70,4,5817.7,6.90,6,0,4,#F5F5DC,95.9,-4.2,12.0,"Reflecting voiced consonants and unvoiced plosives for a vector configuration of Weight 3, Time 4, and Flow 7.",,3,6,5,0,LONG(長音ー)
ちびりちびり,chibirichibiri,Manner or sound of ちびりちびり: 「ちびりちび」と一度だけ鮮やかに、あるいは滑らかに行われる action・ condition/state。,Psychomime (State/Manner),Dynamics,Neutral,Unvoiced (Light),Neutral,Reduplication,tɕibiɾitɕibiɾi,3,5,6,6,6,5,976.1,5.77,5,5104.3,6.68,6,0,4,#F5F5DC,95.9,-4.2,12.0,"Reflecting voiced consonants and unvoiced plosives for a vector configuration of Weight 3, Time 5, and Flow 6.",,4,5,5,1,REDUP(畳語・同一)
ちゃかちゃか,chakachaka,Manner or sound of ちゃかちゃか: 「ちゃか」という音や condition/stateが繰り返し連続して生じる manner.,Psychomime (State/Manner),Dynamics,Neutral,Unvoiced (Light),Neutral,Reduplication,tɕakatɕaka,3,7,5,3,5,4,1413.7,6.71,6,8430.9,7.53,6,0,4,#D3D3D3,84.6,-0.0,0.0,"Reflecting unvoiced plosives and fricatives for a vector configuration of Weight 3, Time 7, and Flow 3.",,4,5,5,1,REDUP(畳語・同一)
ちゃきちゃき,chakichaki,Manner or sound of ちゃきちゃき: 「ちゃき」という音や condition/stateが繰り返し連続して生じる manner.,Psychomime (State/Manner),Dynamics,Neutral,Unvoiced (Light),Neutral,Reduplication,tɕakitɕaki,3,7,6,4,4,4,1551.2,6.94,6,8849.4,7.61,6,0,4,#90EE90,86.5,-46.3,36.9,"Reflecting unvoiced plosives and fricatives for a vector configuration of Weight 3, Time 7, and Flow 4.",,4,5,5,1,REDUP(畳語・同一)
ちゃっぷちゃっぷ,chatpuchatpu,Manner or sound of ちゃっぷちゃっぷ: 「ちゃっぷ」という音や condition/stateが繰り返し連続して生じる manner.,Psychomime (State/Manner),Dynamics,Neutral,Unvoiced (Light),Neutral,Reduplication,tɕapputɕappu,4,6,5,5,6,7,1005.7,5.84,5,6850.5,7.18,7,mh,5,#FFD700,86.9,-1.9,87.1,"Reflecting unvoiced plosives and fricatives for a vector configuration of Weight 4, Time 6, and Flow 5.",,4,5,5,1,REDUP(畳語・同一)
ちゃぶちゃぶ,chabuchabu,Manner or sound of ちゃぶちゃぶ: 「ちゃぶ」という音や condition/stateが繰り返し連続して生じる manner.,Psychomime (State/Manner),Dynamics,Neutral,Unvoiced (Light),Neutral,Reduplication,tɕabutɕabu,4,6,4,4,7,7,889.8,5.53,5,9149.5,7.67,7,0,4,#0000CD,25.0,67.2,-91.5,"Reflecting voiced consonants and unvoiced plosives for a vector configuration of Weight 4, Time 6, and Flow 4.",,4,5,5,1,REDUP(畳語・同一)
ちゃぶん,chabun,Manner or sound of ちゃぶん: 「ちゃぶ」と響き渡る音、 or 余韻や弾力を伴う condition/state。,Psychomime (State/Manner),Dynamics,Neutral,Unvoiced (Light),Neutral,Reduplication,tɕabuŋ,5,7,7,5,5,6,824.5,5.34,6,9186.9,7.68,7,0,4,#808080,53.6,-0.0,0.0,"Reflecting voiced consonants and unvoiced plosives for a vector configuration of Weight 5, Time 7, and Flow 5.",,3,6,5,0,N(撥音単発)
ちゃぷちゃぷ,chapuchapu,Manner or sound of ちゃぷちゃぷ: 「ちゃぷ」という音や condition/stateが繰り返し連続して生じる manner.,Psychomime (State/Manner),Dynamics,Neutral,Unvoiced (Light),Neutral,Reduplication,tɕaputɕapu,3,6,4,4,6,6,1070.0,6.00,5,6765.2,7.16,7,mh,5,#FF69B4,65.5,64.2,-10.6,"Reflecting unvoiced plosives and fricatives for a vector configuration of Weight 3, Time 6, and Flow 4.",,4,5,5,1,REDUP(畳語・同一)
ちゃぼん,chabon,Manner or sound of ちゃぼん: 「ちゃぼ」と響き渡る音、 or 余韻や弾力を伴う condition/state。,Psychomime (State/Manner),Dynamics,Neutral,Unvoiced (Light),Neutral,Reduplication,tɕaboŋ,4,7,6,5,5,6,863.5,5.46,6,7557.1,7.35,7,0,4,#808080,53.6,-0.0,0.0,"Reflecting voiced consonants and unvoiced plosives for a vector configuration of Weight 4, Time 7, and Flow 5.",,3,6,5,0,N(撥音単発)
ちゃぽちゃぽ,chapochapo,Manner or sound of ちゃぽちゃぽ: 「ちゃぽ」という音や condition/stateが繰り返し連続して生じる manner.,Psychomime (State/Manner),Dynamics,Neutral,Unvoiced (Light),Neutral,Reduplication,tɕapotɕapo,3,6,4,3,6,6,1092.9,6.05,5,6478.3,7.09,6,mh,5,#FF69B4,65.5,64.2,-10.6,"Reflecting unvoiced plosives and fricatives for a vector configuration of Weight 3, Time 6, and Flow 3.",,4,5,5,1,REDUP(畳語・同一)
ちゃりーん,chari-n,Manner or sound of ちゃりーん: 「ちゃりー」と響き渡る音、 or 余韻や弾力を伴う condition/state。,Psychomime (State/Manner),Dynamics,Neutral,Unvoiced (Light),Neutral,Reduplication,tɕaɾiːŋ,3,5,7,5,5,4,1486.9,6.83,3,8564.5,7.56,6,0,4,#C0C0C0,77.7,-0.0,0.0,"Reflecting unvoiced plosives and fricatives for a vector configuration of Weight 3, Time 5, and Flow 5.",,3,7,5,0,LONG(長音ー)
ちゅちゅ,chuchu,Manner or sound of ちゅちゅ: 「ちゅ」という音や condition/stateが繰り返し連続して生じる manner.,Psychomime (State/Manner),Dynamics,Neutral,Unvoiced (Light),Neutral,Reduplication,tɕutɕu,3,5,5,6,7,6,1562.4,6.96,5,6122.5,6.99,6,0,4,#FFB6C1,81.1,28.0,5.0,"Reflecting unvoiced plosives and fricatives for a vector configuration of Weight 3, Time 5, and Flow 6.",,4,5,5,1,REDUP(畳語・同一)
ちゅっちゅっ,chutchut,Manner or sound of ちゅっちゅっ: 「ちゅっちゅ」とする actionや phenomenonが瞬間的・急激に行われる音や state/manner.,Psychomime (State/Manner),Dynamics,Neutral,Unvoiced (Light),Neutral,Reduplication,tɕuttɕuʔ,4,6,6,7,6,5,1319.2,6.53,6,7040.5,7.23,7,mh,5,#FFB6C1,81.1,28.0,5.0,"Reflecting unvoiced plosives and fricatives for a vector configuration of Weight 4, Time 6, and Flow 7.",,4,5,5,1,REDUP(畳語・同一)
ちゅんちゅく,chunchuku,Manner or sound of ちゅんちゅく: 「ちゅんちゅく」という感覚・音・ condition/stateを表す expression.,Psychomime (State/Manner),Dynamics,Neutral,Unvoiced (Light),Neutral,Reduplication,tɕuntɕuku,3,5,5,6,7,5,1472.4,6.81,6,6372.3,7.06,6,mh,5,#FFFACD,97.6,-5.4,22.2,"Reflecting unvoiced plosives and fricatives for a vector configuration of Weight 3, Time 5, and Flow 6.",,5,5,5,8,COMPOUND(複合・異種)
ちゅー,chu-,Manner or sound of ちゅー: 音が長く尾を引いて持続する音や condition/state。,Phonomime (Voice),Emotion,Positive,Semi-voiced (Crisp),Bright/Light/Small,Long Vowel,tɕuː,3,2,5,5,8,5,1582.7,6.99,1,6905.3,7.19,5,mh,5,#FFB6C1,81.1,28.0,5.0,"Reflecting unvoiced plosives and fricatives for a vector configuration of Weight 3, Time 2, and Flow 5.",,2,7,5,0,LONG(長音ー)
ちょい,choi,Manner or sound of ちょい: 「ちょい」という感覚・音・ condition/stateを表す expression.,Psychomime (State/Manner),Dynamics,Neutral,Unvoiced (Light),Neutral,Reduplication,tɕoi,3,6,5,5,7,5,931.3,5.65,6,3644.4,6.11,6,mh,5,#FFFFFF,100.0,-0.0,0.0,"Reflecting unvoiced plosives and fricatives for a vector configuration of Weight 3, Time 6, and Flow 5.",,5,5,0,8,COMPOUND(複合・異種)
ちょこちょこ,chokochoko,Manner or sound of ちょこちょこ: 歩幅が狭く忙しなく歩く manner.,Psychomime (State/Manner),Speed/Tempo,Positive,Semi-voiced (Crisp),Bright/Light/Small,Reduplication,tɕokotɕoko,3,7,5,6,6,4,838.5,5.38,6,4090.0,6.30,6,0,4,#FFFFFF,100.0,-0.0,0.0,"Reflecting unvoiced plosives and fricatives for a vector configuration of Weight 3, Time 7, and Flow 6.",,4,5,5,1,REDUP(畳語・同一)
ちょこちょこっ,chokochokot,Manner or sound of ちょこちょこっ: 「ちょこちょこ」とする actionや phenomenonが瞬間的・急激に行われる音や state/manner.,Psychomime (State/Manner),Dynamics,Neutral,Unvoiced (Light),Neutral,Reduplication,tɕokotɕokoʔ,3,8,6,7,6,4,907.0,5.58,8,6290.1,7.04,7,0,4,#FFFFFF,100.0,-0.0,0.0,"Reflecting unvoiced plosives and fricatives for a vector configuration of Weight 3, Time 8, and Flow 7.",,3,5,0,0,Q(促音単発)
ちょこなん,chokonan,Manner or sound of ちょこなん: 「ちょこな」と響き渡る音、 or 余韻や弾力を伴う condition/state。,Psychomime (State/Manner),Dynamics,Neutral,Unvoiced (Light),Neutral,Reduplication,tɕokonaŋ,3,6,5,5,5,5,667.0,4.80,6,3158.8,5.87,6,mh,5,#FFFFFF,100.0,-0.0,0.0,"Reflecting unvoiced plosives and fricatives for a vector configuration of Weight 3, Time 6, and Flow 5.",,5,5,5,8,COMPOUND(複合・異種)
ちょこまか,chokomaka,Manner or sound of ちょこまか: 「ちょこまか」という感覚・音・ condition/stateを表す expression.,Psychomime (State/Manner),Dynamics,Neutral,Unvoiced (Light),Neutral,Reduplication,tɕokomaka,3,6,5,5,6,4,798.5,5.26,6,3175.6,5.87,5,mh,5,#FFFFFF,100.0,-0.0,0.0,"Reflecting unvoiced plosives and fricatives for a vector configuration of Weight 3, Time 6, and Flow 5.",,5,5,0,8,COMPOUND(複合・異種)
ちょこん,chokon,Manner or sound of ちょこん: 「ちょこ」と響き渡る音、 or 余韻や弾力を伴う condition/state。,Psychomime (State/Manner),Dynamics,Neutral,Unvoiced (Light),Neutral,Reduplication,tɕokoŋ,3,7,7,6,5,4,849.1,5.41,7,4658.0,6.52,7,0,4,#FFFFFF,100.0,-0.0,0.0,"Reflecting unvoiced plosives and fricatives for a vector configuration of Weight 3, Time 7, and Flow 6.",,3,6,5,0,N(撥音単発)
ちょっきん,chotkin,Manner or sound of ちょっきん: 「ちょっき」と響き渡る音、 or 余韻や弾力を伴う condition/state。,Psychomime (State/Manner),Dynamics,Neutral,Unvoiced (Light),Neutral,Reduplication,tɕokkiŋ,4,7,6,5,5,4,965.6,5.74,6,5582.0,6.83,7,mh,5,#000000,0.0,0.0,0.0,"Reflecting unvoiced plosives and fricatives for a vector configuration of Weight 4, Time 7, and Flow 5.",,5,5,5,8,COMPOUND(複合・異種)
ちょっくらちょいと,chotkurachoito,Manner or sound of ちょっくらちょいと: 「ちょっくらちょいと」という感覚・音・ condition/stateを表す expression.,Psychomime (State/Manner),Dynamics,Neutral,Unvoiced (Light),Neutral,Reduplication,tɕokkuɾatɕoito,3,6,5,5,7,4,940.7,5.67,7,3822.4,6.19,6,mh,5,#FFFFFF,100.0,-0.0,0.0,"Reflecting unvoiced plosives and fricatives for a vector configuration of Weight 3, Time 6, and Flow 5.",,5,5,0,8,COMPOUND(複合・異種)
ちょっこり,chotkori,Manner or sound of ちょっこり: 「ちょっこ」と一度だけ鮮やかに、あるいは滑らかに行われる action・ condition/state。,Psychomime (State/Manner),Dynamics,Neutral,Unvoiced (Light),Neutral,Reduplication,tɕokkoɾi,3,6,5,5,7,4,762.7,5.14,6,3544.8,6.06,6,mh,5,#FFFFFF,100.0,-0.0,0.0,"Reflecting unvoiced plosives and fricatives for a vector configuration of Weight 3, Time 6, and Flow 5.",,5,5,5,8,COMPOUND(複合・異種)
ちょっぴり,chotpiri,Manner or sound of ちょっぴり: 「ちょっぴ」と一度だけ鮮やかに、あるいは滑らかに行われる action・ condition/state。,Psychomime (State/Manner),Dynamics,Neutral,Unvoiced (Light),Neutral,Reduplication,tɕoppiɾi,3,6,5,5,7,4,1016.4,5.87,6,4848.2,6.59,6,h,6,#FFFFFF,100.0,-0.0,0.0,"Reflecting unvoiced plosives and fricatives for a vector configuration of Weight 3, Time 6, and Flow 5.",,5,5,5,8,COMPOUND(複合・異種)
ちょびりちょびり,chobirichobiri,Manner or sound of ちょびりちょびり: 「ちょびりちょび」と一度だけ鮮やかに、あるいは滑らかに行われる action・ condition/state。,Psychomime (State/Manner),Dynamics,Neutral,Unvoiced (Light),Neutral,Reduplication,tɕobiɾitɕobiɾi,3,6,5,5,7,5,1036.0,5.92,6,5130.6,6.69,6,0,4,#F5F5DC,95.9,-4.2,12.0,"Reflecting voiced consonants and unvoiced plosives for a vector configuration of Weight 3, Time 6, and Flow 5.",,4,5,5,1,REDUP(畳語・同一)
ちょぼちょぼ,chobochobo,Manner or sound of ちょぼちょぼ: 「ちょぼ」という音や condition/stateが繰り返し連続して生じる manner.,Psychomime (State/Manner),Dynamics,Neutral,Unvoiced (Light),Neutral,Reduplication,tɕobotɕobo,4,5,3,6,7,6,782.5,5.21,5,3947.1,6.24,7,mc,3,#708090,52.8,-2.1,-10.6,"Reflecting voiced consonants and unvoiced plosives for a vector configuration of Weight 4, Time 5, and Flow 6.",,4,5,5,1,REDUP(畳語・同一)
ちょぼっ,chobot,Manner or sound of ちょぼっ: 「ちょぼ」とする actionや phenomenonが瞬間的・急激に行われる音や state/manner.,Psychomime (State/Manner),Dynamics,Neutral,Unvoiced (Light),Neutral,Reduplication,tɕoboʔ,4,7,6,7,6,4,811.9,5.30,8,7387.8,7.31,7,0,4,#000000,0.0,0.0,0.0,"Reflecting voiced consonants and unvoiced plosives for a vector configuration of Weight 4, Time 7, and Flow 7.",,3,5,0,0,Q(促音単発)
ちょろっ,chorot,Manner or sound of ちょろっ: 「ちょろ」とする actionや phenomenonが瞬間的・急激に行われる音や state/manner.,Psychomime (State/Manner),Dynamics,Neutral,Unvoiced (Light),Neutral,Reduplication,tɕoɾoʔ,3,8,6,6,6,4,847.3,5.41,8,6486.5,7.09,7,0,4,#000000,0.0,0.0,0.0,"Reflecting unvoiced plosives and fricatives for a vector configuration of Weight 3, Time 8, and Flow 6.",,3,5,0,0,Q(促音単発)
ちょろりっ,chororit,Manner or sound of ちょろりっ: 「ちょろり」とする actionや phenomenonが瞬間的・急激に行われる音や state/manner.,Psychomime (State/Manner),Dynamics,Neutral,Unvoiced (Light),Neutral,Reduplication,tɕoɾoɾiʔ,3,8,6,6,6,4,1048.1,5.95,8,6743.1,7.15,7,0,4,#F0F8FF,97.2,-1.3,-4.3,"Reflecting unvoiced plosives and fricatives for a vector configuration of Weight 3, Time 8, and Flow 6.",,3,5,0,0,Q(促音単発)
ちょん,chon,Manner or sound of ちょん: 「ちょ」と響き渡る音、 or 余韻や弾力を伴う condition/state。,Psychomime (State/Manner),Dynamics,Neutral,Unvoiced (Light),Neutral,Reduplication,tɕoŋ,4,7,7,6,5,5,890.6,5.54,7,5363.1,6.76,7,0,4,#808080,53.6,-0.0,0.0,"Reflecting unvoiced plosives and fricatives for a vector configuration of Weight 4, Time 7, and Flow 6.",,3,6,5,0,N(撥音単発)
ちょんちょん,chonchon,Manner or sound of ちょんちょん: 「ちょんちょ」と響き渡る音、 or 余韻や弾力を伴う condition/state。,Psychomime (State/Manner),Dynamics,Neutral,Unvoiced (Light),Neutral,Reduplication,tɕontɕoŋ,3,7,6,5,5,5,984.8,5.79,6,5878.7,6.92,7,0,4,#8B0000,28.1,51.0,41.3,"Reflecting unvoiced plosives and fricatives for a vector configuration of Weight 3, Time 7, and Flow 5.",,4,5,5,1,REDUP(畳語・同一)
ちよちよ,chiyochiyo,Manner or sound of ちよちよ: 「ちよ」という音や condition/stateが繰り返し連続して生じる manner.,Psychomime (State/Manner),Dynamics,Neutral,Unvoiced (Light),Neutral,Reduplication,tɕijotɕijo,3,5,4,5,6,6,999.4,5.83,4,3299.6,5.94,5,0,4,#FFFACD,97.6,-5.4,22.2,"Reflecting unvoiced plosives and fricatives for a vector configuration of Weight 3, Time 5, and Flow 5.",,4,5,5,1,REDUP(畳語・同一)
ちらちらっ,chirachirat,Manner or sound of ちらちらっ: 「ちらちら」とする actionや phenomenonが瞬間的・急激に行われる音や state/manner.,Psychomime (State/Manner),Dynamics,Neutral,Unvoiced (Light),Neutral,Reduplication,tɕiɾatɕiɾaʔ,3,7,6,5,6,2,1250.7,6.40,7,9439.9,7.72,6,0,4,#FFFFFF,100.0,-0.0,0.0,"Reflecting unvoiced plosives and fricatives for a vector configuration of Weight 3, Time 7, and Flow 5.",,3,5,0,0,Q(促音単発)
ちらっ,chirat,Manner or sound of ちらっ: 「ちら」とする actionや phenomenonが瞬間的・急激に行われる音や state/manner.,Psychomime (State/Manner),Dynamics,Neutral,Unvoiced (Light),Neutral,Reduplication,tɕiɾaʔ,3,8,6,6,6,3,1020.4,5.88,7,9027.3,7.65,6,0,4,#000000,0.0,0.0,0.0,"Reflecting unvoiced plosives and fricatives for a vector configuration of Weight 3, Time 8, and Flow 6.",,2,5,0,0,Q(促音単発)
ちらり,chirari,Manner or sound of ちらり: 「ちら」と一度だけ鮮やかに、あるいは滑らかに行われる action・ condition/state。,Psychomime (State/Manner),Dynamics,Neutral,Unvoiced (Light),Neutral,Reduplication,tɕiɾaɾi,2,6,5,4,8,4,916.8,5.61,5,4536.3,6.48,5,mh,5,#FFFFFF,100.0,-0.0,0.0,"Reflecting unvoiced plosives and fricatives for a vector configuration of Weight 2, Time 6, and Flow 4.",,4,6,0,0,RI(り単発)
ちらりほらり,chirarihorari,Manner or sound of ちらりほらり: 「ちらりほら」と一度だけ鮮やかに、あるいは滑らかに行われる action・ condition/state。,Psychomime (State/Manner),Dynamics,Neutral,Unvoiced (Light),Neutral,Reduplication,tɕiɾaɾihoɾaɾi,2,6,5,3,8,3,933.7,5.66,5,4231.8,6.36,4,mh,5,#F5F5F5,96.5,-0.0,0.0,"Reflecting unvoiced plosives and fricatives for a vector configuration of Weight 2, Time 6, and Flow 3.",,4,6,0,0,RI(り単発)
ちりちり,chirichiri,Manner or sound of ちりちり: 「ちりち」と一度だけ鮮やかに、あるいは滑らかに行われる action・ condition/state。,Psychomime (State/Manner),Dynamics,Neutral,Unvoiced (Light),Neutral,Reduplication,tɕiɾitɕiɾi,3,6,6,6,5,4,1271.5,6.44,6,5466.8,6.80,6,0,4,#FFFFFF,100.0,-0.0,0.0,"Reflecting unvoiced plosives and fricatives for a vector configuration of Weight 3, Time 6, and Flow 6.",,4,5,5,1,REDUP(畳語・同一)
ちりっ,chirit,Manner or sound of ちりっ: 「ちり」とする actionや phenomenonが瞬間的・急激に行われる音や state/manner.,Psychomime (State/Manner),Dynamics,Neutral,Unvoiced (Light),Neutral,Reduplication,tɕiɾiʔ,4,8,7,8,4,3,1244.0,6.38,8,8999.5,7.64,7,0,4,#000000,0.0,0.0,0.0,"Reflecting unvoiced plosives and fricatives for a vector configuration of Weight 4, Time 8, and Flow 8.",,2,5,0,0,Q(促音単発)
ちりりん,chiririn,Manner or sound of ちりりん: 「ちりり」と響き渡る音、 or 余韻や弾力を伴う condition/state。,Psychomime (State/Manner),Dynamics,Neutral,Unvoiced (Light),Neutral,Reduplication,tɕiɾiɾiŋ,3,7,8,7,4,3,1429.2,6.73,7,7177.3,7.26,7,mc,3,#C0C0C0,77.7,-0.0,0.0,"Reflecting unvoiced plosives and fricatives for a vector configuration of Weight 3, Time 7, and Flow 7.",,3,6,5,0,N(撥音単発)
ちりん,chirin,Manner or sound of ちりん: 「ちり」と響き渡る音、 or 余韻や弾力を伴う condition/state。,Psychomime (State/Manner),Dynamics,Neutral,Unvoiced (Light),Neutral,Reduplication,tɕiɾiŋ,3,7,8,7,4,4,1355.7,6.60,7,6489.0,7.09,7,mc,3,#C0C0C0,77.7,-0.0,0.0,"Reflecting unvoiced plosives and fricatives for a vector configuration of Weight 3, Time 7, and Flow 7.",,3,6,5,0,N(撥音単発)
ちりんちりん,chirinchirin,Manner or sound of ちりんちりん: 「ちりんちり」と響き渡る音、 or 余韻や弾力を伴う condition/state。,Psychomime (State/Manner),Dynamics,Neutral,Unvoiced (Light),Neutral,Reduplication,tɕiɾintɕiɾiŋ,3,6,7,6,4,4,1616.8,7.04,5,7570.6,7.35,7,0,4,#C0C0C0,77.7,-0.0,0.0,"Reflecting unvoiced plosives and fricatives for a vector configuration of Weight 3, Time 6, and Flow 6.",,4,5,5,1,REDUP(畳語・同一)
ちろちろ,chirochiro,Manner or sound of ちろちろ: 「ちろ」という音や condition/stateが繰り返し連続して生じる manner.,Psychomime (State/Manner),Dynamics,Neutral,Unvoiced (Light),Neutral,Reduplication,tɕiɾotɕiɾo,3,5,5,5,6,5,1158.4,6.20,4,4015.9,6.27,6,mc,3,#C0C0C0,77.7,-0.0,0.0,"Reflecting unvoiced plosives and fricatives for a vector configuration of Weight 3, Time 5, and Flow 5.",,4,5,5,1,REDUP(畳語・同一)
ちろり,chirori,Manner or sound of ちろり: 「ちろ」と一度だけ鮮やかに、あるいは滑らかに行われる action・ condition/state。,Psychomime (State/Manner),Dynamics,Neutral,Unvoiced (Light),Neutral,Reduplication,tɕiɾoɾi,2,6,6,4,7,4,926.3,5.63,5,3955.2,6.25,6,mh,5,#FFFFFF,100.0,-0.0,0.0,"Reflecting unvoiced plosives and fricatives for a vector configuration of Weight 2, Time 6, and Flow 4.",,4,6,0,0,RI(り単発)
ちろりっ,chirorit,Manner or sound of ちろりっ: 「ちろり」とする actionや phenomenonが瞬間的・急激に行われる音や state/manner.,Psychomime (State/Manner),Dynamics,Neutral,Unvoiced (Light),Neutral,Reduplication,tɕiɾoɾiʔ,4,7,7,7,5,3,1207.1,6.31,7,7879.3,7.42,7,0,4,#000000,0.0,0.0,0.0,"Reflecting unvoiced plosives and fricatives for a vector configuration of Weight 4, Time 7, and Flow 7.",,3,5,0,0,Q(促音単発)
ちろりん,chirorin,Manner or sound of ちろりん: 「ちろり」と響き渡る音、 or 余韻や弾力を伴う condition/state。,Psychomime (State/Manner),Dynamics,Neutral,Unvoiced (Light),Neutral,Reduplication,tɕiɾoɾiŋ,3,6,7,6,5,4,1300.2,6.49,6,5590.2,6.83,6,mc,3,#C0C0C0,77.7,-0.0,0.0,"Reflecting unvoiced plosives and fricatives for a vector configuration of Weight 3, Time 6, and Flow 6.",,3,6,5,0,N(撥音単発)
ちんちん,chinchin,Manner or sound of ちんちん: 「ちんち」と響き渡る音、 or 余韻や弾力を伴う condition/state。,Psychomime (State/Manner),Dynamics,Neutral,Unvoiced (Light),Neutral,Reduplication,tɕintɕiŋ,4,6,6,6,4,4,1307.4,6.51,5,6480.1,7.09,6,0,4,#C0C0C0,77.7,-0.0,0.0,"Reflecting unvoiced plosives and fricatives for a vector configuration of Weight 4, Time 6, and Flow 6.",,4,5,5,1,REDUP(畳語・同一)
ちんとんしゃん,chintonshan,Manner or sound of ちんとんしゃん: 「ちんとんしゃ」と響き渡る音、 or 余韻や弾力を伴う condition/state。,Psychomime (State/Manner),Dynamics,Neutral,Unvoiced (Light),Neutral,Reduplication,tɕintoŋɕaŋ,4,6,6,5,5,5,739.0,5.06,6,6085.2,6.98,7,0,4,#FF0000,53.2,80.1,67.2,"Reflecting unvoiced plosives and fricatives for a vector configuration of Weight 4, Time 6, and Flow 5.",,5,5,5,8,COMPOUND(複合・異種)
ちーちー,chi-chi-,Manner or sound of ちーちー: 「ちー」という音や condition/stateが繰り返し連続して生じる manner.,Psychomime (State/Manner),Dynamics,Neutral,Unvoiced (Light),Neutral,Reduplication,tɕiːtɕiː,3,4,5,6,5,4,1617.0,7.05,3,6124.3,6.99,5,0,4,#FFB6C1,81.1,28.0,5.0,"Reflecting unvoiced plosives and fricatives for a vector configuration of Weight 3, Time 4, and Flow 6.",,4,5,5,1,REDUP(畳語・同一)
ちーちーぱっぱ,chi-chi-patpa,Manner or sound of ちーちーぱっぱ: 音が長く尾を引いて持続する音や condition/state。,Psychomime (State/Manner),Dynamics,Neutral,Unvoiced (Light),Neutral,Reduplication,tɕiːtɕiːpappa,2,4,6,5,6,4,1755.1,7.25,3,8234.3,7.49,5,0,4,#FFD700,86.9,-1.9,87.1,"Reflecting unvoiced plosives and fricatives for a vector configuration of Weight 2, Time 4, and Flow 5.",,3,7,5,0,LONG(長音ー)
ちーん,chi-n,Manner or sound of ちーん: 「ちー」と響き渡る音、 or 余韻や弾力を伴う condition/state。,Psychomime (State/Manner),Dynamics,Neutral,Unvoiced (Light),Neutral,Reduplication,tɕiːŋ,3,4,6,5,5,4,1365.7,6.62,3,7001.8,7.22,6,0,4,#FFFF00,97.1,-21.6,94.5,"Reflecting unvoiced plosives and fricatives for a vector configuration of Weight 3, Time 4, and Flow 5.",,3,7,5,0,LONG(長音ー)
つか,tsuka,Manner or sound of つか: 「つか」という感覚・音・ condition/stateを表す expression.,Psychomime (State/Manner),Dynamics,Neutral,Unvoiced (Light),Neutral,Reduplication,tsuka,4,5,5,4,6,4,525.6,4.20,5,3921.8,6.23,6,mh,5,#8B0000,28.1,51.0,41.3,"Reflecting unvoiced plosives and fricatives for a vector configuration of Weight 4, Time 5, and Flow 4.",,5,5,0,8,COMPOUND(複合・異種)
つくつくほーし,tsukutsukuho-shi,Manner or sound of つくつくほーし: 音が長く尾を引いて持続する音や condition/state。,Psychomime (State/Manner),Dynamics,Neutral,Unvoiced (Light),Neutral,Reduplication,tsukutsukuhoːɕi,3,3,5,5,7,4,838.8,5.38,3,4298.3,6.39,5,mh,5,#4B0082,20.5,51.7,-53.3,"Reflecting unvoiced plosives and fricatives for a vector configuration of Weight 3, Time 3, and Flow 5.",,3,6,5,0,LONG(長音ー)
つけつけ,tsuketsuke,Manner or sound of つけつけ: 「つけ」という音や condition/stateが繰り返し連続して生じる manner.,Psychomime (State/Manner),Dynamics,Neutral,Unvoiced (Light),Neutral,Reduplication,tsuketsuke,3,5,6,4,6,4,661.7,4.78,5,4946.5,6.63,5,mh,5,#FF4500,57.6,67.8,69.0,"Reflecting unvoiced plosives and fricatives for a vector configuration of Weight 3, Time 5, and Flow 4.",,4,5,5,1,REDUP(畳語・同一)
つっ,tsut,Manner or sound of つっ: 「つ」とする actionや phenomenonが瞬間的・急激に行われる音や state/manner.,Psychomime (State/Manner),Dynamics,Neutral,Unvoiced (Light),Neutral,Reduplication,tsuʔ,4,8,7,7,5,3,608.8,4.57,8,8068.0,7.46,7,0,4,#FF0000,53.2,80.1,67.2,"Reflecting unvoiced plosives and fricatives for a vector configuration of Weight 4, Time 8, and Flow 7.",,2,5,0,0,Q(促音単発)
つつ,tsutsu,Manner or sound of つつ: 「つつ」という感覚・音・ condition/stateを表す expression.,Psychomime (State/Manner),Dynamics,Neutral,Unvoiced (Light),Neutral,Reduplication,tsutsu,4,5,5,6,6,5,465.7,3.89,5,2908.9,5.73,7,mh,5,#708090,52.8,-2.1,-10.6,"Reflecting unvoiced plosives and fricatives for a vector configuration of Weight 4, Time 5, and Flow 6.",,5,5,0,8,COMPOUND(複合・異種)
つつっ,tsutsut,Manner or sound of つつっ: 「つつ」とする actionや phenomenonが瞬間的・急激に行われる音や state/manner.,Psychomime (State/Manner),Dynamics,Neutral,Unvoiced (Light),Neutral,Reduplication,tsutsuʔ,4,8,7,7,5,4,590.0,4.49,8,7324.9,7.29,7,0,4,#000000,0.0,0.0,0.0,"Reflecting unvoiced plosives and fricatives for a vector configuration of Weight 4, Time 8, and Flow 7.",,3,5,0,0,Q(促音単発)
つつーっ,tsutsu-t,Manner or sound of つつーっ: 「つつー」とする actionや phenomenonが瞬間的・急激に行われる音や state/manner.,Psychomime (State/Manner),Dynamics,Neutral,Unvoiced (Light),Neutral,Reduplication,tsutsuːʔ,4,5,6,6,6,4,844.1,5.40,5,6512.6,7.09,6,mh,5,#F0FFFF,98.9,-4.9,-1.7,"Reflecting unvoiced plosives and fricatives for a vector configuration of Weight 4, Time 5, and Flow 6.",,3,6,5,0,LONG(長音ー)
つづりさせ,tsuzurisase,Manner or sound of つづりさせ: 「つづりさせ」という感覚・音・ condition/stateを表す expression.,Psychomime (State/Manner),Dynamics,Neutral,Unvoiced (Light),Neutral,Reduplication,tsuzuɾisase,4,5,5,6,6,4,582.7,4.46,5,4313.8,6.39,6,0,4,#4B0082,20.5,51.7,-53.3,"Reflecting voiced consonants and unvoiced plosives for a vector configuration of Weight 4, Time 5, and Flow 6.",,5,5,5,8,COMPOUND(複合・異種)
つべつべ,tsubetsube,Manner or sound of つべつべ: 「つべ」という音や condition/stateが繰り返し連続して生じる manner.,Psychomime (State/Manner),Dynamics,Neutral,Unvoiced (Light),Neutral,Reduplication,tsubetsube,4,4,5,5,6,6,495.3,4.05,4,3985.4,6.26,6,mh,5,#DAA520,70.8,8.5,68.8,"Reflecting voiced consonants and unvoiced plosives for a vector configuration of Weight 4, Time 4, and Flow 5.",,4,5,5,1,REDUP(畳語・同一)
つべらこべら,tsuberakobera,Manner or sound of つべらこべら: 「つべらこべら」という感覚・音・ condition/stateを表す expression.,Psychomime (State/Manner),Dynamics,Neutral,Unvoiced (Light),Neutral,Reduplication,tsubeɾakobeɾa,4,5,5,4,7,4,464.2,3.89,5,5476.2,6.80,6,mh,5,#FF8C00,69.5,36.8,75.5,"Reflecting voiced consonants and unvoiced plosives for a vector configuration of Weight 4, Time 5, and Flow 4.",,5,5,0,8,COMPOUND(複合・異種)
つるっ,tsurut,Manner or sound of つるっ: 「つる」とする actionや phenomenonが瞬間的・急激に行われる音や state/manner.,Psychomime (State/Manner),Dynamics,Neutral,Unvoiced (Light),Neutral,Reduplication,tsuɾuʔ,4,7,6,6,6,4,565.0,4.38,7,7014.0,7.22,7,0,4,#000000,0.0,0.0,0.0,"Reflecting unvoiced plosives and fricatives for a vector configuration of Weight 4, Time 7, and Flow 6.",,3,5,0,0,Q(促音単発)
つるつるっ,tsurutsurut,Manner or sound of つるつるっ: 「つるつる」とする actionや phenomenonが瞬間的・急激に行われる音や state/manner.,Psychomime (State/Manner),Dynamics,Neutral,Unvoiced (Light),Neutral,Reduplication,tsuɾutsuɾuʔ,3,6,6,5,7,4,528.7,4.22,6,5619.1,6.84,7,0,4,#F0FFFF,98.9,-4.9,-1.7,"Reflecting unvoiced plosives and fricatives for a vector configuration of Weight 3, Time 6, and Flow 5.",,3,5,0,0,Q(促音単発)
つるてん,tsuruten,Manner or sound of つるてん: 「つるて」と響き渡る音、 or 余韻や弾力を伴う condition/state。,Psychomime (State/Manner),Dynamics,Neutral,Unvoiced (Light),Neutral,Reduplication,tsuɾuteŋ,4,6,6,5,6,5,473.1,3.93,5,2730.2,5.62,6,mc,3,#808080,53.6,-0.0,0.0,"Reflecting unvoiced plosives and fricatives for a vector configuration of Weight 4, Time 6, and Flow 5.",,3,6,5,0,N(撥音単発)
つるり,tsururi,Manner or sound of つるり: 「つる」と一度だけ鮮やかに、あるいは滑らかに行われる action・ condition/state。,Psychomime (State/Manner),Dynamics,Neutral,Unvoiced (Light),Neutral,Reduplication,tsuɾuɾi,3,5,6,4,8,5,493.6,4.04,5,3051.3,5.81,6,mh,5,#F0FFFF,98.9,-4.9,-1.7,"Reflecting unvoiced plosives and fricatives for a vector configuration of Weight 3, Time 5, and Flow 4.",,4,6,0,0,RI(り単発)
つるりっ,tsururit,Manner or sound of つるりっ: 「つるり」とする actionや phenomenonが瞬間的・急激に行われる音や state/manner.,Psychomime (State/Manner),Dynamics,Neutral,Unvoiced (Light),Neutral,Reduplication,tsuɾuɾiʔ,4,7,7,6,6,4,752.6,5.11,7,6843.3,7.18,7,0,4,#F0FFFF,98.9,-4.9,-1.7,"Reflecting unvoiced plosives and fricatives for a vector configuration of Weight 4, Time 7, and Flow 6.",,3,5,0,0,Q(促音単発)
つるりん,tsururin,Manner or sound of つるりん: 「つるり」と響き渡る音、 or 余韻や弾力を伴う condition/state。,Psychomime (State/Manner),Dynamics,Neutral,Unvoiced (Light),Neutral,Reduplication,tsuɾuɾiŋ,3,6,7,5,5,5,787.3,5.22,6,4369.1,6.42,6,mc,3,#F0FFFF,98.9,-4.9,-1.7,"Reflecting unvoiced plosives and fricatives for a vector configuration of Weight 3, Time 6, and Flow 5.",,3,6,5,0,N(撥音単発)
つるん,tsurun,Manner or sound of つるん: 「つる」と響き渡る音、 or 余韻や弾力を伴う condition/state。,Psychomime (State/Manner),Dynamics,Neutral,Unvoiced (Light),Neutral,Reduplication,tsuɾuŋ,4,6,7,5,5,5,509.2,4.12,6,4145.6,6.33,6,0,4,#F0FFFF,98.9,-4.9,-1.7,"Reflecting unvoiced plosives and fricatives for a vector configuration of Weight 4, Time 6, and Flow 5.",,3,6,5,0,N(撥音単発)
つんけん,tsunken,Manner or sound of つんけん: 「つんけ」と響き渡る音、 or 余韻や弾力を伴う condition/state。,Psychomime (State/Manner),Dynamics,Neutral,Unvoiced (Light),Neutral,Reduplication,tsuŋkeŋ,4,7,8,6,4,4,573.8,4.42,6,5500.0,6.81,7,0,4,#FFFFFF,100.0,-0.0,0.0,"Reflecting unvoiced plosives and fricatives for a vector configuration of Weight 4, Time 7, and Flow 6.",,3,6,5,0,N(撥音単発)
つんつるてん,tsuntsuruten,Manner or sound of つんつるてん: 「つんつるて」と響き渡る音、 or 余韻や弾力を伴う condition/state。,Psychomime (State/Manner),Dynamics,Neutral,Unvoiced (Light),Neutral,Reduplication,tsuntsuɾuteŋ,4,5,6,5,6,5,368.1,3.30,5,2602.3,5.54,6,0,4,#FFFFFF,100.0,-0.0,0.0,"Reflecting unvoiced plosives and fricatives for a vector configuration of Weight 4, Time 5, and Flow 5.",,5,5,5,8,COMPOUND(複合・異種)
つーっ,tsu-t,Manner or sound of つーっ: 「つー」とする actionや phenomenonが瞬間的・急激に行われる音や state/manner.,Psychomime (State/Manner),Dynamics,Neutral,Unvoiced (Light),Neutral,Reduplication,tsuːʔ,4,4,6,6,6,4,880.2,5.51,4,7079.6,7.24,6,mh,5,#F0FFFF,98.9,-4.9,-1.7,"Reflecting unvoiced plosives and fricatives for a vector configuration of Weight 4, Time 4, and Flow 6.",,2,6,5,0,LONG(長音ー)
つーつー,tsu-tsu-,Manner or sound of つーつー: 「つー」という音や condition/stateが繰り返し連続して生じる manner.,Psychomime (State/Manner),Dynamics,Neutral,Unvoiced (Light),Neutral,Reduplication,tsuːtsuː,4,3,5,4,6,5,769.8,5.17,2,4352.7,6.41,6,mh,5,#F5F5F5,96.5,-0.0,0.0,"Reflecting unvoiced plosives and fricatives for a vector configuration of Weight 4, Time 3, and Flow 4.",,4,5,5,1,REDUP(畳語・同一)
つーん,tsu-n,Manner or sound of つーん: 「つー」と響き渡る音、 or 余韻や弾力を伴う condition/state。,Psychomime (State/Manner),Dynamics,Neutral,Unvoiced (Light),Neutral,Reduplication,tsuːŋ,4,4,6,5,5,4,887.5,5.53,2,6017.1,6.96,6,0,4,#E3C894,81.7,2.1,29.5,"Reflecting unvoiced plosives and fricatives for a vector configuration of Weight 4, Time 4, and Flow 5.",,3,7,5,0,LONG(長音ー)
てっぺんかけたか,tetpenkaketaka,Manner or sound of てっぺんかけたか: 「てっぺんかけたか」という感覚・音・ condition/stateを表す expression.,Psychomime (State/Manner),Dynamics,Neutral,Unvoiced (Light),Neutral,Reduplication,teppeŋkaketaka,4,6,5,4,6,3,515.1,4.15,6,4631.1,6.51,6,mh,5,#FFD700,86.9,-1.9,87.1,"Reflecting unvoiced plosives and nasal resonance for a vector configuration of Weight 4, Time 6, and Flow 4.",,5,5,5,8,COMPOUND(複合・異種)
てふてふ,tefutefu,Manner or sound of てふてふ: 「てふ」という音や condition/stateが繰り返し連続して生じる manner.,Psychomime (State/Manner),Dynamics,Neutral,Unvoiced (Light),Neutral,Reduplication,teɸuteɸu,3,4,3,4,7,5,433.3,3.71,4,2587.0,5.53,6,0,4,#708090,52.8,-2.1,-10.6,"Reflecting unvoiced plosives and fricatives for a vector configuration of Weight 3, Time 4, and Flow 4.",,4,5,5,1,REDUP(畳語・同一)
てれっ,teret,Manner or sound of てれっ: 「てれ」とする actionや phenomenonが瞬間的・急激に行われる音や state/manner.,Psychomime (State/Manner),Dynamics,Neutral,Unvoiced (Light),Neutral,Reduplication,teɾeʔ,4,7,6,6,6,4,565.1,4.38,7,7264.5,7.28,7,0,4,#000000,0.0,0.0,0.0,"Reflecting unvoiced plosives and flap consonant /ɾ/ for a vector configuration of Weight 4, Time 7, and Flow 6.",,2,5,0,0,Q(促音単発)
てれつく,teretsuku,Manner or sound of てれつく: 「てれつく」という感覚・音・ condition/stateを表す expression.,Psychomime (State/Manner),Dynamics,Neutral,Unvoiced (Light),Neutral,Reduplication,teɾetsuku,4,4,5,5,6,6,359.6,3.24,5,1761.9,4.87,7,mh,5,#4B0082,20.5,51.7,-53.3,"Reflecting unvoiced plosives and fricatives for a vector configuration of Weight 4, Time 4, and Flow 5.",,5,5,0,8,COMPOUND(複合・異種)
てんてん,tenten,Manner or sound of てんてん: 「てんて」と響き渡る音、 or 余韻や弾力を伴う condition/state。,Psychomime (State/Manner),Dynamics,Neutral,Unvoiced (Light),Neutral,Reduplication,tenteŋ,4,5,5,4,6,5,459.6,3.86,4,2667.7,5.58,6,0,4,#BEBEBE,77.0,-0.0,0.0,"Reflecting unvoiced plosives and nasal resonance for a vector configuration of Weight 4, Time 5, and Flow 4.",,4,5,5,1,REDUP(畳語・同一)
でくでく,dekudeku,Manner or sound of でくでく: 「でく」という音や condition/stateが繰り返し連続して生じる manner.,Psychomime (State/Manner),Dynamics,Neutral,Unvoiced (Light),Neutral,Reduplication,dekudeku,5,4,5,4,6,6,364.4,3.27,4,3184.0,5.88,7,0,4,#708090,52.8,-2.1,-10.6,"Reflecting voiced consonants and unvoiced plosives for a vector configuration of Weight 5, Time 4, and Flow 4.",,4,5,5,1,REDUP(畳語・同一)
でこでこ,dekodeko,Manner or sound of でこでこ: 「でこ」という音や condition/stateが繰り返し連続して生じる manner.,Psychomime (State/Manner),Dynamics,Neutral,Unvoiced (Light),Neutral,Reduplication,dekodeko,5,5,5,4,5,5,387.6,3.43,4,3420.4,6.00,6,0,4,#000000,0.0,0.0,0.0,"Reflecting voiced consonants and unvoiced plosives for a vector configuration of Weight 5, Time 5, and Flow 4.",,4,5,5,1,REDUP(畳語・同一)
でれり,dereri,Manner or sound of でれり: 「でれ」と一度だけ鮮やかに、あるいは滑らかに行われる action・ condition/state。,Psychomime (State/Manner),Dynamics,Neutral,Unvoiced (Light),Neutral,Reduplication,deɾeɾi,4,5,5,4,7,5,451.5,3.82,5,3699.8,6.13,6,mh,5,#FFFFFF,100.0,-0.0,0.0,"Reflecting voiced consonants and flap consonant /ɾ/ for a vector configuration of Weight 4, Time 5, and Flow 4.",,4,6,0,0,RI(り単発)
でれーっ,dere-t,Manner or sound of でれーっ: 「でれー」とする actionや phenomenonが瞬間的・急激に行われる音や state/manner.,Psychomime (State/Manner),Dynamics,Neutral,Unvoiced (Light),Neutral,Reduplication,deɾeːʔ,4,4,5,6,6,4,742.8,5.08,4,6417.2,7.07,7,mh,5,#FFC0CB,83.6,24.1,3.3,"Reflecting voiced consonants and flap consonant /ɾ/ for a vector configuration of Weight 4, Time 4, and Flow 6.",,2,6,5,0,LONG(長音ー)
でんでん,denden,Manner or sound of でんでん: 「でんで」と響き渡る音、 or 余韻や弾力を伴う condition/state。,Psychomime (State/Manner),Dynamics,Neutral,Unvoiced (Light),Neutral,Reduplication,dendeŋ,5,4,6,4,5,5,336.1,3.07,4,3727.2,6.15,7,0,4,#000000,0.0,0.0,0.0,"Reflecting voiced consonants and nasal resonance for a vector configuration of Weight 5, Time 4, and Flow 4.",,4,5,5,1,REDUP(畳語・同一)
でーん,de-n,Manner or sound of でーん: 「でー」と響き渡る音、 or 余韻や弾力を伴う condition/state。,Psychomime (State/Manner),Dynamics,Neutral,Unvoiced (Light),Neutral,Reduplication,deːŋ,5,3,6,5,5,5,762.7,5.14,2,5648.3,6.85,6,0,4,#77321E,30.2,28.8,27.1,"Reflecting voiced consonants and nasal resonance for a vector configuration of Weight 5, Time 3, and Flow 5.",,3,7,5,0,LONG(長音ー)
とうてんこう,toutenkou,Manner or sound of とうてんこう: 「とうてんこう」という感覚・音・ condition/stateを表す expression.,Psychomime (State/Manner),Dynamics,Neutral,Unvoiced (Light),Neutral,Reduplication,touteŋkou,4,4,4,4,6,5,304.5,2.82,5,1296.0,4.35,6,0,4,#708090,52.8,-2.1,-10.6,"Reflecting unvoiced plosives and nasal resonance for a vector configuration of Weight 4, Time 4, and Flow 4.",,5,5,5,8,COMPOUND(複合・異種)
とくとく,tokutoku,Manner or sound of とくとく: 「とく」という音や condition/stateが繰り返し連続して生じる manner.,Psychomime (State/Manner),Dynamics,Neutral,Unvoiced (Light),Neutral,Reduplication,tokutoku,4,5,4,5,6,5,344.0,3.13,5,2576.4,5.52,6,0,4,#FFFFFF,100.0,-0.0,0.0,"Reflecting unvoiced plosives for a vector configuration of Weight 4, Time 5, and Flow 5.",,4,5,5,1,REDUP(畳語・同一)
とげとげ,togetoge,Manner or sound of とげとげ: 「とげ」という音や condition/stateが繰り返し連続して生じる manner.,Psychomime (State/Manner),Dynamics,Neutral,Unvoiced (Light),Neutral,Reduplication,toɡetoɡe,5,4,4,4,6,6,329.9,3.02,4,2640.4,5.56,6,0,4,#DAA520,70.8,8.5,68.8,"Reflecting voiced consonants and unvoiced plosives for a vector configuration of Weight 5, Time 4, and Flow 4.",,4,5,5,1,REDUP(畳語・同一)
とってこう,tottekou,Manner or sound of とってこう: 「とってこう」という感覚・音・ condition/stateを表す expression.,Psychomime (State/Manner),Dynamics,Neutral,Unvoiced (Light),Neutral,Reduplication,tottekou,4,5,5,4,6,5,354.4,3.20,6,2259.5,5.30,6,mh,5,#8B4513,37.5,26.4,41.0,"Reflecting unvoiced plosives and geminate sokuon (sudden onset) for a vector configuration of Weight 4, Time 5, and Flow 4.",,5,5,0,8,COMPOUND(複合・異種)
とっぷり,totpuri,Manner or sound of とっぷり: 「とっぷ」と一度だけ鮮やかに、あるいは滑らかに行われる action・ condition/state。,Psychomime (State/Manner),Dynamics,Neutral,Unvoiced (Light),Neutral,Reduplication,toppuɾi,4,4,5,5,7,6,332.9,3.04,5,2246.5,5.29,7,mh,5,#000080,13.0,47.5,-64.7,"Reflecting unvoiced plosives and flap consonant /ɾ/ for a vector configuration of Weight 4, Time 4, and Flow 5.",,5,5,5,8,COMPOUND(複合・異種)
ととと,tototo,Manner or sound of ととと: 「ととと」という感覚・音・ condition/stateを表す expression.,Psychomime (State/Manner),Dynamics,Neutral,Unvoiced (Light),Neutral,Reduplication,tototo,5,4,4,5,6,5,316.7,2.92,6,2753.0,5.63,7,0,4,#FFFFFF,100.0,-0.0,0.0,"Reflecting unvoiced plosives for a vector configuration of Weight 5, Time 4, and Flow 5.",,5,5,0,8,COMPOUND(複合・異種)
ととんとんとん,totontonton,Manner or sound of ととんとんとん: 「ととんとんと」と響き渡る音、 or 余韻や弾力を伴う condition/state。,Psychomime (State/Manner),Dynamics,Neutral,Unvoiced (Light),Neutral,Reduplication,totontontoŋ,5,5,5,5,5,5,319.2,2.94,5,3349.7,5.96,7,0,4,#A0522D,43.8,29.3,35.6,"Reflecting unvoiced plosives and nasal resonance for a vector configuration of Weight 5, Time 5, and Flow 5.",,4,5,5,8,COMPOUND(複合・異種)
とろっ,torot,Manner or sound of とろっ: 「とろ」とする actionや phenomenonが瞬間的・急激に行われる音や state/manner.,Psychomime (State/Manner),Dynamics,Neutral,Unvoiced (Light),Neutral,Reduplication,toɾoʔ,4,7,6,6,6,4,490.1,4.02,7,6229.8,7.02,7,0,4,#000000,0.0,0.0,0.0,"Reflecting unvoiced plosives and flap consonant /ɾ/ for a vector configuration of Weight 4, Time 7, and Flow 6.",,2,5,0,0,Q(促音単発)
とろり,torori,Manner or sound of とろり: 「とろ」と一度だけ鮮やかに、あるいは滑らかに行われる action・ condition/state。,Psychomime (State/Manner),Dynamics,Neutral,Unvoiced (Light),Neutral,Reduplication,toɾoɾi,3,5,5,4,8,5,459.2,3.86,5,2646.5,5.56,6,mh,5,#FFFFFF,100.0,-0.0,0.0,"Reflecting unvoiced plosives and flap consonant /ɾ/ for a vector configuration of Weight 3, Time 5, and Flow 4.",,4,6,0,0,RI(り単発)
とろん,toron,Manner or sound of とろん: 「とろ」と響き渡る音、 or 余韻や弾力を伴う condition/state。,Psychomime (State/Manner),Dynamics,Neutral,Unvoiced (Light),Neutral,Reduplication,toɾoŋ,4,6,6,5,6,6,420.8,3.64,6,3478.7,6.03,7,0,4,#808080,53.6,-0.0,0.0,"Reflecting unvoiced plosives and nasal resonance for a vector configuration of Weight 4, Time 6, and Flow 5.",,3,6,5,0,N(撥音単発)
とろーり,toro-ri,Manner or sound of とろーり: 「とろー」と一度だけ鮮やかに、あるいは滑らかに行われる action・ condition/state。,Psychomime (State/Manner),Dynamics,Neutral,Unvoiced (Light),Neutral,Reduplication,toɾoːɾi,3,4,5,4,8,5,479.6,3.97,4,2648.3,5.57,6,mh,5,#FFFFFF,100.0,-0.0,0.0,"Reflecting unvoiced plosives and flap consonant /ɾ/ for a vector configuration of Weight 3, Time 4, and Flow 4.",,4,6,0,0,RI(り単発)
とをてくう,towotekuu,Manner or sound of とをてくう: 「とをてくう」という感覚・音・ condition/stateを表す expression.,Psychomime (State/Manner),Dynamics,Neutral,Unvoiced (Light),Neutral,Reduplication,tootekuu,4,4,4,5,6,6,294.9,2.74,4,1340.3,4.41,6,0,4,#F5F5DC,95.9,-4.2,12.0,"Reflecting unvoiced plosives for a vector configuration of Weight 4, Time 4, and Flow 5.",,5,5,0,8,COMPOUND(複合・異種)
とをるもう,toworumou,Manner or sound of とをるもう: 「とをるもう」という感覚・音・ condition/stateを表す expression.,Psychomime (State/Manner),Dynamics,Neutral,Unvoiced (Light),Neutral,Reduplication,tooɾumou,4,3,3,4,7,6,264.8,2.47,4,898.2,3.73,6,0,4,#8B4513,37.5,26.4,41.0,"Reflecting unvoiced plosives and nasal resonance for a vector configuration of Weight 4, Time 3, and Flow 4.",,5,5,0,8,COMPOUND(複合・異種)
どうどう,doudou,Manner or sound of どうどう: 「どう」という音や condition/stateが繰り返し連続して生じる manner.,Psychomime (State/Manner),Dynamics,Neutral,Unvoiced (Light),Neutral,Reduplication,doudou,6,4,4,5,6,6,257.9,2.40,4,5964.4,6.94,6,0,4,#A9A9A9,69.2,-0.0,0.0,"Reflecting voiced consonants for a vector configuration of Weight 6, Time 4, and Flow 5.",,4,5,5,1,REDUP(畳語・同一)
どおかああん,dookaaan,Manner or sound of どおかああん: 「どおかああ」と響き渡る音、 or 余韻や弾力を伴う condition/state。,Psychomime (State/Manner),Dynamics,Neutral,Unvoiced (Light),Neutral,Reduplication,dookaaaŋ,6,5,5,4,5,5,138.6,0.83,5,4626.3,6.51,6,mh,5,#000000,0.0,0.0,0.0,"Reflecting voiced consonants and unvoiced plosives for a vector configuration of Weight 6, Time 5, and Flow 4.",,5,5,5,8,COMPOUND(複合・異種)
どかーん,doka-n,Manner or sound of どかーん: 「どかー」と響き渡る音、 or 余韻や弾力を伴う condition/state。,Psychomime (State/Manner),Dynamics,Neutral,Unvoiced (Light),Neutral,Reduplication,dokaːŋ,5,4,7,4,5,4,668.7,4.81,3,8501.9,7.55,6,mh,5,#DAA520,70.8,8.5,68.8,"Reflecting voiced consonants and unvoiced plosives for a vector configuration of Weight 5, Time 4, and Flow 4.",,3,7,5,0,LONG(長音ー)
どがん,dogan,Manner or sound of どがん: 「どが」と響き渡る音、 or 余韻や弾力を伴う condition/state。,Psychomime (State/Manner),Dynamics,Neutral,Unvoiced (Light),Neutral,Reduplication,doɡaŋ,6,7,7,6,4,5,268.0,2.50,6,6768.2,7.16,7,0,4,#808080,53.6,-0.0,0.0,"Reflecting voiced consonants and nasal resonance for a vector configuration of Weight 6, Time 7, and Flow 6.",,3,6,5,0,N(撥音単発)
どきり,dokiri,Manner or sound of どきり: 「どき」と一度だけ鮮やかに、あるいは滑らかに行われる action・ condition/state。,Psychomime (State/Manner),Dynamics,Neutral,Unvoiced (Light),Neutral,Reduplication,dokiɾi,4,7,7,5,6,4,592.6,4.50,7,7744.1,7.39,7,mh,5,#FFFFFF,100.0,-0.0,0.0,"Reflecting voiced consonants and unvoiced plosives for a vector configuration of Weight 4, Time 7, and Flow 5.",,4,6,0,0,RI(り単発)
どきん,dokin,Manner or sound of どきん: 「どき」と響き渡る音、 or 余韻や弾力を伴う condition/state。,Psychomime (State/Manner),Dynamics,Neutral,Unvoiced (Light),Neutral,Reduplication,dokiŋ,5,7,8,6,4,5,586.7,4.48,7,8303.2,7.51,7,0,4,#FFD700,86.9,-1.9,87.1,"Reflecting voiced consonants and unvoiced plosives for a vector configuration of Weight 5, Time 7, and Flow 6.",,3,6,5,0,N(撥音単発)
どきんどきん,dokindokin,Manner or sound of どきんどきん: 「どきんどき」と響き渡る音、 or 余韻や弾力を伴う condition/state。,Psychomime (State/Manner),Dynamics,Neutral,Unvoiced (Light),Neutral,Reduplication,dokindokiŋ,6,6,7,6,4,5,549.6,4.31,5,9601.9,7.75,7,mh,5,#FF4500,57.6,67.8,69.0,"Reflecting voiced consonants and unvoiced plosives for a vector configuration of Weight 6, Time 6, and Flow 6.",,4,5,5,1,REDUP(畳語・同一)
どくどく,dokudoku,Manner or sound of どくどく: 「どく」という音や condition/stateが繰り返し連続して生じる manner.,Psychomime (State/Manner),Dynamics,Neutral,Unvoiced (Light),Neutral,Reduplication,dokudoku,6,5,4,6,5,6,174.2,1.41,5,5643.2,6.85,7,0,4,#4B0082,20.5,51.7,-53.3,"Reflecting voiced consonants and unvoiced plosives for a vector configuration of Weight 6, Time 5, and Flow 6.",,4,5,5,1,REDUP(畳語・同一)
どさっ,dosat,Manner or sound of どさっ: 「どさ」とする actionや phenomenonが瞬間的・急激に行われる音や state/manner.,Psychomime (State/Manner),Dynamics,Neutral,Unvoiced (Light),Neutral,Reduplication,dosaʔ,6,8,7,6,6,3,462.2,3.88,8,10731.3,7.94,7,0,4,#000000,0.0,0.0,0.0,"Reflecting voiced consonants and fricatives for a vector configuration of Weight 6, Time 8, and Flow 6.",,2,5,0,0,Q(促音単発)
どさどさ,dosadosa,Manner or sound of どさどさ: 「どさ」という音や condition/stateが繰り返し連続して生じる manner.,Psychomime (State/Manner),Dynamics,Neutral,Unvoiced (Light),Neutral,Reduplication,dosadosa,6,5,4,4,6,4,350.4,3.17,5,9136.7,7.67,5,0,4,#8B4513,37.5,26.4,41.0,"Reflecting voiced consonants and fricatives for a vector configuration of Weight 6, Time 5, and Flow 4.",,4,5,5,1,REDUP(畳語・同一)
どさどさっ,dosadosat,Manner or sound of どさどさっ: 「どさどさ」とする actionや phenomenonが瞬間的・急激に行われる音や state/manner.,Psychomime (State/Manner),Dynamics,Neutral,Unvoiced (Light),Neutral,Reduplication,dosadosaʔ,6,8,6,6,6,3,423.2,3.65,8,11533.3,8.06,7,0,4,#000000,0.0,0.0,0.0,"Reflecting voiced consonants and fricatives for a vector configuration of Weight 6, Time 8, and Flow 6.",,3,5,0,0,Q(促音単発)
どさり,dosari,Manner or sound of どさり: 「どさ」と一度だけ鮮やかに、あるいは滑らかに行われる action・ condition/state。,Psychomime (State/Manner),Dynamics,Neutral,Unvoiced (Light),Neutral,Reduplication,dosaɾi,4,6,6,4,7,4,423.3,3.65,6,6255.4,7.03,6,mh,5,#FFFFFF,100.0,-0.0,0.0,"Reflecting voiced consonants and fricatives for a vector configuration of Weight 4, Time 6, and Flow 4.",,4,6,0,0,RI(り単発)
どさん,dosan,Manner or sound of どさん: 「どさ」と響き渡る音、 or 余韻や弾力を伴う condition/state。,Psychomime (State/Manner),Dynamics,Neutral,Unvoiced (Light),Neutral,Reduplication,dosaŋ,6,7,7,5,5,4,393.4,3.47,7,8161.9,7.48,7,0,4,#808080,53.6,-0.0,0.0,"Reflecting voiced consonants and fricatives for a vector configuration of Weight 6, Time 7, and Flow 5.",,3,6,5,0,N(撥音単発)
どしっ,doshit,Manner or sound of どしっ: 「どし」とする actionや phenomenonが瞬間的・急激に行われる音や state/manner.,Psychomime (State/Manner),Dynamics,Neutral,Unvoiced (Light),Neutral,Reduplication,doɕiʔ,6,8,7,7,5,4,517.4,4.16,8,11064.4,7.99,8,0,4,#000000,0.0,0.0,0.0,"Reflecting voiced consonants and fricatives for a vector configuration of Weight 6, Time 8, and Flow 7.",,2,5,0,0,Q(促音単発)
どしん,doshin,Manner or sound of どしん: 「どし」と響き渡る音、 or 余韻や弾力を伴う condition/state。,Psychomime (State/Manner),Dynamics,Neutral,Unvoiced (Light),Neutral,Reduplication,doɕiŋ,6,7,8,6,4,5,452.7,3.82,7,8700.7,7.59,7,mc,3,#000000,0.0,0.0,0.0,"Reflecting voiced consonants and fricatives for a vector configuration of Weight 6, Time 7, and Flow 6.",,3,6,5,0,N(撥音単発)
どしーん,doshi-n,Manner or sound of どしーん: 「どしー」と響き渡る音、 or 余韻や弾力を伴う condition/state。,Psychomime (State/Manner),Dynamics,Neutral,Unvoiced (Light),Neutral,Reduplication,doɕiːŋ,5,5,7,5,5,4,878.9,5.50,3,9905.7,7.81,6,0,4,#000000,0.0,0.0,0.0,"Reflecting voiced consonants and fricatives for a vector configuration of Weight 5, Time 5, and Flow 5.",,3,7,5,0,LONG(長音ー)
どすどす,dosudosu,Manner or sound of どすどす: 「どす」という音や condition/stateが繰り返し連続して生じる manner.,Psychomime (State/Manner),Dynamics,Neutral,Unvoiced (Light),Neutral,Reduplication,dosudosu,6,5,5,5,6,4,343.3,3.12,5,9016.3,7.65,6,0,4,#2F4F4F,31.3,-11.7,-3.7,"Reflecting voiced consonants and fricatives for a vector configuration of Weight 6, Time 5, and Flow 5.",,4,5,5,1,REDUP(畳語・同一)
どすん,dosun,Manner or sound of どすん: 「どす」と響き渡る音、 or 余韻や弾力を伴う condition/state。,Psychomime (State/Manner),Dynamics,Neutral,Unvoiced (Light),Neutral,Reduplication,dosuŋ,6,7,7,6,5,4,341.7,3.11,7,9133.1,7.67,7,0,4,#2F4F4F,31.3,-11.7,-3.7,"Reflecting voiced consonants and fricatives for a vector configuration of Weight 6, Time 7, and Flow 6.",,3,6,5,0,N(撥音単発)
どすんどしん,dosundoshin,Manner or sound of どすんどしん: 「どすんどし」と響き渡る音、 or 余韻や弾力を伴う condition/state。,Psychomime (State/Manner),Dynamics,Neutral,Unvoiced (Light),Neutral,Reduplication,dosundoɕiŋ,7,6,7,6,4,5,218.1,1.97,6,9764.5,7.78,7,0,4,#2F4F4F,31.3,-11.7,-3.7,"Reflecting voiced consonants and fricatives for a vector configuration of Weight 7, Time 6, and Flow 6.",,5,5,5,8,COMPOUND(複合・異種)
どすーん,dosu-n,Manner or sound of どすーん: 「どすー」と響き渡る音、 or 余韻や弾力を伴う condition/state。,Psychomime (State/Manner),Dynamics,Neutral,Unvoiced (Light),Neutral,Reduplication,dosuːŋ,5,4,6,5,5,4,681.8,4.86,3,9060.7,7.66,6,0,4,#2F4F4F,31.3,-11.7,-3.7,"Reflecting voiced consonants and fricatives for a vector configuration of Weight 5, Time 4, and Flow 5.",,3,7,5,0,LONG(長音ー)
どたっ,dotat,Manner or sound of どたっ: 「どた」とする actionや phenomenonが瞬間的・急激に行われる音や state/manner.,Psychomime (State/Manner),Dynamics,Neutral,Unvoiced (Light),Neutral,Reduplication,dotaʔ,6,8,7,7,5,4,365.1,3.28,8,9978.3,7.82,8,0,4,#000000,0.0,0.0,0.0,"Reflecting voiced consonants and unvoiced plosives for a vector configuration of Weight 6, Time 8, and Flow 7.",,2,5,0,0,Q(促音単発)
どたどた,dotadota,Manner or sound of どたどた: 「どた」という音や condition/stateが繰り返し連続して生じる manner.,Psychomime (State/Manner),Dynamics,Neutral,Unvoiced (Light),Neutral,Reduplication,dotadota,6,6,4,4,6,6,202.8,1.79,5,6877.2,7.19,7,0,4,#8B4513,37.5,26.4,41.0,"Reflecting voiced consonants and unvoiced plosives for a vector configuration of Weight 6, Time 6, and Flow 4.",,4,5,5,1,REDUP(畳語・同一)
どたり,dotari,Manner or sound of どたり: 「どた」と一度だけ鮮やかに、あるいは滑らかに行われる action・ condition/state。,Psychomime (State/Manner),Dynamics,Neutral,Unvoiced (Light),Neutral,Reduplication,dotaɾi,4,6,6,5,7,5,320.4,2.95,6,5315.9,6.75,6,mh,5,#FFFFFF,100.0,-0.0,0.0,"Reflecting voiced consonants and unvoiced plosives for a vector configuration of Weight 4, Time 6, and Flow 5.",,4,6,0,0,RI(り単発)
どたりばたり,dotaribatari,Manner or sound of どたりばたり: 「どたりばた」と一度だけ鮮やかに、あるいは滑らかに行われる action・ condition/state。,Psychomime (State/Manner),Dynamics,Neutral,Unvoiced (Light),Neutral,Reduplication,dotaɾibataɾi,5,7,6,5,6,5,320.2,2.95,7,6244.4,7.02,6,mh,5,#8B4513,37.5,26.4,41.0,"Reflecting voiced consonants and unvoiced plosives for a vector configuration of Weight 5, Time 7, and Flow 5.",,4,6,0,0,RI(り単発)
どたん,dotan,Manner or sound of どたん: 「どた」と響き渡る音、 or 余韻や弾力を伴う condition/state。,Psychomime (State/Manner),Dynamics,Neutral,Unvoiced (Light),Neutral,Reduplication,dotaŋ,6,7,7,6,5,5,301.3,2.79,7,6957.6,7.21,7,0,4,#808080,53.6,-0.0,0.0,"Reflecting voiced consonants and unvoiced plosives for a vector configuration of Weight 6, Time 7, and Flow 6.",,3,6,5,0,N(撥音単発)
どたんばたん,dotanbatan,Manner or sound of どたんばたん: 「どたんばた」と響き渡る音、 or 余韻や弾力を伴う condition/state。,Psychomime (State/Manner),Dynamics,Neutral,Unvoiced (Light),Neutral,Reduplication,dotambataŋ,7,6,6,5,5,6,100.0,0.00,6,6921.5,7.20,7,mh,5,#8B4513,37.5,26.4,41.0,"Reflecting voiced consonants and unvoiced plosives for a vector configuration of Weight 7, Time 6, and Flow 5.",,5,5,5,8,COMPOUND(複合・異種)
どたーっ,dota-t,Manner or sound of どたーっ: 「どたー」とする actionや phenomenonが瞬間的・急激に行われる音や state/manner.,Psychomime (State/Manner),Dynamics,Neutral,Unvoiced (Light),Neutral,Reduplication,dotaːʔ,5,5,6,6,6,4,660.8,4.78,5,8787.6,7.60,7,mh,5,#FF0000,53.2,80.1,67.2,"Reflecting voiced consonants and unvoiced plosives for a vector configuration of Weight 5, Time 5, and Flow 6.",,2,6,5,0,LONG(長音ー)
どたーん,dota-n,Manner or sound of どたーん: 「どたー」と響き渡る音、 or 余韻や弾力を伴う condition/state。,Psychomime (State/Manner),Dynamics,Neutral,Unvoiced (Light),Neutral,Reduplication,dotaːŋ,6,4,6,4,5,5,645.0,4.72,3,7987.6,7.44,6,0,4,#FFD700,86.9,-1.9,87.1,"Reflecting voiced consonants and unvoiced plosives for a vector configuration of Weight 6, Time 4, and Flow 4.",,3,7,5,0,LONG(長音ー)
どっ,dot,Manner or sound of どっ: 「ど」とする actionや phenomenonが瞬間的・急激に行われる音や state/manner.,Psychomime (State/Manner),Dynamics,Neutral,Unvoiced (Light),Neutral,Reduplication,doʔ,6,8,7,7,5,4,416.7,3.61,8,9557.9,7.75,8,0,4,#000000,0.0,0.0,0.0,"Reflecting voiced consonants and geminate sokuon (sudden onset) for a vector configuration of Weight 6, Time 8, and Flow 7.",,2,5,0,0,Q(促音単発)
どっか,dotka,Manner or sound of どっか: 「どっか」という感覚・音・ condition/stateを表す expression.,Psychomime (State/Manner),Dynamics,Neutral,Unvoiced (Light),Neutral,Reduplication,dokka,6,6,6,5,6,4,283.1,2.63,7,5908.9,6.93,7,mh,5,#000000,0.0,0.0,0.0,"Reflecting voiced consonants and unvoiced plosives for a vector configuration of Weight 6, Time 6, and Flow 5.",,5,5,0,8,COMPOUND(複合・異種)
どッキリ,doッキリ,Manner or sound of どッキリ: 「どッキリ」という感覚・音・ condition/stateを表す expression.,Psychomime (State/Manner),Dynamics,Neutral,Unvoiced (Light),Neutral,Reduplication,doʔキリ,6,5,5,6,6,5,276.2,2.57,6,6432.6,7.07,7,0,4,#000000,0.0,0.0,0.0,"Reflecting voiced consonants and geminate sokuon (sudden onset) for a vector configuration of Weight 6, Time 5, and Flow 6.",,5,5,0,8,COMPOUND(複合・異種)
どっきん,dotkin,Manner or sound of どっきん: 「どっき」と響き渡る音、 or 余韻や弾力を伴う condition/state。,Psychomime (State/Manner),Dynamics,Neutral,Unvoiced (Light),Neutral,Reduplication,dokkiŋ,6,7,8,6,4,4,622.0,4.63,7,8520.6,7.55,8,0,4,#FFD700,86.9,-1.9,87.1,"Reflecting voiced consonants and unvoiced plosives for a vector configuration of Weight 6, Time 7, and Flow 6.",,3,6,5,0,N(撥音単発)
どっきんどっきん,dotkindotkin,Manner or sound of どっきんどっきん: 「どっきんどっき」と響き渡る音、 or 余韻や弾力を伴う condition/state。,Psychomime (State/Manner),Dynamics,Neutral,Unvoiced (Light),Neutral,Reduplication,dokkindokkiŋ,6,7,7,5,4,4,600.0,4.54,6,9808.2,7.79,8,mh,5,#FFD700,86.9,-1.9,87.1,"Reflecting voiced consonants and unvoiced plosives for a vector configuration of Weight 6, Time 7, and Flow 5.",,4,5,5,1,REDUP(畳語・同一)
どてっ,dotet,Manner or sound of どてっ: 「どて」とする actionや phenomenonが瞬間的・急激に行われる音や state/manner.,Psychomime (State/Manner),Dynamics,Neutral,Unvoiced (Light),Neutral,Reduplication,doteʔ,6,7,6,7,5,4,398.3,3.50,8,9081.2,7.66,8,0,4,#000000,0.0,0.0,0.0,"Reflecting voiced consonants and unvoiced plosives for a vector configuration of Weight 6, Time 7, and Flow 7.",,2,5,0,0,Q(促音単発)
どてん,doten,Manner or sound of どてん: 「どて」と響き渡る音、 or 余韻や弾力を伴う condition/state。,Psychomime (State/Manner),Dynamics,Neutral,Unvoiced (Light),Neutral,Reduplication,doteŋ,6,6,7,6,5,5,312.8,2.89,6,5563.8,6.83,7,mc,3,#808080,53.6,-0.0,0.0,"Reflecting voiced consonants and unvoiced plosives for a vector configuration of Weight 6, Time 6, and Flow 6.",,3,6,5,0,N(撥音単発)
どでっ,dodet,Manner or sound of どでっ: 「どで」とする actionや phenomenonが瞬間的・急激に行われる音や state/manner.,Psychomime (State/Manner),Dynamics,Neutral,Unvoiced (Light),Neutral,Reduplication,dodeʔ,6,7,6,7,5,4,419.4,3.63,8,9680.5,7.77,8,0,4,#000000,0.0,0.0,0.0,"Reflecting voiced consonants and geminate sokuon (sudden onset) for a vector configuration of Weight 6, Time 7, and Flow 7.",,2,5,0,0,Q(促音単発)
どどっ,dodot,Manner or sound of どどっ: 「どど」とする actionや phenomenonが瞬間的・急激に行われる音や state/manner.,Psychomime (State/Manner),Dynamics,Neutral,Unvoiced (Light),Neutral,Reduplication,dodoʔ,6,8,7,7,5,4,344.9,3.13,8,10207.1,7.86,8,0,4,#000000,0.0,0.0,0.0,"Reflecting voiced consonants and geminate sokuon (sudden onset) for a vector configuration of Weight 6, Time 8, and Flow 7.",,2,5,0,0,Q(促音単発)
どどん,dodon,Manner or sound of どどん: 「どど」と響き渡る音、 or 余韻や弾力を伴う condition/state。,Psychomime (State/Manner),Dynamics,Neutral,Unvoiced (Light),Neutral,Reduplication,dodoŋ,6,7,7,6,4,5,256.6,2.39,7,8059.4,7.46,8,0,4,#808080,53.6,-0.0,0.0,"Reflecting voiced consonants and nasal resonance for a vector configuration of Weight 6, Time 7, and Flow 6.",,3,6,5,0,N(撥音単発)
どばっ,dobat,Manner or sound of どばっ: 「どば」とする actionや phenomenonが瞬間的・急激に行われる音や state/manner.,Psychomime (State/Manner),Dynamics,Neutral,Unvoiced (Light),Neutral,Reduplication,dobaʔ,6,8,7,6,5,4,383.7,3.40,8,11267.0,8.03,8,mh,5,#FF8C00,69.5,36.8,75.5,"Reflecting voiced consonants and geminate sokuon (sudden onset) for a vector configuration of Weight 6, Time 8, and Flow 6.",,2,5,0,0,Q(促音単発)
どばーっ,doba-t,Manner or sound of どばーっ: 「どばー」とする actionや phenomenonが瞬間的・急激に行われる音や state/manner.,Psychomime (State/Manner),Dynamics,Neutral,Unvoiced (Light),Neutral,Reduplication,dobaːʔ,6,5,6,6,6,4,659.7,4.78,5,10165.5,7.85,7,mh,5,#FF0000,53.2,80.1,67.2,"Reflecting voiced consonants and geminate sokuon (sudden onset) for a vector configuration of Weight 6, Time 5, and Flow 6.",,2,6,5,0,LONG(長音ー)
どぶどぶ,dobudobu,Manner or sound of どぶどぶ: 「どぶ」という音や condition/stateが繰り返し連続して生じる manner.,Psychomime (State/Manner),Dynamics,Neutral,Unvoiced (Light),Neutral,Reduplication,dobudobu,7,5,4,5,7,7,152.9,1.07,4,8859.5,7.62,7,0,4,#191970,15.9,31.7,-49.6,"Reflecting voiced consonants for a vector configuration of Weight 7, Time 5, and Flow 5.",,4,5,5,1,REDUP(畳語・同一)
どぶり,doburi,Manner or sound of どぶり: 「どぶ」と一度だけ鮮やかに、あるいは滑らかに行われる action・ condition/state。,Psychomime (State/Manner),Dynamics,Neutral,Unvoiced (Light),Neutral,Reduplication,dobuɾi,5,6,6,5,7,6,280.3,2.61,6,6848.1,7.18,7,mh,5,#FFFFFF,100.0,-0.0,0.0,"Reflecting voiced consonants and flap consonant /ɾ/ for a vector configuration of Weight 5, Time 6, and Flow 5.",,4,6,0,0,RI(り単発)
どろっ,dorot,Manner or sound of どろっ: 「どろ」とする actionや phenomenonが瞬間的・急激に行われる音や state/manner.,Psychomime (State/Manner),Dynamics,Neutral,Unvoiced (Light),Neutral,Reduplication,doɾoʔ,5,7,7,6,6,4,365.8,3.28,8,8083.5,7.46,8,0,4,#000000,0.0,0.0,0.0,"Reflecting voiced consonants and flap consonant /ɾ/ for a vector configuration of Weight 5, Time 7, and Flow 6.",,2,5,0,0,Q(促音単発)
どろり,dorori,Manner or sound of どろり: 「どろ」と一度だけ鮮やかに、あるいは滑らかに行われる action・ condition/state。,Psychomime (State/Manner),Dynamics,Neutral,Unvoiced (Light),Neutral,Reduplication,doɾoɾi,4,5,5,4,8,5,342.5,3.12,6,4383.2,6.42,6,mh,5,#FFFFFF,100.0,-0.0,0.0,"Reflecting voiced consonants and flap consonant /ɾ/ for a vector configuration of Weight 4, Time 5, and Flow 4.",,4,6,0,0,RI(り単発)
どろーり,doro-ri,Manner or sound of どろーり: 「どろー」と一度だけ鮮やかに、あるいは滑らかに行われる action・ condition/state。,Psychomime (State/Manner),Dynamics,Neutral,Unvoiced (Light),Neutral,Reduplication,doɾoːɾi,4,5,6,4,8,5,360.9,3.25,5,4413.6,6.43,6,mh,5,#FFFFFF,100.0,-0.0,0.0,"Reflecting voiced consonants and flap consonant /ɾ/ for a vector configuration of Weight 4, Time 5, and Flow 4.",,4,6,0,0,RI(り単発)
どん,don,Manner or sound of どん: 「ど」と響き渡る音、 or 余韻や弾力を伴う condition/state。,Psychomime (State/Manner),Dynamics,Neutral,Unvoiced (Light),Neutral,Reduplication,doŋ,6,7,7,6,4,5,327.2,3.00,7,7312.8,7.29,7,0,4,#808080,53.6,-0.0,0.0,"Reflecting voiced consonants and nasal resonance for a vector configuration of Weight 6, Time 7, and Flow 6.",,3,6,5,0,N(撥音単発)
どんどどん,dondodon,Manner or sound of どんどどん: 「どんどど」と響き渡る音、 or 余韻や弾力を伴う condition/state。,Psychomime (State/Manner),Dynamics,Neutral,Unvoiced (Light),Neutral,Reduplication,dondodoŋ,7,6,6,6,4,6,100.0,0.00,6,7897.4,7.42,8,mh,5,#8B0000,28.1,51.0,41.3,"Reflecting voiced consonants and nasal resonance for a vector configuration of Weight 7, Time 6, and Flow 6.",,5,5,5,8,COMPOUND(複合・異種)
どんぴしゃり,donpishari,Manner or sound of どんぴしゃり: 「どんぴしゃ」と一度だけ鮮やかに、あるいは滑らかに行われる action・ condition/state。,Psychomime (State/Manner),Dynamics,Neutral,Unvoiced (Light),Neutral,Reduplication,dompiɕaɾi,5,6,6,5,6,5,549.8,4.31,6,7868.0,7.42,7,mh,5,#FFFFFF,100.0,-0.0,0.0,"Reflecting voiced consonants and unvoiced plosives for a vector configuration of Weight 5, Time 6, and Flow 5.",,5,5,5,8,COMPOUND(複合・異種)
どーっ,do-t,Manner or sound of どーっ: 「どー」とする actionや phenomenonが瞬間的・急激に行われる音や state/manner.,Psychomime (State/Manner),Dynamics,Neutral,Unvoiced (Light),Neutral,Reduplication,doːʔ,5,5,6,6,6,4,695.3,4.91,5,9061.0,7.66,7,mh,5,#F0FFFF,98.9,-4.9,-1.7,"Reflecting voiced consonants and geminate sokuon (sudden onset) for a vector configuration of Weight 5, Time 5, and Flow 6.",,2,7,5,0,LONG(長音ー)
どーど,do-do,Manner or sound of どーど: 音が長く尾を引いて持続する音や condition/state。,Psychomime (State/Manner),Dynamics,Neutral,Unvoiced (Light),Neutral,Reduplication,doːdo,5,3,5,5,7,5,661.3,4.78,2,8063.4,7.46,6,0,4,#FFD700,86.9,-1.9,87.1,"Reflecting voiced consonants and long vowel extension for a vector configuration of Weight 5, Time 3, and Flow 5.",,2,7,5,0,LONG(長音ー)
どーん,do-n,Manner or sound of どーん: 「どー」と響き渡る音、 or 余韻や弾力を伴う condition/state。,Psychomime (State/Manner),Dynamics,Neutral,Unvoiced (Light),Neutral,Reduplication,doːŋ,5,4,6,5,5,5,684.5,4.87,3,8199.4,7.49,6,0,4,#FFFF00,97.1,-21.6,94.5,"Reflecting voiced consonants and nasal resonance for a vector configuration of Weight 5, Time 4, and Flow 5.",,3,7,5,0,LONG(長音ー)
にこ,niko,Manner or sound of にこ: 「にこ」という感覚・音・ condition/stateを表す expression.,Psychomime (State/Manner),Dynamics,Neutral,Unvoiced (Light),Neutral,Reduplication,niko,3,5,5,5,6,5,757.0,5.12,5,2141.8,5.21,6,mh,5,#FFFF00,97.1,-21.6,94.5,"Reflecting unvoiced plosives and nasal resonance for a vector configuration of Weight 3, Time 5, and Flow 5.",,5,5,0,8,COMPOUND(複合・異種)
にこー,niko-,Manner or sound of にこー: 音が長く尾を引いて持続する音や condition/state。,Psychomime (State/Manner),Dynamics,Neutral,Unvoiced (Light),Neutral,Reduplication,nikoː,3,3,5,4,7,4,1162.7,6.21,2,4981.5,6.64,5,mh,5,#FF0000,53.2,80.1,67.2,"Reflecting unvoiced plosives and nasal resonance for a vector configuration of Weight 3, Time 3, and Flow 4.",,2,7,5,0,LONG(長音ー)
にたりにたり,nitarinitari,Manner or sound of にたりにたり: 「にたりにた」と一度だけ鮮やかに、あるいは滑らかに行われる action・ condition/state。,Psychomime (State/Manner),Dynamics,Neutral,Unvoiced (Light),Neutral,Reduplication,nitaɾinitaɾi,3,5,4,5,6,5,554.5,4.34,5,2371.2,5.38,6,0,4,#9ACD32,76.5,-38.0,66.6,"Reflecting unvoiced plosives and nasal resonance for a vector configuration of Weight 3, Time 5, and Flow 5.",,4,5,5,1,REDUP(畳語・同一)
にちゃにちゃ,nichanicha,Manner or sound of にちゃにちゃ: 「にちゃ」という音や condition/stateが繰り返し連続して生じる manner.,Psychomime (State/Manner),Dynamics,Neutral,Unvoiced (Light),Neutral,Reduplication,nitɕanitɕa,3,5,4,4,5,6,1175.1,6.24,5,5930.2,6.93,7,0,4,#FFC0CB,83.6,24.1,3.3,"Reflecting unvoiced plosives and fricatives for a vector configuration of Weight 3, Time 5, and Flow 4.",,4,5,5,1,REDUP(畳語・同一)
にっこ,nitko,Manner or sound of にっこ: 「にっこ」という感覚・音・ condition/stateを表す expression.,Psychomime (State/Manner),Dynamics,Neutral,Unvoiced (Light),Neutral,Reduplication,nikko,4,6,5,5,6,4,708.9,4.96,6,3064.5,5.81,7,mh,5,#FF0000,53.2,80.1,67.2,"Reflecting unvoiced plosives and nasal resonance for a vector configuration of Weight 4, Time 6, and Flow 5.",,5,5,0,8,COMPOUND(複合・異種)
にっこにこ,nitkoniko,Manner or sound of にっこにこ: 「にっこにこ」という感覚・音・ condition/stateを表す expression.,Psychomime (State/Manner),Dynamics,Neutral,Unvoiced (Light),Neutral,Reduplication,nikkoniko,3,6,5,5,6,4,900.0,5.56,6,3279.6,5.93,6,mh,5,#FFFF00,97.1,-21.6,94.5,"Reflecting unvoiced plosives and nasal resonance for a vector configuration of Weight 3, Time 6, and Flow 5.",,5,5,0,8,COMPOUND(複合・異種)
にっこり,nitkori,Manner or sound of にっこり: 「にっこ」と一度だけ鮮やかに、あるいは滑らかに行われる action・ condition/state。,Psychomime (State/Manner),Dynamics,Neutral,Unvoiced (Light),Neutral,Reduplication,nikkoɾi,3,5,5,5,6,4,665.0,4.80,6,2774.3,5.64,6,mh,5,#FFFFFF,100.0,-0.0,0.0,"Reflecting unvoiced plosives and nasal resonance for a vector configuration of Weight 3, Time 5, and Flow 5.",,5,5,5,8,COMPOUND(複合・異種)
にゃごにゃご,nyagonyago,Manner or sound of にゃごにゃご: 「にゃご」という音や condition/stateが繰り返し連続して生じる manner.,Psychomime (State/Manner),Dynamics,Neutral,Unvoiced (Light),Neutral,Reduplication,ɲaɡoɲaɡo,4,4,3,4,6,6,369.0,3.31,3,3822.6,6.19,7,0,4,#ADFF2F,92.0,-52.5,81.9,"Reflecting voiced consonants and nasal resonance for a vector configuration of Weight 4, Time 4, and Flow 4.",,4,5,5,1,REDUP(畳語・同一)
にゃごーにゃごー,nyago-nyago-,Manner or sound of にゃごーにゃごー: 「にゃごー」という音や condition/stateが繰り返し連続して生じる manner.,Psychomime (State/Manner),Dynamics,Neutral,Unvoiced (Light),Neutral,Reduplication,ɲaɡoːɲaɡoː,5,4,4,3,7,6,437.6,3.74,2,4218.6,6.36,7,0,4,#4682B4,52.5,-4.1,-32.2,"Reflecting voiced consonants and nasal resonance for a vector configuration of Weight 5, Time 4, and Flow 3.",,4,5,5,1,REDUP(畳語・同一)
にゃん,nyan,Manner or sound of にゃん: 「にゃ」と響き渡る音、 or 余韻や弾力を伴う condition/state。,Psychomime (State/Manner),Dynamics,Neutral,Unvoiced (Light),Neutral,Reduplication,ɲaŋ,4,6,6,5,5,6,546.5,4.30,5,5423.5,6.78,7,0,4,#808080,53.6,-0.0,0.0,"Reflecting nasal resonance for a vector configuration of Weight 4, Time 6, and Flow 5.",,3,6,5,0,N(撥音単発)
にゃんにゃん,nyannyan,Manner or sound of にゃんにゃん: 「にゃんにゃ」と響き渡る音、 or 余韻や弾力を伴う condition/state。,Psychomime (State/Manner),Dynamics,Neutral,Unvoiced (Light),Neutral,Reduplication,ɲanɲaŋ,4,5,5,3,6,7,489.6,4.02,4,5479.7,6.80,7,mh,5,#FFB6C1,81.1,28.0,5.0,"Reflecting nasal resonance for a vector configuration of Weight 4, Time 5, and Flow 3.",,4,5,5,1,REDUP(畳語・同一)
にゃーごにゃーご,nya-gonya-go,Manner or sound of にゃーごにゃーご: 「にゃーご」という音や condition/stateが繰り返し連続して生じる manner.,Psychomime (State/Manner),Dynamics,Neutral,Unvoiced (Light),Neutral,Reduplication,ɲaːɡoɲaːɡo,5,4,4,3,7,6,544.0,4.29,2,4541.1,6.48,7,0,4,#FFB6C1,81.1,28.0,5.0,"Reflecting voiced consonants and nasal resonance for a vector configuration of Weight 5, Time 4, and Flow 3.",,4,5,5,1,REDUP(畳語・同一)
にやっ,niyat,Manner or sound of にやっ: 「にや」とする actionや phenomenonが瞬間的・急激に行われる音や state/manner.,Psychomime (State/Manner),Dynamics,Neutral,Unvoiced (Light),Neutral,Reduplication,nijaʔ,4,7,6,6,6,4,659.8,4.78,7,7009.8,7.22,7,0,4,#F0E68C,90.3,-9.0,45.0,"Reflecting nasal resonance and geminate sokuon (sudden onset) for a vector configuration of Weight 4, Time 7, and Flow 6.",,3,5,0,0,Q(促音単発)
にやりにやり,niyariniyari,Manner or sound of にやりにやり: 「にやりにや」と一度だけ鮮やかに、あるいは滑らかに行われる action・ condition/state。,Psychomime (State/Manner),Dynamics,Neutral,Unvoiced (Light),Neutral,Reduplication,nijaɾinijaɾi,3,4,4,4,7,5,653.0,4.75,4,2593.7,5.53,6,0,4,#FFFFFF,100.0,-0.0,0.0,"Reflecting nasal resonance and flap consonant /ɾ/ for a vector configuration of Weight 3, Time 4, and Flow 4.",,4,5,5,1,REDUP(畳語・同一)
にやーっ,niya-t,Manner or sound of にやーっ: 「にやー」とする actionや phenomenonが瞬間的・急激に行われる音や state/manner.,Psychomime (State/Manner),Dynamics,Neutral,Unvoiced (Light),Neutral,Reduplication,nijaːʔ,3,4,5,5,7,4,912.4,5.60,4,6332.4,7.05,6,mh,5,#F0E68C,90.3,-9.0,45.0,"Reflecting nasal resonance and geminate sokuon (sudden onset) for a vector configuration of Weight 3, Time 4, and Flow 5.",,3,6,5,0,LONG(長音ー)
にゅっ,nyut,Manner or sound of にゅっ: 「にゅ」とする actionや phenomenonが瞬間的・急激に行われる音や state/manner.,Psychomime (State/Manner),Dynamics,Neutral,Unvoiced (Light),Neutral,Reduplication,ɲuʔ,4,7,6,7,6,4,636.2,4.68,7,7561.6,7.35,8,0,4,#000000,0.0,0.0,0.0,"Reflecting nasal resonance and geminate sokuon (sudden onset) for a vector configuration of Weight 4, Time 7, and Flow 7.",,2,5,0,0,Q(促音単発)
にゅるっ,nyurut,Manner or sound of にゅるっ: 「にゅる」とする actionや phenomenonが瞬間的・急激に行われる音や state/manner.,Psychomime (State/Manner),Dynamics,Neutral,Unvoiced (Light),Neutral,Reduplication,ɲuɾuʔ,4,7,6,7,6,4,575.2,4.43,7,6693.8,7.14,7,0,4,#556B2F,42.2,-18.8,30.6,"Reflecting nasal resonance and flap consonant /ɾ/ for a vector configuration of Weight 4, Time 7, and Flow 7.",,3,5,0,0,Q(促音単発)
にゅるり,nyururi,Manner or sound of にゅるり: 「にゅる」と一度だけ鮮やかに、あるいは滑らかに行われる action・ condition/state。,Psychomime (State/Manner),Dynamics,Neutral,Unvoiced (Light),Neutral,Reduplication,ɲuɾuɾi,3,5,5,5,8,5,508.9,4.12,5,3068.9,5.82,6,0,4,#556B2F,42.2,-18.8,30.6,"Reflecting nasal resonance and flap consonant /ɾ/ for a vector configuration of Weight 3, Time 5, and Flow 5.",,4,6,0,0,RI(り単発)
にゅー,nyu-,Manner or sound of にゅー: 音が長く尾を引いて持続する音や condition/state。,Psychomime (State/Manner),Dynamics,Neutral,Unvoiced (Light),Neutral,Reduplication,ɲuː,3,2,5,5,7,5,978.6,5.77,1,5521.2,6.81,6,0,4,#FF4500,57.6,67.8,69.0,"Reflecting nasal resonance and long vowel extension for a vector configuration of Weight 3, Time 2, and Flow 5.",,2,7,5,0,LONG(長音ー)
にゅーっ,nyu-t,Manner or sound of にゅーっ: 「にゅー」とする actionや phenomenonが瞬間的・急激に行われる音や state/manner.,Psychomime (State/Manner),Dynamics,Neutral,Unvoiced (Light),Neutral,Reduplication,ɲuːʔ,4,4,5,6,7,4,891.3,5.54,4,6734.4,7.15,7,0,4,#F0FFFF,98.9,-4.9,-1.7,"Reflecting nasal resonance and geminate sokuon (sudden onset) for a vector configuration of Weight 4, Time 4, and Flow 6.",,2,6,5,0,LONG(長音ー)
にょきっ,nyokit,Manner or sound of にょきっ: 「にょき」とする actionや phenomenonが瞬間的・急激に行われる音や state/manner.,Psychomime (State/Manner),Dynamics,Neutral,Unvoiced (Light),Neutral,Reduplication,ɲokiʔ,4,7,7,7,5,4,760.7,5.14,7,7697.5,7.38,7,0,4,#32CD32,72.6,-67.1,61.4,"Reflecting unvoiced plosives and nasal resonance for a vector configuration of Weight 4, Time 7, and Flow 7.",,3,5,0,0,Q(促音単発)
にょっき,nyotki,Manner or sound of にょっき: 「にょっき」という感覚・音・ condition/stateを表す expression.,Psychomime (State/Manner),Dynamics,Neutral,Unvoiced (Light),Neutral,Reduplication,ɲokki,4,6,6,5,6,4,671.3,4.82,6,4963.4,6.63,7,mh,5,#000000,0.0,0.0,0.0,"Reflecting unvoiced plosives and nasal resonance for a vector configuration of Weight 4, Time 6, and Flow 5.",,5,5,0,8,COMPOUND(複合・異種)
にょっきり,nyotkiri,Manner or sound of にょっきり: 「にょっき」と一度だけ鮮やかに、あるいは滑らかに行われる action・ condition/state。,Psychomime (State/Manner),Dynamics,Neutral,Unvoiced (Light),Neutral,Reduplication,ɲokkiɾi,3,6,6,5,6,4,651.4,4.74,6,4751.0,6.56,7,mh,5,#000000,0.0,0.0,0.0,"Reflecting unvoiced plosives and nasal resonance for a vector configuration of Weight 3, Time 6, and Flow 5.",,5,5,5,8,COMPOUND(複合・異種)
にょろっ,nyorot,Manner or sound of にょろっ: 「にょろ」とする actionや phenomenonが瞬間的・急激に行われる音や state/manner.,Psychomime (State/Manner),Dynamics,Neutral,Unvoiced (Light),Neutral,Reduplication,ɲoɾoʔ,4,7,6,5,7,5,502.7,4.09,7,5576.3,6.83,7,0,4,#000000,0.0,0.0,0.0,"Reflecting nasal resonance and flap consonant /ɾ/ for a vector configuration of Weight 4, Time 7, and Flow 5.",,3,5,0,0,Q(促音単発)
にょろり,nyorori,Manner or sound of にょろり: 「にょろ」と一度だけ鮮やかに、あるいは滑らかに行われる action・ condition/state。,Psychomime (State/Manner),Dynamics,Neutral,Unvoiced (Light),Neutral,Reduplication,ɲoɾoɾi,3,5,5,4,8,5,473.9,3.94,5,2341.7,5.36,6,mh,5,#006400,36.2,-43.4,41.9,"Reflecting nasal resonance and flap consonant /ɾ/ for a vector configuration of Weight 3, Time 5, and Flow 4.",,4,6,0,0,RI(り単発)
にんまり,ninmari,Manner or sound of にんまり: 「にんま」と一度だけ鮮やかに、あるいは滑らかに行われる action・ condition/state。,Psychomime (State/Manner),Dynamics,Neutral,Unvoiced (Light),Neutral,Reduplication,nimmaɾi,3,4,4,4,7,5,344.8,3.13,4,1089.6,4.06,6,mh,5,#BDB76B,73.4,-8.8,39.3,"Reflecting nasal resonance and flap consonant /ɾ/ for a vector configuration of Weight 3, Time 4, and Flow 4.",,5,5,5,8,COMPOUND(複合・異種)
にーっ,ni-t,Manner or sound of にーっ: 「にー」とする actionや phenomenonが瞬間的・急激に行われる音や state/manner.,Psychomime (State/Manner),Dynamics,Neutral,Unvoiced (Light),Neutral,Reduplication,niːʔ,3,4,5,6,6,4,1037.2,5.92,4,6495.0,7.09,6,0,4,#F0FFFF,98.9,-4.9,-1.7,"Reflecting nasal resonance and geminate sokuon (sudden onset) for a vector configuration of Weight 3, Time 4, and Flow 6.",,2,7,5,0,LONG(長音ー)
ぬっく,nutku,Manner or sound of ぬっく: 「ぬっく」という感覚・音・ condition/stateを表す expression.,Psychomime (State/Manner),Dynamics,Neutral,Unvoiced (Light),Neutral,Reduplication,nukku,4,5,5,5,6,5,351.8,3.18,6,2510.5,5.47,7,mh,5,#FFE4E1,92.7,8.7,4.8,"Reflecting unvoiced plosives and nasal resonance for a vector configuration of Weight 4, Time 5, and Flow 5.",,5,5,0,8,COMPOUND(複合・異種)
ぬっぺり,nutperi,Manner or sound of ぬっぺり: 「ぬっぺ」と一度だけ鮮やかに、あるいは滑らかに行われる action・ condition/state。,Psychomime (State/Manner),Dynamics,Neutral,Unvoiced (Light),Neutral,Reduplication,nuppeɾi,4,5,5,4,7,5,407.5,3.56,6,3487.8,6.03,6,mh,5,#FFFFFF,100.0,-0.0,0.0,"Reflecting unvoiced plosives and nasal resonance for a vector configuration of Weight 4, Time 5, and Flow 4.",,5,5,5,8,COMPOUND(複合・異種)
ぬめ,nume,Manner or sound of ぬめ: 「ぬめ」という感覚・音・ condition/stateを表す expression.,Psychomime (State/Manner),Dynamics,Neutral,Unvoiced (Light),Neutral,Reduplication,nume,5,4,4,5,6,6,307.8,2.85,4,2151.9,5.21,7,0,4,#2F4F4F,31.3,-11.7,-3.7,"Reflecting nasal resonance for a vector configuration of Weight 5, Time 4, and Flow 5.",,5,5,0,8,COMPOUND(複合・異種)
ぬめっ,numet,Manner or sound of ぬめっ: 「ぬめ」とする actionや phenomenonが瞬間的・急激に行われる音や state/manner.,Psychomime (State/Manner),Dynamics,Neutral,Unvoiced (Light),Neutral,Reduplication,numeʔ,5,7,6,6,6,4,496.0,4.05,7,6836.5,7.18,8,0,4,#2F4F4F,31.3,-11.7,-3.7,"Reflecting nasal resonance and geminate sokuon (sudden onset) for a vector configuration of Weight 5, Time 7, and Flow 6.",,3,5,0,0,Q(促音単発)
ぬらっ,nurat,Manner or sound of ぬらっ: 「ぬら」とする actionや phenomenonが瞬間的・急激に行われる音や state/manner.,Psychomime (State/Manner),Dynamics,Neutral,Unvoiced (Light),Neutral,Reduplication,nuɾaʔ,4,7,6,5,7,4,502.7,4.09,7,6756.0,7.16,7,0,4,#000000,0.0,0.0,0.0,"Reflecting nasal resonance and flap consonant /ɾ/ for a vector configuration of Weight 4, Time 7, and Flow 5.",,2,5,0,0,Q(促音単発)
ぬらり,nurari,Manner or sound of ぬらり: 「ぬら」と一度だけ鮮やかに、あるいは滑らかに行われる action・ condition/state。,Psychomime (State/Manner),Dynamics,Neutral,Unvoiced (Light),Neutral,Reduplication,nuɾaɾi,3,5,5,3,8,5,434.1,3.72,5,2533.1,5.49,6,mh,5,#FFFFFF,100.0,-0.0,0.0,"Reflecting nasal resonance and flap consonant /ɾ/ for a vector configuration of Weight 3, Time 5, and Flow 3.",,4,6,0,0,RI(り単発)
ぬらりくらり,nurarikurari,Manner or sound of ぬらりくらり: 「ぬらりくら」と一度だけ鮮やかに、あるいは滑らかに行われる action・ condition/state。,Psychomime (State/Manner),Dynamics,Neutral,Unvoiced (Light),Neutral,Reduplication,nuɾaɾikuɾaɾi,2,5,5,3,8,4,518.3,4.17,5,2496.9,5.47,5,0,4,#4B3621,24.5,6.4,16.8,"Reflecting unvoiced plosives and nasal resonance for a vector configuration of Weight 2, Time 5, and Flow 3.",,4,6,0,0,RI(り単発)
ぬらりぬらり,nurarinurari,Manner or sound of ぬらりぬらり: 「ぬらりぬら」と一度だけ鮮やかに、あるいは滑らかに行われる action・ condition/state。,Psychomime (State/Manner),Dynamics,Neutral,Unvoiced (Light),Neutral,Reduplication,nuɾaɾinuɾaɾi,3,4,4,3,8,5,475.6,3.95,4,2307.5,5.33,5,mh,5,#4B3621,24.5,6.4,16.8,"Reflecting nasal resonance and flap consonant /ɾ/ for a vector configuration of Weight 3, Time 4, and Flow 3.",,4,5,5,1,REDUP(畳語・同一)
ぬるっ,nurut,Manner or sound of ぬるっ: 「ぬる」とする actionや phenomenonが瞬間的・急激に行われる音や state/manner.,Psychomime (State/Manner),Dynamics,Neutral,Unvoiced (Light),Neutral,Reduplication,nuɾuʔ,4,7,6,6,6,4,474.2,3.94,7,6384.6,7.06,7,0,4,#000000,0.0,0.0,0.0,"Reflecting nasal resonance and flap consonant /ɾ/ for a vector configuration of Weight 4, Time 7, and Flow 6.",,2,5,0,0,Q(促音単発)
ぬるり,nururi,Manner or sound of ぬるり: 「ぬる」と一度だけ鮮やかに、あるいは滑らかに行われる action・ condition/state。,Psychomime (State/Manner),Dynamics,Neutral,Unvoiced (Light),Neutral,Reduplication,nuɾuɾi,3,5,5,4,8,5,409.2,3.57,5,2502.4,5.47,6,mh,5,#000080,13.0,47.5,-64.7,"Reflecting nasal resonance and flap consonant /ɾ/ for a vector configuration of Weight 3, Time 5, and Flow 4.",,4,6,0,0,RI(り単発)
ぬるりぬるり,nururinururi,Manner or sound of ぬるりぬるり: 「ぬるりぬる」と一度だけ鮮やかに、あるいは滑らかに行われる action・ condition/state。,Psychomime (State/Manner),Dynamics,Neutral,Unvoiced (Light),Neutral,Reduplication,nuɾuɾinuɾuɾi,3,4,4,4,7,5,438.6,3.74,4,2285.5,5.32,6,0,4,#000080,13.0,47.5,-64.7,"Reflecting nasal resonance and flap consonant /ɾ/ for a vector configuration of Weight 3, Time 4, and Flow 4.",,4,5,5,1,REDUP(畳語・同一)
ねちゃねちゃ,nechanecha,Manner or sound of ねちゃねちゃ: 「ねちゃ」という音や condition/stateが繰り返し連続して生じる manner.,Psychomime (State/Manner),Dynamics,Neutral,Unvoiced (Light),Neutral,Reduplication,netɕanetɕa,5,5,3,5,5,8,758.6,5.13,4,5772.9,6.89,8,0,4,#4B0082,20.5,51.7,-53.3,"Reflecting unvoiced plosives and fricatives for a vector configuration of Weight 5, Time 5, and Flow 5.",,4,5,5,1,REDUP(畳語・同一)
ねっちり,netchiri,Manner or sound of ねっちり: 「ねっち」と一度だけ鮮やかに、あるいは滑らかに行われる action・ condition/state。,Psychomime (State/Manner),Dynamics,Neutral,Unvoiced (Light),Neutral,Reduplication,nettɕiɾi,4,5,5,6,5,5,593.8,4.51,6,2579.5,5.52,7,mh,5,#708090,52.8,-2.1,-10.6,"Reflecting unvoiced plosives and fricatives for a vector configuration of Weight 4, Time 5, and Flow 6.",,5,5,5,8,COMPOUND(複合・異種)
ねーねー,ne-ne-,Manner or sound of ねーねー: 「ねー」という音や condition/stateが繰り返し連続して生じる manner.,Psychomime (State/Manner),Dynamics,Neutral,Unvoiced (Light),Neutral,Reduplication,neːneː,5,2,3,4,6,6,540.8,4.27,1,2356.8,5.37,6,0,4,#4B0082,20.5,51.7,-53.3,"Reflecting nasal resonance and long vowel extension for a vector configuration of Weight 5, Time 2, and Flow 4.",,4,5,5,1,REDUP(畳語・同一)
のそり,nosori,Manner or sound of のそり: 「のそ」と一度だけ鮮やかに、あるいは滑らかに行われる action・ condition/state。,Psychomime (State/Manner),Dynamics,Neutral,Unvoiced (Light),Neutral,Reduplication,nosoɾi,3,5,5,5,8,4,595.2,4.52,5,3356.3,5.97,5,0,4,#FFFFFF,100.0,-0.0,0.0,"Reflecting fricatives and nasal resonance for a vector configuration of Weight 3, Time 5, and Flow 5.",,4,6,0,0,RI(り単発)
のそりのそり,nosorinosori,Manner or sound of のそりのそり: 「のそりのそ」と一度だけ鮮やかに、あるいは滑らかに行われる action・ condition/state。,Psychomime (State/Manner),Dynamics,Neutral,Unvoiced (Light),Neutral,Reduplication,nosoɾinosoɾi,3,4,4,5,7,3,730.5,5.03,5,3605.5,6.09,5,0,4,#708090,52.8,-2.1,-10.6,"Reflecting fricatives and nasal resonance for a vector configuration of Weight 3, Time 4, and Flow 5.",,4,5,5,1,REDUP(畳語・同一)
のたり,notari,Manner or sound of のたり: 「のた」と一度だけ鮮やかに、あるいは滑らかに行われる action・ condition/state。,Psychomime (State/Manner),Dynamics,Neutral,Unvoiced (Light),Neutral,Reduplication,notaɾi,3,5,5,4,7,5,408.3,3.56,6,3009.5,5.78,6,mh,5,#FFFFFF,100.0,-0.0,0.0,"Reflecting unvoiced plosives and nasal resonance for a vector configuration of Weight 3, Time 5, and Flow 4.",,4,6,0,0,RI(り単発)
のたりのたり,notarinotari,Manner or sound of のたりのたり: 「のたりのた」と一度だけ鮮やかに、あるいは滑らかに行われる action・ condition/state。,Psychomime (State/Manner),Dynamics,Neutral,Unvoiced (Light),Neutral,Reduplication,notaɾinotaɾi,4,5,4,5,7,5,434.1,3.72,5,2814.6,5.67,6,0,4,#FFFFFF,100.0,-0.0,0.0,"Reflecting unvoiced plosives and nasal resonance for a vector configuration of Weight 4, Time 5, and Flow 5.",,4,5,5,1,REDUP(畳語・同一)
のっ,not,Manner or sound of のっ: 「の」とする actionや phenomenonが瞬間的・急激に行われる音や state/manner.,Psychomime (State/Manner),Dynamics,Neutral,Unvoiced (Light),Neutral,Reduplication,noʔ,5,7,6,6,6,3,530.0,4.22,7,7777.5,7.40,7,0,4,#000000,0.0,0.0,0.0,"Reflecting nasal resonance and geminate sokuon (sudden onset) for a vector configuration of Weight 5, Time 7, and Flow 6.",,2,5,0,0,Q(促音単発)
のっそり,notsori,Manner or sound of のっそり: 「のっそ」と一度だけ鮮やかに、あるいは滑らかに行われる action・ condition/state。,Psychomime (State/Manner),Dynamics,Neutral,Unvoiced (Light),Neutral,Reduplication,nossoɾi,3,4,4,5,7,4,578.2,4.44,6,2866.4,5.70,6,0,4,#000000,0.0,0.0,0.0,"Reflecting fricatives and nasal resonance for a vector configuration of Weight 3, Time 4, and Flow 5.",,5,5,5,8,COMPOUND(複合・異種)
のったり,nottari,Manner or sound of のったり: 「のった」と一度だけ鮮やかに、あるいは滑らかに行われる action・ condition/state。,Psychomime (State/Manner),Dynamics,Neutral,Unvoiced (Light),Neutral,Reduplication,nottaɾi,4,4,5,4,6,5,254.2,2.36,6,2800.9,5.66,6,mh,5,#FFFFFF,100.0,-0.0,0.0,"Reflecting unvoiced plosives and nasal resonance for a vector configuration of Weight 4, Time 4, and Flow 4.",,5,5,5,8,COMPOUND(複合・異種)
のっぺら,notpera,Manner or sound of のっぺら: 「のっぺら」という感覚・音・ condition/stateを表す expression.,Psychomime (State/Manner),Dynamics,Neutral,Unvoiced (Light),Neutral,Reduplication,noppeɾa,4,4,4,3,7,4,388.9,3.44,5,5053.2,6.66,6,mh,5,#D3D3D3,84.6,-0.0,0.0,"Reflecting unvoiced plosives and nasal resonance for a vector configuration of Weight 4, Time 4, and Flow 3.",,5,5,0,8,COMPOUND(複合・異種)
のびのび,nobinobi,Manner or sound of のびのび: 「のび」という音や condition/stateが繰り返し連続して生じる manner.,Psychomime (State/Manner),Dynamics,Neutral,Unvoiced (Light),Neutral,Reduplication,nobinobi,4,4,4,4,7,6,440.3,3.75,4,4732.5,6.55,6,0,4,#F5F5DC,95.9,-4.2,12.0,"Reflecting voiced consonants and nasal resonance for a vector configuration of Weight 4, Time 4, and Flow 4.",,4,5,5,1,REDUP(畳語・同一)
のぺっ,nopet,Manner or sound of のぺっ: 「のぺ」とする actionや phenomenonが瞬間的・急激に行われる音や state/manner.,Psychomime (State/Manner),Dynamics,Neutral,Unvoiced (Light),Neutral,Reduplication,nopeʔ,4,7,6,6,6,4,547.3,4.30,7,8029.4,7.45,7,0,4,#000000,0.0,0.0,0.0,"Reflecting unvoiced plosives and nasal resonance for a vector configuration of Weight 4, Time 7, and Flow 6.",,2,5,0,0,Q(促音単発)
のらり,norari,Manner or sound of のらり: 「のら」と一度だけ鮮やかに、あるいは滑らかに行われる action・ condition/state。,Psychomime (State/Manner),Dynamics,Neutral,Unvoiced (Light),Neutral,Reduplication,noɾaɾi,3,5,5,3,8,4,489.8,4.02,5,3334.3,5.96,5,mh,5,#FFFFFF,100.0,-0.0,0.0,"Reflecting nasal resonance and flap consonant /ɾ/ for a vector configuration of Weight 3, Time 5, and Flow 3.",,4,6,0,0,RI(り単発)
のらりくらり,norarikurari,Manner or sound of のらりくらり: 「のらりくら」と一度だけ鮮やかに、あるいは滑らかに行われる action・ condition/state。,Psychomime (State/Manner),Dynamics,Neutral,Unvoiced (Light),Neutral,Reduplication,noɾaɾikuɾaɾi,2,5,5,3,8,3,565.4,4.39,5,3141.0,5.86,5,0,4,#FFFFFF,100.0,-0.0,0.0,"Reflecting unvoiced plosives and nasal resonance for a vector configuration of Weight 2, Time 5, and Flow 3.",,4,6,0,0,RI(り単発)
のらりのらり,norarinorari,Manner or sound of のらりのらり: 「のらりのら」と一度だけ鮮やかに、あるいは滑らかに行われる action・ condition/state。,Psychomime (State/Manner),Dynamics,Neutral,Unvoiced (Light),Neutral,Reduplication,noɾaɾinoɾaɾi,3,4,4,3,8,3,563.9,4.38,4,3512.7,6.05,5,0,4,#FFFFFF,100.0,-0.0,0.0,"Reflecting nasal resonance and flap consonant /ɾ/ for a vector configuration of Weight 3, Time 4, and Flow 3.",,4,5,5,1,REDUP(畳語・同一)
のろくさ,norokusa,Manner or sound of のろくさ: 「のろくさ」という感覚・音・ condition/stateを表す expression.,Psychomime (State/Manner),Dynamics,Neutral,Unvoiced (Light),Neutral,Reduplication,noɾokusa,4,4,3,4,7,4,360.4,3.25,5,2039.3,5.12,5,0,4,#2F4F4F,31.3,-11.7,-3.7,"Reflecting unvoiced plosives and fricatives for a vector configuration of Weight 4, Time 4, and Flow 4.",,5,5,0,8,COMPOUND(複合・異種)
のろっ,norot,Manner or sound of のろっ: 「のろ」とする actionや phenomenonが瞬間的・急激に行われる音や state/manner.,Psychomime (State/Manner),Dynamics,Neutral,Unvoiced (Light),Neutral,Reduplication,noɾoʔ,4,7,6,6,6,4,474.8,3.94,7,6237.1,7.02,7,0,4,#000000,0.0,0.0,0.0,"Reflecting nasal resonance and flap consonant /ɾ/ for a vector configuration of Weight 4, Time 7, and Flow 6.",,3,5,0,0,Q(促音単発)
のろり,norori,Manner or sound of のろり: 「のろ」と一度だけ鮮やかに、あるいは滑らかに行われる action・ condition/state。,Psychomime (State/Manner),Dynamics,Neutral,Unvoiced (Light),Neutral,Reduplication,noɾoɾi,3,5,5,4,8,5,444.8,3.78,5,2659.4,5.57,6,0,4,#FFFFFF,100.0,-0.0,0.0,"Reflecting nasal resonance and flap consonant /ɾ/ for a vector configuration of Weight 3, Time 5, and Flow 4.",,4,6,0,0,RI(り単発)
のろりのろり,nororinorori,Manner or sound of のろりのろり: 「のろりのろ」と一度だけ鮮やかに、あるいは滑らかに行われる action・ condition/state。,Psychomime (State/Manner),Dynamics,Neutral,Unvoiced (Light),Neutral,Reduplication,noɾoɾinoɾoɾi,3,4,4,4,8,5,506.2,4.11,4,2545.3,5.50,6,0,4,#2F4F4F,31.3,-11.7,-3.7,"Reflecting nasal resonance and flap consonant /ɾ/ for a vector configuration of Weight 3, Time 4, and Flow 4.",,4,5,5,1,REDUP(畳語・同一)
のーびのび,no-binobi,Manner or sound of のーびのび: 音が長く尾を引いて持続する音や condition/state。,Psychomime (State/Manner),Dynamics,Neutral,Unvoiced (Light),Neutral,Reduplication,noːbinobi,4,3,4,4,7,5,733.3,5.04,2,5543.6,6.82,6,0,4,#F5F5F5,96.5,-0.0,0.0,"Reflecting voiced consonants and nasal resonance for a vector configuration of Weight 4, Time 3, and Flow 4.",,3,7,5,0,LONG(長音ー)
はいはい,haihai,Manner or sound of はいはい: 「はい」という音や condition/stateが繰り返し連続して生じる manner.,Psychomime (State/Manner),Dynamics,Neutral,Unvoiced (Light),Neutral,Reduplication,haihai,4,6,5,4,6,4,688.0,4.88,4,5833.5,6.91,5,mh,5,#FFFFFF,100.0,-0.0,0.0,"Reflecting fricatives for a vector configuration of Weight 4, Time 6, and Flow 4.",,4,5,5,1,REDUP(畳語・同一)
はた,hata,Manner or sound of はた: 「はた」という感覚・音・ condition/stateを表す expression.,Psychomime (State/Manner),Dynamics,Neutral,Unvoiced (Light),Neutral,Reduplication,hata,5,6,5,5,6,5,381.4,3.39,6,4356.1,6.41,6,0,4,#000000,0.0,0.0,0.0,"Reflecting unvoiced plosives and fricatives for a vector configuration of Weight 5, Time 6, and Flow 5.",,5,5,0,8,COMPOUND(複合・異種)
はたり,hatari,Manner or sound of はたり: 「はた」と一度だけ鮮やかに、あるいは滑らかに行われる action・ condition/state。,Psychomime (State/Manner),Dynamics,Neutral,Unvoiced (Light),Neutral,Reduplication,hataɾi,3,6,6,4,7,4,489.1,4.02,6,4412.7,6.43,6,mh,5,#FFFFFF,100.0,-0.0,0.0,"Reflecting unvoiced plosives and fricatives for a vector configuration of Weight 3, Time 6, and Flow 4.",,4,6,0,0,RI(り単発)
はたりはたり,hatarihatari,Manner or sound of はたりはたり: 「はたりはた」と一度だけ鮮やかに、あるいは滑らかに行われる action・ condition/state。,Psychomime (State/Manner),Dynamics,Neutral,Unvoiced (Light),Neutral,Reduplication,hataɾihataɾi,4,6,5,4,6,4,546.8,4.30,6,4778.7,6.57,6,0,4,#FFFFFF,100.0,-0.0,0.0,"Reflecting unvoiced plosives and fricatives for a vector configuration of Weight 4, Time 6, and Flow 4.",,4,5,5,1,REDUP(畳語・同一)
はっ,hat,Manner or sound of はっ: 「は」とする actionや phenomenonが瞬間的・急激に行われる音や state/manner.,Psychomime (State/Manner),Dynamics,Neutral,Unvoiced (Light),Neutral,Reduplication,haʔ,5,8,7,6,5,3,640.5,4.70,8,9223.7,7.69,7,0,4,#000000,0.0,0.0,0.0,"Reflecting fricatives and geminate sokuon (sudden onset) for a vector configuration of Weight 5, Time 8, and Flow 6.",,2,5,0,0,Q(促音単発)
はった,hatta,Manner or sound of はった: 「はった」という感覚・音・ condition/stateを表す expression.,Psychomime (State/Manner),Dynamics,Neutral,Unvoiced (Light),Neutral,Reduplication,hatta,5,6,5,5,5,5,423.2,3.65,7,5770.4,6.89,7,mh,5,#000000,0.0,0.0,0.0,"Reflecting unvoiced plosives and fricatives for a vector configuration of Weight 5, Time 6, and Flow 5.",,5,5,0,8,COMPOUND(複合・異種)
はっはっ,hathat,Manner or sound of はっはっ: 「はっは」とする actionや phenomenonが瞬間的・急激に行われる音や state/manner.,Psychomime (State/Manner),Dynamics,Neutral,Unvoiced (Light),Neutral,Reduplication,hahhaʔ,4,6,5,5,6,4,566.8,4.39,6,6828.7,7.17,6,0,4,#FFFFFF,100.0,-0.0,0.0,"Reflecting fricatives and geminate sokuon (sudden onset) for a vector configuration of Weight 4, Time 6, and Flow 5.",,4,5,5,1,REDUP(畳語・同一)
はっはっは,hathatha,Manner or sound of はっはっは: 「はっはっは」という感覚・音・ condition/stateを表す expression.,Psychomime (State/Manner),Dynamics,Neutral,Unvoiced (Light),Neutral,Reduplication,hahhahha,4,6,5,4,6,5,557.4,4.35,6,5686.0,6.86,6,mh,5,#000000,0.0,0.0,0.0,"Reflecting fricatives and geminate sokuon (sudden onset) for a vector configuration of Weight 4, Time 6, and Flow 4.",,5,5,0,8,COMPOUND(複合・異種)
ははは,hahaha,Manner or sound of ははは: 「ははは」という感覚・音・ condition/stateを表す expression.,Psychomime (State/Manner),Dynamics,Neutral,Unvoiced (Light),Neutral,Reduplication,hahaha,4,5,4,3,7,5,527.6,4.21,5,4674.6,6.53,5,mh,5,#FFFF00,97.1,-21.6,94.5,"Reflecting fricatives for a vector configuration of Weight 4, Time 5, and Flow 3.",,5,5,0,8,COMPOUND(複合・異種)
はらっ,harat,Manner or sound of はらっ: 「はら」とする actionや phenomenonが瞬間的・急激に行われる音や state/manner.,Psychomime (State/Manner),Dynamics,Neutral,Unvoiced (Light),Neutral,Reduplication,haɾaʔ,4,7,6,5,6,3,613.5,4.59,7,8511.9,7.55,6,0,4,#000000,0.0,0.0,0.0,"Reflecting fricatives and flap consonant /ɾ/ for a vector configuration of Weight 4, Time 7, and Flow 5.",,2,5,0,0,Q(促音単発)
はらり,harari,Manner or sound of はらり: 「はら」と一度だけ鮮やかに、あるいは滑らかに行われる action・ condition/state。,Psychomime (State/Manner),Dynamics,Neutral,Unvoiced (Light),Neutral,Reduplication,haɾaɾi,2,6,5,3,8,4,538.1,4.26,5,4153.1,6.33,5,mh,5,#FFFFFF,100.0,-0.0,0.0,"Reflecting fricatives and flap consonant /ɾ/ for a vector configuration of Weight 2, Time 6, and Flow 3.",,4,6,0,0,RI(り単発)
はらりはらり,harariharari,Manner or sound of はらりはらり: 「はらりはら」と一度だけ鮮やかに、あるいは滑らかに行われる action・ condition/state。,Psychomime (State/Manner),Dynamics,Neutral,Unvoiced (Light),Neutral,Reduplication,haɾaɾihaɾaɾi,2,5,4,3,8,3,618.1,4.61,5,4423.1,6.44,5,0,4,#FFFFFF,100.0,-0.0,0.0,"Reflecting fricatives and flap consonant /ɾ/ for a vector configuration of Weight 2, Time 5, and Flow 3.",,4,5,5,1,REDUP(畳語・同一)
はーは,ha-ha,Manner or sound of はーは: 音が長く尾を引いて持続する音や condition/state。,Psychomime (State/Manner),Dynamics,Neutral,Unvoiced (Light),Neutral,Reduplication,haːha,3,3,5,4,7,4,965.3,5.74,2,6658.0,7.13,5,mh,5,#FFD700,86.9,-1.9,87.1,"Reflecting fricatives and long vowel extension for a vector configuration of Weight 3, Time 3, and Flow 4.",,2,7,5,0,LONG(長音ー)
ばかすか,bakasuka,Manner or sound of ばかすか: 「ばかすか」という感覚・音・ condition/stateを表す expression.,Psychomime (State/Manner),Dynamics,Neutral,Unvoiced (Light),Neutral,Reduplication,bakasuka,4,5,5,3,7,2,636.4,4.68,5,7580.3,7.35,4,mh,5,#F5F5F5,96.5,-0.0,0.0,"Reflecting voiced consonants and unvoiced plosives for a vector configuration of Weight 4, Time 5, and Flow 3.",,5,5,0,8,COMPOUND(複合・異種)
ばかばか,bakabaka,Manner or sound of ばかばか: 「ばか」という音や condition/stateが繰り返し連続して生じる manner.,Psychomime (State/Manner),Dynamics,Neutral,Unvoiced (Light),Neutral,Reduplication,bakabaka,5,6,5,3,6,4,465.1,3.89,5,7816.6,7.40,6,mh,5,#FF0000,53.2,80.1,67.2,"Reflecting voiced consonants and unvoiced plosives for a vector configuration of Weight 5, Time 6, and Flow 3.",,4,5,5,1,REDUP(畳語・同一)
ばきっ,bakit,Manner or sound of ばきっ: 「ばき」とする actionや phenomenonが瞬間的・急激に行われる音や state/manner.,Psychomime (State/Manner),Dynamics,Neutral,Unvoiced (Light),Neutral,Reduplication,bakiʔ,5,8,8,7,5,3,764.1,5.15,8,10771.7,7.95,7,mh,5,#000000,0.0,0.0,0.0,"Reflecting voiced consonants and unvoiced plosives for a vector configuration of Weight 5, Time 8, and Flow 7.",,2,5,0,0,Q(促音単発)
ばきばき,bakibaki,Manner or sound of ばきばき: 「ばき」という音や condition/stateが繰り返し連続して生じる manner.,Psychomime (State/Manner),Dynamics,Neutral,Unvoiced (Light),Neutral,Reduplication,bakibaki,5,6,6,4,5,4,793.4,5.24,6,9350.6,7.71,6,mh,5,#FFFFFF,100.0,-0.0,0.0,"Reflecting voiced consonants and unvoiced plosives for a vector configuration of Weight 5, Time 6, and Flow 4.",,4,5,5,1,REDUP(畳語・同一)
ばさっ,basat,Manner or sound of ばさっ: 「ばさ」とする actionや phenomenonが瞬間的・急激に行われる音や state/manner.,Psychomime (State/Manner),Dynamics,Neutral,Unvoiced (Light),Neutral,Reduplication,basaʔ,5,8,7,6,6,3,541.4,4.28,8,9991.9,7.82,7,0,4,#000000,0.0,0.0,0.0,"Reflecting voiced consonants and fricatives for a vector configuration of Weight 5, Time 8, and Flow 6.",,2,5,0,0,Q(促音単発)
ばさばさ,basabasa,Manner or sound of ばさばさ: 「ばさ」という音や condition/stateが繰り返し連続して生じる manner.,Psychomime (State/Manner),Dynamics,Neutral,Unvoiced (Light),Neutral,Reduplication,basabasa,4,6,4,3,7,4,496.7,4.06,5,7632.5,7.36,5,0,4,#D2B48C,75.0,5.0,24.4,"Reflecting voiced consonants and fricatives for a vector configuration of Weight 4, Time 6, and Flow 3.",,4,5,5,1,REDUP(畳語・同一)
ばさり,basari,Manner or sound of ばさり: 「ばさ」と一度だけ鮮やかに、あるいは滑らかに行われる action・ condition/state。,Psychomime (State/Manner),Dynamics,Neutral,Unvoiced (Light),Neutral,Reduplication,basaɾi,3,6,6,4,8,4,499.5,4.07,6,5775.2,6.89,5,mh,5,#FFFFFF,100.0,-0.0,0.0,"Reflecting voiced consonants and fricatives for a vector configuration of Weight 3, Time 6, and Flow 4.",,4,6,0,0,RI(り単発)
ばさりばさり,basaribasari,Manner or sound of ばさりばさり: 「ばさりばさ」と一度だけ鮮やかに、あるいは滑らかに行われる action・ condition/state。,Psychomime (State/Manner),Dynamics,Neutral,Unvoiced (Light),Neutral,Reduplication,basaɾibasaɾi,4,6,5,3,7,3,576.8,4.44,5,6575.7,7.11,5,0,4,#FFFFFF,100.0,-0.0,0.0,"Reflecting voiced consonants and fricatives for a vector configuration of Weight 4, Time 6, and Flow 3.",,4,5,5,1,REDUP(畳語・同一)
ばしばし,bashibashi,Manner or sound of ばしばし: 「ばし」という音や condition/stateが繰り返し連続して生じる manner.,Psychomime (State/Manner),Dynamics,Neutral,Unvoiced (Light),Neutral,Reduplication,baɕibaɕi,6,6,5,5,5,5,547.8,4.31,5,8361.5,7.52,6,0,4,#4682B4,52.5,-4.1,-32.2,"Reflecting voiced consonants and fricatives for a vector configuration of Weight 6, Time 6, and Flow 5.",,4,5,5,1,REDUP(畳語・同一)
ばしゃん,bashan,Manner or sound of ばしゃん: 「ばしゃ」と響き渡る音、 or 余韻や弾力を伴う condition/state。,Psychomime (State/Manner),Dynamics,Neutral,Unvoiced (Light),Neutral,Reduplication,baɕaŋ,5,7,7,5,5,5,545.4,4.29,7,10446.0,7.90,7,0,4,#4682B4,52.5,-4.1,-32.2,"Reflecting voiced consonants and fricatives for a vector configuration of Weight 5, Time 7, and Flow 5.",,3,6,5,0,N(撥音単発)
ばたばた,batabata,Manner or sound of ばたばた: 「ばた」という音や condition/stateが繰り返し連続して生じる manner.,Psychomime (State/Manner),Dynamics,Neutral,Unvoiced (Light),Neutral,Reduplication,batabata,6,6,5,4,5,5,321.2,2.95,5,8354.9,7.52,6,mh,5,#8B4513,37.5,26.4,41.0,"Reflecting voiced consonants and unvoiced plosives for a vector configuration of Weight 6, Time 6, and Flow 4.",,4,5,5,1,REDUP(畳語・同一)
ばたばたっ,batabatat,Manner or sound of ばたばたっ: 「ばたばた」とする actionや phenomenonが瞬間的・急激に行われる音や state/manner.,Psychomime (State/Manner),Dynamics,Neutral,Unvoiced (Light),Neutral,Reduplication,batabataʔ,6,8,7,6,5,4,388.1,3.43,8,10800.7,7.95,7,mh,5,#000000,0.0,0.0,0.0,"Reflecting voiced consonants and unvoiced plosives for a vector configuration of Weight 6, Time 8, and Flow 6.",,3,5,0,0,Q(促音単発)
ばたり,batari,Manner or sound of ばたり: 「ばた」と一度だけ鮮やかに、あるいは滑らかに行われる action・ condition/state。,Psychomime (State/Manner),Dynamics,Neutral,Unvoiced (Light),Neutral,Reduplication,bataɾi,4,6,6,4,7,5,380.6,3.38,6,5827.2,6.91,6,mh,5,#FFFFFF,100.0,-0.0,0.0,"Reflecting voiced consonants and unvoiced plosives for a vector configuration of Weight 4, Time 6, and Flow 4.",,4,6,0,0,RI(り単発)
ばたりばたり,bataribatari,Manner or sound of ばたりばたり: 「ばたりばた」と一度だけ鮮やかに、あるいは滑らかに行われる action・ condition/state。,Psychomime (State/Manner),Dynamics,Neutral,Unvoiced (Light),Neutral,Reduplication,bataɾibataɾi,5,6,5,4,6,5,392.8,3.46,6,6596.3,7.12,6,mh,5,#000000,0.0,0.0,0.0,"Reflecting voiced consonants and unvoiced plosives for a vector configuration of Weight 5, Time 6, and Flow 4.",,4,5,5,1,REDUP(畳語・同一)
ばたん,batan,Manner or sound of ばたん: 「ばた」と響き渡る音、 or 余韻や弾力を伴う condition/state。,Psychomime (State/Manner),Dynamics,Neutral,Unvoiced (Light),Neutral,Reduplication,bataŋ,6,7,7,5,4,5,372.3,3.33,7,7557.5,7.35,7,0,4,#808080,53.6,-0.0,0.0,"Reflecting voiced consonants and unvoiced plosives for a vector configuration of Weight 6, Time 7, and Flow 5.",,3,6,5,0,N(撥音単発)
ばたんばたん,batanbatan,Manner or sound of ばたんばたん: 「ばたんばた」と響き渡る音、 or 余韻や弾力を伴う condition/state。,Psychomime (State/Manner),Dynamics,Neutral,Unvoiced (Light),Neutral,Reduplication,batambataŋ,6,7,6,4,5,5,283.7,2.64,5,8287.9,7.50,7,mh,5,#FF0000,53.2,80.1,67.2,"Reflecting voiced consonants and unvoiced plosives for a vector configuration of Weight 6, Time 7, and Flow 4.",,4,5,5,1,REDUP(畳語・同一)
ばちばち,bachibachi,Manner or sound of ばちばち: 「ばち」という音や condition/stateが繰り返し連続して生じる manner.,Psychomime (State/Manner),Dynamics,Neutral,Unvoiced (Light),Neutral,Reduplication,batɕibatɕi,5,7,6,6,4,4,1026.3,5.89,6,9302.3,7.70,7,0,4,#8B4513,37.5,26.4,41.0,"Reflecting voiced consonants and unvoiced plosives for a vector configuration of Weight 5, Time 7, and Flow 6.",,4,5,5,1,REDUP(畳語・同一)
ばちゃばちゃ,bachabacha,Manner or sound of ばちゃばちゃ: 「ばちゃ」という音や condition/stateが繰り返し連続して生じる manner.,Psychomime (State/Manner),Dynamics,Neutral,Unvoiced (Light),Neutral,Reduplication,batɕabatɕa,5,7,5,3,5,6,1002.7,5.84,6,11829.9,8.11,7,mh,5,#D3D3D3,84.6,-0.0,0.0,"Reflecting voiced consonants and unvoiced plosives for a vector configuration of Weight 5, Time 7, and Flow 3.",,4,5,5,1,REDUP(畳語・同一)
ばちゃん,bachan,Manner or sound of ばちゃん: 「ばちゃ」と響き渡る音、 or 余韻や弾力を伴う condition/state。,Psychomime (State/Manner),Dynamics,Neutral,Unvoiced (Light),Neutral,Reduplication,batɕaŋ,5,8,8,5,4,5,796.4,5.25,7,10029.5,7.83,8,0,4,#4682B4,52.5,-4.1,-32.2,"Reflecting voiced consonants and unvoiced plosives for a vector configuration of Weight 5, Time 8, and Flow 5.",,3,6,5,0,N(撥音単発)
ばっ,bat,Manner or sound of ばっ: 「ば」とする actionや phenomenonが瞬間的・急激に行われる音や state/manner.,Psychomime (State/Manner),Dynamics,Neutral,Unvoiced (Light),Neutral,Reduplication,baʔ,5,8,7,6,5,4,492.6,4.04,8,10166.1,7.85,8,mh,5,#000000,0.0,0.0,0.0,"Reflecting voiced consonants and geminate sokuon (sudden onset) for a vector configuration of Weight 5, Time 8, and Flow 6.",,2,5,0,0,Q(促音単発)
ばっさばっさ,batsabatsa,Manner or sound of ばっさばっさ: 「ばっさ」という音や condition/stateが繰り返し連続して生じる manner.,Psychomime (State/Manner),Dynamics,Neutral,Unvoiced (Light),Neutral,Reduplication,bassabassa,5,6,6,3,7,4,515.7,4.15,6,8559.0,7.56,5,0,4,#FFFFFF,100.0,-0.0,0.0,"Reflecting voiced consonants and fricatives for a vector configuration of Weight 5, Time 6, and Flow 3.",,4,5,5,1,REDUP(畳語・同一)
ばったん,battan,Manner or sound of ばったん: 「ばった」と響き渡る音、 or 余韻や弾力を伴う condition/state。,Psychomime (State/Manner),Dynamics,Neutral,Unvoiced (Light),Neutral,Reduplication,battaŋ,6,8,8,5,4,5,356.3,3.22,7,8457.8,7.54,8,0,4,#8B4513,37.5,26.4,41.0,"Reflecting voiced consonants and unvoiced plosives for a vector configuration of Weight 6, Time 8, and Flow 5.",,3,6,5,0,N(撥音単発)
ばてばて,batebate,Manner or sound of ばてばて: 「ばて」という音や condition/stateが繰り返し連続して生じる manner.,Psychomime (State/Manner),Dynamics,Neutral,Unvoiced (Light),Neutral,Reduplication,batebate,6,5,5,4,5,6,392.5,3.46,4,6539.6,7.10,6,mh,5,#8B4513,37.5,26.4,41.0,"Reflecting voiced consonants and unvoiced plosives for a vector configuration of Weight 6, Time 5, and Flow 4.",,4,5,5,1,REDUP(畳語・同一)
ばばばばば,bababababa,Manner or sound of ばばばばば: 「ばばばばば」という感覚・音・ condition/stateを表す expression.,Psychomime (State/Manner),Dynamics,Neutral,Unvoiced (Light),Neutral,Reduplication,bababababa,6,6,5,4,7,6,228.6,2.09,5,8371.7,7.52,7,mh,5,#4169E1,47.8,26.3,-65.3,"Reflecting voiced consonants for a vector configuration of Weight 6, Time 6, and Flow 4.",,5,5,0,8,COMPOUND(複合・異種)
ばらっ,barat,Manner or sound of ばらっ: 「ばら」とする actionや phenomenonが瞬間的・急激に行われる音や state/manner.,Psychomime (State/Manner),Dynamics,Neutral,Unvoiced (Light),Neutral,Reduplication,baɾaʔ,5,8,6,5,6,3,505.0,4.10,7,9569.8,7.75,7,mh,5,#000000,0.0,0.0,0.0,"Reflecting voiced consonants and flap consonant /ɾ/ for a vector configuration of Weight 5, Time 8, and Flow 5.",,2,5,0,0,Q(促音単発)
ばらばら,barabara,Manner or sound of ばらばら: 散乱してまとまりがない manner.,Psychomime (State/Manner),Dynamics,Neutral,Unvoiced (Light),Neutral,Reduplication,baɾabaɾa,4,6,4,2,8,4,384.2,3.41,4,8028.2,7.45,5,mh,5,#8B4513,37.5,26.4,41.0,"Reflecting voiced consonants and flap consonant /ɾ/ for a vector configuration of Weight 4, Time 6, and Flow 2.",,4,5,5,1,REDUP(畳語・同一)
ばらばらっ,barabarat,Manner or sound of ばらばらっ: 「ばらばら」とする actionや phenomenonが瞬間的・急激に行われる音や state/manner.,Psychomime (State/Manner),Dynamics,Neutral,Unvoiced (Light),Neutral,Reduplication,baɾabaɾaʔ,5,7,6,4,7,3,461.5,3.87,7,9366.1,7.71,7,mh,5,#000000,0.0,0.0,0.0,"Reflecting voiced consonants and flap consonant /ɾ/ for a vector configuration of Weight 5, Time 7, and Flow 4.",,3,5,0,0,Q(促音単発)
ばらり,barari,Manner or sound of ばらり: 「ばら」と一度だけ鮮やかに、あるいは滑らかに行われる action・ condition/state。,Psychomime (State/Manner),Dynamics,Neutral,Unvoiced (Light),Neutral,Reduplication,baɾaɾi,3,6,6,3,8,4,435.7,3.73,5,5105.2,6.68,5,mh,5,#FFFFFF,100.0,-0.0,0.0,"Reflecting voiced consonants and flap consonant /ɾ/ for a vector configuration of Weight 3, Time 6, and Flow 3.",,4,6,0,0,RI(り単発)
ばらんばらん,baranbaran,Manner or sound of ばらんばらん: 「ばらんばら」と響き渡る音、 or 余韻や弾力を伴う condition/state。,Psychomime (State/Manner),Dynamics,Neutral,Unvoiced (Light),Neutral,Reduplication,baɾambaɾaŋ,5,5,5,2,6,5,345.9,3.14,4,6625.3,7.12,6,mh,5,#B8860B,59.2,9.9,62.7,"Reflecting voiced consonants and nasal resonance for a vector configuration of Weight 5, Time 5, and Flow 2.",,4,5,5,1,REDUP(畳語・同一)
ばりっ,barit,Manner or sound of ばりっ: 「ばり」とする actionや phenomenonが瞬間的・急激に行われる音や state/manner.,Psychomime (State/Manner),Dynamics,Neutral,Unvoiced (Light),Neutral,Reduplication,baɾiʔ,5,8,7,7,5,3,732.3,5.04,8,9776.2,7.78,7,0,4,#000000,0.0,0.0,0.0,"Reflecting voiced consonants and flap consonant /ɾ/ for a vector configuration of Weight 5, Time 8, and Flow 7.",,2,5,0,0,Q(促音単発)
ばりばり,baribari,Manner or sound of ばりばり: 「ばりば」と一度だけ鮮やかに、あるいは滑らかに行われる action・ condition/state。,Psychomime (State/Manner),Dynamics,Neutral,Unvoiced (Light),Neutral,Reduplication,baɾibaɾi,4,5,5,4,7,4,485.1,4.00,5,6247.4,7.02,6,mh,5,#FFFFFF,100.0,-0.0,0.0,"Reflecting voiced consonants and flap consonant /ɾ/ for a vector configuration of Weight 4, Time 5, and Flow 4.",,4,5,5,1,REDUP(畳語・同一)
ばりばりっ,baribarit,Manner or sound of ばりばりっ: 「ばりばり」とする actionや phenomenonが瞬間的・急激に行われる音や state/manner.,Psychomime (State/Manner),Dynamics,Neutral,Unvoiced (Light),Neutral,Reduplication,baɾibaɾiʔ,5,8,7,6,5,3,729.8,5.03,8,9997.7,7.82,7,0,4,#000000,0.0,0.0,0.0,"Reflecting voiced consonants and flap consonant /ɾ/ for a vector configuration of Weight 5, Time 8, and Flow 6.",,3,5,0,0,Q(促音単発)
ばりぼり,baribori,Manner or sound of ばりぼり: 「ばりぼ」と一度だけ鮮やかに、あるいは滑らかに行われる action・ condition/state。,Psychomime (State/Manner),Dynamics,Neutral,Unvoiced (Light),Neutral,Reduplication,baɾiboɾi,4,6,6,5,7,4,442.5,3.76,6,5871.9,6.92,6,mh,5,#FFFFFF,100.0,-0.0,0.0,"Reflecting voiced consonants and flap consonant /ɾ/ for a vector configuration of Weight 4, Time 6, and Flow 5.",,4,6,0,0,RI(り単発)
ばりん,barin,Manner or sound of ばりん: 「ばり」と響き渡る音、 or 余韻や弾力を伴う condition/state。,Psychomime (State/Manner),Dynamics,Neutral,Unvoiced (Light),Neutral,Reduplication,baɾiŋ,5,7,8,5,4,4,771.9,5.17,7,7343.5,7.30,7,mc,3,#808080,53.6,-0.0,0.0,"Reflecting voiced consonants and nasal resonance for a vector configuration of Weight 5, Time 7, and Flow 5.",,3,6,5,0,N(撥音単発)
ばん,ban,Manner or sound of ばん: 「ば」と響き渡る音、 or 余韻や弾力を伴う condition/state。,Psychomime (State/Manner),Dynamics,Neutral,Unvoiced (Light),Neutral,Reduplication,baŋ,5,7,7,5,4,5,416.6,3.61,6,7456.1,7.32,7,0,4,#808080,53.6,-0.0,0.0,"Reflecting voiced consonants and nasal resonance for a vector configuration of Weight 5, Time 7, and Flow 5.",,3,6,5,0,N(撥音単発)
ばーっ,ba-t,Manner or sound of ばーっ: 「ばー」とする actionや phenomenonが瞬間的・急激に行われる音や state/manner.,Psychomime (State/Manner),Dynamics,Neutral,Unvoiced (Light),Neutral,Reduplication,baːʔ,5,5,6,6,6,4,772.5,5.18,5,9009.2,7.65,6,mh,5,#FF0000,53.2,80.1,67.2,"Reflecting voiced consonants and geminate sokuon (sudden onset) for a vector configuration of Weight 5, Time 5, and Flow 6.",,2,6,5,0,LONG(長音ー)
ばーん,ba-n,Manner or sound of ばーん: 「ばー」と響き渡る音、 or 余韻や弾力を伴う condition/state。,Psychomime (State/Manner),Dynamics,Neutral,Unvoiced (Light),Neutral,Reduplication,baːŋ,5,4,7,4,5,5,776.0,5.19,2,8236.2,7.49,6,mh,5,#FFD700,86.9,-1.9,87.1,"Reflecting voiced consonants and nasal resonance for a vector configuration of Weight 5, Time 4, and Flow 4.",,3,7,5,0,LONG(長音ー)
ぱかっ,pakat,Manner or sound of ぱかっ: 「ぱか」とする actionや phenomenonが瞬間的・急激に行われる音や state/manner.,Psychomime (State/Manner),Dynamics,Neutral,Unvoiced (Light),Neutral,Reduplication,pakaʔ,4,8,7,6,5,2,896.8,5.55,8,10194.8,7.86,7,mh,5,#000000,0.0,0.0,0.0,"Reflecting unvoiced plosives and geminate sokuon (sudden onset) for a vector configuration of Weight 4, Time 8, and Flow 6.",,2,5,0,0,Q(促音単発)
ぱかぱか,pakapaka,Manner or sound of ぱかぱか: 「ぱか」という音や condition/stateが繰り返し連続して生じる manner.,Psychomime (State/Manner),Dynamics,Neutral,Unvoiced (Light),Neutral,Reduplication,pakapaka,3,6,5,3,6,2,1018.4,5.87,5,6960.4,7.21,4,mh,5,#FFFFFF,100.0,-0.0,0.0,"Reflecting unvoiced plosives for a vector configuration of Weight 3, Time 6, and Flow 3.",,4,5,5,1,REDUP(畳語・同一)
ぱくっ,pakut,Manner or sound of ぱくっ: 「ぱく」とする actionや phenomenonが瞬間的・急激に行われる音や state/manner.,Psychomime (State/Manner),Dynamics,Neutral,Unvoiced (Light),Neutral,Reduplication,pakuʔ,4,8,7,7,5,3,696.8,4.91,8,8473.5,7.54,7,0,4,#000000,0.0,0.0,0.0,"Reflecting unvoiced plosives and geminate sokuon (sudden onset) for a vector configuration of Weight 4, Time 8, and Flow 7.",,2,5,0,0,Q(促音単発)
ぱさっ,pasat,Manner or sound of ぱさっ: 「ぱさ」とする actionや phenomenonが瞬間的・急激に行われる音や state/manner.,Psychomime (State/Manner),Dynamics,Neutral,Unvoiced (Light),Neutral,Reduplication,pasaʔ,3,8,6,6,6,2,846.2,5.41,8,9867.5,7.80,6,0,4,#D2B48C,75.0,5.0,24.4,"Reflecting unvoiced plosives and fricatives for a vector configuration of Weight 3, Time 8, and Flow 6.",,2,5,0,0,Q(促音単発)
ぱさり,pasari,Manner or sound of ぱさり: 「ぱさ」と一度だけ鮮やかに、あるいは滑らかに行われる action・ condition/state。,Psychomime (State/Manner),Dynamics,Neutral,Unvoiced (Light),Neutral,Reduplication,pasaɾi,2,6,6,4,8,3,787.7,5.22,6,5681.9,6.86,5,mh,5,#FFFFFF,100.0,-0.0,0.0,"Reflecting unvoiced plosives and fricatives for a vector configuration of Weight 2, Time 6, and Flow 4.",,4,6,0,0,RI(り単発)
ぱしっ,pashit,Manner or sound of ぱしっ: 「ぱし」とする actionや phenomenonが瞬間的・急激に行われる音や state/manner.,Psychomime (State/Manner),Dynamics,Neutral,Unvoiced (Light),Neutral,Reduplication,paɕiʔ,4,8,7,7,5,3,923.7,5.63,8,9626.6,7.76,7,0,4,#000000,0.0,0.0,0.0,"Reflecting unvoiced plosives and fricatives for a vector configuration of Weight 4, Time 8, and Flow 7.",,2,5,0,0,Q(促音単発)
ぱしゃぱしゃ,pashapasha,Manner or sound of ぱしゃぱしゃ: 「ぱしゃ」という音や condition/stateが繰り返し連続して生じる manner.,Psychomime (State/Manner),Dynamics,Neutral,Unvoiced (Light),Neutral,Reduplication,paɕapaɕa,3,6,5,3,6,4,1068.8,6.00,5,11371.9,8.04,6,0,4,#4682B4,52.5,-4.1,-32.2,"Reflecting unvoiced plosives and fricatives for a vector configuration of Weight 3, Time 6, and Flow 3.",,4,5,5,1,REDUP(畳語・同一)
ぱしゃん,pashan,Manner or sound of ぱしゃん: 「ぱしゃ」と響き渡る音、 or 余韻や弾力を伴う condition/state。,Psychomime (State/Manner),Dynamics,Neutral,Unvoiced (Light),Neutral,Reduplication,paɕaŋ,4,8,7,5,5,4,886.6,5.52,7,9663.1,7.76,7,0,4,#4682B4,52.5,-4.1,-32.2,"Reflecting unvoiced plosives and fricatives for a vector configuration of Weight 4, Time 8, and Flow 5.",,3,6,5,0,N(撥音単発)
ぱたり,patari,Manner or sound of ぱたり: 「ぱた」と一度だけ鮮やかに、あるいは滑らかに行われる action・ condition/state。,Psychomime (State/Manner),Dynamics,Neutral,Unvoiced (Light),Neutral,Reduplication,pataɾi,3,6,6,4,7,4,672.5,4.82,6,5014.3,6.65,6,mh,5,#FFFFFF,100.0,-0.0,0.0,"Reflecting unvoiced plosives and flap consonant /ɾ/ for a vector configuration of Weight 3, Time 6, and Flow 4.",,4,6,0,0,RI(り単発)
ぱたん,patan,Manner or sound of ぱたん: 「ぱた」と響き渡る音、 or 余韻や弾力を伴う condition/state。,Psychomime (State/Manner),Dynamics,Neutral,Unvoiced (Light),Neutral,Reduplication,pataŋ,4,7,7,5,4,4,719.9,5.00,7,6684.6,7.14,7,0,4,#2F4F4F,31.3,-11.7,-3.7,"Reflecting unvoiced plosives and nasal resonance for a vector configuration of Weight 4, Time 7, and Flow 5.",,3,6,5,0,N(撥音単発)
ぱちっ,pachit,Manner or sound of ぱちっ: 「ぱち」とする actionや phenomenonが瞬間的・急激に行われる音や state/manner.,Psychomime (State/Manner),Dynamics,Neutral,Unvoiced (Light),Neutral,Reduplication,patɕiʔ,4,8,7,7,4,2,1221.7,6.34,8,10079.4,7.84,7,mh,5,#000000,0.0,0.0,0.0,"Reflecting unvoiced plosives and fricatives for a vector configuration of Weight 4, Time 8, and Flow 7.",,2,5,0,0,Q(促音単発)
ぱちゃぱちゃ,pachapacha,Manner or sound of ぱちゃぱちゃ: 「ぱちゃ」という音や condition/stateが繰り返し連続して生じる manner.,Psychomime (State/Manner),Dynamics,Neutral,Unvoiced (Light),Neutral,Reduplication,patɕapatɕa,3,7,5,4,5,4,1472.7,6.81,6,10578.6,7.92,6,mh,5,#FF4500,57.6,67.8,69.0,"Reflecting unvoiced plosives and fricatives for a vector configuration of Weight 3, Time 7, and Flow 4.",,4,5,5,1,REDUP(畳語・同一)
ぱちゃん,pachan,Manner or sound of ぱちゃん: 「ぱちゃ」と響き渡る音、 or 余韻や弾力を伴う condition/state。,Psychomime (State/Manner),Dynamics,Neutral,Unvoiced (Light),Neutral,Reduplication,patɕaŋ,4,8,7,5,4,4,1150.9,6.18,7,9398.1,7.72,7,0,4,#4682B4,52.5,-4.1,-32.2,"Reflecting unvoiced plosives and fricatives for a vector configuration of Weight 4, Time 8, and Flow 5.",,3,6,5,0,N(撥音単発)
ぱちり,pachiri,Manner or sound of ぱちり: 「ぱち」と一度だけ鮮やかに、あるいは滑らかに行われる action・ condition/state。,Psychomime (State/Manner),Dynamics,Neutral,Unvoiced (Light),Neutral,Reduplication,patɕiɾi,2,7,7,5,6,3,1112.0,6.10,6,6464.5,7.08,6,mh,5,#FFFFFF,100.0,-0.0,0.0,"Reflecting unvoiced plosives and fricatives for a vector configuration of Weight 2, Time 7, and Flow 5.",,4,6,0,0,RI(り単発)
ぱちん,pachin,Manner or sound of ぱちん: 「ぱち」と響き渡る音、 or 余韻や弾力を伴う condition/state。,Psychomime (State/Manner),Dynamics,Neutral,Unvoiced (Light),Neutral,Reduplication,patɕiŋ,4,7,7,6,4,3,1251.9,6.40,7,7447.5,7.32,7,0,4,#FF4500,57.6,67.8,69.0,"Reflecting unvoiced plosives and fricatives for a vector configuration of Weight 4, Time 7, and Flow 6.",,3,6,5,0,N(撥音単発)
ぱっかり,patkari,Manner or sound of ぱっかり: 「ぱっか」と一度だけ鮮やかに、あるいは滑らかに行われる action・ condition/state。,Psychomime (State/Manner),Dynamics,Neutral,Unvoiced (Light),Neutral,Reduplication,pakkaɾi,3,6,6,4,7,3,707.3,4.95,7,4380.7,6.42,6,mh,5,#000000,0.0,0.0,0.0,"Reflecting unvoiced plosives and flap consonant /ɾ/ for a vector configuration of Weight 3, Time 6, and Flow 4.",,5,5,5,8,COMPOUND(複合・異種)
ぱっくり,patkuri,Manner or sound of ぱっくり: 「ぱっく」と一度だけ鮮やかに、あるいは滑らかに行われる action・ condition/state。,Psychomime (State/Manner),Dynamics,Neutral,Unvoiced (Light),Neutral,Reduplication,pakkuɾi,3,6,5,5,6,4,595.8,4.52,7,3655.1,6.11,6,mh,5,#8B4513,37.5,26.4,41.0,"Reflecting unvoiced plosives and flap consonant /ɾ/ for a vector configuration of Weight 3, Time 6, and Flow 5.",,5,5,5,8,COMPOUND(複合・異種)
ぱったり,pattari,Manner or sound of ぱったり: 「ぱった」と一度だけ鮮やかに、あるいは滑らかに行われる action・ condition/state。,Psychomime (State/Manner),Dynamics,Neutral,Unvoiced (Light),Neutral,Reduplication,pattaɾi,4,6,5,5,6,4,577.9,4.44,6,4680.2,6.53,6,mh,5,#FFFFFF,100.0,-0.0,0.0,"Reflecting unvoiced plosives and flap consonant /ɾ/ for a vector configuration of Weight 4, Time 6, and Flow 5.",,5,5,5,8,COMPOUND(複合・異種)
ぱっぱ,patpa,Manner or sound of ぱっぱ: 「ぱっぱ」という感覚・音・ condition/stateを表す expression.,Psychomime (State/Manner),Dynamics,Neutral,Unvoiced (Light),Neutral,Reduplication,pappa,3,6,6,5,6,4,821.8,5.33,6,6775.1,7.16,6,mh,5,#FFFFFF,100.0,-0.0,0.0,"Reflecting unvoiced plosives and geminate sokuon (sudden onset) for a vector configuration of Weight 3, Time 6, and Flow 5.",,5,5,0,8,COMPOUND(複合・異種)
ぱっぱか,patpaka,Manner or sound of ぱっぱか: 「ぱっぱか」という感覚・音・ condition/stateを表す expression.,Psychomime (State/Manner),Dynamics,Neutral,Unvoiced (Light),Neutral,Reduplication,pappaka,3,6,6,4,6,3,894.5,5.55,6,6918.0,7.20,6,mh,5,#FFFFFF,100.0,-0.0,0.0,"Reflecting unvoiced plosives and geminate sokuon (sudden onset) for a vector configuration of Weight 3, Time 6, and Flow 4.",,5,5,0,8,COMPOUND(複合・異種)
ぱっぱっ,patpat,Manner or sound of ぱっぱっ: 「ぱっぱ」とする actionや phenomenonが瞬間的・急激に行われる音や state/manner.,Psychomime (State/Manner),Dynamics,Neutral,Unvoiced (Light),Neutral,Reduplication,pappaʔ,4,7,6,5,6,3,810.8,5.30,6,7918.7,7.43,7,mh,5,#FFFFFF,100.0,-0.0,0.0,"Reflecting unvoiced plosives and geminate sokuon (sudden onset) for a vector configuration of Weight 4, Time 7, and Flow 5.",,4,5,5,1,REDUP(畳語・同一)
ぱぱっ,papat,Manner or sound of ぱぱっ: 「ぱぱ」とする actionや phenomenonが瞬間的・急激に行われる音や state/manner.,Psychomime (State/Manner),Dynamics,Neutral,Unvoiced (Light),Neutral,Reduplication,papaʔ,4,8,7,6,6,2,910.4,5.59,8,10145.0,7.85,7,mh,5,#000000,0.0,0.0,0.0,"Reflecting unvoiced plosives and geminate sokuon (sudden onset) for a vector configuration of Weight 4, Time 8, and Flow 6.",,2,5,0,0,Q(促音単発)
ぱらっ,parat,Manner or sound of ぱらっ: 「ぱら」とする actionや phenomenonが瞬間的・急激に行われる音や state/manner.,Psychomime (State/Manner),Dynamics,Neutral,Unvoiced (Light),Neutral,Reduplication,paɾaʔ,3,8,6,5,6,2,810.8,5.30,8,9484.5,7.73,7,0,4,#000000,0.0,0.0,0.0,"Reflecting unvoiced plosives and flap consonant /ɾ/ for a vector configuration of Weight 3, Time 8, and Flow 5.",,2,5,0,0,Q(促音単発)
ぱらり,parari,Manner or sound of ぱらり: 「ぱら」と一度だけ鮮やかに、あるいは滑らかに行われる action・ condition/state。,Psychomime (State/Manner),Dynamics,Neutral,Unvoiced (Light),Neutral,Reduplication,paɾaɾi,2,6,5,3,8,3,721.9,5.00,6,5037.4,6.66,5,mh,5,#FFFFFF,100.0,-0.0,0.0,"Reflecting unvoiced plosives and flap consonant /ɾ/ for a vector configuration of Weight 2, Time 6, and Flow 3.",,4,6,0,0,RI(り単発)
ぱらん,paran,Manner or sound of ぱらん: 「ぱら」と響き渡る音、 or 余韻や弾力を伴う condition/state。,Psychomime (State/Manner),Dynamics,Neutral,Unvoiced (Light),Neutral,Reduplication,paɾaŋ,3,7,7,4,5,3,751.5,5.11,6,6344.6,7.05,6,0,4,#FFFFFF,100.0,-0.0,0.0,"Reflecting unvoiced plosives and nasal resonance for a vector configuration of Weight 3, Time 7, and Flow 4.",,3,6,5,0,N(撥音単発)
ぱりぽり,paripori,Manner or sound of ぱりぽり: 「ぱりぽ」と一度だけ鮮やかに、あるいは滑らかに行われる action・ condition/state。,Psychomime (State/Manner),Dynamics,Neutral,Unvoiced (Light),Neutral,Reduplication,paɾipoɾi,2,6,6,4,7,3,929.4,5.64,6,5642.4,6.85,6,mh,5,#FFFFFF,100.0,-0.0,0.0,"Reflecting unvoiced plosives and flap consonant /ɾ/ for a vector configuration of Weight 2, Time 6, and Flow 4.",,4,6,0,0,RI(り単発)
ぱん,pan,Manner or sound of ぱん: 「ぱ」と響き渡る音、 or 余韻や弾力を伴う condition/state。,Psychomime (State/Manner),Dynamics,Neutral,Unvoiced (Light),Neutral,Reduplication,paŋ,4,7,7,5,5,4,777.0,5.19,6,6675.3,7.14,7,0,4,#808080,53.6,-0.0,0.0,"Reflecting unvoiced plosives and nasal resonance for a vector configuration of Weight 4, Time 7, and Flow 5.",,3,6,5,0,N(撥音単発)
ぱんぱん,panpan,Manner or sound of ぱんぱん: 「ぱんぱ」と響き渡る音、 or 余韻や弾力を伴う condition/state。,Psychomime (State/Manner),Dynamics,Neutral,Unvoiced (Light),Neutral,Reduplication,pampaŋ,4,6,6,4,5,4,774.1,5.18,5,7040.7,7.23,6,mh,5,#FF4500,57.6,67.8,69.0,"Reflecting unvoiced plosives and nasal resonance for a vector configuration of Weight 4, Time 6, and Flow 4.",,4,5,5,1,REDUP(畳語・同一)
ぱーっ,pa-t,Manner or sound of ぱーっ: 「ぱー」とする actionや phenomenonが瞬間的・急激に行われる音や state/manner.,Psychomime (State/Manner),Dynamics,Neutral,Unvoiced (Light),Neutral,Reduplication,paːʔ,4,5,6,5,6,3,1001.1,5.83,5,8083.3,7.46,6,mh,5,#FFD700,86.9,-1.9,87.1,"Reflecting unvoiced plosives and geminate sokuon (sudden onset) for a vector configuration of Weight 4, Time 5, and Flow 5.",,2,6,5,0,LONG(長音ー)
ぱーぱー,pa-pa-,Manner or sound of ぱーぱー: 「ぱー」という音や condition/stateが繰り返し連続して生じる manner.,Psychomime (State/Manner),Dynamics,Neutral,Unvoiced (Light),Neutral,Reduplication,paːpaː,3,4,4,3,6,4,934.4,5.66,3,6030.8,6.96,5,mh,5,#FFD700,86.9,-1.9,87.1,"Reflecting unvoiced plosives and long vowel extension for a vector configuration of Weight 3, Time 4, and Flow 3.",,4,5,5,1,REDUP(畳語・同一)
ぱーん,pa-n,Manner or sound of ぱーん: 「ぱー」と響き渡る音、 or 余韻や弾力を伴う condition/state。,Psychomime (State/Manner),Dynamics,Neutral,Unvoiced (Light),Neutral,Reduplication,paːŋ,4,4,6,4,5,4,1036.4,5.92,3,7195.2,7.26,6,mh,5,#FFD700,86.9,-1.9,87.1,"Reflecting unvoiced plosives and nasal resonance for a vector configuration of Weight 4, Time 4, and Flow 4.",,3,7,5,0,LONG(長音ー)
ひいひいひ,hiihiihi,Manner or sound of ひいひいひ: 「ひいひいひ」という感覚・音・ condition/stateを表す expression.,Psychomime (State/Manner),Dynamics,Neutral,Unvoiced (Light),Neutral,Reduplication,çiiçiiçi,3,5,5,6,7,4,1337.1,6.56,5,5637.5,6.85,5,0,4,#FFFFFF,100.0,-0.0,0.0,"Reflecting fricatives for a vector configuration of Weight 3, Time 5, and Flow 6.",,5,5,0,8,COMPOUND(複合・異種)
ひいよろよろ,hiiyoroyoro,Manner or sound of ひいよろよろ: 「ひいよろよろ」という感覚・音・ condition/stateを表す expression.,Psychomime (State/Manner),Dynamics,Neutral,Unvoiced (Light),Neutral,Reduplication,çiijoɾojoɾo,4,4,4,4,8,5,591.4,4.50,4,1983.1,5.07,6,0,4,#A9A9A9,69.2,-0.0,0.0,"Reflecting fricatives and flap consonant /ɾ/ for a vector configuration of Weight 4, Time 4, and Flow 4.",,5,5,0,8,COMPOUND(複合・異種)
ひかひか,hikahika,Manner or sound of ひかひか: 「ひか」という音や condition/stateが繰り返し連続して生じる manner.,Psychomime (State/Manner),Dynamics,Neutral,Unvoiced (Light),Neutral,Reduplication,çikaçika,2,6,5,4,7,2,1572.4,6.97,5,7578.2,7.35,5,0,4,#FFD700,86.9,-1.9,87.1,"Reflecting unvoiced plosives and fricatives for a vector configuration of Weight 2, Time 6, and Flow 4.",,4,5,5,1,REDUP(畳語・同一)
ひかる,hikaru,Manner or sound of ひかる: 「ひかる」という感覚・音・ condition/stateを表す expression.,Psychomime (State/Manner),Dynamics,Neutral,Unvoiced (Light),Neutral,Reduplication,çikaɾu,3,5,5,5,7,4,1108.4,6.09,5,4522.2,6.47,5,0,4,#FFFFFF,100.0,-0.0,0.0,"Reflecting unvoiced plosives and fricatives for a vector configuration of Weight 3, Time 5, and Flow 5.",,5,5,0,8,COMPOUND(複合・異種)
ひきひき,hikihiki,Manner or sound of ひきひき: 「ひき」という音や condition/stateが繰り返し連続して生じる manner.,Psychomime (State/Manner),Dynamics,Neutral,Unvoiced (Light),Neutral,Reduplication,çikiçiki,2,6,6,6,6,3,1774.7,7.28,5,8646.3,7.58,5,0,4,#708090,52.8,-2.1,-10.6,"Reflecting unvoiced plosives and fricatives for a vector configuration of Weight 2, Time 6, and Flow 6.",,4,5,5,1,REDUP(畳語・同一)
ひくっ,hikut,Manner or sound of ひくっ: 「ひく」とする actionや phenomenonが瞬間的・急激に行われる音や state/manner.,Psychomime (State/Manner),Dynamics,Neutral,Unvoiced (Light),Neutral,Reduplication,çikuʔ,4,8,7,7,6,3,954.9,5.71,8,8493.1,7.55,7,0,4,#000000,0.0,0.0,0.0,"Reflecting unvoiced plosives and fricatives for a vector configuration of Weight 4, Time 8, and Flow 7.",,2,5,0,0,Q(促音単発)
ひくひく,hikuhiku,Manner or sound of ひくひく: 「ひく」という音や condition/stateが繰り返し連続して生じる manner.,Psychomime (State/Manner),Dynamics,Neutral,Unvoiced (Light),Neutral,Reduplication,çikuçiku,3,6,4,5,7,4,1362.7,6.61,5,5401.2,6.78,5,mc,3,#708090,52.8,-2.1,-10.6,"Reflecting unvoiced plosives and fricatives for a vector configuration of Weight 3, Time 6, and Flow 5.",,4,5,5,1,REDUP(畳語・同一)
ひくひくっ,hikuhikut,Manner or sound of ひくひくっ: 「ひくひく」とする actionや phenomenonが瞬間的・急激に行われる音や state/manner.,Psychomime (State/Manner),Dynamics,Neutral,Unvoiced (Light),Neutral,Reduplication,çikuçikuʔ,3,8,6,7,6,3,1174.6,6.24,8,8389.4,7.52,7,0,4,#000000,0.0,0.0,0.0,"Reflecting unvoiced plosives and fricatives for a vector configuration of Weight 3, Time 8, and Flow 7.",,3,5,0,0,Q(促音単発)
ひげひげ,higehige,Manner or sound of ひげひげ: 「ひげ」という音や condition/stateが繰り返し連続して生じる manner.,Psychomime (State/Manner),Dynamics,Neutral,Unvoiced (Light),Neutral,Reduplication,çiɡeçiɡe,4,5,5,5,7,4,1088.1,6.04,4,4842.1,6.59,6,mc,3,#708090,52.8,-2.1,-10.6,"Reflecting voiced consonants and fricatives for a vector configuration of Weight 4, Time 5, and Flow 5.",,4,5,5,1,REDUP(畳語・同一)
ひさひさ,hisahisa,Manner or sound of ひさひさ: 「ひさ」という音や condition/stateが繰り返し連続して生じる manner.,Psychomime (State/Manner),Dynamics,Neutral,Unvoiced (Light),Neutral,Reduplication,çisaçisa,2,5,4,4,8,3,1350.1,6.59,4,6051.0,6.97,4,mc,3,#FFFFFF,100.0,-0.0,0.0,"Reflecting fricatives for a vector configuration of Weight 2, Time 5, and Flow 4.",,4,5,5,1,REDUP(畳語・同一)
ひたひた,hitahita,Manner or sound of ひたひた: 「ひた」という音や condition/stateが繰り返し連続して生じる manner.,Psychomime (State/Manner),Dynamics,Neutral,Unvoiced (Light),Neutral,Reduplication,çitaçita,3,5,4,5,7,5,984.0,5.79,5,5049.3,6.66,6,0,4,#FFFFFF,100.0,-0.0,0.0,"Reflecting unvoiced plosives and fricatives for a vector configuration of Weight 3, Time 5, and Flow 5.",,4,5,5,1,REDUP(畳語・同一)
ひちびち,hichibichi,Manner or sound of ひちびち: 「ひちびち」という感覚・音・ condition/stateを表す expression.,Psychomime (State/Manner),Dynamics,Neutral,Unvoiced (Light),Neutral,Reduplication,çitɕibitɕi,3,5,6,7,6,5,1256.4,6.41,6,4825.1,6.58,6,0,4,#F5F5DC,95.9,-4.2,12.0,"Reflecting voiced consonants and unvoiced plosives for a vector configuration of Weight 3, Time 5, and Flow 7.",,5,5,0,8,COMPOUND(複合・異種)
ひっそりかん,hitsorikan,Manner or sound of ひっそりかん: 「ひっそりか」と響き渡る音、 or 余韻や弾力を伴う condition/state。,Psychomime (State/Manner),Dynamics,Neutral,Unvoiced (Light),Neutral,Reduplication,çissoɾikaŋ,3,6,6,5,6,3,1271.8,6.44,6,5235.0,6.72,6,mc,3,#F0F8FF,97.2,-1.3,-4.3,"Reflecting unvoiced plosives and fricatives for a vector configuration of Weight 3, Time 6, and Flow 5.",,5,5,5,8,COMPOUND(複合・異種)
ひひ,hihi,Manner or sound of ひひ: 「ひひ」という感覚・音・ condition/stateを表す expression.,Psychomime (State/Manner),Dynamics,Neutral,Unvoiced (Light),Neutral,Reduplication,çiçi,3,5,5,6,7,4,1173.1,6.23,5,5187.6,6.71,6,0,4,#FFFFFF,100.0,-0.0,0.0,"Reflecting fricatives for a vector configuration of Weight 3, Time 5, and Flow 6.",,5,5,0,8,COMPOUND(複合・異種)
ひひひ,hihihi,Manner or sound of ひひひ: 「ひひひ」という感覚・音・ condition/stateを表す expression.,Psychomime (State/Manner),Dynamics,Neutral,Unvoiced (Light),Neutral,Reduplication,çiçiçi,3,5,5,6,7,4,1247.5,6.39,5,5735.4,6.88,6,0,4,#FFFFFF,100.0,-0.0,0.0,"Reflecting fricatives for a vector configuration of Weight 3, Time 5, and Flow 6.",,5,5,0,8,COMPOUND(複合・異種)
ひゃひゃ,hyahya,Manner or sound of ひゃひゃ: 「ひゃ」という音や condition/stateが繰り返し連続して生じる manner.,Psychomime (State/Manner),Dynamics,Neutral,Unvoiced (Light),Neutral,Reduplication,çjaçja,3,5,3,3,8,5,1203.7,6.30,3,7469.2,7.33,5,0,4,#FFFFFF,100.0,-0.0,0.0,"Reflecting fricatives for a vector configuration of Weight 3, Time 5, and Flow 3.",,4,5,5,1,REDUP(畳語・同一)
ひゃら,hyara,Manner or sound of ひゃら: 「ひゃら」という感覚・音・ condition/stateを表す expression.,Psychomime (State/Manner),Dynamics,Neutral,Unvoiced (Light),Neutral,Reduplication,çjaɾa,3,5,4,3,8,4,933.6,5.65,4,5772.5,6.89,5,0,4,#F5F5F5,96.5,-0.0,0.0,"Reflecting fricatives and flap consonant /ɾ/ for a vector configuration of Weight 3, Time 5, and Flow 3.",,5,5,0,8,COMPOUND(複合・異種)
ひゃらら,hyarara,Manner or sound of ひゃらら: 「ひゃらら」という感覚・音・ condition/stateを表す expression.,Psychomime (State/Manner),Dynamics,Neutral,Unvoiced (Light),Neutral,Reduplication,çjaɾaɾa,3,5,3,2,9,3,874.5,5.49,4,5342.2,6.76,5,mh,5,#FF69B4,65.5,64.2,-10.6,"Reflecting fricatives and flap consonant /ɾ/ for a vector configuration of Weight 3, Time 5, and Flow 2.",,5,5,0,8,COMPOUND(複合・異種)
ひやーっ,hiya-t,Manner or sound of ひやーっ: 「ひやー」とする actionや phenomenonが瞬間的・急激に行われる音や state/manner.,Psychomime (State/Manner),Dynamics,Neutral,Unvoiced (Light),Neutral,Reduplication,çijaːʔ,3,5,5,5,7,4,1201.7,6.29,4,7900.4,7.42,6,0,4,#FF0000,53.2,80.1,67.2,"Reflecting fricatives and geminate sokuon (sudden onset) for a vector configuration of Weight 3, Time 5, and Flow 5.",,3,6,5,0,LONG(長音ー)
ひゅっ,hyut,Manner or sound of ひゅっ: 「ひゅ」とする actionや phenomenonが瞬間的・急激に行われる音や state/manner.,Psychomime (State/Manner),Dynamics,Neutral,Unvoiced (Light),Neutral,Reduplication,çjuʔ,4,7,7,7,6,3,1013.3,5.86,7,9251.8,7.69,7,0,4,#000000,0.0,0.0,0.0,"Reflecting fricatives and geminate sokuon (sudden onset) for a vector configuration of Weight 4, Time 7, and Flow 7.",,2,5,0,0,Q(促音単発)
ひゅん,hyun,Manner or sound of ひゅん: 「ひゅ」と響き渡る音、 or 余韻や弾力を伴う condition/state。,Psychomime (State/Manner),Dynamics,Neutral,Unvoiced (Light),Neutral,Reduplication,çjuŋ,4,6,7,5,6,5,995.8,5.82,6,6884.0,7.19,7,mc,3,#808080,53.6,-0.0,0.0,"Reflecting fricatives and nasal resonance for a vector configuration of Weight 4, Time 6, and Flow 5.",,3,6,5,0,N(撥音単発)
ひゅんひゅん,hyunhyun,Manner or sound of ひゅんひゅん: 「ひゅんひゅ」と響き渡る音、 or 余韻や弾力を伴う condition/state。,Psychomime (State/Manner),Dynamics,Neutral,Unvoiced (Light),Neutral,Reduplication,çjuŋçjuŋ,4,5,6,4,7,5,1101.8,6.07,4,7479.4,7.33,6,0,4,#FFFFFF,100.0,-0.0,0.0,"Reflecting fricatives and nasal resonance for a vector configuration of Weight 4, Time 5, and Flow 4.",,4,5,5,1,REDUP(畳語・同一)
ひゅー,hyu-,Manner or sound of ひゅー: 音が長く尾を引いて持続する音や condition/state。,Psychomime (State/Manner),Dynamics,Neutral,Unvoiced (Light),Neutral,Reduplication,çjuː,3,2,5,4,8,4,1310.8,6.51,1,7042.7,7.23,5,0,4,#FF4500,57.6,67.8,69.0,"Reflecting fricatives and long vowel extension for a vector configuration of Weight 3, Time 2, and Flow 4.",,2,7,5,0,LONG(長音ー)
ひゅーひゅー,hyu-hyu-,Manner or sound of ひゅーひゅー: 「ひゅー」という音や condition/stateが繰り返し連続して生じる manner.,Psychomime (State/Manner),Dynamics,Neutral,Unvoiced (Light),Neutral,Reduplication,çjuːçjuː,3,3,5,4,8,5,1310.6,6.51,2,6612.3,7.12,6,0,4,#FFFFFF,100.0,-0.0,0.0,"Reflecting fricatives and long vowel extension for a vector configuration of Weight 3, Time 3, and Flow 4.",,4,5,5,1,REDUP(畳語・同一)
ひゅーん,hyu-n,Manner or sound of ひゅーん: 「ひゅー」と響き渡る音、 or 余韻や弾力を伴う condition/state。,Psychomime (State/Manner),Dynamics,Neutral,Unvoiced (Light),Neutral,Reduplication,çjuːŋ,3,4,6,4,6,5,1285.8,6.47,2,7415.7,7.31,6,0,4,#9A6B58,49.6,16.3,18.2,"Reflecting fricatives and nasal resonance for a vector configuration of Weight 3, Time 4, and Flow 4.",,3,7,5,0,LONG(長音ー)
ひょうよろよろ,hyouyoroyoro,Manner or sound of ひょうよろよろ: 「ひょうよろよろ」という感覚・音・ condition/stateを表す expression.,Psychomime (State/Manner),Dynamics,Neutral,Unvoiced (Light),Neutral,Reduplication,çjoujoɾojoɾo,4,4,3,4,8,6,444.9,3.78,4,1289.5,4.34,6,0,4,#A9A9A9,69.2,-0.0,0.0,"Reflecting fricatives and flap consonant /ɾ/ for a vector configuration of Weight 4, Time 4, and Flow 4.",,5,5,0,8,COMPOUND(複合・異種)
ひょこっ,hyokot,Manner or sound of ひょこっ: 「ひょこ」とする actionや phenomenonが瞬間的・急激に行われる音や state/manner.,Psychomime (State/Manner),Dynamics,Neutral,Unvoiced (Light),Neutral,Reduplication,çjokoʔ,3,8,6,6,6,3,834.1,5.37,7,7144.3,7.25,7,0,4,#FFFFFF,100.0,-0.0,0.0,"Reflecting unvoiced plosives and fricatives for a vector configuration of Weight 3, Time 8, and Flow 6.",,3,5,0,0,Q(促音単発)
ひょこひょこ,hyokohyoko,Manner or sound of ひょこひょこ: 「ひょこ」という音や condition/stateが繰り返し連続して生じる manner.,Psychomime (State/Manner),Dynamics,Neutral,Unvoiced (Light),Neutral,Reduplication,çjokoçjoko,3,6,4,4,7,4,863.7,5.46,5,3715.4,6.14,5,0,4,#FFFFFF,100.0,-0.0,0.0,"Reflecting unvoiced plosives and fricatives for a vector configuration of Weight 3, Time 6, and Flow 4.",,4,5,5,1,REDUP(畳語・同一)
ひょこり,hyokori,Manner or sound of ひょこり: 「ひょこ」と一度だけ鮮やかに、あるいは滑らかに行われる action・ condition/state。,Psychomime (State/Manner),Dynamics,Neutral,Unvoiced (Light),Neutral,Reduplication,çjokoɾi,2,6,5,4,8,4,784.3,5.21,6,3881.7,6.22,5,mh,5,#FFFFFF,100.0,-0.0,0.0,"Reflecting unvoiced plosives and fricatives for a vector configuration of Weight 2, Time 6, and Flow 4.",,4,6,0,0,RI(り単発)
ひょこりひょこり,hyokorihyokori,Manner or sound of ひょこりひょこり: 「ひょこりひょこ」と一度だけ鮮やかに、あるいは滑らかに行われる action・ condition/state。,Psychomime (State/Manner),Dynamics,Neutral,Unvoiced (Light),Neutral,Reduplication,çjokoɾiçjokoɾi,2,6,5,4,7,4,936.1,5.66,5,4273.6,6.38,5,mh,5,#FFFFFF,100.0,-0.0,0.0,"Reflecting unvoiced plosives and fricatives for a vector configuration of Weight 2, Time 6, and Flow 4.",,4,5,5,1,REDUP(畳語・同一)
ひょこん,hyokon,Manner or sound of ひょこん: 「ひょこ」と響き渡る音、 or 余韻や弾力を伴う condition/state。,Psychomime (State/Manner),Dynamics,Neutral,Unvoiced (Light),Neutral,Reduplication,çjokoŋ,3,7,6,5,6,4,780.7,5.20,6,4774.9,6.57,6,0,4,#808080,53.6,-0.0,0.0,"Reflecting unvoiced plosives and fricatives for a vector configuration of Weight 3, Time 7, and Flow 5.",,3,6,5,0,N(撥音単発)
ひょこんひょこん,hyokonhyokon,Manner or sound of ひょこんひょこん: 「ひょこんひょこ」と響き渡る音、 or 余韻や弾力を伴う condition/state。,Psychomime (State/Manner),Dynamics,Neutral,Unvoiced (Light),Neutral,Reduplication,çjokoŋçjokoŋ,3,6,5,4,6,4,774.0,5.18,5,4474.9,6.46,6,0,4,#FFFFFF,100.0,-0.0,0.0,"Reflecting unvoiced plosives and fricatives for a vector configuration of Weight 3, Time 6, and Flow 4.",,4,5,5,1,REDUP(畳語・同一)
ひょっくり,hyotkuri,Manner or sound of ひょっくり: 「ひょっく」と一度だけ鮮やかに、あるいは滑らかに行われる action・ condition/state。,Psychomime (State/Manner),Dynamics,Neutral,Unvoiced (Light),Neutral,Reduplication,çjokkuɾi,3,5,5,5,7,4,604.8,4.56,6,2775.5,5.65,6,mh,5,#FFFFFF,100.0,-0.0,0.0,"Reflecting unvoiced plosives and fricatives for a vector configuration of Weight 3, Time 5, and Flow 5.",,5,5,5,8,COMPOUND(複合・異種)
ひょろっ,hyorot,Manner or sound of ひょろっ: 「ひょろ」とする actionや phenomenonが瞬間的・急激に行われる音や state/manner.,Psychomime (State/Manner),Dynamics,Neutral,Unvoiced (Light),Neutral,Reduplication,çjoɾoʔ,3,7,6,6,7,4,768.4,5.16,7,6549.3,7.10,7,0,4,#000000,0.0,0.0,0.0,"Reflecting fricatives and flap consonant /ɾ/ for a vector configuration of Weight 3, Time 7, and Flow 6.",,3,5,0,0,Q(促音単発)
ひょろひょろ,hyorohyoro,Manner or sound of ひょろひょろ: 「ひょろ」という音や condition/stateが繰り返し連続して生じる manner.,Psychomime (State/Manner),Dynamics,Neutral,Unvoiced (Light),Neutral,Reduplication,çjoɾoçjoɾo,3,5,3,3,9,5,778.8,5.20,3,2282.4,5.31,6,0,4,#006400,36.2,-43.4,41.9,"Reflecting fricatives and flap consonant /ɾ/ for a vector configuration of Weight 3, Time 5, and Flow 3.",,4,5,5,1,REDUP(畳語・同一)
ひょろり,hyorori,Manner or sound of ひょろり: 「ひょろ」と一度だけ鮮やかに、あるいは滑らかに行われる action・ condition/state。,Psychomime (State/Manner),Dynamics,Neutral,Unvoiced (Light),Neutral,Reduplication,çjoɾoɾi,2,6,5,4,9,5,721.0,5.00,5,3100.3,5.83,6,mh,5,#FFFFFF,100.0,-0.0,0.0,"Reflecting fricatives and flap consonant /ɾ/ for a vector configuration of Weight 2, Time 6, and Flow 4.",,4,6,0,0,RI(り単発)
ひょろりひょろり,hyororihyorori,Manner or sound of ひょろりひょろり: 「ひょろりひょろ」と一度だけ鮮やかに、あるいは滑らかに行われる action・ condition/state。,Psychomime (State/Manner),Dynamics,Neutral,Unvoiced (Light),Neutral,Reduplication,çjoɾoɾiçjoɾoɾi,2,5,4,4,9,5,848.3,5.41,4,3225.7,5.90,6,0,4,#006400,36.2,-43.4,41.9,"Reflecting fricatives and flap consonant /ɾ/ for a vector configuration of Weight 2, Time 5, and Flow 4.",,4,5,5,1,REDUP(畳語・同一)
ひょんひょん,hyonhyon,Manner or sound of ひょんひょん: 「ひょんひょ」と響き渡る音、 or 余韻や弾力を伴う condition/state。,Psychomime (State/Manner),Dynamics,Neutral,Unvoiced (Light),Neutral,Reduplication,çjoŋçjoŋ,3,6,5,4,7,5,861.2,5.45,5,5256.0,6.73,6,0,4,#FFFFFF,100.0,-0.0,0.0,"Reflecting fricatives and nasal resonance for a vector configuration of Weight 3, Time 6, and Flow 4.",,4,5,5,1,REDUP(畳語・同一)
ひらり,hirari,Manner or sound of ひらり: 「ひら」と一度だけ鮮やかに、あるいは滑らかに行われる action・ condition/state。,Psychomime (State/Manner),Dynamics,Neutral,Unvoiced (Light),Neutral,Reduplication,çiɾaɾi,2,6,5,4,8,3,883.5,5.52,5,4671.6,6.53,5,mh,5,#FFFFFF,100.0,-0.0,0.0,"Reflecting fricatives and flap consonant /ɾ/ for a vector configuration of Weight 2, Time 6, and Flow 4.",,4,6,0,0,RI(り単発)
ひらりひらり,hirarihirari,Manner or sound of ひらりひらり: 「ひらりひら」と一度だけ鮮やかに、あるいは滑らかに行われる action・ condition/state。,Psychomime (State/Manner),Dynamics,Neutral,Unvoiced (Light),Neutral,Reduplication,çiɾaɾiçiɾaɾi,2,5,5,3,8,3,1096.0,6.06,5,5448.5,6.79,5,mh,5,#FFFFFF,100.0,-0.0,0.0,"Reflecting fricatives and flap consonant /ɾ/ for a vector configuration of Weight 2, Time 5, and Flow 3.",,4,5,5,1,REDUP(畳語・同一)
ひん,hin,Manner or sound of ひん: 「ひ」と響き渡る音、 or 余韻や弾力を伴う condition/state。,Psychomime (State/Manner),Dynamics,Neutral,Unvoiced (Light),Neutral,Reduplication,çiŋ,4,6,7,6,5,4,1064.8,5.99,6,5738.9,6.88,7,mc,3,#808080,53.6,-0.0,0.0,"Reflecting fricatives and nasal resonance for a vector configuration of Weight 4, Time 6, and Flow 6.",,3,6,5,0,N(撥音単発)
ひんひん,hinhin,Manner or sound of ひんひん: 「ひんひ」と響き渡る音、 or 余韻や弾力を伴う condition/state。,Psychomime (State/Manner),Dynamics,Neutral,Unvoiced (Light),Neutral,Reduplication,çiŋçiŋ,3,6,6,5,6,4,1184.5,6.26,4,5877.7,6.92,6,mc,3,#AFEEEE,90.1,-19.6,-6.4,"Reflecting fricatives and nasal resonance for a vector configuration of Weight 3, Time 6, and Flow 5.",,4,5,5,1,REDUP(畳語・同一)
ひーひーふ,hi-hi-fu,Manner or sound of ひーひーふ: 音が長く尾を引いて持続する音や condition/state。,Psychomime (State/Manner),Dynamics,Neutral,Unvoiced (Light),Neutral,Reduplication,çiːçiːɸu,3,3,5,5,8,4,1619.8,7.05,2,7258.7,7.28,5,0,4,#FFFFFF,100.0,-0.0,0.0,"Reflecting fricatives and long vowel extension for a vector configuration of Weight 3, Time 3, and Flow 5.",,3,7,5,0,LONG(長音ー)
びくっ,bikut,Manner or sound of びくっ: 「びく」とする actionや phenomenonが瞬間的・急激に行われる音や state/manner.,Psychomime (State/Manner),Dynamics,Neutral,Unvoiced (Light),Neutral,Reduplication,bikuʔ,5,8,7,7,6,4,523.0,4.19,8,9060.5,7.65,7,0,4,#000000,0.0,0.0,0.0,"Reflecting voiced consonants and unvoiced plosives for a vector configuration of Weight 5, Time 8, and Flow 7.",,3,5,0,0,Q(促音単発)
びくん,bikun,Manner or sound of びくん: 「びく」と響き渡る音、 or 余韻や弾力を伴う condition/state。,Psychomime (State/Manner),Dynamics,Neutral,Unvoiced (Light),Neutral,Reduplication,bikuŋ,5,7,7,6,5,5,456.2,3.84,7,6225.9,7.02,7,mc,3,#808080,53.6,-0.0,0.0,"Reflecting voiced consonants and unvoiced plosives for a vector configuration of Weight 5, Time 7, and Flow 6.",,3,6,5,0,N(撥音単発)
びしっ,bishit,Manner or sound of びしっ: 「びし」とする actionや phenomenonが瞬間的・急激に行われる音や state/manner.,Psychomime (State/Manner),Dynamics,Neutral,Unvoiced (Light),Neutral,Reduplication,biɕiʔ,5,8,7,7,5,4,709.7,4.96,8,10862.9,7.96,8,0,4,#000000,0.0,0.0,0.0,"Reflecting voiced consonants and fricatives for a vector configuration of Weight 5, Time 8, and Flow 7.",,2,5,0,0,Q(促音単発)
びしゃり,bishari,Manner or sound of びしゃり: 「びしゃ」と一度だけ鮮やかに、あるいは滑らかに行われる action・ condition/state。,Psychomime (State/Manner),Dynamics,Neutral,Unvoiced (Light),Neutral,Reduplication,biɕaɾi,4,6,6,4,7,5,598.5,4.53,6,8912.2,7.63,6,0,4,#0000CD,25.0,67.2,-91.5,"Reflecting voiced consonants and fricatives for a vector configuration of Weight 4, Time 6, and Flow 4.",,4,6,0,0,RI(り単発)
びしゃん,bishan,Manner or sound of びしゃん: 「びしゃ」と響き渡る音、 or 余韻や弾力を伴う condition/state。,Psychomime (State/Manner),Dynamics,Neutral,Unvoiced (Light),Neutral,Reduplication,biɕaŋ,5,7,7,5,5,5,598.3,4.53,6,11033.8,7.99,7,0,4,#0000CD,25.0,67.2,-91.5,"Reflecting voiced consonants and fricatives for a vector configuration of Weight 5, Time 7, and Flow 5.",,3,6,5,0,N(撥音単発)
びたびた,bitabita,Manner or sound of びたびた: 「びた」という音や condition/stateが繰り返し連続して生じる manner.,Psychomime (State/Manner),Dynamics,Neutral,Unvoiced (Light),Neutral,Reduplication,bitabita,5,5,4,4,7,6,323.4,2.97,5,5659.4,6.86,6,0,4,#0000CD,25.0,67.2,-91.5,"Reflecting voiced consonants and unvoiced plosives for a vector configuration of Weight 5, Time 5, and Flow 4.",,4,5,5,1,REDUP(畳語・同一)
びちゃびちゃ,bichabicha,Manner or sound of びちゃびちゃ: 「びちゃ」という音や condition/stateが繰り返し連続して生じる manner.,Psychomime (State/Manner),Dynamics,Neutral,Unvoiced (Light),Neutral,Reduplication,bitɕabitɕa,4,6,5,4,6,7,941.1,5.68,5,8719.6,7.59,7,0,4,#F5F5DC,95.9,-4.2,12.0,"Reflecting voiced consonants and unvoiced plosives for a vector configuration of Weight 4, Time 6, and Flow 4.",,4,5,5,1,REDUP(畳語・同一)
びちゃり,bichari,Manner or sound of びちゃり: 「びちゃ」と一度だけ鮮やかに、あるいは滑らかに行われる action・ condition/state。,Psychomime (State/Manner),Dynamics,Neutral,Unvoiced (Light),Neutral,Reduplication,bitɕaɾi,3,6,6,4,7,5,784.9,5.22,6,6327.8,7.05,6,mh,5,#FFFFFF,100.0,-0.0,0.0,"Reflecting voiced consonants and unvoiced plosives for a vector configuration of Weight 3, Time 6, and Flow 4.",,4,6,0,0,RI(り単発)
びちょびちょ,bichobicho,Manner or sound of びちょびちょ: 「びちょ」という音や condition/stateが繰り返し連続して生じる manner.,Psychomime (State/Manner),Dynamics,Neutral,Unvoiced (Light),Neutral,Reduplication,bitɕobitɕo,4,6,5,6,7,6,885.5,5.52,5,5312.5,6.75,6,0,4,#F5F5DC,95.9,-4.2,12.0,"Reflecting voiced consonants and unvoiced plosives for a vector configuration of Weight 4, Time 6, and Flow 6.",,4,5,5,1,REDUP(畳語・同一)
びっ,bit,Manner or sound of びっ: 「び」とする actionや phenomenonが瞬間的・急激に行われる音や state/manner.,Psychomime (State/Manner),Dynamics,Neutral,Unvoiced (Light),Neutral,Reduplication,biʔ,5,7,7,7,5,4,628.6,4.65,8,9075.9,7.66,7,0,4,#000000,0.0,0.0,0.0,"Reflecting voiced consonants and geminate sokuon (sudden onset) for a vector configuration of Weight 5, Time 7, and Flow 7.",,2,5,0,0,Q(促音単発)
びっくり,bitkuri,Manner or sound of びっくり: 「びっく」と一度だけ鮮やかに、あるいは滑らかに行われる action・ condition/state。,Psychomime (State/Manner),Dynamics,Neutral,Unvoiced (Light),Neutral,Reduplication,bikkuɾi,4,5,5,5,7,5,380.4,3.38,6,3578.6,6.08,6,mh,5,#8B4513,37.5,26.4,41.0,"Reflecting voiced consonants and unvoiced plosives for a vector configuration of Weight 4, Time 5, and Flow 5.",,5,5,5,8,COMPOUND(複合・異種)
びっちり,bitchiri,Manner or sound of びっちり: 「びっち」と一度だけ鮮やかに、あるいは滑らかに行われる action・ condition/state。,Psychomime (State/Manner),Dynamics,Neutral,Unvoiced (Light),Neutral,Reduplication,bittɕiɾi,4,5,6,6,6,5,664.9,4.80,6,4244.7,6.37,7,mh,5,#708090,52.8,-2.1,-10.6,"Reflecting voiced consonants and unvoiced plosives for a vector configuration of Weight 4, Time 5, and Flow 6.",,5,5,5,8,COMPOUND(複合・異種)
びびびっ,bibibit,Manner or sound of びびびっ: 「びびび」とする actionや phenomenonが瞬間的・急激に行われる音や state/manner.,Psychomime (State/Manner),Dynamics,Neutral,Unvoiced (Light),Neutral,Reduplication,bibibiʔ,5,7,7,6,6,4,547.6,4.30,7,8767.5,7.60,7,0,4,#FFFFFF,100.0,-0.0,0.0,"Reflecting voiced consonants and geminate sokuon (sudden onset) for a vector configuration of Weight 5, Time 7, and Flow 6.",,3,5,0,0,Q(促音単発)
びゅっ,byut,Manner or sound of びゅっ: 「びゅ」とする actionや phenomenonが瞬間的・急激に行われる音や state/manner.,Psychomime (State/Manner),Dynamics,Neutral,Unvoiced (Light),Neutral,Reduplication,bjuʔ,5,7,7,6,6,4,612.7,4.59,7,9819.1,7.79,7,0,4,#000000,0.0,0.0,0.0,"Reflecting voiced consonants and geminate sokuon (sudden onset) for a vector configuration of Weight 5, Time 7, and Flow 6.",,2,5,0,0,Q(促音単発)
びゅん,byun,Manner or sound of びゅん: 「びゅ」と響き渡る音、 or 余韻や弾力を伴う condition/state。,Psychomime (State/Manner),Dynamics,Neutral,Unvoiced (Light),Neutral,Reduplication,bjuŋ,5,6,7,5,6,5,543.4,4.28,6,7713.1,7.38,7,0,4,#1E90FF,59.4,10.0,-63.4,"Reflecting voiced consonants and nasal resonance for a vector configuration of Weight 5, Time 6, and Flow 5.",,3,6,5,0,N(撥音単発)
びゅー,byu-,Manner or sound of びゅー: 音が長く尾を引いて持続する音や condition/state。,Psychomime (State/Manner),Dynamics,Neutral,Unvoiced (Light),Neutral,Reduplication,bjuː,4,3,5,4,8,5,929.8,5.64,1,7795.0,7.40,6,0,4,#FF4500,57.6,67.8,69.0,"Reflecting voiced consonants and long vowel extension for a vector configuration of Weight 4, Time 3, and Flow 4.",,2,7,5,0,LONG(長音ー)
びゅーん,byu-n,Manner or sound of びゅーん: 「びゅー」と響き渡る音、 or 余韻や弾力を伴う condition/state。,Psychomime (State/Manner),Dynamics,Neutral,Unvoiced (Light),Neutral,Reduplication,bjuːŋ,4,4,6,4,6,5,856.0,5.44,2,8066.4,7.46,6,0,4,#1E90FF,59.4,10.0,-63.4,"Reflecting voiced consonants and nasal resonance for a vector configuration of Weight 4, Time 4, and Flow 4.",,3,7,5,0,LONG(長音ー)
びよ,biyo,Manner or sound of びよ: 「びよ」という感覚・音・ condition/stateを表す expression.,Psychomime (State/Manner),Dynamics,Neutral,Unvoiced (Light),Neutral,Reduplication,bijo,5,4,4,5,7,6,296.7,2.75,5,3649.0,6.11,6,0,4,#708090,52.8,-2.1,-10.6,"Reflecting voiced consonants for a vector configuration of Weight 5, Time 4, and Flow 5.",,5,5,0,8,COMPOUND(複合・異種)
びりっ,birit,Manner or sound of びりっ: 「びり」とする actionや phenomenonが瞬間的・急激に行われる音や state/manner.,Psychomime (State/Manner),Dynamics,Neutral,Unvoiced (Light),Neutral,Reduplication,biɾiʔ,5,8,7,7,5,3,807.3,5.29,8,9395.4,7.72,7,0,4,#000000,0.0,0.0,0.0,"Reflecting voiced consonants and flap consonant /ɾ/ for a vector configuration of Weight 5, Time 8, and Flow 7.",,2,5,0,0,Q(促音単発)
びりびり,biribiri,Manner or sound of びりびり: 「びりび」と一度だけ鮮やかに、あるいは滑らかに行われる action・ condition/state。,Psychomime (State/Manner),Dynamics,Neutral,Unvoiced (Light),Neutral,Reduplication,biɾibiɾi,4,5,6,4,7,4,604.8,4.56,5,5793.1,6.90,6,mh,5,#4169E1,47.8,26.3,-65.3,"Reflecting voiced consonants and flap consonant /ɾ/ for a vector configuration of Weight 4, Time 5, and Flow 4.",,4,5,5,1,REDUP(畳語・同一)
びんびん,binbin,Manner or sound of びんびん: 「びんび」と響き渡る音、 or 余韻や弾力を伴う condition/state。,Psychomime (State/Manner),Dynamics,Neutral,Unvoiced (Light),Neutral,Reduplication,bimbiŋ,5,5,6,4,6,6,459.9,3.86,4,6696.6,7.14,7,0,4,#808080,53.6,-0.0,0.0,"Reflecting voiced consonants and nasal resonance for a vector configuration of Weight 5, Time 5, and Flow 4.",,4,5,5,1,REDUP(畳語・同一)
びー,bi-,Manner or sound of びー: 音が長く尾を引いて持続する音や condition/state。,Psychomime (State/Manner),Dynamics,Neutral,Unvoiced (Light),Neutral,Reduplication,biː,4,3,5,5,7,4,1053.1,5.96,1,7772.9,7.39,6,0,4,#FFFF00,97.1,-21.6,94.5,"Reflecting voiced consonants and long vowel extension for a vector configuration of Weight 4, Time 3, and Flow 5.",,2,7,5,0,LONG(長音ー)
びーっ,bi-t,Manner or sound of びーっ: 「びー」とする actionや phenomenonが瞬間的・急激に行われる音や state/manner.,Psychomime (State/Manner),Dynamics,Neutral,Unvoiced (Light),Neutral,Reduplication,biːʔ,4,5,6,6,6,4,918.0,5.61,5,8753.8,7.60,6,0,4,#F0FFFF,98.9,-4.9,-1.7,"Reflecting voiced consonants and geminate sokuon (sudden onset) for a vector configuration of Weight 4, Time 5, and Flow 6.",,2,7,5,0,LONG(長音ー)
びーびー,bi-bi-,Manner or sound of びーびー: 「びー」という音や condition/stateが繰り返し連続して生じる manner.,Psychomime (State/Manner),Dynamics,Neutral,Unvoiced (Light),Neutral,Reduplication,biːbiː,4,4,5,4,6,5,828.5,5.35,2,7169.3,7.26,6,0,4,#000000,0.0,0.0,0.0,"Reflecting voiced consonants and long vowel extension for a vector configuration of Weight 4, Time 4, and Flow 4.",,4,5,5,1,REDUP(畳語・同一)
びーん,bi-n,Manner or sound of びーん: 「びー」と響き渡る音、 or 余韻や弾力を伴う condition/state。,Psychomime (State/Manner),Dynamics,Neutral,Unvoiced (Light),Neutral,Reduplication,biːŋ,4,4,7,5,5,4,931.7,5.65,2,8029.7,7.45,6,0,4,#FFFF00,97.1,-21.6,94.5,"Reflecting voiced consonants and nasal resonance for a vector configuration of Weight 4, Time 4, and Flow 5.",,3,7,5,0,LONG(長音ー)
ぴきっ,pikit,Manner or sound of ぴきっ: 「ぴき」とする actionや phenomenonが瞬間的・急激に行われる音や state/manner.,Psychomime (State/Manner),Dynamics,Neutral,Unvoiced (Light),Neutral,Reduplication,pikiʔ,4,8,8,7,5,2,1311.9,6.52,8,11520.4,8.06,7,mh,5,#000000,0.0,0.0,0.0,"Reflecting unvoiced plosives and geminate sokuon (sudden onset) for a vector configuration of Weight 4, Time 8, and Flow 7.",,2,5,0,0,Q(促音単発)
ぴくっ,pikut,Manner or sound of ぴくっ: 「ぴく」とする actionや phenomenonが瞬間的・急激に行われる音や state/manner.,Psychomime (State/Manner),Dynamics,Neutral,Unvoiced (Light),Neutral,Reduplication,pikuʔ,4,8,7,7,6,3,997.3,5.82,8,10034.6,7.83,7,mh,5,#000000,0.0,0.0,0.0,"Reflecting unvoiced plosives and geminate sokuon (sudden onset) for a vector configuration of Weight 4, Time 8, and Flow 7.",,2,5,0,0,Q(促音単発)
ぴくぴく,pikupiku,Manner or sound of ぴくぴく: 「ぴく」という音や condition/stateが繰り返し連続して生じる manner.,Psychomime (State/Manner),Dynamics,Neutral,Unvoiced (Light),Neutral,Reduplication,pikupiku,3,6,5,5,6,4,1390.9,6.66,5,7961.5,7.44,6,mh,5,#FFD700,86.9,-1.9,87.1,"Reflecting unvoiced plosives for a vector configuration of Weight 3, Time 6, and Flow 5.",,4,5,5,1,REDUP(畳語・同一)
ぴくり,pikuri,Manner or sound of ぴくり: 「ぴく」と一度だけ鮮やかに、あるいは滑らかに行われる action・ condition/state。,Psychomime (State/Manner),Dynamics,Neutral,Unvoiced (Light),Neutral,Reduplication,pikuɾi,3,6,6,4,7,4,917.9,5.61,6,5635.0,6.85,6,mh,5,#FFFFFF,100.0,-0.0,0.0,"Reflecting unvoiced plosives and flap consonant /ɾ/ for a vector configuration of Weight 3, Time 6, and Flow 4.",,4,6,0,0,RI(り単発)
ぴくん,pikun,Manner or sound of ぴくん: 「ぴく」と響き渡る音、 or 余韻や弾力を伴う condition/state。,Psychomime (State/Manner),Dynamics,Neutral,Unvoiced (Light),Neutral,Reduplication,pikuŋ,4,7,8,6,5,4,993.4,5.81,7,7177.8,7.26,7,0,4,#808080,53.6,-0.0,0.0,"Reflecting unvoiced plosives and nasal resonance for a vector configuration of Weight 4, Time 7, and Flow 6.",,3,6,5,0,N(撥音単発)
ぴしっ,pishit,Manner or sound of ぴしっ: 「ぴし」とする actionや phenomenonが瞬間的・急激に行われる音や state/manner.,Psychomime (State/Manner),Dynamics,Neutral,Unvoiced (Light),Neutral,Reduplication,piɕiʔ,4,8,7,7,5,3,1078.2,6.02,8,10536.5,7.91,7,mh,5,#000000,0.0,0.0,0.0,"Reflecting unvoiced plosives and fricatives for a vector configuration of Weight 4, Time 8, and Flow 7.",,2,5,0,0,Q(促音単発)
ぴしゃっ,pishat,Manner or sound of ぴしゃっ: 「ぴしゃ」とする actionや phenomenonが瞬間的・急激に行われる音や state/manner.,Psychomime (State/Manner),Dynamics,Neutral,Unvoiced (Light),Neutral,Reduplication,piɕaʔ,4,8,7,6,6,3,1050.2,5.95,8,12549.6,8.21,7,mh,5,#778899,55.9,-2.2,-11.1,"Reflecting unvoiced plosives and fricatives for a vector configuration of Weight 4, Time 8, and Flow 6.",,3,5,0,0,Q(促音単発)
ぴしゃり,pishari,Manner or sound of ぴしゃり: 「ぴしゃ」と一度だけ鮮やかに、あるいは滑らかに行われる action・ condition/state。,Psychomime (State/Manner),Dynamics,Neutral,Unvoiced (Light),Neutral,Reduplication,piɕaɾi,3,7,6,4,7,4,938.4,5.67,6,8343.2,7.51,6,mh,5,#FFFFFF,100.0,-0.0,0.0,"Reflecting unvoiced plosives and fricatives for a vector configuration of Weight 3, Time 7, and Flow 4.",,4,6,0,0,RI(り単発)
ぴしゃん,pishan,Manner or sound of ぴしゃん: 「ぴしゃ」と響き渡る音、 or 余韻や弾力を伴う condition/state。,Psychomime (State/Manner),Dynamics,Neutral,Unvoiced (Light),Neutral,Reduplication,piɕaŋ,4,8,8,5,5,4,997.6,5.82,7,10386.0,7.89,7,0,4,#808080,53.6,-0.0,0.0,"Reflecting unvoiced plosives and fricatives for a vector configuration of Weight 4, Time 8, and Flow 5.",,3,6,5,0,N(撥音単発)
ぴたぴた,pitapita,Manner or sound of ぴたぴた: 「ぴた」という音や condition/stateが繰り返し連続して生じる manner.,Psychomime (State/Manner),Dynamics,Neutral,Unvoiced (Light),Neutral,Reduplication,pitapita,3,6,5,5,6,6,868.7,5.47,5,7468.4,7.33,6,mh,5,#FFFFFF,100.0,-0.0,0.0,"Reflecting unvoiced plosives for a vector configuration of Weight 3, Time 6, and Flow 5.",,4,5,5,1,REDUP(畳語・同一)
ぴたん,pitan,Manner or sound of ぴたん: 「ぴた」と響き渡る音、 or 余韻や弾力を伴う condition/state。,Psychomime (State/Manner),Dynamics,Neutral,Unvoiced (Light),Neutral,Reduplication,pitaŋ,4,7,7,5,5,5,771.6,5.17,6,7299.9,7.29,7,0,4,#FFFFFF,100.0,-0.0,0.0,"Reflecting unvoiced plosives and nasal resonance for a vector configuration of Weight 4, Time 7, and Flow 5.",,3,6,5,0,N(撥音単発)
ぴちっ,pichit,Manner or sound of ぴちっ: 「ぴち」とする actionや phenomenonが瞬間的・急激に行われる音や state/manner.,Psychomime (State/Manner),Dynamics,Neutral,Unvoiced (Light),Neutral,Reduplication,pitɕiʔ,4,8,7,7,5,4,1273.3,6.44,8,10243.7,7.86,7,mh,5,#87CEEB,79.2,-14.8,-21.3,"Reflecting unvoiced plosives and fricatives for a vector configuration of Weight 4, Time 8, and Flow 7.",,2,5,0,0,Q(促音単発)
ぴちゃっ,pichat,Manner or sound of ぴちゃっ: 「ぴちゃ」とする actionや phenomenonが瞬間的・急激に行われる音や state/manner.,Psychomime (State/Manner),Dynamics,Neutral,Unvoiced (Light),Neutral,Reduplication,pitɕaʔ,4,8,7,6,5,4,1242.3,6.38,8,11734.8,8.09,8,mh,5,#87CEEB,79.2,-14.8,-21.3,"Reflecting unvoiced plosives and fricatives for a vector configuration of Weight 4, Time 8, and Flow 6.",,3,5,0,0,Q(促音単発)
ぴちゃん,pichan,Manner or sound of ぴちゃん: 「ぴちゃ」と響き渡る音、 or 余韻や弾力を伴う condition/state。,Psychomime (State/Manner),Dynamics,Neutral,Unvoiced (Light),Neutral,Reduplication,pitɕaŋ,4,8,8,5,4,5,1208.4,6.31,7,9587.3,7.75,7,0,4,#87CEEB,79.2,-14.8,-21.3,"Reflecting unvoiced plosives and fricatives for a vector configuration of Weight 4, Time 8, and Flow 5.",,3,6,5,0,N(撥音単発)
ぴちり,pichiri,Manner or sound of ぴちり: 「ぴち」と一度だけ鮮やかに、あるいは滑らかに行われる action・ condition/state。,Psychomime (State/Manner),Dynamics,Neutral,Unvoiced (Light),Neutral,Reduplication,pitɕiɾi,2,6,7,5,6,4,1161.1,6.21,6,6646.5,7.13,6,mh,5,#FFFFFF,100.0,-0.0,0.0,"Reflecting unvoiced plosives and fricatives for a vector configuration of Weight 2, Time 6, and Flow 5.",,4,6,0,0,RI(り単発)
ぴちん,pichin,Manner or sound of ぴちん: 「ぴち」と響き渡る音、 or 余韻や弾力を伴う condition/state。,Psychomime (State/Manner),Dynamics,Neutral,Unvoiced (Light),Neutral,Reduplication,pitɕiŋ,4,7,8,6,4,5,1309.3,6.51,7,7655.2,7.37,7,0,4,#87CEEB,79.2,-14.8,-21.3,"Reflecting unvoiced plosives and fricatives for a vector configuration of Weight 4, Time 7, and Flow 6.",,3,6,5,0,N(撥音単発)
ぴっ,pit,Manner or sound of ぴっ: 「ぴ」とする actionや phenomenonが瞬間的・急激に行われる音や state/manner.,Psychomime (State/Manner),Dynamics,Neutral,Unvoiced (Light),Neutral,Reduplication,piʔ,4,8,7,7,5,3,1032.9,5.91,8,10147.2,7.85,7,mh,5,#000000,0.0,0.0,0.0,"Reflecting unvoiced plosives and geminate sokuon (sudden onset) for a vector configuration of Weight 4, Time 8, and Flow 7.",,2,5,0,0,Q(促音単発)
ぴっかぴか,pitkapika,Manner or sound of ぴっかぴか: 「ぴっかぴか」という感覚・音・ condition/stateを表す expression.,Psychomime (State/Manner),Dynamics,Neutral,Unvoiced (Light),Neutral,Reduplication,pikkapika,3,6,6,4,7,2,1486.4,6.83,6,9873.0,7.80,6,h,6,#FFD700,86.9,-1.9,87.1,"Reflecting unvoiced plosives and geminate sokuon (sudden onset) for a vector configuration of Weight 3, Time 6, and Flow 4.",,5,5,0,8,COMPOUND(複合・異種)
ぴっかぴっか,pitkapitka,Manner or sound of ぴっかぴっか: 「ぴっか」という音や condition/stateが繰り返し連続して生じる manner.,Psychomime (State/Manner),Dynamics,Neutral,Unvoiced (Light),Neutral,Reduplication,pikkapikka,3,7,6,4,6,2,1339.9,6.57,6,9157.4,7.67,6,mh,5,#FFD700,86.9,-1.9,87.1,"Reflecting unvoiced plosives and geminate sokuon (sudden onset) for a vector configuration of Weight 3, Time 7, and Flow 4.",,4,5,5,1,REDUP(畳語・同一)
ぴったりこん,pittarikon,Manner or sound of ぴったりこん: 「ぴったりこ」と響き渡る音、 or 余韻や弾力を伴う condition/state。,Psychomime (State/Manner),Dynamics,Neutral,Unvoiced (Light),Neutral,Reduplication,pittaɾikoŋ,4,6,7,5,4,5,731.7,5.04,7,5926.0,6.93,7,mh,5,#FFFFFF,100.0,-0.0,0.0,"Reflecting unvoiced plosives and nasal resonance for a vector configuration of Weight 4, Time 6, and Flow 5.",,5,5,5,8,COMPOUND(複合・異種)
ぴっちぴち,pitchipichi,Manner or sound of ぴっちぴち: 「ぴっちぴち」という感覚・音・ condition/stateを表す expression.,Psychomime (State/Manner),Dynamics,Neutral,Unvoiced (Light),Neutral,Reduplication,pittɕipitɕi,3,6,7,7,4,5,1465.8,6.80,7,8218.6,7.49,7,mh,5,#87CEEB,79.2,-14.8,-21.3,"Reflecting unvoiced plosives and fricatives for a vector configuration of Weight 3, Time 6, and Flow 7.",,5,5,0,8,COMPOUND(複合・異種)
ぴっちり,pitchiri,Manner or sound of ぴっちり: 「ぴっち」と一度だけ鮮やかに、あるいは滑らかに行われる action・ condition/state。,Psychomime (State/Manner),Dynamics,Neutral,Unvoiced (Light),Neutral,Reduplication,pittɕiɾi,3,6,6,6,6,4,991.2,5.81,6,5319.0,6.75,7,mh,5,#708090,52.8,-2.1,-10.6,"Reflecting unvoiced plosives and fricatives for a vector configuration of Weight 3, Time 6, and Flow 6.",,5,5,5,8,COMPOUND(複合・異種)
ぴっぴっ,pitpit,Manner or sound of ぴっぴっ: 「ぴっぴ」とする actionや phenomenonが瞬間的・急激に行われる音や state/manner.,Psychomime (State/Manner),Dynamics,Neutral,Unvoiced (Light),Neutral,Reduplication,pippiʔ,4,6,6,6,6,4,1105.6,6.08,6,8626.3,7.57,7,mh,5,#FFFFFF,100.0,-0.0,0.0,"Reflecting unvoiced plosives and geminate sokuon (sudden onset) for a vector configuration of Weight 4, Time 6, and Flow 6.",,4,5,5,1,REDUP(畳語・同一)
ぴぴっ,pipit,Manner or sound of ぴぴっ: 「ぴぴ」とする actionや phenomenonが瞬間的・急激に行われる音や state/manner.,Psychomime (State/Manner),Dynamics,Neutral,Unvoiced (Light),Neutral,Reduplication,pipiʔ,4,8,7,7,5,3,1266.3,6.43,8,11087.6,8.00,7,mh,5,#000000,0.0,0.0,0.0,"Reflecting unvoiced plosives and geminate sokuon (sudden onset) for a vector configuration of Weight 4, Time 8, and Flow 7.",,2,5,0,0,Q(促音単発)
ぴゅっ,pyut,Manner or sound of ぴゅっ: 「ぴゅ」とする actionや phenomenonが瞬間的・急激に行われる音や state/manner.,Psychomime (State/Manner),Dynamics,Neutral,Unvoiced (Light),Neutral,Reduplication,pjuʔ,4,8,7,7,6,3,920.0,5.62,8,9777.8,7.78,7,mh,5,#000000,0.0,0.0,0.0,"Reflecting unvoiced plosives and geminate sokuon (sudden onset) for a vector configuration of Weight 4, Time 8, and Flow 7.",,2,5,0,0,Q(促音単発)
ぴゅん,pyun,Manner or sound of ぴゅん: 「ぴゅ」と響き渡る音、 or 余韻や弾力を伴う condition/state。,Psychomime (State/Manner),Dynamics,Neutral,Unvoiced (Light),Neutral,Reduplication,pjuŋ,4,7,7,5,5,5,890.8,5.54,6,7396.5,7.31,7,0,4,#808080,53.6,-0.0,0.0,"Reflecting unvoiced plosives and nasal resonance for a vector configuration of Weight 4, Time 7, and Flow 5.",,3,6,5,0,N(撥音単発)
ぴゅんぴゅん,pyunpyun,Manner or sound of ぴゅんぴゅん: 「ぴゅんぴゅ」と響き渡る音、 or 余韻や弾力を伴う condition/state。,Psychomime (State/Manner),Dynamics,Neutral,Unvoiced (Light),Neutral,Reduplication,pjumpjuŋ,4,6,6,4,6,5,961.6,5.73,4,8052.0,7.45,7,mh,5,#1E90FF,59.4,10.0,-63.4,"Reflecting unvoiced plosives and nasal resonance for a vector configuration of Weight 4, Time 6, and Flow 4.",,4,5,5,1,REDUP(畳語・同一)
ぴゅー,pyu-,Manner or sound of ぴゅー: 音が長く尾を引いて持続する音や condition/state。,Psychomime (State/Manner),Dynamics,Neutral,Unvoiced (Light),Neutral,Reduplication,pjuː,3,2,5,4,8,5,1218.5,6.33,1,7426.3,7.32,6,mh,5,#FF4500,57.6,67.8,69.0,"Reflecting unvoiced plosives and long vowel extension for a vector configuration of Weight 3, Time 2, and Flow 4.",,2,7,5,0,LONG(長音ー)
ぴゅーぴゅー,pyu-pyu-,Manner or sound of ぴゅーぴゅー: 「ぴゅー」という音や condition/stateが繰り返し連続して生じる manner.,Psychomime (State/Manner),Dynamics,Neutral,Unvoiced (Light),Neutral,Reduplication,pjuːpjuː,3,3,5,3,7,5,1182.5,6.25,2,7095.5,7.24,6,mh,5,#FFB6C1,81.1,28.0,5.0,"Reflecting unvoiced plosives and long vowel extension for a vector configuration of Weight 3, Time 3, and Flow 3.",,4,5,5,1,REDUP(畳語・同一)
ぴゅーん,pyu-n,Manner or sound of ぴゅーん: 「ぴゅー」と響き渡る音、 or 余韻や弾力を伴う condition/state。,Psychomime (State/Manner),Dynamics,Neutral,Unvoiced (Light),Neutral,Reduplication,pjuːŋ,3,4,7,4,6,5,1198.6,6.29,2,7907.2,7.42,6,mh,5,#9A6B58,49.6,16.3,18.2,"Reflecting unvoiced plosives and nasal resonance for a vector configuration of Weight 3, Time 4, and Flow 4.",,3,7,5,0,LONG(長音ー)
ぴょい,pyoi,Manner or sound of ぴょい: 「ぴょい」という感覚・音・ condition/stateを表す expression.,Psychomime (State/Manner),Dynamics,Neutral,Unvoiced (Light),Neutral,Reduplication,pjoi,3,5,5,4,7,5,811.2,5.30,6,4814.8,6.58,6,mh,5,#FFFFFF,100.0,-0.0,0.0,"Reflecting unvoiced plosives for a vector configuration of Weight 3, Time 5, and Flow 4.",,5,5,0,8,COMPOUND(複合・異種)
ぴょいっ,pyoit,Manner or sound of ぴょいっ: 「ぴょい」とする actionや phenomenonが瞬間的・急激に行われる音や state/manner.,Psychomime (State/Manner),Dynamics,Neutral,Unvoiced (Light),Neutral,Reduplication,pjoiʔ,4,8,7,6,6,3,913.6,5.60,8,8468.7,7.54,7,mh,5,#FFFFFF,100.0,-0.0,0.0,"Reflecting unvoiced plosives and geminate sokuon (sudden onset) for a vector configuration of Weight 4, Time 8, and Flow 6.",,2,5,0,0,Q(促音単発)
ぴょいぴょい,pyoipyoi,Manner or sound of ぴょいぴょい: 「ぴょい」という音や condition/stateが繰り返し連続して生じる manner.,Psychomime (State/Manner),Dynamics,Neutral,Unvoiced (Light),Neutral,Reduplication,pjoipjoi,3,6,5,4,7,5,966.5,5.74,5,5617.5,6.84,6,mh,5,#FFFFFF,100.0,-0.0,0.0,"Reflecting unvoiced plosives for a vector configuration of Weight 3, Time 6, and Flow 4.",,4,5,5,1,REDUP(畳語・同一)
ぴょこっ,pyokot,Manner or sound of ぴょこっ: 「ぴょこ」とする actionや phenomenonが瞬間的・急激に行われる音や state/manner.,Psychomime (State/Manner),Dynamics,Neutral,Unvoiced (Light),Neutral,Reduplication,pjokoʔ,3,8,7,6,6,3,804.9,5.28,8,7845.1,7.41,7,mh,5,#FFFFFF,100.0,-0.0,0.0,"Reflecting unvoiced plosives and geminate sokuon (sudden onset) for a vector configuration of Weight 3, Time 8, and Flow 6.",,3,5,0,0,Q(促音単発)
ぴょこぴょこ,pyokopyoko,Manner or sound of ぴょこぴょこ: 「ぴょこ」という音や condition/stateが繰り返し連続して生じる manner.,Psychomime (State/Manner),Dynamics,Neutral,Unvoiced (Light),Neutral,Reduplication,pjokopjoko,3,6,5,4,7,4,773.4,5.18,5,4665.1,6.53,6,mh,5,#FFFFFF,100.0,-0.0,0.0,"Reflecting unvoiced plosives for a vector configuration of Weight 3, Time 6, and Flow 4.",,4,5,5,1,REDUP(畳語・同一)
ぴょこり,pyokori,Manner or sound of ぴょこり: 「ぴょこ」と一度だけ鮮やかに、あるいは滑らかに行われる action・ condition/state。,Psychomime (State/Manner),Dynamics,Neutral,Unvoiced (Light),Neutral,Reduplication,pjokoɾi,2,6,6,4,8,4,757.4,5.13,6,4615.6,6.51,6,mh,5,#FFFFFF,100.0,-0.0,0.0,"Reflecting unvoiced plosives and flap consonant /ɾ/ for a vector configuration of Weight 2, Time 6, and Flow 4.",,4,6,0,0,RI(り単発)
ぴょこん,pyokon,Manner or sound of ぴょこん: 「ぴょこ」と響き渡る音、 or 余韻や弾力を伴う condition/state。,Psychomime (State/Manner),Dynamics,Neutral,Unvoiced (Light),Neutral,Reduplication,pjokoŋ,3,7,7,5,5,4,748.7,5.10,6,5613.7,6.84,7,0,4,#FFFFFF,100.0,-0.0,0.0,"Reflecting unvoiced plosives and nasal resonance for a vector configuration of Weight 3, Time 7, and Flow 5.",,3,6,5,0,N(撥音単発)
ぴょこんぴょこん,pyokonpyokon,Manner or sound of ぴょこんぴょこん: 「ぴょこんぴょこ」と響き渡る音、 or 余韻や弾力を伴う condition/state。,Psychomime (State/Manner),Dynamics,Neutral,Unvoiced (Light),Neutral,Reduplication,pjokompjokoŋ,3,6,6,4,6,4,724.9,5.01,5,5338.5,6.76,6,mh,5,#FFFFFF,100.0,-0.0,0.0,"Reflecting unvoiced plosives and nasal resonance for a vector configuration of Weight 3, Time 6, and Flow 4.",,4,5,5,1,REDUP(畳語・同一)
ぴょっ,pyot,Manner or sound of ぴょっ: 「ぴょ」とする actionや phenomenonが瞬間的・急激に行われる音や state/manner.,Psychomime (State/Manner),Dynamics,Neutral,Unvoiced (Light),Neutral,Reduplication,pjoʔ,4,8,7,6,6,3,815.8,5.31,8,8541.1,7.55,7,mh,5,#FFFFFF,100.0,-0.0,0.0,"Reflecting unvoiced plosives and geminate sokuon (sudden onset) for a vector configuration of Weight 4, Time 8, and Flow 6.",,2,5,0,0,Q(促音単発)
ぴょっこり,pyotkori,Manner or sound of ぴょっこり: 「ぴょっこ」と一度だけ鮮やかに、あるいは滑らかに行われる action・ condition/state。,Psychomime (State/Manner),Dynamics,Neutral,Unvoiced (Light),Neutral,Reduplication,pjokkoɾi,3,6,5,4,7,4,675.0,4.83,6,4191.8,6.35,6,mh,5,#FFFFFF,100.0,-0.0,0.0,"Reflecting unvoiced plosives and flap consonant /ɾ/ for a vector configuration of Weight 3, Time 6, and Flow 4.",,5,5,5,8,COMPOUND(複合・異種)
ぴょっこん,pyotkon,Manner or sound of ぴょっこん: 「ぴょっこ」と響き渡る音、 or 余韻や弾力を伴う condition/state。,Psychomime (State/Manner),Dynamics,Neutral,Unvoiced (Light),Neutral,Reduplication,pjokkoŋ,4,7,6,4,6,5,612.0,4.59,6,4892.5,6.61,7,mh,5,#FFFFFF,100.0,-0.0,0.0,"Reflecting unvoiced plosives and nasal resonance for a vector configuration of Weight 4, Time 7, and Flow 4.",,5,5,5,8,COMPOUND(複合・異種)
ぴょーん,pyo-n,Manner or sound of ぴょーん: 「ぴょー」と響き渡る音、 or 余韻や弾力を伴う condition/state。,Psychomime (State/Manner),Dynamics,Neutral,Unvoiced (Light),Neutral,Reduplication,pjoːŋ,3,4,6,4,6,4,1078.3,6.02,3,7030.6,7.22,6,mh,5,#FFFFFF,100.0,-0.0,0.0,"Reflecting unvoiced plosives and nasal resonance for a vector configuration of Weight 3, Time 4, and Flow 4.",,3,7,5,0,LONG(長音ー)
ぴよぴよ,piyopiyo,Manner or sound of ぴよぴよ: 「ぴよ」という音や condition/stateが繰り返し連続して生じる manner.,Psychomime (State/Manner),Dynamics,Neutral,Unvoiced (Light),Neutral,Reduplication,pijopijo,3,4,4,4,7,5,1053.7,5.96,3,5459.2,6.79,5,mh,5,#FFFACD,97.6,-5.4,22.2,"Reflecting unvoiced plosives for a vector configuration of Weight 3, Time 4, and Flow 4.",,4,5,5,1,REDUP(畳語・同一)
ぴりり,piriri,Manner or sound of ぴりり: 「ぴり」と一度だけ鮮やかに、あるいは滑らかに行われる action・ condition/state。,Psychomime (State/Manner),Dynamics,Neutral,Unvoiced (Light),Neutral,Reduplication,piɾiɾi,3,6,7,5,7,3,1127.1,6.13,6,7297.1,7.29,6,h,6,#FFFFFF,100.0,-0.0,0.0,"Reflecting unvoiced plosives and flap consonant /ɾ/ for a vector configuration of Weight 3, Time 6, and Flow 5.",,4,6,0,0,RI(り単発)
ぴろぴろぴー,piropiropi-,Manner or sound of ぴろぴろぴー: 音が長く尾を引いて持続する音や condition/state。,Psychomime (State/Manner),Dynamics,Neutral,Unvoiced (Light),Neutral,Reduplication,piɾopiɾopiː,3,4,6,4,8,4,1674.5,7.13,2,8613.7,7.57,6,mh,5,#FFFFFF,100.0,-0.0,0.0,"Reflecting unvoiced plosives and flap consonant /ɾ/ for a vector configuration of Weight 3, Time 4, and Flow 4.",,3,7,5,0,LONG(長音ー)
ぴろろん,piroron,Manner or sound of ぴろろん: 「ぴろろ」と響き渡る音、 or 余韻や弾力を伴う condition/state。,Psychomime (State/Manner),Dynamics,Neutral,Unvoiced (Light),Neutral,Reduplication,piɾoɾoŋ,4,7,7,4,6,5,872.1,5.48,6,5547.3,6.82,7,0,4,#808080,53.6,-0.0,0.0,"Reflecting unvoiced plosives and nasal resonance for a vector configuration of Weight 4, Time 7, and Flow 4.",,3,6,5,0,N(撥音単発)
ぴんしゃん,pinshan,Manner or sound of ぴんしゃん: 「ぴんしゃ」と響き渡る音、 or 余韻や弾力を伴う condition/state。,Psychomime (State/Manner),Dynamics,Neutral,Unvoiced (Light),Neutral,Reduplication,piŋɕaŋ,4,6,7,4,5,5,794.7,5.25,5,7643.7,7.37,7,mh,5,#ADFF2F,92.0,-52.5,81.9,"Reflecting unvoiced plosives and fricatives for a vector configuration of Weight 4, Time 6, and Flow 4.",,5,5,5,8,COMPOUND(複合・異種)
ぴんひょろ,pinhyoro,Manner or sound of ぴんひょろ: 「ぴんひょろ」という感覚・音・ condition/stateを表す expression.,Psychomime (State/Manner),Dynamics,Neutral,Unvoiced (Light),Neutral,Reduplication,piŋçjoɾo,3,5,5,4,8,5,943.3,5.68,5,4020.1,6.27,6,mh,5,#ADFF2F,92.0,-52.5,81.9,"Reflecting unvoiced plosives and fricatives for a vector configuration of Weight 3, Time 5, and Flow 4.",,5,5,5,8,COMPOUND(複合・異種)
ぴんぼーん,pinbo-n,Manner or sound of ぴんぼーん: 「ぴんぼー」と響き渡る音、 or 余韻や弾力を伴う condition/state。,Psychomime (State/Manner),Dynamics,Neutral,Unvoiced (Light),Neutral,Reduplication,pimboːŋ,4,4,6,4,6,4,1021.1,5.88,2,7673.7,7.37,6,mh,5,#ADFF2F,92.0,-52.5,81.9,"Reflecting voiced consonants and unvoiced plosives for a vector configuration of Weight 4, Time 4, and Flow 4.",,3,7,5,0,LONG(長音ー)
ぴんぽん,pinpon,Manner or sound of ぴんぽん: 「ぴんぽ」と響き渡る音、 or 余韻や弾力を伴う condition/state。,Psychomime (State/Manner),Dynamics,Neutral,Unvoiced (Light),Neutral,Reduplication,pimpoŋ,3,6,7,4,5,5,779.9,5.20,6,6057.4,6.97,7,mh,5,#ADFF2F,92.0,-52.5,81.9,"Reflecting unvoiced plosives and nasal resonance for a vector configuration of Weight 3, Time 6, and Flow 4.",,3,6,5,0,N(撥音単発)
ぴんよろ,pinyoro,Manner or sound of ぴんよろ: 「ぴんよろ」という感覚・音・ condition/stateを表す expression.,Psychomime (State/Manner),Dynamics,Neutral,Unvoiced (Light),Neutral,Reduplication,piŋjoɾo,4,4,5,4,7,5,669.2,4.81,4,3406.0,5.99,7,0,4,#A9A9A9,69.2,-0.0,0.0,"Reflecting unvoiced plosives and nasal resonance for a vector configuration of Weight 4, Time 4, and Flow 4.",,5,5,5,8,COMPOUND(複合・異種)
ぴー,pi-,Manner or sound of ぴー: 音が長く尾を引いて持続する音や condition/state。,Psychomime (State/Manner),Dynamics,Neutral,Unvoiced (Light),Neutral,Reduplication,piː,3,3,5,5,7,4,1603.6,7.02,1,8650.7,7.58,5,mh,5,#FFFF00,97.1,-21.6,94.5,"Reflecting unvoiced plosives and long vowel extension for a vector configuration of Weight 3, Time 3, and Flow 5.",,2,7,5,0,LONG(長音ー)
ぴーちくぱーちく,pi-chikupa-chiku,Manner or sound of ぴーちくぱーちく: 音が長く尾を引いて持続する音や condition/state。,Psychomime (State/Manner),Dynamics,Neutral,Unvoiced (Light),Neutral,Reduplication,piːtɕikupaːtɕiku,2,5,6,5,6,3,2032.7,7.62,3,9294.9,7.70,5,0,4,#FFFFE0,99.3,-5.1,14.8,"Reflecting unvoiced plosives and fricatives for a vector configuration of Weight 2, Time 5, and Flow 5.",,3,6,5,0,LONG(長音ー)
ぴーちょほい,pi-chohoi,Manner or sound of ぴーちょほい: 音が長く尾を引いて持続する音や condition/state。,Psychomime (State/Manner),Dynamics,Neutral,Unvoiced (Light),Neutral,Reduplication,piːtɕohoi,2,4,5,4,8,4,1721.4,7.20,3,7768.3,7.39,5,mh,5,#FFFFE0,99.3,-5.1,14.8,"Reflecting unvoiced plosives and fricatives for a vector configuration of Weight 2, Time 4, and Flow 4.",,3,7,5,0,LONG(長音ー)
ぴーひゃら,pi-hyara,Manner or sound of ぴーひゃら: 音が長く尾を引いて持続する音や condition/state。,Psychomime (State/Manner),Dynamics,Neutral,Unvoiced (Light),Neutral,Reduplication,piːçjaɾa,2,3,5,3,8,3,1677.7,7.14,1,9200.0,7.68,5,mh,5,#FFD700,86.9,-1.9,87.1,"Reflecting unvoiced plosives and fricatives for a vector configuration of Weight 2, Time 3, and Flow 3.",,2,7,5,0,LONG(長音ー)
ぴーひょろ,pi-hyoro,Manner or sound of ぴーひょろ: 音が長く尾を引いて持続する音や condition/state。,Psychomime (State/Manner),Dynamics,Neutral,Unvoiced (Light),Neutral,Reduplication,piːçjoɾo,2,3,5,4,8,4,1474.7,6.81,1,6631.1,7.12,5,0,4,#FFD700,86.9,-1.9,87.1,"Reflecting unvoiced plosives and fricatives for a vector configuration of Weight 2, Time 3, and Flow 4.",,2,7,5,0,LONG(長音ー)
ふあっ,fuat,Manner or sound of ふあっ: 「ふあ」とする actionや phenomenonが瞬間的・急激に行われる音や state/manner.,Psychomime (State/Manner),Dynamics,Neutral,Unvoiced (Light),Neutral,Reduplication,ɸuaʔ,4,7,6,6,6,4,499.0,4.07,7,7493.1,7.33,7,mh,5,#000000,0.0,0.0,0.0,"Reflecting fricatives and geminate sokuon (sudden onset) for a vector configuration of Weight 4, Time 7, and Flow 6.",,2,5,0,0,Q(促音単発)
ふあーっ,fua-t,Manner or sound of ふあーっ: 「ふあー」とする actionや phenomenonが瞬間的・急激に行われる音や state/manner.,Psychomime (State/Manner),Dynamics,Neutral,Unvoiced (Light),Neutral,Reduplication,ɸuaːʔ,3,4,5,5,7,4,752.6,5.11,4,6477.4,7.08,6,mh,5,#FF0000,53.2,80.1,67.2,"Reflecting fricatives and geminate sokuon (sudden onset) for a vector configuration of Weight 3, Time 4, and Flow 5.",,2,6,5,0,LONG(長音ー)
ふいっ,fuit,Manner or sound of ふいっ: 「ふい」とする actionや phenomenonが瞬間的・急激に行われる音や state/manner.,Psychomime (State/Manner),Dynamics,Neutral,Unvoiced (Light),Neutral,Reduplication,ɸuiʔ,4,7,6,6,6,3,620.6,4.62,7,7417.1,7.32,7,mh,5,#000000,0.0,0.0,0.0,"Reflecting fricatives and geminate sokuon (sudden onset) for a vector configuration of Weight 4, Time 7, and Flow 6.",,2,5,0,0,Q(促音単発)
ふかーり,fuka-ri,Manner or sound of ふかーり: 「ふかー」と一度だけ鮮やかに、あるいは滑らかに行われる action・ condition/state。,Psychomime (State/Manner),Dynamics,Neutral,Unvoiced (Light),Neutral,Reduplication,ɸukaːɾi,2,5,5,3,8,3,580.3,4.45,5,3318.4,5.95,5,mh,5,#FFFFFF,100.0,-0.0,0.0,"Reflecting unvoiced plosives and fricatives for a vector configuration of Weight 2, Time 5, and Flow 3.",,4,6,0,0,RI(り単発)
ふがふか,fugafuka,Manner or sound of ふがふか: 「ふがふか」という感覚・音・ condition/stateを表す expression.,Psychomime (State/Manner),Dynamics,Neutral,Unvoiced (Light),Neutral,Reduplication,ɸuɡaɸuka,3,4,4,4,7,4,308.0,2.85,5,2162.1,5.22,5,mh,5,#FFF5EE,97.1,2.2,4.6,"Reflecting voiced consonants and unvoiced plosives for a vector configuration of Weight 3, Time 4, and Flow 4.",,5,5,0,8,COMPOUND(複合・異種)
ふぎゃああ,fugyaaa,Manner or sound of ふぎゃああ: 「ふぎゃああ」という感覚・音・ condition/stateを表す expression.,Psychomime (State/Manner),Dynamics,Neutral,Unvoiced (Light),Neutral,Reduplication,ɸuɡjaaa,4,4,4,3,7,5,363.2,3.26,4,5493.3,6.80,6,mh,5,#8F502F,40.9,23.3,30.5,"Reflecting voiced consonants and fricatives for a vector configuration of Weight 4, Time 4, and Flow 3.",,5,5,0,8,COMPOUND(複合・異種)
ふくふく,fukufuku,Manner or sound of ふくふく: 「ふく」という音や condition/stateが繰り返し連続して生じる manner.,Psychomime (State/Manner),Dynamics,Neutral,Unvoiced (Light),Neutral,Reduplication,ɸukuɸuku,3,4,3,4,7,5,351.9,3.18,4,1667.6,4.78,5,mh,5,#FFF5EE,97.1,2.2,4.6,"Reflecting unvoiced plosives and fricatives for a vector configuration of Weight 3, Time 4, and Flow 4.",,4,5,5,1,REDUP(畳語・同一)
ふっ,fut,Manner or sound of ふっ: 「ふ」とする actionや phenomenonが瞬間的・急激に行われる音や state/manner.,Psychomime (State/Manner),Dynamics,Neutral,Unvoiced (Light),Neutral,Reduplication,ɸuʔ,4,7,6,7,6,3,529.3,4.22,8,7573.4,7.35,7,mh,5,#000000,0.0,0.0,0.0,"Reflecting fricatives and geminate sokuon (sudden onset) for a vector configuration of Weight 4, Time 7, and Flow 7.",,2,5,0,0,Q(促音単発)
ふっくり,futkuri,Manner or sound of ふっくり: 「ふっく」と一度だけ鮮やかに、あるいは滑らかに行われる action・ condition/state。,Psychomime (State/Manner),Dynamics,Neutral,Unvoiced (Light),Neutral,Reduplication,ɸukkuɾi,3,5,5,5,7,4,335.8,3.07,6,2032.8,5.12,6,mh,5,#FFE4E1,92.7,8.7,4.8,"Reflecting unvoiced plosives and fricatives for a vector configuration of Weight 3, Time 5, and Flow 5.",,5,5,5,8,COMPOUND(複合・異種)
ふっつり,futtsuri,Manner or sound of ふっつり: 「ふっつ」と一度だけ鮮やかに、あるいは滑らかに行われる action・ condition/state。,Psychomime (State/Manner),Dynamics,Neutral,Unvoiced (Light),Neutral,Reduplication,ɸuttsuɾi,3,5,5,5,7,4,371.1,3.32,6,2265.6,5.30,6,mh,5,#000000,0.0,0.0,0.0,"Reflecting unvoiced plosives and fricatives for a vector configuration of Weight 3, Time 5, and Flow 5.",,5,5,5,8,COMPOUND(複合・異種)
ふっふっふ,futfutfu,Manner or sound of ふっふっふ: 「ふっふっふ」という感覚・音・ condition/stateを表す expression.,Psychomime (State/Manner),Dynamics,Neutral,Unvoiced (Light),Neutral,Reduplication,ɸupɸupɸu,3,5,4,5,7,5,413.9,3.60,6,4129.6,6.32,7,mh,5,#FFFFFF,100.0,-0.0,0.0,"Reflecting unvoiced plosives and fricatives for a vector configuration of Weight 3, Time 5, and Flow 5.",,5,5,0,8,COMPOUND(複合・異種)
ふにゃっ,funyat,Manner or sound of ふにゃっ: 「ふにゃ」とする actionや phenomenonが瞬間的・急激に行われる音や state/manner.,Psychomime (State/Manner),Dynamics,Neutral,Unvoiced (Light),Neutral,Reduplication,ɸuɲaʔ,3,7,5,5,7,5,527.3,4.21,7,7182.3,7.26,8,mh,5,#F5DEB3,89.4,1.5,24.0,"Reflecting fricatives and nasal resonance for a vector configuration of Weight 3, Time 7, and Flow 5.",,3,5,0,0,Q(促音単発)
ふにゃり,funyari,Manner or sound of ふにゃり: 「ふにゃ」と一度だけ鮮やかに、あるいは滑らかに行われる action・ condition/state。,Psychomime (State/Manner),Dynamics,Neutral,Unvoiced (Light),Neutral,Reduplication,ɸuɲaɾi,2,5,5,3,8,5,439.0,3.74,5,3261.9,5.92,6,mh,5,#F5DEB3,89.4,1.5,24.0,"Reflecting fricatives and nasal resonance for a vector configuration of Weight 2, Time 5, and Flow 3.",,4,6,0,0,RI(り単発)
ふにゃん,funyan,Manner or sound of ふにゃん: 「ふにゃ」と響き渡る音、 or 余韻や弾力を伴う condition/state。,Psychomime (State/Manner),Dynamics,Neutral,Unvoiced (Light),Neutral,Reduplication,ɸuɲaŋ,3,6,6,4,6,6,427.3,3.68,5,4530.5,6.48,7,0,4,#F5DEB3,89.4,1.5,24.0,"Reflecting fricatives and nasal resonance for a vector configuration of Weight 3, Time 6, and Flow 4.",,3,6,5,0,N(撥音単発)
ふはり,fuhari,Manner or sound of ふはり: 「ふは」と一度だけ鮮やかに、あるいは滑らかに行われる action・ condition/state。,Psychomime (State/Manner),Dynamics,Neutral,Unvoiced (Light),Neutral,Reduplication,ɸuhaɾi,2,6,5,4,8,4,504.7,4.10,6,3637.1,6.10,5,mh,5,#FFFFFF,100.0,-0.0,0.0,"Reflecting fricatives and flap consonant /ɾ/ for a vector configuration of Weight 2, Time 6, and Flow 4.",,4,6,0,0,RI(り単発)
ふふふ,fufufu,Manner or sound of ふふふ: 「ふふふ」という感覚・音・ condition/stateを表す expression.,Psychomime (State/Manner),Dynamics,Neutral,Unvoiced (Light),Neutral,Reduplication,ɸuɸuɸu,3,4,4,5,7,5,366.2,3.29,5,2883.8,5.71,6,mh,5,#FFF0F5,96.1,5.9,-0.6,"Reflecting fricatives for a vector configuration of Weight 3, Time 4, and Flow 5.",,5,5,0,8,COMPOUND(複合・異種)
ふふん,fufun,Manner or sound of ふふん: 「ふふ」と響き渡る音、 or 余韻や弾力を伴う condition/state。,Psychomime (State/Manner),Dynamics,Neutral,Unvoiced (Light),Neutral,Reduplication,ɸuɸuŋ,3,6,6,5,6,5,399.8,3.51,6,3748.3,6.16,6,0,4,#8B0000,28.1,51.0,41.3,"Reflecting fricatives and nasal resonance for a vector configuration of Weight 3, Time 6, and Flow 5.",,3,6,5,0,N(撥音単発)
ふらりふらり,furarifurari,Manner or sound of ふらりふらり: 「ふらりふら」と一度だけ鮮やかに、あるいは滑らかに行われる action・ condition/state。,Psychomime (State/Manner),Dynamics,Neutral,Unvoiced (Light),Neutral,Reduplication,ɸuɾaɾiɸuɾaɾi,2,4,4,3,8,4,475.8,3.95,4,2906.2,5.72,5,mh,5,#FFFFFF,100.0,-0.0,0.0,"Reflecting fricatives and flap consonant /ɾ/ for a vector configuration of Weight 2, Time 4, and Flow 3.",,4,5,5,1,REDUP(畳語・同一)
ふわ,fuwa,Manner or sound of ふわ: 「ふわ」という感覚・音・ condition/stateを表す expression.,Psychomime (State/Manner),Dynamics,Neutral,Unvoiced (Light),Neutral,Reduplication,ɸuwa,3,4,3,4,7,5,288.0,2.68,4,3152.7,5.86,5,mh,5,#F5F5F5,96.5,-0.0,0.0,"Reflecting fricatives for a vector configuration of Weight 3, Time 4, and Flow 4.",,5,5,0,8,COMPOUND(複合・異種)
ふわっ,fuwat,Manner or sound of ふわっ: 「ふわ」とする actionや phenomenonが瞬間的・急激に行われる音や state/manner.,Psychomime (State/Manner),Dynamics,Neutral,Unvoiced (Light),Neutral,Reduplication,ɸuwaʔ,4,7,6,5,7,3,490.3,4.02,7,7741.5,7.39,7,mh,5,#F5F5F5,96.5,-0.0,0.0,"Reflecting fricatives and geminate sokuon (sudden onset) for a vector configuration of Weight 4, Time 7, and Flow 5.",,3,5,0,0,Q(促音単発)
ふわーっ,fuwa-t,Manner or sound of ふわーっ: 「ふわー」とする actionや phenomenonが瞬間的・急激に行われる音や state/manner.,Psychomime (State/Manner),Dynamics,Neutral,Unvoiced (Light),Neutral,Reduplication,ɸuwaːʔ,3,4,5,5,7,4,704.0,4.94,4,7036.5,7.23,6,mh,5,#F5F5F5,96.5,-0.0,0.0,"Reflecting fricatives and geminate sokuon (sudden onset) for a vector configuration of Weight 3, Time 4, and Flow 5.",,3,6,5,0,LONG(長音ー)
ふんふん,funfun,Manner or sound of ふんふん: 「ふんふ」と響き渡る音、 or 余韻や弾力を伴う condition/state。,Psychomime (State/Manner),Dynamics,Neutral,Unvoiced (Light),Neutral,Reduplication,ɸuŋɸuŋ,4,5,5,4,6,5,310.5,2.87,4,3320.3,5.95,6,mh,5,#8B0000,28.1,51.0,41.3,"Reflecting fricatives and nasal resonance for a vector configuration of Weight 4, Time 5, and Flow 4.",,4,5,5,1,REDUP(畳語・同一)
ぶくっ,bukut,Manner or sound of ぶくっ: 「ぶく」とする actionや phenomenonが瞬間的・急激に行われる音や state/manner.,Psychomime (State/Manner),Dynamics,Neutral,Unvoiced (Light),Neutral,Reduplication,bukuʔ,5,7,6,7,6,4,366.9,3.29,8,7494.9,7.33,7,0,4,#000000,0.0,0.0,0.0,"Reflecting voiced consonants and unvoiced plosives for a vector configuration of Weight 5, Time 7, and Flow 7.",,2,5,0,0,Q(促音単発)
ぶすぶす,busubusu,Manner or sound of ぶすぶす: 「ぶす」という音や condition/stateが繰り返し連続して生じる manner.,Psychomime (State/Manner),Dynamics,Neutral,Unvoiced (Light),Neutral,Reduplication,busubusu,5,5,4,4,7,5,387.5,3.43,4,5831.2,6.91,6,mc,3,#9F7C63,54.7,10.0,18.9,"Reflecting voiced consonants and fricatives for a vector configuration of Weight 5, Time 5, and Flow 4.",,4,5,5,1,REDUP(畳語・同一)
ぶすり,busuri,Manner or sound of ぶすり: 「ぶす」と一度だけ鮮やかに、あるいは滑らかに行われる action・ condition/state。,Psychomime (State/Manner),Dynamics,Neutral,Unvoiced (Light),Neutral,Reduplication,busuɾi,3,6,5,4,8,5,402.1,3.52,5,4636.1,6.52,6,0,4,#FFFFFF,100.0,-0.0,0.0,"Reflecting voiced consonants and fricatives for a vector configuration of Weight 3, Time 6, and Flow 4.",,4,6,0,0,RI(り単発)
ぶすりぶすり,busuribusuri,Manner or sound of ぶすりぶすり: 「ぶすりぶす」と一度だけ鮮やかに、あるいは滑らかに行われる action・ condition/state。,Psychomime (State/Manner),Dynamics,Neutral,Unvoiced (Light),Neutral,Reduplication,busuɾibusuɾi,4,5,4,4,7,5,429.9,3.69,5,5132.9,6.69,6,0,4,#9F7C63,54.7,10.0,18.9,"Reflecting voiced consonants and fricatives for a vector configuration of Weight 4, Time 5, and Flow 4.",,4,5,5,1,REDUP(畳語・同一)
ぶっつり,buttsuri,Manner or sound of ぶっつり: 「ぶっつ」と一度だけ鮮やかに、あるいは滑らかに行われる action・ condition/state。,Psychomime (State/Manner),Dynamics,Neutral,Unvoiced (Light),Neutral,Reduplication,buttsuɾi,4,5,5,5,7,5,295.0,2.74,6,2959.6,5.75,7,0,4,#000000,0.0,0.0,0.0,"Reflecting voiced consonants and unvoiced plosives for a vector configuration of Weight 4, Time 5, and Flow 5.",,5,5,5,8,COMPOUND(複合・異種)
ぶっぶっ,butbut,Manner or sound of ぶっぶっ: 「ぶっぶ」とする actionや phenomenonが瞬間的・急激に行われる音や state/manner.,Psychomime (State/Manner),Dynamics,Neutral,Unvoiced (Light),Neutral,Reduplication,bubbuʔ,6,6,5,6,6,6,248.3,2.30,6,6348.0,7.05,7,0,4,#FF4500,57.6,67.8,69.0,"Reflecting voiced consonants and geminate sokuon (sudden onset) for a vector configuration of Weight 6, Time 6, and Flow 6.",,4,5,5,1,REDUP(畳語・同一)
ぶつぶつ,butsubutsu,Manner or sound of ぶつぶつ: 「ぶつ」という音や condition/stateが繰り返し連続して生じる manner.,Psychomime (State/Manner),Dynamics,Neutral,Unvoiced (Light),Neutral,Reduplication,butsubutsu,5,5,5,5,6,6,328.6,3.01,5,4489.2,6.46,7,0,4,#FF4500,57.6,67.8,69.0,"Reflecting voiced consonants and unvoiced plosives for a vector configuration of Weight 5, Time 5, and Flow 5.",,4,5,5,1,REDUP(畳語・同一)
ぶつり,butsuri,Manner or sound of ぶつり: 「ぶつ」と一度だけ鮮やかに、あるいは滑らかに行われる action・ condition/state。,Psychomime (State/Manner),Dynamics,Neutral,Unvoiced (Light),Neutral,Reduplication,butsuɾi,4,6,6,5,7,5,387.6,3.43,6,3953.3,6.25,6,0,4,#FFFFFF,100.0,-0.0,0.0,"Reflecting voiced consonants and unvoiced plosives for a vector configuration of Weight 4, Time 6, and Flow 5.",,4,6,0,0,RI(り単発)
ぶよぶよ,buyobuyo,Manner or sound of ぶよぶよ: 「ぶよ」という音や condition/stateが繰り返し連続して生じる manner.,Psychomime (State/Manner),Dynamics,Neutral,Unvoiced (Light),Neutral,Reduplication,bujobujo,5,3,3,4,7,7,154.5,1.10,3,3456.1,6.02,6,mc,3,#4682B4,52.5,-4.1,-32.2,"Reflecting voiced consonants for a vector configuration of Weight 5, Time 3, and Flow 4.",,4,5,5,1,REDUP(畳語・同一)
ぶらりぶらり,burariburari,Manner or sound of ぶらりぶらり: 「ぶらりぶら」と一度だけ鮮やかに、あるいは滑らかに行われる action・ condition/state。,Psychomime (State/Manner),Dynamics,Neutral,Unvoiced (Light),Neutral,Reduplication,buɾaɾibuɾaɾi,4,5,4,3,8,4,367.9,3.30,4,4154.2,6.33,5,0,4,#8B4513,37.5,26.4,41.0,"Reflecting voiced consonants and flap consonant /ɾ/ for a vector configuration of Weight 4, Time 5, and Flow 3.",,4,5,5,1,REDUP(畳語・同一)
ぶらん,buran,Manner or sound of ぶらん: 「ぶら」と響き渡る音、 or 余韻や弾力を伴う condition/state。,Psychomime (State/Manner),Dynamics,Neutral,Unvoiced (Light),Neutral,Reduplication,buɾaŋ,5,6,6,4,6,5,318.0,2.93,5,5052.7,6.66,6,mc,3,#8B4513,37.5,26.4,41.0,"Reflecting voiced consonants and nasal resonance for a vector configuration of Weight 5, Time 6, and Flow 4.",,3,6,5,0,N(撥音単発)
ぶりぶり,buriburi,Manner or sound of ぶりぶり: 「ぶりぶ」と一度だけ鮮やかに、あるいは滑らかに行われる action・ condition/state。,Psychomime (State/Manner),Dynamics,Neutral,Unvoiced (Light),Neutral,Reduplication,buɾibuɾi,5,5,5,5,7,5,348.9,3.16,5,5293.2,6.74,6,0,4,#8B4513,37.5,26.4,41.0,"Reflecting voiced consonants and flap consonant /ɾ/ for a vector configuration of Weight 5, Time 5, and Flow 5.",,4,5,5,1,REDUP(畳語・同一)
ぶるっ,burut,Manner or sound of ぶるっ: 「ぶる」とする actionや phenomenonが瞬間的・急激に行われる音や state/manner.,Psychomime (State/Manner),Dynamics,Neutral,Unvoiced (Light),Neutral,Reduplication,buɾuʔ,5,7,6,6,6,4,410.1,3.57,7,8200.3,7.49,7,0,4,#000000,0.0,0.0,0.0,"Reflecting voiced consonants and flap consonant /ɾ/ for a vector configuration of Weight 5, Time 7, and Flow 6.",,2,5,0,0,Q(促音単発)
ぶるるっ,bururut,Manner or sound of ぶるるっ: 「ぶるる」とする actionや phenomenonが瞬間的・急激に行われる音や state/manner.,Psychomime (State/Manner),Dynamics,Neutral,Unvoiced (Light),Neutral,Reduplication,buɾuɾuʔ,5,7,6,6,6,4,387.6,3.43,7,7454.1,7.32,7,mc,3,#0000FF,32.3,79.2,-107.9,"Reflecting voiced consonants and flap consonant /ɾ/ for a vector configuration of Weight 5, Time 7, and Flow 6.",,3,5,0,0,Q(促音単発)
ぶるん,burun,Manner or sound of ぶるん: 「ぶる」と響き渡る音、 or 余韻や弾力を伴う condition/state。,Psychomime (State/Manner),Dynamics,Neutral,Unvoiced (Light),Neutral,Reduplication,buɾuŋ,5,7,6,5,5,5,333.7,3.05,6,5454.9,6.79,7,mc,3,#0000FF,32.3,79.2,-107.9,"Reflecting voiced consonants and nasal resonance for a vector configuration of Weight 5, Time 7, and Flow 5.",,3,6,5,0,N(撥音単発)
ぶるんぶるん,burunburun,Manner or sound of ぶるんぶるん: 「ぶるんぶる」と響き渡る音、 or 余韻や弾力を伴う condition/state。,Psychomime (State/Manner),Dynamics,Neutral,Unvoiced (Light),Neutral,Reduplication,buɾumbuɾuŋ,5,6,5,4,6,6,240.7,2.22,4,5863.4,6.92,7,mc,3,#0000FF,32.3,79.2,-107.9,"Reflecting voiced consonants and nasal resonance for a vector configuration of Weight 5, Time 6, and Flow 4.",,4,5,5,1,REDUP(畳語・同一)
ぶろろろ,burororo,Manner or sound of ぶろろろ: 「ぶろろろ」という感覚・音・ condition/stateを表す expression.,Psychomime (State/Manner),Dynamics,Neutral,Unvoiced (Light),Neutral,Reduplication,buɾoɾoɾo,5,4,4,4,8,7,123.4,0.53,4,1451.4,4.54,7,mc,3,#9ACD32,76.5,-38.0,66.6,"Reflecting voiced consonants and flap consonant /ɾ/ for a vector configuration of Weight 5, Time 4, and Flow 4.",,5,5,0,8,COMPOUND(複合・異種)
ぶーズー,bu-ズ-,Manner or sound of ぶーズー: 音が長く尾を引いて持続する音や condition/state。,Psychomime (State/Manner),Dynamics,Neutral,Unvoiced (Light),Neutral,Reduplication,buːズː,4,2,5,4,7,5,840.3,5.39,1,6092.1,6.98,6,0,4,#FFD700,86.9,-1.9,87.1,"Reflecting voiced consonants and long vowel extension for a vector configuration of Weight 4, Time 2, and Flow 4.",,2,7,5,0,LONG(長音ー)
ぷいっ,puit,Manner or sound of ぷいっ: 「ぷい」とする actionや phenomenonが瞬間的・急激に行われる音や state/manner.,Psychomime (State/Manner),Dynamics,Neutral,Unvoiced (Light),Neutral,Reduplication,puiʔ,4,8,7,7,6,4,644.0,4.71,8,8034.7,7.45,7,mh,5,#000000,0.0,0.0,0.0,"Reflecting unvoiced plosives and geminate sokuon (sudden onset) for a vector configuration of Weight 4, Time 8, and Flow 7.",,2,5,0,0,Q(促音単発)
ぷかり,pukari,Manner or sound of ぷかり: 「ぷか」と一度だけ鮮やかに、あるいは滑らかに行われる action・ condition/state。,Psychomime (State/Manner),Dynamics,Neutral,Unvoiced (Light),Neutral,Reduplication,pukaɾi,3,6,6,4,7,4,535.8,4.25,6,3789.8,6.17,6,mh,5,#FFFFFF,100.0,-0.0,0.0,"Reflecting unvoiced plosives and flap consonant /ɾ/ for a vector configuration of Weight 3, Time 6, and Flow 4.",,4,6,0,0,RI(り単発)
ぷかりぷかり,pukaripukari,Manner or sound of ぷかりぷかり: 「ぷかりぷか」と一度だけ鮮やかに、あるいは滑らかに行われる action・ condition/state。,Psychomime (State/Manner),Dynamics,Neutral,Unvoiced (Light),Neutral,Reduplication,pukaɾipukaɾi,3,6,5,4,7,3,640.4,4.70,5,4102.2,6.31,5,mh,5,#F0FFFF,98.9,-4.9,-1.7,"Reflecting unvoiced plosives and flap consonant /ɾ/ for a vector configuration of Weight 3, Time 6, and Flow 4.",,4,5,5,1,REDUP(畳語・同一)
ぷかーり,puka-ri,Manner or sound of ぷかーり: 「ぷかー」と一度だけ鮮やかに、あるいは滑らかに行われる action・ condition/state。,Psychomime (State/Manner),Dynamics,Neutral,Unvoiced (Light),Neutral,Reduplication,pukaːɾi,3,5,6,4,7,4,591.9,4.50,5,3763.7,6.16,5,h,6,#FFFFFF,100.0,-0.0,0.0,"Reflecting unvoiced plosives and flap consonant /ɾ/ for a vector configuration of Weight 3, Time 5, and Flow 4.",,4,6,0,0,RI(り単発)
ぷくぷく,pukupuku,Manner or sound of ぷくぷく: 「ぷく」という音や condition/stateが繰り返し連続して生じる manner.,Psychomime (State/Manner),Dynamics,Neutral,Unvoiced (Light),Neutral,Reduplication,pukupuku,4,5,5,5,7,6,376.7,3.36,4,3169.3,5.87,6,mh,5,#FFB6C1,81.1,28.0,5.0,"Reflecting unvoiced plosives for a vector configuration of Weight 4, Time 5, and Flow 5.",,4,5,5,1,REDUP(畳語・同一)
ぷすぷす,pusupusu,Manner or sound of ぷすぷす: 「ぷす」という音や condition/stateが繰り返し連続して生じる manner.,Psychomime (State/Manner),Dynamics,Neutral,Unvoiced (Light),Neutral,Reduplication,pusupusu,3,5,4,4,7,5,586.4,4.48,4,4666.4,6.53,5,0,4,#FFFACD,97.6,-5.4,22.2,"Reflecting unvoiced plosives and fricatives for a vector configuration of Weight 3, Time 5, and Flow 4.",,4,5,5,1,REDUP(畳語・同一)
ぷすり,pusuri,Manner or sound of ぷすり: 「ぷす」と一度だけ鮮やかに、あるいは滑らかに行われる action・ condition/state。,Psychomime (State/Manner),Dynamics,Neutral,Unvoiced (Light),Neutral,Reduplication,pusuɾi,3,6,6,4,8,4,517.6,4.16,6,3955.1,6.25,6,mh,5,#FFFFFF,100.0,-0.0,0.0,"Reflecting unvoiced plosives and fricatives for a vector configuration of Weight 3, Time 6, and Flow 4.",,4,6,0,0,RI(り単発)
ぷすん,pusun,Manner or sound of ぷすん: 「ぷす」と響き渡る音、 or 余韻や弾力を伴う condition/state。,Psychomime (State/Manner),Dynamics,Neutral,Unvoiced (Light),Neutral,Reduplication,pusuŋ,4,7,7,6,5,5,516.2,4.15,6,5906.1,6.93,7,0,4,#808080,53.6,-0.0,0.0,"Reflecting unvoiced plosives and fricatives for a vector configuration of Weight 4, Time 7, and Flow 6.",,3,6,5,0,N(撥音単発)
ぷちぷち,puchipuchi,Manner or sound of ぷちぷち: 「ぷち」という音や condition/stateが繰り返し連続して生じる manner.,Psychomime (State/Manner),Dynamics,Neutral,Unvoiced (Light),Neutral,Reduplication,putɕiputɕi,4,6,5,6,5,6,967.7,5.75,6,5001.6,6.65,7,0,4,#FF1493,56.0,84.5,-5.7,"Reflecting unvoiced plosives and fricatives for a vector configuration of Weight 4, Time 6, and Flow 6.",,4,5,5,1,REDUP(畳語・同一)
ぷっ,put,Manner or sound of ぷっ: 「ぷ」とする actionや phenomenonが瞬間的・急激に行われる音や state/manner.,Psychomime (State/Manner),Dynamics,Neutral,Unvoiced (Light),Neutral,Reduplication,puʔ,4,8,7,7,6,4,558.4,4.35,8,8183.2,7.48,8,mh,5,#000000,0.0,0.0,0.0,"Reflecting unvoiced plosives and geminate sokuon (sudden onset) for a vector configuration of Weight 4, Time 8, and Flow 7.",,2,5,0,0,Q(促音単発)
ぷっくり,putkuri,Manner or sound of ぷっくり: 「ぷっく」と一度だけ鮮やかに、あるいは滑らかに行われる action・ condition/state。,Psychomime (State/Manner),Dynamics,Neutral,Unvoiced (Light),Neutral,Reduplication,pukkuɾi,4,5,5,5,7,5,330.3,3.02,6,2292.7,5.32,6,mh,5,#8B4513,37.5,26.4,41.0,"Reflecting unvoiced plosives and flap consonant /ɾ/ for a vector configuration of Weight 4, Time 5, and Flow 5.",,5,5,5,8,COMPOUND(複合・異種)
ぷっつり,puttsuri,Manner or sound of ぷっつり: 「ぷっつ」と一度だけ鮮やかに、あるいは滑らかに行われる action・ condition/state。,Psychomime (State/Manner),Dynamics,Neutral,Unvoiced (Light),Neutral,Reduplication,puttsuɾi,4,5,5,5,7,5,386.4,3.42,6,2510.0,5.47,7,mh,5,#000000,0.0,0.0,0.0,"Reflecting unvoiced plosives and fricatives for a vector configuration of Weight 4, Time 5, and Flow 5.",,5,5,5,8,COMPOUND(複合・異種)
ぷっつん,puttsun,Manner or sound of ぷっつん: 「ぷっつ」と響き渡る音、 or 余韻や弾力を伴う condition/state。,Psychomime (State/Manner),Dynamics,Neutral,Unvoiced (Light),Neutral,Reduplication,puttsuŋ,4,7,7,6,5,5,497.9,4.06,7,5395.2,6.77,7,0,4,#8B0000,28.1,51.0,41.3,"Reflecting unvoiced plosives and fricatives for a vector configuration of Weight 4, Time 7, and Flow 6.",,3,6,5,0,N(撥音単発)
ぷつっ,putsut,Manner or sound of ぷつっ: 「ぷつ」とする actionや phenomenonが瞬間的・急激に行われる音や state/manner.,Psychomime (State/Manner),Dynamics,Neutral,Unvoiced (Light),Neutral,Reduplication,putsuʔ,4,8,7,7,6,4,543.1,4.28,8,7688.2,7.38,8,mh,5,#000000,0.0,0.0,0.0,"Reflecting unvoiced plosives and fricatives for a vector configuration of Weight 4, Time 8, and Flow 7.",,2,5,0,0,Q(促音単発)
ぷつぷつ,putsuputsu,Manner or sound of ぷつぷつ: 「ぷつ」という音や condition/stateが繰り返し連続して生じる manner.,Psychomime (State/Manner),Dynamics,Neutral,Unvoiced (Light),Neutral,Reduplication,putsuputsu,4,5,5,6,6,6,466.4,3.90,5,3488.0,6.03,7,mh,5,#FF4500,57.6,67.8,69.0,"Reflecting unvoiced plosives and fricatives for a vector configuration of Weight 4, Time 5, and Flow 6.",,4,5,5,1,REDUP(畳語・同一)
ぷつん,putsun,Manner or sound of ぷつん: 「ぷつ」と響き渡る音、 or 余韻や弾力を伴う condition/state。,Psychomime (State/Manner),Dynamics,Neutral,Unvoiced (Light),Neutral,Reduplication,putsuŋ,4,7,7,6,5,5,480.5,3.97,6,5172.0,6.70,7,0,4,#8B0000,28.1,51.0,41.3,"Reflecting unvoiced plosives and fricatives for a vector configuration of Weight 4, Time 7, and Flow 6.",,3,6,5,0,N(撥音単発)
ぷらぷら,purapura,Manner or sound of ぷらぷら: 「ぷら」という音や condition/stateが繰り返し連続して生じる manner.,Psychomime (State/Manner),Dynamics,Neutral,Unvoiced (Light),Neutral,Reduplication,puɾapuɾa,3,4,3,3,8,5,419.0,3.63,3,3577.0,6.08,5,mh,5,#FF1493,56.0,84.5,-5.7,"Reflecting unvoiced plosives and flap consonant /ɾ/ for a vector configuration of Weight 3, Time 4, and Flow 3.",,4,5,5,1,REDUP(畳語・同一)
ぷらん,puran,Manner or sound of ぷらん: 「ぷら」と響き渡る音、 or 余韻や弾力を伴う condition/state。,Psychomime (State/Manner),Dynamics,Neutral,Unvoiced (Light),Neutral,Reduplication,puɾaŋ,4,6,7,4,6,5,445.6,3.78,6,4415.5,6.43,6,0,4,#808080,53.6,-0.0,0.0,"Reflecting unvoiced plosives and nasal resonance for a vector configuration of Weight 4, Time 6, and Flow 4.",,3,6,5,0,N(撥音単発)
ぷりんぷりん,purinpurin,Manner or sound of ぷりんぷりん: 「ぷりんぷり」と響き渡る音、 or 余韻や弾力を伴う condition/state。,Psychomime (State/Manner),Dynamics,Neutral,Unvoiced (Light),Neutral,Reduplication,puɾimpuɾiŋ,4,6,6,5,5,6,760.8,5.14,5,5006.1,6.65,7,0,4,#FF1493,56.0,84.5,-5.7,"Reflecting unvoiced plosives and nasal resonance for a vector configuration of Weight 4, Time 6, and Flow 5.",,4,5,5,1,REDUP(畳語・同一)
ぷるんぷるん,purunpurun,Manner or sound of ぷるんぷるん: 「ぷるんぷる」と響き渡る音、 or 余韻や弾力を伴う condition/state。,Psychomime (State/Manner),Dynamics,Neutral,Unvoiced (Light),Neutral,Reduplication,puɾumpuɾuŋ,4,5,6,5,6,6,349.7,3.17,4,3825.5,6.19,7,mh,5,#FF0000,53.2,80.1,67.2,"Reflecting unvoiced plosives and nasal resonance for a vector configuration of Weight 4, Time 5, and Flow 5.",,4,5,5,1,REDUP(畳語・同一)
ぷーん,pu-n,Manner or sound of ぷーん: 「ぷー」と響き渡る音、 or 余韻や弾力を伴う condition/state。,Psychomime (State/Manner),Dynamics,Neutral,Unvoiced (Light),Neutral,Reduplication,puːŋ,4,4,6,5,6,5,855.2,5.43,2,6256.5,7.03,6,mh,5,#FFD700,86.9,-1.9,87.1,"Reflecting unvoiced plosives and nasal resonance for a vector configuration of Weight 4, Time 4, and Flow 5.",,3,7,5,0,LONG(長音ー)
へこへこ,hekoheko,Manner or sound of へこへこ: 「へこ」という音や condition/stateが繰り返し連続して生じる manner.,Psychomime (State/Manner),Dynamics,Neutral,Unvoiced (Light),Neutral,Reduplication,hekoheko,3,5,4,4,6,5,454.7,3.83,5,2813.5,5.67,5,0,4,#FFD700,86.9,-1.9,87.1,"Reflecting unvoiced plosives and fricatives for a vector configuration of Weight 3, Time 5, and Flow 4.",,4,5,5,1,REDUP(畳語・同一)
へっくしょん,hetkushon,Manner or sound of へっくしょん: 「へっくしょ」と響き渡る音、 or 余韻や弾力を伴う condition/state。,Psychomime (State/Manner),Dynamics,Neutral,Unvoiced (Light),Neutral,Reduplication,hekkuɕoŋ,5,6,6,5,6,6,348.3,3.16,7,4495.9,6.46,7,0,4,#FFFFFF,100.0,-0.0,0.0,"Reflecting unvoiced plosives and fricatives for a vector configuration of Weight 5, Time 6, and Flow 5.",,5,5,5,8,COMPOUND(複合・異種)
へっへっ,hethet,Manner or sound of へっへっ: 「へっへ」とする actionや phenomenonが瞬間的・急激に行われる音や state/manner.,Psychomime (State/Manner),Dynamics,Neutral,Unvoiced (Light),Neutral,Reduplication,hehheʔ,4,6,5,5,6,5,434.5,3.72,6,4670.2,6.53,6,0,4,#2F4F4F,31.3,-11.7,-3.7,"Reflecting fricatives and geminate sokuon (sudden onset) for a vector configuration of Weight 4, Time 6, and Flow 5.",,4,5,5,1,REDUP(畳語・同一)
へろへろ,herohero,Manner or sound of へろへろ: 「へろ」という音や condition/stateが繰り返し連続して生じる manner.,Psychomime (State/Manner),Dynamics,Neutral,Unvoiced (Light),Neutral,Reduplication,heɾoheɾo,4,4,3,3,8,6,375.0,3.35,3,1602.4,4.71,6,0,4,#FFFFE0,99.3,-5.1,14.8,"Reflecting fricatives and flap consonant /ɾ/ for a vector configuration of Weight 4, Time 4, and Flow 3.",,4,5,5,1,REDUP(畳語・同一)
べこべこ,bekobeko,Manner or sound of べこべこ: 「べこ」という音や condition/stateが繰り返し連続して生じる manner.,Psychomime (State/Manner),Dynamics,Neutral,Unvoiced (Light),Neutral,Reduplication,bekobeko,5,5,5,5,6,5,477.0,3.95,5,4753.9,6.56,6,0,4,#DAA520,70.8,8.5,68.8,"Reflecting voiced consonants and unvoiced plosives for a vector configuration of Weight 5, Time 5, and Flow 5.",,4,5,5,1,REDUP(畳語・同一)
べこり,bekori,Manner or sound of べこり: 「べこ」と一度だけ鮮やかに、あるいは滑らかに行われる action・ condition/state。,Psychomime (State/Manner),Dynamics,Neutral,Unvoiced (Light),Neutral,Reduplication,bekoɾi,3,6,6,4,7,4,526.7,4.21,6,4288.8,6.38,6,mh,5,#FFFFFF,100.0,-0.0,0.0,"Reflecting voiced consonants and unvoiced plosives for a vector configuration of Weight 3, Time 6, and Flow 4.",,4,6,0,0,RI(り単発)
べたっ,betat,Manner or sound of べたっ: 「べた」とする actionや phenomenonが瞬間的・急激に行われる音や state/manner.,Psychomime (State/Manner),Dynamics,Neutral,Unvoiced (Light),Neutral,Reduplication,betaʔ,5,7,6,7,5,5,443.7,3.77,7,7928.5,7.43,8,0,4,#000000,0.0,0.0,0.0,"Reflecting voiced consonants and unvoiced plosives for a vector configuration of Weight 5, Time 7, and Flow 7.",,3,5,0,0,Q(促音単発)
べたり,betari,Manner or sound of べたり: 「べた」と一度だけ鮮やかに、あるいは滑らかに行われる action・ condition/state。,Psychomime (State/Manner),Dynamics,Neutral,Unvoiced (Light),Neutral,Reduplication,betaɾi,4,5,5,5,7,5,396.1,3.48,6,3483.8,6.03,6,mh,5,#FFFFFF,100.0,-0.0,0.0,"Reflecting voiced consonants and unvoiced plosives for a vector configuration of Weight 4, Time 5, and Flow 5.",,4,6,0,0,RI(り単発)
べちゃくちゃ,bechakucha,Manner or sound of べちゃくちゃ: 「べちゃくちゃ」という感覚・音・ condition/stateを表す expression.,Psychomime (State/Manner),Dynamics,Neutral,Unvoiced (Light),Neutral,Reduplication,betɕakutɕa,4,6,5,5,5,7,792.6,5.24,6,7283.5,7.28,7,0,4,#FF69B4,65.5,64.2,-10.6,"Reflecting voiced consonants and unvoiced plosives for a vector configuration of Weight 4, Time 6, and Flow 5.",,5,5,0,8,COMPOUND(複合・異種)
べちゃべちゃ,bechabecha,Manner or sound of べちゃべちゃ: 「べちゃ」という音や condition/stateが繰り返し連続して生じる manner.,Psychomime (State/Manner),Dynamics,Neutral,Unvoiced (Light),Neutral,Reduplication,betɕabetɕa,5,5,4,4,5,7,843.6,5.40,5,7940.7,7.43,7,0,4,#8B4513,37.5,26.4,41.0,"Reflecting voiced consonants and unvoiced plosives for a vector configuration of Weight 5, Time 5, and Flow 4.",,4,5,5,1,REDUP(畳語・同一)
べっちゃんこ,betchanko,Manner or sound of べっちゃんこ: 「べっちゃんこ」という感覚・音・ condition/stateを表す expression.,Psychomime (State/Manner),Dynamics,Neutral,Unvoiced (Light),Neutral,Reduplication,bettɕaŋko,5,6,6,6,4,6,541.6,4.28,6,5162.6,6.70,8,0,4,#708090,52.8,-2.1,-10.6,"Reflecting voiced consonants and unvoiced plosives for a vector configuration of Weight 5, Time 6, and Flow 6.",,5,5,5,8,COMPOUND(複合・異種)
べらべらっ,beraberat,Manner or sound of べらべらっ: 「べらべら」とする actionや phenomenonが瞬間的・急激に行われる音や state/manner.,Psychomime (State/Manner),Dynamics,Neutral,Unvoiced (Light),Neutral,Reduplication,beɾabeɾaʔ,5,7,6,5,7,4,523.0,4.19,6,9140.4,7.67,7,mh,5,#FF8C00,69.5,36.8,75.5,"Reflecting voiced consonants and flap consonant /ɾ/ for a vector configuration of Weight 5, Time 7, and Flow 5.",,3,5,0,0,Q(促音単発)
べりべり,beriberi,Manner or sound of べりべり: 「べりべ」と一度だけ鮮やかに、あるいは滑らかに行われる action・ condition/state。,Psychomime (State/Manner),Dynamics,Neutral,Unvoiced (Light),Neutral,Reduplication,beɾibeɾi,4,5,5,5,6,5,556.0,4.34,5,5227.1,6.72,6,mh,5,#FF8C00,69.5,36.8,75.5,"Reflecting voiced consonants and flap consonant /ɾ/ for a vector configuration of Weight 4, Time 5, and Flow 5.",,4,5,5,1,REDUP(畳語・同一)
べりべりっ,beriberit,Manner or sound of べりべりっ: 「べりべり」とする actionや phenomenonが瞬間的・急激に行われる音や state/manner.,Psychomime (State/Manner),Dynamics,Neutral,Unvoiced (Light),Neutral,Reduplication,beɾibeɾiʔ,5,7,7,7,5,4,787.7,5.22,7,8793.4,7.60,8,0,4,#FF8C00,69.5,36.8,75.5,"Reflecting voiced consonants and flap consonant /ɾ/ for a vector configuration of Weight 5, Time 7, and Flow 7.",,3,5,0,0,Q(促音単発)
べろっ,berot,Manner or sound of べろっ: 「べろ」とする actionや phenomenonが瞬間的・急激に行われる音や state/manner.,Psychomime (State/Manner),Dynamics,Neutral,Unvoiced (Light),Neutral,Reduplication,beɾoʔ,5,7,6,6,6,4,496.1,4.05,7,7346.0,7.30,7,0,4,#000000,0.0,0.0,0.0,"Reflecting voiced consonants and flap consonant /ɾ/ for a vector configuration of Weight 5, Time 7, and Flow 6.",,2,5,0,0,Q(促音単発)
べろべろ,berobero,Manner or sound of べろべろ: 「べろ」という音や condition/stateが繰り返し連続して生じる manner.,Psychomime (State/Manner),Dynamics,Neutral,Unvoiced (Light),Neutral,Reduplication,beɾobeɾo,5,4,4,4,7,6,362.2,3.26,3,3562.5,6.07,7,0,4,#FF8C00,69.5,36.8,75.5,"Reflecting voiced consonants and flap consonant /ɾ/ for a vector configuration of Weight 5, Time 4, and Flow 4.",,4,5,5,1,REDUP(畳語・同一)
べろべろっ,beroberot,Manner or sound of べろべろっ: 「べろべろ」とする actionや phenomenonが瞬間的・急激に行われる音や state/manner.,Psychomime (State/Manner),Dynamics,Neutral,Unvoiced (Light),Neutral,Reduplication,beɾobeɾoʔ,5,7,6,6,6,5,457.0,3.85,7,6626.3,7.12,8,0,4,#FFB6C1,81.1,28.0,5.0,"Reflecting voiced consonants and flap consonant /ɾ/ for a vector configuration of Weight 5, Time 7, and Flow 6.",,3,5,0,0,Q(促音単発)
べろりべろり,beroriberori,Manner or sound of べろりべろり: 「べろりべろ」と一度だけ鮮やかに、あるいは滑らかに行われる action・ condition/state。,Psychomime (State/Manner),Dynamics,Neutral,Unvoiced (Light),Neutral,Reduplication,beɾoɾibeɾoɾi,4,5,4,4,7,5,519.3,4.17,4,3638.2,6.11,6,0,4,#FFC0CB,83.6,24.1,3.3,"Reflecting voiced consonants and flap consonant /ɾ/ for a vector configuration of Weight 4, Time 5, and Flow 4.",,4,5,5,1,REDUP(畳語・同一)
べろんべろん,beronberon,Manner or sound of べろんべろん: 「べろんべろ」と響き渡る音、 or 余韻や弾力を伴う condition/state。,Psychomime (State/Manner),Dynamics,Neutral,Unvoiced (Light),Neutral,Reduplication,beɾombeɾoŋ,5,5,5,4,6,6,353.0,3.19,4,4294.4,6.39,7,0,4,#FF8C00,69.5,36.8,75.5,"Reflecting voiced consonants and nasal resonance for a vector configuration of Weight 5, Time 5, and Flow 4.",,4,5,5,1,REDUP(畳語・同一)
ぺかぺか,pekapeka,Manner or sound of ぺかぺか: 「ぺか」という音や condition/stateが繰り返し連続して生じる manner.,Psychomime (State/Manner),Dynamics,Neutral,Unvoiced (Light),Neutral,Reduplication,pekapeka,3,6,5,3,6,4,727.8,5.02,5,6663.0,7.13,5,mh,5,#FFD700,86.9,-1.9,87.1,"Reflecting unvoiced plosives for a vector configuration of Weight 3, Time 6, and Flow 3.",,4,5,5,1,REDUP(畳語・同一)
ぺこん,pekon,Manner or sound of ぺこん: 「ぺこ」と響き渡る音、 or 余韻や弾力を伴う condition/state。,Psychomime (State/Manner),Dynamics,Neutral,Unvoiced (Light),Neutral,Reduplication,pekoŋ,4,7,7,5,5,5,554.2,4.33,7,5894.4,6.92,7,0,4,#FFD700,86.9,-1.9,87.1,"Reflecting unvoiced plosives and nasal resonance for a vector configuration of Weight 4, Time 7, and Flow 5.",,3,6,5,0,N(撥音単発)
ぺしゃっ,peshat,Manner or sound of ぺしゃっ: 「ぺしゃ」とする actionや phenomenonが瞬間的・急激に行われる音や state/manner.,Psychomime (State/Manner),Dynamics,Neutral,Unvoiced (Light),Neutral,Reduplication,peɕaʔ,4,8,7,6,6,4,729.9,5.03,8,11053.6,7.99,7,0,4,#808080,53.6,-0.0,0.0,"Reflecting unvoiced plosives and fricatives for a vector configuration of Weight 4, Time 8, and Flow 6.",,3,5,0,0,Q(促音単発)
ぺしゃんこ,peshanko,Manner or sound of ぺしゃんこ: 「ぺしゃんこ」という感覚・音・ condition/stateを表す expression.,Psychomime (State/Manner),Dynamics,Neutral,Unvoiced (Light),Neutral,Reduplication,peɕaŋko,4,6,6,4,6,6,491.7,4.03,6,6671.6,7.14,7,0,4,#708090,52.8,-2.1,-10.6,"Reflecting unvoiced plosives and fricatives for a vector configuration of Weight 4, Time 6, and Flow 4.",,5,5,5,8,COMPOUND(複合・異種)
ぺたっ,petat,Manner or sound of ぺたっ: 「ぺた」とする actionや phenomenonが瞬間的・急激に行われる音や state/manner.,Psychomime (State/Manner),Dynamics,Neutral,Unvoiced (Light),Neutral,Reduplication,petaʔ,4,8,7,6,6,4,524.6,4.20,8,9324.4,7.70,7,0,4,#000000,0.0,0.0,0.0,"Reflecting unvoiced plosives and geminate sokuon (sudden onset) for a vector configuration of Weight 4, Time 8, and Flow 6.",,2,5,0,0,Q(促音単発)
ぺたべた,petabeta,Manner or sound of ぺたべた: 「ぺたべた」という感覚・音・ condition/stateを表す expression.,Psychomime (State/Manner),Dynamics,Neutral,Unvoiced (Light),Neutral,Reduplication,petabeta,5,5,4,5,6,7,312.5,2.88,6,4207.1,6.35,7,mh,5,#8B4513,37.5,26.4,41.0,"Reflecting voiced consonants and unvoiced plosives for a vector configuration of Weight 5, Time 5, and Flow 5.",,5,5,0,8,COMPOUND(複合・異種)
ぺたり,petari,Manner or sound of ぺたり: 「ぺた」と一度だけ鮮やかに、あるいは滑らかに行われる action・ condition/state。,Psychomime (State/Manner),Dynamics,Neutral,Unvoiced (Light),Neutral,Reduplication,petaɾi,3,6,6,4,7,5,470.5,3.92,6,4568.2,6.49,6,mh,5,#FFFFFF,100.0,-0.0,0.0,"Reflecting unvoiced plosives and flap consonant /ɾ/ for a vector configuration of Weight 3, Time 6, and Flow 4.",,4,6,0,0,RI(り単発)
ぺたん,petan,Manner or sound of ぺたん: 「ぺた」と響き渡る音、 or 余韻や弾力を伴う condition/state。,Psychomime (State/Manner),Dynamics,Neutral,Unvoiced (Light),Neutral,Reduplication,petaŋ,4,7,7,5,5,6,478.0,3.96,7,6125.2,6.99,7,0,4,#808080,53.6,-0.0,0.0,"Reflecting unvoiced plosives and nasal resonance for a vector configuration of Weight 4, Time 7, and Flow 5.",,3,6,5,0,N(撥音単発)
ぺちゃぺちゃ,pechapecha,Manner or sound of ぺちゃぺちゃ: 「ぺちゃ」という音や condition/stateが繰り返し連続して生じる manner.,Psychomime (State/Manner),Dynamics,Neutral,Unvoiced (Light),Neutral,Reduplication,petɕapetɕa,4,6,5,4,6,7,885.9,5.52,5,9105.9,7.66,7,0,4,#FF69B4,65.5,64.2,-10.6,"Reflecting unvoiced plosives and fricatives for a vector configuration of Weight 4, Time 6, and Flow 4.",,4,5,5,1,REDUP(畳語・同一)
ぺちゃん,pechan,Manner or sound of ぺちゃん: 「ぺちゃ」と響き渡る音、 or 余韻や弾力を伴う condition/state。,Psychomime (State/Manner),Dynamics,Neutral,Unvoiced (Light),Neutral,Reduplication,petɕaŋ,4,8,7,5,5,6,765.0,5.15,7,8671.5,7.58,8,0,4,#708090,52.8,-2.1,-10.6,"Reflecting unvoiced plosives and fricatives for a vector configuration of Weight 4, Time 8, and Flow 5.",,3,6,5,0,N(撥音単発)
ぺっ,pet,Manner or sound of ぺっ: 「ぺ」とする actionや phenomenonが瞬間的・急激に行われる音や state/manner.,Psychomime (State/Manner),Dynamics,Neutral,Unvoiced (Light),Neutral,Reduplication,peʔ,4,8,7,6,6,4,626.6,4.65,8,9112.4,7.66,7,0,4,#000000,0.0,0.0,0.0,"Reflecting unvoiced plosives and geminate sokuon (sudden onset) for a vector configuration of Weight 4, Time 8, and Flow 6.",,2,5,0,0,Q(促音単発)
ぺったん,pettan,Manner or sound of ぺったん: 「ぺった」と響き渡る音、 or 余韻や弾力を伴う condition/state。,Psychomime (State/Manner),Dynamics,Neutral,Unvoiced (Light),Neutral,Reduplication,pettaŋ,5,7,7,5,4,6,450.8,3.81,7,7067.9,7.23,8,0,4,#FFFFFF,100.0,-0.0,0.0,"Reflecting unvoiced plosives and nasal resonance for a vector configuration of Weight 5, Time 7, and Flow 5.",,3,6,5,0,N(撥音単発)
ぺったんこ,pettanko,Manner or sound of ぺったんこ: 「ぺったんこ」という感覚・音・ condition/stateを表す expression.,Psychomime (State/Manner),Dynamics,Neutral,Unvoiced (Light),Neutral,Reduplication,pettaŋko,5,6,6,5,5,6,309.4,2.86,6,5340.1,6.76,7,mh,5,#FFFFFF,100.0,-0.0,0.0,"Reflecting unvoiced plosives and nasal resonance for a vector configuration of Weight 5, Time 6, and Flow 5.",,5,5,5,8,COMPOUND(複合・異種)
ぺっとり,pettori,Manner or sound of ぺっとり: 「ぺっと」と一度だけ鮮やかに、あるいは滑らかに行われる action・ condition/state。,Psychomime (State/Manner),Dynamics,Neutral,Unvoiced (Light),Neutral,Reduplication,pettoɾi,4,5,5,4,7,5,393.3,3.47,6,4116.2,6.31,7,mh,5,#D8BFD8,80.1,13.2,-9.2,"Reflecting unvoiced plosives and flap consonant /ɾ/ for a vector configuration of Weight 4, Time 5, and Flow 4.",,5,5,5,8,COMPOUND(複合・異種)
ぺっぺっ,petpet,Manner or sound of ぺっぺっ: 「ぺっぺ」とする actionや phenomenonが瞬間的・急激に行われる音や state/manner.,Psychomime (State/Manner),Dynamics,Neutral,Unvoiced (Light),Neutral,Reduplication,peppeʔ,4,6,5,5,6,5,527.7,4.21,6,7023.9,7.22,7,0,4,#FFFFFF,100.0,-0.0,0.0,"Reflecting unvoiced plosives and geminate sokuon (sudden onset) for a vector configuration of Weight 4, Time 6, and Flow 5.",,4,5,5,1,REDUP(畳語・同一)
ぺらぺら,perapera,Manner or sound of ぺらぺら: 薄いさま、あるいは流暢に話す manner.,Psychomime (State/Manner),Speed/Tempo,Positive,Voiced (Heavy),Bright/Light/Small,Reduplication,peɾapeɾa,2,6,4,2,8,4,697.8,4.92,4,6976.9,7.21,5,mh,5,#FFFFFF,100.0,-0.0,0.0,"Reflecting unvoiced plosives and flap consonant /ɾ/ for a vector configuration of Weight 2, Time 6, and Flow 2.",,4,5,5,1,REDUP(畳語・同一)
ぺろぺろっ,peroperot,Manner or sound of ぺろぺろっ: 「ぺろぺろ」とする actionや phenomenonが瞬間的・急激に行われる音や state/manner.,Psychomime (State/Manner),Dynamics,Neutral,Unvoiced (Light),Neutral,Reduplication,peɾopeɾoʔ,3,7,6,5,7,5,590.7,4.50,7,6897.1,7.19,7,0,4,#FFC0CB,83.6,24.1,3.3,"Reflecting unvoiced plosives and flap consonant /ɾ/ for a vector configuration of Weight 3, Time 7, and Flow 5.",,3,5,0,0,Q(促音単発)
ぺろり,perori,Manner or sound of ぺろり: 「ぺろ」と一度だけ鮮やかに、あるいは滑らかに行われる action・ condition/state。,Psychomime (State/Manner),Dynamics,Neutral,Unvoiced (Light),Neutral,Reduplication,peɾoɾi,2,6,6,4,8,5,572.3,4.42,6,4244.0,6.37,6,mh,5,#FFC0CB,83.6,24.1,3.3,"Reflecting unvoiced plosives and flap consonant /ɾ/ for a vector configuration of Weight 2, Time 6, and Flow 4.",,4,6,0,0,RI(り単発)
ぺろりぺろり,peroriperori,Manner or sound of ぺろりぺろり: 「ぺろりぺろ」と一度だけ鮮やかに、あるいは滑らかに行われる action・ condition/state。,Psychomime (State/Manner),Dynamics,Neutral,Unvoiced (Light),Neutral,Reduplication,peɾoɾipeɾoɾi,3,5,5,3,7,5,706.5,4.95,5,4713.1,6.54,6,0,4,#FFC0CB,83.6,24.1,3.3,"Reflecting unvoiced plosives and flap consonant /ɾ/ for a vector configuration of Weight 3, Time 5, and Flow 3.",,4,5,5,1,REDUP(畳語・同一)
ぺんぺん,penpen,Manner or sound of ぺんぺん: 「ぺんぺ」と響き渡る音、 or 余韻や弾力を伴う condition/state。,Psychomime (State/Manner),Dynamics,Neutral,Unvoiced (Light),Neutral,Reduplication,pempeŋ,4,6,6,4,5,6,492.1,4.03,5,6221.4,7.02,7,0,4,#FFFFFF,100.0,-0.0,0.0,"Reflecting unvoiced plosives and nasal resonance for a vector configuration of Weight 4, Time 6, and Flow 4.",,4,5,5,1,REDUP(畳語・同一)
ほぎゃー,hogya-,Manner or sound of ほぎゃー: 音が長く尾を引いて持続する音や condition/state。,Psychomime (State/Manner),Dynamics,Neutral,Unvoiced (Light),Neutral,Reduplication,hoɡjaː,4,3,5,3,7,4,1067.6,5.99,1,7897.1,7.42,5,mh,5,#C08955,61.4,15.2,36.0,"Reflecting voiced consonants and fricatives for a vector configuration of Weight 4, Time 3, and Flow 3.",,2,7,5,0,LONG(長音ー)
ほぎゃーほぎゃー,hogya-hogya-,Manner or sound of ほぎゃーほぎゃー: 「ほぎゃー」という音や condition/stateが繰り返し連続して生じる manner.,Psychomime (State/Manner),Dynamics,Neutral,Unvoiced (Light),Neutral,Reduplication,hoɡjaːhoɡjaː,5,4,5,2,7,5,845.0,5.40,2,8459.9,7.54,6,mh,5,#FF4500,57.6,67.8,69.0,"Reflecting voiced consonants and fricatives for a vector configuration of Weight 5, Time 4, and Flow 2.",,4,5,5,1,REDUP(畳語・同一)
ほぞんかけたか,hozonkaketaka,Manner or sound of ほぞんかけたか: 「ほぞんかけたか」という感覚・音・ condition/stateを表す expression.,Psychomime (State/Manner),Dynamics,Neutral,Unvoiced (Light),Neutral,Reduplication,hozoŋkaketaka,4,5,5,4,6,3,454.3,3.83,6,4195.7,6.35,6,mh,5,#FFD700,86.9,-1.9,87.1,"Reflecting voiced consonants and unvoiced plosives for a vector configuration of Weight 4, Time 5, and Flow 4.",,5,5,5,8,COMPOUND(複合・異種)
ほっかほか,hotkahoka,Manner or sound of ほっかほか: 「ほっかほか」という感覚・音・ condition/stateを表す expression.,Psychomime (State/Manner),Dynamics,Neutral,Unvoiced (Light),Neutral,Reduplication,hokkahoka,3,5,5,3,7,3,555.9,4.34,5,3269.4,5.92,5,mh,5,#FF4500,57.6,67.8,69.0,"Reflecting unvoiced plosives and fricatives for a vector configuration of Weight 3, Time 5, and Flow 3.",,5,5,0,8,COMPOUND(複合・異種)
ほっかほっか,hotkahotka,Manner or sound of ほっかほっか: 「ほっか」という音や condition/stateが繰り返し連続して生じる manner.,Psychomime (State/Manner),Dynamics,Neutral,Unvoiced (Light),Neutral,Reduplication,hokkahokka,3,5,5,3,7,3,662.7,4.79,5,4311.1,6.39,5,mh,5,#FF4500,57.6,67.8,69.0,"Reflecting unvoiced plosives and fricatives for a vector configuration of Weight 3, Time 5, and Flow 3.",,4,5,5,1,REDUP(畳語・同一)
ほっかり,hotkari,Manner or sound of ほっかり: 「ほっか」と一度だけ鮮やかに、あるいは滑らかに行われる action・ condition/state。,Psychomime (State/Manner),Dynamics,Neutral,Unvoiced (Light),Neutral,Reduplication,hokkaɾi,3,5,5,4,7,4,497.1,4.06,6,2748.4,5.63,6,mh,5,#FFFFFF,100.0,-0.0,0.0,"Reflecting unvoiced plosives and fricatives for a vector configuration of Weight 3, Time 5, and Flow 4.",,5,5,5,8,COMPOUND(複合・異種)
ほっちり,hotchiri,Manner or sound of ほっちり: 「ほっち」と一度だけ鮮やかに、あるいは滑らかに行われる action・ condition/state。,Psychomime (State/Manner),Dynamics,Neutral,Unvoiced (Light),Neutral,Reduplication,hottɕiɾi,3,5,6,5,6,4,702.2,4.93,6,3047.1,5.80,6,mh,5,#708090,52.8,-2.1,-10.6,"Reflecting unvoiced plosives and fricatives for a vector configuration of Weight 3, Time 5, and Flow 5.",,5,5,5,8,COMPOUND(複合・異種)
ほっほー,hotho-,Manner or sound of ほっほー: 音が長く尾を引いて持続する音や condition/state。,Psychomime (State/Manner),Dynamics,Neutral,Unvoiced (Light),Neutral,Reduplication,hohhoː,3,2,5,4,8,4,855.5,5.43,1,4600.7,6.50,5,mh,5,#F5F5F5,96.5,-0.0,0.0,"Reflecting fricatives and geminate sokuon (sudden onset) for a vector configuration of Weight 3, Time 2, and Flow 4.",,2,7,5,0,LONG(長音ー)
ほととぎす,hototogisu,Manner or sound of ほととぎす: 「ほととぎす」という感覚・音・ condition/stateを表す expression.,Psychomime (State/Manner),Dynamics,Neutral,Unvoiced (Light),Neutral,Reduplication,hototoɡisu,4,4,5,5,7,4,487.4,4.01,5,3675.8,6.12,6,0,4,#483D8B,30.8,26.1,-42.1,"Reflecting voiced consonants and unvoiced plosives for a vector configuration of Weight 4, Time 4, and Flow 5.",,5,5,0,8,COMPOUND(複合・異種)
ほのぼの,honobono,Manner or sound of ほのぼの: 温かみが心に伝わる manner.,Psychomime (State/Manner),Dynamics,Neutral,Unvoiced (Light),Neutral,Reduplication,honobono,5,3,3,4,7,6,168.5,1.32,4,1621.9,4.73,6,mh,5,#FFF0F5,96.1,5.9,-0.6,"Reflecting voiced consonants and fricatives for a vector configuration of Weight 5, Time 3, and Flow 4.",,5,5,0,8,COMPOUND(複合・異種)
ほほ,hoho,Manner or sound of ほほ: 「ほほ」という感覚・音・ condition/stateを表す expression.,Psychomime (State/Manner),Dynamics,Neutral,Unvoiced (Light),Neutral,Reduplication,hoho,3,4,4,4,8,5,454.6,3.83,4,2194.6,5.25,5,mh,5,#F5F5DC,95.9,-4.2,12.0,"Reflecting fricatives for a vector configuration of Weight 3, Time 4, and Flow 4.",,5,5,0,8,COMPOUND(複合・異種)
ほほう,hohou,Manner or sound of ほほう: 「ほほう」という感覚・音・ condition/stateを表す expression.,Psychomime (State/Manner),Dynamics,Neutral,Unvoiced (Light),Neutral,Reduplication,hohou,3,4,4,4,7,5,521.5,4.18,4,2314.7,5.34,5,mh,5,#F5F5DC,95.9,-4.2,12.0,"Reflecting fricatives for a vector configuration of Weight 3, Time 4, and Flow 4.",,5,5,0,8,COMPOUND(複合・異種)
ほほほ,hohoho,Manner or sound of ほほほ: 「ほほほ」という感覚・音・ condition/stateを表す expression.,Psychomime (State/Manner),Dynamics,Neutral,Unvoiced (Light),Neutral,Reduplication,hohoho,3,4,5,4,8,5,491.1,4.03,4,2446.4,5.43,5,mh,5,#F5F5DC,95.9,-4.2,12.0,"Reflecting fricatives for a vector configuration of Weight 3, Time 4, and Flow 4.",,5,5,0,8,COMPOUND(複合・異種)
ほろほろ,horohoro,Manner or sound of ほろほろ: 「ほろ」という音や condition/stateが繰り返し連続して生じる manner.,Psychomime (State/Manner),Dynamics,Neutral,Unvoiced (Light),Neutral,Reduplication,hoɾohoɾo,3,4,3,3,8,5,416.1,3.61,3,1556.3,4.66,5,0,4,#FFFFFF,100.0,-0.0,0.0,"Reflecting fricatives and flap consonant /ɾ/ for a vector configuration of Weight 3, Time 4, and Flow 3.",,4,5,5,1,REDUP(畳語・同一)
ほろり,horori,Manner or sound of ほろり: 「ほろ」と一度だけ鮮やかに、あるいは滑らかに行われる action・ condition/state。,Psychomime (State/Manner),Dynamics,Neutral,Unvoiced (Light),Neutral,Reduplication,hoɾoɾi,2,5,5,4,8,5,504.0,4.09,5,2778.6,5.65,6,mh,5,#FFFFFF,100.0,-0.0,0.0,"Reflecting fricatives and flap consonant /ɾ/ for a vector configuration of Weight 2, Time 5, and Flow 4.",,4,6,0,0,RI(り単発)
ほろろ,hororo,Manner or sound of ほろろ: 「ほろろ」という感覚・音・ condition/stateを表す expression.,Psychomime (State/Manner),Dynamics,Neutral,Unvoiced (Light),Neutral,Reduplication,hoɾoɾo,4,4,4,3,8,6,309.2,2.86,4,875.7,3.69,6,0,4,#FFFFFF,100.0,-0.0,0.0,"Reflecting fricatives and flap consonant /ɾ/ for a vector configuration of Weight 4, Time 4, and Flow 3.",,5,5,0,8,COMPOUND(複合・異種)
ほんぼこりん,honbokorin,Manner or sound of ほんぼこりん: 「ほんぼこり」と響き渡る音、 or 余韻や弾力を伴う condition/state。,Psychomime (State/Manner),Dynamics,Neutral,Unvoiced (Light),Neutral,Reduplication,hombokoɾiŋ,4,5,5,4,6,5,563.7,4.38,5,3151.5,5.86,6,0,4,#8B4513,37.5,26.4,41.0,"Reflecting voiced consonants and unvoiced plosives for a vector configuration of Weight 4, Time 5, and Flow 4.",,5,5,5,8,COMPOUND(複合・異種)
ほんわり,honwari,Manner or sound of ほんわり: 「ほんわ」と一度だけ鮮やかに、あるいは滑らかに行われる action・ condition/state。,Psychomime (State/Manner),Dynamics,Neutral,Unvoiced (Light),Neutral,Reduplication,hoŋwaɾi,3,4,4,3,8,5,345.0,3.13,4,2562.1,5.51,5,mh,5,#FFFACD,97.6,-5.4,22.2,"Reflecting fricatives and nasal resonance for a vector configuration of Weight 3, Time 4, and Flow 3.",,5,5,5,8,COMPOUND(複合・異種)
ほーほ,ho-ho,Manner or sound of ほーほ: 音が長く尾を引いて持続する音や condition/state。,Psychomime (State/Manner),Dynamics,Neutral,Unvoiced (Light),Neutral,Reduplication,hoːho,3,2,4,4,8,4,781.5,5.20,2,4269.6,6.38,5,mh,5,#F5F5F5,96.5,-0.0,0.0,"Reflecting fricatives and long vowel extension for a vector configuration of Weight 3, Time 2, and Flow 4.",,2,7,5,0,LONG(長音ー)
ほーほけきょ,ho-hokekyo,Manner or sound of ほーほけきょ: 音が長く尾を引いて持続する音や condition/state。,Psychomime (State/Manner),Dynamics,Neutral,Unvoiced (Light),Neutral,Reduplication,hoːhokekjo,3,3,5,3,8,4,1029.7,5.90,2,5789.6,6.89,5,mh,5,#ADFF2F,92.0,-52.5,81.9,"Reflecting unvoiced plosives and fricatives for a vector configuration of Weight 3, Time 3, and Flow 3.",,3,6,5,0,LONG(長音ー)
ぼいん,boin,Manner or sound of ぼいん: 「ぼい」と響き渡る音、 or 余韻や弾力を伴う condition/state。,Psychomime (State/Manner),Dynamics,Neutral,Unvoiced (Light),Neutral,Reduplication,boiŋ,5,6,6,6,5,5,567.0,4.39,6,5276.7,6.74,7,mc,3,#808080,53.6,-0.0,0.0,"Reflecting voiced consonants and nasal resonance for a vector configuration of Weight 5, Time 6, and Flow 6.",,3,6,5,0,N(撥音単発)
ぼかすか,bokasuka,Manner or sound of ぼかすか: 「ぼかすか」という感覚・音・ condition/stateを表す expression.,Psychomime (State/Manner),Dynamics,Neutral,Unvoiced (Light),Neutral,Reduplication,bokasuka,4,5,4,4,7,2,602.3,4.55,5,6159.6,7.00,4,0,4,#F5F5F5,96.5,-0.0,0.0,"Reflecting voiced consonants and unvoiced plosives for a vector configuration of Weight 4, Time 5, and Flow 4.",,5,5,0,8,COMPOUND(複合・異種)
ぼかぼか,bokaboka,Manner or sound of ぼかぼか: 「ぼか」という音や condition/stateが繰り返し連続して生じる manner.,Psychomime (State/Manner),Dynamics,Neutral,Unvoiced (Light),Neutral,Reduplication,bokaboka,5,5,3,4,6,4,354.0,3.20,4,5542.0,6.82,6,0,4,#8B4513,37.5,26.4,41.0,"Reflecting voiced consonants and unvoiced plosives for a vector configuration of Weight 5, Time 5, and Flow 4.",,4,5,5,1,REDUP(畳語・同一)
ぼきっ,bokit,Manner or sound of ぼきっ: 「ぼき」とする actionや phenomenonが瞬間的・急激に行われる音や state/manner.,Psychomime (State/Manner),Dynamics,Neutral,Unvoiced (Light),Neutral,Reduplication,bokiʔ,5,8,7,7,5,3,709.2,4.96,8,9475.3,7.73,7,0,4,#000000,0.0,0.0,0.0,"Reflecting voiced consonants and unvoiced plosives for a vector configuration of Weight 5, Time 8, and Flow 7.",,2,5,0,0,Q(促音単発)
ぼきぱき,bokipaki,Manner or sound of ぼきぱき: 「ぼきぱき」という感覚・音・ condition/stateを表す expression.,Psychomime (State/Manner),Dynamics,Neutral,Unvoiced (Light),Neutral,Reduplication,bokipaki,4,7,6,6,4,3,1070.3,6.00,7,8359.6,7.52,6,0,4,#FFFFFF,100.0,-0.0,0.0,"Reflecting voiced consonants and unvoiced plosives for a vector configuration of Weight 4, Time 7, and Flow 6.",,5,5,0,8,COMPOUND(複合・異種)
ぼきぼき,bokiboki,Manner or sound of ぼきぼき: 「ぼき」という音や condition/stateが繰り返し連続して生じる manner.,Psychomime (State/Manner),Dynamics,Neutral,Unvoiced (Light),Neutral,Reduplication,bokiboki,5,6,5,6,5,4,659.0,4.77,5,7097.7,7.24,6,0,4,#8B4513,37.5,26.4,41.0,"Reflecting voiced consonants and unvoiced plosives for a vector configuration of Weight 5, Time 6, and Flow 6.",,4,5,5,1,REDUP(畳語・同一)
ぼけーっ,boke-t,Manner or sound of ぼけーっ: 「ぼけー」とする actionや phenomenonが瞬間的・急激に行われる音や state/manner.,Psychomime (State/Manner),Dynamics,Neutral,Unvoiced (Light),Neutral,Reduplication,bokeːʔ,5,5,5,6,6,3,758.1,5.13,5,8047.7,7.45,6,0,4,#F0FFFF,98.9,-4.9,-1.7,"Reflecting voiced consonants and unvoiced plosives for a vector configuration of Weight 5, Time 5, and Flow 6.",,2,6,5,0,LONG(長音ー)
ぼこり,bokori,Manner or sound of ぼこり: 「ぼこ」と一度だけ鮮やかに、あるいは滑らかに行われる action・ condition/state。,Psychomime (State/Manner),Dynamics,Neutral,Unvoiced (Light),Neutral,Reduplication,bokoɾi,4,6,5,5,7,4,443.9,3.77,6,4023.6,6.28,6,mh,5,#8B4513,37.5,26.4,41.0,"Reflecting voiced consonants and unvoiced plosives for a vector configuration of Weight 4, Time 6, and Flow 5.",,4,6,0,0,RI(り単発)
ぼそっ,bosot,Manner or sound of ぼそっ: 「ぼそ」とする actionや phenomenonが瞬間的・急激に行われる音や state/manner.,Psychomime (State/Manner),Dynamics,Neutral,Unvoiced (Light),Neutral,Reduplication,bosoʔ,5,7,6,7,6,3,546.4,4.30,7,8223.7,7.49,7,0,4,#000000,0.0,0.0,0.0,"Reflecting voiced consonants and fricatives for a vector configuration of Weight 5, Time 7, and Flow 7.",,2,5,0,0,Q(促音単発)
ぼそり,bosori,Manner or sound of ぼそり: 「ぼそ」と一度だけ鮮やかに、あるいは滑らかに行われる action・ condition/state。,Psychomime (State/Manner),Dynamics,Neutral,Unvoiced (Light),Neutral,Reduplication,bosoɾi,3,5,5,5,8,3,547.3,4.30,6,4399.5,6.43,6,0,4,#FFFFFF,100.0,-0.0,0.0,"Reflecting voiced consonants and fricatives for a vector configuration of Weight 3, Time 5, and Flow 5.",,4,6,0,0,RI(り単発)
ぼそりぼそり,bosoribosori,Manner or sound of ぼそりぼそり: 「ぼそりぼそ」と一度だけ鮮やかに、あるいは滑らかに行われる action・ condition/state。,Psychomime (State/Manner),Dynamics,Neutral,Unvoiced (Light),Neutral,Reduplication,bosoɾibosoɾi,4,5,4,5,7,3,637.4,4.69,5,4837.9,6.59,5,mc,3,#708090,52.8,-2.1,-10.6,"Reflecting voiced consonants and fricatives for a vector configuration of Weight 4, Time 5, and Flow 5.",,4,5,5,1,REDUP(畳語・同一)
ぼたりぽたり,botaripotari,Manner or sound of ぼたりぽたり: 「ぼたりぽた」と一度だけ鮮やかに、あるいは滑らかに行われる action・ condition/state。,Psychomime (State/Manner),Dynamics,Neutral,Unvoiced (Light),Neutral,Reduplication,botaɾipotaɾi,4,6,5,5,7,5,416.6,3.61,6,3360.6,5.97,6,0,4,#556B2F,42.2,-18.8,30.6,"Reflecting voiced consonants and unvoiced plosives for a vector configuration of Weight 4, Time 6, and Flow 5.",,4,6,0,0,RI(り単発)
ぼっ,bot,Manner or sound of ぼっ: 「ぼ」とする actionや phenomenonが瞬間的・急激に行われる音や state/manner.,Psychomime (State/Manner),Dynamics,Neutral,Unvoiced (Light),Neutral,Reduplication,boʔ,5,7,6,7,6,4,469.6,3.92,8,8171.7,7.48,7,0,4,#000000,0.0,0.0,0.0,"Reflecting voiced consonants and geminate sokuon (sudden onset) for a vector configuration of Weight 5, Time 7, and Flow 7.",,2,5,0,0,Q(促音単発)
ぼとぼと,botoboto,Manner or sound of ぼとぼと: 「ぼと」という音や condition/stateが繰り返し連続して生じる manner.,Psychomime (State/Manner),Dynamics,Neutral,Unvoiced (Light),Neutral,Reduplication,botoboto,6,4,3,5,6,6,217.7,1.97,4,3368.0,5.97,7,mc,3,#708090,52.8,-2.1,-10.6,"Reflecting voiced consonants and unvoiced plosives for a vector configuration of Weight 6, Time 4, and Flow 5.",,4,5,5,1,REDUP(畳語・同一)
ぼとり,botori,Manner or sound of ぼとり: 「ぼと」と一度だけ鮮やかに、あるいは滑らかに行われる action・ condition/state。,Psychomime (State/Manner),Dynamics,Neutral,Unvoiced (Light),Neutral,Reduplication,botoɾi,4,5,5,5,7,5,372.3,3.33,5,3586.0,6.08,6,mh,5,#FFFFFF,100.0,-0.0,0.0,"Reflecting voiced consonants and unvoiced plosives for a vector configuration of Weight 4, Time 5, and Flow 5.",,4,6,0,0,RI(り単発)
ぼとん,boton,Manner or sound of ぼとん: 「ぼと」と響き渡る音、 or 余韻や弾力を伴う condition/state。,Psychomime (State/Manner),Dynamics,Neutral,Unvoiced (Light),Neutral,Reduplication,botoŋ,5,6,6,6,5,5,325.9,2.99,6,4484.1,6.46,7,mc,3,#000000,0.0,0.0,0.0,"Reflecting voiced consonants and unvoiced plosives for a vector configuration of Weight 5, Time 6, and Flow 6.",,3,6,5,0,N(撥音単発)
ぼやっ,boyat,Manner or sound of ぼやっ: 「ぼや」とする actionや phenomenonが瞬間的・急激に行われる音や state/manner.,Psychomime (State/Manner),Dynamics,Neutral,Unvoiced (Light),Neutral,Reduplication,bojaʔ,5,7,6,6,6,4,502.8,4.09,7,8095.4,7.46,7,0,4,#BDB76B,73.4,-8.8,39.3,"Reflecting voiced consonants and geminate sokuon (sudden onset) for a vector configuration of Weight 5, Time 7, and Flow 6.",,2,5,0,0,Q(促音単発)
ぼやーっ,boya-t,Manner or sound of ぼやーっ: 「ぼやー」とする actionや phenomenonが瞬間的・急激に行われる音や state/manner.,Psychomime (State/Manner),Dynamics,Neutral,Unvoiced (Light),Neutral,Reduplication,bojaːʔ,5,4,5,5,7,4,761.3,5.14,4,7373.8,7.31,6,mh,5,#BDB76B,73.4,-8.8,39.3,"Reflecting voiced consonants and geminate sokuon (sudden onset) for a vector configuration of Weight 5, Time 4, and Flow 5.",,2,6,5,0,LONG(長音ー)
ぼろぼろ,boroboro,Manner or sound of ぼろぼろ: 「ぼろ」という音や condition/stateが繰り返し連続して生じる manner.,Psychomime (State/Manner),Dynamics,Neutral,Unvoiced (Light),Neutral,Reduplication,boɾoboɾo,5,4,3,4,7,6,165.4,1.27,3,2650.2,5.57,6,mc,3,#8B4513,37.5,26.4,41.0,"Reflecting voiced consonants and flap consonant /ɾ/ for a vector configuration of Weight 5, Time 4, and Flow 4.",,4,5,5,1,REDUP(畳語・同一)
ぼろり,borori,Manner or sound of ぼろり: 「ぼろ」と一度だけ鮮やかに、あるいは滑らかに行われる action・ condition/state。,Psychomime (State/Manner),Dynamics,Neutral,Unvoiced (Light),Neutral,Reduplication,boɾoɾi,4,5,5,4,8,5,382.9,3.40,5,3385.9,5.98,6,0,4,#FFFFFF,100.0,-0.0,0.0,"Reflecting voiced consonants and flap consonant /ɾ/ for a vector configuration of Weight 4, Time 5, and Flow 4.",,4,6,0,0,RI(り単発)
ぼん,bon,Manner or sound of ぼん: 「ぼ」と響き渡る音、 or 余韻や弾力を伴う condition/state。,Psychomime (State/Manner),Dynamics,Neutral,Unvoiced (Light),Neutral,Reduplication,boŋ,5,6,6,6,5,5,379.8,3.38,6,5824.1,6.90,7,mc,3,#808080,53.6,-0.0,0.0,"Reflecting voiced consonants and nasal resonance for a vector configuration of Weight 5, Time 6, and Flow 6.",,3,6,5,0,N(撥音単発)
ぼんぼん,bonbon,Manner or sound of ぼんぼん: 「ぼんぼ」と響き渡る音、 or 余韻や弾力を伴う condition/state。,Psychomime (State/Manner),Dynamics,Neutral,Unvoiced (Light),Neutral,Reduplication,bomboŋ,6,5,5,5,6,6,258.4,2.40,4,5688.3,6.86,7,0,4,#0000CD,25.0,67.2,-91.5,"Reflecting voiced consonants and nasal resonance for a vector configuration of Weight 6, Time 5, and Flow 5.",,4,5,5,1,REDUP(畳語・同一)
ぼーっ,bo-t,Manner or sound of ぼーっ: 「ぼー」とする actionや phenomenonが瞬間的・急激に行われる音や state/manner.,Psychomime (State/Manner),Dynamics,Neutral,Unvoiced (Light),Neutral,Reduplication,boːʔ,5,4,5,6,6,4,729.4,5.03,4,7633.4,7.36,6,0,4,#F0FFFF,98.9,-4.9,-1.7,"Reflecting voiced consonants and geminate sokuon (sudden onset) for a vector configuration of Weight 5, Time 4, and Flow 6.",,2,7,5,0,LONG(長音ー)
ぼーぼー,bo-bo-,Manner or sound of ぼーぼー: 「ぼー」という音や condition/stateが繰り返し連続して生じる manner.,Psychomime (State/Manner),Dynamics,Neutral,Unvoiced (Light),Neutral,Reduplication,boːboː,6,3,3,4,7,5,389.5,3.44,2,4402.2,6.43,6,0,4,#8B4513,37.5,26.4,41.0,"Reflecting voiced consonants and long vowel extension for a vector configuration of Weight 6, Time 3, and Flow 4.",,4,5,5,1,REDUP(畳語・同一)
ぽい,poi,Manner or sound of ぽい: 「ぽい」という感覚・音・ condition/stateを表す expression.,Psychomime (State/Manner),Dynamics,Neutral,Unvoiced (Light),Neutral,Reduplication,poi,4,5,5,4,7,5,534.5,4.24,6,4006.4,6.27,6,mh,5,#FFFFFF,100.0,-0.0,0.0,"Reflecting unvoiced plosives for a vector configuration of Weight 4, Time 5, and Flow 4.",,5,5,0,8,COMPOUND(複合・異種)
ぽいっ,poit,Manner or sound of ぽいっ: 「ぽい」とする actionや phenomenonが瞬間的・急激に行われる音や state/manner.,Psychomime (State/Manner),Dynamics,Neutral,Unvoiced (Light),Neutral,Reduplication,poiʔ,4,8,6,6,6,3,705.9,4.95,8,8029.5,7.45,7,mh,5,#000000,0.0,0.0,0.0,"Reflecting unvoiced plosives and geminate sokuon (sudden onset) for a vector configuration of Weight 4, Time 8, and Flow 6.",,2,5,0,0,Q(促音単発)
ぽいん,poin,Manner or sound of ぽいん: 「ぽい」と響き渡る音、 or 余韻や弾力を伴う condition/state。,Psychomime (State/Manner),Dynamics,Neutral,Unvoiced (Light),Neutral,Reduplication,poiŋ,4,6,6,5,5,4,719.1,4.99,6,5104.3,6.68,7,0,4,#FFFFFF,100.0,-0.0,0.0,"Reflecting unvoiced plosives and nasal resonance for a vector configuration of Weight 4, Time 6, and Flow 5.",,3,6,5,0,N(撥音単発)
ぽかっ,pokat,Manner or sound of ぽかっ: 「ぽか」とする actionや phenomenonが瞬間的・急激に行われる音や state/manner.,Psychomime (State/Manner),Dynamics,Neutral,Unvoiced (Light),Neutral,Reduplication,pokaʔ,4,7,7,5,6,3,641.6,4.71,8,8562.7,7.56,7,mh,5,#000000,0.0,0.0,0.0,"Reflecting unvoiced plosives and geminate sokuon (sudden onset) for a vector configuration of Weight 4, Time 7, and Flow 5.",,2,5,0,0,Q(促音単発)
ぽかりぽかり,pokaripokari,Manner or sound of ぽかりぽかり: 「ぽかりぽか」と一度だけ鮮やかに、あるいは滑らかに行われる action・ condition/state。,Psychomime (State/Manner),Dynamics,Neutral,Unvoiced (Light),Neutral,Reduplication,pokaɾipokaɾi,3,5,5,4,7,3,655.9,4.76,5,4273.4,6.38,5,mh,5,#FF4500,57.6,67.8,69.0,"Reflecting unvoiced plosives and flap consonant /ɾ/ for a vector configuration of Weight 3, Time 5, and Flow 4.",,4,5,5,1,REDUP(畳語・同一)
ぽかん,pokan,Manner or sound of ぽかん: 「ぽか」と響き渡る音、 or 余韻や弾力を伴う condition/state。,Psychomime (State/Manner),Dynamics,Neutral,Unvoiced (Light),Neutral,Reduplication,pokaŋ,4,6,7,4,5,4,540.2,4.27,6,5448.3,6.79,6,0,4,#FF4500,57.6,67.8,69.0,"Reflecting unvoiced plosives and nasal resonance for a vector configuration of Weight 4, Time 6, and Flow 4.",,3,6,5,0,N(撥音単発)
ぽかーん,poka-n,Manner or sound of ぽかーん: 「ぽかー」と響き渡る音、 or 余韻や弾力を伴う condition/state。,Psychomime (State/Manner),Dynamics,Neutral,Unvoiced (Light),Neutral,Reduplication,pokaːŋ,3,4,6,3,6,4,867.8,5.47,2,5730.2,6.88,6,mh,5,#DAA520,70.8,8.5,68.8,"Reflecting unvoiced plosives and nasal resonance for a vector configuration of Weight 3, Time 4, and Flow 3.",,3,7,5,0,LONG(長音ー)
ぽきりぽきり,pokiripokiri,Manner or sound of ぽきりぽきり: 「ぽきりぽき」と一度だけ鮮やかに、あるいは滑らかに行われる action・ condition/state。,Psychomime (State/Manner),Dynamics,Neutral,Unvoiced (Light),Neutral,Reduplication,pokiɾipokiɾi,3,6,6,5,5,2,1070.2,6.00,6,8059.2,7.46,6,0,4,#CD853F,61.8,21.4,47.9,"Reflecting unvoiced plosives and flap consonant /ɾ/ for a vector configuration of Weight 3, Time 6, and Flow 5.",,4,5,5,1,REDUP(畳語・同一)
ぽくぽく,pokupoku,Manner or sound of ぽくぽく: 「ぽく」という音や condition/stateが繰り返し連続して生じる manner.,Psychomime (State/Manner),Dynamics,Neutral,Unvoiced (Light),Neutral,Reduplication,pokupoku,4,5,4,4,7,5,443.2,3.77,5,3159.8,5.87,6,0,4,#CD853F,61.8,21.4,47.9,"Reflecting unvoiced plosives for a vector configuration of Weight 4, Time 5, and Flow 4.",,4,5,5,1,REDUP(畳語・同一)
ぽけっ,poket,Manner or sound of ぽけっ: 「ぽけ」とする actionや phenomenonが瞬間的・急激に行われる音や state/manner.,Psychomime (State/Manner),Dynamics,Neutral,Unvoiced (Light),Neutral,Reduplication,pokeʔ,4,8,6,6,6,3,627.6,4.65,8,8533.7,7.55,7,mh,5,#FFFFFF,100.0,-0.0,0.0,"Reflecting unvoiced plosives and geminate sokuon (sudden onset) for a vector configuration of Weight 4, Time 8, and Flow 6.",,2,5,0,0,Q(促音単発)
ぽけーっ,poke-t,Manner or sound of ぽけーっ: 「ぽけー」とする actionや phenomenonが瞬間的・急激に行われる音や state/manner.,Psychomime (State/Manner),Dynamics,Neutral,Unvoiced (Light),Neutral,Reduplication,pokeːʔ,4,5,6,5,7,3,901.6,5.57,5,7507.8,7.34,6,mh,5,#F0FFFF,98.9,-4.9,-1.7,"Reflecting unvoiced plosives and geminate sokuon (sudden onset) for a vector configuration of Weight 4, Time 5, and Flow 5.",,2,6,5,0,LONG(長音ー)
ぽこっ,pokot,Manner or sound of ぽこっ: 「ぽこ」とする actionや phenomenonが瞬間的・急激に行われる音や state/manner.,Psychomime (State/Manner),Dynamics,Neutral,Unvoiced (Light),Neutral,Reduplication,pokoʔ,4,8,7,6,6,3,601.7,4.54,8,7298.4,7.29,7,mh,5,#000000,0.0,0.0,0.0,"Reflecting unvoiced plosives and geminate sokuon (sudden onset) for a vector configuration of Weight 4, Time 8, and Flow 6.",,2,5,0,0,Q(促音単発)
ぽこぽこ,pokopoko,Manner or sound of ぽこぽこ: 「ぽこ」という音や condition/stateが繰り返し連続して生じる manner.,Psychomime (State/Manner),Dynamics,Neutral,Unvoiced (Light),Neutral,Reduplication,pokopoko,3,5,4,3,7,4,470.3,3.92,5,3044.9,5.80,5,mh,5,#FFFFFF,100.0,-0.0,0.0,"Reflecting unvoiced plosives for a vector configuration of Weight 3, Time 5, and Flow 3.",,4,5,5,1,REDUP(畳語・同一)
ぽこり,pokori,Manner or sound of ぽこり: 「ぽこ」と一度だけ鮮やかに、あるいは滑らかに行われる action・ condition/state。,Psychomime (State/Manner),Dynamics,Neutral,Unvoiced (Light),Neutral,Reduplication,pokoɾi,2,6,6,4,7,4,557.5,4.35,6,3656.0,6.11,6,mh,5,#FFFFFF,100.0,-0.0,0.0,"Reflecting unvoiced plosives and flap consonant /ɾ/ for a vector configuration of Weight 2, Time 6, and Flow 4.",,4,6,0,0,RI(り単発)
ぽこん,pokon,Manner or sound of ぽこん: 「ぽこ」と響き渡る音、 or 余韻や弾力を伴う condition/state。,Psychomime (State/Manner),Dynamics,Neutral,Unvoiced (Light),Neutral,Reduplication,pokoŋ,4,7,7,5,5,4,508.4,4.12,6,4582.5,6.50,7,0,4,#808080,53.6,-0.0,0.0,"Reflecting unvoiced plosives and nasal resonance for a vector configuration of Weight 4, Time 7, and Flow 5.",,3,6,5,0,N(撥音単発)
ぽこんぽこん,pokonpokon,Manner or sound of ぽこんぽこん: 「ぽこんぽこ」と響き渡る音、 or 余韻や弾力を伴う condition/state。,Psychomime (State/Manner),Dynamics,Neutral,Unvoiced (Light),Neutral,Reduplication,pokompokoŋ,3,6,5,4,6,5,394.9,3.48,5,3728.2,6.15,6,mh,5,#A9A9A9,69.2,-0.0,0.0,"Reflecting unvoiced plosives and nasal resonance for a vector configuration of Weight 3, Time 6, and Flow 4.",,4,5,5,1,REDUP(畳語・同一)
ぽさーっ,posa-t,Manner or sound of ぽさーっ: 「ぽさー」とする actionや phenomenonが瞬間的・急激に行われる音や state/manner.,Psychomime (State/Manner),Dynamics,Neutral,Unvoiced (Light),Neutral,Reduplication,posaːʔ,3,5,5,5,7,3,897.4,5.55,5,7637.1,7.36,6,mh,5,#FF0000,53.2,80.1,67.2,"Reflecting unvoiced plosives and fricatives for a vector configuration of Weight 3, Time 5, and Flow 5.",,2,6,5,0,LONG(長音ー)
ぽしゃっ,poshat,Manner or sound of ぽしゃっ: 「ぽしゃ」とする actionや phenomenonが瞬間的・急激に行われる音や state/manner.,Psychomime (State/Manner),Dynamics,Neutral,Unvoiced (Light),Neutral,Reduplication,poɕaʔ,4,8,7,5,6,4,718.0,4.99,8,10667.1,7.93,7,0,4,#778899,55.9,-2.2,-11.1,"Reflecting unvoiced plosives and fricatives for a vector configuration of Weight 4, Time 8, and Flow 5.",,3,5,0,0,Q(促音単発)
ぽしゃり,poshari,Manner or sound of ぽしゃり: 「ぽしゃ」と一度だけ鮮やかに、あるいは滑らかに行われる action・ condition/state。,Psychomime (State/Manner),Dynamics,Neutral,Unvoiced (Light),Neutral,Reduplication,poɕaɾi,3,6,6,4,8,5,619.2,4.62,6,6429.9,7.07,6,mh,5,#FFFFFF,100.0,-0.0,0.0,"Reflecting unvoiced plosives and fricatives for a vector configuration of Weight 3, Time 6, and Flow 4.",,4,6,0,0,RI(り単発)
ぽしゃん,poshan,Manner or sound of ぽしゃん: 「ぽしゃ」と響き渡る音、 or 余韻や弾力を伴う condition/state。,Psychomime (State/Manner),Dynamics,Neutral,Unvoiced (Light),Neutral,Reduplication,poɕaŋ,4,7,7,4,5,5,622.9,4.63,6,8208.0,7.49,7,0,4,#4682B4,52.5,-4.1,-32.2,"Reflecting unvoiced plosives and fricatives for a vector configuration of Weight 4, Time 7, and Flow 4.",,3,6,5,0,N(撥音単発)
ぽじゃぽじゃ,pojapoja,Manner or sound of ぽじゃぽじゃ: 「ぽじゃ」という音や condition/stateが繰り返し連続して生じる manner.,Psychomime (State/Manner),Dynamics,Neutral,Unvoiced (Light),Neutral,Reduplication,podʑapodʑa,4,5,4,3,7,6,391.0,3.45,4,6732.0,7.15,7,mh,5,#FF0000,53.2,80.1,67.2,"Reflecting voiced consonants and unvoiced plosives for a vector configuration of Weight 4, Time 5, and Flow 3.",,4,5,5,1,REDUP(畳語・同一)
ぽたっ,potat,Manner or sound of ぽたっ: 「ぽた」とする actionや phenomenonが瞬間的・急激に行われる音や state/manner.,Psychomime (State/Manner),Dynamics,Neutral,Unvoiced (Light),Neutral,Reduplication,potaʔ,4,8,6,6,6,4,504.8,4.10,8,7666.5,7.37,7,0,4,#000000,0.0,0.0,0.0,"Reflecting unvoiced plosives and geminate sokuon (sudden onset) for a vector configuration of Weight 4, Time 8, and Flow 6.",,2,5,0,0,Q(促音単発)
ぽたっぽたっ,potatpotat,Manner or sound of ぽたっぽたっ: 「ぽたっぽた」とする actionや phenomenonが瞬間的・急激に行われる音や state/manner.,Psychomime (State/Manner),Dynamics,Neutral,Unvoiced (Light),Neutral,Reduplication,potappotaʔ,4,6,5,5,7,6,342.6,3.12,6,4654.8,6.52,7,mh,5,#4169E1,47.8,26.3,-65.3,"Reflecting unvoiced plosives and geminate sokuon (sudden onset) for a vector configuration of Weight 4, Time 6, and Flow 5.",,4,5,5,1,REDUP(畳語・同一)
ぽたり,potari,Manner or sound of ぽたり: 「ぽた」と一度だけ鮮やかに、あるいは滑らかに行われる action・ condition/state。,Psychomime (State/Manner),Dynamics,Neutral,Unvoiced (Light),Neutral,Reduplication,potaɾi,3,6,5,4,8,5,453.3,3.83,6,3144.9,5.86,6,mh,5,#FFFFFF,100.0,-0.0,0.0,"Reflecting unvoiced plosives and flap consonant /ɾ/ for a vector configuration of Weight 3, Time 6, and Flow 4.",,4,6,0,0,RI(り単発)
ぽちっ,pochit,Manner or sound of ぽちっ: 「ぽち」とする actionや phenomenonが瞬間的・急激に行われる音や state/manner.,Psychomime (State/Manner),Dynamics,Neutral,Unvoiced (Light),Neutral,Reduplication,potɕiʔ,4,8,7,7,5,4,905.8,5.58,8,8114.7,7.47,7,0,4,#000000,0.0,0.0,0.0,"Reflecting unvoiced plosives and fricatives for a vector configuration of Weight 4, Time 8, and Flow 7.",,2,5,0,0,Q(促音単発)
ぽちぽち,pochipochi,Manner or sound of ぽちぽち: 「ぽち」という音や condition/stateが繰り返し連続して生じる manner.,Psychomime (State/Manner),Dynamics,Neutral,Unvoiced (Light),Neutral,Reduplication,potɕipotɕi,3,5,5,5,6,5,1023.6,5.89,6,4856.9,6.60,6,0,4,#708090,52.8,-2.1,-10.6,"Reflecting unvoiced plosives and fricatives for a vector configuration of Weight 3, Time 5, and Flow 5.",,4,5,5,1,REDUP(畳語・同一)
ぽちゃっ,pochat,Manner or sound of ぽちゃっ: 「ぽちゃ」とする actionや phenomenonが瞬間的・急激に行われる音や state/manner.,Psychomime (State/Manner),Dynamics,Neutral,Unvoiced (Light),Neutral,Reduplication,potɕaʔ,4,8,6,6,6,4,886.8,5.52,8,9758.7,7.78,8,mh,5,#000000,0.0,0.0,0.0,"Reflecting unvoiced plosives and fricatives for a vector configuration of Weight 4, Time 8, and Flow 6.",,2,5,0,0,Q(促音単発)
ぽちゃぽちゃ,pochapocha,Manner or sound of ぽちゃぽちゃ: 「ぽちゃ」という音や condition/stateが繰り返し連続して生じる manner.,Psychomime (State/Manner),Dynamics,Neutral,Unvoiced (Light),Neutral,Reduplication,potɕapotɕa,3,6,4,3,7,6,974.3,5.76,5,7057.8,7.23,7,0,4,#4B3621,24.5,6.4,16.8,"Reflecting unvoiced plosives and fricatives for a vector configuration of Weight 3, Time 6, and Flow 3.",,4,5,5,1,REDUP(畳語・同一)
ぽちゃり,pochari,Manner or sound of ぽちゃり: 「ぽちゃ」と一度だけ鮮やかに、あるいは滑らかに行われる action・ condition/state。,Psychomime (State/Manner),Dynamics,Neutral,Unvoiced (Light),Neutral,Reduplication,potɕaɾi,3,6,6,4,7,5,796.5,5.25,6,5413.6,6.78,6,mh,5,#FFFFFF,100.0,-0.0,0.0,"Reflecting unvoiced plosives and fricatives for a vector configuration of Weight 3, Time 6, and Flow 4.",,4,6,0,0,RI(り単発)
ぽちゃん,pochan,Manner or sound of ぽちゃん: 「ぽちゃ」と響き渡る音、 or 余韻や弾力を伴う condition/state。,Psychomime (State/Manner),Dynamics,Neutral,Unvoiced (Light),Neutral,Reduplication,potɕaŋ,4,7,7,5,5,6,804.2,5.28,7,7230.0,7.27,7,0,4,#4682B4,52.5,-4.1,-32.2,"Reflecting unvoiced plosives and fricatives for a vector configuration of Weight 4, Time 7, and Flow 5.",,3,6,5,0,N(撥音単発)
ぽっ,pot,Manner or sound of ぽっ: 「ぽ」とする actionや phenomenonが瞬間的・急激に行われる音や state/manner.,Psychomime (State/Manner),Dynamics,Neutral,Unvoiced (Light),Neutral,Reduplication,poʔ,4,7,6,6,6,4,561.6,4.37,8,7685.6,7.38,7,mh,5,#000000,0.0,0.0,0.0,"Reflecting unvoiced plosives and geminate sokuon (sudden onset) for a vector configuration of Weight 4, Time 7, and Flow 6.",,2,5,0,0,Q(促音単発)
ぽっきり,potkiri,Manner or sound of ぽっきり: 「ぽっき」と一度だけ鮮やかに、あるいは滑らかに行われる action・ condition/state。,Psychomime (State/Manner),Dynamics,Neutral,Unvoiced (Light),Neutral,Reduplication,pokkiɾi,3,6,6,4,7,3,649.7,4.74,6,5188.4,6.71,7,mh,5,#FFFFFF,100.0,-0.0,0.0,"Reflecting unvoiced plosives and flap consonant /ɾ/ for a vector configuration of Weight 3, Time 6, and Flow 4.",,5,5,5,8,COMPOUND(複合・異種)
ぽっくりぽっくり,potkuripotkuri,Manner or sound of ぽっくりぽっくり: 「ぽっくりぽっく」と一度だけ鮮やかに、あるいは滑らかに行われる action・ condition/state。,Psychomime (State/Manner),Dynamics,Neutral,Unvoiced (Light),Neutral,Reduplication,pokkuɾipokkuɾi,3,6,5,5,7,4,493.1,4.04,6,3348.1,5.96,6,mh,5,#DEB887,77.0,7.0,30.0,"Reflecting unvoiced plosives and flap consonant /ɾ/ for a vector configuration of Weight 3, Time 6, and Flow 5.",,4,5,5,1,REDUP(畳語・同一)
ぽっこり,potkori,Manner or sound of ぽっこり: 「ぽっこ」と一度だけ鮮やかに、あるいは滑らかに行われる action・ condition/state。,Psychomime (State/Manner),Dynamics,Neutral,Unvoiced (Light),Neutral,Reduplication,pokkoɾi,3,5,5,4,7,4,444.5,3.78,6,2924.4,5.73,6,mh,5,#FFFFFF,100.0,-0.0,0.0,"Reflecting unvoiced plosives and flap consonant /ɾ/ for a vector configuration of Weight 3, Time 5, and Flow 4.",,5,5,5,8,COMPOUND(複合・異種)
ぽったり,pottari,Manner or sound of ぽったり: 「ぽった」と一度だけ鮮やかに、あるいは滑らかに行われる action・ condition/state。,Psychomime (State/Manner),Dynamics,Neutral,Unvoiced (Light),Neutral,Reduplication,pottaɾi,4,5,5,4,7,5,288.4,2.68,6,2471.0,5.45,6,mh,5,#FFB6C1,81.1,28.0,5.0,"Reflecting unvoiced plosives and flap consonant /ɾ/ for a vector configuration of Weight 4, Time 5, and Flow 4.",,5,5,5,8,COMPOUND(複合・異種)
ぽっちゃん,potchan,Manner or sound of ぽっちゃん: 「ぽっちゃ」と響き渡る音、 or 余韻や弾力を伴う condition/state。,Psychomime (State/Manner),Dynamics,Neutral,Unvoiced (Light),Neutral,Reduplication,pottɕaŋ,4,6,6,4,6,6,559.5,4.36,6,5032.8,6.66,7,mh,5,#FFB6C1,81.1,28.0,5.0,"Reflecting unvoiced plosives and fricatives for a vector configuration of Weight 4, Time 6, and Flow 4.",,5,5,5,8,COMPOUND(複合・異種)
ぽっちり,potchiri,Manner or sound of ぽっちり: 「ぽっち」と一度だけ鮮やかに、あるいは滑らかに行われる action・ condition/state。,Psychomime (State/Manner),Dynamics,Neutral,Unvoiced (Light),Neutral,Reduplication,pottɕiɾi,3,5,5,5,6,5,641.1,4.70,6,3003.3,5.78,7,mh,5,#FFB6C1,81.1,28.0,5.0,"Reflecting unvoiced plosives and fricatives for a vector configuration of Weight 3, Time 5, and Flow 5.",,5,5,5,8,COMPOUND(複合・異種)
ぽっつり,pottsuri,Manner or sound of ぽっつり: 「ぽっつ」と一度だけ鮮やかに、あるいは滑らかに行われる action・ condition/state。,Psychomime (State/Manner),Dynamics,Neutral,Unvoiced (Light),Neutral,Reduplication,pottsuɾi,3,4,5,4,7,5,381.0,3.39,6,2162.3,5.22,6,mh,5,#000000,0.0,0.0,0.0,"Reflecting unvoiced plosives and fricatives for a vector configuration of Weight 3, Time 4, and Flow 4.",,5,5,5,8,COMPOUND(複合・異種)
ぽつり,potsuri,Manner or sound of ぽつり: 「ぽつ」と一度だけ鮮やかに、あるいは滑らかに行われる action・ condition/state。,Psychomime (State/Manner),Dynamics,Neutral,Unvoiced (Light),Neutral,Reduplication,potsuɾi,3,6,6,4,8,5,525.9,4.20,6,3363.8,5.97,6,mh,5,#FFFFFF,100.0,-0.0,0.0,"Reflecting unvoiced plosives and fricatives for a vector configuration of Weight 3, Time 6, and Flow 4.",,4,6,0,0,RI(り単発)
ぽつりぽつり,potsuripotsuri,Manner or sound of ぽつりぽつり: 「ぽつりぽつ」と一度だけ鮮やかに、あるいは滑らかに行われる action・ condition/state。,Psychomime (State/Manner),Dynamics,Neutral,Unvoiced (Light),Neutral,Reduplication,potsuɾipotsuɾi,3,5,5,5,7,5,618.7,4.61,5,3533.2,6.06,6,0,4,#808080,53.6,-0.0,0.0,"Reflecting unvoiced plosives and fricatives for a vector configuration of Weight 3, Time 5, and Flow 5.",,4,5,5,1,REDUP(畳語・同一)
ぽつん,potsun,Manner or sound of ぽつん: 「ぽつ」と響き渡る音、 or 余韻や弾力を伴う condition/state。,Psychomime (State/Manner),Dynamics,Neutral,Unvoiced (Light),Neutral,Reduplication,potsuŋ,4,7,7,6,5,5,538.1,4.26,6,5027.0,6.65,7,0,4,#808080,53.6,-0.0,0.0,"Reflecting unvoiced plosives and fricatives for a vector configuration of Weight 4, Time 7, and Flow 6.",,3,6,5,0,N(撥音単発)
ぽてぽて,potepote,Manner or sound of ぽてぽて: 「ぽて」という音や condition/stateが繰り返し連続して生じる manner.,Psychomime (State/Manner),Dynamics,Neutral,Unvoiced (Light),Neutral,Reduplication,potepote,4,4,3,4,7,6,445.4,3.78,4,2196.5,5.25,6,0,4,#4B3621,24.5,6.4,16.8,"Reflecting unvoiced plosives for a vector configuration of Weight 4, Time 4, and Flow 4.",,4,5,5,1,REDUP(畳語・同一)
ぽてり,poteri,Manner or sound of ぽてり: 「ぽて」と一度だけ鮮やかに、あるいは滑らかに行われる action・ condition/state。,Psychomime (State/Manner),Dynamics,Neutral,Unvoiced (Light),Neutral,Reduplication,poteɾi,3,5,5,4,8,5,503.6,4.09,6,3277.2,5.93,6,mh,5,#FFFFFF,100.0,-0.0,0.0,"Reflecting unvoiced plosives and flap consonant /ɾ/ for a vector configuration of Weight 3, Time 5, and Flow 4.",,4,6,0,0,RI(り単発)
ぽとっ,potot,Manner or sound of ぽとっ: 「ぽと」とする actionや phenomenonが瞬間的・急激に行われる音や state/manner.,Psychomime (State/Manner),Dynamics,Neutral,Unvoiced (Light),Neutral,Reduplication,potoʔ,4,7,6,6,6,4,536.0,4.25,8,7193.1,7.26,7,0,4,#000000,0.0,0.0,0.0,"Reflecting unvoiced plosives and geminate sokuon (sudden onset) for a vector configuration of Weight 4, Time 7, and Flow 6.",,2,5,0,0,Q(促音単発)
ぽとり,potori,Manner or sound of ぽとり: 「ぽと」と一度だけ鮮やかに、あるいは滑らかに行われる action・ condition/state。,Psychomime (State/Manner),Dynamics,Neutral,Unvoiced (Light),Neutral,Reduplication,potoɾi,3,5,5,4,8,5,480.7,3.97,6,3134.6,5.85,6,mh,5,#FFFFFF,100.0,-0.0,0.0,"Reflecting unvoiced plosives and flap consonant /ɾ/ for a vector configuration of Weight 3, Time 5, and Flow 4.",,4,6,0,0,RI(り単発)
ぽとん,poton,Manner or sound of ぽとん: 「ぽと」と響き渡る音、 or 余韻や弾力を伴う condition/state。,Psychomime (State/Manner),Dynamics,Neutral,Unvoiced (Light),Neutral,Reduplication,potoŋ,4,7,7,5,5,5,454.3,3.83,6,3959.6,6.25,7,0,4,#000000,0.0,0.0,0.0,"Reflecting unvoiced plosives and nasal resonance for a vector configuration of Weight 4, Time 7, and Flow 5.",,3,6,5,0,N(撥音単発)
ぽやぽや,poyapoya,Manner or sound of ぽやぽや: 「ぽや」という音や condition/stateが繰り返し連続して生じる manner.,Psychomime (State/Manner),Dynamics,Neutral,Unvoiced (Light),Neutral,Reduplication,pojapoja,3,4,3,2,8,6,499.0,4.07,3,3505.6,6.04,5,mh,5,#D3D3D3,84.6,-0.0,0.0,"Reflecting unvoiced plosives for a vector configuration of Weight 3, Time 4, and Flow 2.",,4,5,5,1,REDUP(畳語・同一)
ぽよよん,poyoyon,Manner or sound of ぽよよん: 「ぽよよ」と響き渡る音、 or 余韻や弾力を伴う condition/state。,Psychomime (State/Manner),Dynamics,Neutral,Unvoiced (Light),Neutral,Reduplication,pojojoŋ,4,6,6,4,6,5,428.2,3.68,5,3481.5,6.03,6,0,4,#808080,53.6,-0.0,0.0,"Reflecting unvoiced plosives and nasal resonance for a vector configuration of Weight 4, Time 6, and Flow 4.",,3,6,5,0,N(撥音単発)
ぽりぽり,poripori,Manner or sound of ぽりぽり: 「ぽりぽ」と一度だけ鮮やかに、あるいは滑らかに行われる action・ condition/state。,Psychomime (State/Manner),Dynamics,Neutral,Unvoiced (Light),Neutral,Reduplication,poɾipoɾi,3,5,5,4,7,4,653.7,4.75,5,4083.2,6.30,6,mh,5,#FFFFFF,100.0,-0.0,0.0,"Reflecting unvoiced plosives and flap consonant /ɾ/ for a vector configuration of Weight 3, Time 5, and Flow 4.",,4,5,5,1,REDUP(畳語・同一)
ぽろっ,porot,Manner or sound of ぽろっ: 「ぽろ」とする actionや phenomenonが瞬間的・急激に行われる音や state/manner.,Psychomime (State/Manner),Dynamics,Neutral,Unvoiced (Light),Neutral,Reduplication,poɾoʔ,4,7,6,5,7,4,535.4,4.25,7,6597.1,7.12,7,0,4,#000000,0.0,0.0,0.0,"Reflecting unvoiced plosives and flap consonant /ɾ/ for a vector configuration of Weight 4, Time 7, and Flow 5.",,2,5,0,0,Q(促音単発)
ぽろり,porori,Manner or sound of ぽろり: 「ぽろ」と一度だけ鮮やかに、あるいは滑らかに行われる action・ condition/state。,Psychomime (State/Manner),Dynamics,Neutral,Unvoiced (Light),Neutral,Reduplication,poɾoɾi,3,5,5,3,8,5,501.9,4.08,5,3022.5,5.79,6,mh,5,#FFFFFF,100.0,-0.0,0.0,"Reflecting unvoiced plosives and flap consonant /ɾ/ for a vector configuration of Weight 3, Time 5, and Flow 3.",,4,6,0,0,RI(り単発)
ぽんっ,pont,Manner or sound of ぽんっ: 「ぽん」とする actionや phenomenonが瞬間的・急激に行われる音や state/manner.,Psychomime (State/Manner),Dynamics,Neutral,Unvoiced (Light),Neutral,Reduplication,poŋʔ,4,7,7,6,6,4,550.1,4.32,7,7701.6,7.38,7,mh,5,#000000,0.0,0.0,0.0,"Reflecting unvoiced plosives and nasal resonance for a vector configuration of Weight 4, Time 7, and Flow 6.",,2,5,0,0,Q(促音単発)
ぽんぽこ,ponpoko,Manner or sound of ぽんぽこ: 「ぽんぽこ」という感覚・音・ condition/stateを表す expression.,Psychomime (State/Manner),Dynamics,Neutral,Unvoiced (Light),Neutral,Reduplication,pompoko,3,5,5,3,7,5,325.9,2.99,5,2653.8,5.57,6,mh,5,#FFFFFF,100.0,-0.0,0.0,"Reflecting unvoiced plosives and nasal resonance for a vector configuration of Weight 3, Time 5, and Flow 3.",,5,5,5,8,COMPOUND(複合・異種)
ぽんぽこぽん,ponpokopon,Manner or sound of ぽんぽこぽん: 「ぽんぽこぽ」と響き渡る音、 or 余韻や弾力を伴う condition/state。,Psychomime (State/Manner),Dynamics,Neutral,Unvoiced (Light),Neutral,Reduplication,pompokopoŋ,4,5,5,3,6,5,285.1,2.65,5,2754.5,5.63,6,mh,5,#FFFFFF,100.0,-0.0,0.0,"Reflecting unvoiced plosives and nasal resonance for a vector configuration of Weight 4, Time 5, and Flow 3.",,5,5,5,8,COMPOUND(複合・異種)
ぽんぽこりん,ponpokorin,Manner or sound of ぽんぽこりん: 「ぽんぽこり」と響き渡る音、 or 余韻や弾力を伴う condition/state。,Psychomime (State/Manner),Dynamics,Neutral,Unvoiced (Light),Neutral,Reduplication,pompokoɾiŋ,3,5,6,4,6,5,584.3,4.47,5,3306.1,5.94,6,mh,5,#FFFFFF,100.0,-0.0,0.0,"Reflecting unvoiced plosives and nasal resonance for a vector configuration of Weight 3, Time 5, and Flow 4.",,5,5,5,8,COMPOUND(複合・異種)
まざまざ,mazamaza,Manner or sound of まざまざ: 「まざ」という音や condition/stateが繰り返し連続して生じる manner.,Psychomime (State/Manner),Dynamics,Neutral,Unvoiced (Light),Neutral,Reduplication,mazamaza,5,4,4,4,6,5,322.3,2.96,3,7638.8,7.37,6,0,4,#8B4513,37.5,26.4,41.0,"Reflecting voiced consonants and nasal resonance for a vector configuration of Weight 5, Time 4, and Flow 4.",,4,5,5,1,REDUP(畳語・同一)
まったり,mattari,Manner or sound of まったり: まろやかでゆったりした manner.,Psychomime (State/Manner),Dynamics,Neutral,Unvoiced (Light),Neutral,Reduplication,mattaɾi,5,5,5,4,6,6,264.7,2.46,6,2690.0,5.59,6,0,4,#FFFFFF,100.0,-0.0,0.0,"Reflecting unvoiced plosives and nasal resonance for a vector configuration of Weight 5, Time 5, and Flow 4.",,5,5,5,8,COMPOUND(複合・異種)
みすみす,misumisu,Manner or sound of みすみす: 「みす」という音や condition/stateが繰り返し連続して生じる manner.,Psychomime (State/Manner),Dynamics,Neutral,Unvoiced (Light),Neutral,Reduplication,misumisu,3,4,4,5,7,5,644.7,4.72,4,3985.3,6.26,5,0,4,#808080,53.6,-0.0,0.0,"Reflecting fricatives and nasal resonance for a vector configuration of Weight 3, Time 4, and Flow 5.",,4,5,5,1,REDUP(畳語・同一)
みっしり,mitshiri,Manner or sound of みっしり: 「みっし」と一度だけ鮮やかに、あるいは滑らかに行われる action・ condition/state。,Psychomime (State/Manner),Dynamics,Neutral,Unvoiced (Light),Neutral,Reduplication,miɕɕiɾi,5,5,6,5,6,5,552.9,4.33,6,3603.4,6.09,7,0,4,#708090,52.8,-2.1,-10.6,"Reflecting fricatives and nasal resonance for a vector configuration of Weight 5, Time 5, and Flow 5.",,5,5,5,8,COMPOUND(複合・異種)
みりみり,mirimiri,Manner or sound of みりみり: 「みりみ」と一度だけ鮮やかに、あるいは滑らかに行われる action・ condition/state。,Psychomime (State/Manner),Dynamics,Neutral,Unvoiced (Light),Neutral,Reduplication,miɾimiɾi,4,5,5,5,6,5,671.7,4.82,4,3966.2,6.25,7,mh,5,#FFFFFF,100.0,-0.0,0.0,"Reflecting nasal resonance and flap consonant /ɾ/ for a vector configuration of Weight 4, Time 5, and Flow 5.",,4,5,5,1,REDUP(畳語・同一)
みんみん,minmin,Manner or sound of みんみん: 「みんみ」と響き渡る音、 or 余韻や弾力を伴う condition/state。,Psychomime (State/Manner),Dynamics,Neutral,Unvoiced (Light),Neutral,Reduplication,mimmiŋ,5,5,5,5,5,6,458.2,3.85,4,3484.7,6.03,7,0,4,#556B2F,42.2,-18.8,30.6,"Reflecting nasal resonance for a vector configuration of Weight 5, Time 5, and Flow 5.",,4,5,5,1,REDUP(畳語・同一)
むかっ,mukat,Manner or sound of むかっ: 「むか」とする actionや phenomenonが瞬間的・急激に行われる音や state/manner.,Psychomime (State/Manner),Dynamics,Neutral,Unvoiced (Light),Neutral,Reduplication,mukaʔ,5,7,7,6,6,3,561.3,4.37,7,8130.6,7.47,8,mh,5,#000000,0.0,0.0,0.0,"Reflecting unvoiced plosives and nasal resonance for a vector configuration of Weight 5, Time 7, and Flow 6.",,2,5,0,0,Q(促音単発)
むくっ,mukut,Manner or sound of むくっ: 「むく」とする actionや phenomenonが瞬間的・急激に行われる音や state/manner.,Psychomime (State/Manner),Dynamics,Neutral,Unvoiced (Light),Neutral,Reduplication,mukuʔ,4,7,6,7,6,4,409.3,3.57,7,6652.2,7.13,8,mh,5,#000000,0.0,0.0,0.0,"Reflecting unvoiced plosives and nasal resonance for a vector configuration of Weight 4, Time 7, and Flow 7.",,2,5,0,0,Q(促音単発)
むくり,mukuri,Manner or sound of むくり: 「むく」と一度だけ鮮やかに、あるいは滑らかに行われる action・ condition/state。,Psychomime (State/Manner),Dynamics,Neutral,Unvoiced (Light),Neutral,Reduplication,mukuɾi,3,5,6,5,7,5,366.0,3.28,5,2637.0,5.56,6,mh,5,#FFFFFF,100.0,-0.0,0.0,"Reflecting unvoiced plosives and nasal resonance for a vector configuration of Weight 3, Time 5, and Flow 5.",,4,6,0,0,RI(り単発)
むざむざ,muzamuza,Manner or sound of むざむざ: 「むざ」という音や condition/stateが繰り返し連続して生じる manner.,Psychomime (State/Manner),Dynamics,Neutral,Unvoiced (Light),Neutral,Reduplication,muzamuza,5,4,4,5,6,6,260.5,2.42,4,7201.9,7.27,7,0,4,#DAA520,70.8,8.5,68.8,"Reflecting voiced consonants and nasal resonance for a vector configuration of Weight 5, Time 4, and Flow 5.",,4,5,5,1,REDUP(畳語・同一)
むしゃくしゃ,mushakusha,Manner or sound of むしゃくしゃ: 「むしゃくしゃ」という感覚・音・ condition/stateを表す expression.,Psychomime (State/Manner),Dynamics,Neutral,Unvoiced (Light),Neutral,Reduplication,muɕakuɕa,4,6,5,4,6,6,675.1,4.83,6,8176.1,7.48,7,mh,5,#D2B48C,75.0,5.0,24.4,"Reflecting unvoiced plosives and fricatives for a vector configuration of Weight 4, Time 6, and Flow 4.",,5,5,0,8,COMPOUND(複合・異種)
むちゃくちゃ,muchakucha,Manner or sound of むちゃくちゃ: 「むちゃくちゃ」という感覚・音・ condition/stateを表す expression.,Psychomime (State/Manner),Dynamics,Neutral,Unvoiced (Light),Neutral,Reduplication,mutɕakutɕa,4,6,5,5,6,7,727.5,5.02,6,6332.3,7.05,7,mh,5,#FF69B4,65.5,64.2,-10.6,"Reflecting unvoiced plosives and fricatives for a vector configuration of Weight 4, Time 6, and Flow 5.",,5,5,0,8,COMPOUND(複合・異種)
むっく,mutku,Manner or sound of むっく: 「むっく」という感覚・音・ condition/stateを表す expression.,Psychomime (State/Manner),Dynamics,Neutral,Unvoiced (Light),Neutral,Reduplication,mukku,5,5,5,6,6,5,297.9,2.76,6,3224.2,5.90,7,mh,5,#FFFFFF,100.0,-0.0,0.0,"Reflecting unvoiced plosives and nasal resonance for a vector configuration of Weight 5, Time 5, and Flow 6.",,5,5,0,8,COMPOUND(複合・異種)
むっちり,mutchiri,Manner or sound of むっちり: 「むっち」と一度だけ鮮やかに、あるいは滑らかに行われる action・ condition/state。,Psychomime (State/Manner),Dynamics,Neutral,Unvoiced (Light),Neutral,Reduplication,muttɕiɾi,4,5,5,6,6,5,580.9,4.45,6,3058.8,5.81,7,mh,5,#708090,52.8,-2.1,-10.6,"Reflecting unvoiced plosives and fricatives for a vector configuration of Weight 4, Time 5, and Flow 6.",,5,5,5,8,COMPOUND(複合・異種)
むつっ,mutsut,Manner or sound of むつっ: 「むつ」とする actionや phenomenonが瞬間的・急激に行われる音や state/manner.,Psychomime (State/Manner),Dynamics,Neutral,Unvoiced (Light),Neutral,Reduplication,mutsuʔ,5,7,7,7,5,4,466.5,3.90,8,7075.5,7.23,8,mh,5,#000000,0.0,0.0,0.0,"Reflecting unvoiced plosives and fricatives for a vector configuration of Weight 5, Time 7, and Flow 7.",,2,5,0,0,Q(促音単発)
むらむらっ,muramurat,Manner or sound of むらむらっ: 「むらむら」とする actionや phenomenonが瞬間的・急激に行われる音や state/manner.,Psychomime (State/Manner),Dynamics,Neutral,Unvoiced (Light),Neutral,Reduplication,muɾamuɾaʔ,4,7,6,5,7,4,428.2,3.68,6,6548.3,7.10,7,mh,5,#FF00FF,60.3,98.2,-60.8,"Reflecting nasal resonance and flap consonant /ɾ/ for a vector configuration of Weight 4, Time 7, and Flow 5.",,3,5,0,0,Q(促音単発)
むん,mun,Manner or sound of むん: 「む」と響き渡る音、 or 余韻や弾力を伴う condition/state。,Psychomime (State/Manner),Dynamics,Neutral,Unvoiced (Light),Neutral,Reduplication,muŋ,5,6,7,6,5,6,403.8,3.53,6,4443.5,6.44,7,0,4,#808080,53.6,-0.0,0.0,"Reflecting nasal resonance for a vector configuration of Weight 5, Time 6, and Flow 6.",,3,6,5,0,N(撥音単発)
むんず,munzu,Manner or sound of むんず: 「むんず」という感覚・音・ condition/stateを表す expression.,Psychomime (State/Manner),Dynamics,Neutral,Unvoiced (Light),Neutral,Reduplication,muŋzu,6,4,5,6,5,6,178.9,1.47,4,3054.6,5.81,8,mh,5,#FF8C00,69.5,36.8,75.5,"Reflecting voiced consonants and nasal resonance for a vector configuration of Weight 6, Time 4, and Flow 6.",,5,5,5,8,COMPOUND(複合・異種)
むーっ,mu-t,Manner or sound of むーっ: 「むー」とする actionや phenomenonが瞬間的・急激に行われる音や state/manner.,Psychomime (State/Manner),Dynamics,Neutral,Unvoiced (Light),Neutral,Reduplication,muːʔ,4,4,5,6,6,4,767.0,5.16,4,6769.2,7.16,7,mh,5,#F0FFFF,98.9,-4.9,-1.7,"Reflecting nasal resonance and geminate sokuon (sudden onset) for a vector configuration of Weight 4, Time 4, and Flow 6.",,2,6,5,0,LONG(長音ー)
めちゃくちゃ,mechakucha,Manner or sound of めちゃくちゃ: 「めちゃくちゃ」という感覚・音・ condition/stateを表す expression.,Psychomime (State/Manner),Dynamics,Neutral,Unvoiced (Light),Neutral,Reduplication,metɕakutɕa,4,6,5,4,6,6,803.0,5.27,6,7520.0,7.34,7,mh,5,#FF69B4,65.5,64.2,-10.6,"Reflecting unvoiced plosives and fricatives for a vector configuration of Weight 4, Time 6, and Flow 4.",,5,5,0,8,COMPOUND(複合・異種)
めちゃめちゃ,mechamecha,Manner or sound of めちゃめちゃ: 「めちゃ」という音や condition/stateが繰り返し連続して生じる manner.,Psychomime (State/Manner),Dynamics,Neutral,Unvoiced (Light),Neutral,Reduplication,metɕametɕa,4,6,4,4,5,7,869.9,5.48,5,8269.2,7.50,7,0,4,#8B0000,28.1,51.0,41.3,"Reflecting unvoiced plosives and fricatives for a vector configuration of Weight 4, Time 6, and Flow 4.",,4,5,5,1,REDUP(畳語・同一)
めりっ,merit,Manner or sound of めりっ: 「めり」とする actionや phenomenonが瞬間的・急激に行われる音や state/manner.,Psychomime (State/Manner),Dynamics,Neutral,Unvoiced (Light),Neutral,Reduplication,meɾiʔ,4,7,7,7,5,3,760.3,5.14,7,8994.3,7.64,8,0,4,#000000,0.0,0.0,0.0,"Reflecting nasal resonance and flap consonant /ɾ/ for a vector configuration of Weight 4, Time 7, and Flow 7.",,3,5,0,0,Q(促音単発)
もうもう,moumou,Manner or sound of もうもう: 「もう」という音や condition/stateが繰り返し連続して生じる manner.,Psychomime (State/Manner),Dynamics,Neutral,Unvoiced (Light),Neutral,Reduplication,moumou,4,3,3,4,7,6,315.9,2.91,3,1837.4,4.94,6,0,4,#BEBEBE,77.0,-0.0,0.0,"Reflecting nasal resonance for a vector configuration of Weight 4, Time 3, and Flow 4.",,4,5,5,1,REDUP(畳語・同一)
もがもが,mogamoga,Manner or sound of もがもが: 「もが」という音や condition/stateが繰り返し連続して生じる manner.,Psychomime (State/Manner),Dynamics,Neutral,Unvoiced (Light),Neutral,Reduplication,moɡamoɡa,5,4,4,5,6,6,225.8,2.06,4,2745.0,5.63,7,0,4,#708090,52.8,-2.1,-10.6,"Reflecting voiced consonants and nasal resonance for a vector configuration of Weight 5, Time 4, and Flow 5.",,4,5,5,1,REDUP(畳語・同一)
もこもこ,mokomoko,Manner or sound of もこもこ: 「もこ」という音や condition/stateが繰り返し連続して生じる manner.,Psychomime (State/Manner),Dynamics,Neutral,Unvoiced (Light),Neutral,Reduplication,mokomoko,4,5,4,4,6,5,314.1,2.90,4,2133.1,5.20,6,mh,5,#FFFFFF,100.0,-0.0,0.0,"Reflecting unvoiced plosives and nasal resonance for a vector configuration of Weight 4, Time 5, and Flow 4.",,4,5,5,1,REDUP(畳語・同一)
もさっ,mosat,Manner or sound of もさっ: 「もさ」とする actionや phenomenonが瞬間的・急激に行われる音や state/manner.,Psychomime (State/Manner),Dynamics,Neutral,Unvoiced (Light),Neutral,Reduplication,mosaʔ,4,7,6,6,6,3,532.3,4.23,7,8141.9,7.47,7,0,4,#000000,0.0,0.0,0.0,"Reflecting fricatives and nasal resonance for a vector configuration of Weight 4, Time 7, and Flow 6.",,2,5,0,0,Q(促音単発)
もさもさ,mosamosa,Manner or sound of もさもさ: 「もさ」という音や condition/stateが繰り返し連続して生じる manner.,Psychomime (State/Manner),Dynamics,Neutral,Unvoiced (Light),Neutral,Reduplication,mosamosa,4,4,3,4,7,4,444.2,3.77,4,4420.6,6.44,5,0,4,#8B4513,37.5,26.4,41.0,"Reflecting fricatives and nasal resonance for a vector configuration of Weight 4, Time 4, and Flow 4.",,4,5,5,1,REDUP(畳語・同一)
もしゃもしゃ,moshamosha,Manner or sound of もしゃもしゃ: 「もしゃ」という音や condition/stateが繰り返し連続して生じる manner.,Psychomime (State/Manner),Dynamics,Neutral,Unvoiced (Light),Neutral,Reduplication,moɕamoɕa,4,5,4,3,7,6,552.2,4.33,4,8404.0,7.53,7,0,4,#4682B4,52.5,-4.1,-32.2,"Reflecting fricatives and nasal resonance for a vector configuration of Weight 4, Time 5, and Flow 3.",,4,5,5,1,REDUP(畳語・同一)
もじゃもじゃ,mojamoja,Manner or sound of もじゃもじゃ: 「もじゃ」という音や condition/stateが繰り返し連続して生じる manner.,Psychomime (State/Manner),Dynamics,Neutral,Unvoiced (Light),Neutral,Reduplication,modʑamodʑa,5,4,4,4,6,6,294.0,2.73,4,5883.6,6.92,7,mh,5,#FFFACD,97.6,-5.4,22.2,"Reflecting voiced consonants and nasal resonance for a vector configuration of Weight 5, Time 4, and Flow 4.",,4,5,5,1,REDUP(畳語・同一)
もそもそ,mosomoso,Manner or sound of もそもそ: 「もそ」という音や condition/stateが繰り返し連続して生じる manner.,Psychomime (State/Manner),Dynamics,Neutral,Unvoiced (Light),Neutral,Reduplication,mosomoso,3,4,2,5,7,4,503.7,4.09,4,2878.5,5.71,5,0,4,#708090,52.8,-2.1,-10.6,"Reflecting fricatives and nasal resonance for a vector configuration of Weight 3, Time 4, and Flow 5.",,4,5,5,1,REDUP(畳語・同一)
もちもち,mochimochi,Manner or sound of もちもち: 柔らかく粘り強い弾力がある manner.,Psychomime (State/Manner),Dynamics,Neutral,Unvoiced (Light),Neutral,Reduplication,motɕimotɕi,4,4,4,5,6,5,628.6,4.65,4,2458.3,5.44,6,0,4,#FFF5EE,97.1,2.2,4.6,"Reflecting unvoiced plosives and fricatives for a vector configuration of Weight 4, Time 4, and Flow 5.",,4,5,5,1,REDUP(畳語・同一)
もっさり,motsari,Manner or sound of もっさり: 「もっさ」と一度だけ鮮やかに、あるいは滑らかに行われる action・ condition/state。,Psychomime (State/Manner),Dynamics,Neutral,Unvoiced (Light),Neutral,Reduplication,mossaɾi,4,5,5,4,7,4,401.0,3.52,6,3015.7,5.79,6,mh,5,#FFFFFF,100.0,-0.0,0.0,"Reflecting fricatives and nasal resonance for a vector configuration of Weight 4, Time 5, and Flow 4.",,5,5,5,8,COMPOUND(複合・異種)
もやっ,moyat,Manner or sound of もやっ: 「もや」とする actionや phenomenonが瞬間的・急激に行われる音や state/manner.,Psychomime (State/Manner),Dynamics,Neutral,Unvoiced (Light),Neutral,Reduplication,mojaʔ,4,7,6,6,6,4,513.1,4.14,7,7387.3,7.31,7,0,4,#D3D3D3,84.6,-0.0,0.0,"Reflecting nasal resonance and geminate sokuon (sudden onset) for a vector configuration of Weight 4, Time 7, and Flow 6.",,3,5,0,0,Q(促音単発)
もやーっ,moya-t,Manner or sound of もやーっ: 「もやー」とする actionや phenomenonが瞬間的・急激に行われる音や state/manner.,Psychomime (State/Manner),Dynamics,Neutral,Unvoiced (Light),Neutral,Reduplication,mojaːʔ,4,4,5,5,7,4,771.0,5.17,4,6697.5,7.14,6,mh,5,#D3D3D3,84.6,-0.0,0.0,"Reflecting nasal resonance and geminate sokuon (sudden onset) for a vector configuration of Weight 4, Time 4, and Flow 5.",,3,6,5,0,LONG(長音ー)
もわっ,mowat,Manner or sound of もわっ: 「もわ」とする actionや phenomenonが瞬間的・急激に行われる音や state/manner.,Psychomime (State/Manner),Dynamics,Neutral,Unvoiced (Light),Neutral,Reduplication,mowaʔ,5,7,6,6,6,4,445.0,3.78,7,8372.0,7.52,7,mh,5,#000000,0.0,0.0,0.0,"Reflecting nasal resonance and geminate sokuon (sudden onset) for a vector configuration of Weight 5, Time 7, and Flow 6.",,3,5,0,0,Q(促音単発)
もー,mo-,Manner or sound of もー: 音が長く尾を引いて持続する音や condition/state。,Psychomime (State/Manner),Dynamics,Neutral,Unvoiced (Light),Neutral,Reduplication,moː,4,2,4,4,7,5,791.0,5.24,1,4775.1,6.57,6,mh,5,#000000,0.0,0.0,0.0,"Reflecting nasal resonance and long vowel extension for a vector configuration of Weight 4, Time 2, and Flow 4.",,2,7,5,0,LONG(長音ー)
もーも,mo-mo,Manner or sound of もーも: 音が長く尾を引いて持続する音や condition/state。,Psychomime (State/Manner),Dynamics,Neutral,Unvoiced (Light),Neutral,Reduplication,moːmo,4,2,4,4,7,5,666.6,4.80,1,4092.5,6.30,6,mh,5,#000000,0.0,0.0,0.0,"Reflecting nasal resonance and long vowel extension for a vector configuration of Weight 4, Time 2, and Flow 4.",,2,7,5,0,LONG(長音ー)
やきやき,yakiyaki,Manner or sound of やきやき: 「やき」という音や condition/stateが繰り返し連続して生じる manner.,Psychomime (State/Manner),Dynamics,Neutral,Unvoiced (Light),Neutral,Reduplication,jakijaki,3,6,5,4,6,4,937.4,5.67,5,6281.4,7.03,5,mh,5,#FF4500,57.6,67.8,69.0,"Reflecting unvoiced plosives for a vector configuration of Weight 3, Time 6, and Flow 4.",,4,5,5,1,REDUP(畳語・同一)
やすやす,yasuyasu,Manner or sound of やすやす: 「やす」という音や condition/stateが繰り返し連続して生じる manner.,Psychomime (State/Manner),Dynamics,Neutral,Unvoiced (Light),Neutral,Reduplication,jasujasu,3,4,3,3,8,5,610.2,4.58,3,4192.0,6.35,4,0,4,#E6E6FA,91.8,3.7,-9.7,"Reflecting fricatives for a vector configuration of Weight 3, Time 4, and Flow 3.",,4,5,5,1,REDUP(畳語・同一)
やっさもっさ,yatsamotsa,Manner or sound of やっさもっさ: 「やっさもっさ」という感覚・音・ condition/stateを表す expression.,Psychomime (State/Manner),Dynamics,Neutral,Unvoiced (Light),Neutral,Reduplication,jassamossa,3,7,6,4,7,3,723.7,5.01,7,8690.3,7.58,5,0,4,#FF4500,57.6,67.8,69.0,"Reflecting fricatives and nasal resonance for a vector configuration of Weight 3, Time 7, and Flow 4.",,3,5,0,0,Q(促音単発)
やはやは,yahayaha,Manner or sound of やはやは: 「やは」という音や condition/stateが繰り返し連続して生じる manner.,Psychomime (State/Manner),Dynamics,Neutral,Unvoiced (Light),Neutral,Reduplication,jahajaha,3,5,3,2,7,5,563.6,4.38,3,4337.9,6.40,4,mh,5,#FFFF00,97.1,-21.6,94.5,"Reflecting fricatives for a vector configuration of Weight 3, Time 5, and Flow 2.",,4,5,5,1,REDUP(畳語・同一)
やわやわ,yawayawa,Manner or sound of やわやわ: 「やわ」という音や condition/stateが繰り返し連続して生じる manner.,Psychomime (State/Manner),Dynamics,Neutral,Unvoiced (Light),Neutral,Reduplication,jawajawa,4,4,3,3,8,5,427.5,3.68,3,6412.8,7.07,5,mh,5,#DAA520,70.8,8.5,68.8,"Reflecting phonetic sound symbolism for a vector configuration of Weight 4, Time 4, and Flow 3.",,4,5,5,1,REDUP(畳語・同一)
ゆっくり,yutkuri,Manner or sound of ゆっくり: 「ゆっく」と一度だけ鮮やかに、あるいは滑らかに行われる action・ condition/state。,Psychomime (State/Manner),Dynamics,Neutral,Unvoiced (Light),Neutral,Reduplication,jukkuɾi,4,5,5,4,7,5,313.6,2.89,6,1810.1,4.92,6,mh,5,#8B4513,37.5,26.4,41.0,"Reflecting unvoiced plosives and flap consonant /ɾ/ for a vector configuration of Weight 4, Time 5, and Flow 4.",,5,5,5,8,COMPOUND(複合・異種)
ゆっさゆっさ,yutsayutsa,Manner or sound of ゆっさゆっさ: 「ゆっさ」という音や condition/stateが繰り返し連続して生じる manner.,Psychomime (State/Manner),Dynamics,Neutral,Unvoiced (Light),Neutral,Reduplication,jussajussa,4,5,4,2,7,4,567.4,4.39,4,5123.1,6.69,5,0,4,#8B4513,37.5,26.4,41.0,"Reflecting fricatives and geminate sokuon (sudden onset) for a vector configuration of Weight 4, Time 5, and Flow 2.",,4,5,5,1,REDUP(畳語・同一)
ゆっさり,yutsari,Manner or sound of ゆっさり: 「ゆっさ」と一度だけ鮮やかに、あるいは滑らかに行われる action・ condition/state。,Psychomime (State/Manner),Dynamics,Neutral,Unvoiced (Light),Neutral,Reduplication,jussaɾi,3,5,5,3,8,4,427.6,3.68,5,2965.8,5.76,5,0,4,#DAA520,70.8,8.5,68.8,"Reflecting fricatives and flap consonant /ɾ/ for a vector configuration of Weight 3, Time 5, and Flow 3.",,5,5,5,8,COMPOUND(複合・異種)
ゆぶゆぶ,yubuyubu,Manner or sound of ゆぶゆぶ: 「ゆぶ」という音や condition/stateが繰り返し連続して生じる manner.,Psychomime (State/Manner),Dynamics,Neutral,Unvoiced (Light),Neutral,Reduplication,jubujubu,5,4,3,3,7,7,228.5,2.09,3,3945.7,6.24,6,mc,3,#87CEEB,79.2,-14.8,-21.3,"Reflecting voiced consonants for a vector configuration of Weight 5, Time 4, and Flow 3.",,4,5,5,1,REDUP(畳語・同一)
ゆらっ,yurat,Manner or sound of ゆらっ: 「ゆら」とする actionや phenomenonが瞬間的・急激に行われる音や state/manner.,Psychomime (State/Manner),Dynamics,Neutral,Unvoiced (Light),Neutral,Reduplication,juɾaʔ,4,7,6,5,7,3,494.6,4.05,7,7342.2,7.30,6,0,4,#000000,0.0,0.0,0.0,"Reflecting flap consonant /ɾ/ and geminate sokuon (sudden onset) for a vector configuration of Weight 4, Time 7, and Flow 5.",,3,5,0,0,Q(促音単発)
ゆらゆらっ,yurayurat,Manner or sound of ゆらゆらっ: 「ゆらゆら」とする actionや phenomenonが瞬間的・急激に行われる音や state/manner.,Psychomime (State/Manner),Dynamics,Neutral,Unvoiced (Light),Neutral,Reduplication,juɾajuɾaʔ,4,6,5,4,7,4,449.4,3.80,6,6566.9,7.11,6,0,4,#FFFFFF,100.0,-0.0,0.0,"Reflecting flap consonant /ɾ/ and geminate sokuon (sudden onset) for a vector configuration of Weight 4, Time 6, and Flow 4.",,3,5,0,0,Q(促音単発)
ゆらりゆらり,yurariyurari,Manner or sound of ゆらりゆらり: 「ゆらりゆら」と一度だけ鮮やかに、あるいは滑らかに行われる action・ condition/state。,Psychomime (State/Manner),Dynamics,Neutral,Unvoiced (Light),Neutral,Reduplication,juɾaɾijuɾaɾi,2,4,4,2,8,4,470.9,3.92,4,2956.6,5.75,4,0,4,#FFFFFF,100.0,-0.0,0.0,"Reflecting flap consonant /ɾ/ for a vector configuration of Weight 2, Time 4, and Flow 2.",,4,5,5,1,REDUP(畳語・同一)
ゆるり,yururi,Manner or sound of ゆるり: 「ゆる」と一度だけ鮮やかに、あるいは滑らかに行われる action・ condition/state。,Psychomime (State/Manner),Dynamics,Neutral,Unvoiced (Light),Neutral,Reduplication,juɾuɾi,3,5,5,4,8,5,400.7,3.51,5,2736.8,5.62,6,0,4,#F5F5DC,95.9,-4.2,12.0,"Reflecting flap consonant /ɾ/ for a vector configuration of Weight 3, Time 5, and Flow 4.",,4,6,0,0,RI(り単発)
ゆーらり,yu-rari,Manner or sound of ゆーらり: 「ゆーら」と一度だけ鮮やかに、あるいは滑らかに行われる action・ condition/state。,Psychomime (State/Manner),Dynamics,Neutral,Unvoiced (Light),Neutral,Reduplication,juːɾaɾi,2,5,5,3,8,4,528.1,4.21,4,3255.8,5.92,5,mh,5,#FFFFFF,100.0,-0.0,0.0,"Reflecting flap consonant /ɾ/ and long vowel extension for a vector configuration of Weight 2, Time 5, and Flow 3.",,4,6,0,0,RI(り単発)
よろり,yorori,Manner or sound of よろり: 「よろ」と一度だけ鮮やかに、あるいは滑らかに行われる action・ condition/state。,Psychomime (State/Manner),Dynamics,Neutral,Unvoiced (Light),Neutral,Reduplication,joɾoɾi,3,5,5,4,8,5,417.1,3.62,5,2315.8,5.34,6,0,4,#FFFFFF,100.0,-0.0,0.0,"Reflecting flap consonant /ɾ/ for a vector configuration of Weight 3, Time 5, and Flow 4.",,4,6,0,0,RI(り単発)
よろりよろり,yororiyorori,Manner or sound of よろりよろり: 「よろりよろ」と一度だけ鮮やかに、あるいは滑らかに行われる action・ condition/state。,Psychomime (State/Manner),Dynamics,Neutral,Unvoiced (Light),Neutral,Reduplication,joɾoɾijoɾoɾi,3,4,3,3,8,5,461.4,3.87,4,1820.0,4.93,5,0,4,#A9A9A9,69.2,-0.0,0.0,"Reflecting flap consonant /ɾ/ for a vector configuration of Weight 3, Time 4, and Flow 3.",,4,5,5,1,REDUP(畳語・同一)
りりーん,riri-n,Manner or sound of りりーん: 「りりー」と響き渡る音、 or 余韻や弾力を伴う condition/state。,Psychomime (State/Manner),Dynamics,Neutral,Unvoiced (Light),Neutral,Reduplication,ɾiɾiːŋ,3,4,7,5,5,4,1286.5,6.47,3,7804.4,7.40,6,0,4,#F8D1A5,86.1,7.6,26.9,"Reflecting nasal resonance and flap consonant /ɾ/ for a vector configuration of Weight 3, Time 4, and Flow 5.",,3,7,5,0,LONG(長音ー)
りん,rin,Manner or sound of りん: 「り」と響き渡る音、 or 余韻や弾力を伴う condition/state。,Psychomime (State/Manner),Dynamics,Neutral,Unvoiced (Light),Neutral,Reduplication,ɾiŋ,4,7,7,5,4,4,1007.9,5.85,6,5805.3,6.90,7,mc,3,#808080,53.6,-0.0,0.0,"Reflecting nasal resonance and flap consonant /ɾ/ for a vector configuration of Weight 4, Time 7, and Flow 5.",,3,6,5,0,N(撥音単発)
りーん,ri-n,Manner or sound of りーん: 「りー」と響き渡る音、 or 余韻や弾力を伴う condition/state。,Psychomime (State/Manner),Dynamics,Neutral,Unvoiced (Light),Neutral,Reduplication,ɾiːŋ,3,4,7,5,5,4,1186.5,6.26,2,7129.5,7.25,6,0,4,#FFFF00,97.1,-21.6,94.5,"Reflecting nasal resonance and flap consonant /ɾ/ for a vector configuration of Weight 3, Time 4, and Flow 5.",,3,7,5,0,LONG(長音ー)
わさわさ,wasawasa,Manner or sound of わさわさ: 「わさ」という音や condition/stateが繰り返し連続して生じる manner.,Psychomime (State/Manner),Dynamics,Neutral,Unvoiced (Light),Neutral,Reduplication,wasawasa,3,5,3,2,8,3,545.3,4.29,4,8163.6,7.48,4,0,4,#D2B48C,75.0,5.0,24.4,"Reflecting fricatives for a vector configuration of Weight 3, Time 5, and Flow 2.",,4,5,5,1,REDUP(畳語・同一)
わしわし,washiwashi,Manner or sound of わしわし: 「わし」という音や condition/stateが繰り返し連続して生じる manner.,Psychomime (State/Manner),Dynamics,Neutral,Unvoiced (Light),Neutral,Reduplication,waɕiwaɕi,4,5,4,5,6,4,628.8,4.65,4,6880.3,7.19,6,0,4,#D2B48C,75.0,5.0,24.4,"Reflecting fricatives for a vector configuration of Weight 4, Time 5, and Flow 5.",,4,5,5,1,REDUP(畳語・同一)
わっ,wat,Manner or sound of わっ: 「わ」とする actionや phenomenonが瞬間的・急激に行われる音や state/manner.,Psychomime (State/Manner),Dynamics,Neutral,Unvoiced (Light),Neutral,Reduplication,waʔ,5,8,6,6,6,4,543.9,4.29,7,9936.0,7.81,7,mh,5,#000000,0.0,0.0,0.0,"Reflecting geminate sokuon (sudden onset) for a vector configuration of Weight 5, Time 8, and Flow 6.",,2,5,0,0,Q(促音単発)
わっさわっさ,watsawatsa,Manner or sound of わっさわっさ: 「わっさ」という音や condition/stateが繰り返し連続して生じる manner.,Psychomime (State/Manner),Dynamics,Neutral,Unvoiced (Light),Neutral,Reduplication,wassawassa,4,6,5,3,7,3,569.9,4.41,5,8311.7,7.51,5,0,4,#228B22,50.6,-49.6,45.0,"Reflecting fricatives and geminate sokuon (sudden onset) for a vector configuration of Weight 4, Time 6, and Flow 3.",,4,5,5,1,REDUP(畳語・同一)
わはは,wahaha,Manner or sound of わはは: 「わはは」という感覚・音・ condition/stateを表す expression.,Psychomime (State/Manner),Dynamics,Neutral,Unvoiced (Light),Neutral,Reduplication,wahaha,4,5,4,3,7,5,428.5,3.68,4,5513.7,6.81,5,mh,5,#FFFF00,97.1,-21.6,94.5,"Reflecting fricatives for a vector configuration of Weight 4, Time 5, and Flow 3.",,5,5,0,8,COMPOUND(複合・異種)
わはははは,wahahahaha,Manner or sound of わはははは: 「わはははは」という感覚・音・ condition/stateを表す expression.,Psychomime (State/Manner),Dynamics,Neutral,Unvoiced (Light),Neutral,Reduplication,wahahahaha,4,5,4,3,7,5,513.3,4.14,4,5540.4,6.82,5,mh,5,#FFFF00,97.1,-21.6,94.5,"Reflecting fricatives for a vector configuration of Weight 4, Time 5, and Flow 3.",,4,5,0,8,COMPOUND(複合・異種)
わわーっ,wawa-t,Manner or sound of わわーっ: 「わわー」とする actionや phenomenonが瞬間的・急激に行われる音や state/manner.,Psychomime (State/Manner),Dynamics,Neutral,Unvoiced (Light),Neutral,Reduplication,wawaːʔ,4,5,5,5,7,4,706.8,4.95,4,9584.0,7.75,6,mh,5,#FF0000,53.2,80.1,67.2,"Reflecting geminate sokuon (sudden onset) and long vowel extension for a vector configuration of Weight 4, Time 5, and Flow 5.",,3,6,5,0,LONG(長音ー)
わん,wan,Manner or sound of わん: 「わ」と響き渡る音、 or 余韻や弾力を伴う condition/state。,Psychomime (State/Manner),Dynamics,Neutral,Unvoiced (Light),Neutral,Reduplication,waŋ,5,6,7,5,5,5,462.2,3.88,5,7546.0,7.34,7,0,4,#808080,53.6,-0.0,0.0,"Reflecting nasal resonance for a vector configuration of Weight 5, Time 6, and Flow 5.",,3,6,5,0,N(撥音単発)
わんさか,wansaka,Manner or sound of わんさか: 「わんさか」という感覚・音・ condition/stateを表す expression.,Psychomime (State/Manner),Dynamics,Neutral,Unvoiced (Light),Neutral,Reduplication,waŋsaka,4,5,5,3,7,4,475.9,3.95,5,7167.5,7.26,6,mh,5,#FFD700,86.9,-1.9,87.1,"Reflecting unvoiced plosives and fricatives for a vector configuration of Weight 4, Time 5, and Flow 3.",,5,5,5,8,COMPOUND(複合・異種)
わんさわんさ,wansawansa,Manner or sound of わんさわんさ: 「わんさ」という音や condition/stateが繰り返し連続して生じる manner.,Psychomime (State/Manner),Dynamics,Neutral,Unvoiced (Light),Neutral,Reduplication,waŋsawaŋsa,4,5,5,3,7,4,470.4,3.92,4,8585.7,7.56,6,mh,5,#FFD700,86.9,-1.9,87.1,"Reflecting fricatives and nasal resonance for a vector configuration of Weight 4, Time 5, and Flow 3.",,4,5,5,1,REDUP(畳語・同一)
わーっ,wa-t,Manner or sound of わーっ: 「わー」とする actionや phenomenonが瞬間的・急激に行われる音や state/manner.,Psychomime (State/Manner),Dynamics,Neutral,Unvoiced (Light),Neutral,Reduplication,waːʔ,4,5,5,5,7,4,765.6,5.15,4,8930.4,7.63,6,mh,5,#FF0000,53.2,80.1,67.2,"Reflecting geminate sokuon (sudden onset) and long vowel extension for a vector configuration of Weight 4, Time 5, and Flow 5.",,2,6,5,0,LONG(長音ー)
わーわー,wa-wa-,Manner or sound of わーわー: 「わー」という音や condition/stateが繰り返し連続して生じる manner.,Psychomime (State/Manner),Dynamics,Neutral,Unvoiced (Light),Neutral,Reduplication,waːwaː,4,4,4,2,7,5,557.2,4.35,2,7598.2,7.36,6,mh,5,#1E90FF,59.4,10.0,-63.4,"Reflecting long vowel extension for a vector configuration of Weight 4, Time 4, and Flow 2.",,4,5,5,1,REDUP(畳語・同一)
