word,cat_bit,dom_bit,pol_code,int_bit,tone_code,morph_bit,ipa_clean,x1,x2,x3,x4,x5,x6,x7_hz,x7_norm,x8,x9_re,x9_norm,x10,x11,x11_ord,x12,L,a,b,x13_accent,x14_contour,x15_meter,x16_regularity,morph_type
あたふた,4,8,0,1,1,32,ataɸuta,2,8,3,6,7,3,440.0,3.75,7,4500.0,6.47,2,mc,3,#FFD700,86.9,-1.9,87.1,5,5,5,8,COMPOUND(複合・異種)
あっ,3,0,0,1,1,2,aʔ,6,9,9,8,2,1,350.0,3.17,9,8000.0,7.44,9,0,4,#FF0000,53.2,80.1,67.2,2,5,0,0,Q(促音単発)
あっさり,6,4417,1,1,1,10,assaɾi,2,7,8,1,8,5,520.0,4.17,6,1200.0,4.22,3,c,2,#F0FFFF,98.9,-4.9,-1.7,5,5,5,8,COMPOUND(複合・異種)
あっぷあっぷ,6,4096,2,5,1,3,appuappu,5,6,4,7,6,9,220.0,2.0,5,3000.0,5.78,8,mc,3,#4169E1,47.8,26.3,-65.3,4,5,6,1,REDUP(畳語・同一)
あはは,1,0,0,1,1,32,ahaha,1,5,2,0,9,6,480.0,3.97,2,500.0,2.73,1,h,6,#FFFF00,97.1,-21.6,94.5,3,5,0,0,OTHER(単発)
あぶあぶ,3,20480,0,3,2,1,abuabu,4,5,4,6,7,8,180.0,1.49,4,2500.0,5.47,7,mc,3,#ADD8E6,83.8,-10.9,-11.5,4,5,6,1,REDUP(畳語・同一)
あんぐり,5,16384,0,3,2,12,aŋɡuɾi,5,4,8,3,4,4,150.0,1.03,6,800.0,3.53,6,0,4,#FFA500,74.9,23.9,78.9,5,5,5,8,COMPOUND(複合・異種)
あんあん,1,0,2,1,1,5,aŋaŋ,3,3,2,5,8,7,320.0,2.94,2,400.0,2.35,3,hh,7,#FF69B4,65.5,64.2,-10.6,4,5,6,1,REDUP(畳語・同一)
あーあ,2,26,0,1,1,16,aːa,2,1,1,2,9,4,280.0,2.61,0,200.0,1.18,1,mc,3,#BEBEBE,77.0,-0.0,0.0,2,7,7,1,LONG(長音ー)
あーん,5,16384,2,1,1,20,aːŋ,3,2,6,3,7,5,250.0,2.32,1,300.0,1.87,2,h,6,#FFDAB9,89.4,8.1,21.0,3,8,5,1,LONG+N(長音+ん)
いじいじ,4,0,0,3,2,1,idʑiidʑi,4,3,2,9,3,5,200.0,1.75,5,600.0,3.04,4,c,2,#4B0082,20.5,51.7,-53.3,4,5,6,1,REDUP(畳語・同一)
いそいそ,4,10,0,1,1,1,isoiso,2,7,7,2,8,2,600.0,4.54,4,3500.0,6.04,2,mh,5,#FFFACD,97.6,-5.4,22.2,4,5,6,1,REDUP(畳語・同一)
いちゃいちゃ,4,0,0,1,1,1,itɕaitɕa,3,4,4,5,6,8,450.0,3.81,4,1500.0,4.6,6,hh,7,#FFC0CB,83.6,24.1,3.3,4,5,6,1,REDUP(畳語・同一)
いひひ,1,256,0,1,1,32,içiçi,2,6,6,7,8,4,750.0,5.1,5,2000.0,5.09,4,mc,3,#ADFF2F,92.0,-52.5,81.9,3,5,0,0,OTHER(単発)
いらいら,4,0,0,1,1,1,iɾaiɾa,6,7,6,8,5,2,380.0,3.38,3,5000.0,6.65,5,h,6,#FF4500,57.6,67.8,69.0,4,5,6,1,REDUP(畳語・同一)
うおーっ,3,0,0,1,2,18,uoːʔ,8,4,9,4,4,5,120.0,0.46,8,12000.0,8.13,9,h,6,#FF0000,53.2,80.1,67.2,5,5,5,8,COMPOUND(複合・異種)
うおーん,3,32,0,1,2,20,uoːŋ,7,2,4,2,5,6,110.0,0.24,1,800.0,3.53,3,mh,5,#4682B4,52.5,-4.1,-32.2,5,5,5,8,COMPOUND(複合・異種)
うかうか,4,0,0,1,2,1,ukauka,1,5,2,1,9,2,400.0,3.51,3,1000.0,3.91,1,0,4,#F5F5F5,96.5,-0.0,0.0,4,5,6,1,REDUP(畳語・同一)
うきうき,12,2048,0,1,2,1,ukiuki,2,7,6,0,8,3,550.0,4.32,5,2500.0,5.47,2,h,6,#FFFFE0,99.3,-5.1,14.8,4,5,6,1,REDUP(畳語・同一)
うじうじ,4,0,0,3,2,1,udʑiudʑi,5,2,1,9,4,7,180.0,1.49,2,400.0,2.35,6,c,2,#556B2F,42.2,-18.8,30.6,4,5,6,1,REDUP(畳語・同一)
うじゃうじゃ,7,8192,0,3,2,1,udʑaudʑa,6,3,3,7,5,8,220.0,2.0,3,1800.0,4.91,8,mc,3,#8B4513,37.5,26.4,41.0,4,5,6,1,REDUP(畳語・同一)
うずうず,12,2048,0,3,2,1,uzuuzu,5,6,7,9,3,4,250.0,2.32,4,3000.0,5.78,7,h,6,#DAA520,70.8,8.5,68.8,4,5,6,1,REDUP(畳語・同一)
うっ,6,16392,0,1,2,2,uʔ,7,9,9,9,1,1,300.0,2.78,9,10000.0,7.82,9,0,4,#000000,0.0,0.0,0.0,2,5,0,0,Q(促音単発)
うっかり,4,0,0,1,2,10,ukkaɾi,3,8,5,6,4,2,480.0,3.97,7,3500.0,6.04,5,0,4,#FFFFFF,100.0,-0.0,0.0,5,5,5,8,COMPOUND(複合・異種)
うっすら,4,0,0,1,2,2,ussuɾa,2,3,2,4,8,3,420.0,3.63,3,900.0,3.73,2,c,2,#E6E6FA,91.8,3.7,-9.7,5,5,5,8,COMPOUND(複合・異種)
うっとり,4,2048,0,1,2,10,uttoɾi,3,2,4,0,6,6,350.0,3.17,4,800.0,3.53,4,hh,7,#DDA0DD,73.4,32.5,-22.0,5,5,5,8,COMPOUND(複合・異種)
うつらうつら,4,0,0,1,2,1,utsuɾautsuɾa,2,2,2,5,7,5,280.0,2.61,4,600.0,3.04,3,mc,3,#B0C4DE,78.5,-1.3,-15.2,4,5,6,1,REDUP(畳語・同一)
うとうと,4,0,0,1,2,1,utouto,2,2,1,6,6,4,250.0,2.32,5,400.0,2.35,2,mc,3,#778899,55.9,-2.2,-11.1,4,5,6,1,REDUP(畳語・同一)
うねうね,4,0,0,1,2,1,uneune,4,3,1,4,8,7,200.0,1.75,1,700.0,3.31,5,mc,3,#556B2F,42.2,-18.8,30.6,4,5,6,1,REDUP(畳語・同一)
うはうは,12,0,0,1,2,1,uhauha,3,6,5,0,9,5,450.0,3.81,3,2200.0,5.25,3,hh,7,#FFD700,86.9,-1.9,87.1,4,5,6,1,REDUP(畳語・同一)
うふふ,1,128,0,1,2,32,uɸuɸu,2,4,3,7,8,6,380.0,3.38,4,1200.0,4.22,4,mh,5,#FFF0F5,96.1,5.9,-0.6,3,5,0,0,OTHER(単発)
うようよ,7,8448,2,1,2,1,ujoujo,5,3,2,6,6,8,180.0,1.49,2,1500.0,4.6,8,mc,3,#6B8E23,54.7,-28.2,49.7,4,5,6,1,REDUP(畳語・同一)
うらうら,4,0,0,1,2,1,uɾauɾa,1,2,1,2,8,4,320.0,2.94,1,500.0,2.73,1,hh,7,#FFFACD,97.6,-5.4,22.2,4,5,6,1,REDUP(畳語・同一)
うろうろ,4,0,0,1,2,1,uɾouɾo,4,4,2,4,7,4,280.0,2.61,3,900.0,3.73,4,0,4,#A9A9A9,69.2,-0.0,0.0,4,5,6,1,REDUP(畳語・同一)
うろちょろ,4,2,0,1,2,32,uɾotɕoɾo,3,7,6,5,6,3,480.0,3.97,5,2800.0,5.66,5,mc,3,#9ACD32,76.5,-38.0,66.6,5,5,5,8,COMPOUND(複合・異種)
うわーん,5,0,0,1,2,20,uwaːŋ,7,4,6,3,5,8,400.0,3.51,1,1500.0,4.6,5,h,6,#1E90FF,59.4,10.0,-63.4,5,5,5,8,COMPOUND(複合・異種)
うん,1,0,0,1,2,4,uŋ,4,5,7,6,3,5,150.0,1.03,5,400.0,2.35,6,mc,3,#808080,53.6,-0.0,0.0,3,6,0,0,N(撥音単発)
うんうん,4,128,0,1,2,5,uŋuŋ,3,4,4,5,4,6,160.0,1.19,4,300.0,1.87,5,mh,5,#A52A2A,37.5,49.7,30.5,4,5,6,1,REDUP(畳語・同一)
うんざり,4,0,0,3,2,12,uŋzaɾi,7,3,4,8,4,6,220.0,2.0,6,800.0,3.53,7,c,2,#483D8B,30.8,26.1,-42.1,5,5,5,8,COMPOUND(複合・異種)
うーん,1,0,0,1,2,20,uːŋ,5,1,2,7,3,6,140.0,0.85,0,200.0,1.18,8,mc,3,#696969,44.4,-0.0,0.0,3,8,5,1,LONG+N(長音+ん)
えごえご,3,513,0,3,2,1,eɡoeɡo,6,4,3,6,5,7,180.0,1.49,4,1100.0,4.07,6,c,2,#4B0082,20.5,51.7,-53.3,4,5,6,1,REDUP(畳語・同一)
えっさえっさ,2,4,0,1,1,3,essaessa,5,8,8,3,6,4,400.0,3.51,6,5000.0,6.65,4,h,6,#FF8C00,69.5,36.8,75.5,4,5,6,1,REDUP(畳語・同一)
えっさっさ,2,4136,0,1,1,2,essassa,4,9,9,4,5,3,450.0,3.81,8,6000.0,6.95,5,h,6,#FF4500,57.6,67.8,69.0,2,5,0,0,Q(促音単発)
えっちらおっちら,6,512,0,1,2,2,ettɕiɾaottɕiɾa,6,5,3,5,5,5,300.0,2.78,4,900.0,3.73,6,mh,5,#CD853F,61.8,21.4,47.9,2,5,0,0,Q(促音単発)
えへへ,1,0,0,1,1,32,ehehe,2,5,3,4,9,5,420.0,3.63,3,1200.0,4.22,2,h,6,#F0E68C,90.3,-9.0,45.0,3,5,0,0,OTHER(単発)
えへん,4,16896,0,1,1,4,eheŋ,5,6,7,7,4,4,200.0,1.75,6,1800.0,4.91,7,mc,3,#8B0000,28.1,51.0,41.3,3,6,0,0,N(撥音単発)
おいおい,1,0,2,1,2,1,oioi,4,4,4,3,6,7,280.0,2.61,4,700.0,3.31,4,mc,3,#4682B4,52.5,-4.1,-32.2,4,5,6,1,REDUP(畳語・同一)
おずおず,4,0,0,3,2,1,ozuozu,4,3,1,9,3,5,200.0,1.75,5,400.0,2.35,5,c,2,#708090,52.8,-2.1,-10.6,4,5,6,1,REDUP(畳語・同一)
おたおた,4,0,0,1,2,1,otaota,4,7,3,6,6,3,380.0,3.38,6,1500.0,4.6,4,mc,3,#BDB76B,73.4,-8.8,39.3,4,5,6,1,REDUP(畳語・同一)
おちおち,12,2048,1,1,2,1,otɕiotɕi,3,4,4,7,6,6,400.0,3.51,5,1200.0,4.22,5,mc,3,#708090,52.8,-2.1,-10.6,4,5,6,1,REDUP(畳語・同一)
おっとり,4,128,0,1,2,10,ottoɾi,2,1,2,0,7,6,300.0,2.78,4,600.0,3.04,3,mh,5,#FFB6C1,81.1,28.0,5.0,5,5,5,8,COMPOUND(複合・異種)
おどおど,12,2048,2,3,2,1,odoodo,6,4,2,9,4,5,180.0,1.49,5,400.0,2.35,6,c,2,#556B2F,42.2,-18.8,30.6,4,5,6,1,REDUP(畳語・同一)
おほほ,1,0,0,1,2,32,ohoho,3,5,8,4,9,4,350.0,3.17,3,1500.0,4.6,3,h,6,#EE82EE,69.7,56.4,-36.8,3,5,0,0,OTHER(単発)
おぼおぼ,2,4096,0,3,2,1,oboobo,6,3,2,6,5,8,160.0,1.19,4,800.0,3.53,7,mc,3,#4169E1,47.8,26.3,-65.3,4,5,6,1,REDUP(畳語・同一)
おめおめ,4,0,1,1,2,1,omeome,5,2,2,5,4,7,240.0,2.22,2,300.0,1.87,5,mc,3,#800000,25.5,48.0,38.1,4,5,6,1,REDUP(畳語・同一)
おろおろ,4,0,0,1,2,1,oɾooɾo,5,6,3,5,7,5,260.0,2.42,4,1000.0,3.91,4,c,2,#A9A9A9,69.2,-0.0,0.0,4,5,6,1,REDUP(畳語・同一)
かあかあ,2,20513,0,1,1,1,kaakaa,5,4,7,2,6,2,650.0,4.74,3,4500.0,6.47,4,h,6,#000000,0.0,0.0,0.0,4,5,6,1,REDUP(畳語・同一)
かさかさ,2,4097,0,1,1,1,kasakasa,1,7,4,3,8,0,1200.0,6.29,6,9000.0,7.64,2,0,4,#D2B48C,75.0,5.0,24.4,4,5,6,1,REDUP(畳語・同一)
かさこそ,2,1,0,1,1,32,kasakoso,1,6,3,4,8,1,900.0,5.56,5,6000.0,6.95,3,mc,3,#8B4513,37.5,26.4,41.0,5,5,5,8,COMPOUND(複合・異種)
かすかす,4,20481,0,1,1,1,kasukasu,1,3,2,5,9,0,1500.0,6.86,4,10000.0,7.82,1,c,2,#F5F5F5,96.5,-0.0,0.0,4,5,6,1,REDUP(畳語・同一)
かたかた,2,8,0,1,1,1,katakata,3,8,7,7,1,2,500.0,4.07,7,7000.0,7.22,8,c,2,#808080,53.6,-0.0,0.0,4,5,6,1,REDUP(畳語・同一)
かたり,2,0,0,1,1,8,kataɾi,4,7,8,5,2,3,450.0,3.81,6,5000.0,6.65,7,mc,3,#A0522D,43.8,29.3,35.6,4,6,0,0,RI(り単発)
かたん,2,512,0,1,1,4,kataŋ,5,8,9,6,2,4,300.0,2.78,7,3000.0,5.78,9,mc,3,#2F4F4F,31.3,-11.7,-3.7,3,6,0,0,N(撥音単発)
かちかち,2,4104,0,1,1,1,katɕikatɕi,4,8,8,8,0,1,1800.0,7.32,8,12000.0,8.13,9,c,2,#C0C0C0,77.7,-0.0,0.0,4,5,6,1,REDUP(畳語・同一)
かちっ,4,1,0,1,1,2,katɕiʔ,4,9,9,9,0,1,2000.0,7.58,9,15000.0,8.51,9,0,4,#FFFFFF,100.0,-0.0,0.0,2,5,0,0,Q(促音単発)
かちゃかちゃ,2,0,0,1,1,1,katɕakatɕa,3,8,6,5,1,2,2500.0,8.15,7,13000.0,8.27,7,c,2,#D3D3D3,84.6,-0.0,0.0,4,5,6,1,REDUP(畳語・同一)
かちん,10,0,0,1,1,4,katɕiŋ,6,8,9,9,0,2,1600.0,7.02,8,9000.0,7.64,9,c,2,#4682B4,52.5,-4.1,-32.2,3,6,0,0,N(撥音単発)
かちんかちん,4,0,0,1,1,5,katɕiŋkatɕiŋ,7,8,8,9,0,1,1500.0,6.86,8,8000.0,7.44,9,cc,1,#E0FFFF,97.9,-9.9,-3.4,4,5,6,1,REDUP(畳語・同一)
かっ,4,12,0,1,1,2,kaʔ,7,9,9,8,3,1,800.0,5.26,9,18000.0,8.82,9,hh,7,#FF0000,53.2,80.1,67.2,2,5,0,0,Q(促音単発)
かっきり,4,1,0,1,1,10,kakkiɾi,4,8,9,7,2,2,700.0,4.93,8,6000.0,6.95,8,0,4,#000000,0.0,0.0,0.0,5,5,5,8,COMPOUND(複合・異種)
かっちり,4,0,0,1,1,10,kattɕiɾi,5,8,9,8,1,3,650.0,4.74,7,5000.0,6.65,9,0,4,#708090,52.8,-2.1,-10.6,5,5,5,8,COMPOUND(複合・異種)
かっちんかっちん,4,0,0,1,1,7,kattɕiŋkattɕiŋ,8,8,8,9,0,1,1400.0,6.68,8,7000.0,7.22,9,cc,1,#AFEEEE,90.1,-19.6,-6.4,4,5,6,1,REDUP(畳語・同一)
かつかつ,2,9,0,1,1,1,katsukatsu,5,7,7,6,2,1,600.0,4.54,7,4000.0,6.27,7,mc,3,#696969,44.4,-0.0,0.0,4,5,6,1,REDUP(畳語・同一)
からから,4,4099,0,1,1,1,kaɾakaɾa,3,6,4,3,7,0,550.0,4.32,5,3500.0,6.04,3,0,4,#F4A460,74.0,23.0,46.8,4,5,6,1,REDUP(畳語・同一)
からころ,4,0,0,1,1,32,kaɾakoɾo,4,6,5,4,4,1,400.0,3.51,5,3000.0,5.78,4,mc,3,#8B4513,37.5,26.4,41.0,5,5,5,8,COMPOUND(複合・異種)
からっと,4,9,0,1,1,2,kaɾatto,2,8,7,4,8,0,700.0,4.93,8,8000.0,7.44,6,h,6,#87CEEB,79.2,-14.8,-21.3,5,5,5,8,COMPOUND(複合・異種)
からり,4,4129,0,1,1,8,kaɾaɾi,2,5,5,2,9,1,600.0,4.54,5,2500.0,5.47,4,h,6,#FFFFFF,100.0,-0.0,0.0,4,6,0,0,RI(り単発)
からんからん,4,0,0,1,1,5,kaɾaŋkaɾaŋ,4,5,6,3,3,2,450.0,3.81,4,2800.0,5.66,6,mc,3,#B8860B,59.2,9.9,62.7,4,5,6,1,REDUP(畳語・同一)
かりかり,2,4097,0,1,1,9,kaɾikaɾi,3,8,6,7,2,0,1500.0,6.86,8,11000.0,7.98,5,c,2,#CD853F,61.8,21.4,47.9,4,5,6,1,REDUP(畳語・同一)
かんかん,2,0,0,1,1,5,kaŋkaŋ,6,7,9,6,1,2,900.0,5.56,5,6500.0,7.09,8,hhh,8,#FF4500,57.6,67.8,69.0,4,5,6,1,REDUP(畳語・同一)
かーかー,1,8201,0,1,1,17,kaːkaː,5,4,6,2,6,2,600.0,4.54,1,4000.0,6.27,3,h,6,#000000,0.0,0.0,0.0,4,5,6,1,REDUP(畳語・同一)
かーん,2,4136,0,1,1,20,kaːŋ,4,3,9,2,2,3,1200.0,6.29,2,5000.0,6.65,9,h,6,#FFD700,86.9,-1.9,87.1,3,8,5,1,LONG+N(長音+ん)
かーんかーん,2,0,0,1,1,21,kaːŋkaːŋ,5,4,9,3,2,3,1100.0,6.07,2,5500.0,6.81,9,h,6,#DAA520,70.8,8.5,68.8,4,5,6,1,REDUP(畳語・同一)
がくがく,3,520,0,3,2,1,ɡakuɡaku,7,7,4,8,3,4,180.0,1.49,7,4500.0,6.47,6,c,2,#A9A9A9,69.2,-0.0,0.0,4,5,6,1,REDUP(畳語・同一)
がくん,4,8,0,3,2,4,ɡakuŋ,8,9,8,9,3,3,140.0,0.85,9,7000.0,7.22,8,mc,3,#000000,0.0,0.0,0.0,3,6,0,0,N(撥音単発)
がさがさ,2,1,0,3,2,1,ɡasaɡasa,5,7,4,4,6,0,400.0,3.51,6,8000.0,7.44,5,0,4,#8B4513,37.5,26.4,41.0,4,5,6,1,REDUP(畳語・同一)
がさっ,4,2,0,3,2,2,ɡasaʔ,6,9,8,8,5,1,450.0,3.81,9,10000.0,7.82,8,0,4,#556B2F,42.2,-18.8,30.6,2,5,0,0,Q(促音単発)
がしっ,4,0,0,3,2,2,ɡaɕiʔ,8,9,9,9,2,2,500.0,4.07,9,12000.0,8.13,9,mc,3,#4682B4,52.5,-4.1,-32.2,2,5,0,0,Q(促音単発)
がしゃがしゃ,2,1,0,3,2,1,ɡaɕaɡaɕa,6,8,5,6,3,2,1200.0,6.29,7,14000.0,8.39,8,c,2,#708090,52.8,-2.1,-10.6,4,5,6,1,REDUP(畳語・同一)
がしゃっ,2,8,0,3,2,2,ɡaɕaʔ,7,9,8,9,2,2,1000.0,5.83,9,16000.0,8.62,9,c,2,#778899,55.9,-2.2,-11.1,2,5,0,0,Q(促音単発)
がたがた,2,4608,0,3,2,1,ɡataɡata,7,8,6,7,2,3,220.0,2.0,7,5000.0,6.65,7,c,2,#696969,44.4,-0.0,0.0,4,5,6,1,REDUP(畳語・同一)
がたっと,4,512,0,3,2,2,ɡatatto,8,9,8,8,2,3,200.0,1.75,9,8000.0,7.44,8,mc,3,#000000,0.0,0.0,0.0,5,5,5,8,COMPOUND(複合・異種)
がたぴし,2,4096,0,7,2,32,ɡatapiɕi,5,6,5,7,4,2,600.0,4.54,6,6000.0,6.95,6,mc,3,#8B4513,37.5,26.4,41.0,5,5,5,8,COMPOUND(複合・異種)
がたり,2,513,0,3,2,8,ɡataɾi,6,7,7,6,3,4,250.0,2.32,6,4000.0,6.27,6,mc,3,#556B2F,42.2,-18.8,30.6,4,6,0,0,RI(り単発)
がたん,2,4640,0,3,2,4,ɡataŋ,8,8,9,8,2,5,180.0,1.49,7,3500.0,6.04,9,mc,3,#2F4F4F,31.3,-11.7,-3.7,3,6,0,0,N(撥音単発)
がちがち,2,4096,0,3,2,1,ɡatɕiɡatɕi,8,8,9,9,0,1,1200.0,6.29,9,10000.0,7.82,9,cc,1,#B0E0E6,86.1,-14.1,-8.0,4,5,6,1,REDUP(畳語・同一)
がちゃがちゃ,2,0,0,3,2,1,ɡatɕaɡatɕa,5,8,6,6,2,3,1400.0,6.68,7,12000.0,8.13,7,mc,3,#708090,52.8,-2.1,-10.6,4,5,6,1,REDUP(畳語・同一)
がちゃん,4,4128,0,3,2,4,ɡatɕaŋ,7,9,9,8,1,4,800.0,5.26,8,9000.0,7.64,9,mc,3,#4682B4,52.5,-4.1,-32.2,3,6,0,0,N(撥音単発)
がっ,4,0,0,2,2,2,ɡaʔ,9,9,9,9,4,2,350.0,3.17,9,15000.0,8.51,9,mc,3,#000000,0.0,0.0,0.0,2,5,0,0,Q(促音単発)
がっかり,4,512,0,3,2,10,ɡakkaɾi,7,6,4,5,6,4,300.0,2.78,7,1200.0,4.22,5,c,2,#4B0082,20.5,51.7,-53.3,5,5,5,8,COMPOUND(複合・異種)
がっくり,4,520,0,3,2,10,ɡakkuɾi,8,7,3,6,5,4,200.0,1.75,8,1000.0,3.91,6,c,2,#000000,0.0,0.0,0.0,5,5,5,8,COMPOUND(複合・異種)
がっしり,4,0,0,3,2,10,ɡaɕɕiɾi,8,5,9,9,2,3,400.0,3.51,5,3000.0,5.78,9,mc,3,#708090,52.8,-2.1,-10.6,5,5,5,8,COMPOUND(複合・異種)
がっちり,4,0,0,3,2,10,ɡattɕiɾi,7,6,9,9,1,3,500.0,4.07,6,4000.0,6.27,9,mc,3,#4682B4,52.5,-4.1,-32.2,5,5,5,8,COMPOUND(複合・異種)
がっぷり,4,0,0,7,2,10,ɡappuɾi,9,6,8,7,4,7,220.0,2.0,5,2000.0,5.09,8,mh,5,#A52A2A,37.5,49.7,30.5,5,5,5,8,COMPOUND(複合・異種)
がっぽり,4,1,0,7,2,10,ɡappoɾi,6,5,7,3,7,8,250.0,2.32,4,1500.0,4.6,7,mh,5,#FFD700,86.9,-1.9,87.1,5,5,5,8,COMPOUND(複合・異種)
がつがつ,4,8,0,3,2,1,ɡatsuɡatsu,7,8,8,7,3,3,400.0,3.51,7,6000.0,6.95,7,h,6,#B22222,39.1,55.9,37.6,4,5,6,1,REDUP(畳語・同一)
がつん,4,0,0,3,2,4,ɡatsuŋ,9,9,9,9,2,4,300.0,2.78,9,11000.0,7.98,9,h,6,#8B0000,28.1,51.0,41.3,3,6,0,0,N(撥音単発)
がばがば,2,4129,0,2,2,1,ɡabaɡaba,5,4,3,2,8,9,150.0,1.03,3,2000.0,5.09,9,mc,3,#4169E1,47.8,26.3,-65.3,4,5,6,1,REDUP(畳語・同一)
がばっ,4,8,0,2,2,2,ɡabaʔ,7,9,8,4,6,6,350.0,3.17,9,9000.0,7.64,8,mh,5,#FF8C00,69.5,36.8,75.5,2,5,0,0,Q(促音単発)
がぶがぶ,4,1,0,2,2,1,ɡabuɡabu,6,5,4,4,8,9,180.0,1.49,4,1800.0,4.91,9,mc,3,#0000FF,32.3,79.2,-107.9,4,5,6,1,REDUP(畳語・同一)
がぶっ,4,0,0,2,2,2,ɡabuʔ,7,9,9,8,5,8,280.0,2.61,9,8000.0,7.44,9,mh,5,#FF4500,57.6,67.8,69.0,2,5,0,0,Q(促音単発)
がぶり,4,16385,0,3,2,8,ɡabuɾi,6,6,7,5,6,7,250.0,2.32,6,4000.0,6.27,8,mh,5,#8B4513,37.5,26.4,41.0,4,6,0,0,RI(り単発)
がぼがぼ,2,4096,0,2,2,1,ɡaboɡabo,6,4,2,3,9,9,120.0,0.46,2,1200.0,4.22,9,c,2,#191970,15.9,31.7,-49.6,4,5,6,1,REDUP(畳語・同一)
がみがみ,4,0,0,3,2,1,ɡamiɡami,7,7,8,8,4,5,450.0,3.81,4,3000.0,5.78,6,h,6,#FF0000,53.2,80.1,67.2,4,5,6,1,REDUP(畳語・同一)
がやがや,4,0,0,3,2,1,ɡajaɡaja,4,6,3,2,8,6,380.0,3.38,3,5500.0,6.81,7,mh,5,#DAA520,70.8,8.5,68.8,4,5,6,1,REDUP(畳語・同一)
がらがら,4,4097,0,3,2,1,ɡaɾaɡaɾa,6,5,4,2,7,2,320.0,2.94,4,4500.0,6.47,5,mc,3,#8B4513,37.5,26.4,41.0,4,5,6,1,REDUP(畳語・同一)
がらり,4,4129,0,3,2,8,ɡaɾaɾi,4,7,7,3,9,2,450.0,3.81,6,3000.0,5.78,4,h,6,#FFFFFF,100.0,-0.0,0.0,4,6,0,0,RI(り単発)
がらん,4,4096,0,3,2,4,ɡaɾaŋ,3,4,8,2,7,3,280.0,2.61,5,1500.0,4.6,4,c,2,#D3D3D3,84.6,-0.0,0.0,3,6,0,0,N(撥音単発)
がりがり,4,1,0,3,2,9,ɡaɾiɡaɾi,5,8,7,8,2,0,800.0,5.26,8,9000.0,7.64,6,c,2,#CD853F,61.8,21.4,47.9,4,5,6,1,REDUP(畳語・同一)
がんがん,4,0,0,2,2,5,ɡaŋɡaŋ,8,8,9,6,1,3,350.0,3.17,5,8000.0,7.44,9,h,6,#FF4500,57.6,67.8,69.0,4,5,6,1,REDUP(畳語・同一)
がーがー,2,8,0,2,2,17,ɡaːɡaː,7,3,5,3,6,4,220.0,2.0,1,2500.0,5.47,6,mh,5,#556B2F,42.2,-18.8,30.6,4,5,6,1,REDUP(畳語・同一)
がーっ,4,0,0,2,2,18,ɡaːʔ,8,6,9,7,5,4,350.0,3.17,9,12000.0,8.13,9,h,6,#FF0000,53.2,80.1,67.2,2,7,7,1,LONG(長音ー)
がーん,4,4128,0,2,2,20,ɡaːŋ,9,4,9,5,3,5,200.0,1.75,2,6000.0,6.95,9,c,2,#483D8B,30.8,26.1,-42.1,3,8,5,1,LONG+N(長音+ん)
きいきい,2,4128,0,1,1,1,kiikii,2,4,7,8,4,1,2500.0,8.15,2,15000.0,8.51,4,c,2,#FFFF00,97.1,-21.6,94.5,4,5,6,1,REDUP(畳語・同一)
きしきし,4,32,0,1,1,1,kiɕikiɕi,3,7,5,9,3,2,1800.0,7.32,7,11000.0,7.98,5,c,2,#BDB76B,73.4,-8.8,39.3,4,5,6,1,REDUP(畳語・同一)
きそきそ,4,0,0,1,1,1,kisokiso,1,5,2,8,6,2,1200.0,6.29,4,7000.0,7.22,3,c,2,#708090,52.8,-2.1,-10.6,4,5,6,1,REDUP(畳語・同一)
きちきち,4,32,0,1,1,1,kitɕikitɕi,4,7,8,9,2,2,1400.0,6.68,8,9000.0,7.64,8,c,2,#C0C0C0,77.7,-0.0,0.0,4,5,6,1,REDUP(畳語・同一)
きちっ,4,8,0,1,1,2,kitɕiʔ,3,9,9,9,1,2,1600.0,7.02,9,13000.0,8.27,9,0,4,#FFFFFF,100.0,-0.0,0.0,2,5,0,0,Q(促音単発)
きちん,4,0,0,1,1,4,kitɕiŋ,3,8,9,9,2,3,1200.0,6.29,8,6000.0,6.95,9,0,4,#F5F5F5,96.5,-0.0,0.0,3,6,0,0,N(撥音単発)
きっちり,4,0,0,1,1,10,kittɕiɾi,4,8,9,9,1,2,1300.0,6.49,7,5000.0,6.65,9,0,4,#708090,52.8,-2.1,-10.6,5,5,5,8,COMPOUND(複合・異種)
きなきな,4,3,0,1,1,1,kinakina,2,3,2,4,8,6,350.0,3.17,2,800.0,3.53,4,mh,5,#F5DEB3,89.4,1.5,24.0,4,5,6,1,REDUP(畳語・同一)
きびきび,4,10,0,3,2,1,kibikibi,3,8,8,4,5,4,600.0,4.54,7,4000.0,6.27,6,mh,5,#FFFFFF,100.0,-0.0,0.0,4,5,6,1,REDUP(畳語・同一)
きゃっきゃっ,1,0,0,1,1,3,kjakkjaʔ,2,9,6,0,8,3,2200.0,7.82,9,18000.0,8.82,6,h,6,#FF69B4,65.5,64.2,-10.6,4,5,6,1,REDUP(畳語・同一)
きゃんきゃん,4,4128,0,1,1,5,kjaŋkjaŋ,3,7,7,4,7,4,1800.0,7.32,5,12000.0,8.13,7,h,6,#FFD700,86.9,-1.9,87.1,4,5,6,1,REDUP(畳語・同一)
きゃーきゃー,2,9,0,1,1,17,kjaːkjaː,2,5,5,1,8,5,2000.0,7.58,2,14000.0,8.39,5,h,6,#FFB6C1,81.1,28.0,5.0,4,5,6,1,REDUP(畳語・同一)
きゅうきゅう,4,4128,0,1,2,1,kjuukjuu,5,4,7,9,3,3,1500.0,6.86,5,9000.0,7.64,8,c,2,#FFFFE0,99.3,-5.1,14.8,4,5,6,1,REDUP(畳語・同一)
きゅっ,4,8,0,1,1,2,kjuʔ,4,9,9,9,2,2,1800.0,7.32,9,16000.0,8.62,9,c,2,#FFFFFF,100.0,-0.0,0.0,2,5,0,0,Q(促音単発)
きょとん,4,0,0,1,1,4,kjotoŋ,2,7,4,6,8,4,450.0,3.81,7,1500.0,4.6,5,0,4,#FFFFFF,100.0,-0.0,0.0,3,6,0,0,N(撥音単発)
きょろきょろ,4,0,0,1,1,1,kjoɾokjoɾo,2,7,6,4,9,3,500.0,4.07,5,3000.0,5.78,4,0,4,#ADFF2F,92.0,-52.5,81.9,4,5,6,1,REDUP(畳語・同一)
きらきら,4,16,0,1,1,1,kiɾakiɾa,1,6,5,0,9,1,1200.0,6.29,4,10000.0,7.82,2,h,6,#FFD700,86.9,-1.9,87.1,4,5,6,1,REDUP(畳語・同一)
きらっ,4,8,0,1,1,2,kiɾaʔ,1,9,9,1,9,1,1500.0,6.86,9,18000.0,8.82,9,h,6,#FFFFFF,100.0,-0.0,0.0,2,5,0,0,Q(促音単発)
きらり,4,1,0,1,1,8,kiɾaɾi,1,7,8,2,9,2,1300.0,6.49,6,12000.0,8.13,7,h,6,#FFFACD,97.6,-5.4,22.2,4,6,0,0,RI(り単発)
きりきり,20,0,2,1,1,9,kiɾikiɾi,5,8,8,9,2,1,1600.0,7.02,8,14000.0,8.39,8,c,2,#FF4500,57.6,67.8,69.0,4,5,6,1,REDUP(畳語・同一)
きんきらきん,4,4128,0,1,1,4,kiŋkiɾakiŋ,4,6,9,2,2,2,1400.0,6.68,4,11000.0,7.98,9,h,6,#FFD700,86.9,-1.9,87.1,3,6,0,0,N(撥音単発)
きー,2,4136,0,1,1,16,kiː,2,1,8,9,4,1,2800.0,8.44,0,16000.0,8.62,4,c,2,#FFFF00,97.1,-21.6,94.5,2,7,7,1,LONG(長音ー)
きーん,2,0,0,1,1,20,kiːŋ,3,2,9,7,3,2,3000.0,8.61,1,18000.0,8.82,9,c,2,#F0FFFF,98.9,-4.9,-1.7,3,8,5,1,LONG+N(長音+ん)
ぎいぎい,3,512,0,3,2,1,ɡiiɡii,6,4,6,9,3,2,800.0,5.26,2,9000.0,7.64,6,c,2,#556B2F,42.2,-18.8,30.6,4,5,6,1,REDUP(畳語・同一)
ぎくぎく,4,4610,0,3,2,1,ɡikuɡiku,7,7,4,9,4,3,350.0,3.17,7,5000.0,6.65,7,c,2,#696969,44.4,-0.0,0.0,4,5,6,1,REDUP(畳語・同一)
ぎくしゃく,4,1,0,3,2,32,ɡikuɕaku,6,7,5,8,5,2,600.0,4.54,7,7000.0,7.22,6,c,2,#708090,52.8,-2.1,-10.6,5,5,5,8,COMPOUND(複合・異種)
ぎくっ,4,0,0,3,2,2,ɡikuʔ,7,9,8,9,4,2,400.0,3.51,9,11000.0,7.98,8,c,2,#000000,0.0,0.0,0.0,2,5,0,0,Q(促音単発)
ぎこぎこ,4,512,0,3,2,1,ɡikoɡiko,6,6,6,8,3,1,500.0,4.07,6,7500.0,7.33,6,mc,3,#8B4513,37.5,26.4,41.0,4,5,6,1,REDUP(畳語・同一)
ぎざぎざ,4,4128,0,2,2,1,ɡizaɡiza,5,5,7,8,4,2,900.0,5.56,5,9000.0,7.64,7,c,2,#778899,55.9,-2.2,-11.1,4,5,6,1,REDUP(畳語・同一)
ぎしぎし,4,0,0,3,2,1,ɡiɕiɡiɕi,6,7,6,9,3,2,1000.0,5.83,7,10000.0,7.82,7,c,2,#556B2F,42.2,-18.8,30.6,4,5,6,1,REDUP(畳語・同一)
ぎすぎす,4,16384,0,3,2,1,ɡisuɡisu,5,4,5,9,6,1,1200.0,6.29,5,8000.0,7.44,5,c,2,#808080,53.6,-0.0,0.0,4,5,6,1,REDUP(畳語・同一)
ぎちぎち,4,513,0,3,2,1,ɡitɕiɡitɕi,7,8,8,9,2,2,1100.0,6.07,8,11000.0,7.98,9,c,2,#2F4F4F,31.3,-11.7,-3.7,4,5,6,1,REDUP(畳語・同一)
ぎとぎと,4,1,0,3,2,1,ɡitoɡito,6,3,2,7,5,9,180.0,1.49,2,1200.0,4.22,9,mh,5,#4B3621,24.5,6.4,16.8,4,5,6,1,REDUP(畳語・同一)
ぎゃふん,4,0,0,3,2,4,ɡjaɸuŋ,6,8,9,8,4,5,300.0,2.78,8,4000.0,6.27,9,mc,3,#000000,0.0,0.0,0.0,3,6,0,0,N(撥音単発)
ぎゃーぎゃー,1,1,0,2,2,17,ɡjaːɡjaː,7,5,6,2,6,5,1200.0,6.29,2,9000.0,7.64,7,h,6,#FF4500,57.6,67.8,69.0,4,5,6,1,REDUP(畳語・同一)
ぎゅうぎゅう,4,0,0,3,2,1,ɡjuuɡjuu,8,4,8,9,3,3,400.0,3.51,4,4000.0,6.27,9,mc,3,#8B0000,28.1,51.0,41.3,4,5,6,1,REDUP(畳語・同一)
ぎゅっ,4,4128,0,2,2,2,ɡjuʔ,7,9,9,9,3,2,500.0,4.07,9,12000.0,8.13,9,mc,3,#000000,0.0,0.0,0.0,2,5,0,0,Q(促音単発)
ぎょっ,4,520,0,2,2,2,ɡjoʔ,8,9,8,9,4,4,300.0,2.78,9,10000.0,7.82,8,c,2,#FF0000,53.2,80.1,67.2,2,5,0,0,Q(促音単発)
ぎょろぎょろ,4,4130,0,3,2,1,ɡjoɾoɡjoɾo,5,6,7,4,7,7,250.0,2.32,5,2500.0,5.47,6,mc,3,#006400,36.2,-43.4,41.9,4,5,6,1,REDUP(畳語・同一)
ぎらぎら,4,0,0,3,2,1,ɡiɾaɡiɾa,6,5,7,1,7,3,1100.0,6.07,3,9000.0,7.64,7,hhh,8,#FFD700,86.9,-1.9,87.1,4,5,6,1,REDUP(畳語・同一)
ぎりぎり,4,0,0,3,2,9,ɡiɾiɡiɾi,7,7,8,9,3,1,950.0,5.7,7,11000.0,7.98,8,c,2,#FF0000,53.2,80.1,67.2,4,5,6,1,REDUP(畳語・同一)
ぎー,3,520,0,2,2,16,ɡiː,6,2,7,9,3,2,700.0,4.93,0,8000.0,7.44,7,c,2,#556B2F,42.2,-18.8,30.6,2,7,7,1,LONG(長音ー)
くうくう,4,16385,0,1,2,1,kuukuu,2,2,1,3,9,6,280.0,2.61,2,400.0,2.35,2,mh,5,#F5F5DC,95.9,-4.2,12.0,4,5,6,1,REDUP(畳語・同一)
くさくさ,4,0,0,1,1,1,kusakusa,4,3,2,7,8,2,800.0,5.26,4,3000.0,5.78,4,c,2,#556B2F,42.2,-18.8,30.6,4,5,6,1,REDUP(畳語・同一)
くしゃくしゃ,4,0,0,1,1,1,kuɕakuɕa,3,7,5,4,6,3,1500.0,6.86,6,9000.0,7.64,6,mc,3,#D2B48C,75.0,5.0,24.4,4,5,6,1,REDUP(畳語・同一)
くすくす,4,0,0,1,1,1,kusukusu,1,5,2,6,9,3,1100.0,6.07,5,4000.0,6.27,3,mh,5,#FFFACD,97.6,-5.4,22.2,4,5,6,1,REDUP(畳語・同一)
くたくた,4,1,0,1,1,1,kutakuta,6,3,1,4,8,7,220.0,2.0,3,800.0,3.53,4,mh,5,#D3D3D3,84.6,-0.0,0.0,4,5,6,1,REDUP(畳語・同一)
くだくだ,4,1,0,3,2,1,kudakuda,5,2,2,6,6,7,180.0,1.49,2,600.0,3.04,5,mc,3,#808080,53.6,-0.0,0.0,4,5,6,1,REDUP(畳語・同一)
くちゃくちゃ,4,0,0,1,1,1,kutɕakutɕa,4,6,4,5,7,9,450.0,3.81,5,1500.0,4.6,9,mc,3,#8B4513,37.5,26.4,41.0,4,5,6,1,REDUP(畳語・同一)
くっきり,4,0,0,1,1,10,kukkiɾi,3,8,9,7,4,1,650.0,4.74,8,7000.0,7.22,8,0,4,#000000,0.0,0.0,0.0,5,5,5,8,COMPOUND(複合・異種)
くっくっ,4,8,0,1,1,3,kukkuʔ,2,9,5,8,5,4,500.0,4.07,9,6000.0,6.95,6,mh,5,#FFFFFF,100.0,-0.0,0.0,4,5,6,1,REDUP(畳語・同一)
くどくど,2,513,0,3,2,1,kudokudo,6,2,3,7,5,8,160.0,1.19,2,500.0,2.73,7,mc,3,#4B0082,20.5,51.7,-53.3,4,5,6,1,REDUP(畳語・同一)
くにゃくにゃ,4,1,0,1,1,1,kuɲakuɲa,2,3,1,3,9,8,250.0,2.32,2,1200.0,4.22,5,mh,5,#FFDAB9,89.4,8.1,21.0,4,5,6,1,REDUP(畳語・同一)
くねくね,4,2,0,1,1,1,kunekune,3,3,2,3,9,7,280.0,2.61,1,900.0,3.73,5,mc,3,#ADFF2F,92.0,-52.5,81.9,4,5,6,1,REDUP(畳語・同一)
くやくや,4,1,0,1,1,1,kujakuja,3,4,2,5,8,6,300.0,2.78,3,1100.0,4.07,5,mc,3,#708090,52.8,-2.1,-10.6,4,5,6,1,REDUP(畳語・同一)
くよくよ,4,0,0,1,1,1,kujokujo,4,2,1,7,7,6,250.0,2.32,2,800.0,3.53,6,c,2,#4682B4,52.5,-4.1,-32.2,4,5,6,1,REDUP(畳語・同一)
くらくら,4,1,0,1,1,1,kuɾakuɾa,4,5,2,2,9,5,350.0,3.17,4,2500.0,5.47,4,mc,3,#FFFFFF,100.0,-0.0,0.0,4,5,6,1,REDUP(畳語・同一)
くりくり,4,11,0,1,1,9,kuɾikuɾi,2,7,7,3,7,4,600.0,4.54,5,3500.0,6.04,5,mc,3,#F5DEB3,89.4,1.5,24.0,4,5,6,1,REDUP(畳語・同一)
くるくる,4,3,1,1,1,1,kuɾukuɾu,2,6,4,1,9,3,480.0,3.97,4,4000.0,6.27,3,mc,3,#87CEEB,79.2,-14.8,-21.3,4,5,6,1,REDUP(畳語・同一)
くるっ,4,0,0,1,1,2,kuɾuʔ,2,9,8,5,7,2,550.0,4.32,9,12000.0,8.13,8,0,4,#FFFFFF,100.0,-0.0,0.0,2,5,0,0,Q(促音単発)
くるり,4,1,0,1,1,8,kuɾuɾi,2,6,6,2,9,3,500.0,4.07,5,3500.0,6.04,4,mc,3,#F0F8FF,97.2,-1.3,-4.3,4,6,0,0,RI(り単発)
くんくん,4,4128,0,1,1,5,kuŋkuŋ,3,5,8,6,5,5,300.0,2.78,4,1000.0,3.91,6,mh,5,#D2B48C,75.0,5.0,24.4,4,5,6,1,REDUP(畳語・同一)
ぐいぐい,4,4128,0,3,2,1,ɡuiɡui,7,7,9,4,5,5,350.0,3.17,5,5500.0,6.81,8,h,6,#FF4500,57.6,67.8,69.0,4,5,6,1,REDUP(畳語・同一)
ぐうぐう,2,4096,0,3,2,1,ɡuuɡuu,6,2,2,2,6,7,150.0,1.03,1,600.0,3.04,7,mh,5,#483D8B,30.8,26.1,-42.1,4,5,6,1,REDUP(畳語・同一)
ぐしゃぐしゃ,4,0,0,3,2,1,ɡuɕaɡuɕa,6,7,3,4,6,8,400.0,3.51,6,8000.0,7.44,9,mc,3,#8B4513,37.5,26.4,41.0,4,5,6,1,REDUP(畳語・同一)
ぐずぐず,4,8,0,2,2,1,ɡuzuɡuzu,6,2,1,9,4,8,180.0,1.49,3,500.0,2.73,8,c,2,#556B2F,42.2,-18.8,30.6,4,5,6,1,REDUP(畳語・同一)
ぐちゃぐちゃ,4,0,0,3,2,1,ɡutɕaɡutɕa,6,6,3,5,6,9,320.0,2.94,5,2500.0,5.47,9,mc,3,#4B3621,24.5,6.4,16.8,4,5,6,1,REDUP(畳語・同一)
ぐっしょり,4,0,0,3,2,10,ɡuɕɕoɾi,5,4,3,3,7,9,280.0,2.61,6,1200.0,4.22,9,mh,5,#000080,13.0,47.5,-64.7,5,5,5,8,COMPOUND(複合・異種)
ぐっすり,4,0,0,3,2,10,ɡussuɾi,4,2,2,0,8,5,250.0,2.32,5,800.0,3.53,4,mh,5,#191970,15.9,31.7,-49.6,5,5,5,8,COMPOUND(複合・異種)
ぐったり,4,0,0,3,2,10,ɡuttaɾi,8,3,1,4,7,7,180.0,1.49,7,500.0,2.73,6,c,2,#708090,52.8,-2.1,-10.6,5,5,5,8,COMPOUND(複合・異種)
ぐつぐつ,6,0,0,3,2,1,ɡutsuɡutsu,6,5,6,7,7,9,220.0,2.0,5,3000.0,5.78,9,hh,7,#FF4500,57.6,67.8,69.0,4,5,6,1,REDUP(畳語・同一)
ぐにゃぐにゃ,4,16385,0,3,2,1,ɡuɲaɡuɲa,5,4,1,4,8,9,200.0,1.75,3,1100.0,4.07,7,mh,5,#ADFF2F,92.0,-52.5,81.9,4,5,6,1,REDUP(畳語・同一)
ぐにゃり,4,3,0,3,2,8,ɡuɲaɾi,6,6,4,5,7,8,240.0,2.22,6,1800.0,4.91,7,mc,3,#9ACD32,76.5,-38.0,66.6,4,6,0,0,RI(り単発)
ぐびりぐびり,4,16385,0,3,2,9,ɡubiɾiɡubiɾi,6,6,7,5,5,8,260.0,2.42,6,2200.0,5.25,8,mc,3,#4169E1,47.8,26.3,-65.3,4,5,6,1,REDUP(畳語・同一)
ぐらぐら,12,2048,2,3,2,1,ɡuɾaɡuɾa,7,5,3,3,8,4,220.0,2.0,4,3500.0,6.04,6,mc,3,#808080,53.6,-0.0,0.0,4,5,6,1,REDUP(畳語・同一)
ぐらっ,4,520,0,3,2,2,ɡuɾaʔ,8,9,7,6,7,3,250.0,2.32,9,10000.0,7.82,8,mc,3,#000000,0.0,0.0,0.0,2,5,0,0,Q(促音単発)
ぐりぐり,4,4128,0,3,2,9,ɡuɾiɡuɾi,7,7,8,8,3,4,320.0,2.94,6,5000.0,6.65,8,mc,3,#8B4513,37.5,26.4,41.0,4,5,6,1,REDUP(畳語・同一)
ぐるぐる,4,2,0,3,2,1,ɡuɾuɡuɾu,5,5,4,2,9,3,300.0,2.78,4,4500.0,6.47,5,mc,3,#4682B4,52.5,-4.1,-32.2,4,5,6,1,REDUP(畳語・同一)
ぐるっ,4,2,0,3,2,2,ɡuɾuʔ,6,9,8,6,7,2,400.0,3.51,9,11000.0,7.98,9,mc,3,#FFFFFF,100.0,-0.0,0.0,2,5,0,0,Q(促音単発)
ぐるり,4,4129,0,3,2,8,ɡuɾuɾi,5,6,7,3,8,3,380.0,3.38,5,3800.0,6.18,7,mc,3,#708090,52.8,-2.1,-10.6,4,6,0,0,RI(り単発)
ぐん,4,0,0,2,2,4,ɡuŋ,8,8,9,6,4,4,280.0,2.61,8,7000.0,7.22,9,mc,3,#000080,13.0,47.5,-64.7,3,6,0,0,N(撥音単発)
ぐんぐん,4,0,0,2,2,5,ɡuŋɡuŋ,7,7,9,4,5,5,320.0,2.94,5,6000.0,6.95,9,h,6,#1E90FF,59.4,10.0,-63.4,4,5,6,1,REDUP(畳語・同一)
ぐんなり,4,0,0,3,2,12,ɡunnaɾi,7,3,2,5,7,8,200.0,1.75,6,800.0,3.53,7,mc,3,#696969,44.4,-0.0,0.0,5,5,5,8,COMPOUND(複合・異種)
ぐーすか,4,1,0,3,2,16,ɡuːsuka,5,2,2,1,7,4,450.0,3.81,2,900.0,3.73,4,mh,5,#FFE4E1,92.7,8.7,4.8,5,5,5,8,COMPOUND(複合・異種)
けいけい,4,4136,0,1,1,1,keikei,3,6,7,6,6,2,1500.0,6.86,4,11000.0,7.98,6,h,6,#FFFF00,97.1,-21.6,94.5,4,5,6,1,REDUP(畳語・同一)
けざけざ,4,1,0,3,2,1,kezakeza,4,5,6,7,4,1,900.0,5.56,5,8000.0,7.44,7,c,2,#778899,55.9,-2.2,-11.1,4,5,6,1,REDUP(畳語・同一)
けたけた,4,9,0,1,1,1,ketaketa,2,8,6,3,8,3,700.0,4.93,7,5500.0,6.81,5,h,6,#FFD700,86.9,-1.9,87.1,4,5,6,1,REDUP(畳語・同一)
けちょんけちょん,4,0,0,1,1,5,ketɕoŋketɕoŋ,5,8,9,7,3,4,550.0,4.32,8,6500.0,7.09,9,c,2,#8B0000,28.1,51.0,41.3,4,5,6,1,REDUP(畳語・同一)
けばけば,4,0,0,3,2,1,kebakeba,4,5,6,4,6,3,800.0,5.26,4,9000.0,7.64,7,h,6,#FF00FF,60.3,98.2,-60.8,4,5,6,1,REDUP(畳語・同一)
けらけら,4,1,1,1,1,1,keɾakeɾa,2,7,4,1,9,2,650.0,4.74,5,4000.0,6.27,4,h,6,#FFFFE0,99.3,-5.1,14.8,4,5,6,1,REDUP(畳語・同一)
けろけろ,4,1,0,1,1,1,keɾokeɾo,3,6,4,2,8,4,500.0,4.07,4,3000.0,5.78,5,mh,5,#00FF00,87.7,-86.2,83.2,4,5,6,1,REDUP(畳語・同一)
げたげた,4,1,0,3,2,1,ɡetaɡeta,6,7,5,3,7,4,400.0,3.51,6,4500.0,6.47,6,h,6,#DAA520,70.8,8.5,68.8,4,5,6,1,REDUP(畳語・同一)
げっそり,4,8,0,3,2,10,ɡessoɾi,7,6,4,8,5,2,350.0,3.17,7,2000.0,5.09,5,cc,1,#A9A9A9,69.2,-0.0,0.0,5,5,5,8,COMPOUND(複合・異種)
げらげら,1,0,0,3,2,1,ɡeɾaɡeɾa,5,6,5,1,9,4,420.0,3.63,3,3500.0,6.04,6,h,6,#FFA500,74.9,23.9,78.9,4,5,6,1,REDUP(畳語・同一)
げろげろ,4,1,0,3,2,1,ɡeɾoɡeɾo,6,4,3,4,8,9,220.0,2.0,3,1800.0,4.91,9,mc,3,#32CD32,72.6,-67.1,61.4,4,5,6,1,REDUP(畳語・同一)
げんなり,2,1,2,3,2,12,ɡennaɾi,7,3,2,6,6,7,180.0,1.49,7,600.0,3.04,7,c,2,#483D8B,30.8,26.1,-42.1,5,5,5,8,COMPOUND(複合・異種)
げーげー,2,8,0,2,2,17,ɡeːɡeː,7,4,4,3,6,8,200.0,1.75,1,1200.0,4.22,8,c,2,#556B2F,42.2,-18.8,30.6,4,5,6,1,REDUP(畳語・同一)
こけこっこー,2,4136,0,1,1,18,kokekokkoː,4,7,8,2,5,2,800.0,5.26,3,8000.0,7.44,7,h,6,#FF0000,53.2,80.1,67.2,2,7,7,1,LONG(長音ー)
こそこそ,4,0,0,1,1,1,kosokoso,1,5,2,9,7,2,900.0,5.56,5,4000.0,6.27,3,c,2,#2F4F4F,31.3,-11.7,-3.7,4,5,6,1,REDUP(畳語・同一)
こちこち,4,0,0,1,1,1,kotɕikotɕi,5,8,8,9,1,1,1200.0,6.29,8,9000.0,7.64,9,cc,1,#B0E0E6,86.1,-14.1,-8.0,4,5,6,1,REDUP(畳語・同一)
こっくり,4,8,0,1,1,10,kokkuɾi,4,7,5,6,6,4,350.0,3.17,8,1500.0,4.6,5,mh,5,#DEB887,77.0,7.0,30.0,5,5,5,8,COMPOUND(複合・異種)
こっそり,4,0,0,1,1,10,kossoɾi,2,6,4,9,7,3,800.0,5.26,7,5000.0,6.65,4,c,2,#000000,0.0,0.0,0.0,5,5,5,8,COMPOUND(複合・異種)
こってり,4,257,0,1,1,10,kotteɾi,6,3,4,7,4,9,240.0,2.22,6,800.0,3.53,9,mh,5,#DAA520,70.8,8.5,68.8,5,5,5,8,COMPOUND(複合・異種)
こつこつ,4,0,0,1,1,1,kotsukotsu,4,7,7,6,2,2,550.0,4.32,7,5000.0,6.65,7,mc,3,#8B4513,37.5,26.4,41.0,4,5,6,1,REDUP(畳語・同一)
こつん,2,520,0,1,1,4,kotsuŋ,5,9,8,7,2,3,450.0,3.81,9,8000.0,7.44,8,mc,3,#A0522D,43.8,29.3,35.6,3,6,0,0,N(撥音単発)
ことこと,2,513,0,1,1,1,kotokoto,3,6,5,5,3,4,300.0,2.78,6,3000.0,5.78,5,mh,5,#CD853F,61.8,21.4,47.9,4,5,6,1,REDUP(畳語・同一)
ことん,2,8,0,1,1,4,kotoŋ,4,8,7,6,3,5,250.0,2.32,8,2500.0,5.47,7,mc,3,#696969,44.4,-0.0,0.0,3,6,0,0,N(撥音単発)
こりこり,4,16384,0,1,1,9,koɾikoɾi,3,7,6,7,3,1,1100.0,6.07,7,7000.0,7.22,6,c,2,#F5DEB3,89.4,1.5,24.0,4,5,6,1,REDUP(畳語・同一)
ころころ,4,3,0,1,1,1,koɾokoɾo,2,6,3,2,8,3,480.0,3.97,4,4000.0,6.27,3,mc,3,#F5F5F5,96.5,-0.0,0.0,4,5,6,1,REDUP(畳語・同一)
ころり,12,2057,0,1,1,8,koɾoɾi,2,7,6,4,8,4,450.0,3.81,6,3000.0,5.78,5,mc,3,#FFFFFF,100.0,-0.0,0.0,4,6,0,0,RI(り単発)
こんがり,4,277,0,3,2,12,koŋɡaɾi,4,4,6,5,4,2,380.0,3.38,4,1800.0,4.91,7,hh,7,#D2691E,56.0,37.1,56.7,5,5,5,8,COMPOUND(複合・異種)
こんこん,4,20513,0,1,1,5,koŋkoŋ,4,7,7,5,3,4,320.0,2.94,5,4500.0,6.47,8,mc,3,#A9A9A9,69.2,-0.0,0.0,4,5,6,1,REDUP(畳語・同一)
こんもり,4,0,0,1,1,12,kommoɾi,5,2,2,4,6,7,180.0,1.49,3,400.0,2.35,8,mc,3,#228B22,50.6,-49.6,45.0,5,5,5,8,COMPOUND(複合・異種)
ごくごく,2,16384,0,3,2,1,ɡokuɡoku,6,6,6,5,6,9,200.0,1.75,6,1500.0,4.6,9,mc,3,#4169E1,47.8,26.3,-65.3,4,5,6,1,REDUP(畳語・同一)
ごくん,4,8,0,3,2,4,ɡokuŋ,7,9,8,8,5,8,160.0,1.19,9,6000.0,6.95,9,mh,5,#000080,13.0,47.5,-64.7,3,6,0,0,N(撥音単発)
ごしごし,4,4128,0,3,2,1,ɡoɕiɡoɕi,7,7,7,8,4,2,700.0,4.93,6,9000.0,7.64,7,h,6,#708090,52.8,-2.1,-10.6,4,5,6,1,REDUP(畳語・同一)
ごそごそ,2,512,0,3,2,1,ɡosoɡoso,5,5,3,6,6,1,450.0,3.81,5,7500.0,7.33,6,mc,3,#556B2F,42.2,-18.8,30.6,4,5,6,1,REDUP(畳語・同一)
ごたごた,4,0,0,3,2,1,ɡotaɡota,6,5,3,5,6,5,280.0,2.61,4,5500.0,6.81,8,mc,3,#808080,53.6,-0.0,0.0,4,5,6,1,REDUP(畳語・同一)
ごちごち,4,1,0,3,2,1,ɡotɕiɡotɕi,8,8,8,9,0,1,1000.0,5.83,8,9500.0,7.74,9,cc,1,#696969,44.4,-0.0,0.0,4,5,6,1,REDUP(畳語・同一)
ごちゃごちゃ,4,0,0,3,2,1,ɡotɕaɡotɕa,6,6,3,4,5,7,350.0,3.17,4,7000.0,7.22,9,mc,3,#4B3621,24.5,6.4,16.8,4,5,6,1,REDUP(畳語・同一)
ごっそり,4,1,0,3,2,10,ɡossoɾi,7,6,5,3,6,5,300.0,2.78,7,2500.0,5.47,8,mc,3,#DAA520,70.8,8.5,68.8,5,5,5,8,COMPOUND(複合・異種)
ごつごつ,4,1,0,3,2,1,ɡotsuɡotsu,8,7,7,8,1,1,350.0,3.17,7,6500.0,7.09,9,c,2,#8B4513,37.5,26.4,41.0,4,5,6,1,REDUP(畳語・同一)
ごつん,2,0,0,3,2,4,ɡotsuŋ,9,9,9,9,1,3,280.0,2.61,9,11000.0,7.98,9,mc,3,#8B0000,28.1,51.0,41.3,3,6,0,0,N(撥音単発)
ごてごて,4,0,0,3,2,1,ɡoteɡote,6,3,4,6,5,8,240.0,2.22,3,3000.0,5.78,8,mc,3,#800080,29.8,58.9,-36.5,4,5,6,1,REDUP(畳語・同一)
ごとごと,2,4610,0,3,2,1,ɡotoɡoto,7,5,5,5,3,4,220.0,2.0,5,4500.0,6.47,7,mc,3,#2F4F4F,31.3,-11.7,-3.7,4,5,6,1,REDUP(畳語・同一)
ごとん,2,512,0,3,2,4,ɡotoŋ,8,8,9,8,2,5,180.0,1.49,8,5000.0,6.65,9,mc,3,#000000,0.0,0.0,0.0,3,6,0,0,N(撥音単発)
ごにょごにょ,1,1,0,3,2,1,ɡoɲoɡoɲo,4,3,1,8,7,8,150.0,1.03,4,400.0,2.35,6,mc,3,#708090,52.8,-2.1,-10.6,4,5,6,1,REDUP(畳語・同一)
ごほんごほん,4,16384,0,3,2,5,ɡohoŋɡohoŋ,6,7,7,7,5,4,250.0,2.32,6,2500.0,5.47,8,h,6,#A52A2A,37.5,49.7,30.5,4,5,6,1,REDUP(畳語・同一)
ごりごり,4,1,0,3,2,9,ɡoɾiɡoɾi,7,8,8,8,2,1,450.0,3.81,7,10000.0,7.82,8,c,2,#556B2F,42.2,-18.8,30.6,4,5,6,1,REDUP(畳語・同一)
ごろごろ,6,4096,0,3,2,1,ɡoɾoɡoɾo,6,4,2,2,8,3,200.0,1.75,3,3500.0,6.04,7,mc,3,#8B4513,37.5,26.4,41.0,4,5,6,1,REDUP(畳語・同一)
ごわごわ,4,16385,0,3,2,1,ɡowaɡowa,5,4,4,7,4,1,380.0,3.38,4,8500.0,7.55,6,c,2,#D2B48C,75.0,5.0,24.4,4,5,6,1,REDUP(畳語・同一)
ごんごん,2,0,0,2,2,5,ɡoŋɡoŋ,8,7,9,6,2,4,250.0,2.32,5,5500.0,6.81,9,h,6,#8B0000,28.1,51.0,41.3,4,5,6,1,REDUP(畳語・同一)
ごーごー,2,4105,0,2,2,17,ɡoːɡoː,7,2,4,1,8,4,150.0,1.03,0,6000.0,6.95,8,mc,3,#4682B4,52.5,-4.1,-32.2,4,5,6,1,REDUP(畳語・同一)
さくさく,6,16384,1,1,1,1,sakusaku,2,7,6,2,4,1,1200.0,6.29,6,8000.0,7.44,4,c,2,#F5DEB3,89.4,1.5,24.0,4,5,6,1,REDUP(畳語・同一)
さくり,2,0,0,1,1,8,sakuɾi,2,6,8,4,5,2,1000.0,5.83,7,6000.0,6.95,6,c,2,#FFF8DC,97.5,-2.2,14.3,4,6,0,0,RI(り単発)
さっさ,2,3,0,1,1,2,sassa,1,8,7,0,8,2,900.0,5.56,8,12000.0,8.13,5,h,6,#FFFFFF,100.0,-0.0,0.0,2,5,0,0,Q(促音単発)
さっぱり,4,0,0,5,1,10,sappaɾi,1,8,9,2,9,3,850.0,5.42,7,9000.0,7.64,4,h,6,#E0FFFF,97.9,-9.9,-3.4,5,5,5,8,COMPOUND(複合・異種)
さばさば,3,65,0,3,2,1,sabasaba,3,5,5,1,8,5,400.0,3.51,3,4000.0,6.27,3,mh,5,#F0F8FF,97.2,-1.3,-4.3,4,5,6,1,REDUP(畳語・同一)
さめざめ,2,8,0,3,2,32,samezame,4,2,2,6,7,8,280.0,2.61,2,1500.0,4.6,5,c,2,#708090,52.8,-2.1,-10.6,5,5,5,8,COMPOUND(複合・異種)
さらさら,4,1,0,1,1,1,saɾasaɾa,1,3,2,0,9,1,600.0,4.54,4,1200.0,4.22,2,mh,5,#FFFFFF,100.0,-0.0,0.0,4,5,6,1,REDUP(畳語・同一)
さらり,2,3,0,1,1,8,saɾaɾi,1,5,6,1,9,2,700.0,4.93,5,2000.0,5.09,3,h,6,#F0FFFF,98.9,-4.9,-1.7,4,6,0,0,RI(り単発)
ざあざあ,2,8,0,3,2,1,dzaazaa,6,2,4,1,8,9,300.0,2.78,0,15000.0,8.51,7,mc,3,#4682B4,52.5,-4.1,-32.2,4,5,6,1,REDUP(畳語・同一)
ざくざく,1,1,0,3,2,1,dzakuzaku,6,7,7,4,3,2,350.0,3.17,6,9000.0,7.64,8,c,2,#DAA520,70.8,8.5,68.8,4,5,6,1,REDUP(畳語・同一)
ざっくばらん,2,1,0,3,2,6,dzakkubaɾaŋ,5,7,8,0,7,3,450.0,3.81,4,11000.0,7.98,6,h,6,#FF8C00,69.5,36.8,75.5,2,5,0,0,Q(促音単発)
ざぶざぶ,2,4096,0,2,2,1,dzabuzabu,7,5,3,2,8,9,150.0,1.03,3,18000.0,8.82,9,mc,3,#0000FF,32.3,79.2,-107.9,4,5,6,1,REDUP(畳語・同一)
ざぶん,4,0,0,2,2,4,dzabuŋ,8,8,9,7,7,9,120.0,0.46,8,20000.0,9.0,9,mc,3,#191970,15.9,31.7,-49.6,3,6,0,0,N(撥音単発)
ざらざら,4,1,0,3,2,1,dzaɾazaɾa,5,4,5,7,5,0,400.0,3.51,5,13000.0,8.27,4,c,2,#8B4513,37.5,26.4,41.0,4,5,6,1,REDUP(畳語・同一)
ざわざわ,7,4098,0,3,2,1,dzawazawa,4,5,2,3,8,6,320.0,2.94,3,16000.0,8.62,7,mc,3,#556B2F,42.2,-18.8,30.6,4,5,6,1,REDUP(畳語・同一)
ざんざん,2,4616,0,2,2,5,dzaŋzaŋ,7,4,8,5,6,9,280.0,2.61,4,14000.0,8.39,8,mc,3,#000080,13.0,47.5,-64.7,4,5,6,1,REDUP(畳語・同一)
ざんぶり,2,512,0,3,2,12,dzambuɾi,8,6,9,6,6,9,200.0,1.75,7,17000.0,8.72,9,c,2,#0000CD,25.0,67.2,-91.5,5,5,5,8,COMPOUND(複合・異種)
しいん,2,4104,0,1,1,4,ɕiiŋ,1,1,2,9,9,2,2500.0,8.15,0,100.0,0.0,1,cc,1,#F0F8FF,97.2,-1.3,-4.3,3,6,0,0,N(撥音単発)
しくしく,2,4105,0,1,1,1,ɕikuɕiku,2,4,2,7,8,7,1200.0,6.29,5,500.0,2.73,6,c,2,#B0C4DE,78.5,-1.3,-15.2,4,5,6,1,REDUP(畳語・同一)
しこしこ,2,0,0,1,1,1,ɕikoɕiko,4,6,7,8,4,4,500.0,4.07,6,3000.0,5.78,7,mc,3,#F5DEB3,89.4,1.5,24.0,4,5,6,1,REDUP(畳語・同一)
しっかり,2,0,0,1,1,10,ɕikkaɾi,6,8,9,9,2,2,600.0,4.54,8,5000.0,6.65,9,0,4,#708090,52.8,-2.1,-10.6,5,5,5,8,COMPOUND(複合・異種)
しっくり,4,65,0,1,1,10,ɕikkuɾi,3,4,6,8,6,5,450.0,3.81,6,2000.0,5.09,8,mh,5,#808080,53.6,-0.0,0.0,5,5,5,8,COMPOUND(複合・異種)
しっとり,4,9,0,1,1,10,ɕittoɾi,3,2,3,4,8,8,350.0,3.17,4,1200.0,4.22,9,mh,5,#D8BFD8,80.1,13.2,-9.2,5,5,5,8,COMPOUND(複合・異種)
しっぽり,4,69,0,5,1,10,ɕippoɾi,4,3,4,5,7,9,300.0,2.78,5,1500.0,4.6,9,hh,7,#FF69B4,65.5,64.2,-10.6,5,5,5,8,COMPOUND(複合・異種)
しとしと,2,4227,0,1,1,1,ɕitoɕito,2,2,2,3,9,8,400.0,3.51,2,400.0,2.35,7,mc,3,#778899,55.9,-2.2,-11.1,4,5,6,1,REDUP(畳語・同一)
しゃあしゃあ,2,8,0,1,1,1,ɕaaɕaa,3,2,5,1,9,4,800.0,5.26,0,5000.0,6.65,3,h,6,#FFFFFF,100.0,-0.0,0.0,4,5,6,1,REDUP(畳語・同一)
しゃきしゃき,4,4128,0,1,1,1,ɕakiɕaki,3,7,8,4,3,2,1500.0,6.86,7,8000.0,7.44,6,c,2,#90EE90,86.5,-46.3,36.9,4,5,6,1,REDUP(畳語・同一)
しゃなりしゃなり,4,10,0,1,1,9,ɕanaɾiɕanaɾi,2,2,4,2,9,5,450.0,3.81,3,1000.0,3.91,3,mh,5,#E6E6FA,91.8,3.7,-9.7,4,5,6,1,REDUP(畳語・同一)
しゃん,4,0,0,1,1,4,ɕaŋ,3,7,9,8,5,2,700.0,4.93,7,3500.0,6.04,8,h,6,#FFFFFF,100.0,-0.0,0.0,3,6,0,0,N(撥音単発)
しゅっぽしゅっぽ,4,2,0,5,1,3,ɕuppoɕuppo,6,6,8,5,6,7,250.0,2.32,6,7000.0,7.22,8,h,6,#696969,44.4,-0.0,0.0,4,5,6,1,REDUP(畳語・同一)
しゅるしゅる,2,3,0,1,1,1,ɕuɾuɕuɾu,2,5,6,2,9,3,900.0,5.56,4,5000.0,6.65,4,mc,3,#AFEEEE,90.1,-19.6,-6.4,4,5,6,1,REDUP(畳語・同一)
しゅーしゅー,2,4136,0,1,1,17,ɕuːɕuː,3,2,7,1,9,3,1100.0,6.07,0,8000.0,7.44,5,h,6,#FFFFFF,100.0,-0.0,0.0,4,5,6,1,REDUP(畳語・同一)
しょぼしょぼ,4,0,0,3,2,1,ɕoboɕobo,5,3,1,6,8,7,220.0,2.0,4,600.0,3.04,8,c,2,#708090,52.8,-2.1,-10.6,4,5,6,1,REDUP(畳語・同一)
しょんぼり,2,512,0,3,2,12,ɕomboɾi,6,2,2,8,6,6,200.0,1.75,5,400.0,2.35,7,c,2,#483D8B,30.8,26.1,-42.1,5,5,5,8,COMPOUND(複合・異種)
しわしわ,4,1,0,1,1,1,ɕiwaɕiwa,2,3,1,7,7,1,500.0,4.07,3,3000.0,5.78,2,mc,3,#D2B48C,75.0,5.0,24.4,4,5,6,1,REDUP(畳語・同一)
しん,3,0,0,1,1,4,ɕiŋ,3,7,9,8,5,4,1200.0,6.29,7,100.0,0.0,8,cc,1,#F0F8FF,97.2,-1.3,-4.3,3,6,0,0,N(撥音単発)
しんしん,4,128,0,1,1,5,ɕiŋɕiŋ,3,1,3,9,9,4,300.0,2.78,0,200.0,1.18,4,cc,1,#FFFFFF,100.0,-0.0,0.0,4,5,6,1,REDUP(畳語・同一)
しんなり,4,1,0,1,1,12,ɕinnaɾi,4,3,2,4,8,8,250.0,2.32,4,900.0,3.73,8,mh,5,#F5F5DC,95.9,-4.2,12.0,5,5,5,8,COMPOUND(複合・異種)
しんみり,4,128,0,1,1,12,ɕimmiɾi,5,2,3,7,7,7,220.0,2.0,3,500.0,2.73,6,mh,5,#4B0082,20.5,51.7,-53.3,5,5,5,8,COMPOUND(複合・異種)
しーっ,4,8,0,1,1,18,ɕiːʔ,1,9,9,9,9,1,3000.0,8.61,9,15000.0,8.51,9,c,2,#F0FFFF,98.9,-4.9,-1.7,2,7,7,1,LONG(長音ー)
じくじく,2,0,0,3,2,1,dʑikudʑiku,6,4,2,8,5,9,180.0,1.49,5,1200.0,4.22,9,mc,3,#556B2F,42.2,-18.8,30.6,4,5,6,1,REDUP(畳語・同一)
じたばた,4,16387,0,3,2,32,dʑitabata,6,8,3,5,7,4,350.0,3.17,7,6500.0,7.09,6,h,6,#FF4500,57.6,67.8,69.0,5,5,5,8,COMPOUND(複合・異種)
じっくり,4,8,0,3,2,10,dʑikkuɾi,7,2,6,9,4,6,280.0,2.61,7,1800.0,4.91,8,mh,5,#8B4513,37.5,26.4,41.0,5,5,5,8,COMPOUND(複合・異種)
じっと,4,4128,0,3,2,2,dʑitto,6,1,9,9,3,4,300.0,2.78,9,500.0,2.73,9,mc,3,#000000,0.0,0.0,0.0,3,4,0,0,Qto(っと)
じとじと,4,0,0,3,2,1,dʑitodʑito,6,2,2,7,7,9,240.0,2.22,3,1000.0,3.91,9,mc,3,#2F4F4F,31.3,-11.7,-3.7,4,5,6,1,REDUP(畳語・同一)
じめじめ,4,0,0,3,2,1,dʑimedʑime,6,1,1,8,6,9,150.0,1.03,2,800.0,3.53,9,mc,3,#4B3621,24.5,6.4,16.8,4,5,6,1,REDUP(畳語・同一)
じゃかじゃか,4,0,0,3,2,1,dʑakadʑaka,5,7,6,2,6,3,400.0,3.51,6,9500.0,7.74,7,h,6,#DAA520,70.8,8.5,68.8,4,5,6,1,REDUP(畳語・同一)
じゃぶじゃぶ,2,4098,0,2,2,1,dʑabudʑabu,7,6,5,2,8,9,140.0,0.85,4,19000.0,8.91,9,mc,3,#0000CD,25.0,67.2,-91.5,4,5,6,1,REDUP(畳語・同一)
じゃらじゃら,2,0,0,3,2,1,dʑaɾadʑaɾa,4,6,6,3,4,2,800.0,5.26,5,11000.0,7.98,6,mc,3,#FFD700,86.9,-1.9,87.1,4,5,6,1,REDUP(畳語・同一)
じゃんじゃん,4,4136,0,2,2,5,dʑandʑaŋ,7,7,9,3,5,5,300.0,2.78,4,12000.0,8.13,8,h,6,#FF0000,53.2,80.1,67.2,4,5,6,1,REDUP(畳語・同一)
じゅー,4,13,0,2,2,16,dʑuː,6,2,7,3,9,9,600.0,4.54,0,10000.0,7.82,9,hhh,8,#FF4500,57.6,67.8,69.0,2,7,7,1,LONG(長音ー)
じょきじょき,4,4128,0,3,2,1,dʑokidʑoki,6,7,8,8,2,3,500.0,4.07,7,8500.0,7.55,7,mc,3,#708090,52.8,-2.1,-10.6,4,5,6,1,REDUP(畳語・同一)
じりじり,2,4100,0,3,2,9,dʑiɾidʑiɾi,6,6,7,9,4,3,800.0,5.26,5,14000.0,8.39,8,hhh,8,#FF8C00,69.5,36.8,75.5,4,5,6,1,REDUP(畳語・同一)
じろじろ,4,0,0,3,2,1,dʑiɾodʑiɾo,5,4,9,7,7,5,350.0,3.17,3,2000.0,5.09,6,c,2,#000000,0.0,0.0,0.0,4,5,6,1,REDUP(畳語・同一)
じろっ,4,8,0,3,2,2,dʑiɾoʔ,6,9,9,8,6,4,400.0,3.51,9,5000.0,6.65,9,c,2,#000000,0.0,0.0,0.0,2,5,0,0,Q(促音単発)
じわじわ,4,0,0,3,2,1,dʑiwadʑiwa,5,2,4,8,8,7,200.0,1.75,2,1200.0,4.22,8,mh,5,#800000,25.5,48.0,38.1,4,5,6,1,REDUP(畳語・同一)
じんじん,4,0,0,2,2,5,dʑindʑiŋ,6,6,8,9,4,4,600.0,4.54,4,9000.0,7.64,8,h,6,#FF0000,53.2,80.1,67.2,4,5,6,1,REDUP(畳語・同一)
じーじー,2,0,0,2,2,17,dʑiːdʑiː,5,2,6,9,4,2,1000.0,5.83,0,13000.0,8.27,6,mc,3,#556B2F,42.2,-18.8,30.6,4,5,6,1,REDUP(畳語・同一)
すいすい,4,3,0,1,1,1,suisui,1,4,3,0,9,5,500.0,4.07,3,4000.0,6.27,1,h,6,#E0FFFF,97.9,-9.9,-3.4,4,5,6,1,REDUP(畳語・同一)
すかすか,4,4097,0,1,1,1,sukasuka,1,5,2,4,9,0,1400.0,6.68,4,12000.0,8.13,1,c,2,#F5F5F5,96.5,-0.0,0.0,4,5,6,1,REDUP(畳語・同一)
すかっ,4,0,0,1,1,2,sukaʔ,2,9,9,2,9,1,1500.0,6.86,9,18000.0,8.82,9,h,6,#FFFFFF,100.0,-0.0,0.0,2,5,0,0,Q(促音単発)
すくすく,4,0,0,1,1,1,sukusuku,2,4,8,0,8,5,450.0,3.81,2,2500.0,5.47,4,h,6,#ADFF2F,92.0,-52.5,81.9,4,5,6,1,REDUP(畳語・同一)
すくっ,4,8,0,1,1,2,sukuʔ,3,9,9,8,7,3,500.0,4.07,9,10000.0,7.82,9,h,6,#FFFFFF,100.0,-0.0,0.0,2,5,0,0,Q(促音単発)
すたこら,4,1,1,1,1,32,sutakoɾa,2,7,4,1,8,3,600.0,4.54,5,5000.0,6.65,5,h,6,#FFFFFF,100.0,-0.0,0.0,5,5,5,8,COMPOUND(複合・異種)
すたすた,4,0,0,1,1,1,sutasuta,3,6,8,3,7,2,550.0,4.32,6,4500.0,6.47,7,0,4,#708090,52.8,-2.1,-10.6,4,5,6,1,REDUP(畳語・同一)
すっかり,4,4128,0,1,1,10,sukkaɾi,2,8,9,6,9,2,800.0,5.26,8,9000.0,7.64,8,0,4,#FFFFFF,100.0,-0.0,0.0,5,5,5,8,COMPOUND(複合・異種)
すっきり,4,0,1,1,1,10,sukkiɾi,2,7,9,4,9,3,1000.0,5.83,7,10000.0,7.82,7,h,6,#00FFFF,91.1,-48.1,-14.1,5,5,5,8,COMPOUND(複合・異種)
すってんころり,4,1,0,1,1,14,sutteŋkoɾoɾi,4,8,4,2,8,3,400.0,3.51,8,5000.0,6.65,6,mc,3,#FFFFFF,100.0,-0.0,0.0,6,4,0,1,QRI(促音挿入り)
すってんてん,4,513,0,1,1,6,suttenteŋ,3,7,7,5,9,0,600.0,4.54,6,2000.0,5.09,5,c,2,#BEBEBE,77.0,-0.0,0.0,2,5,0,0,Q(促音単発)
すっぱり,4,24,1,5,1,10,suppaɾi,4,8,9,7,7,2,700.0,4.93,8,11000.0,7.98,8,c,2,#FFFFFF,100.0,-0.0,0.0,5,5,5,8,COMPOUND(複合・異種)
すっぽんぽん,4,0,0,5,1,6,suppompoŋ,1,5,4,0,9,5,450.0,3.81,4,1000.0,3.91,3,h,6,#FFDAB9,89.4,8.1,21.0,2,5,0,0,Q(促音単発)
すてん,4,0,0,1,1,4,suteŋ,4,9,6,7,7,3,300.0,2.78,8,4000.0,6.27,8,mc,3,#808080,53.6,-0.0,0.0,3,6,0,0,N(撥音単発)
すとん,4,4128,0,1,1,4,sutoŋ,5,8,9,8,6,4,250.0,2.32,8,3500.0,6.04,9,mc,3,#696969,44.4,-0.0,0.0,3,6,0,0,N(撥音単発)
すぱすぱ,4,3,0,5,1,1,supasupa,2,7,6,2,8,3,800.0,5.26,6,9000.0,7.64,6,h,6,#FFFFFF,100.0,-0.0,0.0,4,5,6,1,REDUP(畳語・同一)
すぱっと,4,0,0,5,1,2,supatto,4,9,9,8,6,2,900.0,5.56,9,12000.0,8.13,9,h,6,#FFFFFF,100.0,-0.0,0.0,5,5,5,8,COMPOUND(複合・異種)
すぱり,2,16,1,5,1,8,supaɾi,3,7,8,4,8,3,850.0,5.42,7,7000.0,7.22,7,h,6,#FFFFFF,100.0,-0.0,0.0,4,6,0,0,RI(り単発)
すべすべ,4,1,0,3,2,1,subesube,1,2,2,0,9,4,400.0,3.51,2,100.0,0.0,1,mh,5,#FFF5EE,97.1,2.2,4.6,4,5,6,1,REDUP(畳語・同一)
すぽっ,4,8,0,5,1,2,supoʔ,3,9,9,7,8,6,450.0,3.81,9,14000.0,8.39,9,mh,5,#FFFFFF,100.0,-0.0,0.0,2,5,0,0,Q(促音単発)
すやすや,4,0,0,1,1,1,sujasuja,1,1,1,0,9,6,300.0,2.78,1,300.0,1.87,1,mh,5,#E6E6FA,91.8,3.7,-9.7,4,5,6,1,REDUP(畳語・同一)
すらすら,4,0,0,1,1,1,suɾasuɾa,1,5,3,0,9,2,600.0,4.54,4,4000.0,6.27,2,mh,5,#FFFFFF,100.0,-0.0,0.0,4,5,6,1,REDUP(畳語・同一)
すらり,4,1,1,1,1,8,suɾaɾi,1,6,7,2,9,3,650.0,4.74,5,3500.0,6.04,4,h,6,#F0FFFF,98.9,-4.9,-1.7,4,6,0,0,RI(り単発)
するする,4,1,0,1,1,1,suɾusuɾu,1,4,4,1,9,4,550.0,4.32,3,2500.0,5.47,3,mc,3,#FFFFFF,100.0,-0.0,0.0,4,5,6,1,REDUP(畳語・同一)
するっと,4,8,0,1,1,2,suɾutto,2,8,8,3,9,4,600.0,4.54,8,7000.0,7.22,7,h,6,#FFFFFF,100.0,-0.0,0.0,5,5,5,8,COMPOUND(複合・異種)
すれすれ,4,0,0,1,1,1,suɾesuɾe,4,4,9,9,6,2,700.0,4.93,4,11000.0,7.98,8,c,2,#808080,53.6,-0.0,0.0,4,5,6,1,REDUP(畳語・同一)
すんなり,2,0,0,1,1,12,sunnaɾi,2,4,5,2,9,7,300.0,2.78,4,1200.0,4.22,6,mh,5,#F5F5DC,95.9,-4.2,12.0,5,5,5,8,COMPOUND(複合・異種)
ずかずか,4,0,0,3,2,1,dzukazuka,7,7,9,0,6,2,350.0,3.17,6,8000.0,7.44,8,h,6,#8B0000,28.1,51.0,41.3,4,5,6,1,REDUP(畳語・同一)
ずきずき,20,0,2,3,2,1,dzukizuki,7,5,8,9,4,5,450.0,3.81,5,9000.0,7.64,9,h,6,#FF0000,53.2,80.1,67.2,4,5,6,1,REDUP(畳語・同一)
ずけずけ,4,0,0,3,2,1,dzukezuke,6,7,9,4,6,2,380.0,3.38,7,10000.0,7.82,8,h,6,#FF4500,57.6,67.8,69.0,4,5,6,1,REDUP(畳語・同一)
ずしっ,4,520,0,3,2,2,dzuɕiʔ,9,9,9,9,2,4,220.0,2.0,9,16000.0,8.62,9,mc,3,#000000,0.0,0.0,0.0,2,5,0,0,Q(促音単発)
ずずん,2,4096,0,2,2,4,dzuzuŋ,9,3,7,7,3,6,100.0,0.0,2,6000.0,6.95,9,c,2,#000000,0.0,0.0,0.0,3,6,0,0,N(撥音単発)
ずたずた,4,8,0,3,2,1,dzutazuta,7,8,8,6,4,2,300.0,2.78,7,12000.0,8.13,7,c,2,#8B4513,37.5,26.4,41.0,4,5,6,1,REDUP(畳語・同一)
ずっしり,4,512,0,3,2,10,dzuɕɕiɾi,9,4,8,9,3,5,200.0,1.75,6,4500.0,6.47,9,mc,3,#2F4F4F,31.3,-11.7,-3.7,5,5,5,8,COMPOUND(複合・異種)
ずばずば,4,4128,0,2,2,1,dzubazuba,6,7,9,1,7,4,320.0,2.94,6,11000.0,7.98,8,h,6,#FF0000,53.2,80.1,67.2,4,5,6,1,REDUP(畳語・同一)
ずるずる,4,0,0,3,2,1,dzuɾuzuɾu,7,2,3,8,6,8,180.0,1.49,2,1500.0,4.6,9,mc,3,#556B2F,42.2,-18.8,30.6,4,5,6,1,REDUP(畳語・同一)
ずんぐり,8,2048,0,3,2,12,dzuŋɡuɾi,7,2,4,9,4,7,160.0,1.19,4,900.0,3.73,9,c,2,#4B3621,24.5,6.4,16.8,5,5,5,8,COMPOUND(複合・異種)
ずんずん,4,0,0,2,2,5,dzuŋzuŋ,8,6,9,3,5,5,220.0,2.0,2,8000.0,7.44,9,h,6,#000080,13.0,47.5,-64.7,4,5,6,1,REDUP(畳語・同一)
せかせか,4,0,0,1,1,1,sekaseka,4,8,5,8,7,2,800.0,5.26,7,9000.0,7.64,6,h,6,#FF8C00,69.5,36.8,75.5,4,5,6,1,REDUP(畳語・同一)
せっせと,4,4128,0,1,1,2,sesseto,5,7,8,8,6,3,600.0,4.54,7,7000.0,7.22,7,mh,5,#DAA520,70.8,8.5,68.8,5,5,5,8,COMPOUND(複合・異種)
せりせり,2,4096,0,1,1,9,seɾiseɾi,4,5,5,9,5,2,1100.0,6.07,5,12000.0,8.13,7,c,2,#C0C0C0,77.7,-0.0,0.0,4,5,6,1,REDUP(畳語・同一)
そそくさ,4,9,0,1,1,32,sosokusa,2,8,3,2,9,1,900.0,5.56,8,7000.0,7.22,4,mh,5,#FFFFFF,100.0,-0.0,0.0,5,5,5,8,COMPOUND(複合・異種)
そっくり,4,4128,0,1,1,10,sokkuɾi,5,7,9,9,3,4,500.0,4.07,8,4000.0,6.27,9,mc,3,#808080,53.6,-0.0,0.0,5,5,5,8,COMPOUND(複合・異種)
そよそよ,2,4096,0,1,1,1,sojosojo,1,2,2,0,9,4,350.0,3.17,2,300.0,1.87,1,mh,5,#F0FFF0,98.6,-7.6,5.5,4,5,6,1,REDUP(畳語・同一)
そろそろ,4,1,0,1,1,1,soɾosoɾo,3,3,4,5,9,5,320.0,2.94,3,900.0,3.73,4,mh,5,#F5F5DC,95.9,-4.2,12.0,4,5,6,1,REDUP(畳語・同一)
そろり,4,3,0,1,1,8,soɾoɾi,2,4,6,7,9,4,400.0,3.51,5,1500.0,4.6,5,mh,5,#FFFFFF,100.0,-0.0,0.0,4,6,0,0,RI(り単発)
そわそわ,8,2049,2,1,1,1,sowasowa,3,6,2,4,8,5,380.0,3.38,5,4500.0,6.47,5,h,6,#FFFFE0,99.3,-5.1,14.8,4,5,6,1,REDUP(畳語・同一)
ぞくぞく,4,2,0,3,2,1,dzokuzoku,6,7,6,9,5,3,300.0,2.78,7,11000.0,7.98,8,ccc,0,#00FFFF,91.1,-48.1,-14.1,4,5,6,1,REDUP(畳語・同一)
ぞっ,4,2056,0,2,2,2,dzoʔ,7,9,8,9,4,2,280.0,2.61,9,15000.0,8.51,9,ccc,0,#000000,0.0,0.0,0.0,2,5,0,0,Q(促音単発)
ぞっこん,4,4192,0,3,2,6,dzokkoŋ,6,8,9,9,4,5,350.0,3.17,8,9000.0,7.64,9,hh,7,#FF0000,53.2,80.1,67.2,5,5,5,8,COMPOUND(複合・異種)
ぞりぞり,2,1,0,3,2,9,dzoɾizoɾi,6,6,7,8,4,1,450.0,3.81,6,13000.0,8.27,7,c,2,#556B2F,42.2,-18.8,30.6,4,5,6,1,REDUP(畳語・同一)
ぞろぞろ,4,3,0,3,2,1,dzoɾozoɾo,6,3,3,4,8,7,220.0,2.0,2,3500.0,6.04,8,mc,3,#8B4513,37.5,26.4,41.0,4,5,6,1,REDUP(畳語・同一)
たじたじ,4,0,0,3,2,1,tadʑitadʑi,4,7,3,7,7,5,400.0,3.51,7,1500.0,4.6,5,c,2,#BDB76B,73.4,-8.8,39.3,4,5,6,1,REDUP(畳語・同一)
たっぷり,4,16384,0,5,1,10,tappuɾi,5,4,5,3,8,9,300.0,2.78,6,2500.0,5.47,9,mh,5,#FFD700,86.9,-1.9,87.1,5,5,5,8,COMPOUND(複合・異種)
たらたら,6,16386,0,1,1,1,taɾataɾa,3,4,2,2,9,9,280.0,2.61,3,1000.0,3.91,9,mh,5,#4169E1,47.8,26.3,-65.3,4,5,6,1,REDUP(畳語・同一)
だくだく,3,4096,0,3,2,1,dakudaku,6,5,4,3,8,9,220.0,2.0,5,2000.0,5.09,9,mh,5,#1E90FF,59.4,10.0,-63.4,4,5,6,1,REDUP(畳語・同一)
だぶだぶ,4,1,0,2,2,1,dabudabu,7,3,2,4,9,9,150.0,1.03,2,1200.0,4.22,9,c,2,#191970,15.9,31.7,-49.6,4,5,6,1,REDUP(畳語・同一)
だらだら,4,0,0,3,2,1,daɾadaɾa,6,2,1,4,9,9,180.0,1.49,1,800.0,3.53,9,mh,5,#556B2F,42.2,-18.8,30.6,4,5,6,1,REDUP(畳語・同一)
だーん,2,4128,0,2,2,20,daːŋ,9,7,9,6,2,4,150.0,1.03,3,9000.0,7.64,9,h,6,#8B0000,28.1,51.0,41.3,3,8,5,1,LONG+N(長音+ん)
ちかちか,2,4096,0,1,1,1,tɕikatɕika,2,8,6,5,6,1,2500.0,8.15,8,18000.0,8.82,4,h,6,#FFFF00,97.1,-21.6,94.5,4,5,6,1,REDUP(畳語・同一)
ちくちく,20,0,2,1,1,1,tɕikutɕiku,3,7,8,8,3,1,2000.0,7.58,7,15000.0,8.51,6,c,2,#808080,53.6,-0.0,0.0,4,5,6,1,REDUP(畳語・同一)
ちぐはぐ,4,0,0,3,2,32,tɕiɡuhaɡu,4,6,3,6,6,4,450.0,3.81,6,5000.0,6.65,5,0,4,#778899,55.9,-2.2,-11.1,5,5,5,8,COMPOUND(複合・異種)
ちびちび,4,0,0,3,2,1,tɕibitɕibi,2,3,5,9,7,6,600.0,4.54,5,600.0,3.04,4,mc,3,#F5F5DC,95.9,-4.2,12.0,4,5,6,1,REDUP(畳語・同一)
ちまちま,4,0,0,1,1,1,tɕimatɕima,3,3,4,8,6,6,500.0,4.07,4,400.0,2.35,5,mc,3,#BDB76B,73.4,-8.8,39.3,4,5,6,1,REDUP(畳語・同一)
ちゃっかり,4,4136,0,1,1,10,tɕakkaɾi,3,8,8,6,6,3,1200.0,6.29,8,6000.0,6.95,7,h,6,#FFD700,86.9,-1.9,87.1,5,5,5,8,COMPOUND(複合・異種)
ちゃらちゃら,2,4097,0,1,1,1,tɕaɾatɕaɾa,3,6,4,1,5,2,2500.0,8.15,5,14000.0,8.39,5,mh,5,#FF69B4,65.5,64.2,-10.6,4,5,6,1,REDUP(畳語・同一)
ちゃらんぽらん,4,0,0,5,1,4,tɕaɾampoɾaŋ,2,5,3,0,8,4,600.0,4.54,3,3000.0,5.78,4,h,6,#FFFF00,97.1,-21.6,94.5,3,6,0,0,N(撥音単発)
ちゃりん,2,8,0,1,1,4,tɕaɾiŋ,3,8,9,7,1,2,3000.0,8.61,9,12000.0,8.13,8,c,2,#C0C0C0,77.7,-0.0,0.0,3,6,0,0,N(撥音単発)
ちゃん,6,0,0,1,1,4,tɕaŋ,3,7,8,7,5,4,650.0,4.74,8,3500.0,6.04,7,h,6,#FFFFFF,100.0,-0.0,0.0,3,6,0,0,N(撥音単発)
ちやほや,2,16448,0,1,1,32,tɕijahoja,2,3,2,1,9,6,500.0,4.07,2,1000.0,3.91,2,hh,7,#FFC0CB,83.6,24.1,3.3,5,5,5,8,COMPOUND(複合・異種)
ちゅっ,4,0,0,1,1,2,tɕuʔ,3,9,9,9,7,5,2000.0,7.58,9,14000.0,8.39,9,hh,7,#FF69B4,65.5,64.2,-10.6,2,5,0,0,Q(促音単発)
ちゅんちゅん,2,4128,0,1,1,5,tɕuntɕuŋ,2,6,7,5,8,4,2500.0,8.15,6,12000.0,8.13,6,h,6,#FFFACD,97.6,-5.4,22.2,4,5,6,1,REDUP(畳語・同一)
ちゅーちゅー,4,9,0,1,1,17,tɕuːtɕuː,2,2,5,5,9,7,2800.0,8.44,0,5000.0,6.65,5,mh,5,#FFB6C1,81.1,28.0,5.0,4,5,6,1,REDUP(畳語・同一)
ちょいちょい,2,4099,0,1,1,1,tɕoitɕoi,2,7,4,4,8,4,1200.0,6.29,6,4000.0,6.27,5,h,6,#FFFFFF,100.0,-0.0,0.0,4,5,6,1,REDUP(畳語・同一)
ちょきちょき,4,4130,0,1,1,1,tɕokitɕoki,4,8,8,8,3,2,1500.0,6.86,8,9000.0,7.64,7,mc,3,#708090,52.8,-2.1,-10.6,4,5,6,1,REDUP(畳語・同一)
ちょくちょく,4,8,0,1,1,1,tɕokutɕoku,3,7,6,7,6,4,900.0,5.56,7,6500.0,7.09,6,h,6,#FFFFFF,100.0,-0.0,0.0,4,5,6,1,REDUP(畳語・同一)
ちょこっ,4,2,0,1,1,2,tɕokoʔ,2,9,7,9,7,3,1100.0,6.07,9,8000.0,7.44,8,mh,5,#FFFFFF,100.0,-0.0,0.0,2,5,0,0,Q(促音単発)
ちょっきり,4,0,0,1,1,10,tɕokkiɾi,4,8,9,9,4,1,1300.0,6.49,8,10000.0,7.82,9,0,4,#000000,0.0,0.0,0.0,5,5,5,8,COMPOUND(複合・異種)
ちょっくら,4,11,0,1,1,2,tɕokkuɾa,3,8,5,4,8,3,800.0,5.26,7,5000.0,6.65,6,h,6,#FFFFFF,100.0,-0.0,0.0,5,5,5,8,COMPOUND(複合・異種)
ちょびちょび,4,0,0,3,2,1,tɕobitɕobi,2,4,4,9,8,6,1400.0,6.68,5,900.0,3.73,5,mc,3,#F5F5DC,95.9,-4.2,12.0,4,5,6,1,REDUP(畳語・同一)
ちょびっ,4,0,0,3,2,2,tɕobiʔ,3,9,8,9,7,5,1500.0,6.86,9,12000.0,8.13,9,mc,3,#FFFFFF,100.0,-0.0,0.0,2,5,0,0,Q(促音単発)
ちょろちょろ,4,0,0,1,1,1,tɕoɾotɕoɾo,2,5,2,1,9,9,1000.0,5.83,4,2500.0,5.47,9,mh,5,#E0FFFF,97.9,-9.9,-3.4,4,5,6,1,REDUP(畳語・同一)
ちょろり,2,3,0,1,1,8,tɕoɾoɾi,2,6,5,3,9,8,900.0,5.56,6,3000.0,5.78,8,mh,5,#F0F8FF,97.2,-1.3,-4.3,4,6,0,0,RI(り単発)
ちらちら,6,0,0,1,1,1,tɕiɾatɕiɾa,1,6,2,2,9,2,1800.0,7.32,4,12000.0,8.13,3,c,2,#FFFFFF,100.0,-0.0,0.0,4,5,6,1,REDUP(畳語・同一)
ちらほら,4,0,0,1,1,32,tɕiɾahoɾa,2,5,1,1,9,4,1200.0,6.29,3,8000.0,7.44,2,c,2,#F5F5F5,96.5,-0.0,0.0,5,5,5,8,COMPOUND(複合・異種)
ちんちろりん,2,12288,0,1,1,4,tɕintɕiɾoɾiŋ,2,6,7,5,3,2,3500.0,9.0,5,15000.0,8.51,6,c,2,#C0C0C0,77.7,-0.0,0.0,3,6,0,0,N(撥音単発)
ちんまり,4,0,0,1,1,12,tɕimmaɾi,3,2,4,9,6,6,400.0,3.51,3,400.0,2.35,6,mh,5,#BDB76B,73.4,-8.8,39.3,5,5,5,8,COMPOUND(複合・異種)
つかつか,4,0,0,1,1,1,tsukatsuka,5,7,9,3,6,2,500.0,4.07,6,8000.0,7.44,8,h,6,#8B0000,28.1,51.0,41.3,4,5,6,1,REDUP(畳語・同一)
つくづく,4,512,0,3,2,32,tsukuzuku,6,2,4,9,4,7,220.0,2.0,2,1200.0,4.22,9,mc,3,#4B0082,20.5,51.7,-53.3,5,5,5,8,COMPOUND(複合・異種)
つべこべ,2,8,0,3,2,32,tsubekobe,5,6,6,6,6,6,450.0,3.81,5,7000.0,7.22,7,h,6,#DAA520,70.8,8.5,68.8,5,5,5,8,COMPOUND(複合・異種)
つやつや,4,1,0,1,1,1,tsujatsuja,1,2,2,0,9,6,600.0,4.54,1,100.0,0.0,2,mh,5,#FFB6C1,81.1,28.0,5.0,4,5,6,1,REDUP(畳語・同一)
つるつる,6,1,0,1,1,1,tsuɾutsuɾu,1,3,2,0,9,8,450.0,3.81,2,150.0,0.69,4,mh,5,#F0FFFF,98.9,-4.9,-1.7,4,5,6,1,REDUP(畳語・同一)
つん,4,0,0,1,1,4,tsuŋ,4,7,9,8,5,3,900.0,5.56,7,9000.0,7.64,9,c,2,#FFFFFF,100.0,-0.0,0.0,3,6,0,0,N(撥音単発)
つんつん,4,0,0,1,1,5,tsuntsuŋ,4,6,9,9,3,2,800.0,5.26,4,11000.0,7.98,8,c,2,#FFFFFF,100.0,-0.0,0.0,4,5,6,1,REDUP(畳語・同一)
つーかー,2,11,0,1,1,16,tsuːkaː,3,2,5,2,8,3,500.0,4.07,0,2000.0,5.09,4,h,6,#F5F5F5,96.5,-0.0,0.0,5,5,5,8,COMPOUND(複合・異種)
てかてか,4,1,0,1,1,1,tekateka,2,4,3,0,9,4,1100.0,6.07,3,5000.0,6.65,3,h,6,#FFD700,86.9,-1.9,87.1,4,5,6,1,REDUP(畳語・同一)
てきぱき,4,0,0,5,1,32,tekipaki,4,8,9,5,6,3,1000.0,5.83,8,9000.0,7.64,7,h,6,#FFFFFF,100.0,-0.0,0.0,5,5,5,8,COMPOUND(複合・異種)
てくてく,4,0,0,1,1,1,tekuteku,4,5,7,5,6,3,400.0,3.51,5,4500.0,6.47,6,0,4,#708090,52.8,-2.1,-10.6,4,5,6,1,REDUP(畳語・同一)
てっきり,4,4128,0,1,1,10,tekkiɾi,5,8,9,8,4,2,600.0,4.54,8,8000.0,7.44,9,0,4,#000000,0.0,0.0,0.0,5,5,5,8,COMPOUND(複合・異種)
てらてら,4,1,0,1,1,1,teɾateɾa,3,4,2,1,9,7,500.0,4.07,3,4000.0,6.27,5,mh,5,#DAA520,70.8,8.5,68.8,4,5,6,1,REDUP(畳語・同一)
でかでか,4,0,0,3,2,1,dekadeka,8,4,8,2,5,4,250.0,2.32,3,7000.0,7.22,9,mc,3,#000000,0.0,0.0,0.0,4,5,6,1,REDUP(畳語・同一)
でっぷり,4,512,0,7,2,10,deppuɾi,9,2,3,9,4,8,180.0,1.49,5,1500.0,4.6,9,c,2,#4B3621,24.5,6.4,16.8,5,5,5,8,COMPOUND(複合・異種)
でぶでぶ,4,512,0,2,2,1,debudebu,8,3,2,7,5,9,150.0,1.03,3,1200.0,4.22,9,mc,3,#8B4513,37.5,26.4,41.0,4,5,6,1,REDUP(畳語・同一)
でれでれ,4,5,0,3,2,1,deɾedeɾe,3,1,1,2,9,8,280.0,2.61,1,800.0,3.53,7,hh,7,#FFC0CB,83.6,24.1,3.3,4,5,6,1,REDUP(畳語・同一)
でん,4,512,0,2,2,4,deŋ,9,2,9,9,2,4,150.0,1.03,7,500.0,2.73,9,mc,3,#000000,0.0,0.0,0.0,3,6,0,0,N(撥音単発)
とことこ,4,1,0,1,1,1,tokotoko,3,5,6,3,7,3,400.0,3.51,5,3500.0,6.04,5,mh,5,#FFFFFF,100.0,-0.0,0.0,4,5,6,1,REDUP(畳語・同一)
とっくり,4,0,0,1,1,10,tokkuɾi,6,3,5,9,5,7,250.0,2.32,8,2000.0,5.09,8,mh,5,#8B4513,37.5,26.4,41.0,5,5,5,8,COMPOUND(複合・異種)
とっと,4,4128,0,1,1,2,totto,4,9,8,3,6,2,600.0,4.54,9,11000.0,7.98,8,h,6,#FFFFFF,100.0,-0.0,0.0,3,4,0,0,Qto(っと)
とぼとぼ,4,512,0,3,2,1,tobotobo,7,2,1,6,6,6,200.0,1.75,3,500.0,2.73,7,c,2,#708090,52.8,-2.1,-10.6,4,5,6,1,REDUP(畳語・同一)
とろとろ,2,4097,0,1,1,1,toɾotoɾo,4,1,1,3,9,9,220.0,2.0,1,600.0,3.04,9,mh,5,#FFFACD,97.6,-5.4,22.2,4,5,6,1,REDUP(畳語・同一)
とんちんかん,4,8,0,1,1,4,tontɕiŋkaŋ,3,7,3,4,6,2,800.0,5.26,6,12000.0,8.13,4,0,4,#FFFF00,97.1,-21.6,94.5,3,6,0,0,N(撥音単発)
とんとん,4,0,0,1,1,5,tontoŋ,4,7,7,5,4,3,400.0,3.51,6,5500.0,6.81,7,mc,3,#A0522D,43.8,29.3,35.6,4,5,6,1,REDUP(畳語・同一)
どかっ,2,0,0,3,2,2,dokaʔ,9,9,9,8,3,3,180.0,1.49,9,18000.0,8.82,9,mc,3,#000000,0.0,0.0,0.0,2,5,0,0,Q(促音単発)
どかどか,4,0,0,3,2,1,dokadoka,8,8,7,3,6,3,250.0,2.32,7,15000.0,8.51,8,h,6,#8B0000,28.1,51.0,41.3,4,5,6,1,REDUP(畳語・同一)
どかん,2,4128,0,3,2,4,dokaŋ,9,8,9,7,2,4,120.0,0.46,9,20000.0,9.0,9,h,6,#000000,0.0,0.0,0.0,3,6,0,0,N(撥音単発)
どきっ,4,0,0,3,2,2,dokiʔ,7,9,8,9,5,5,350.0,3.17,9,13000.0,8.27,9,h,6,#FF0000,53.2,80.1,67.2,2,5,0,0,Q(促音単発)
どきどき,6,0,0,3,2,1,dokidoki,6,7,6,8,6,6,300.0,2.78,7,9000.0,7.64,8,h,6,#FF4500,57.6,67.8,69.0,4,5,6,1,REDUP(畳語・同一)
どぎまぎ,4,0,0,3,2,32,doɡimaɡi,5,7,3,7,7,6,400.0,3.51,6,6000.0,6.95,7,h,6,#FFD700,86.9,-1.9,87.1,5,5,5,8,COMPOUND(複合・異種)
どしどし,4,512,0,3,2,1,doɕidoɕi,8,7,8,4,5,3,280.0,2.61,6,11000.0,7.98,8,h,6,#8B4513,37.5,26.4,41.0,4,5,6,1,REDUP(畳語・同一)
どしゃどしゃ,4,512,0,3,2,1,doɕadoɕa,8,6,5,2,8,9,240.0,2.22,5,17000.0,8.72,9,mc,3,#4682B4,52.5,-4.1,-32.2,4,5,6,1,REDUP(畳語・同一)
どしんどしん,4,0,0,3,2,5,doɕindoɕiŋ,9,8,9,8,2,4,130.0,0.66,8,18000.0,8.82,9,mc,3,#000000,0.0,0.0,0.0,4,5,6,1,REDUP(畳語・同一)
どすんどすん,4,4128,0,3,2,5,dosundosuŋ,9,8,9,9,2,3,140.0,0.85,9,19000.0,8.91,9,mc,3,#2F4F4F,31.3,-11.7,-3.7,4,5,6,1,REDUP(畳語・同一)
どたばた,2,8,0,3,2,32,dotabata,8,8,4,3,6,4,320.0,2.94,8,14000.0,8.39,7,h,6,#8B4513,37.5,26.4,41.0,5,5,5,8,COMPOUND(複合・異種)
どっかり,4,0,0,3,2,10,dokkaɾi,9,5,8,9,3,5,200.0,1.75,8,3000.0,5.78,9,mc,3,#000000,0.0,0.0,0.0,5,5,5,8,COMPOUND(複合・異種)
どっさり,4,513,0,3,2,10,dossaɾi,8,4,6,3,7,6,280.0,2.61,7,6000.0,6.95,8,mc,3,#DAA520,70.8,8.5,68.8,5,5,5,8,COMPOUND(複合・異種)
どっしり,4,4640,0,3,2,10,doɕɕiɾi,9,3,9,9,2,5,180.0,1.49,6,2000.0,5.09,9,mc,3,#2F4F4F,31.3,-11.7,-3.7,5,5,5,8,COMPOUND(複合・異種)
どっと,4,4128,0,3,2,2,dotto,8,8,9,4,7,5,300.0,2.78,9,12000.0,8.13,8,h,6,#FF0000,53.2,80.1,67.2,3,4,0,0,Qto(っと)
どっぷり,4,0,0,7,2,10,doppuɾi,8,2,4,9,7,9,150.0,1.03,5,1800.0,4.91,9,mh,5,#000080,13.0,47.5,-64.7,5,5,5,8,COMPOUND(複合・異種)
どでん,4,512,0,2,2,4,dodeŋ,9,8,7,8,3,4,180.0,1.49,8,14000.0,8.39,9,mc,3,#000000,0.0,0.0,0.0,3,6,0,0,N(撥音単発)
どぶん,2,4608,0,2,2,4,dobuŋ,9,8,9,7,7,9,110.0,0.24,8,20000.0,9.0,9,mc,3,#191970,15.9,31.7,-49.6,3,6,0,0,N(撥音単発)
どぼん,4,0,0,2,2,4,doboŋ,8,8,9,8,7,9,130.0,0.66,9,19000.0,8.91,9,mc,3,#0000CD,25.0,67.2,-91.5,3,6,0,0,N(撥音単発)
どやどや,4,8,0,3,2,1,dojadoja,6,7,5,2,8,5,350.0,3.17,6,15000.0,8.51,7,h,6,#DAA520,70.8,8.5,68.8,4,5,6,1,REDUP(畳語・同一)
どろどろ,2,4097,0,3,2,1,doɾodoɾo,7,2,2,6,9,9,160.0,1.19,2,1100.0,4.07,9,mh,5,#4B3621,24.5,6.4,16.8,4,5,6,1,REDUP(畳語・同一)
どろん,4,9,0,3,2,4,doɾoŋ,5,8,8,4,9,6,280.0,2.61,8,6000.0,6.95,7,mc,3,#808080,53.6,-0.0,0.0,3,6,0,0,N(撥音単発)
どんちゃん,4,0,0,3,2,4,dontɕaŋ,7,8,6,1,5,4,500.0,4.07,7,16000.0,8.62,7,h,6,#FF0000,53.2,80.1,67.2,5,5,5,8,COMPOUND(複合・異種)
どんと,4,4128,0,3,2,4,donto,9,4,9,9,2,3,180.0,1.49,8,4000.0,6.27,9,mc,3,#000000,0.0,0.0,0.0,3,5,0,0,OTHER(単発)
どんどん,6,0,0,2,2,5,dondoŋ,8,7,9,5,3,4,200.0,1.75,5,14000.0,8.39,9,h,6,#8B0000,28.1,51.0,41.3,4,5,6,1,REDUP(畳語・同一)
どんぴしゃ,4,0,0,7,2,4,dompiɕa,5,9,9,9,4,2,600.0,4.54,9,13000.0,8.27,9,h,6,#FFFFFF,100.0,-0.0,0.0,5,5,5,8,COMPOUND(複合・異種)
どんみり,4,520,0,3,2,12,dommiɾi,7,2,3,8,6,7,180.0,1.49,4,600.0,3.04,8,mc,3,#483D8B,30.8,26.1,-42.1,5,5,5,8,COMPOUND(複合・異種)
どんより,4,512,0,3,2,12,doŋjoɾi,8,1,1,9,8,8,120.0,0.46,1,300.0,1.87,9,c,2,#2F4F4F,31.3,-11.7,-3.7,5,5,5,8,COMPOUND(複合・異種)
なびなび,2,4096,0,3,2,1,nabinabi,2,3,1,0,9,6,220.0,2.0,2,1500.0,4.6,4,mh,5,#F0E68C,90.3,-9.0,45.0,4,5,6,1,REDUP(畳語・同一)
なみなみ,2,9,0,1,1,1,naminami,4,2,2,3,9,9,240.0,2.22,1,800.0,3.53,9,mc,3,#00BFFF,72.5,-17.7,-42.5,4,5,6,1,REDUP(畳語・同一)
なよなよ,2,16385,0,1,1,1,najonajo,1,2,1,1,9,7,300.0,2.78,2,400.0,2.35,3,mh,5,#FFF0F5,96.1,5.9,-0.6,4,5,6,1,REDUP(畳語・同一)
にこっ,6,0,0,1,1,2,nikoʔ,2,9,8,5,7,4,1800.0,7.32,9,9000.0,7.64,8,h,6,#FFD700,86.9,-1.9,87.1,2,5,0,0,Q(促音単発)
にこにこ,4,0,0,1,1,1,nikoniko,2,5,5,2,8,3,1600.0,7.02,4,3500.0,6.04,4,h,6,#FFFF00,97.1,-21.6,94.5,4,5,6,1,REDUP(畳語・同一)
にこり,6,3,0,1,1,8,nikoɾi,2,6,7,3,8,4,1700.0,7.17,6,4000.0,6.27,6,h,6,#FFFACD,97.6,-5.4,22.2,4,6,0,0,RI(り単発)
にたにた,1,0,0,1,1,1,nitanita,3,4,2,8,6,5,450.0,3.81,5,1200.0,4.22,7,mc,3,#ADFF2F,92.0,-52.5,81.9,4,5,6,1,REDUP(畳語・同一)
にたり,10,16384,0,1,1,8,nitaɾi,3,7,6,7,7,6,500.0,4.07,6,2500.0,5.47,8,mc,3,#9ACD32,76.5,-38.0,66.6,4,6,0,0,RI(り単発)
にっ,4,16392,0,1,1,2,niʔ,3,9,9,9,4,2,2200.0,7.82,9,11000.0,7.98,9,h,6,#FFFFFF,100.0,-0.0,0.0,2,5,0,0,Q(促音単発)
にゃーにゃー,3,8201,0,1,1,17,ɲaːɲaː,2,2,4,1,9,7,800.0,5.26,0,1500.0,4.6,5,h,6,#FFB6C1,81.1,28.0,5.0,4,5,6,1,REDUP(畳語・同一)
にやにや,4,0,0,1,1,1,nijanija,2,3,1,3,8,6,400.0,3.51,2,1000.0,3.91,6,mh,5,#F0E68C,90.3,-9.0,45.0,4,5,6,1,REDUP(畳語・同一)
にやり,4,4136,0,1,1,8,nijaɾi,3,6,7,4,8,5,550.0,4.32,5,2800.0,5.66,7,h,6,#FFFFFF,100.0,-0.0,0.0,4,6,0,0,RI(り単発)
にゅるにゅる,2,9,0,1,1,1,ɲuɾuɲuɾu,5,4,2,9,7,9,180.0,1.49,2,600.0,3.04,9,mc,3,#556B2F,42.2,-18.8,30.6,4,5,6,1,REDUP(畳語・同一)
にょきにょき,4,8,0,1,1,1,ɲokiɲoki,4,6,8,4,5,4,600.0,4.54,6,4500.0,6.47,7,mh,5,#32CD32,72.6,-67.1,61.4,4,5,6,1,REDUP(畳語・同一)
にょろにょろ,4,3,0,1,1,1,ɲoɾoɲoɾo,3,3,1,2,9,8,300.0,2.78,1,1200.0,4.22,8,mc,3,#006400,36.2,-43.4,41.9,4,5,6,1,REDUP(畳語・同一)
ぬくぬく,12,2048,1,1,1,1,nukunuku,3,2,2,0,8,6,250.0,2.32,2,500.0,2.73,4,hh,7,#FFD700,86.9,-1.9,87.1,4,5,6,1,REDUP(畳語・同一)
ぬけぬけ,2,3,0,1,1,1,nukenuke,4,5,4,1,9,2,500.0,4.07,4,3000.0,5.78,3,h,6,#FFFFFF,100.0,-0.0,0.0,4,5,6,1,REDUP(畳語・同一)
ぬっと,4,0,0,1,1,2,nutto,6,8,9,9,6,4,220.0,2.0,9,9000.0,7.64,9,mc,3,#000000,0.0,0.0,0.0,3,4,0,0,Qto(っと)
ぬめぬめ,2,0,0,1,1,1,numenume,5,2,1,8,6,9,150.0,1.03,2,300.0,1.87,9,mc,3,#2F4F4F,31.3,-11.7,-3.7,4,5,6,1,REDUP(畳語・同一)
ぬらぬら,4,1,0,1,1,1,nuɾanuɾa,4,3,2,1,8,8,280.0,2.61,2,1500.0,4.6,8,mh,5,#4B3621,24.5,6.4,16.8,4,5,6,1,REDUP(畳語・同一)
ぬるぬる,2,8,0,1,1,1,nuɾunuɾu,4,2,1,3,9,9,200.0,1.75,1,700.0,3.31,9,mc,3,#000080,13.0,47.5,-64.7,4,5,6,1,REDUP(畳語・同一)
ねそねそ,4,0,0,1,1,1,nesoneso,5,1,1,9,4,6,180.0,1.49,1,400.0,2.35,7,c,2,#808080,53.6,-0.0,0.0,4,5,6,1,REDUP(畳語・同一)
ねちねち,4,1,0,1,1,1,netɕinetɕi,6,3,3,9,3,9,320.0,2.94,5,900.0,3.73,9,mh,5,#4B0082,20.5,51.7,-53.3,4,5,6,1,REDUP(畳語・同一)
ねっとり,4,1,0,1,1,10,nettoɾi,7,2,4,9,2,9,250.0,2.32,6,1100.0,4.07,9,mh,5,#DAA520,70.8,8.5,68.8,5,5,5,8,COMPOUND(複合・異種)
ねとねと,4,9,0,1,1,1,netoneto,6,2,2,8,4,9,200.0,1.75,2,800.0,3.53,9,mc,3,#8B4513,37.5,26.4,41.0,4,5,6,1,REDUP(畳語・同一)
ねばねば,3,1,0,3,2,1,nebaneba,7,3,3,7,5,9,180.0,1.49,3,1500.0,4.6,9,mc,3,#6B8E23,54.7,-28.2,49.7,4,5,6,1,REDUP(畳語・同一)
のこのこ,4,0,1,1,1,1,nokonoko,3,4,3,2,8,3,350.0,3.17,4,2800.0,5.66,4,0,4,#FFFFFF,100.0,-0.0,0.0,4,5,6,1,REDUP(畳語・同一)
のそのそ,4,514,0,1,1,1,nosonoso,7,2,1,6,6,5,180.0,1.49,3,600.0,3.04,7,c,2,#708090,52.8,-2.1,-10.6,4,5,6,1,REDUP(畳語・同一)
のっしのっし,4,16384,0,1,1,3,noɕɕinoɕɕi,9,6,8,8,3,4,120.0,0.46,7,12000.0,8.13,9,mc,3,#000000,0.0,0.0,0.0,4,5,6,1,REDUP(畳語・同一)
のっぺり,4,16,0,5,1,10,noppeɾi,5,2,5,4,7,2,280.0,2.61,6,5000.0,6.65,6,0,4,#D3D3D3,84.6,-0.0,0.0,5,5,5,8,COMPOUND(複合・異種)
のほほん,4,0,0,1,1,4,nohohoŋ,1,1,1,0,9,5,400.0,3.51,1,100.0,0.0,1,h,6,#F5F5DC,95.9,-4.2,12.0,5,5,5,8,COMPOUND(複合・異種)
のらくら,4,3,0,1,1,32,noɾakuɾa,2,3,1,1,9,3,450.0,3.81,2,3000.0,5.78,3,mh,5,#FFFFFF,100.0,-0.0,0.0,5,5,5,8,COMPOUND(複合・異種)
のろのろ,4,1,0,1,1,1,noɾonoɾo,6,1,1,7,8,6,150.0,1.03,1,400.0,2.35,8,c,2,#2F4F4F,31.3,-11.7,-3.7,4,5,6,1,REDUP(畳語・同一)
のんびり,4,0,0,3,2,12,nombiɾi,3,1,2,0,8,6,220.0,2.0,2,500.0,2.73,5,h,6,#FFFACD,97.6,-5.4,22.2,5,5,5,8,COMPOUND(複合・異種)
のーのー,2,8,0,1,1,17,noːnoː,4,1,1,2,9,5,200.0,1.75,0,200.0,1.18,6,mh,5,#F5F5F5,96.5,-0.0,0.0,4,5,6,1,REDUP(畳語・同一)
はあはあ,2,12,0,1,1,1,haahaa,6,4,2,0,9,7,500.0,4.07,1,8000.0,7.44,4,h,6,#FF4500,57.6,67.8,69.0,4,5,6,1,REDUP(畳語・同一)
はきはき,4,0,0,1,1,1,hakihaki,3,8,9,3,5,2,1200.0,6.29,8,9000.0,7.64,7,h,6,#FFFFFF,100.0,-0.0,0.0,4,5,6,1,REDUP(畳語・同一)
はくしょん,2,0,0,1,1,4,hakuɕoŋ,7,9,8,7,5,7,450.0,3.81,9,18000.0,8.82,9,h,6,#FFFFFF,100.0,-0.0,0.0,5,5,5,8,COMPOUND(複合・異種)
はっきり,4,0,0,1,1,10,hakkiɾi,4,8,9,8,4,1,800.0,5.26,8,11000.0,7.98,9,0,4,#000000,0.0,0.0,0.0,5,5,5,8,COMPOUND(複合・異種)
はっし,4,8,0,1,1,2,haɕɕi,6,9,9,9,3,2,1500.0,6.86,9,14000.0,8.39,9,c,2,#FFFFFF,100.0,-0.0,0.0,2,5,0,0,Q(促音単発)
はっと,4,0,0,1,1,2,hatto,5,9,8,9,4,4,650.0,4.74,9,12000.0,8.13,9,h,6,#FF0000,53.2,80.1,67.2,3,4,0,0,Qto(っと)
はらはら,12,2048,0,1,1,1,haɾahaɾa,1,5,2,1,9,3,550.0,4.32,4,4500.0,6.47,3,c,2,#FFFFFF,100.0,-0.0,0.0,4,5,6,1,REDUP(畳語・同一)
ばかっ,3,0,0,3,2,2,bakaʔ,8,9,9,8,3,3,180.0,1.49,9,16000.0,8.62,9,h,6,#FF0000,53.2,80.1,67.2,2,5,0,0,Q(促音単発)
ばしっ,4,0,0,3,2,2,baɕiʔ,8,9,9,9,2,2,1200.0,6.29,9,15000.0,8.51,9,h,6,#FFFFFF,100.0,-0.0,0.0,2,5,0,0,Q(促音単発)
ばしゃばしゃ,2,4096,0,3,2,1,baɕabaɕa,6,7,5,2,8,9,400.0,3.51,6,18000.0,8.82,8,mc,3,#4682B4,52.5,-4.1,-32.2,4,5,6,1,REDUP(畳語・同一)
ばたっ,4,0,0,3,2,2,bataʔ,9,9,9,8,3,4,150.0,1.03,9,19000.0,8.91,9,mc,3,#000000,0.0,0.0,0.0,2,5,0,0,Q(促音単発)
ばっさり,4,4128,0,3,2,10,bassaɾi,7,8,9,4,7,2,450.0,3.81,8,11000.0,7.98,8,c,2,#FFFFFF,100.0,-0.0,0.0,5,5,5,8,COMPOUND(複合・異種)
ばったばった,3,8,0,3,2,3,battabatta,8,8,8,5,4,4,250.0,2.32,7,14000.0,8.39,7,h,6,#8B4513,37.5,26.4,41.0,4,5,6,1,REDUP(畳語・同一)
ばったり,4,8,0,3,2,10,battaɾi,8,9,8,8,3,5,200.0,1.75,9,12000.0,8.13,9,mc,3,#000000,0.0,0.0,0.0,5,5,5,8,COMPOUND(複合・異種)
ばっちり,4,0,0,3,2,10,battɕiɾi,6,8,9,9,2,3,800.0,5.26,8,9000.0,7.64,9,h,6,#DAA520,70.8,8.5,68.8,5,5,5,8,COMPOUND(複合・異種)
ばんばん,2,8,0,2,2,5,bambaŋ,8,7,9,4,4,5,180.0,1.49,5,13000.0,8.27,9,h,6,#FF0000,53.2,80.1,67.2,4,5,6,1,REDUP(畳語・同一)
ぱきぱき,4,0,0,5,1,1,pakipaki,3,8,7,8,1,0,2500.0,8.15,8,11000.0,7.98,6,c,2,#FFFFFF,100.0,-0.0,0.0,4,5,6,1,REDUP(畳語・同一)
ぱくぱく,2,8,0,5,1,1,pakupaku,3,6,6,4,6,4,600.0,4.54,6,4500.0,6.47,7,mh,5,#FFDAB9,89.4,8.1,21.0,4,5,6,1,REDUP(畳語・同一)
ぱくり,2,0,0,5,1,8,pakuɾi,4,7,8,5,6,5,500.0,4.07,7,6000.0,6.95,8,mh,5,#FF8C00,69.5,36.8,75.5,4,6,0,0,RI(り単発)
ぱさぱさ,4,1,0,5,1,1,pasapasa,1,4,2,3,9,0,1200.0,6.29,5,10000.0,7.82,2,c,2,#D2B48C,75.0,5.0,24.4,4,5,6,1,REDUP(畳語・同一)
ぱちくり,4,11,0,5,1,8,patɕikuɾi,2,8,6,3,7,3,1500.0,6.86,8,8000.0,7.44,5,h,6,#FFFFFF,100.0,-0.0,0.0,5,5,5,8,COMPOUND(複合・異種)
ぱちぱち,2,20480,0,5,1,1,patɕipatɕi,3,8,7,6,3,1,2000.0,7.58,7,13000.0,8.27,7,h,6,#FF4500,57.6,67.8,69.0,4,5,6,1,REDUP(畳語・同一)
ぱっちり,4,4128,0,5,1,10,pattɕiɾi,3,8,9,9,4,3,1600.0,7.02,8,10000.0,7.82,9,h,6,#FFFFFF,100.0,-0.0,0.0,5,5,5,8,COMPOUND(複合・異種)
ぱらぱら,4,0,0,5,1,1,paɾapaɾa,1,6,3,1,9,1,900.0,5.56,5,9500.0,7.74,4,mc,3,#FFFFFF,100.0,-0.0,0.0,4,5,6,1,REDUP(畳語・同一)
ぱりっ,4,8,0,5,1,2,paɾiʔ,3,9,9,9,1,0,2800.0,8.44,9,16000.0,8.62,9,c,2,#FFFFFF,100.0,-0.0,0.0,2,5,0,0,Q(促音単発)
ぱりぱり,2,4105,0,5,1,9,paɾipaɾi,3,8,8,8,1,0,2500.0,8.15,7,14000.0,8.39,8,c,2,#CD853F,61.8,21.4,47.9,4,5,6,1,REDUP(畳語・同一)
ぱー,2,8,0,4,1,16,paː,2,1,1,0,9,3,600.0,4.54,0,2000.0,5.09,1,h,6,#FFD700,86.9,-1.9,87.1,2,7,7,1,LONG(長音ー)
ひしひし,2,4096,0,1,1,1,çiɕiçiɕi,4,6,7,9,3,4,1800.0,7.32,6,9000.0,7.64,8,c,2,#708090,52.8,-2.1,-10.6,4,5,6,1,REDUP(畳語・同一)
ひそひそ,4,0,0,1,1,1,çisoçiso,1,5,2,9,9,2,2200.0,7.82,5,4000.0,6.27,3,c,2,#2F4F4F,31.3,-11.7,-3.7,4,5,6,1,REDUP(畳語・同一)
ひっそり,4,128,0,1,1,10,çissoɾi,2,2,4,9,9,1,2500.0,8.15,6,500.0,2.73,9,cc,1,#F0F8FF,97.2,-1.3,-4.3,5,5,5,8,COMPOUND(複合・異種)
ひひーん,3,4136,0,1,1,20,çiçiːŋ,4,4,7,3,8,5,1400.0,6.68,1,10000.0,7.82,6,h,6,#FFFFFF,100.0,-0.0,0.0,5,5,5,8,COMPOUND(複合・異種)
ひやっ,4,0,0,1,1,2,çijaʔ,3,9,9,6,9,6,1200.0,6.29,9,15000.0,8.51,9,ccc,0,#E0FFFF,97.9,-9.9,-3.4,2,5,0,0,Q(促音単発)
ひゅうひゅう,2,4105,0,1,2,1,çuuçuu,2,3,5,1,9,3,2200.0,7.82,0,12000.0,8.13,5,c,2,#FFFFFF,100.0,-0.0,0.0,4,5,6,1,REDUP(畳語・同一)
ひゅるひゅる,4,1,0,1,1,1,çuɾuçuɾu,2,5,3,2,9,4,1800.0,7.32,3,9000.0,7.64,6,mc,3,#AFEEEE,90.1,-19.6,-6.4,4,5,6,1,REDUP(畳語・同一)
ひょいひょい,4,8,1,1,1,1,çoiçoi,2,7,4,2,9,3,1000.0,5.83,6,4000.0,6.27,4,h,6,#FFFFFF,100.0,-0.0,0.0,4,5,6,1,REDUP(畳語・同一)
ひょっ,4,0,0,1,1,2,çoʔ,3,9,8,8,8,2,1100.0,6.07,9,13000.0,8.27,9,h,6,#FFFFFF,100.0,-0.0,0.0,2,5,0,0,Q(促音単発)
ひょっこり,4,9,0,1,1,10,çokkoɾi,3,8,6,5,8,3,900.0,5.56,8,7000.0,7.22,8,h,6,#FFFFFF,100.0,-0.0,0.0,5,5,5,8,COMPOUND(複合・異種)
ひよひよ,1,1,0,1,1,1,çijoçijo,1,3,2,2,9,6,1300.0,6.49,2,800.0,3.53,2,mh,5,#FFFACD,97.6,-5.4,22.2,4,5,6,1,REDUP(畳語・同一)
ひらひら,4,3,0,1,1,1,çiɾaçiɾa,1,4,2,1,9,2,850.0,5.42,4,5000.0,6.65,3,mc,3,#FFFFFF,100.0,-0.0,0.0,4,5,6,1,REDUP(畳語・同一)
ひりひり,18,4101,0,1,1,9,çiɾiçiɾi,3,6,7,9,5,1,2400.0,8.04,5,14000.0,8.39,7,hh,7,#FF4500,57.6,67.8,69.0,4,5,6,1,REDUP(畳語・同一)
ひんやり,2,4100,0,1,1,12,çiŋjaɾi,3,3,4,6,9,7,750.0,5.1,5,900.0,3.73,8,cc,1,#AFEEEE,90.1,-19.6,-6.4,5,5,5,8,COMPOUND(複合・異種)
ひーひー,2,4096,0,1,1,17,çiːçiː,4,5,4,8,7,6,2200.0,7.82,1,11000.0,7.98,6,h,6,#FFFFFF,100.0,-0.0,0.0,4,5,6,1,REDUP(畳語・同一)
びくびく,4,512,0,3,2,1,bikubiku,6,7,3,9,5,5,400.0,3.51,7,7500.0,7.33,8,c,2,#808080,53.6,-0.0,0.0,4,5,6,1,REDUP(畳語・同一)
びくり,3,8,0,3,2,8,bikuɾi,7,8,8,8,6,4,350.0,3.17,8,9500.0,7.74,9,c,2,#000000,0.0,0.0,0.0,4,6,0,0,RI(り単発)
びしびし,4,0,0,3,2,1,biɕibiɕi,7,8,9,9,3,2,1400.0,6.68,7,12000.0,8.13,9,c,2,#000000,0.0,0.0,0.0,4,5,6,1,REDUP(畳語・同一)
びしゃびしゃ,2,4096,0,3,2,1,biɕabiɕa,6,5,3,3,8,9,220.0,2.0,4,18000.0,8.82,9,mc,3,#0000CD,25.0,67.2,-91.5,4,5,6,1,REDUP(畳語・同一)
びしょびしょ,2,4608,0,3,2,1,biɕobiɕo,7,4,2,4,8,9,180.0,1.49,2,17000.0,8.72,9,mc,3,#000080,13.0,47.5,-64.7,4,5,6,1,REDUP(畳語・同一)
びっしょり,2,0,0,3,2,10,biɕɕoɾi,6,5,4,7,7,9,250.0,2.32,7,3000.0,5.78,9,mh,5,#191970,15.9,31.7,-49.6,5,5,5,8,COMPOUND(複合・異種)
びっしり,4,32,0,3,2,10,biɕɕiɾi,7,4,9,9,3,3,1200.0,6.29,8,8500.0,7.55,9,c,2,#708090,52.8,-2.1,-10.6,5,5,5,8,COMPOUND(複合・異種)
びゅんびゅん,4,4128,0,2,2,5,bjumbjuŋ,7,7,9,3,8,4,350.0,3.17,4,15000.0,8.51,8,h,6,#1E90FF,59.4,10.0,-63.4,4,5,6,1,REDUP(畳語・同一)
ぴかっ,4,0,0,5,1,2,pikaʔ,4,9,9,2,9,1,2800.0,8.44,9,20000.0,9.0,9,h,6,#FFFFFF,100.0,-0.0,0.0,2,5,0,0,Q(促音単発)
ぴかぴか,4,0,0,5,1,1,pikapika,3,6,6,0,9,1,2500.0,8.15,4,18000.0,8.82,5,h,6,#FFD700,86.9,-1.9,87.1,4,5,6,1,REDUP(畳語・同一)
ぴかり,2,4128,0,5,1,8,pikaɾi,3,7,8,3,9,2,2200.0,7.82,6,14000.0,8.39,7,h,6,#FFFACD,97.6,-5.4,22.2,4,6,0,0,RI(り単発)
ぴたっ,4,8,0,5,1,2,pitaʔ,4,9,9,9,5,6,450.0,3.81,9,15000.0,8.51,9,mh,5,#FFFFFF,100.0,-0.0,0.0,2,5,0,0,Q(促音単発)
ぴたり,4,0,0,5,1,8,pitaɾi,4,8,9,9,6,7,500.0,4.07,8,11000.0,7.98,9,h,6,#FFFFFF,100.0,-0.0,0.0,4,6,0,0,RI(り単発)
ぴちぴち,2,4104,0,5,1,1,pitɕipitɕi,3,8,7,5,4,8,1800.0,7.32,7,13000.0,8.27,8,mh,5,#87CEEB,79.2,-14.8,-21.3,4,5,6,1,REDUP(畳語・同一)
ぴったり,4,96,0,5,1,10,pittaɾi,5,8,9,9,3,5,650.0,4.74,8,9500.0,7.74,9,h,6,#FFFFFF,100.0,-0.0,0.0,5,5,5,8,COMPOUND(複合・異種)
ぴょん,2,8,0,4,1,4,pjoŋ,3,8,8,4,8,3,800.0,5.26,8,7000.0,7.22,8,h,6,#FFFFFF,100.0,-0.0,0.0,3,6,0,0,N(撥音単発)
ぴょんぴょん,4,11,0,4,1,5,pjompjoŋ,2,7,6,2,8,4,750.0,5.1,5,6000.0,6.95,7,h,6,#FFFFFF,100.0,-0.0,0.0,4,5,6,1,REDUP(畳語・同一)
ぴりっ,2,4352,0,5,1,2,piɾiʔ,3,9,9,9,4,1,2600.0,8.25,9,17000.0,8.72,9,h,6,#FF4500,57.6,67.8,69.0,2,5,0,0,Q(促音単発)
ぴりぴり,8,4,0,5,1,9,piɾipiɾi,4,6,7,9,5,1,2400.0,8.04,6,15000.0,8.51,8,hh,7,#FF0000,53.2,80.1,67.2,4,5,6,1,REDUP(畳語・同一)
ぴん,8,0,0,4,1,4,piŋ,3,7,9,8,4,2,1200.0,6.29,7,10000.0,7.82,9,c,2,#FFFFFF,100.0,-0.0,0.0,3,6,0,0,N(撥音単発)
ぴんぴん,4,4136,0,4,1,5,pimpiŋ,3,6,8,4,5,3,1100.0,6.07,5,8000.0,7.44,8,h,6,#ADFF2F,92.0,-52.5,81.9,4,5,6,1,REDUP(畳語・同一)
ぴーちく,3,12289,0,5,1,16,piːtɕiku,2,5,5,3,8,4,3000.0,8.61,2,11000.0,7.98,4,h,6,#FFFFE0,99.3,-5.1,14.8,5,5,5,8,COMPOUND(複合・異種)
ぴーぴー,3,1,0,4,1,17,piːpiː,2,2,6,4,9,3,2800.0,8.44,0,13000.0,8.27,5,h,6,#FFFFFF,100.0,-0.0,0.0,4,5,6,1,REDUP(畳語・同一)
ふうふう,2,0,0,1,2,1,ɸuuɸuu,4,2,2,0,9,7,450.0,3.81,1,7000.0,7.22,5,h,6,#FFD700,86.9,-1.9,87.1,4,5,6,1,REDUP(畳語・同一)
ふかふか,12,2049,1,1,1,1,ɸukaɸuka,2,2,2,1,8,3,350.0,3.17,3,400.0,2.35,3,mh,5,#FFF5EE,97.1,2.2,4.6,4,5,6,1,REDUP(畳語・同一)
ふさふさ,4,3,0,1,1,1,ɸusaɸusa,1,3,1,2,9,2,800.0,5.26,2,2000.0,5.09,2,mh,5,#F5F5F5,96.5,-0.0,0.0,4,5,6,1,REDUP(畳語・同一)
ふっくら,4,0,0,1,1,2,ɸukkuɾa,3,3,4,5,7,5,300.0,2.78,6,800.0,3.53,6,mh,5,#FFE4E1,92.7,8.7,4.8,5,5,5,8,COMPOUND(複合・異種)
ふっと,4,16385,0,1,1,2,ɸutto,3,9,8,6,9,1,600.0,4.54,9,12000.0,8.13,9,h,6,#FFFFFF,100.0,-0.0,0.0,3,4,0,0,Qto(っと)
ふっふっ,4,16393,0,1,1,3,ɸuɸɸuʔ,2,9,5,7,9,4,500.0,4.07,9,8000.0,7.44,8,h,6,#FFFFFF,100.0,-0.0,0.0,4,5,6,1,REDUP(畳語・同一)
ふつふつ,4,0,0,1,1,1,ɸutsuɸutsu,4,6,6,9,6,8,280.0,2.61,5,2500.0,5.47,9,hh,7,#FF4500,57.6,67.8,69.0,4,5,6,1,REDUP(畳語・同一)
ふと,4,9,0,1,1,32,ɸuto,2,8,4,3,9,2,450.0,3.81,8,9000.0,7.64,8,h,6,#FFFFFF,100.0,-0.0,0.0,3,5,0,0,OTHER(単発)
ふにゃふにゃ,4,16384,0,1,1,1,ɸuɲaɸuɲa,1,2,1,1,9,9,200.0,1.75,2,300.0,1.87,9,mh,5,#F5DEB3,89.4,1.5,24.0,4,5,6,1,REDUP(畳語・同一)
ふらふら,4,1,0,1,1,1,ɸuɾaɸuɾa,2,4,2,2,9,4,320.0,2.94,4,3500.0,6.04,4,mc,3,#FFFFFF,100.0,-0.0,0.0,4,5,6,1,REDUP(畳語・同一)
ふわふわ,4,4097,0,1,1,1,ɸuwaɸuwa,1,1,1,0,9,2,300.0,2.78,1,100.0,0.0,1,mh,5,#F5F5F5,96.5,-0.0,0.0,4,5,6,1,REDUP(畳語・同一)
ふん,4,20512,0,1,1,4,ɸuŋ,4,6,7,8,5,4,220.0,2.0,7,3000.0,5.78,8,h,6,#8B0000,28.1,51.0,41.3,3,6,0,0,N(撥音単発)
ふんわり,4,1,0,1,1,12,ɸuŋwaɾi,2,2,3,0,9,4,280.0,2.61,2,400.0,2.35,3,mh,5,#FFFACD,97.6,-5.4,22.2,5,5,5,8,COMPOUND(複合・異種)
ぶうぶう,3,8,0,3,2,1,buubuu,6,2,4,1,7,7,180.0,1.49,0,1500.0,4.6,7,mc,3,#556B2F,42.2,-18.8,30.6,4,5,6,1,REDUP(畳語・同一)
ぶかぶか,4,4131,0,3,2,1,bukabuka,4,4,2,2,8,3,250.0,2.32,4,4000.0,6.27,5,0,4,#D2B48C,75.0,5.0,24.4,4,5,6,1,REDUP(畳語・同一)
ぶくぶく,4,0,0,3,2,1,bukubuku,7,4,3,5,7,9,140.0,0.85,5,2000.0,5.09,9,mc,3,#0000FF,32.3,79.2,-107.9,4,5,6,1,REDUP(畳語・同一)
ぶすっ,4,0,0,3,2,2,busuʔ,7,9,9,9,4,5,400.0,3.51,9,14000.0,8.39,9,mc,3,#000000,0.0,0.0,0.0,2,5,0,0,Q(促音単発)
ぶつくさ,4,0,0,3,2,32,butsukusa,5,6,5,8,6,4,380.0,3.38,6,5000.0,6.65,6,c,2,#708090,52.8,-2.1,-10.6,5,5,5,8,COMPOUND(複合・異種)
ぶらぶら,4,2,0,3,2,1,buɾabuɾa,5,3,2,1,8,5,280.0,2.61,3,3500.0,6.04,6,mc,3,#8B4513,37.5,26.4,41.0,4,5,6,1,REDUP(畳語・同一)
ぶらり,2,1,0,3,2,8,buɾaɾi,4,6,6,4,8,4,320.0,2.94,6,4000.0,6.27,5,mc,3,#A0522D,43.8,29.3,35.6,4,6,0,0,RI(り単発)
ぶりしゃり,4,0,0,3,2,8,buɾiɕaɾi,7,8,8,8,3,4,550.0,4.32,7,11000.0,7.98,7,c,2,#FFFFFF,100.0,-0.0,0.0,5,5,5,8,COMPOUND(複合・異種)
ぶるぶる,3,0,0,3,2,1,buɾubuɾu,7,7,4,9,5,5,200.0,1.75,7,9000.0,7.64,8,ccc,0,#0000FF,32.3,79.2,-107.9,4,5,6,1,REDUP(畳語・同一)
ぶわぶわ,4,1,0,3,2,1,buwabuwa,6,4,2,2,9,6,220.0,2.0,2,6000.0,6.95,7,h,6,#FF8C00,69.5,36.8,75.5,4,5,6,1,REDUP(畳語・同一)
ぶんぶん,4,0,0,2,2,5,bumbuŋ,7,6,9,3,8,4,180.0,1.49,4,16000.0,8.62,9,h,6,#191970,15.9,31.7,-49.6,4,5,6,1,REDUP(畳語・同一)
ぶーぶー,4,8,0,2,2,17,buːbuː,6,2,5,2,7,7,160.0,1.19,0,1200.0,4.22,8,c,2,#8B0000,28.1,51.0,41.3,4,5,6,1,REDUP(畳語・同一)
ぷい,4,8,0,5,1,32,pui,3,8,8,6,8,4,600.0,4.54,8,9000.0,7.64,7,h,6,#FFFFFF,100.0,-0.0,0.0,3,5,0,0,OTHER(単発)
ぷかぷか,4,1,0,5,1,1,pukapuka,2,3,2,1,9,3,450.0,3.81,3,100.0,0.0,3,mh,5,#F0FFFF,98.9,-4.9,-1.7,4,5,6,1,REDUP(畳語・同一)
ぷくっ,4,0,0,5,1,2,pukuʔ,4,9,9,8,7,7,350.0,3.17,9,15000.0,8.51,9,mh,5,#FFB6C1,81.1,28.0,5.0,2,5,0,0,Q(促音単発)
ぷよぷよ,4,1,0,5,1,1,pujopujo,3,2,1,4,9,9,220.0,2.0,2,500.0,2.73,9,mh,5,#FF69B4,65.5,64.2,-10.6,4,5,6,1,REDUP(畳語・同一)
ぷりぷり,8,1,0,5,1,9,puɾipuɾi,4,7,7,7,6,8,550.0,4.32,6,4000.0,6.27,8,h,6,#FF1493,56.0,84.5,-5.7,4,5,6,1,REDUP(畳語・同一)
ぷんぷん,4,4,0,4,1,5,pumpuŋ,5,6,8,9,5,6,400.0,3.51,5,9000.0,7.64,9,hh,7,#FF0000,53.2,80.1,67.2,4,5,6,1,REDUP(畳語・同一)
へたへた,4,512,0,1,1,1,hetaheta,5,3,1,4,8,6,250.0,2.32,5,500.0,2.73,5,mc,3,#708090,52.8,-2.1,-10.6,4,5,6,1,REDUP(畳語・同一)
へとへと,4,0,0,1,1,1,hetoheto,7,2,1,6,7,7,200.0,1.75,6,300.0,1.87,6,c,2,#2F4F4F,31.3,-11.7,-3.7,4,5,6,1,REDUP(畳語・同一)
へどもど,4,0,0,3,2,32,hedomodo,4,7,3,7,6,5,380.0,3.38,7,6000.0,6.95,6,h,6,#BDB76B,73.4,-8.8,39.3,5,5,5,8,COMPOUND(複合・異種)
へなへな,4,1,0,1,1,1,henahena,1,2,1,1,9,7,220.0,2.0,2,400.0,2.35,6,mh,5,#F5F5DC,95.9,-4.2,12.0,4,5,6,1,REDUP(畳語・同一)
へらへら,4,0,0,1,1,1,heɾaheɾa,1,5,3,0,9,4,600.0,4.54,3,3000.0,5.78,3,h,6,#FFFFE0,99.3,-5.1,14.8,4,5,6,1,REDUP(畳語・同一)
べたべた,2,0,0,3,2,1,betabeta,6,3,2,9,4,9,200.0,1.75,4,1200.0,4.22,9,mc,3,#8B4513,37.5,26.4,41.0,4,5,6,1,REDUP(畳語・同一)
べったり,4,64,0,3,2,10,bettaɾi,7,2,5,9,3,9,180.0,1.49,7,900.0,3.73,9,mc,3,#556B2F,42.2,-18.8,30.6,5,5,5,8,COMPOUND(複合・異種)
べとべと,2,4097,0,3,2,1,betobeto,7,2,1,8,5,9,150.0,1.03,3,1000.0,3.91,9,mc,3,#4B3621,24.5,6.4,16.8,4,5,6,1,REDUP(畳語・同一)
べらべら,4,256,0,3,2,1,beɾabeɾa,5,6,5,1,8,4,450.0,3.81,4,14000.0,8.39,6,h,6,#FF8C00,69.5,36.8,75.5,4,5,6,1,REDUP(畳語・同一)
ぺこぺこ,4,20480,0,5,1,1,pekopeko,3,7,5,3,6,3,500.0,4.07,6,5000.0,6.65,5,h,6,#FFD700,86.9,-1.9,87.1,4,5,6,1,REDUP(畳語・同一)
ぺしゃり,4,1,0,5,1,8,peɕaɾi,5,8,7,6,7,8,350.0,3.17,8,9000.0,7.64,8,mc,3,#808080,53.6,-0.0,0.0,4,6,0,0,RI(り単発)
ぺちゃくちゃ,4,0,0,5,1,32,petɕakutɕa,3,6,4,2,7,9,450.0,3.81,5,15000.0,8.51,9,h,6,#FF69B4,65.5,64.2,-10.6,5,5,5,8,COMPOUND(複合・異種)
ぺちゃんこ,4,0,0,5,1,4,petɕaŋko,6,8,5,8,5,8,280.0,2.61,8,3000.0,5.78,9,mc,3,#708090,52.8,-2.1,-10.6,5,5,5,8,COMPOUND(複合・異種)
ぺったんぺったん,4,2,0,5,1,7,pettampettaŋ,6,7,8,7,4,8,220.0,2.0,7,11000.0,7.98,9,mh,5,#FFFFFF,100.0,-0.0,0.0,4,5,6,1,REDUP(畳語・同一)
ぺりぺり,4,1,0,5,1,9,peɾipeɾi,3,8,7,8,3,0,1800.0,7.32,8,12000.0,8.13,6,c,2,#FFFFFF,100.0,-0.0,0.0,4,5,6,1,REDUP(畳語・同一)
ぺろっ,4,258,0,5,1,2,peɾoʔ,2,9,8,4,8,9,1100.0,6.07,9,14000.0,8.39,9,mh,5,#FFB6C1,81.1,28.0,5.0,2,5,0,0,Q(促音単発)
ぺろぺろ,6,4097,0,5,1,1,peɾopeɾo,2,5,4,2,9,9,450.0,3.81,4,2500.0,5.47,9,mh,5,#FFC0CB,83.6,24.1,3.3,4,5,6,1,REDUP(畳語・同一)
ほいほい,4,8,0,1,1,1,hoihoi,2,8,4,1,9,3,1000.0,5.83,7,8000.0,7.44,4,h,6,#FFFFFF,100.0,-0.0,0.0,4,5,6,1,REDUP(畳語・同一)
ほうほけきょ,2,4128,0,1,2,32,houhokekjo,2,4,7,2,8,4,1800.0,7.32,3,12000.0,8.13,6,h,6,#ADFF2F,92.0,-52.5,81.9,3,5,0,0,OTHER(単発)
ほかほか,4,4,0,1,1,1,hokahoka,3,2,2,0,9,5,420.0,3.63,1,400.0,2.35,4,hh,7,#FF4500,57.6,67.8,69.0,4,5,6,1,REDUP(畳語・同一)
ほくほく,4,4,0,1,1,1,hokuhoku,4,4,4,5,6,3,350.0,3.17,5,1200.0,4.22,5,hh,7,#DAA520,70.8,8.5,68.8,4,5,6,1,REDUP(畳語・同一)
ほたほた,2,4608,0,1,1,1,hotahota,6,5,3,4,8,8,250.0,2.32,5,2000.0,5.09,8,mc,3,#8B4513,37.5,26.4,41.0,4,5,6,1,REDUP(畳語・同一)
ほっ,4,1,0,1,1,2,hoʔ,1,9,9,4,9,4,500.0,4.07,9,15000.0,8.51,9,h,6,#FFFFFF,100.0,-0.0,0.0,2,5,0,0,Q(促音単発)
ほっそり,4,0,0,1,1,10,hossoɾi,1,3,6,8,9,1,1400.0,6.68,6,900.0,3.73,8,0,4,#FFFFFF,100.0,-0.0,0.0,5,5,5,8,COMPOUND(複合・異種)
ほつほつ,4,0,0,1,1,1,hotsuhotsu,3,7,6,8,7,4,900.0,5.56,7,6000.0,6.95,6,mc,3,#808080,53.6,-0.0,0.0,4,5,6,1,REDUP(畳語・同一)
ほとほと,4,512,0,1,1,1,hotohoto,6,2,3,7,7,6,280.0,2.61,4,500.0,2.73,7,c,2,#483D8B,30.8,26.1,-42.1,4,5,6,1,REDUP(畳語・同一)
ほやほや,2,4100,0,1,1,1,hojahoja,2,4,3,0,9,7,480.0,3.97,2,800.0,3.53,3,hh,7,#FFE4E1,92.7,8.7,4.8,4,5,6,1,REDUP(畳語・同一)
ほろっ,4,16385,0,1,1,2,hoɾoʔ,2,9,7,5,9,5,550.0,4.32,9,11000.0,7.98,9,mc,3,#FFFFFF,100.0,-0.0,0.0,2,5,0,0,Q(促音単発)
ほんのり,4,0,0,1,1,12,honnoɾi,2,2,3,2,9,4,400.0,3.51,4,600.0,3.04,3,mh,5,#FFF0F5,96.1,5.9,-0.6,5,5,5,8,COMPOUND(複合・異種)
ほんわか,4,4,0,1,1,4,hoŋwaka,1,1,1,0,9,4,320.0,2.94,1,200.0,1.18,2,hh,7,#FFFACD,97.6,-5.4,22.2,5,5,5,8,COMPOUND(複合・異種)
ほーほー,2,4105,0,1,1,17,hoːhoː,3,1,4,2,9,3,250.0,2.32,0,1200.0,4.22,4,mh,5,#F5F5F5,96.5,-0.0,0.0,4,5,6,1,REDUP(畳語・同一)
ぼけっ,2,0,0,3,2,2,bokeʔ,6,9,3,9,7,4,300.0,2.78,9,15000.0,8.51,8,0,4,#FFFFFF,100.0,-0.0,0.0,2,5,0,0,Q(促音単発)
ぼこぼこ,4,0,0,3,2,1,bokoboko,7,6,6,4,6,9,180.0,1.49,5,2500.0,5.47,9,mh,5,#8B4513,37.5,26.4,41.0,4,5,6,1,REDUP(畳語・同一)
ぼさっ,8,2056,0,3,2,2,bosaʔ,6,9,4,9,7,1,400.0,3.51,9,14000.0,8.39,8,c,2,#000000,0.0,0.0,0.0,2,5,0,0,Q(促音単発)
ぼさぼさ,4,1,0,3,2,1,bosabosa,5,3,1,7,7,0,550.0,4.32,3,9000.0,7.64,4,c,2,#8B4513,37.5,26.4,41.0,4,5,6,1,REDUP(畳語・同一)
ぼそぼそ,3,0,0,3,2,1,bosoboso,5,4,2,8,7,1,500.0,4.07,4,8000.0,7.44,5,c,2,#708090,52.8,-2.1,-10.6,4,5,6,1,REDUP(畳語・同一)
ぼたり,2,4608,0,3,2,8,botaɾi,7,8,8,7,6,9,240.0,2.22,7,3500.0,6.04,9,mc,3,#556B2F,42.2,-18.8,30.6,4,6,0,0,RI(り単発)
ぼちぼち,4,3,0,3,2,1,botɕibotɕi,5,4,4,6,7,5,400.0,3.51,5,2000.0,5.09,6,mh,5,#FFFFFF,100.0,-0.0,0.0,4,5,6,1,REDUP(畳語・同一)
ぼちゃん,2,4096,0,3,2,4,botɕaŋ,8,8,9,8,5,9,140.0,0.85,8,18000.0,8.82,9,mc,3,#0000CD,25.0,67.2,-91.5,3,6,0,0,N(撥音単発)
ぼってり,4,1,0,3,2,10,botteɾi,8,2,5,9,4,9,160.0,1.19,7,1200.0,4.22,9,mc,3,#8B4513,37.5,26.4,41.0,5,5,5,8,COMPOUND(複合・異種)
ぼてぼて,2,4096,0,3,2,1,botebote,8,3,2,7,5,9,140.0,0.85,3,1100.0,4.07,9,mc,3,#4B3621,24.5,6.4,16.8,4,5,6,1,REDUP(畳語・同一)
ぼやぼや,4,1,0,3,2,1,bojaboja,5,2,1,4,8,5,300.0,2.78,2,1000.0,3.91,5,h,6,#BDB76B,73.4,-8.8,39.3,4,5,6,1,REDUP(畳語・同一)
ぼりぼり,1,1,0,3,2,9,boɾiboɾi,7,7,7,8,2,0,500.0,4.07,7,12000.0,8.13,7,c,2,#8B4513,37.5,26.4,41.0,4,5,6,1,REDUP(畳語・同一)
ぼんやり,4,0,0,3,2,12,boŋjaɾi,6,1,1,9,7,6,180.0,1.49,2,200.0,1.18,8,c,2,#708090,52.8,-2.1,-10.6,5,5,5,8,COMPOUND(複合・異種)
ぽいぽい,4,8,0,5,1,1,poipoi,3,8,4,1,9,3,900.0,5.56,7,9000.0,7.64,5,h,6,#FFFFFF,100.0,-0.0,0.0,4,5,6,1,REDUP(畳語・同一)
ぽかぽか,4,4,0,5,1,1,pokapoka,3,2,2,0,9,4,450.0,3.81,2,500.0,2.73,3,hh,7,#FF4500,57.6,67.8,69.0,4,5,6,1,REDUP(畳語・同一)
ぽかり,4,8,0,5,1,8,pokaɾi,3,8,8,5,9,3,550.0,4.32,7,8000.0,7.44,8,h,6,#FFFFFF,100.0,-0.0,0.0,4,6,0,0,RI(り単発)
ぽきっ,4,0,0,5,1,2,pokiʔ,4,9,9,9,2,0,1500.0,6.86,9,16000.0,8.62,9,c,2,#FFFFFF,100.0,-0.0,0.0,2,5,0,0,Q(促音単発)
ぽきぽき,4,9,0,5,1,1,pokipoki,4,8,7,8,2,0,1400.0,6.68,8,14000.0,8.39,7,c,2,#CD853F,61.8,21.4,47.9,4,5,6,1,REDUP(畳語・同一)
ぽきり,2,0,0,5,1,8,pokiɾi,4,8,8,7,3,0,1200.0,6.29,7,10000.0,7.82,8,c,2,#FFFFFF,100.0,-0.0,0.0,4,6,0,0,RI(り単発)
ぽたぽた,4,0,0,5,1,1,potapota,5,6,3,3,9,9,300.0,2.78,5,1500.0,4.6,9,mh,5,#4169E1,47.8,26.3,-65.3,4,5,6,1,REDUP(畳語・同一)
ぽっかり,4,4129,0,5,1,10,pokkaɾi,3,4,7,2,9,3,400.0,3.51,7,4000.0,6.27,8,h,6,#FFFFFF,100.0,-0.0,0.0,5,5,5,8,COMPOUND(複合・異種)
ぽっくり,4,8,0,5,1,10,pokkuɾi,4,7,5,8,7,4,350.0,3.17,8,1800.0,4.91,7,mh,5,#DEB887,77.0,7.0,30.0,5,5,5,8,COMPOUND(複合・異種)
ぽっちゃり,2,4096,0,5,1,10,pottɕaɾi,4,2,4,6,8,9,300.0,2.78,5,1100.0,4.07,9,mh,5,#FFB6C1,81.1,28.0,5.0,5,5,5,8,COMPOUND(複合・異種)
ぽっぽ,4,4,0,4,1,2,poppo,4,6,6,4,8,5,400.0,3.51,7,6000.0,6.95,7,hh,7,#FF0000,53.2,80.1,67.2,2,5,0,0,Q(促音単発)
ぽつぽつ,4,8,0,5,1,1,potsupotsu,3,7,6,8,8,6,700.0,4.93,7,5000.0,6.65,6,mc,3,#808080,53.6,-0.0,0.0,4,5,6,1,REDUP(畳語・同一)
ぽろぽろ,2,20481,0,5,1,1,poɾopoɾo,2,5,3,2,9,8,450.0,3.81,4,3000.0,5.78,7,mc,3,#FFFFFF,100.0,-0.0,0.0,4,5,6,1,REDUP(畳語・同一)
ぽんぽん,4,8,0,4,1,5,pompoŋ,4,7,8,4,6,4,320.0,2.94,6,12000.0,8.13,8,h,6,#FFFFFF,100.0,-0.0,0.0,4,5,6,1,REDUP(畳語・同一)
まごまご,3,512,0,3,2,1,maɡomaɡo,4,6,2,5,7,4,320.0,2.94,4,1200.0,4.22,4,mc,3,#BDB76B,73.4,-8.8,39.3,4,5,6,1,REDUP(畳語・同一)
まじまじ,2,1,0,3,2,1,madʑimadʑi,5,2,9,9,4,6,280.0,2.61,2,500.0,2.73,8,mc,3,#000000,0.0,0.0,0.0,4,5,6,1,REDUP(畳語・同一)
まるまる,2,3,0,1,1,1,maɾumaɾu,3,2,3,2,9,7,350.0,3.17,2,400.0,2.35,3,mh,5,#FFFFFF,100.0,-0.0,0.0,4,5,6,1,REDUP(畳語・同一)
まんじり,2,0,0,3,2,12,mandʑiɾi,4,1,6,9,5,6,220.0,2.0,1,300.0,1.87,7,mc,3,#483D8B,30.8,26.1,-42.1,5,5,5,8,COMPOUND(複合・異種)
みしみし,2,4096,0,1,1,1,miɕimiɕi,5,7,6,9,3,2,1400.0,6.68,7,11000.0,7.98,7,c,2,#556B2F,42.2,-18.8,30.6,4,5,6,1,REDUP(畳語・同一)
みっちり,2,0,0,1,1,10,mittɕiɾi,6,4,8,9,3,5,800.0,5.26,8,4000.0,6.27,9,mc,3,#708090,52.8,-2.1,-10.6,5,5,5,8,COMPOUND(複合・異種)
むかむか,12,16384,2,1,1,1,mukamuka,6,6,5,8,6,8,240.0,2.22,5,1500.0,4.6,9,h,6,#FF4500,57.6,67.8,69.0,4,5,6,1,REDUP(畳語・同一)
むくむく,4,0,0,1,1,1,mukumuku,5,4,6,4,7,7,220.0,2.0,3,1200.0,4.22,8,mh,5,#F5F5F5,96.5,-0.0,0.0,4,5,6,1,REDUP(畳語・同一)
むしむし,4,4,0,1,1,1,muɕimuɕi,4,1,1,8,8,9,450.0,3.81,1,800.0,3.53,9,hh,7,#708090,52.8,-2.1,-10.6,4,5,6,1,REDUP(畳語・同一)
むしゃむしゃ,3,4096,0,1,1,1,muɕamuɕa,5,7,4,3,6,8,500.0,4.07,5,9000.0,7.64,7,h,6,#8B4513,37.5,26.4,41.0,4,5,6,1,REDUP(畳語・同一)
むすっ,4,0,0,1,1,2,musuʔ,5,9,8,9,6,2,600.0,4.54,9,12000.0,8.13,9,c,2,#000000,0.0,0.0,0.0,2,5,0,0,Q(促音単発)
むず,4,4138,0,3,2,32,muzu,5,8,9,7,4,4,250.0,2.32,8,6000.0,6.95,8,mc,3,#FFFFFF,100.0,-0.0,0.0,3,5,0,0,OTHER(単発)
むずむず,4,0,0,3,2,1,muzumuzu,4,5,2,9,5,4,280.0,2.61,4,4500.0,6.47,7,mh,5,#DAA520,70.8,8.5,68.8,4,5,6,1,REDUP(畳語・同一)
むちむち,2,4096,0,1,1,1,mutɕimutɕi,5,3,4,8,5,9,320.0,2.94,4,1000.0,3.91,9,mh,5,#FFB6C1,81.1,28.0,5.0,4,5,6,1,REDUP(畳語・同一)
むっ,10,520,0,1,1,2,muʔ,6,9,8,9,4,5,220.0,2.0,9,15000.0,8.51,9,c,2,#FF0000,53.2,80.1,67.2,2,5,0,0,Q(促音単発)
むっくり,2,8,0,1,1,10,mukkuɾi,5,8,7,6,7,3,350.0,3.17,8,8000.0,7.44,8,mh,5,#FFFFFF,100.0,-0.0,0.0,5,5,5,8,COMPOUND(複合・異種)
むっつり,2,0,0,1,1,10,muttsuɾi,6,2,3,9,5,2,400.0,3.51,7,600.0,3.04,9,c,2,#000000,0.0,0.0,0.0,5,5,5,8,COMPOUND(複合・異種)
むにゃむにゃ,1,0,0,1,1,1,muɲamuɲa,2,1,1,2,9,9,180.0,1.49,1,400.0,2.35,9,mh,5,#F5DEB3,89.4,1.5,24.0,4,5,6,1,REDUP(畳語・同一)
むらむら,4,5,0,1,1,1,muɾamuɾa,5,6,5,3,8,6,320.0,2.94,4,5500.0,6.81,7,hh,7,#FF00FF,60.3,98.2,-60.8,4,5,6,1,REDUP(畳語・同一)
むんむん,2,4100,0,1,1,5,mummuŋ,6,2,3,9,7,9,200.0,1.75,2,900.0,3.73,9,hh,7,#FF8C00,69.5,36.8,75.5,4,5,6,1,REDUP(畳語・同一)
めきめき,4,0,0,1,1,1,mekimeki,4,8,9,4,3,2,1200.0,6.29,8,11000.0,7.98,8,h,6,#FFFFFF,100.0,-0.0,0.0,4,5,6,1,REDUP(畳語・同一)
めそめそ,4,0,0,1,1,1,mesomeso,3,4,1,6,8,9,400.0,3.51,3,700.0,3.31,9,c,2,#B0C4DE,78.5,-1.3,-15.2,4,5,6,1,REDUP(畳語・同一)
めためた,4,8,0,1,1,1,metameta,6,8,5,4,6,6,350.0,3.17,7,13000.0,8.27,7,h,6,#8B0000,28.1,51.0,41.3,4,5,6,1,REDUP(畳語・同一)
めっきり,4,0,0,1,1,10,mekkiɾi,5,8,9,7,5,3,600.0,4.54,8,10000.0,7.82,9,c,2,#FFFFFF,100.0,-0.0,0.0,5,5,5,8,COMPOUND(複合・異種)
めらめら,4,4,0,1,1,1,meɾameɾa,4,5,5,1,9,1,800.0,5.26,3,15000.0,8.51,6,hhh,8,#FF4500,57.6,67.8,69.0,4,5,6,1,REDUP(畳語・同一)
めりめり,4,0,0,1,1,9,meɾimeɾi,7,7,8,9,2,1,600.0,4.54,6,12000.0,8.13,8,c,2,#8B4513,37.5,26.4,41.0,4,5,6,1,REDUP(畳語・同一)
めろめろ,4,16389,0,1,1,1,meɾomeɾo,3,2,1,1,9,8,250.0,2.32,1,900.0,3.73,8,hh,7,#FFC0CB,83.6,24.1,3.3,4,5,6,1,REDUP(畳語・同一)
めーめー,2,9,0,1,1,17,meːmeː,3,1,4,2,9,6,450.0,3.81,0,1500.0,4.6,5,mh,5,#FFFFFF,100.0,-0.0,0.0,4,5,6,1,REDUP(畳語・同一)
もくもく,4,11,0,1,1,1,mokumoku,5,3,4,4,8,4,220.0,2.0,3,3000.0,5.78,8,mh,5,#BEBEBE,77.0,-0.0,0.0,4,5,6,1,REDUP(畳語・同一)
もぐもぐ,2,4096,0,3,2,1,moɡumoɡu,6,4,3,7,6,8,180.0,1.49,4,1200.0,4.22,9,mh,5,#8B4513,37.5,26.4,41.0,4,5,6,1,REDUP(畳語・同一)
もごもご,1,16384,0,3,2,1,moɡomoɡo,5,2,1,9,7,7,150.0,1.03,2,400.0,2.35,7,mc,3,#708090,52.8,-2.1,-10.6,4,5,6,1,REDUP(畳語・同一)
もじもじ,4,0,0,3,2,1,modʑimodʑi,4,3,2,9,6,5,250.0,2.32,3,800.0,3.53,6,mh,5,#FFFACD,97.6,-5.4,22.2,4,5,6,1,REDUP(畳語・同一)
もぞもぞ,1,0,0,3,2,1,mozomozo,5,4,2,8,6,4,220.0,2.0,4,1500.0,4.6,7,mc,3,#556B2F,42.2,-18.8,30.6,4,5,6,1,REDUP(畳語・同一)
もたもた,4,521,0,1,1,1,motamota,6,2,1,7,7,6,280.0,2.61,3,500.0,2.73,8,c,2,#808080,53.6,-0.0,0.0,4,5,6,1,REDUP(畳語・同一)
もやもや,4,1,0,1,1,1,mojamoja,3,2,1,3,9,7,300.0,2.78,2,1500.0,4.6,4,mc,3,#D3D3D3,84.6,-0.0,0.0,4,5,6,1,REDUP(畳語・同一)
もりもり,4,4128,0,1,1,9,moɾimoɾi,6,6,8,3,6,4,400.0,3.51,5,7000.0,7.22,8,h,6,#ADFF2F,92.0,-52.5,81.9,4,5,6,1,REDUP(畳語・同一)
もわーっ,4,1,0,1,1,18,mowaːʔ,4,5,3,4,9,8,250.0,2.32,9,9000.0,7.64,9,mh,5,#F5F5F5,96.5,-0.0,0.0,5,5,5,8,COMPOUND(複合・異種)
もーもー,2,4616,0,1,1,17,moːmoː,7,1,3,1,7,7,120.0,0.46,0,800.0,3.53,7,mh,5,#000000,0.0,0.0,0.0,4,5,6,1,REDUP(畳語・同一)
やいのやいの,2,9,0,1,1,1,jainojaino,4,7,5,2,8,5,600.0,4.54,4,8000.0,7.44,6,h,6,#FFD700,86.9,-1.9,87.1,4,5,6,1,REDUP(畳語・同一)
やきもき,4,0,0,1,1,32,jakimoki,5,6,4,9,6,4,550.0,4.32,6,4000.0,6.27,7,h,6,#FF4500,57.6,67.8,69.0,5,5,5,8,COMPOUND(複合・異種)
やんわり,4,0,0,1,1,12,jaŋwaɾi,2,2,3,0,9,6,300.0,2.78,2,600.0,3.04,4,mh,5,#FFFACD,97.6,-5.4,22.2,5,5,5,8,COMPOUND(複合・異種)
ゆうゆう,4,0,0,1,2,1,juujuu,3,1,2,0,9,5,320.0,2.94,0,400.0,2.35,2,h,6,#87CEEB,79.2,-14.8,-21.3,4,5,6,1,REDUP(畳語・同一)
ゆさゆさ,4,513,0,1,1,1,jusajusa,6,4,3,2,8,4,280.0,2.61,3,6000.0,6.95,7,mc,3,#8B4513,37.5,26.4,41.0,4,5,6,1,REDUP(畳語・同一)
ゆったり,2,0,0,1,1,10,juttaɾi,3,1,4,0,9,6,300.0,2.78,5,800.0,3.53,5,mh,5,#FFB6C1,81.1,28.0,5.0,5,5,5,8,COMPOUND(複合・異種)
ゆらゆら,4,3,0,1,1,1,juɾajuɾa,2,3,2,1,9,4,350.0,3.17,2,4500.0,6.47,3,mc,3,#FFFFFF,100.0,-0.0,0.0,4,5,6,1,REDUP(畳語・同一)
ゆらり,2,4128,0,1,1,8,juɾaɾi,2,5,6,3,9,5,400.0,3.51,6,3000.0,5.78,4,mc,3,#F0FFFF,98.9,-4.9,-1.7,4,6,0,0,RI(り単発)
ゆるゆる,2,4097,0,1,1,1,juɾujuɾu,2,2,1,1,9,8,250.0,2.32,1,500.0,2.73,5,mh,5,#F5F5DC,95.9,-4.2,12.0,4,5,6,1,REDUP(畳語・同一)
よたよた,8,2048,2,1,1,1,jotajota,5,4,2,4,8,5,320.0,2.94,4,1200.0,4.22,5,c,2,#A9A9A9,69.2,-0.0,0.0,4,5,6,1,REDUP(畳語・同一)
よちよち,4,0,0,1,1,1,jotɕijotɕi,3,5,3,5,8,6,600.0,4.54,5,900.0,3.73,4,mh,5,#FFFACD,97.6,-5.4,22.2,4,5,6,1,REDUP(畳語・同一)
よぼよぼ,4,512,0,3,2,1,jobojobo,7,2,1,6,7,8,180.0,1.49,2,500.0,2.73,8,c,2,#8B4513,37.5,26.4,41.0,4,5,6,1,REDUP(畳語・同一)
よれよれ,4,1,0,1,1,1,joɾejoɾe,3,2,1,6,8,3,300.0,2.78,3,1100.0,4.07,4,c,2,#BEBEBE,77.0,-0.0,0.0,4,5,6,1,REDUP(畳語・同一)
よろよろ,1,24577,0,1,1,1,joɾojoɾo,5,4,2,3,9,4,280.0,2.61,4,2500.0,5.47,5,mc,3,#A9A9A9,69.2,-0.0,0.0,4,5,6,1,REDUP(畳語・同一)
りんりん,2,4096,0,1,1,5,ɾinɾiŋ,2,7,8,5,3,1,2800.0,8.44,6,12000.0,8.13,7,c,2,#C0C0C0,77.7,-0.0,0.0,4,5,6,1,REDUP(畳語・同一)
るんるん,2,0,1,1,1,5,ɾunɾuŋ,2,6,6,1,8,5,550.0,4.32,4,3500.0,6.04,4,h,6,#FF69B4,65.5,64.2,-10.6,4,5,6,1,REDUP(畳語・同一)
れろれろ,2,4355,0,1,1,1,ɾeɾoɾeɾo,4,5,3,2,9,9,380.0,3.38,3,1500.0,4.6,9,mh,5,#FFC0CB,83.6,24.1,3.3,4,5,6,1,REDUP(畳語・同一)
わあわあ,1,0,0,1,1,1,waawaa,5,3,4,1,9,6,500.0,4.07,0,14000.0,8.39,6,h,6,#FFD700,86.9,-1.9,87.1,4,5,6,1,REDUP(畳語・同一)
わいわい,4,0,0,1,1,1,waiwai,3,6,4,0,9,5,800.0,5.26,2,11000.0,7.98,7,h,6,#FFFF00,97.1,-21.6,94.5,4,5,6,1,REDUP(畳語・同一)
わくわく,6,0,0,1,1,1,wakuwaku,4,7,7,2,7,4,600.0,4.54,6,6500.0,7.09,8,h,6,#FF4500,57.6,67.8,69.0,4,5,6,1,REDUP(畳語・同一)
わっさり,2,3,0,1,1,10,wassaɾi,5,6,6,4,8,4,350.0,3.17,7,8000.0,7.44,7,mh,5,#228B22,50.6,-49.6,45.0,5,5,5,8,COMPOUND(複合・異種)
わなわな,4,8,0,1,1,1,wanawana,4,8,2,9,7,6,450.0,3.81,7,13000.0,8.27,7,c,2,#FFFFFF,100.0,-0.0,0.0,4,5,6,1,REDUP(畳語・同一)
わやわや,4,1,0,1,1,1,wajawaja,3,5,3,2,8,6,380.0,3.38,3,9000.0,7.64,6,h,6,#DAA520,70.8,8.5,68.8,4,5,6,1,REDUP(畳語・同一)
わらわら,4,3,0,1,1,1,waɾawaɾa,4,6,3,2,9,5,320.0,2.94,4,10000.0,7.82,8,mh,5,#F5F5F5,96.5,-0.0,0.0,4,5,6,1,REDUP(畳語・同一)
わんさ,4,4136,0,1,1,4,waŋsa,5,7,8,3,7,4,450.0,3.81,6,12000.0,8.13,7,h,6,#FFD700,86.9,-1.9,87.1,3,5,0,0,OTHER(単発)
わんわん,3,0,0,1,1,5,waŋwaŋ,6,4,6,2,7,7,220.0,2.0,1,15000.0,8.51,8,h,6,#8B4513,37.5,26.4,41.0,4,5,6,1,REDUP(畳語・同一)
わーん,2,4104,0,1,1,20,waːŋ,7,4,7,3,6,8,300.0,2.78,1,11000.0,7.98,9,h,6,#1E90FF,59.4,10.0,-63.4,3,8,5,1,LONG+N(長音+ん)
あぜーん,4,0,0,3,2,20,azeːŋ,7,2,6,6,2,5,229.0,2.1,1,1333.0,4.4,6,0,4,#764626,34.6,17.5,27.7,5,5,5,8,COMPOUND(複合・異種)
いいーん,4,0,0,1,1,20,iiːŋ,5,4,9,6,2,4,750.0,5.1,2,2866.0,5.7,6,0,4,#B58552,59.2,12.7,34.3,5,5,5,8,COMPOUND(複合・異種)
いさー,4,0,0,1,1,16,isaː,2,3,6,4,6,1,1588.0,7.0,1,6535.0,7.1,2,0,4,#EED793,86.6,-1.8,36.5,2,7,7,1,LONG(長音ー)
えぞー,4,0,0,3,2,16,ezoː,5,1,5,7,4,4,383.0,3.4,0,1898.0,5.0,5,0,4,#97744C,51.5,8.4,27.6,2,7,7,1,LONG(長音ー)
ききーん,4,0,0,1,1,20,kikiːŋ,4,6,9,7,1,1,1719.0,7.2,4,9304.0,7.7,6,0,4,#D6A258,70.2,10.9,45.5,5,5,5,8,COMPOUND(複合・異種)
さきー,4,0,0,1,1,16,sakiː,1,5,8,3,6,0,2358.0,8.0,2,14900.0,8.5,3,h,6,#FFFFAC,101.7,3.0,45.0,2,7,7,1,LONG(長音ー)
さそー,4,0,0,1,1,16,sasoː,1,3,6,2,9,0,1527.0,6.9,1,8270.0,7.5,2,0,4,#FFFFC0,99.8,-6.8,31.8,2,7,7,1,LONG(長音ー)
ざがー,4,0,0,2,2,16,dzaɡaː,6,3,8,4,5,3,525.0,4.2,0,17779.0,8.8,6,0,4,#A1673E,49.1,19.3,32.5,2,7,7,1,LONG(長音ー)
ざきー,4,0,0,3,2,16,dzakiː,5,4,9,6,4,1,1113.0,6.1,2,20000.0,9.0,6,mh,5,#BD844B,59.7,15.9,39.2,2,7,7,1,LONG(長音ー)
しそー,4,0,0,1,1,16,ɕisoː,2,1,5,6,8,1,1411.0,6.7,0,2702.0,5.6,3,mc,3,#D7DDAC,86.7,-10.1,23.4,2,7,7,1,LONG(長音ー)
じえーん,4,0,0,3,2,20,dʑieːŋ,8,2,8,7,3,6,291.0,2.7,1,2402.0,5.4,8,mh,5,#7C381E,32.3,28.0,29.6,5,5,5,8,COMPOUND(複合・異種)
じへー,4,0,0,3,2,16,dʑiheː,5,2,7,6,6,4,666.0,4.8,0,4869.0,6.6,6,h,6,#C68556,61.3,19.9,35.5,2,7,7,1,LONG(長音ー)
ぜじゅー,4,0,0,2,2,16,dzedʑuː,6,1,7,6,6,6,525.0,4.2,0,10466.0,7.9,8,0,4,#996F65,50.7,15.7,11.9,2,7,7,1,LONG(長音ー)
だむーん,4,0,0,3,2,20,damuːŋ,9,2,6,5,4,9,117.0,0.4,1,1898.0,5.0,9,mh,5,#590A13,17.3,34.6,17.7,5,5,5,8,COMPOUND(複合・異種)
ちでーん,4,0,0,3,2,20,tɕideːŋ,6,2,6,8,2,5,721.0,5.0,2,1790.0,4.9,7,0,4,#A67046,52.0,16.8,31.8,5,5,5,8,COMPOUND(複合・異種)
ちにー,4,0,0,1,1,16,tɕiniː,1,2,6,8,6,3,2654.0,8.3,1,4590.0,6.5,4,mh,5,#FFF1AF,95.8,-0.2,35.1,2,7,7,1,LONG(長音ー)
ちみゅーん,4,0,0,1,1,20,tɕimjuːŋ,4,3,6,6,4,7,989.0,5.8,1,2866.0,5.7,7,mh,5,#CE9E7F,68.8,14.0,23.2,5,5,5,8,COMPOUND(複合・異種)
ちもー,4,0,0,1,1,16,tɕimoː,3,1,5,7,6,4,1253.0,6.4,0,2702.0,5.6,5,mh,5,#E6C48F,80.8,5.0,31.1,2,7,7,1,LONG(長音ー)
にじゅー,4,0,0,3,2,16,nidʑuː,4,0,5,7,5,6,666.0,4.8,0,2265.0,5.3,7,0,4,#B59278,63.1,9.3,18.8,2,7,7,1,LONG(長音ー)
ぶすー,4,0,0,3,2,16,busuː,5,2,5,5,7,4,505.0,4.1,0,6931.0,7.2,5,0,4,#9F7C63,54.6,10.2,18.5,2,7,7,1,LONG(長音ー)
りきゃー,4,0,0,1,1,16,ɾikjaː,2,6,9,2,6,2,3500.0,9.0,3,20000.0,9.0,6,h,6,#FFFFBB,104.8,4.9,41.6,2,7,7,1,LONG(長音ー)
わきゃーん,4,0,0,1,1,20,wakjaːŋ,6,6,8,1,6,5,615.0,4.6,2,20000.0,9.0,8,hh,7,#E3885A,65.4,30.5,39.1,5,5,5,8,COMPOUND(複合・異種)
いだーん,4,0,0,3,2,20,idaːŋ,7,3,7,6,2,5,327.0,3.0,1,1591.0,4.7,6,0,4,#8A5027,40.1,20.8,33.7,5,5,5,8,COMPOUND(複合・異種)
いちーん,4,0,0,1,1,20,itɕiːŋ,5,4,8,7,1,4,914.0,5.6,2,2866.0,5.7,7,0,4,#B38053,57.8,14.1,32.3,5,5,5,8,COMPOUND(複合・異種)
いにー,4,0,0,1,1,16,iniː,2,2,6,6,5,3,1158.0,6.2,0,3040.0,5.8,4,0,4,#E2C68E,81.0,2.0,31.7,2,7,7,1,LONG(長音ー)
おぜー,4,0,0,3,2,16,ozeː,5,1,5,7,4,4,383.0,3.4,0,1898.0,5.0,5,0,4,#97744C,51.5,8.4,27.6,2,7,7,1,LONG(長音ー)
ぎきー,4,0,0,3,2,16,ɡikiː,5,5,9,8,3,0,1788.0,7.3,3,16762.0,8.7,6,0,4,#C38D47,62.5,13.6,44.4,2,7,7,1,LONG(長音ー)
ぎぎゃーん,4,32,0,2,2,20,ɡiɡjaːŋ,8,6,9,5,2,4,640.0,4.7,2,10466.0,7.9,8,0,4,#8F502F,40.8,23.4,30.6,5,5,5,8,COMPOUND(複合・異種)
じでーん,4,0,0,2,2,20,dʑideːŋ,8,2,8,7,3,6,279.0,2.6,1,2548.0,5.5,8,mh,5,#77321E,30.2,28.9,27.2,5,5,5,8,COMPOUND(複合・異種)
じみゅー,4,0,0,3,2,16,dʑimjuː,6,1,6,7,5,6,592.0,4.5,0,5809.0,6.9,8,mh,5,#AB6F58,52.8,21.0,22.6,2,7,7,1,LONG(長音ー)
ぞぎゅー,4,0,0,2,2,16,dzoɡjuː,6,3,8,5,6,5,547.0,4.3,0,18857.0,8.9,8,0,4,#9A6B58,49.5,16.5,18.0,2,7,7,1,LONG(長音ー)
ちちゅー,4,0,0,1,1,16,tɕitɕuː,2,3,7,7,5,4,3500.0,9.0,2,9868.0,7.8,6,mh,5,#FFEBB1,95.4,7.2,33.7,2,7,7,1,LONG(長音ー)
でまーん,4,0,0,3,2,20,demaːŋ,9,2,6,5,4,8,132.0,0.7,1,2135.0,5.2,9,mh,5,#5A0B10,17.7,34.7,20.2,5,5,5,8,COMPOUND(複合・異種)
りじゅーん,4,0,0,3,2,20,ɾidʑuːŋ,5,4,8,6,3,7,721.0,5.0,2,3040.0,5.8,8,0,4,#AC8878,59.8,11.4,13.8,5,5,5,8,COMPOUND(複合・異種)
りりゃーん,4,0,0,1,1,20,ɾiɾjaːŋ,3,6,9,2,5,4,1719.0,7.2,2,12488.0,8.2,7,mh,5,#F8D1A5,86.1,7.7,27.0,5,5,5,8,COMPOUND(複合・異種)
いきーん,4,0,0,1,1,20,ikiːŋ,5,5,9,6,2,2,914.0,5.6,3,4328.0,6.4,6,mh,5,#C79051,63.8,14.0,41.1,5,5,5,8,COMPOUND(複合・異種)
いゆーん,4,0,0,1,1,20,ijuːŋ,4,2,5,4,5,6,368.0,3.3,0,740.0,3.4,5,0,4,#B58E70,62.0,10.4,21.6,5,5,5,8,COMPOUND(複合・異種)
えざーん,4,0,0,3,2,20,ezaːŋ,7,2,6,6,2,5,229.0,2.1,1,1333.0,4.4,6,0,4,#764626,34.6,17.5,27.7,5,5,5,8,COMPOUND(複合・異種)
えじー,4,0,0,3,2,16,edʑiː,4,0,6,8,4,4,547.0,4.3,0,1414.0,4.5,5,0,4,#A7855C,57.9,7.7,26.9,2,7,7,1,LONG(長音ー)
えちーん,4,0,0,1,1,20,etɕiːŋ,6,3,7,6,2,6,525.0,4.2,2,1687.0,4.8,7,0,4,#A8724D,52.9,17.0,28.9,5,5,5,8,COMPOUND(複合・異種)
きりゃー,4,0,0,1,1,16,kiɾjaː,2,5,8,4,6,1,3234.0,8.8,2,20000.0,9.0,5,mh,5,#FFF7AB,98.0,-0.2,40.2,2,7,7,1,LONG(長音ー)
ぎぎゃー,4,0,0,2,2,16,ɡiɡjaː,6,5,8,5,4,2,1356.0,6.6,2,20000.0,9.0,7,0,4,#C08955,61.4,15.4,35.9,2,7,7,1,LONG(長音ー)
くにー,4,0,0,1,1,16,kuniː,2,2,6,6,6,3,1070.0,6.0,1,3627.0,6.1,5,0,4,#E3C894,81.8,2.1,29.8,2,7,7,1,LONG(長音ー)
ざだー,4,0,0,2,2,16,dzadaː,6,3,8,4,5,3,525.0,4.2,0,15804.0,8.6,6,mh,5,#A5663E,49.4,21.5,33.0,2,7,7,1,LONG(長音ー)
じあーん,4,0,0,3,2,20,dʑiaːŋ,7,3,8,6,3,5,302.0,2.8,1,3040.0,5.8,8,mh,5,#873F1E,35.6,28.6,33.5,5,5,5,8,COMPOUND(複合・異種)
ずじゅー,4,0,0,2,2,16,dzudʑuː,6,1,7,5,6,6,467.0,3.9,0,9868.0,7.8,7,0,4,#956D6A,50.0,15.3,7.8,2,7,7,1,LONG(長音ー)
ずじゅーん,4,0,0,2,2,20,dzudʑuːŋ,8,2,8,5,4,8,220.0,2.0,0,4590.0,6.5,9,0,4,#683842,29.9,22.3,3.7,5,5,5,8,COMPOUND(複合・異種)
ぜちゅー,4,0,0,3,2,16,dzetɕuː,6,3,8,6,5,6,811.0,5.3,1,17779.0,8.8,8,0,4,#A46D5B,51.5,19.7,19.1,2,7,7,1,LONG(長音ー)
だめーん,4,0,0,3,2,20,dameːŋ,9,2,6,5,4,8,132.0,0.7,1,2135.0,5.2,9,mh,5,#5A0B10,17.7,34.7,20.2,5,5,5,8,COMPOUND(複合・異種)
でみー,4,0,0,3,2,16,demiː,7,2,6,8,4,6,449.0,3.8,0,5809.0,6.9,8,0,4,#864730,37.4,24.6,25.4,2,7,7,1,LONG(長音ー)
ぴじゅー,4,0,0,6,2,16,pidʑuː,3,2,7,8,6,5,1205.0,6.3,1,7352.0,7.3,7,0,4,#D6AF8E,74.1,9.8,22.1,2,7,7,1,LONG(長音ー)
みめー,4,0,0,1,1,16,mimeː,4,1,5,7,6,5,666.0,4.8,0,2866.0,5.7,7,mh,5,#C39069,63.7,14.5,28.1,2,7,7,1,LONG(長音ー)
よぞー,4,0,0,3,2,16,jozoː,5,0,3,6,6,4,368.0,3.3,0,1790.0,4.9,5,0,4,#9A7E5F,54.8,6.4,21.0,2,7,7,1,LONG(長音ー)
りみゅーん,4,0,0,1,1,20,ɾimjuːŋ,4,4,8,4,4,7,878.0,5.5,1,4328.0,6.4,8,0,4,#CA9F8B,68.8,13.0,16.3,5,5,5,8,COMPOUND(複合・異種)
りみー,4,0,0,1,1,16,ɾimiː,2,4,8,6,5,3,2358.0,8.0,1,7798.0,7.4,6,0,4,#F3D7A3,87.2,2.1,29.3,2,7,7,1,LONG(長音ー)
りゆーん,4,0,0,1,1,20,ɾijuːŋ,3,3,6,3,6,6,780.0,5.2,0,1687.0,4.8,6,0,4,#D8BB9E,77.5,6.0,18.5,5,5,5,8,COMPOUND(複合・異種)
あけらかん,4,0,1,1,1,4,akeɾakaŋ,4,5,5,3,6,4,345.1,3.14,5,3409.6,5.99,5,mh,5,#800000,25.5,48.0,38.1,5,5,5,8,COMPOUND(複合・異種)
あざあざ,4,0,0,3,2,1,azaaza,5,4,5,3,7,5,350.9,3.18,3,8362.3,7.52,5,0,4,#4682B4,52.5,-4.1,-32.2,4,5,5,1,REDUP(畳語・同一)
あっけらかん,4,0,0,1,1,6,akkeɾakaŋ,4,6,5,3,6,3,341.4,3.11,6,3763.7,6.16,5,h,6,#FFD700,86.9,-1.9,87.1,5,5,5,8,COMPOUND(複合・異種)
あっはっは,1,0,0,1,1,2,ahhahha,4,5,4,3,7,6,423.7,3.65,4,3082.3,5.82,5,mh,5,#FFFF00,97.1,-21.6,94.5,5,5,0,8,COMPOUND(複合・異種)
あはははは,1,8,0,1,1,32,ahahahaha,3,5,4,3,7,5,512.2,4.14,4,3226.8,5.90,4,mh,5,#FFFF00,97.1,-21.6,94.5,5,5,0,8,COMPOUND(複合・異種)
あぷあぷ,6,4096,2,5,1,1,apuapu,4,5,4,6,6,6,326.5,3.00,4,3626.1,6.10,6,0,4,#4169E1,47.8,26.3,-65.3,4,5,5,1,REDUP(畳語・同一)
いがいが,6,18432,0,3,2,1,iɡaiɡa,5,5,5,5,5,4,360.7,3.25,4,3605.9,6.09,6,0,4,#FF4500,57.6,67.8,69.0,4,5,5,1,REDUP(畳語・同一)
いけしゃーしゃー,4,0,1,1,1,16,ikeɕaːɕaː,3,4,5,3,7,4,1225.0,6.34,3,9361.3,7.71,5,mh,5,#800000,25.5,48.0,38.1,3,7,5,0,LONG(長音ー)
うえーん,1,0,0,1,2,20,ueːŋ,5,3,6,5,6,5,881.2,5.51,1,6323.3,7.04,5,mh,5,#1E90FF,59.4,10.0,-63.4,2,7,5,0,LONG(長音ー)
うおんうおん,3,8192,2,1,2,5,uoŋuoŋ,5,4,5,4,5,6,139.4,0.84,3,2213.1,5.26,5,mh,5,#4682B4,52.5,-4.1,-32.2,4,5,5,1,REDUP(畳語・同一)
うおー,1,0,0,1,2,16,uoː,5,2,5,4,6,4,679.5,4.85,2,6365.5,7.06,5,mh,5,#FF0000,53.2,80.1,67.2,2,7,5,0,LONG(長音ー)
うかと,4,0,0,1,2,32,ukato,4,5,4,5,6,4,297.0,2.76,6,1115.7,4.10,5,0,4,#F5F5F5,96.5,-0.0,0.0,5,5,0,8,COMPOUND(複合・異種)
うぐひ,3,12288,0,3,2,32,uɡuçi,5,4,4,5,6,6,447.0,3.79,4,2340.5,5.36,6,0,4,#FFFFFF,100.0,-0.0,0.0,5,5,0,8,COMPOUND(複合・異種)
うざうざ,4,0,0,3,2,1,uzauza,5,5,4,5,6,5,278.4,2.59,4,6622.3,7.12,6,mc,3,#0000FF,32.3,79.2,-107.9,4,5,5,1,REDUP(畳語・同一)
うだうだ,4,0,0,3,2,1,udauda,5,4,3,4,6,6,265.1,2.47,3,1833.6,4.94,6,0,4,#808080,53.6,-0.0,0.0,4,5,5,1,REDUP(畳語・同一)
うっすり,4,0,0,1,2,10,ussuɾi,3,4,4,4,7,4,449.5,3.80,5,1952.3,5.05,5,0,4,#E6E6FA,91.8,3.7,-9.7,5,5,5,8,COMPOUND(複合・異種)
うとっ,4,0,0,1,2,2,utoʔ,4,6,5,6,6,4,480.2,3.97,7,6511.4,7.09,6,0,4,#778899,55.9,-2.2,-11.1,2,5,0,0,Q(促音単発)
うはは,1,0,0,1,2,32,uhaha,3,4,4,3,7,5,481.2,3.98,4,2403.7,5.40,4,mh,5,#FFFF00,97.1,-21.6,94.5,5,5,0,8,COMPOUND(複合・異種)
うひひ,1,0,0,1,2,32,uçiçi,3,5,4,5,7,5,889.3,5.53,5,3655.9,6.11,5,mh,5,#FFFFFF,100.0,-0.0,0.0,5,5,0,8,COMPOUND(複合・異種)
うひょひょ,1,0,0,1,2,32,uçjoçjo,3,4,3,4,8,6,661.7,4.78,4,2020.6,5.11,5,mh,5,#FFFFFF,100.0,-0.0,0.0,5,5,0,8,COMPOUND(複合・異種)
うふっ,4,0,0,1,2,2,uɸuʔ,4,7,6,7,6,4,528.6,4.21,7,7943.2,7.43,7,mh,5,#FFFFFF,100.0,-0.0,0.0,2,5,0,0,Q(促音単発)
うふふっ,5,128,0,1,2,2,uɸuɸuʔ,3,6,5,6,7,4,534.6,4.24,7,6452.8,7.08,6,mh,5,#FFF0F5,96.1,5.9,-0.6,2,5,0,0,Q(促音単発)
うふふふ,9,16384,0,1,2,32,uɸuɸuɸu,3,4,3,5,7,6,362.8,3.26,4,1797.0,4.91,5,mh,5,#FFF0F5,96.1,5.9,-0.6,5,5,0,8,COMPOUND(複合・異種)
うるうる,4,16384,0,1,2,1,uɾuuɾu,4,4,3,4,7,6,256.4,2.38,3,327.7,2.02,5,0,4,#4682B4,52.5,-4.1,-32.2,4,5,5,1,REDUP(畳語・同一)
うるっ,4,16392,0,1,2,2,uɾuʔ,5,8,7,7,5,3,505.4,4.10,8,8972.8,7.64,7,mc,3,#FFFFFF,100.0,-0.0,0.0,2,5,0,0,Q(促音単発)
うーっ,1,0,0,1,2,18,uːʔ,4,3,6,5,6,4,1034.0,5.91,3,8592.3,7.56,6,0,4,#F0FFFF,98.9,-4.9,-1.7,2,7,5,0,LONG(長音ー)
うーむ,1,0,0,1,2,16,uːmu,4,2,4,5,6,4,890.8,5.54,1,5188.4,6.71,5,0,4,#696969,44.4,-0.0,0.0,2,7,5,0,LONG(長音ー)
えっへん,4,16384,0,1,1,6,ehheŋ,5,6,6,6,5,5,317.5,2.92,6,2243.1,5.28,6,0,4,#8B0000,28.1,51.0,41.3,3,6,5,0,N(撥音単発)
えへらえへら,5,0,0,1,1,1,eheɾaeheɾa,3,5,3,3,8,4,370.2,3.31,3,2723.8,5.61,5,mh,5,#FFFFE0,99.3,-5.1,14.8,4,5,5,1,REDUP(畳語・同一)
えへんえへん,4,16384,0,1,1,5,eheŋeheŋ,4,5,5,5,6,5,283.4,2.64,4,2320.3,5.34,6,0,4,#8B0000,28.1,51.0,41.3,4,5,5,1,REDUP(畳語・同一)
えんえん,5,0,0,1,1,5,eŋeŋ,4,4,5,5,6,5,348.0,3.16,3,2234.0,5.28,5,mh,5,#FFFF00,97.1,-21.6,94.5,4,5,5,1,REDUP(畳語・同一)
えーんえーん,1,0,0,1,1,21,eːŋeːŋ,5,4,6,4,5,6,489.2,4.02,2,3694.4,6.13,6,mh,5,#FF69B4,65.5,64.2,-10.6,4,5,5,1,REDUP(畳語・同一)
おうおう,1,0,0,1,2,1,ouou,5,4,4,4,6,6,356.0,3.21,3,2485.1,5.46,5,0,4,#4682B4,52.5,-4.1,-32.2,4,5,5,1,REDUP(畳語・同一)
おうしいつくつく,1,0,0,1,2,32,ouɕiitsukutsuku,4,4,5,6,6,5,560.8,4.36,5,2124.0,5.19,6,0,4,#4B0082,20.5,51.7,-53.3,5,5,0,8,COMPOUND(複合・異種)
おおしいつくつく,1,0,0,1,2,32,ooɕiitsukutsuku,4,5,6,6,5,5,489.9,4.02,5,2569.5,5.51,6,0,4,#4B0082,20.5,51.7,-53.3,5,5,0,8,COMPOUND(複合・異種)
おぎゃ,3,0,0,3,2,32,oɡja,5,4,4,4,6,6,252.3,2.34,4,3217.6,5.90,6,mh,5,#8F502F,40.9,23.3,30.5,5,5,0,8,COMPOUND(複合・異種)
おぎゃおぎゃ,1,0,2,3,2,1,oɡjaoɡja,5,5,4,4,6,6,352.8,3.19,3,5150.0,6.70,6,0,4,#FF4500,57.6,67.8,69.0,4,5,5,1,REDUP(畳語・同一)
おぎゃー,1,0,0,3,2,16,oɡjaː,4,3,5,4,7,4,1084.5,6.03,1,9078.7,7.66,5,mh,5,#FF4500,57.6,67.8,69.0,2,7,5,0,LONG(長音ー)
おぎゃーおぎゃー,1,0,2,3,2,17,oɡjaːoɡjaː,5,4,5,3,6,6,611.3,4.58,2,6972.4,7.21,6,mh,5,#FF4500,57.6,67.8,69.0,4,5,5,1,REDUP(畳語・同一)
おしいつくつく,1,0,0,1,2,32,oɕiitsukutsuku,4,5,5,6,6,5,557.4,4.35,5,2791.2,5.65,6,0,4,#4B0082,20.5,51.7,-53.3,5,5,0,8,COMPOUND(複合・異種)
おぼおば,4,0,0,3,2,32,obooba,6,4,3,5,6,7,100.0,0.00,4,1453.6,4.55,6,0,4,#708090,52.8,-2.1,-10.6,5,5,0,8,COMPOUND(複合・異種)
おんおん,5,0,2,1,2,5,oŋoŋ,4,5,4,5,6,6,169.9,1.34,3,1563.2,4.67,5,mh,5,#FFFF00,97.1,-21.6,94.5,4,5,5,1,REDUP(畳語・同一)
おーしんつくつく,1,0,0,1,2,20,oːɕintsukutsuku,3,4,6,6,6,4,903.7,5.57,3,6112.5,6.99,5,0,4,#4B0082,20.5,51.7,-53.3,3,6,5,0,LONG(長音ー)
かいよ,6,0,0,1,1,32,kaijo,4,4,4,4,6,4,494.9,4.05,5,2567.9,5.51,5,mh,5,#708090,52.8,-2.1,-10.6,5,5,0,8,COMPOUND(複合・異種)
かくっ,6,8,0,1,1,2,kakuʔ,4,8,7,6,5,3,594.1,4.51,8,7571.6,7.35,7,0,4,#000000,0.0,0.0,0.0,2,5,0,0,Q(促音単発)
かくん,6,1,0,1,1,4,kakuŋ,4,7,7,5,4,4,534.1,4.24,6,4442.5,6.44,6,0,4,#808080,53.6,-0.0,0.0,3,6,5,0,N(撥音単発)
かくんかくん,6,1,0,1,1,5,kakuŋkakuŋ,4,6,6,4,5,4,464.7,3.89,5,3906.6,6.23,6,0,4,#D2B48C,75.0,5.0,24.4,4,5,5,1,REDUP(畳語・同一)
かさかさっ,6,8,0,1,1,2,kasakasaʔ,3,8,6,5,6,1,804.6,5.28,8,8430.3,7.53,5,0,4,#D2B48C,75.0,5.0,24.4,3,5,0,0,Q(促音単発)
かさっ,6,8,0,1,1,2,kasaʔ,4,8,6,6,6,2,736.5,5.05,8,8737.9,7.59,6,0,4,#000000,0.0,0.0,0.0,2,5,0,0,Q(促音単発)
かさり,4,17,1,1,1,8,kasaɾi,2,6,6,4,7,2,681.5,4.86,6,4535.6,6.48,5,mh,5,#FFFFFF,100.0,-0.0,0.0,4,6,0,0,RI(り単発)
かしっ,6,8,0,1,1,2,kaɕiʔ,4,8,7,7,4,2,803.1,5.27,8,8491.2,7.54,7,0,4,#000000,0.0,0.0,0.0,2,5,0,0,Q(促音単発)
かしゃっ,6,8,0,1,1,2,kaɕaʔ,4,8,7,6,5,3,837.2,5.38,8,10897.1,7.97,7,0,4,#778899,55.9,-2.2,-11.1,2,5,0,0,Q(促音単発)
かすっ,6,8,0,1,1,2,kasuʔ,3,8,6,6,6,2,760.0,5.13,8,8804.8,7.61,6,0,4,#000000,0.0,0.0,0.0,2,5,0,0,Q(促音単発)
かたこと,6,0,0,1,1,32,katakoto,4,6,5,5,4,3,396.0,3.48,6,2870.3,5.70,6,0,4,#808080,53.6,-0.0,0.0,5,5,0,8,COMPOUND(複合・異種)
かたっ,6,8,0,1,1,2,kataʔ,4,8,7,6,4,3,589.7,4.49,8,8447.7,7.54,7,0,4,#000000,0.0,0.0,0.0,2,5,0,0,Q(促音単発)
かたんかたん,6,1,0,1,1,5,kataŋkataŋ,4,7,6,5,3,4,499.6,4.07,5,5023.9,6.65,7,0,4,#808080,53.6,-0.0,0.0,4,5,5,1,REDUP(畳語・同一)
かち,6,0,0,1,1,32,katɕi,4,6,6,6,3,3,1128.3,6.13,7,5659.3,6.86,7,0,4,#C0C0C0,77.7,-0.0,0.0,5,5,0,8,COMPOUND(複合・異種)
かちゃ,6,0,0,1,1,32,katɕa,4,6,5,5,4,4,1186.9,6.26,6,7707.3,7.38,7,0,4,#D3D3D3,84.6,-0.0,0.0,5,5,0,8,COMPOUND(複合・異種)
かちゃっ,6,8,0,1,1,2,katɕaʔ,4,8,7,6,4,3,1194.4,6.28,8,10897.0,7.97,7,0,4,#D3D3D3,84.6,-0.0,0.0,3,5,0,0,Q(促音単発)
かちゃり,4,17,1,1,1,8,katɕaɾi,3,7,6,4,5,4,1089.0,6.04,7,6709.6,7.14,6,0,4,#FFFFFF,100.0,-0.0,0.0,4,6,0,0,RI(り単発)
かちゃん,6,1,0,1,1,4,katɕaŋ,4,8,8,5,3,4,1154.1,6.19,7,8654.0,7.58,7,0,4,#D3D3D3,84.6,-0.0,0.0,3,6,5,0,N(撥音単発)
かちり,4,17,1,1,1,8,katɕiɾi,3,7,7,5,5,3,1071.8,6.00,7,5745.1,6.88,6,mh,5,#FFFFFF,100.0,-0.0,0.0,4,6,0,0,RI(り単発)
かちーん,6,1,0,1,1,20,katɕiːŋ,3,5,7,5,3,3,1476.6,6.82,4,7940.2,7.43,6,0,4,#FFFF00,97.1,-21.6,94.5,3,7,5,0,LONG(長音ー)
かっか,6,0,0,1,1,2,kakka,4,6,6,4,5,2,648.2,4.73,6,4877.5,6.60,6,mh,5,#000000,0.0,0.0,0.0,5,5,0,8,COMPOUND(複合・異種)
かっかっ,6,8,0,1,1,3,kakkaʔ,4,7,6,5,5,2,683.1,4.86,7,6965.6,7.21,6,mh,5,#FF0000,53.2,80.1,67.2,4,5,5,1,REDUP(畳語・同一)
かっくり,4,17,1,1,1,10,kakkuɾi,4,6,5,5,6,4,457.6,3.85,6,2812.8,5.67,6,mh,5,#8B4513,37.5,26.4,41.0,5,5,5,8,COMPOUND(複合・異種)
かっくん,6,1,0,1,1,6,kakkuŋ,4,8,8,6,4,3,573.2,4.42,7,5139.1,6.69,7,0,4,#808080,53.6,-0.0,0.0,3,6,5,0,N(撥音単発)
かったん,6,1,0,1,1,6,kattaŋ,5,8,8,6,3,4,585.5,4.47,7,6595.2,7.12,7,0,4,#2F4F4F,31.3,-11.7,-3.7,3,6,5,0,N(撥音単発)
かったんこっとん,6,1,0,1,1,6,kattaŋkottoŋ,5,7,7,5,3,4,343.0,3.12,7,4626.7,6.51,7,0,4,#FFFFFF,100.0,-0.0,0.0,5,5,5,8,COMPOUND(複合・異種)
かっちかち,6,0,0,1,1,2,kattɕikatɕi,4,7,7,7,3,2,1397.8,6.68,8,7791.5,7.40,7,0,4,#708090,52.8,-2.1,-10.6,5,5,0,8,COMPOUND(複合・異種)
かっちかっち,6,8,0,1,1,3,kattɕikattɕi,4,7,7,6,3,2,1264.6,6.42,7,7466.6,7.33,7,0,4,#AFEEEE,90.1,-19.6,-6.4,4,5,5,1,REDUP(畳語・同一)
かっちゃん,6,1,0,1,1,6,kattɕaŋ,5,7,7,5,4,5,733.7,5.04,7,6406.7,7.07,7,0,4,#708090,52.8,-2.1,-10.6,5,5,5,8,COMPOUND(複合・異種)
かっちん,6,1,0,1,1,6,kattɕiŋ,5,8,8,7,3,3,999.6,5.83,7,6099.1,6.98,7,mc,3,#AFEEEE,90.1,-19.6,-6.4,3,6,5,0,N(撥音単発)
かっぽかっぽ,6,8,0,5,1,3,kappokappo,4,5,5,3,6,4,558.0,4.35,5,4570.1,6.49,6,mh,5,#FF4500,57.6,67.8,69.0,4,5,5,1,REDUP(畳語・同一)
かつん,6,1,0,1,1,4,katsuŋ,4,7,8,6,3,3,654.3,4.75,7,5720.7,6.87,7,0,4,#8B0000,28.1,51.0,41.3,3,6,5,0,N(撥音単発)
かばかば,6,8,0,3,2,1,kabakaba,5,6,5,3,6,4,524.2,4.19,5,6894.7,7.19,6,mh,5,#4169E1,47.8,26.3,-65.3,4,5,5,1,REDUP(畳語・同一)
かぽかぽ,6,8,0,5,1,1,kapokapo,3,5,4,3,6,4,590.0,4.49,4,3740.3,6.15,5,mh,5,#FF4500,57.6,67.8,69.0,4,5,5,1,REDUP(畳語・同一)
から,6,0,0,1,1,32,kaɾa,3,5,4,3,6,2,520.9,4.18,5,3181.1,5.88,5,0,4,#F4A460,74.0,23.0,46.8,5,5,0,8,COMPOUND(複合・異種)
からころり,4,17,1,1,1,8,kaɾakoɾoɾi,2,6,5,3,7,3,545.9,4.30,5,3049.9,5.81,5,0,4,#FFFFFF,100.0,-0.0,0.0,4,6,0,0,RI(り単発)
からこん,6,1,0,1,1,4,kaɾakoŋ,3,7,7,4,5,2,582.7,4.46,6,4530.4,6.48,5,0,4,#B8860B,59.2,9.9,62.7,3,6,5,0,N(撥音単発)
からっ,6,8,0,1,1,2,kaɾaʔ,4,8,7,5,6,2,669.0,4.81,8,7933.9,7.43,6,0,4,#000000,0.0,0.0,0.0,2,5,0,0,Q(促音単発)
からりころり,4,17,1,1,1,8,kaɾaɾikoɾoɾi,2,6,5,3,7,2,669.7,4.81,6,3176.2,5.87,5,0,4,#FFFFFF,100.0,-0.0,0.0,4,6,0,0,RI(り単発)
からん,6,1,0,1,1,4,kaɾaŋ,3,7,7,4,5,3,584.5,4.47,6,4401.1,6.43,5,0,4,#B8860B,59.2,9.9,62.7,3,6,5,0,N(撥音単発)
からんころん,6,1,0,1,1,4,kaɾaŋkoɾoŋ,4,6,6,3,5,4,327.1,3.00,5,1993.3,5.08,6,0,4,#B8860B,59.2,9.9,62.7,5,5,5,8,COMPOUND(複合・異種)
かり,4,17,1,1,1,8,kaɾi,3,6,6,4,7,3,616.9,4.61,6,4019.8,6.27,5,mh,5,#FFFFFF,100.0,-0.0,0.0,4,6,0,0,RI(り単発)
かりかりっ,6,8,0,1,1,2,kaɾikaɾiʔ,4,8,7,6,5,2,1030.7,5.91,8,8424.2,7.53,6,0,4,#CD853F,61.8,21.4,47.9,3,5,0,0,Q(促音単発)
かりっ,6,8,0,1,1,2,kaɾiʔ,4,8,7,7,5,2,906.9,5.58,8,8227.6,7.49,7,0,4,#000000,0.0,0.0,0.0,2,5,0,0,Q(促音単発)
かりり,4,17,1,1,1,8,kaɾiɾi,3,6,6,4,6,3,746.8,5.09,6,4738.2,6.55,6,mh,5,#FFFFFF,100.0,-0.0,0.0,4,6,0,0,RI(り単発)
かりりっ,6,8,0,1,1,2,kaɾiɾiʔ,4,8,8,7,4,2,1025.5,5.89,8,8745.0,7.59,7,0,4,#000000,0.0,0.0,0.0,3,5,0,0,Q(促音単発)
かりん,6,1,0,1,1,4,kaɾiŋ,4,7,7,5,4,3,970.9,5.75,7,5595.9,6.84,6,mc,3,#808080,53.6,-0.0,0.0,3,6,5,0,N(撥音単発)
かりんっ,6,8,0,1,1,6,kaɾiŋʔ,4,8,7,6,5,2,907.1,5.58,8,8277.5,7.50,7,0,4,#000000,0.0,0.0,0.0,3,5,0,0,Q(促音単発)
かん,6,1,0,1,1,4,kaŋ,4,7,7,5,4,4,623.0,4.63,6,5795.1,6.90,6,0,4,#808080,53.6,-0.0,0.0,3,6,5,0,N(撥音単発)
かんっ,6,8,0,1,1,6,kaŋʔ,4,8,7,6,4,3,640.9,4.70,7,8439.4,7.53,7,mh,5,#000000,0.0,0.0,0.0,2,5,0,0,Q(促音単発)
かーか,6,8,0,1,1,16,kaːka,3,3,5,3,6,2,1061.9,5.98,2,6213.2,7.01,5,mh,5,#000000,0.0,0.0,0.0,2,7,5,0,LONG(長音ー)
がきがき,6,8,0,3,2,1,ɡakiɡaki,5,7,6,5,4,3,781.2,5.20,6,6319.4,7.04,6,0,4,#FFFFFF,100.0,-0.0,0.0,4,5,5,1,REDUP(畳語・同一)
がくっ,6,8,0,3,2,2,ɡakuʔ,5,8,7,7,5,3,384.5,3.41,8,7046.7,7.23,7,0,4,#000000,0.0,0.0,0.0,2,5,0,0,Q(促音単発)
がくり,4,17,1,3,2,8,ɡakuɾi,4,6,6,5,6,4,340.3,3.10,6,2926.8,5.74,6,0,4,#FFFFFF,100.0,-0.0,0.0,4,6,0,0,RI(り単発)
がくんっ,6,8,0,3,2,6,ɡakuŋʔ,6,8,7,7,5,4,361.2,3.25,8,6534.2,7.10,7,0,4,#000000,0.0,0.0,0.0,3,5,0,0,Q(促音単発)
がさごそ,6,0,0,3,2,32,ɡasaɡoso,5,6,4,5,6,2,332.7,3.04,6,3721.1,6.14,5,0,4,#556B2F,42.2,-18.8,30.6,5,5,0,8,COMPOUND(複合・異種)
がさり,4,17,1,3,2,8,ɡasaɾi,4,6,6,4,7,3,455.8,3.84,6,3827.8,6.19,5,0,4,#FFFFFF,100.0,-0.0,0.0,4,6,0,0,RI(り単発)
がしがし,6,8,0,3,2,1,ɡaɕiɡaɕi,6,6,5,6,4,4,578.0,4.44,5,5777.4,6.89,7,mc,3,#708090,52.8,-2.1,-10.6,4,5,5,1,REDUP(畳語・同一)
がしゃん,6,1,0,3,2,4,ɡaɕaŋ,6,8,7,6,4,4,578.9,4.45,7,8260.7,7.50,7,mc,3,#708090,52.8,-2.1,-10.6,3,6,5,0,N(撥音単発)
がじがじ,6,8,0,2,2,1,ɡadʑiɡadʑi,6,5,5,7,4,5,129.8,0.66,4,2515.4,5.48,7,mc,3,#BDB76B,73.4,-8.8,39.3,4,5,5,1,REDUP(畳語・同一)
がじゃん,6,1,0,2,2,4,ɡadʑaŋ,6,7,8,5,4,5,303.9,2.81,6,7108.7,7.24,8,0,4,#FF0000,53.2,80.1,67.2,3,6,5,0,N(撥音単発)
がたくり,4,17,1,3,2,8,ɡatakuɾi,4,7,6,5,6,4,303.4,2.81,6,2977.9,5.76,6,0,4,#FFFFFF,100.0,-0.0,0.0,4,6,0,0,RI(り単発)
がたごと,6,0,0,3,2,32,ɡataɡoto,7,6,5,6,4,4,100.0,0.00,6,2627.1,5.55,7,0,4,#000000,0.0,0.0,0.0,5,5,0,8,COMPOUND(複合・異種)
がたびし,6,0,0,3,2,32,ɡatabiɕi,6,6,6,6,4,5,344.8,3.13,7,6241.5,7.02,7,mc,3,#000000,0.0,0.0,0.0,5,5,0,8,COMPOUND(複合・異種)
がたぴしゃ,6,0,0,7,2,32,ɡatapiɕa,5,7,6,5,5,4,600.2,4.54,6,8004.0,7.44,7,0,4,#8B4513,37.5,26.4,41.0,5,5,0,8,COMPOUND(複合・異種)
がたぴち,6,0,0,7,2,32,ɡatapitɕi,5,7,6,7,4,5,770.2,5.17,7,5414.3,6.78,7,0,4,#8B4513,37.5,26.4,41.0,5,5,0,8,COMPOUND(複合・異種)
がたんがたん,6,1,0,3,2,5,ɡataŋɡataŋ,6,7,6,5,3,5,217.4,1.97,5,4415.4,6.43,7,0,4,#2F4F4F,31.3,-11.7,-3.7,4,5,5,1,REDUP(畳語・同一)
がち,6,0,0,3,2,32,ɡatɕi,6,6,6,7,3,4,712.0,4.97,7,4472.6,6.46,7,0,4,#B0E0E6,86.1,-14.1,-8.0,5,5,0,8,COMPOUND(複合・異種)
がちっ,6,8,0,3,2,2,ɡatɕiʔ,5,8,7,8,3,3,886.6,5.52,8,8504.3,7.55,8,0,4,#000000,0.0,0.0,0.0,2,5,0,0,Q(促音単発)
がちゃ,6,0,0,3,2,32,ɡatɕa,5,6,5,5,4,5,764.3,5.15,6,6561.0,7.11,7,0,4,#708090,52.8,-2.1,-10.6,5,5,0,8,COMPOUND(複合・異種)
がちゃっ,6,8,0,3,2,2,ɡatɕaʔ,5,9,7,7,4,3,874.2,5.49,8,9999.0,7.82,8,0,4,#708090,52.8,-2.1,-10.6,3,5,0,0,Q(促音単発)
がちゃり,4,17,1,3,2,8,ɡatɕaɾi,4,7,6,5,6,4,791.7,5.24,7,5901.3,6.93,7,0,4,#FFFFFF,100.0,-0.0,0.0,4,6,0,0,RI(り単発)
がちり,4,17,1,3,2,8,ɡatɕiɾi,4,7,7,6,5,3,795.2,5.25,7,4929.1,6.62,7,0,4,#FFFFFF,100.0,-0.0,0.0,4,6,0,0,RI(り単発)
がちん,6,1,0,3,2,4,ɡatɕiŋ,5,8,8,7,2,4,875.0,5.49,7,5620.4,6.84,7,mc,3,#4682B4,52.5,-4.1,-32.2,3,6,5,0,N(撥音単発)
がちんがちん,6,1,0,3,2,5,ɡatɕiŋɡatɕiŋ,6,7,7,7,2,3,975.3,5.77,6,5854.5,6.91,7,mc,3,#B0E0E6,86.1,-14.1,-8.0,4,5,5,1,REDUP(畳語・同一)
がちーん,6,1,0,3,2,20,ɡatɕiːŋ,5,5,7,6,3,4,1164.0,6.21,4,7030.7,7.22,6,0,4,#B0E0E6,86.1,-14.1,-8.0,3,7,5,0,LONG(長音ー)
がっがっがっ,6,8,0,2,2,2,ɡaɡɡaɡɡaʔ,7,8,7,7,4,3,315.1,2.91,8,7047.9,7.23,8,0,4,#000000,0.0,0.0,0.0,3,5,0,0,Q(促音単発)
がったがた,6,0,0,3,2,2,ɡattaɡata,7,7,6,6,4,4,156.4,1.13,7,4105.6,6.31,7,0,4,#696969,44.4,-0.0,0.0,5,5,0,8,COMPOUND(複合・異種)
がったがった,6,8,0,3,2,3,ɡattaɡatta,7,7,5,5,4,4,281.6,2.62,6,5249.8,6.73,7,0,4,#8B4513,37.5,26.4,41.0,4,5,5,1,REDUP(畳語・同一)
がったり,4,17,1,3,2,10,ɡattaɾi,5,6,5,5,5,5,229.9,2.11,6,2803.4,5.66,7,0,4,#000000,0.0,0.0,0.0,5,5,5,8,COMPOUND(複合・異種)
がったん,6,1,0,3,2,6,ɡattaŋ,6,7,7,6,3,5,326.7,3.00,7,5417.9,6.78,8,mc,3,#2F4F4F,31.3,-11.7,-3.7,3,6,5,0,N(撥音単発)
がったんがったん,6,1,0,3,2,7,ɡattaŋɡattaŋ,7,7,7,5,3,5,256.6,2.39,6,5615.1,6.84,8,0,4,#FFFFFF,100.0,-0.0,0.0,4,5,5,1,REDUP(畳語・同一)
がっちゃん,6,1,0,3,2,6,ɡattɕaŋ,6,7,7,5,4,5,493.5,4.04,6,5378.1,6.77,8,0,4,#708090,52.8,-2.1,-10.6,5,5,5,8,COMPOUND(複合・異種)
がっちん,6,1,0,3,2,6,ɡattɕiŋ,6,8,8,7,3,4,740.1,5.07,7,4990.2,6.64,8,mc,3,#F5F5F5,96.5,-0.0,0.0,3,6,5,0,N(撥音単発)
がっつん,6,1,0,3,2,6,ɡattsuŋ,6,7,8,7,3,4,416.2,3.61,7,5258.7,6.73,8,mc,3,#8B0000,28.1,51.0,41.3,3,6,5,0,N(撥音単発)
がっはっはっ,6,8,0,3,2,2,ɡahhahhaʔ,5,8,7,6,5,3,525.3,4.20,8,8114.6,7.47,7,0,4,#000000,0.0,0.0,0.0,3,5,0,0,Q(促音単発)
がっぽがっぽ,6,8,0,6,2,3,ɡappoɡappo,6,5,5,4,6,6,275.5,2.57,5,3186.6,5.88,7,0,4,#FFD700,86.9,-1.9,87.1,4,5,5,1,REDUP(畳語・同一)
がつっ,6,8,0,3,2,2,ɡatsuʔ,6,8,7,7,4,3,489.4,4.02,8,7630.1,7.36,8,0,4,#000000,0.0,0.0,0.0,3,5,0,0,Q(促音単発)
がはは,6,0,0,3,2,32,ɡahaha,5,6,4,4,6,5,376.2,3.35,5,3551.6,6.06,6,0,4,#FFFF00,97.1,-21.6,94.5,5,5,0,8,COMPOUND(複合・異種)
がばり,4,17,1,3,2,8,ɡabaɾi,4,6,6,4,7,5,341.5,3.11,6,3987.3,6.26,6,mh,5,#FFFFFF,100.0,-0.0,0.0,4,6,0,0,RI(り単発)
がぼりがぼり,4,17,1,3,2,9,ɡaboɾiɡaboɾi,5,5,4,5,6,5,325.9,2.99,5,4004.6,6.27,7,0,4,#191970,15.9,31.7,-49.6,4,5,5,1,REDUP(畳語・同一)
がらっ,6,8,0,3,2,2,ɡaɾaʔ,5,8,6,5,6,3,470.1,3.92,7,7409.0,7.31,7,0,4,#000000,0.0,0.0,0.0,2,5,0,0,Q(促音単発)
がらりがらり,4,17,1,3,2,9,ɡaɾaɾiɡaɾaɾi,4,5,5,4,7,3,440.0,3.75,5,3335.3,5.96,5,0,4,#FFFFFF,100.0,-0.0,0.0,4,5,5,1,REDUP(畳語・同一)
がらりごろり,4,17,1,3,2,8,ɡaɾaɾiɡoɾoɾi,4,6,5,4,7,3,380.3,3.38,6,2919.4,5.73,6,0,4,#FFFFFF,100.0,-0.0,0.0,4,6,0,0,RI(り単発)
がらりっ,6,8,0,3,2,2,ɡaɾaɾiʔ,4,7,7,6,5,2,663.4,4.79,7,6857.6,7.18,6,0,4,#FFFFFF,100.0,-0.0,0.0,3,5,0,0,Q(促音単発)
がらんがらん,6,1,0,3,2,5,ɡaɾaŋɡaɾaŋ,5,5,6,3,5,4,279.9,2.61,4,3322.4,5.95,5,0,4,#D3D3D3,84.6,-0.0,0.0,4,5,5,1,REDUP(畳語・同一)
がらんごろん,6,1,0,3,2,4,ɡaɾaŋɡoɾoŋ,5,5,6,3,5,5,100.0,0.00,5,1686.6,4.80,6,0,4,#D3D3D3,84.6,-0.0,0.0,5,5,5,8,COMPOUND(複合・異種)
がり,4,17,1,3,2,8,ɡaɾi,4,6,6,5,7,4,418.3,3.62,6,3470.4,6.02,6,mh,5,#FFFFFF,100.0,-0.0,0.0,4,6,0,0,RI(り単発)
がりっ,6,8,0,3,2,2,ɡaɾiʔ,5,8,7,7,4,3,703.2,4.94,8,7663.1,7.37,7,0,4,#000000,0.0,0.0,0.0,2,5,0,0,Q(促音単発)
がりり,4,17,1,3,2,8,ɡaɾiɾi,4,6,6,5,6,3,562.1,4.37,6,4255.8,6.37,6,0,4,#FFFFFF,100.0,-0.0,0.0,4,6,0,0,RI(り単発)
がりりっ,6,8,0,3,2,2,ɡaɾiɾiʔ,5,8,7,7,4,2,834.7,5.37,8,8215.3,7.49,7,0,4,#000000,0.0,0.0,0.0,3,5,0,0,Q(促音単発)
がん,6,1,0,2,2,4,ɡaŋ,6,7,7,6,4,5,392.4,3.46,6,4813.3,6.58,7,0,4,#808080,53.6,-0.0,0.0,3,6,5,0,N(撥音単発)
きき,6,0,0,1,1,32,kiki,3,6,6,6,4,3,1179.8,6.25,6,7523.9,7.34,6,0,4,#D6A258,70.1,11.1,45.4,5,5,0,8,COMPOUND(複合・異種)
きこきこ,6,8,0,1,1,1,kikokiko,3,7,6,5,4,2,1154.4,6.19,6,6824.6,7.17,5,0,4,#FFFF00,97.1,-21.6,94.5,4,5,5,1,REDUP(畳語・同一)
きざきざ,6,8,0,3,2,1,kizakiza,4,5,6,5,5,3,936.2,5.66,5,10559.2,7.92,6,mc,3,#778899,55.9,-2.2,-11.1,4,5,5,1,REDUP(畳語・同一)
きしっ,6,8,0,1,1,2,kiɕiʔ,4,8,7,7,4,3,1051.8,5.96,8,9913.6,7.81,7,0,4,#000000,0.0,0.0,0.0,2,5,0,0,Q(促音単発)
きちり,4,17,1,1,1,8,kitɕiɾi,2,6,7,6,5,3,1113.1,6.10,6,5868.5,6.92,6,mh,5,#C0C0C0,77.7,-0.0,0.0,4,6,0,0,RI(り単発)
きっ,6,8,0,1,1,2,kiʔ,4,8,7,7,5,3,971.0,5.75,8,9576.2,7.75,7,0,4,#000000,0.0,0.0,0.0,2,5,0,0,Q(促音単発)
きっかり,4,17,1,1,1,10,kikkaɾi,3,6,6,5,6,3,796.6,5.25,6,4598.8,6.50,6,mh,5,#FFFFFF,100.0,-0.0,0.0,5,5,5,8,COMPOUND(複合・異種)
きっしり,4,17,1,1,1,10,kiɕɕiɾi,4,5,6,5,5,4,844.1,5.40,6,5175.0,6.70,6,0,4,#2F4F4F,31.3,-11.7,-3.7,5,5,5,8,COMPOUND(複合・異種)
きっぱり,4,17,1,5,1,10,kippaɾi,3,6,6,5,6,3,883.5,5.52,6,5783.7,6.89,6,mh,5,#FFFFFF,100.0,-0.0,0.0,5,5,5,8,COMPOUND(複合・異種)
きゃ,6,0,0,1,1,32,kja,3,6,5,4,7,5,1130.8,6.14,5,8806.0,7.61,6,mh,5,#FFB6C1,81.1,28.0,5.0,5,5,0,8,COMPOUND(複合・異種)
きゃきゃ,6,8,0,1,1,1,kjakja,3,6,5,2,7,4,1425.9,6.73,5,11057.0,7.99,6,mh,5,#FFB6C1,81.1,28.0,5.0,4,5,5,1,REDUP(畳語・同一)
きゃっ,6,8,0,1,1,2,kjaʔ,4,8,7,5,6,3,1173.1,6.23,8,12331.4,8.18,7,mh,5,#FF69B4,65.5,64.2,-10.6,2,5,0,0,Q(促音単発)
きゃん,6,1,0,1,1,4,kjaŋ,4,7,7,4,5,4,1139.0,6.16,6,9778.7,7.78,7,0,4,#FFD700,86.9,-1.9,87.1,3,6,5,0,N(撥音単発)
きゃーきゃ,6,8,0,1,1,16,kjaːkja,3,4,5,3,7,4,1620.7,7.05,3,11365.4,8.04,5,mh,5,#FFB6C1,81.1,28.0,5.0,3,7,5,0,LONG(長音ー)
きゅ,6,0,0,1,1,32,kju,4,5,5,6,6,4,1005.8,5.84,5,6368.1,7.06,7,0,4,#FFFFE0,99.3,-5.1,14.8,5,5,0,8,COMPOUND(複合・異種)
きゅっきゅっ,6,8,0,1,1,3,kjukkjuʔ,4,6,6,6,5,3,1120.6,6.12,6,8976.4,7.64,7,0,4,#FFFFFF,100.0,-0.0,0.0,4,5,5,1,REDUP(畳語・同一)
きゅん,6,1,0,1,1,4,kjuŋ,4,7,7,6,5,4,1005.8,5.84,6,7827.8,7.41,7,mc,3,#FFFFE0,99.3,-5.1,14.8,3,6,5,0,N(撥音単発)
きゅーきゅー,6,8,0,1,1,17,kjuːkjuː,3,4,5,4,6,5,1300.1,6.49,2,7957.8,7.43,6,0,4,#FFFFE0,99.3,-5.1,14.8,4,5,5,1,REDUP(畳語・同一)
きゅーっ,6,8,0,1,1,18,kjuːʔ,3,5,6,6,6,3,1249.9,6.39,4,9120.5,7.67,6,0,4,#F0FFFF,98.9,-4.9,-1.7,2,6,5,0,LONG(長音ー)
きゅーん,6,1,0,1,1,20,kjuːŋ,3,4,7,5,5,4,1292.1,6.48,2,8291.4,7.50,6,0,4,#FFFFE0,99.3,-5.1,14.8,3,7,5,0,LONG(長音ー)
きょときょと,6,8,0,1,1,1,kjotokjoto,3,5,4,4,7,5,769.5,5.17,5,4600.4,6.50,6,0,4,#FFFFFF,100.0,-0.0,0.0,4,5,5,1,REDUP(畳語・同一)
きょとり,4,17,1,1,1,8,kjotoɾi,2,6,5,4,7,4,723.3,5.01,6,4225.3,6.36,6,mh,5,#FFFFFF,100.0,-0.0,0.0,4,6,0,0,RI(り単発)
きょろっ,6,8,0,1,1,2,kjoɾoʔ,3,8,6,6,7,4,766.6,5.16,7,7332.4,7.30,7,0,4,#000000,0.0,0.0,0.0,3,5,0,0,Q(促音単発)
きょろり,4,17,1,1,1,8,kjoɾoɾi,2,6,6,4,8,4,721.2,5.00,5,3945.2,6.24,6,mh,5,#ADFF2F,92.0,-52.5,81.9,4,6,0,0,RI(り単発)
きょろん,6,1,0,1,1,4,kjoɾoŋ,3,7,7,5,6,5,731.8,5.04,6,4955.0,6.63,6,mc,3,#ADFF2F,92.0,-52.5,81.9,3,6,5,0,N(撥音単発)
きらきらっ,6,8,0,1,1,2,kiɾakiɾaʔ,3,8,7,3,7,1,1118.7,6.11,7,11101.0,8.00,6,mh,5,#FFD700,86.9,-1.9,87.1,3,5,0,0,Q(促音単発)
きらりきらり,4,17,1,1,1,9,kiɾaɾikiɾaɾi,2,6,6,3,7,2,1142.7,6.17,5,7662.1,7.37,5,mh,5,#FFFACD,97.6,-5.4,22.2,4,5,5,1,REDUP(畳語・同一)
きりきりしゃん,6,1,0,1,1,4,kiɾikiɾiɕaŋ,4,7,8,5,4,3,1264.3,6.42,7,11044.9,7.99,7,0,4,#FF4500,57.6,67.8,69.0,5,5,5,8,COMPOUND(複合・異種)
きりきりっ,6,8,0,1,1,2,kiɾikiɾiʔ,3,8,8,7,4,1,1507.8,6.87,8,12313.5,8.18,7,0,4,#FF4500,57.6,67.8,69.0,3,5,0,0,Q(促音単発)
きりっ,6,8,0,1,1,2,kiɾiʔ,4,8,8,7,4,2,1234.6,6.36,8,10887.6,7.97,7,0,4,#000000,0.0,0.0,0.0,2,5,0,0,Q(促音単発)
きりり,4,17,1,1,1,8,kiɾiɾi,3,7,7,5,6,3,1048.0,5.95,6,7189.7,7.26,6,mh,5,#FFFFFF,100.0,-0.0,0.0,4,6,0,0,RI(り単発)
きりりしゃん,6,1,0,1,1,4,kiɾiɾiɕaŋ,4,7,8,5,4,4,1043.8,5.94,6,9709.9,7.77,7,0,4,#FFFFFF,100.0,-0.0,0.0,5,5,5,8,COMPOUND(複合・異種)
きりりっ,6,8,0,1,1,2,kiɾiɾiʔ,4,8,8,7,4,2,1319.4,6.53,8,11137.9,8.01,7,0,4,#FF4500,57.6,67.8,69.0,3,5,0,0,Q(促音単発)
きろきろ,6,8,0,1,1,1,kiɾokiɾo,3,6,6,4,6,3,1044.8,5.94,4,6213.7,7.01,6,0,4,#000000,0.0,0.0,0.0,4,5,5,1,REDUP(畳語・同一)
きん,6,1,0,1,1,4,kiŋ,4,7,7,5,4,4,962.4,5.73,6,6815.6,7.17,7,mc,3,#FFD700,86.9,-1.9,87.1,3,6,5,0,N(撥音単発)
きんきら,6,0,0,1,1,4,kiŋkiɾa,3,5,6,3,6,3,1013.8,5.86,5,7649.1,7.37,6,mh,5,#FFD700,86.9,-1.9,87.1,5,5,5,8,COMPOUND(複合・異種)
きんきん,6,1,0,1,1,5,kiŋkiŋ,4,6,6,4,4,4,997.5,5.82,4,7330.1,7.29,7,0,4,#FFD700,86.9,-1.9,87.1,4,5,5,1,REDUP(畳語・同一)
ぎぎ,6,0,0,2,2,32,ɡiɡi,6,6,6,7,4,4,422.4,3.65,6,6786.6,7.16,7,0,4,#8F502F,40.9,23.3,30.5,5,5,0,8,COMPOUND(複合・異種)
ぎく,6,0,0,3,2,32,ɡiku,6,6,5,7,5,4,450.2,3.81,6,4647.9,6.52,7,mc,3,#696969,44.4,-0.0,0.0,5,5,0,8,COMPOUND(複合・異種)
ぎくり,4,17,1,3,2,8,ɡikuɾi,4,6,6,6,6,4,504.6,4.10,6,4565.2,6.49,6,0,4,#708090,52.8,-2.1,-10.6,4,6,0,0,RI(り単発)
ぎくん,6,1,0,3,2,4,ɡikuŋ,5,7,7,7,4,4,492.5,4.04,7,5825.7,6.90,7,mc,3,#808080,53.6,-0.0,0.0,3,6,5,0,N(撥音単発)
ぎしきし,6,0,0,3,2,32,ɡiɕikiɕi,5,6,6,7,4,3,986.2,5.79,7,8030.9,7.45,6,mc,3,#BDB76B,73.4,-8.8,39.3,5,5,0,8,COMPOUND(複合・異種)
ぎしっ,6,8,0,3,2,2,ɡiɕiʔ,5,8,7,8,4,3,734.0,5.05,8,9578.2,7.75,7,0,4,#000000,0.0,0.0,0.0,2,5,0,0,Q(促音単発)
ぎちっ,6,8,0,3,2,2,ɡitɕiʔ,5,8,7,8,4,3,918.4,5.61,8,9212.6,7.68,8,0,4,#000000,0.0,0.0,0.0,2,5,0,0,Q(促音単発)
ぎちゃぎちゃ,6,8,0,3,2,1,ɡitɕaɡitɕa,5,7,5,5,4,5,1033.9,5.91,6,9029.6,7.65,7,0,4,#2F4F4F,31.3,-11.7,-3.7,4,5,5,1,REDUP(畳語・同一)
ぎちり,4,17,1,3,2,8,ɡitɕiɾi,4,6,7,6,5,3,825.2,5.34,6,5661.7,6.86,7,0,4,#FFFFFF,100.0,-0.0,0.0,4,6,0,0,RI(り単発)
ぎっ,6,8,0,2,2,2,ɡiʔ,5,8,7,8,4,3,649.4,4.74,8,9064.3,7.66,8,0,4,#000000,0.0,0.0,0.0,2,5,0,0,Q(促音単発)
ぎっくり,4,17,1,3,2,10,ɡikkuɾi,5,5,5,6,6,4,393.8,3.47,6,3391.2,5.99,6,0,4,#708090,52.8,-2.1,-10.6,5,5,5,8,COMPOUND(複合・異種)
ぎっくん,6,1,0,3,2,6,ɡikkuŋ,5,7,8,7,4,4,497.3,4.06,7,5834.0,6.91,7,mc,3,#808080,53.6,-0.0,0.0,3,6,5,0,N(撥音単発)
ぎっしり,4,32,0,3,2,10,ɡiɕɕiɾi,6,6,7,7,4,4,681.1,4.86,7,5536.6,6.82,8,0,4,#708090,52.8,-2.1,-10.6,5,5,5,8,COMPOUND(複合・異種)
ぎったん,6,1,0,3,2,6,ɡittaŋ,6,7,7,6,4,5,431.5,3.70,7,6292.1,7.04,8,mc,3,#808080,53.6,-0.0,0.0,3,6,5,0,N(撥音単発)
ぎっちら,6,0,0,3,2,2,ɡittɕiɾa,5,5,5,5,5,4,739.2,5.06,5,5213.7,6.72,7,0,4,#CD853F,61.8,21.4,47.9,5,5,0,8,COMPOUND(複合・異種)
ぎっちらぎっちら,6,8,0,3,2,3,ɡittɕiɾaɡittɕiɾa,5,6,5,5,5,3,942.5,5.68,5,6314.8,7.04,6,0,4,#CD853F,61.8,21.4,47.9,4,5,5,1,REDUP(畳語・同一)
ぎっちらこ,6,0,0,3,2,2,ɡittɕiɾako,5,6,5,5,5,3,698.3,4.92,6,4616.7,6.51,6,0,4,#CD853F,61.8,21.4,47.9,5,5,0,8,COMPOUND(複合・異種)
ぎっちり,4,17,1,3,2,10,ɡittɕiɾi,5,6,6,6,5,4,677.8,4.84,6,4124.4,6.32,7,mh,5,#708090,52.8,-2.1,-10.6,5,5,5,8,COMPOUND(複合・異種)
ぎっとり,4,17,1,3,2,10,ɡittoɾi,5,5,5,5,6,4,375.0,3.35,6,3609.7,6.09,7,mh,5,#D8BFD8,80.1,13.2,-9.2,5,5,5,8,COMPOUND(複合・異種)
ぎっとん,6,1,0,3,2,6,ɡittoŋ,5,7,8,7,4,4,464.1,3.89,7,5926.7,6.93,8,mc,3,#808080,53.6,-0.0,0.0,3,6,5,0,N(撥音単発)
ぎとっ,6,8,0,3,2,2,ɡitoʔ,5,7,7,7,5,4,518.2,4.16,8,8004.9,7.44,8,0,4,#000000,0.0,0.0,0.0,2,5,0,0,Q(促音単発)
ぎゃん,6,1,0,2,2,4,ɡjaŋ,5,7,7,5,4,5,571.3,4.41,6,7729.0,7.39,7,0,4,#000000,0.0,0.0,0.0,3,6,5,0,N(撥音単発)
ぎゃんぎゃん,6,1,0,2,2,5,ɡjaŋɡjaŋ,6,6,7,4,5,5,555.1,4.34,4,8935.2,7.63,7,0,4,#FF4500,57.6,67.8,69.0,4,5,5,1,REDUP(畳語・同一)
ぎゃー,6,8,0,2,2,16,ɡjaː,5,3,5,4,7,4,1066.7,5.99,1,8269.5,7.50,6,0,4,#FF4500,57.6,67.8,69.0,2,7,5,0,LONG(長音ー)
ぎゃーっ,6,8,0,2,2,18,ɡjaːʔ,5,5,6,5,6,4,931.6,5.65,5,9923.2,7.81,7,0,4,#FF4500,57.6,67.8,69.0,2,6,5,0,LONG(長音ー)
ぎゅ,6,0,0,2,2,32,ɡju,6,5,6,6,5,5,405.6,3.54,5,4964.8,6.63,7,0,4,#8B0000,28.1,51.0,41.3,5,5,0,8,COMPOUND(複合・異種)
ぎゅっぎゅっ,6,8,0,2,2,3,ɡjuɡɡjuʔ,6,6,6,7,5,4,515.4,4.15,6,7334.4,7.30,8,mc,3,#000000,0.0,0.0,0.0,4,5,5,1,REDUP(畳語・同一)
ぎゅん,6,1,0,2,2,4,ɡjuŋ,6,7,8,6,4,4,529.2,4.22,6,6721.1,7.15,7,mc,3,#808080,53.6,-0.0,0.0,3,6,5,0,N(撥音単発)
ぎゅんぎゅん,6,1,0,2,2,5,ɡjuŋɡjuŋ,6,6,7,5,5,5,511.8,4.13,4,7413.4,7.31,7,0,4,#8B0000,28.1,51.0,41.3,4,5,5,1,REDUP(畳語・同一)
ぎゅーぎゅー,6,8,0,2,2,17,ɡjuːɡjuː,6,4,6,5,6,5,663.0,4.79,2,6629.6,7.12,7,0,4,#8B0000,28.1,51.0,41.3,4,5,5,1,REDUP(畳語・同一)
ぎゅーっ,6,8,0,2,2,18,ɡjuːʔ,5,5,6,6,6,4,835.2,5.37,4,8280.8,7.50,7,0,4,#9A6B58,49.6,16.3,18.2,2,6,5,0,LONG(長音ー)
ぎゅーん,6,1,0,2,2,20,ɡjuːŋ,5,4,7,5,5,4,832.9,5.37,2,7400.4,7.31,7,0,4,#9A6B58,49.6,16.3,18.2,3,7,5,0,LONG(長音ー)
ぎょろっ,6,8,0,3,2,2,ɡjoɾoʔ,5,7,7,6,6,4,452.3,3.82,7,6432.7,7.07,7,mc,3,#006400,36.2,-43.4,41.9,3,5,0,0,Q(促音単発)
ぎょろり,4,17,1,3,2,8,ɡjoɾoɾi,4,6,6,4,7,5,425.9,3.67,5,3133.2,5.85,6,0,4,#006400,36.2,-43.4,41.9,4,6,0,0,RI(り単発)
ぎょろん,6,1,0,3,2,4,ɡjoɾoŋ,5,7,7,5,5,5,387.7,3.43,6,3991.1,6.26,7,mc,3,#808080,53.6,-0.0,0.0,3,6,5,0,N(撥音単発)
ぎらぎらっ,6,8,0,3,2,2,ɡiɾaɡiɾaʔ,5,7,7,5,6,2,715.7,4.98,6,9715.8,7.77,7,mh,5,#FFD700,86.9,-1.9,87.1,3,5,0,0,Q(促音単発)
ぎらっ,6,8,0,3,2,2,ɡiɾaʔ,5,8,7,6,6,2,663.5,4.79,7,9659.3,7.76,7,0,4,#000000,0.0,0.0,0.0,2,5,0,0,Q(促音単発)
ぎらり,4,17,1,3,2,8,ɡiɾaɾi,4,6,6,4,7,3,584.1,4.47,5,5198.0,6.71,6,mh,5,#FFFFFF,100.0,-0.0,0.0,4,6,0,0,RI(り単発)
ぎらりぎらり,4,17,1,3,2,9,ɡiɾaɾiɡiɾaɾi,4,6,6,4,7,2,697.0,4.92,5,6348.0,7.05,6,mh,5,#FFD700,86.9,-1.9,87.1,4,5,5,1,REDUP(畳語・同一)
ぎりっ,6,8,0,3,2,2,ɡiɾiʔ,5,8,8,8,4,2,872.0,5.48,8,9821.4,7.79,8,0,4,#000000,0.0,0.0,0.0,2,5,0,0,Q(促音単発)
ぎりり,4,17,1,3,2,8,ɡiɾiɾi,4,6,7,6,6,3,720.1,5.00,6,6318.4,7.04,7,0,4,#FFFFFF,100.0,-0.0,0.0,4,6,0,0,RI(り単発)
ぎんぎらぎん,6,1,0,3,2,4,ɡiŋɡiɾaɡiŋ,6,6,7,5,4,3,543.5,4.29,5,6568.6,7.11,7,0,4,#FFD700,86.9,-1.9,87.1,5,5,5,8,COMPOUND(複合・異種)
ぎんぎん,6,1,0,2,2,5,ɡiŋɡiŋ,6,6,7,6,3,4,582.0,4.46,4,6766.1,7.16,7,mc,3,#8F502F,40.9,23.3,30.5,4,5,5,1,REDUP(畳語・同一)
ぎーとん,6,1,0,3,2,20,ɡiːtoŋ,5,5,7,6,5,3,893.4,5.54,3,7303.8,7.29,6,0,4,#556B2F,42.2,-18.8,30.6,2,7,5,0,LONG(長音ー)
くい,6,0,0,1,1,32,kui,4,5,5,5,6,5,412.8,3.59,5,2491.0,5.46,6,0,4,#000000,0.0,0.0,0.0,5,5,0,8,COMPOUND(複合・異種)
くいくい,6,8,0,1,1,1,kuikui,3,5,4,5,6,5,642.0,4.71,5,3605.1,6.09,5,0,4,#F5DEB3,89.4,1.5,24.0,4,5,5,1,REDUP(畳語・同一)
くいっ,6,8,0,1,1,2,kuiʔ,4,8,7,7,5,3,648.4,4.73,8,7377.0,7.31,7,0,4,#000000,0.0,0.0,0.0,2,5,0,0,Q(促音単発)
くおぉん,6,1,0,1,2,4,kuoぉŋ,4,6,6,6,4,5,426.8,3.67,6,3345.3,5.96,6,mc,3,#808080,53.6,-0.0,0.0,3,6,5,0,N(撥音単発)
くくくっ,6,8,0,1,1,2,kukukuʔ,4,7,6,7,6,4,428.1,3.68,8,5914.9,6.93,6,0,4,#FFFFFF,100.0,-0.0,0.0,3,5,0,0,Q(促音単発)
くくっ,6,8,0,1,1,2,kukuʔ,4,8,6,7,6,4,465.5,3.89,8,6621.6,7.12,7,0,4,#FFFFFF,100.0,-0.0,0.0,2,5,0,0,Q(促音単発)
くしゃくしゃつ,6,0,0,1,1,32,kuɕakuɕatsu,4,7,5,5,6,5,781.6,5.20,6,8010.6,7.45,6,0,4,#D2B48C,75.0,5.0,24.4,5,5,0,8,COMPOUND(複合・異種)
くしゃっ,6,8,0,1,1,2,kuɕaʔ,4,8,7,6,6,4,776.7,5.19,8,10375.1,7.89,7,0,4,#D2B48C,75.0,5.0,24.4,3,5,0,0,Q(促音単発)
くしゃん,6,1,0,1,1,4,kuɕaŋ,4,7,7,5,5,5,690.2,4.89,7,7912.2,7.42,7,0,4,#D2B48C,75.0,5.0,24.4,3,6,5,0,N(撥音単発)
くしゅん,6,1,0,1,1,4,kuɕuŋ,4,7,7,6,5,5,695.9,4.91,6,5989.1,6.95,6,0,4,#808080,53.6,-0.0,0.0,3,6,5,0,N(撥音単発)
くすっ,6,8,0,1,1,2,kusuʔ,4,8,6,6,6,3,617.2,4.61,8,7474.5,7.33,6,0,4,#000000,0.0,0.0,0.0,2,5,0,0,Q(促音単発)
くすり,4,17,1,1,1,8,kusuɾi,2,5,5,4,8,4,550.3,4.32,5,3327.9,5.95,5,mh,5,#FFFFFF,100.0,-0.0,0.0,4,6,0,0,RI(り単発)
くすん,6,1,0,1,1,4,kusuŋ,4,7,7,5,5,4,556.1,4.34,6,5088.5,6.67,6,0,4,#FFFACD,97.6,-5.4,22.2,3,6,5,0,N(撥音単発)
くたっ,6,8,0,1,1,2,kutaʔ,5,7,6,7,6,4,446.5,3.79,8,7413.7,7.31,7,0,4,#000000,0.0,0.0,0.0,2,5,0,0,Q(促音単発)
くたり,4,17,1,1,1,8,kutaɾi,3,6,5,5,7,5,397.4,3.49,6,2841.5,5.69,5,mh,5,#FFFFFF,100.0,-0.0,0.0,4,6,0,0,RI(り単発)
くちゃり,4,17,1,1,1,8,kutɕaɾi,3,6,6,4,7,5,721.2,5.00,6,4911.3,6.61,6,mh,5,#FFFFFF,100.0,-0.0,0.0,4,6,0,0,RI(り単発)
くっ,6,8,0,1,1,2,kuʔ,4,8,7,7,5,4,515.0,4.15,8,7392.3,7.31,7,0,4,#FFFFFF,100.0,-0.0,0.0,2,5,0,0,Q(促音単発)
くっく,6,0,0,1,1,2,kukku,4,6,5,6,6,5,361.5,3.25,6,2691.1,5.59,6,0,4,#FFFFFF,100.0,-0.0,0.0,5,5,0,8,COMPOUND(複合・異種)
くっすぐく,6,0,0,3,2,2,kussuɡuku,4,5,5,5,6,5,351.5,3.18,6,2136.3,5.20,6,0,4,#191970,15.9,31.7,-49.6,5,5,0,8,COMPOUND(複合・異種)
くつくつ,6,8,0,1,1,1,kutsukutsu,3,5,5,5,6,5,448.9,3.80,5,2319.8,5.34,6,0,4,#FF4500,57.6,67.8,69.0,4,5,5,1,REDUP(畳語・同一)
くにゃり,4,17,1,1,1,8,kuɲaɾi,3,5,5,4,8,6,416.0,3.61,5,2930.6,5.74,6,mh,5,#FFDAB9,89.4,8.1,21.0,4,6,0,0,RI(り単発)
くらっ,6,8,0,1,1,2,kuɾaʔ,4,7,6,5,6,3,536.2,4.25,7,7133.9,7.25,6,0,4,#000000,0.0,0.0,0.0,2,5,0,0,Q(促音単発)
くらり,4,17,1,1,1,8,kuɾaɾi,2,5,5,4,8,4,463.0,3.88,5,2722.7,5.61,5,mh,5,#FFFFFF,100.0,-0.0,0.0,4,6,0,0,RI(り単発)
くりくりっ,6,8,0,1,1,2,kuɾikuɾiʔ,4,7,7,7,5,3,778.5,5.19,8,6486.8,7.09,7,mc,3,#F5DEB3,89.4,1.5,24.0,3,5,0,0,Q(促音単発)
くりっ,6,8,0,1,1,2,kuɾiʔ,4,7,7,7,5,3,750.7,5.10,8,7172.7,7.26,7,0,4,#000000,0.0,0.0,0.0,2,5,0,0,Q(促音単発)
くるりくるり,4,17,1,1,1,9,kuɾuɾikuɾuɾi,3,5,5,4,7,4,510.7,4.13,5,2894.4,5.72,5,mc,3,#F0F8FF,97.2,-1.3,-4.3,4,5,5,1,REDUP(畳語・同一)
くるん,6,1,0,1,1,4,kuɾuŋ,4,6,7,5,5,5,436.7,3.73,6,3788.9,6.17,6,mc,3,#808080,53.6,-0.0,0.0,3,6,5,0,N(撥音単発)
くーん,6,1,0,1,1,20,kuːŋ,4,4,6,4,5,4,855.2,5.43,2,5408.2,6.78,5,0,4,#FFFF00,97.1,-21.6,94.5,3,7,5,0,LONG(長音ー)
ぐ,6,0,0,2,2,32,ɡu,6,4,4,5,6,6,216.0,1.95,5,1814.5,4.92,7,0,4,#000080,13.0,47.5,-64.7,5,5,0,8,COMPOUND(複合・異種)
ぐい,6,0,0,3,2,32,ɡui,5,5,5,5,6,5,307.1,2.84,5,2701.2,5.60,7,mh,5,#FF4500,57.6,67.8,69.0,5,5,0,8,COMPOUND(複合・異種)
ぐおんぐおん,6,1,0,3,2,5,ɡuoŋɡuoŋ,6,5,5,5,4,6,135.8,0.77,4,2000.6,5.09,7,0,4,#1E90FF,59.4,10.0,-63.4,4,5,5,1,REDUP(畳語・同一)
ぐがっ,6,8,0,2,2,2,ɡuɡaʔ,6,8,7,7,5,4,381.9,3.39,8,7076.9,7.24,8,0,4,#000000,0.0,0.0,0.0,2,5,0,0,Q(促音単発)
ぐぐ,6,0,0,2,2,32,ɡuɡu,6,5,4,5,6,6,148.0,0.99,5,1389.3,4.47,7,0,4,#778899,55.9,-2.2,-11.1,5,5,0,8,COMPOUND(複合・異種)
ぐぐっ,6,8,0,2,2,2,ɡuɡuʔ,6,7,6,6,5,4,370.0,3.31,8,6275.2,7.03,8,0,4,#000000,0.0,0.0,0.0,2,5,0,0,Q(促音単発)
ぐさぐさ,6,8,0,3,2,1,ɡusaɡusa,5,5,3,3,7,4,457.4,3.85,4,3849.2,6.20,5,mc,3,#556B2F,42.2,-18.8,30.6,4,5,5,1,REDUP(畳語・同一)
ぐさっ,6,8,0,3,2,2,ɡusaʔ,5,7,6,6,6,3,514.1,4.14,8,7523.0,7.34,7,0,4,#000000,0.0,0.0,0.0,2,5,0,0,Q(促音単発)
ぐさり,4,17,1,3,2,8,ɡusaɾi,4,6,5,4,7,4,473.6,3.94,6,3419.6,6.00,6,0,4,#FFFFFF,100.0,-0.0,0.0,4,6,0,0,RI(り単発)
ぐしゃっ,6,8,0,3,2,2,ɡuɕaʔ,5,8,6,6,6,4,616.1,4.60,8,9536.0,7.74,8,0,4,#8B4513,37.5,26.4,41.0,3,5,0,0,Q(促音単発)
ぐしゃり,4,17,1,3,2,8,ɡuɕaɾi,4,6,5,4,7,5,525.5,4.20,6,5506.9,6.81,6,0,4,#FFFFFF,100.0,-0.0,0.0,4,6,0,0,RI(り単発)
ぐしゃん,6,1,0,3,2,4,ɡuɕaŋ,5,7,7,5,5,6,512.9,4.14,7,7037.4,7.23,7,0,4,#8B4513,37.5,26.4,41.0,3,6,5,0,N(撥音単発)
ぐしゅぐしゅ,6,8,0,3,2,1,ɡuɕuɡuɕu,5,5,5,4,6,6,558.5,4.35,4,4432.2,6.44,7,0,4,#8B4513,37.5,26.4,41.0,4,5,5,1,REDUP(畳語・同一)
ぐしょぐしょ,6,8,0,3,2,1,ɡuɕoɡuɕo,5,5,4,5,6,6,376.4,3.36,5,4409.2,6.43,7,0,4,#000080,13.0,47.5,-64.7,4,5,5,1,REDUP(畳語・同一)
ぐじゃぐじゃ,6,8,0,2,2,1,ɡudʑaɡudʑa,6,5,4,4,6,7,194.6,1.69,4,5694.1,6.87,7,0,4,#8B4513,37.5,26.4,41.0,4,5,5,1,REDUP(畳語・同一)
ぐじゃり,4,17,1,3,2,8,ɡudʑaɾi,4,6,6,4,7,5,338.7,3.09,5,4656.8,6.52,7,mh,5,#FFFFFF,100.0,-0.0,0.0,4,6,0,0,RI(り単発)
ぐじゅぐじゅ,6,8,0,2,2,1,ɡudʑuɡudʑu,6,4,4,5,6,7,213.9,1.92,3,2840.2,5.68,8,mc,3,#956D6A,49.9,15.5,7.9,4,5,5,1,REDUP(畳語・同一)
ぐじょぐじょ,6,8,0,2,2,1,ɡudʑoɡudʑo,6,4,4,5,5,7,167.2,1.30,4,2487.0,5.46,7,0,4,#708090,52.8,-2.1,-10.6,4,5,5,1,REDUP(畳語・同一)
ぐすぐす,5,0,0,3,2,1,ɡusuɡusu,5,5,4,5,7,5,331.6,3.03,4,2280.8,5.31,6,0,4,#FF4500,57.6,67.8,69.0,4,5,5,1,REDUP(畳語・同一)
ぐたぐた,6,8,0,3,2,1,ɡutaɡuta,6,5,3,4,6,6,155.4,1.12,5,2113.9,5.18,6,0,4,#4B3621,24.5,6.4,16.8,4,5,5,1,REDUP(畳語・同一)
ぐたっ,6,8,0,3,2,2,ɡutaʔ,6,8,6,6,5,4,361.8,3.26,8,7300.5,7.29,8,0,4,#000000,0.0,0.0,0.0,2,5,0,0,Q(促音単発)
ぐたり,4,17,1,3,2,8,ɡutaɾi,4,6,5,4,7,5,315.9,2.91,6,2583.3,5.52,6,mh,5,#FFFFFF,100.0,-0.0,0.0,4,6,0,0,RI(り単発)
ぐだぐだ,6,8,0,2,2,1,ɡudaɡuda,6,4,3,4,6,7,174.5,1.41,3,1849.4,4.96,7,0,4,#808080,53.6,-0.0,0.0,4,5,5,1,REDUP(畳語・同一)
ぐちゃり,4,17,1,3,2,8,ɡutɕaɾi,4,6,5,4,7,5,634.3,4.68,6,4336.0,6.40,7,mh,5,#FFFFFF,100.0,-0.0,0.0,4,6,0,0,RI(り単発)
ぐちょぐちょ,6,8,0,3,2,1,ɡutɕoɡutɕo,5,6,4,5,6,6,611.8,4.58,5,2624.1,5.55,7,0,4,#4B3621,24.5,6.4,16.8,4,5,5,1,REDUP(畳語・同一)
ぐっ,6,8,0,2,2,2,ɡuʔ,5,7,6,7,5,4,453.1,3.82,8,7076.5,7.24,8,0,4,#000000,0.0,0.0,0.0,2,5,0,0,Q(促音単発)
ぐっぐっ,6,8,0,2,2,3,ɡuɡɡuʔ,6,6,5,6,6,5,274.1,2.55,6,3907.4,6.23,7,0,4,#4682B4,52.5,-4.1,-32.2,4,5,5,1,REDUP(畳語・同一)
ぐっさり,4,17,1,3,2,10,ɡussaɾi,4,5,5,3,7,4,377.3,3.36,6,2592.2,5.53,6,0,4,#191970,15.9,31.7,-49.6,5,5,5,8,COMPOUND(複合・異種)
ぐっしゃり,4,17,1,3,2,10,ɡuɕɕaɾi,5,5,5,4,7,6,448.5,3.80,6,4388.7,6.42,7,0,4,#000080,13.0,47.5,-64.7,5,5,5,8,COMPOUND(複合・異種)
ぐでぐで,6,8,0,2,2,1,ɡudeɡude,6,4,4,4,6,6,195.9,1.70,4,1585.0,4.69,7,mc,3,#8B4513,37.5,26.4,41.0,4,5,5,1,REDUP(畳語・同一)
ぐでんぐでん,4,0,0,2,2,5,ɡudeŋɡudeŋ,7,4,5,5,5,6,100.0,0.00,4,1139.3,4.13,7,0,4,#000000,0.0,0.0,0.0,4,5,5,1,REDUP(畳語・同一)
ぐにょ,6,0,0,3,2,32,ɡuɲo,5,4,4,5,7,7,221.6,2.01,5,1306.9,4.37,7,0,4,#ADFF2F,92.0,-52.5,81.9,5,5,0,8,COMPOUND(複合・異種)
ぐびぐび,6,8,0,2,2,1,ɡubiɡubi,6,5,5,4,6,6,265.2,2.47,5,3520.7,6.05,7,0,4,#4169E1,47.8,26.3,-65.3,4,5,5,1,REDUP(畳語・同一)
ぐびり,4,17,1,3,2,8,ɡubiɾi,4,6,6,4,7,5,408.0,3.56,6,3621.8,6.10,6,mh,5,#FFFFFF,100.0,-0.0,0.0,4,6,0,0,RI(り単発)
ぐら,6,0,0,3,2,32,ɡuɾa,5,4,4,3,7,5,207.9,1.85,5,2082.5,5.16,6,0,4,#808080,53.6,-0.0,0.0,5,5,0,8,COMPOUND(複合・異種)
ぐらぐらっ,6,8,0,3,2,2,ɡuɾaɡuɾaʔ,5,7,5,4,7,4,374.5,3.34,6,5909.5,6.93,7,0,4,#808080,53.6,-0.0,0.0,3,5,0,0,Q(促音単発)
ぐらっぐらっ,6,8,0,3,2,3,ɡuɾaɡɡuɾaʔ,5,6,4,4,7,4,290.9,2.70,5,4155.6,6.33,6,0,4,#000000,0.0,0.0,0.0,4,5,5,1,REDUP(畳語・同一)
ぐらりくらり,4,17,1,3,2,8,ɡuɾaɾikuɾaɾi,3,6,5,3,8,4,467.1,3.90,6,2593.6,5.53,5,0,4,#F0FFFF,98.9,-4.9,-1.7,4,6,0,0,RI(り単発)
ぐりっ,6,8,0,3,2,2,ɡuɾiʔ,5,7,7,7,5,4,652.0,4.75,8,6969.0,7.21,8,0,4,#000000,0.0,0.0,0.0,2,5,0,0,Q(促音単発)
ぐりり,4,17,1,3,2,8,ɡuɾiɾi,4,6,6,5,7,4,514.9,4.15,6,3626.0,6.10,6,0,4,#FFFFFF,100.0,-0.0,0.0,4,6,0,0,RI(り単発)
ぐるりぐるり,4,17,1,3,2,9,ɡuɾuɾiɡuɾuɾi,4,5,5,4,7,5,352.4,3.19,5,2577.8,5.52,6,mc,3,#708090,52.8,-2.1,-10.6,4,5,5,1,REDUP(畳語・同一)
ぐるん,6,1,0,3,2,4,ɡuɾuŋ,5,6,6,5,5,5,334.3,3.06,6,3600.6,6.09,7,mc,3,#4682B4,52.5,-4.1,-32.2,3,6,5,0,N(撥音単発)
ぐるんぐるん,6,1,0,3,2,5,ɡuɾuŋɡuɾuŋ,5,5,5,4,6,5,243.7,2.25,4,2928.6,5.74,7,0,4,#4682B4,52.5,-4.1,-32.2,4,5,5,1,REDUP(畳語・同一)
ぐわらり,4,17,1,3,2,8,ɡuwaɾaɾi,3,5,5,3,8,4,353.2,3.19,5,3427.2,6.00,5,mh,5,#FFFFFF,100.0,-0.0,0.0,4,6,0,0,RI(り単発)
ぐんにゃり,4,17,1,3,2,12,ɡunɲaɾi,4,4,4,4,7,6,288.3,2.68,5,2228.9,5.27,7,mh,5,#696969,44.4,-0.0,0.0,5,5,5,8,COMPOUND(複合・異種)
ぐーっ,6,8,0,2,2,18,ɡuːʔ,5,4,5,6,6,4,735.6,5.05,4,6181.7,7.01,7,0,4,#F0FFFF,98.9,-4.9,-1.7,2,6,5,0,LONG(長音ー)
ぐーん,6,1,0,2,2,20,ɡuːŋ,5,4,6,4,5,5,723.1,5.01,2,4990.5,6.64,6,0,4,#FFFF00,97.1,-21.6,94.5,3,7,5,0,LONG(長音ー)
けっきょ,6,0,0,1,1,2,kekkjo,3,6,6,5,6,4,830.0,5.36,6,6375.2,7.06,6,mh,5,#000000,0.0,0.0,0.0,5,5,0,8,COMPOUND(複合・異種)
けろっ,6,8,0,1,1,2,keɾoʔ,4,8,7,6,6,3,627.9,4.65,7,7225.0,7.27,7,0,4,#000000,0.0,0.0,0.0,2,5,0,0,Q(促音単発)
けろり,4,17,1,1,1,8,keɾoɾi,3,6,6,4,7,4,589.1,4.49,5,3652.4,6.11,6,mh,5,#FFFFFF,100.0,-0.0,0.0,4,6,0,0,RI(り単発)
けんけん,6,1,0,1,1,5,keŋkeŋ,4,6,6,4,5,4,609.2,4.57,5,5234.6,6.72,6,0,4,#8B0000,28.1,51.0,41.3,4,5,5,1,REDUP(畳語・同一)
けんけんほろろ,6,0,0,1,1,4,keŋkeŋhoɾoɾo,4,5,5,4,7,4,421.3,3.64,4,2280.5,5.31,6,0,4,#00FF00,87.7,-86.2,83.2,5,5,5,8,COMPOUND(複合・異種)
けーんけーん,6,1,0,1,1,21,keːŋkeːŋ,5,5,7,4,4,4,688.8,4.89,3,4896.9,6.61,6,mh,5,#DAA520,70.8,8.5,68.8,4,5,5,1,REDUP(畳語・同一)
げぶげぶ,6,8,0,2,2,1,ɡebuɡebu,7,5,4,4,6,7,225.0,2.05,4,3709.9,6.14,7,mc,3,#8B4513,37.5,26.4,41.0,4,5,5,1,REDUP(畳語・同一)
げほげほ,6,8,0,3,2,1,ɡehoɡeho,5,4,4,4,7,5,393.3,3.47,4,2105.7,5.18,5,0,4,#32CD32,72.6,-67.1,61.4,4,5,5,1,REDUP(畳語・同一)
げほんげほん,6,1,0,3,2,5,ɡehoŋɡehoŋ,5,5,5,4,6,5,380.2,3.38,4,2623.4,5.55,6,0,4,#A52A2A,37.5,49.7,30.5,4,5,5,1,REDUP(畳語・同一)
げー,6,8,0,2,2,16,ɡeː,5,3,5,4,7,5,816.2,5.31,1,4837.8,6.59,6,0,4,#556B2F,42.2,-18.8,30.6,2,7,5,0,LONG(長音ー)
げーっ,6,8,0,2,2,18,ɡeːʔ,5,5,5,6,6,4,742.6,5.08,4,6266.9,7.03,6,0,4,#556B2F,42.2,-18.8,30.6,2,6,5,0,LONG(長音ー)
こくこく,6,8,0,1,1,1,kokukoku,3,6,5,4,5,4,429.6,3.69,5,2632.0,5.56,5,0,4,#FF0000,53.2,80.1,67.2,4,5,5,1,REDUP(畳語・同一)
こくり,4,17,1,1,1,8,kokuɾi,3,6,6,5,7,4,441.2,3.76,6,2879.2,5.71,6,mh,5,#FFFFFF,100.0,-0.0,0.0,4,6,0,0,RI(り単発)
こくりこくり,4,17,1,1,1,9,kokuɾikokuɾi,3,6,5,5,6,4,523.8,4.19,6,2857.0,5.69,5,0,4,#F5DEB3,89.4,1.5,24.0,4,5,5,1,REDUP(畳語・同一)
こくん,6,1,0,1,1,4,kokuŋ,4,7,7,6,4,4,414.2,3.60,7,3836.6,6.20,6,0,4,#808080,53.6,-0.0,0.0,3,6,5,0,N(撥音単発)
こけこっこ,6,0,0,1,1,2,kokekokko,4,7,6,4,5,3,511.9,4.13,6,4381.9,6.42,6,mh,5,#FF0000,53.2,80.1,67.2,5,5,0,8,COMPOUND(複合・異種)
ここ,6,0,0,1,1,32,koko,4,6,5,5,5,4,375.7,3.35,6,2322.5,5.34,6,0,4,#708090,52.8,-2.1,-10.6,5,5,0,8,COMPOUND(複合・異種)
ここここ,6,8,0,1,1,1,kokokoko,3,6,5,4,5,4,470.7,3.92,5,3219.7,5.90,5,0,4,#FFFFFF,100.0,-0.0,0.0,4,5,5,1,REDUP(畳語・同一)
こざっぱり,4,17,1,7,2,10,kozappaɾi,3,6,6,4,6,4,533.8,4.24,6,5430.8,6.79,6,0,4,#FFFFFF,100.0,-0.0,0.0,5,5,5,8,COMPOUND(複合・異種)
こせこせ,6,8,0,1,1,1,kosekose,3,6,4,5,6,3,620.3,4.62,5,5014.6,6.65,5,0,4,#FF8C00,69.5,36.8,75.5,4,5,5,1,REDUP(畳語・同一)
こそ,6,0,0,1,1,32,koso,3,5,4,6,6,3,564.0,4.38,5,3208.8,5.89,5,0,4,#2F4F4F,31.3,-11.7,-3.7,5,5,0,8,COMPOUND(複合・異種)
こそっ,6,8,0,1,1,2,kosoʔ,3,8,6,7,6,2,680.4,4.85,8,7476.0,7.33,6,0,4,#000000,0.0,0.0,0.0,2,5,0,0,Q(促音単発)
こそり,4,17,1,1,1,8,kosoɾi,2,6,5,5,7,3,672.3,4.82,6,3666.8,6.12,5,0,4,#FFFFFF,100.0,-0.0,0.0,4,6,0,0,RI(り単発)
こちょこちょ,6,8,0,1,1,1,kotɕokotɕo,3,7,5,5,5,4,804.1,5.28,6,4105.5,6.31,6,0,4,#B0E0E6,86.1,-14.1,-8.0,4,5,5,1,REDUP(畳語・同一)
こちり,4,17,1,1,1,8,kotɕiɾi,3,7,6,5,6,3,781.9,5.21,6,4439.8,6.44,6,mh,5,#FFFFFF,100.0,-0.0,0.0,4,6,0,0,RI(り単発)
こちん,6,1,0,1,1,4,kotɕiŋ,4,7,7,6,3,4,857.5,5.44,7,5024.4,6.65,7,mc,3,#F5F5F5,96.5,-0.0,0.0,3,6,5,0,N(撥音単発)
こちんこちん,6,1,0,1,1,5,kotɕiŋkotɕiŋ,4,7,6,6,3,4,904.2,5.57,6,4906.0,6.61,7,mc,3,#B0E0E6,86.1,-14.1,-8.0,4,5,5,1,REDUP(畳語・同一)
こぢんまり,4,17,1,3,2,12,kodʑimmaɾi,4,4,5,5,6,5,240.3,2.22,5,1126.8,4.11,6,mh,5,#BDB76B,73.4,-8.8,39.3,5,5,5,8,COMPOUND(複合・異種)
こっくりこっくり,4,17,1,1,1,11,kokkuɾikokkuɾi,3,6,5,5,6,4,552.2,4.33,7,3364.8,5.97,6,0,4,#DEB887,77.0,7.0,30.0,4,5,5,1,REDUP(畳語・同一)
こっここっこ,6,8,0,1,1,3,kokkokokko,4,7,5,4,5,3,536.3,4.25,6,4308.9,6.39,6,mh,5,#FF0000,53.2,80.1,67.2,4,5,5,1,REDUP(畳語・同一)
こっとん,6,1,0,1,1,6,kottoŋ,4,7,7,6,4,4,460.9,3.87,7,4502.9,6.47,7,0,4,#696969,44.4,-0.0,0.0,3,6,5,0,N(撥音単発)
こっとんこっとん,6,1,0,1,1,7,kottoŋkottoŋ,4,7,6,5,4,4,369.7,3.31,7,4162.6,6.33,7,0,4,#696969,44.4,-0.0,0.0,4,5,5,1,REDUP(畳語・同一)
こつっ,6,8,0,1,1,2,kotsuʔ,4,8,7,7,4,3,567.5,4.39,8,7290.4,7.29,7,0,4,#000000,0.0,0.0,0.0,2,5,0,0,Q(促音単発)
こてこて,6,8,0,1,1,1,kotekote,4,5,4,4,5,5,448.7,3.80,5,2322.2,5.34,6,0,4,#4B3621,24.5,6.4,16.8,4,5,5,1,REDUP(畳語・同一)
こてんこてん,6,1,0,1,1,5,koteŋkoteŋ,4,6,5,4,5,4,380.6,3.38,5,2151.3,5.21,6,mc,3,#BEBEBE,77.0,-0.0,0.0,4,5,5,1,REDUP(畳語・同一)
こてんぱあ,6,0,0,5,1,4,kotempaa,4,5,5,4,6,4,387.3,3.43,5,3252.1,5.91,6,0,4,#DAA520,70.8,8.5,68.8,5,5,5,8,COMPOUND(複合・異種)
こてんぱん,6,1,0,5,1,4,kotempaŋ,4,6,6,4,5,5,352.4,3.19,5,3025.7,5.79,6,0,4,#708090,52.8,-2.1,-10.6,5,5,5,8,COMPOUND(複合・異種)
ことり,4,17,1,1,1,8,kotoɾi,3,6,5,4,6,4,461.6,3.87,6,2938.1,5.74,6,mh,5,#FFFFFF,100.0,-0.0,0.0,4,6,0,0,RI(り単発)
ことりことり,4,17,1,1,1,9,kotoɾikotoɾi,3,5,5,4,5,4,555.3,4.34,5,3042.5,5.80,6,0,4,#CD853F,61.8,21.4,47.9,4,5,5,1,REDUP(畳語・同一)
こりこりっ,6,8,0,1,1,2,koɾikoɾiʔ,3,8,7,7,5,2,933.1,5.65,8,7440.8,7.32,7,0,4,#F5DEB3,89.4,1.5,24.0,3,5,0,0,Q(促音単発)
こりっ,6,8,0,1,1,2,koɾiʔ,4,8,7,7,5,3,851.6,5.42,8,7812.6,7.40,7,0,4,#000000,0.0,0.0,0.0,2,5,0,0,Q(促音単発)
ころっ,6,8,0,1,1,2,koɾoʔ,4,8,6,6,6,3,531.7,4.23,7,6458.0,7.08,7,0,4,#000000,0.0,0.0,0.0,3,5,0,0,Q(促音単発)
ころりからり,4,17,1,1,1,8,koɾoɾikaɾaɾi,2,6,5,3,7,3,685.8,4.87,6,3504.9,6.04,5,0,4,#FFFFFF,100.0,-0.0,0.0,4,6,0,0,RI(り単発)
ころりっ,6,8,0,1,1,2,koɾoɾiʔ,4,7,6,6,5,3,765.2,5.15,7,6712.0,7.15,7,0,4,#FFFFFF,100.0,-0.0,0.0,3,5,0,0,Q(促音単発)
ころりん,6,1,0,1,1,4,koɾoɾiŋ,3,7,6,5,5,4,815.0,5.31,6,4306.9,6.39,6,mc,3,#FFFFFF,100.0,-0.0,0.0,3,6,5,0,N(撥音単発)
ころりんしゃん,6,1,0,1,1,4,koɾoɾiŋɕaŋ,4,6,6,4,5,5,661.5,4.78,5,5383.6,6.77,6,0,4,#FFFFFF,100.0,-0.0,0.0,5,5,5,8,COMPOUND(複合・異種)
ころん,6,1,0,1,1,4,koɾoŋ,4,7,7,5,5,4,467.1,3.90,6,3718.0,6.14,6,mc,3,#808080,53.6,-0.0,0.0,3,6,5,0,N(撥音単発)
こん,6,1,0,1,1,4,koŋ,4,7,7,5,4,4,512.6,4.14,6,4540.2,6.48,7,0,4,#808080,53.6,-0.0,0.0,3,6,5,0,N(撥音単発)
こーこー,6,8,0,1,1,17,koːkoː,4,4,5,3,6,4,618.5,4.61,3,3743.5,6.15,5,0,4,#FF0000,53.2,80.1,67.2,4,5,5,1,REDUP(畳語・同一)
こーん,6,1,0,1,1,20,koːŋ,4,4,6,4,5,4,837.9,5.38,2,5797.5,6.90,6,0,4,#FF0000,53.2,80.1,67.2,3,7,5,0,LONG(長音ー)
こーんこーん,6,1,0,1,1,21,koːŋkoːŋ,4,5,6,4,4,5,523.9,4.19,3,3875.7,6.21,6,0,4,#FF0000,53.2,80.1,67.2,4,5,5,1,REDUP(畳語・同一)
ごくっ,6,8,0,3,2,2,ɡokuʔ,5,8,7,7,5,4,353.6,3.20,8,7012.9,7.22,8,0,4,#000000,0.0,0.0,0.0,2,5,0,0,Q(促音単発)
ごくっごくっ,6,8,0,3,2,3,ɡokuɡɡokuʔ,6,7,5,7,5,5,162.9,1.24,7,4138.7,6.32,7,0,4,#4169E1,47.8,26.3,-65.3,4,5,5,1,REDUP(畳語・同一)
ごくり,4,17,1,3,2,8,ɡokuɾi,4,6,6,5,7,5,313.0,2.89,6,2949.8,5.75,6,0,4,#FFFFFF,100.0,-0.0,0.0,4,6,0,0,RI(り単発)
ごくりごくり,4,17,1,3,2,9,ɡokuɾiɡokuɾi,5,6,5,5,6,5,292.8,2.72,6,3036.8,5.80,7,0,4,#4169E1,47.8,26.3,-65.3,4,5,5,1,REDUP(畳語・同一)
ごくんごくん,6,1,0,3,2,5,ɡokuŋɡokuŋ,6,6,6,6,5,6,156.7,1.14,5,3207.7,5.89,7,0,4,#000080,13.0,47.5,-64.7,4,5,5,1,REDUP(畳語・同一)
ごしゃごしゃ,6,8,0,3,2,1,ɡoɕaɡoɕa,5,6,5,4,6,5,531.8,4.23,5,8810.6,7.61,7,0,4,#708090,52.8,-2.1,-10.6,4,5,5,1,REDUP(畳語・同一)
ごじゃごじゃ,6,8,0,2,2,1,ɡodʑaɡodʑa,6,5,5,5,5,6,213.2,1.92,4,6777.1,7.16,7,0,4,#FF0000,53.2,80.1,67.2,4,5,5,1,REDUP(畳語・同一)
ごそ,6,0,0,3,2,32,ɡoso,5,5,4,6,6,3,361.8,3.26,5,3757.3,6.16,6,0,4,#556B2F,42.2,-18.8,30.6,5,5,0,8,COMPOUND(複合・異種)
ごそっ,6,8,0,3,2,2,ɡosoʔ,5,8,6,7,5,2,529.3,4.22,8,7819.2,7.40,7,0,4,#000000,0.0,0.0,0.0,2,5,0,0,Q(促音単発)
ごそり,4,17,1,3,2,8,ɡosoɾi,4,6,5,5,7,3,531.3,4.23,6,4014.1,6.27,6,0,4,#FFFFFF,100.0,-0.0,0.0,4,6,0,0,RI(り単発)
ごちょごちょ,6,8,0,3,2,1,ɡotɕoɡotɕo,5,6,4,6,5,5,604.5,4.55,5,4420.4,6.44,7,mc,3,#696969,44.4,-0.0,0.0,4,5,5,1,REDUP(畳語・同一)
ごちん,6,1,0,3,2,4,ɡotɕiŋ,5,7,7,7,3,4,708.1,4.95,7,5286.7,6.74,8,mc,3,#F5F5F5,96.5,-0.0,0.0,3,6,5,0,N(撥音単発)
ごっくごっく,6,8,0,3,2,3,ɡokkuɡokku,6,6,5,6,5,5,291.7,2.71,6,3463.7,6.02,7,0,4,#4169E1,47.8,26.3,-65.3,4,5,5,1,REDUP(畳語・同一)
ごっくり,4,17,1,3,2,10,ɡokkuɾi,5,5,5,5,6,5,230.4,2.11,6,2076.4,5.15,7,mh,5,#8B4513,37.5,26.4,41.0,5,5,5,8,COMPOUND(複合・異種)
ごっくん,6,1,0,3,2,6,ɡokkuŋ,6,7,7,6,4,5,302.4,2.80,7,4249.3,6.37,7,0,4,#000080,13.0,47.5,-64.7,3,6,5,0,N(撥音単発)
ごってり,4,17,1,3,2,10,ɡotteɾi,5,5,5,5,6,5,260.5,2.42,6,2273.8,5.31,7,0,4,#8B4513,37.5,26.4,41.0,5,5,5,8,COMPOUND(複合・異種)
ごっとり,4,17,1,3,2,10,ɡottoɾi,5,5,5,4,6,5,246.5,2.28,6,2681.3,5.59,7,mh,5,#D8BFD8,80.1,13.2,-9.2,5,5,5,8,COMPOUND(複合・異種)
ごっとりごっとり,4,17,1,3,2,11,ɡottoɾiɡottoɾi,5,5,5,5,5,4,364.3,3.27,6,4415.0,6.43,7,0,4,#556B2F,42.2,-18.8,30.6,4,5,5,1,REDUP(畳語・同一)
ごっとん,6,1,0,3,2,6,ɡottoŋ,6,7,7,6,4,5,308.8,2.85,7,4791.9,6.57,8,mc,3,#000000,0.0,0.0,0.0,3,6,5,0,N(撥音単発)
ごっとんごっとん,6,1,0,3,2,7,ɡottoŋɡottoŋ,6,6,6,5,4,5,212.6,1.91,6,4476.4,6.46,8,0,4,#8B0000,28.1,51.0,41.3,4,5,5,1,REDUP(畳語・同一)
ごっぽり,4,17,1,7,2,10,ɡoppoɾi,5,5,5,4,7,5,256.6,2.39,5,2241.3,5.28,7,mh,5,#FFD700,86.9,-1.9,87.1,5,5,5,8,COMPOUND(複合・異種)
ごつっ,6,8,0,3,2,2,ɡotsuʔ,6,8,7,7,4,3,439.4,3.75,8,7826.0,7.41,8,0,4,#000000,0.0,0.0,0.0,2,5,0,0,Q(促音単発)
ごとり,4,17,1,3,2,8,ɡotoɾi,4,5,6,5,6,4,358.3,3.23,6,3320.6,5.95,6,mh,5,#FFFFFF,100.0,-0.0,0.0,4,6,0,0,RI(り単発)
ごとりごとり,4,17,1,3,2,9,ɡotoɾiɡotoɾi,5,5,5,5,5,4,359.7,3.24,5,3592.3,6.08,7,0,4,#2F4F4F,31.3,-11.7,-3.7,4,5,5,1,REDUP(畳語・同一)
ごとんごとん,6,1,0,3,2,5,ɡotoŋɡotoŋ,6,6,6,5,4,5,216.4,1.95,5,3588.4,6.08,7,0,4,#000000,0.0,0.0,0.0,4,5,5,1,REDUP(畳語・同一)
ごほごほ,6,8,0,3,2,1,ɡohoɡoho,5,5,4,5,6,5,322.7,2.97,4,2568.9,5.51,6,0,4,#A52A2A,37.5,49.7,30.5,4,5,5,1,REDUP(畳語・同一)
ごほん,6,1,0,3,2,4,ɡohoŋ,5,6,7,6,5,5,398.8,3.50,6,3728.4,6.15,7,0,4,#A52A2A,37.5,49.7,30.5,3,6,5,0,N(撥音単発)
ごぼり,4,17,1,3,2,8,ɡoboɾi,5,6,5,5,7,4,324.2,2.98,6,3986.0,6.26,6,0,4,#FFFFFF,100.0,-0.0,0.0,4,6,0,0,RI(り単発)
ごぼりこぼり,4,17,1,3,2,8,ɡoboɾikoboɾi,5,6,5,5,6,4,429.6,3.69,6,4583.5,6.50,7,0,4,#8B4513,37.5,26.4,41.0,4,6,0,0,RI(り単発)
ごぽごぼ,6,0,0,6,2,32,ɡopoɡobo,7,4,4,6,6,5,100.0,0.00,5,2486.4,5.46,7,0,4,#DAA520,70.8,8.5,68.8,5,5,0,8,COMPOUND(複合・異種)
ごぽごぽ,6,8,0,6,2,1,ɡopoɡopo,5,5,4,4,6,5,210.0,1.88,4,2975.2,5.76,7,0,4,#8B4513,37.5,26.4,41.0,4,5,5,1,REDUP(畳語・同一)
ごぽっ,6,8,0,6,2,2,ɡopoʔ,5,7,6,6,6,4,406.5,3.55,8,7234.6,7.27,8,0,4,#000000,0.0,0.0,0.0,2,5,0,0,Q(促音単発)
ごぽん,6,1,0,6,2,4,ɡopoŋ,5,7,7,5,5,5,336.4,3.07,6,4327.7,6.40,7,0,4,#808080,53.6,-0.0,0.0,3,6,5,0,N(撥音単発)
ごろっ,6,8,0,3,2,2,ɡoɾoʔ,5,7,6,6,6,4,400.1,3.51,7,6621.0,7.12,8,0,4,#000000,0.0,0.0,0.0,2,5,0,0,Q(促音単発)
ごろり,4,17,1,3,2,8,ɡoɾoɾi,4,6,5,4,7,4,374.8,3.34,5,3048.8,5.80,6,0,4,#FFFFFF,100.0,-0.0,0.0,4,6,0,0,RI(り単発)
ごろりごろり,4,17,1,3,2,9,ɡoɾoɾiɡoɾoɾi,4,5,4,4,7,4,397.2,3.49,4,3236.3,5.91,7,0,4,#8B4513,37.5,26.4,41.0,4,5,5,1,REDUP(畳語・同一)
ごろりん,6,1,0,3,2,4,ɡoɾoɾiŋ,5,6,6,5,5,4,687.2,4.88,6,4504.8,6.47,7,mc,3,#C0C0C0,77.7,-0.0,0.0,3,6,5,0,N(撥音単発)
ごろん,6,1,0,3,2,4,ɡoɾoŋ,5,7,6,5,5,5,321.1,2.95,6,3953.6,6.25,7,mc,3,#808080,53.6,-0.0,0.0,3,6,5,0,N(撥音単発)
ごろんごろん,6,1,0,3,2,5,ɡoɾoŋɡoɾoŋ,5,6,5,4,6,5,224.5,2.05,4,3268.3,5.92,7,0,4,#8B4513,37.5,26.4,41.0,4,5,5,1,REDUP(畳語・同一)
ごん,6,1,0,2,2,4,ɡoŋ,5,7,7,6,4,5,380.1,3.38,6,4714.8,6.55,7,0,4,#8B0000,28.1,51.0,41.3,3,6,5,0,N(撥音単発)
ごーっ,6,8,0,2,2,18,ɡoːʔ,5,5,6,6,6,3,682.2,4.86,4,7203.9,7.27,7,0,4,#4682B4,52.5,-4.1,-32.2,2,6,5,0,LONG(長音ー)
ごーん,6,1,0,2,2,20,ɡoːŋ,5,4,6,4,5,4,669.2,4.81,2,6110.8,6.99,6,0,4,#4682B4,52.5,-4.1,-32.2,3,7,5,0,LONG(長音ー)
さくっ,6,8,0,1,1,2,sakuʔ,4,8,7,6,6,3,630.5,4.66,8,8130.2,7.47,6,0,4,#000000,0.0,0.0,0.0,2,5,0,0,Q(促音単発)
さくりさくり,4,17,1,1,1,9,sakuɾisakuɾi,3,5,5,4,7,3,668.3,4.81,5,4220.3,6.36,5,0,4,#F5DEB3,89.4,1.5,24.0,4,5,5,1,REDUP(畳語・同一)
ささっ,6,8,0,1,1,2,sasaʔ,3,8,6,5,6,2,702.0,4.93,8,9001.3,7.64,6,0,4,#000000,0.0,0.0,0.0,2,5,0,0,Q(促音単発)
さっ,6,8,0,1,1,2,saʔ,4,8,7,6,6,3,652.0,4.75,8,8873.7,7.62,6,0,4,#000000,0.0,0.0,0.0,2,5,0,0,Q(促音単発)
さっくり,4,17,1,1,1,10,sakkuɾi,3,5,5,4,7,4,442.2,3.76,6,2892.7,5.72,5,mh,5,#000000,0.0,0.0,0.0,5,5,5,8,COMPOUND(複合・異種)
さっさっ,6,8,0,1,1,3,sassaʔ,4,7,6,4,7,3,590.7,4.50,6,6756.3,7.16,5,0,4,#FF4500,57.6,67.8,69.0,3,5,5,1,REDUP(畳語・同一)
さやさや,6,8,0,1,1,1,sajasaja,3,5,3,2,8,4,632.6,4.67,4,5156.0,6.70,4,0,4,#DAA520,70.8,8.5,68.8,4,5,5,1,REDUP(畳語・同一)
さらっ,6,8,0,1,1,2,saɾaʔ,3,7,6,4,7,2,660.1,4.78,7,8152.1,7.48,6,0,4,#000000,0.0,0.0,0.0,2,5,0,0,Q(促音単発)
さわさわ,6,8,0,1,1,1,sawasawa,3,5,3,2,8,3,543.8,4.29,4,7586.6,7.35,4,0,4,#556B2F,42.2,-18.8,30.6,4,5,5,1,REDUP(畳語・同一)
さんざん,6,1,0,3,2,4,saŋzaŋ,5,6,8,5,5,5,512.2,4.14,6,8235.4,7.49,6,mc,3,#000080,13.0,47.5,-64.7,3,6,5,0,N(撥音単発)
さーさ,6,8,0,1,1,16,saːsa,3,3,5,3,8,3,1038.8,5.93,2,6810.7,7.17,4,0,4,#FFD700,86.9,-1.9,87.1,2,7,5,0,LONG(長音ー)
ざくっ,6,8,0,3,2,2,zakuʔ,5,8,7,7,5,3,444.0,3.77,8,9610.1,7.76,7,0,4,#000000,0.0,0.0,0.0,2,5,0,0,Q(促音単発)
ざくり,4,17,1,3,2,8,zakuɾi,3,6,6,4,7,4,398.7,3.50,6,5415.8,6.78,6,0,4,#FFFFFF,100.0,-0.0,0.0,4,6,0,0,RI(り単発)
ざぐり,4,17,1,3,2,8,zaɡuɾi,4,6,6,4,7,5,353.5,3.20,5,5218.5,6.72,6,0,4,#FFFFFF,100.0,-0.0,0.0,4,6,0,0,RI(り単発)
ざざっ,6,8,0,2,2,2,zazaʔ,5,7,7,6,5,3,488.3,4.01,7,12256.3,8.17,7,0,4,#000000,0.0,0.0,0.0,2,5,0,0,Q(促音単発)
ざっ,6,8,0,2,2,2,zaʔ,5,7,7,6,5,3,537.2,4.26,7,10720.0,7.94,7,0,4,#000000,0.0,0.0,0.0,2,5,0,0,Q(促音単発)
ざっく,6,0,0,3,2,2,zakku,5,5,5,5,6,5,374.8,3.34,6,6128.6,6.99,7,0,4,#DEB887,77.0,7.0,30.0,5,5,0,8,COMPOUND(複合・異種)
ざっくざく,6,0,0,3,2,2,zakkuzaku,5,5,5,5,5,4,323.2,2.97,6,7207.7,7.27,7,0,4,#DAA520,70.8,8.5,68.8,5,5,0,8,COMPOUND(複合・異種)
ざっくざっく,6,8,0,3,2,3,zakkuzakku,5,6,5,5,5,4,458.9,3.86,5,7521.6,7.34,6,0,4,#FF8C00,69.5,36.8,75.5,4,5,5,1,REDUP(畳語・同一)
ざっくり,4,17,1,3,2,10,zakkuɾi,4,5,5,5,6,4,332.0,3.04,6,4439.6,6.44,6,mh,5,#8B4513,37.5,26.4,41.0,5,5,5,8,COMPOUND(複合・異種)
ざぶ,6,0,0,2,2,32,zabu,6,4,4,5,7,7,199.5,1.75,5,8439.7,7.53,7,mc,3,#0000FF,32.3,79.2,-107.9,5,5,0,8,COMPOUND(複合・異種)
ざぶっ,6,8,0,2,2,2,zabuʔ,5,7,6,6,6,5,401.4,3.52,7,11125.5,8.00,8,0,4,#000000,0.0,0.0,0.0,2,5,0,0,Q(促音単発)
ざぶり,4,17,1,3,2,8,zabuɾi,4,6,6,4,7,5,335.8,3.07,5,7417.0,7.32,6,0,4,#FFFFFF,100.0,-0.0,0.0,4,6,0,0,RI(り単発)
ざぶりざぶり,4,17,1,3,2,9,zabuɾizabuɾi,5,5,5,4,7,6,320.1,2.95,4,9271.2,7.69,7,mc,3,#0000FF,32.3,79.2,-107.9,4,5,5,1,REDUP(畳語・同一)
ざぶーん,6,1,0,2,2,20,zabuːŋ,5,4,6,4,6,6,643.0,4.71,2,9301.9,7.70,7,mc,3,#0000FF,32.3,79.2,-107.9,3,7,5,0,LONG(長音ー)
ざらっ,6,8,0,3,2,2,zaɾaʔ,4,7,6,5,6,3,531.3,4.23,7,10350.9,7.88,7,0,4,#000000,0.0,0.0,0.0,2,5,0,0,Q(促音単発)
ざらり,4,17,1,3,2,8,zaɾaɾi,3,5,5,4,8,3,460.4,3.87,5,5841.9,6.91,5,0,4,#FFFFFF,100.0,-0.0,0.0,4,6,0,0,RI(り単発)
ざんぶ,6,0,0,2,2,4,zambu,6,5,5,5,6,6,216.2,1.95,5,8565.6,7.56,7,0,4,#0000CD,25.0,67.2,-91.5,5,5,5,8,COMPOUND(複合・異種)
ざーざ,6,8,0,2,2,16,zaːza,4,3,5,4,7,4,821.0,5.33,2,9371.5,7.71,5,0,4,#FFD700,86.9,-1.9,87.1,2,7,5,0,LONG(長音ー)
ざーっ,6,8,0,2,2,18,zaːʔ,4,4,6,6,6,4,791.0,5.24,4,9334.3,7.71,6,0,4,#FF0000,53.2,80.1,67.2,2,6,5,0,LONG(長音ー)
しおしお,6,8,0,1,2,1,ɕioɕio,4,4,4,5,6,5,591.5,4.50,4,3172.8,5.87,5,mc,3,#708090,52.8,-2.1,-10.6,4,5,5,1,REDUP(畳語・同一)
しげしげ,6,8,0,3,2,1,ɕiɡeɕiɡe,5,5,5,5,6,5,634.5,4.68,5,3976.6,6.26,6,mc,3,#556B2F,42.2,-18.8,30.6,4,5,5,1,REDUP(畳語・同一)
しこしこっ,6,8,0,1,1,2,ɕikoɕikoʔ,4,8,7,7,5,3,809.4,5.29,8,7271.9,7.28,7,0,4,#F5DEB3,89.4,1.5,24.0,3,5,0,0,Q(促音単発)
しこっ,6,8,0,1,1,2,ɕikoʔ,4,8,7,7,5,3,781.7,5.21,8,7382.4,7.31,7,0,4,#000000,0.0,0.0,0.0,2,5,0,0,Q(促音単発)
しずしず,6,8,0,3,2,1,ɕizuɕizu,5,4,5,6,5,5,562.1,4.37,4,4540.8,6.48,7,0,4,#FF0000,53.2,80.1,67.2,4,5,5,1,REDUP(畳語・同一)
しっこり,4,17,1,1,1,10,ɕikkoɾi,3,5,5,5,6,4,618.3,4.61,6,3338.3,5.96,6,mh,5,#FFFFFF,100.0,-0.0,0.0,5,5,5,8,COMPOUND(複合・異種)
しどろもどろ,6,0,0,3,2,32,ɕidoɾomodoɾo,5,4,4,5,7,6,218.0,1.97,5,2597.3,5.53,7,0,4,#4B3621,24.5,6.4,16.8,5,5,0,8,COMPOUND(複合・異種)
しなしな,6,8,0,1,1,1,ɕinaɕina,4,4,4,5,6,5,652.4,4.75,4,4152.1,6.33,5,0,4,#F5DEB3,89.4,1.5,24.0,4,5,5,1,REDUP(畳語・同一)
しみじみ,6,0,0,3,2,32,ɕimidʑimi,5,4,5,7,5,6,390.4,3.45,5,1877.6,4.98,7,0,4,#4B0082,20.5,51.7,-53.3,5,5,0,8,COMPOUND(複合・異種)
しゃかしゃか,6,8,0,1,1,1,ɕakaɕaka,3,6,5,2,6,3,913.9,5.60,5,8244.2,7.49,5,0,4,#DAA520,70.8,8.5,68.8,4,5,5,1,REDUP(畳語・同一)
しゃきっ,6,8,0,1,1,2,ɕakiʔ,4,8,7,6,5,3,973.3,5.76,8,9916.9,7.81,7,0,4,#90EE90,86.5,-46.3,36.9,3,5,0,0,Q(促音単発)
しゃっきり,4,17,1,1,1,10,ɕakkiɾi,3,6,6,4,6,3,861.9,5.45,7,7281.0,7.28,6,mh,5,#000000,0.0,0.0,0.0,5,5,5,8,COMPOUND(複合・異種)
しゃっしゃっ,6,8,0,1,1,3,ɕaɕɕaʔ,5,6,6,5,6,4,802.8,5.27,6,9538.5,7.74,7,0,4,#778899,55.9,-2.2,-11.1,4,5,5,1,REDUP(畳語・同一)
しゃぶしゃぶ,6,8,0,3,2,1,ɕabuɕabu,5,5,4,3,7,7,558.8,4.36,4,9487.4,7.73,7,mc,3,#0000CD,25.0,67.2,-91.5,4,5,5,1,REDUP(畳語・同一)
しゃらしゃら,6,8,0,1,1,1,ɕaɾaɕaɾa,3,5,4,2,7,4,857.0,5.44,4,8059.8,7.46,5,0,4,#FF69B4,65.5,64.2,-10.6,4,5,5,1,REDUP(畳語・同一)
しゃりしゃり,4,17,1,1,1,9,ɕaɾiɕaɾi,3,6,5,4,7,5,782.8,5.21,5,7737.1,7.39,6,0,4,#FFFFFF,100.0,-0.0,0.0,4,5,5,1,REDUP(畳語・同一)
しゃりっ,6,8,0,1,1,2,ɕaɾiʔ,4,8,7,6,5,4,933.1,5.65,8,9679.0,7.77,7,0,4,#000000,0.0,0.0,0.0,3,5,0,0,Q(促音単発)
しゃんしゃん,6,1,0,1,1,5,ɕaŋɕaŋ,4,6,6,4,6,5,660.1,4.78,5,8796.2,7.60,7,0,4,#FFFFFF,100.0,-0.0,0.0,4,5,5,1,REDUP(畳語・同一)
しゃー,6,8,0,1,1,16,ɕaː,3,3,5,4,7,4,1167.3,6.22,1,7652.0,7.37,5,0,4,#FFD700,86.9,-1.9,87.1,2,7,5,0,LONG(長音ー)
しゃーしゃー,6,8,0,1,1,17,ɕaːɕaː,4,4,5,2,7,5,1039.9,5.93,3,9163.7,7.67,6,mh,5,#FF4500,57.6,67.8,69.0,4,5,5,1,REDUP(畳語・同一)
しゅっ,6,8,0,1,1,2,ɕuʔ,4,7,7,7,6,4,737.9,5.06,7,8411.4,7.53,7,0,4,#000000,0.0,0.0,0.0,2,5,0,0,Q(促音単発)
しゅっしゅっ,6,8,0,1,1,3,ɕuɕɕuʔ,5,6,6,6,6,5,737.3,5.06,6,6711.7,7.15,7,0,4,#696969,44.4,-0.0,0.0,4,5,5,1,REDUP(畳語・同一)
しゅん,6,1,0,1,1,4,ɕuŋ,4,6,7,5,6,5,704.8,4.94,6,5860.4,6.91,7,0,4,#808080,53.6,-0.0,0.0,3,6,5,0,N(撥音単発)
しゅんしゅん,6,1,0,1,1,5,ɕuŋɕuŋ,4,5,6,5,6,5,727.1,5.02,4,6379.6,7.06,6,0,4,#FFFACD,97.6,-5.4,22.2,4,5,5,1,REDUP(畳語・同一)
しゅーじゅー,6,8,0,3,2,16,ɕuːdʑuː,4,2,6,4,8,5,1037.3,5.92,1,6205.3,7.01,6,0,4,#FF4500,57.6,67.8,69.0,2,7,5,0,LONG(長音ー)
しゅーん,6,1,0,1,1,20,ɕuːŋ,4,4,7,4,6,5,1005.3,5.84,2,6425.7,7.07,6,0,4,#FFFFFF,100.0,-0.0,0.0,3,7,5,0,LONG(長音ー)
しょぼん,6,1,0,3,2,4,ɕoboŋ,5,6,6,6,6,6,439.6,3.75,6,4978.6,6.64,7,mc,3,#708090,52.8,-2.1,-10.6,3,6,5,0,N(撥音単発)
しょりしょり,4,17,1,1,1,9,ɕoɾiɕoɾi,3,5,4,4,7,5,609.8,4.58,5,4540.4,6.48,6,0,4,#000080,13.0,47.5,-64.7,4,5,5,1,REDUP(畳語・同一)
しょんぼりしょんぼり,4,17,1,3,2,13,ɕomboɾiɕomboɾi,4,5,4,5,7,5,454.8,3.83,5,5413.5,6.78,7,0,4,#483D8B,30.8,26.1,-42.1,4,5,5,1,REDUP(畳語・同一)
しわくちゃ,6,0,0,1,1,32,ɕiwakutɕa,3,5,4,4,7,5,710.6,4.96,5,5661.1,6.86,6,0,4,#FF69B4,65.5,64.2,-10.6,5,5,0,8,COMPOUND(複合・異種)
しんねり,4,145,1,1,1,12,ɕinneɾi,4,4,4,5,6,5,433.6,3.71,5,2261.1,5.30,6,mh,5,#F5F5DC,95.9,-4.2,12.0,5,5,5,8,COMPOUND(複合・異種)
しんねりむっつり,4,145,1,1,1,14,ɕinneɾimuttsuɾi,4,4,5,6,6,5,436.0,3.73,5,2120.4,5.19,7,0,4,#000000,0.0,0.0,0.0,5,5,5,8,COMPOUND(複合・異種)
しーん,6,1,0,1,1,20,ɕiːŋ,3,4,6,5,6,4,1181.6,6.25,3,6542.8,7.10,6,0,4,#F0FFFF,98.9,-4.9,-1.7,3,7,5,0,LONG(長音ー)
じっ,6,8,0,2,2,2,dʑiʔ,5,7,7,8,5,4,503.8,4.09,7,7502.1,7.33,8,0,4,#000000,0.0,0.0,0.0,2,5,0,0,Q(促音単発)
じっとり,4,17,1,3,2,10,dʑittoɾi,4,4,5,5,6,5,260.1,2.42,6,2170.1,5.23,7,mh,5,#D8BFD8,80.1,13.2,-9.2,5,5,5,8,COMPOUND(複合・異種)
じぶじぶ,6,8,0,2,2,1,dʑibudʑibu,6,3,4,6,6,7,100.0,0.00,3,4146.8,6.33,7,mc,3,#556B2F,42.2,-18.8,30.6,4,5,5,1,REDUP(畳語・同一)
じゃかすか,6,0,0,3,2,32,dʑakasuka,4,5,5,3,7,3,624.6,4.64,5,7637.6,7.36,5,mh,5,#F5F5F5,96.5,-0.0,0.0,5,5,0,8,COMPOUND(複合・異種)
じゃばじゃば,6,8,0,2,2,1,dʑabadʑaba,6,5,5,3,6,7,266.2,2.48,4,9437.8,7.72,7,mh,5,#0000CD,25.0,67.2,-91.5,4,5,5,1,REDUP(畳語・同一)
じゃぼーん,6,1,0,2,2,20,dʑaboːŋ,5,4,6,4,6,5,608.4,4.57,2,8462.5,7.54,7,0,4,#0000CD,25.0,67.2,-91.5,3,7,5,0,LONG(長音ー)
じゃぽん,6,1,0,6,2,4,dʑapoŋ,5,6,7,4,5,6,369.8,3.31,6,6819.6,7.17,7,0,4,#808080,53.6,-0.0,0.0,3,6,5,0,N(撥音単発)
じゃらり,4,17,1,3,2,8,dʑaɾaɾi,3,6,6,3,7,4,452.8,3.82,5,5692.6,6.87,6,mh,5,#FFFFFF,100.0,-0.0,0.0,4,6,0,0,RI(り単発)
じゃらんじゃらん,6,1,0,3,2,5,dʑaɾaŋdʑaɾaŋ,4,5,5,2,6,5,379.1,3.37,4,7253.5,7.28,6,0,4,#FFD700,86.9,-1.9,87.1,4,5,5,1,REDUP(畳語・同一)
じゃりじゃり,4,17,1,3,2,9,dʑaɾidʑaɾi,4,5,5,4,6,5,468.7,3.91,5,7270.1,7.28,7,mh,5,#FFD700,86.9,-1.9,87.1,4,5,5,1,REDUP(畳語・同一)
じゃりっ,6,8,0,3,2,2,dʑaɾiʔ,5,7,7,7,5,4,705.0,4.94,7,9974.5,7.82,8,0,4,#000000,0.0,0.0,0.0,3,5,0,0,Q(促音単発)
じゃん,6,1,0,2,2,4,dʑaŋ,5,7,7,5,5,6,394.3,3.47,6,8144.8,7.47,8,0,4,#FF0000,53.2,80.1,67.2,3,6,5,0,N(撥音単発)
じゃーじゃー,6,8,0,2,2,17,dʑaːdʑaː,5,4,5,3,6,6,632.0,4.67,2,9218.0,7.68,7,mh,5,#FF0000,53.2,80.1,67.2,4,5,5,1,REDUP(畳語・同一)
じゅくじゅく,6,8,0,3,2,1,dʑukudʑuku,5,4,5,5,6,7,294.6,2.74,3,3309.0,5.94,7,0,4,#556B2F,42.2,-18.8,30.6,4,5,5,1,REDUP(畳語・同一)
じゅっ,6,8,0,2,2,2,dʑuʔ,5,7,7,7,5,5,506.1,4.10,7,8408.9,7.53,8,0,4,#000000,0.0,0.0,0.0,2,5,0,0,Q(促音単発)
じゅぽっ,6,8,0,6,2,2,dʑupoʔ,5,7,7,7,6,5,435.5,3.72,7,7678.5,7.37,8,0,4,#000000,0.0,0.0,0.0,2,5,0,0,Q(促音単発)
じゅるっ,6,8,0,3,2,2,dʑuɾuʔ,5,7,7,7,6,5,470.2,3.92,7,7609.9,7.36,8,0,4,#FFFFFF,100.0,-0.0,0.0,2,5,0,0,Q(促音単発)
じゅわじゅわ,6,8,0,3,2,1,dʑuwadʑuwa,5,4,4,4,7,6,295.4,2.74,3,5502.2,6.81,7,mh,5,#800000,25.5,48.0,38.1,4,5,5,1,REDUP(畳語・同一)
じゅわっ,6,8,0,3,2,2,dʑuwaʔ,5,7,7,6,6,5,450.6,3.81,7,8923.6,7.63,8,mh,5,#000000,0.0,0.0,0.0,2,5,0,0,Q(促音単発)
じゅわーっ,6,8,0,3,2,18,dʑuwaːʔ,5,4,6,6,7,5,670.0,4.81,4,8103.8,7.47,7,mh,5,#FF4500,57.6,67.8,69.0,2,6,5,0,LONG(長音ー)
じゅーっ,6,8,0,2,2,18,dʑuːʔ,5,4,6,6,6,5,755.8,5.12,4,7451.5,7.32,7,mh,5,#FF4500,57.6,67.8,69.0,2,6,5,0,LONG(長音ー)
じょりじょり,4,17,1,3,2,9,dʑoɾidʑoɾi,4,5,5,5,6,5,416.9,3.61,5,4068.3,6.29,7,0,4,#708090,52.8,-2.1,-10.6,4,5,5,1,REDUP(畳語・同一)
じょりっ,6,8,0,3,2,2,dʑoɾiʔ,5,7,7,7,5,4,659.3,4.77,7,7752.2,7.39,8,0,4,#000000,0.0,0.0,0.0,3,5,0,0,Q(促音単発)
じりじりっ,6,8,0,3,2,2,dʑiɾidʑiɾiʔ,5,6,7,8,4,4,637.3,4.69,7,8058.6,7.46,8,mh,5,#000000,0.0,0.0,0.0,3,5,0,0,Q(促音単発)
じりっ,6,8,0,3,2,2,dʑiɾiʔ,5,7,7,8,4,4,685.6,4.87,7,8367.1,7.52,8,mh,5,#000000,0.0,0.0,0.0,2,5,0,0,Q(促音単発)
じろり,4,17,1,3,2,8,dʑiɾoɾi,4,5,6,5,7,5,387.1,3.43,5,2792.8,5.66,6,mh,5,#FFFFFF,100.0,-0.0,0.0,4,6,0,0,RI(り単発)
じろりじろり,4,17,1,3,2,9,dʑiɾoɾidʑiɾoɾi,4,4,5,5,7,5,418.5,3.62,4,2593.9,5.53,6,0,4,#000000,0.0,0.0,0.0,4,5,5,1,REDUP(畳語・同一)
じろりっ,6,8,0,3,2,2,dʑiɾoɾiʔ,5,7,7,7,5,4,660.9,4.78,7,6681.8,7.14,7,0,4,#000000,0.0,0.0,0.0,3,5,0,0,Q(促音単発)
じろーっ,6,8,0,3,2,18,dʑiɾoːʔ,5,4,6,6,6,4,658.2,4.77,4,5976.2,6.95,7,0,4,#000000,0.0,0.0,0.0,2,6,5,0,LONG(長音ー)
じわじわっ,6,8,0,3,2,2,dʑiwadʑiwaʔ,5,6,6,7,6,5,296.1,2.75,6,6742.5,7.15,8,mh,5,#800000,25.5,48.0,38.1,3,5,0,0,Q(促音単発)
じわっ,6,8,0,3,2,2,dʑiwaʔ,5,6,6,7,6,4,388.5,3.44,7,8005.3,7.44,8,mh,5,#000000,0.0,0.0,0.0,2,5,0,0,Q(促音単発)
じわーっ,6,8,0,3,2,18,dʑiwaːʔ,5,4,6,6,6,4,613.2,4.59,4,7269.2,7.28,7,mh,5,#800000,25.5,48.0,38.1,3,6,5,0,LONG(長音ー)
じん,6,1,0,2,2,4,dʑiŋ,5,6,7,7,4,5,474.0,3.94,6,5000.8,6.65,7,0,4,#FF0000,53.2,80.1,67.2,3,6,5,0,N(撥音単発)
じんわり,4,17,1,3,2,12,dʑiŋwaɾi,4,4,5,4,7,5,260.2,2.42,4,3345.7,5.96,6,mh,5,#FFFACD,97.6,-5.4,22.2,5,5,5,8,COMPOUND(複合・異種)
じー,6,8,0,2,2,16,dʑiː,4,2,5,6,6,4,943.7,5.68,1,6640.1,7.13,6,0,4,#FFFF00,97.1,-21.6,94.5,2,7,5,0,LONG(長音ー)
じーっ,6,8,0,2,2,18,dʑiːʔ,4,4,6,7,6,4,818.8,5.32,4,7714.3,7.38,7,0,4,#F0FFFF,98.9,-4.9,-1.7,2,6,5,0,LONG(長音ー)
じーん,6,1,0,2,2,20,dʑiːŋ,5,3,7,6,5,5,814.0,5.31,2,6850.4,7.18,6,0,4,#556B2F,42.2,-18.8,30.6,3,7,5,0,LONG(長音ー)
すい,6,0,0,1,1,32,sui,3,5,5,4,7,4,495.1,4.05,5,4209.5,6.35,5,mh,5,#E0FFFF,97.9,-9.9,-3.4,5,5,0,8,COMPOUND(複合・異種)
すいずい,6,0,0,3,2,32,suizui,4,5,5,5,6,4,425.4,3.67,5,4426.5,6.44,6,mh,5,#E0FFFF,97.9,-9.9,-3.4,5,5,0,8,COMPOUND(複合・異種)
すいーっ,6,8,0,1,1,18,suiːʔ,3,5,6,5,7,3,953.0,5.71,5,7661.2,7.37,5,mh,5,#F0FFFF,98.9,-4.9,-1.7,2,6,5,0,LONG(長音ー)
すがすが,6,8,0,3,2,1,suɡasuɡa,4,5,5,4,6,3,443.5,3.77,5,4448.0,6.45,5,0,4,#B22222,39.1,55.9,37.6,4,5,5,1,REDUP(畳語・同一)
すきっ,6,8,0,1,1,2,sukiʔ,3,8,7,6,6,2,860.7,5.45,8,9256.0,7.69,6,mh,5,#000000,0.0,0.0,0.0,2,5,0,0,Q(促音単発)
すけすけ,6,8,0,1,1,1,sukesuke,2,5,5,3,7,3,712.8,4.97,4,5639.0,6.85,4,mh,5,#FF4500,57.6,67.8,69.0,4,5,5,1,REDUP(畳語・同一)
すこん,6,1,0,1,1,4,sukoŋ,3,7,7,5,5,4,545.8,4.30,6,5023.5,6.65,6,0,4,#808080,53.6,-0.0,0.0,3,6,5,0,N(撥音単発)
すこーん,6,1,0,1,1,20,sukoːŋ,3,4,7,3,6,3,851.7,5.42,2,6136.5,6.99,5,0,4,#FF0000,53.2,80.1,67.2,3,7,5,0,LONG(長音ー)
すごすご,6,8,0,3,2,1,suɡosuɡo,4,5,4,4,6,4,371.5,3.32,4,4519.3,6.47,6,0,4,#8B4513,37.5,26.4,41.0,4,5,5,1,REDUP(畳語・同一)
すっ,6,8,0,1,1,2,suʔ,4,8,7,6,6,3,601.0,4.54,8,8402.3,7.53,7,0,4,#000000,0.0,0.0,0.0,2,5,0,0,Q(促音単発)
すっくら,6,0,0,1,1,2,sukkuɾa,3,5,5,3,8,3,436.9,3.73,6,3596.5,6.09,5,mh,5,#FFFFFF,100.0,-0.0,0.0,5,5,0,8,COMPOUND(複合・異種)
すっしり,4,17,1,1,1,10,suɕɕiɾi,4,5,6,4,7,4,580.8,4.45,6,3846.8,6.20,6,mh,5,#2F4F4F,31.3,-11.7,-3.7,5,5,5,8,COMPOUND(複合・異種)
すっすっ,6,8,0,1,1,3,sussuʔ,3,6,5,5,7,3,568.2,4.40,6,6127.0,6.99,6,0,4,#000000,0.0,0.0,0.0,4,5,5,1,REDUP(畳語・同一)
すってん,6,1,0,1,1,6,sutteŋ,4,7,7,5,6,4,501.5,4.08,6,3709.3,6.14,6,mc,3,#808080,53.6,-0.0,0.0,3,6,5,0,N(撥音単発)
すってんころりん,6,1,0,1,1,6,sutteŋkoɾoɾiŋ,3,6,6,4,7,4,551.0,4.32,6,2411.7,5.41,6,mc,3,#FFFFFF,100.0,-0.0,0.0,5,5,5,8,COMPOUND(複合・異種)
すってんど,6,0,0,3,2,6,suttendo,4,5,5,4,7,4,292.0,2.71,6,4186.9,6.34,6,0,4,#FFFFFF,100.0,-0.0,0.0,5,5,5,8,COMPOUND(複合・異種)
すっぱすっぱ,6,8,0,5,1,3,suppasuppa,3,6,5,3,8,3,718.4,4.99,5,7029.1,7.22,5,0,4,#FFFFFF,100.0,-0.0,0.0,4,5,5,1,REDUP(畳語・同一)
すっぺらぽー,6,8,0,5,1,18,suppeɾapoː,2,3,5,2,9,4,877.0,5.50,2,6433.8,7.07,5,mh,5,#FFD700,86.9,-1.9,87.1,2,7,5,0,LONG(長音ー)
すっぽり,4,17,1,5,1,10,suppoɾi,3,5,5,3,8,5,388.9,3.44,5,2675.7,5.58,6,mh,5,#FFFFFF,100.0,-0.0,0.0,5,5,5,8,COMPOUND(複合・異種)
すつく,6,0,0,1,1,32,sutsuku,3,5,5,5,7,5,402.3,3.52,5,2316.6,5.34,6,mh,5,#4B0082,20.5,51.7,-53.3,5,5,0,8,COMPOUND(複合・異種)
すば,6,0,0,3,2,32,suba,4,5,5,3,7,5,351.6,3.18,5,4817.6,6.58,6,mh,5,#FFFFFF,100.0,-0.0,0.0,5,5,0,8,COMPOUND(複合・異種)
すぱすば,6,0,0,7,2,32,supasuba,3,6,5,3,7,4,585.7,4.47,6,6395.0,7.06,5,mh,5,#FFFFFF,100.0,-0.0,0.0,5,5,0,8,COMPOUND(複合・異種)
すぱっ,6,8,0,5,1,2,supaʔ,3,8,7,6,6,3,749.2,5.10,8,9404.7,7.72,7,mh,5,#FFFFFF,100.0,-0.0,0.0,2,5,0,0,Q(促音単発)
すぽすば,6,0,0,7,2,32,suposuba,3,5,5,3,8,5,367.1,3.29,5,5324.9,6.75,5,mh,5,#FFFFFF,100.0,-0.0,0.0,5,5,0,8,COMPOUND(複合・異種)
すぽっすぽっ,6,8,0,5,1,3,supossupoʔ,3,6,5,5,8,4,478.0,3.96,6,5610.9,6.84,6,0,4,#FFFFFF,100.0,-0.0,0.0,4,5,5,1,REDUP(畳語・同一)
すぽり,4,17,1,5,1,8,supoɾi,2,6,6,4,8,4,512.2,4.14,5,3993.3,6.26,5,mh,5,#FFFFFF,100.0,-0.0,0.0,4,6,0,0,RI(り単発)
すぽん,6,1,0,5,1,4,supoŋ,3,6,7,4,6,5,496.6,4.06,6,5041.1,6.66,6,0,4,#FFDAB9,89.4,8.1,21.0,3,6,5,0,N(撥音単発)
すらっ,6,8,0,1,1,2,suɾaʔ,3,7,6,4,7,3,586.6,4.48,7,7859.3,7.41,6,0,4,#000000,0.0,0.0,0.0,2,5,0,0,Q(促音単発)
すらりすらり,4,17,1,1,1,9,suɾaɾisuɾaɾi,2,5,4,2,9,3,583.5,4.47,4,3454.1,6.02,4,0,4,#F0FFFF,98.9,-4.9,-1.7,4,5,5,1,REDUP(畳語・同一)
するするするっ,6,8,0,1,1,2,suɾusuɾusuɾuʔ,3,6,5,4,7,4,548.9,4.31,6,5665.6,6.86,6,0,4,#FFFFFF,100.0,-0.0,0.0,3,5,0,0,Q(促音単発)
するするっ,6,8,0,1,1,2,suɾusuɾuʔ,3,7,6,5,7,3,551.6,4.32,6,6296.2,7.04,6,0,4,#FFFFFF,100.0,-0.0,0.0,3,5,0,0,Q(促音単発)
するっ,6,8,0,1,1,2,suɾuʔ,3,7,6,6,7,3,561.6,4.37,7,7291.2,7.29,6,0,4,#FFFFFF,100.0,-0.0,0.0,3,5,0,0,Q(促音単発)
するり,4,17,1,1,1,8,suɾuɾi,2,5,6,3,8,4,484.2,3.99,5,3200.7,5.89,5,mh,5,#FFFFFF,100.0,-0.0,0.0,4,6,0,0,RI(り単発)
すんすん,6,1,0,1,1,5,suŋsuŋ,4,6,6,4,6,4,467.4,3.90,4,6398.8,7.06,6,0,4,#2F4F4F,31.3,-11.7,-3.7,4,5,5,1,REDUP(畳語・同一)
すトン,6,0,0,1,1,4,suトŋ,3,5,5,4,7,4,434.3,3.72,5,3726.6,6.15,6,mh,5,#FFFFFF,100.0,-0.0,0.0,5,5,0,8,COMPOUND(複合・異種)
すトンすとん,6,1,0,1,1,4,suトŋsutoŋ,3,5,6,4,6,5,323.4,2.97,5,2959.0,5.75,6,0,4,#696969,44.4,-0.0,0.0,5,5,5,8,COMPOUND(複合・異種)
すーすー,6,8,0,1,1,17,suːsuː,3,3,4,3,7,4,711.7,4.97,2,4701.1,6.54,5,mh,5,#9F7C63,54.7,10.0,18.9,4,5,5,1,REDUP(畳語・同一)
すーっ,6,8,0,1,1,18,suːʔ,3,5,6,5,7,3,875.8,5.49,4,7404.1,7.31,6,mh,5,#F0FFFF,98.9,-4.9,-1.7,2,6,5,0,LONG(長音ー)
すーはー,6,8,0,1,1,16,suːhaː,3,3,5,3,8,4,1050.8,5.95,1,6518.7,7.10,5,mh,5,#FFD700,86.9,-1.9,87.1,2,7,5,0,LONG(長音ー)
ずきっ,6,8,0,3,2,2,zukiʔ,5,8,7,7,5,3,704.9,4.94,8,8999.0,7.64,8,mh,5,#FF0000,53.2,80.1,67.2,2,5,0,0,Q(促音単発)
ずきん,6,1,0,3,2,4,zukiŋ,5,6,8,6,4,4,670.6,4.82,6,6371.8,7.06,7,0,4,#FF0000,53.2,80.1,67.2,3,6,5,0,N(撥音単発)
ずきんずきん,6,1,0,3,2,5,zukiŋzukiŋ,5,6,7,5,4,4,657.0,4.77,4,6824.8,7.17,7,mh,5,#FF0000,53.2,80.1,67.2,4,5,5,1,REDUP(畳語・同一)
ずしずし,6,8,0,3,2,1,zuɕizuɕi,5,5,5,6,5,5,515.0,4.15,4,5454.6,6.79,7,0,4,#000000,0.0,0.0,0.0,4,5,5,1,REDUP(畳語・同一)
ずしり,4,17,1,3,2,8,zuɕiɾi,4,6,6,5,6,4,546.4,4.30,5,4623.5,6.51,6,mh,5,#FFFFFF,100.0,-0.0,0.0,4,6,0,0,RI(り単発)
ずしん,6,1,0,3,2,4,zuɕiŋ,5,6,7,6,4,5,545.6,4.30,6,5385.2,6.77,7,mc,3,#808080,53.6,-0.0,0.0,3,6,5,0,N(撥音単発)
ずしんずしん,6,129,0,3,2,5,zuɕiŋzuɕiŋ,5,5,6,6,4,5,478.9,3.96,4,5454.7,6.79,7,mc,3,#000000,0.0,0.0,0.0,4,5,5,1,REDUP(畳語・同一)
ずずーん,6,1,0,2,2,20,zuzuːŋ,5,3,6,5,5,5,623.9,4.63,2,5908.3,6.93,7,0,4,#000000,0.0,0.0,0.0,3,7,5,0,LONG(長音ー)
ずだずだ,6,8,0,2,2,1,zudazuda,6,4,4,5,6,6,226.1,2.07,3,4035.8,6.28,7,0,4,#808080,53.6,-0.0,0.0,4,5,5,1,REDUP(畳語・同一)
ずっぷり,4,17,1,7,2,10,zuppuɾi,5,4,5,5,7,6,256.8,2.39,5,2398.3,5.40,7,mh,5,#4B3621,24.5,6.4,16.8,5,5,5,8,COMPOUND(複合・異種)
ずでん,6,1,0,2,2,4,zudeŋ,6,6,7,6,4,5,350.9,3.18,6,4301.9,6.39,7,mc,3,#000000,0.0,0.0,0.0,3,6,5,0,N(撥音単発)
ずでんど,6,0,0,2,2,4,zudendo,7,4,5,6,5,6,100.0,0.00,5,4869.8,6.60,8,0,4,#BDB76B,73.4,-8.8,39.3,5,5,5,8,COMPOUND(複合・異種)
ずどん,6,1,0,2,2,4,zudoŋ,6,6,7,6,4,5,286.5,2.66,6,6093.8,6.98,8,0,4,#808080,53.6,-0.0,0.0,3,6,5,0,N(撥音単発)
ずどーん,6,1,0,2,2,20,zudoːŋ,5,4,6,5,5,5,621.2,4.62,2,6980.4,7.21,6,0,4,#956D6A,49.9,15.5,7.9,3,7,5,0,LONG(長音ー)
ずばっ,6,8,0,2,2,2,zubaʔ,6,8,7,6,5,4,440.7,3.75,8,9302.8,7.70,8,mh,5,#FF0000,53.2,80.1,67.2,2,5,0,0,Q(促音単発)
ずばり,4,17,1,3,2,8,zubaɾi,4,6,6,4,7,5,394.1,3.47,6,5106.4,6.68,7,mh,5,#FFFFFF,100.0,-0.0,0.0,4,6,0,0,RI(り単発)
ずぶずぶ,6,8,0,2,2,1,zubuzubu,6,4,4,5,6,7,149.4,1.02,4,5371.8,6.77,8,mc,3,#FF0000,53.2,80.1,67.2,4,5,5,1,REDUP(畳語・同一)
ずぶり,4,17,1,3,2,8,zubuɾi,4,6,6,5,7,5,307.4,2.84,5,4487.5,6.46,7,0,4,#FFFFFF,100.0,-0.0,0.0,4,6,0,0,RI(り単発)
ずぼずぼ,6,8,0,2,2,1,zubozubo,6,4,4,5,5,6,142.9,0.90,4,4159.7,6.33,7,mc,3,#FF0000,53.2,80.1,67.2,4,5,5,1,REDUP(畳語・同一)
ずぼっ,6,8,0,2,2,2,zuboʔ,5,7,7,7,5,4,395.8,3.48,7,7901.3,7.42,8,0,4,#000000,0.0,0.0,0.0,2,5,0,0,Q(促音単発)
ずぼり,4,17,1,3,2,8,zuboɾi,4,5,6,5,7,4,353.0,3.19,5,4242.6,6.37,6,mh,5,#FFFFFF,100.0,-0.0,0.0,4,6,0,0,RI(り単発)
ずぼん,6,1,0,2,2,4,zuboŋ,6,6,7,6,5,5,302.8,2.80,6,5583.6,6.83,7,mc,3,#808080,53.6,-0.0,0.0,3,6,5,0,N(撥音単発)
ずらずら,6,8,0,3,2,1,zuɾazuɾa,5,4,3,3,7,4,282.1,2.63,3,4159.4,6.33,5,0,4,#556B2F,42.2,-18.8,30.6,4,5,5,1,REDUP(畳語・同一)
ずらり,4,17,1,3,2,8,zuɾaɾi,3,5,5,4,8,4,398.6,3.50,5,3395.5,5.99,5,mh,5,#FFFFFF,100.0,-0.0,0.0,4,6,0,0,RI(り単発)
ずるずるべったり,4,17,1,3,2,10,zuɾuzuɾubettaɾi,5,4,4,5,6,6,177.4,1.45,5,2276.4,5.31,7,0,4,#556B2F,42.2,-18.8,30.6,5,5,5,8,COMPOUND(複合・異種)
ずるっ,6,8,0,3,2,2,zuɾuʔ,5,7,6,7,6,4,442.6,3.77,7,7180.6,7.26,8,0,4,#556B2F,42.2,-18.8,30.6,3,5,0,0,Q(促音単発)
ずるり,4,17,1,3,2,8,zuɾuɾi,4,5,5,5,7,5,378.5,3.37,5,3180.1,5.88,6,0,4,#556B2F,42.2,-18.8,30.6,4,6,0,0,RI(り単発)
ずるりずるり,4,17,1,3,2,9,zuɾuɾizuɾuɾi,4,4,5,5,7,5,381.4,3.39,4,3202.0,5.89,6,0,4,#556B2F,42.2,-18.8,30.6,4,5,5,1,REDUP(畳語・同一)
ずん,6,1,0,2,2,4,zuŋ,5,6,7,6,4,5,377.9,3.37,6,5015.2,6.65,7,0,4,#000000,0.0,0.0,0.0,3,6,5,0,N(撥音単発)
ずんぐりむっくり,4,17,1,3,2,14,zuŋɡuɾimukkuɾi,5,5,6,5,6,5,196.6,1.71,6,1908.6,5.01,7,mh,5,#4B3621,24.5,6.4,16.8,5,5,5,8,COMPOUND(複合・異種)
ずーずー,6,8,0,2,2,17,zuːzuː,5,3,5,4,6,5,503.1,4.09,1,4624.8,6.51,6,0,4,#8B0000,28.1,51.0,41.3,4,5,5,1,REDUP(畳語・同一)
ずーっ,6,8,0,2,2,18,zuːʔ,5,4,6,6,6,4,780.2,5.20,4,7397.3,7.31,7,0,4,#F0FFFF,98.9,-4.9,-1.7,2,7,5,0,LONG(長音ー)
せっせ,6,0,0,1,1,2,sesse,4,6,6,6,6,4,600.5,4.54,6,5496.3,6.81,6,0,4,#DAA520,70.8,8.5,68.8,5,5,0,8,COMPOUND(複合・異種)
せーせー,6,8,0,1,1,17,seːseː,4,4,4,5,7,4,713.6,4.97,2,4803.8,6.58,5,0,4,#FF8C00,69.5,36.8,75.5,4,5,5,1,REDUP(畳語・同一)
ぜーぜー,6,8,0,2,2,17,zeːzeː,5,3,4,4,6,5,485.6,4.00,2,5083.5,6.67,6,0,4,#97744C,51.4,8.5,27.3,4,5,5,1,REDUP(畳語・同一)
そっ,6,8,0,1,1,2,soʔ,4,8,7,7,6,3,649.3,4.74,8,7631.8,7.36,7,0,4,#000000,0.0,0.0,0.0,2,5,0,0,Q(促音単発)
そよ,6,0,0,1,1,32,sojo,3,4,4,4,7,5,412.0,3.58,4,1884.9,4.99,5,0,4,#F0FFF0,98.6,-7.6,5.5,5,5,0,8,COMPOUND(複合・異種)
そより,4,17,1,1,1,8,sojoɾi,2,5,5,4,8,4,518.4,4.17,5,2883.9,5.71,5,mh,5,#FFFFFF,100.0,-0.0,0.0,4,6,0,0,RI(り単発)
そよりそより,4,17,1,1,1,9,sojoɾisojoɾi,2,4,4,4,8,4,612.6,4.59,4,2721.7,5.61,5,0,4,#F0FFF0,98.6,-7.6,5.5,4,5,5,1,REDUP(畳語・同一)
そろっ,6,8,0,1,1,2,soɾoʔ,4,7,6,6,7,3,577.6,4.44,7,6242.4,7.02,6,0,4,#000000,0.0,0.0,0.0,2,5,0,0,Q(促音単発)
そろりそろり,4,17,1,1,1,9,soɾoɾisoɾoɾi,2,5,4,4,8,4,648.9,4.73,4,2448.2,5.43,5,0,4,#FFFFFF,100.0,-0.0,0.0,4,5,5,1,REDUP(畳語・同一)
そろーり,4,17,1,1,1,24,soɾoːɾi,2,5,5,4,8,4,563.1,4.37,5,2687.2,5.59,5,mh,5,#FFFFFF,100.0,-0.0,0.0,4,6,0,0,RI(り単発)
ぞくぞくっ,6,8,0,3,2,2,zokuzokuʔ,5,7,6,8,5,3,377.7,3.36,7,8363.2,7.52,7,mc,3,#000000,0.0,0.0,0.0,3,5,0,0,Q(促音単発)
ぞくっ,6,8,0,3,2,2,zokuʔ,5,8,7,7,5,3,428.7,3.68,8,8554.2,7.56,7,0,4,#000000,0.0,0.0,0.0,2,5,0,0,Q(促音単発)
ぞろり,4,17,1,3,2,8,zoɾoɾi,3,5,5,4,8,4,422.8,3.65,5,3817.5,6.19,6,0,4,#FFFFFF,100.0,-0.0,0.0,4,6,0,0,RI(り単発)
ぞわり,4,17,1,3,2,8,zowaɾi,3,6,5,4,7,4,393.8,3.47,5,5274.7,6.74,6,mh,5,#FFFFFF,100.0,-0.0,0.0,4,6,0,0,RI(り単発)
ぞーっ,6,8,0,2,2,18,zoːʔ,4,4,6,6,6,3,731.6,5.04,5,7759.9,7.39,6,0,4,#F0FFFF,98.9,-4.9,-1.7,2,6,5,0,LONG(長音ー)
たたっ,6,8,0,1,1,2,tataʔ,5,8,6,6,5,4,485.8,4.00,8,8357.3,7.52,7,0,4,#000000,0.0,0.0,0.0,2,5,0,0,Q(促音単発)
たたーっ,6,8,0,1,1,18,tataːʔ,4,5,6,6,6,4,781.7,5.21,5,7218.2,7.27,6,0,4,#FF0000,53.2,80.1,67.2,2,6,5,0,LONG(長音ー)
たったっ,6,8,0,1,1,3,tattaʔ,5,7,5,6,5,5,372.0,3.33,7,6579.9,7.11,7,0,4,#000000,0.0,0.0,0.0,4,5,5,1,REDUP(畳語・同一)
たぷたぷ,6,8,0,5,1,1,taputapu,4,5,4,5,7,6,366.2,3.29,5,3449.1,6.01,6,0,4,#FFD700,86.9,-1.9,87.1,4,5,5,1,REDUP(畳語・同一)
たぽたぽ,6,8,0,5,1,1,tapotapo,4,5,4,4,7,6,391.4,3.45,5,2864.8,5.70,6,0,4,#4169E1,47.8,26.3,-65.3,4,5,5,1,REDUP(畳語・同一)
たらっ,6,8,0,1,1,2,taɾaʔ,4,7,6,5,7,3,536.5,4.25,7,7543.8,7.34,7,0,4,#000000,0.0,0.0,0.0,2,5,0,0,Q(促音単発)
たらり,4,17,1,1,1,8,taɾaɾi,3,6,5,3,8,4,465.1,3.89,5,3201.2,5.89,5,mh,5,#FFFFFF,100.0,-0.0,0.0,4,6,0,0,RI(り単発)
たらりたらり,4,17,1,1,1,9,taɾaɾitaɾaɾi,3,5,4,3,8,4,483.5,3.99,5,3050.2,5.81,5,mh,5,#FFFFFF,100.0,-0.0,0.0,4,5,5,1,REDUP(畳語・同一)
たらん,6,1,0,1,1,4,taɾaŋ,4,6,6,4,6,5,441.4,3.76,6,4138.3,6.32,6,0,4,#4169E1,47.8,26.3,-65.3,3,6,5,0,N(撥音単発)
たらーっ,6,8,0,1,1,18,taɾaːʔ,4,5,5,5,7,4,784.4,5.21,5,6652.3,7.13,6,mh,5,#FF0000,53.2,80.1,67.2,2,6,5,0,LONG(長音ー)
たをたを,6,8,0,1,1,1,taotao,4,5,3,4,6,6,391.3,3.45,4,2646.7,5.56,6,0,4,#BDB76B,73.4,-8.8,39.3,4,5,5,1,REDUP(畳語・同一)
たんたん,6,1,0,1,1,5,tantaŋ,5,6,5,4,5,6,373.7,3.34,5,4669.9,6.53,7,0,4,#FFFFFF,100.0,-0.0,0.0,4,5,5,1,REDUP(畳語・同一)
たんぽぽ,6,0,0,5,1,4,tampopo,4,5,4,4,7,6,248.7,2.31,5,2663.9,5.58,6,mh,5,#FF0000,53.2,80.1,67.2,5,5,5,8,COMPOUND(複合・異種)
たんまり,4,17,1,1,1,12,tammaɾi,4,4,5,4,7,6,248.2,2.30,5,1893.8,5.00,6,mh,5,#FFFFFF,100.0,-0.0,0.0,5,5,5,8,COMPOUND(複合・異種)
たーっ,6,8,0,1,1,18,taːʔ,4,5,6,6,6,4,832.1,5.36,5,7242.9,7.27,6,mh,5,#FF0000,53.2,80.1,67.2,2,7,5,0,LONG(長音ー)
たーっぷり,4,17,1,5,1,26,taːppuɾi,4,4,5,4,7,6,413.0,3.59,5,2617.5,5.55,7,mh,5,#4B3621,24.5,6.4,16.8,5,5,5,8,COMPOUND(複合・異種)
だだだっ,6,8,0,2,2,2,dadadaʔ,6,7,6,6,6,5,407.9,3.56,6,7265.4,7.28,8,0,4,#556B2F,42.2,-18.8,30.6,3,5,0,0,Q(促音単発)
だだーっ,6,8,0,2,2,18,dadaːʔ,5,4,5,5,6,4,672.2,4.82,4,6950.8,7.20,7,mh,5,#A5663E,49.3,21.4,32.9,3,6,5,0,LONG(長音ー)
だった,6,0,0,3,2,2,datta,6,5,5,5,6,6,228.4,2.09,6,4358.9,6.41,7,mh,5,#000000,0.0,0.0,0.0,5,5,0,8,COMPOUND(複合・異種)
だったっ,6,8,0,3,2,2,dattaʔ,6,8,7,7,5,4,421.3,3.64,8,8924.7,7.63,8,0,4,#000000,0.0,0.0,0.0,2,5,0,0,Q(促音単発)
だぼだぼ,6,8,0,2,2,1,dabodabo,6,4,3,4,7,7,187.0,1.58,3,3549.6,6.06,7,0,4,#191970,15.9,31.7,-49.6,4,5,5,1,REDUP(畳語・同一)
だらっ,6,8,0,3,2,2,daɾaʔ,5,7,6,5,7,4,489.2,4.02,7,7567.7,7.35,7,mh,5,#000000,0.0,0.0,0.0,3,5,0,0,Q(促音単発)
だらり,4,17,1,3,2,8,daɾaɾi,3,5,5,4,8,5,424.7,3.66,5,3333.5,5.96,6,mh,5,#FFFFFF,100.0,-0.0,0.0,4,6,0,0,RI(り単発)
だらん,6,1,0,3,2,4,daɾaŋ,5,6,6,4,6,5,388.8,3.44,5,4220.3,6.36,7,0,4,#556B2F,42.2,-18.8,30.6,3,6,5,0,N(撥音単発)
だらーん,6,1,0,3,2,20,daɾaːŋ,5,3,6,3,6,5,730.5,5.03,2,5628.8,6.85,6,mh,5,#556B2F,42.2,-18.8,30.6,3,7,5,0,LONG(長音ー)
だーっ,6,8,0,2,2,18,daːʔ,5,5,6,6,6,4,737.4,5.06,4,7270.6,7.28,7,mh,5,#FF0000,53.2,80.1,67.2,2,6,5,0,LONG(長音ー)
ちかちかっ,6,8,0,1,1,2,tɕikatɕikaʔ,4,8,7,7,4,2,1549.3,6.94,9,11597.1,8.07,7,0,4,#FFFF00,97.1,-21.6,94.5,3,5,0,0,Q(促音単発)
ちかっ,6,8,0,1,1,2,tɕikaʔ,4,8,7,7,5,2,1194.9,6.28,8,10519.3,7.91,7,0,4,#000000,0.0,0.0,0.0,2,5,0,0,Q(促音単発)
ちくたく,6,0,0,1,1,32,tɕikutaku,4,6,5,6,5,4,866.1,5.46,6,4100.1,6.31,6,0,4,#D3D3D3,84.6,-0.0,0.0,5,5,0,8,COMPOUND(複合・異種)
ちくっ,6,8,0,1,1,2,tɕikuʔ,4,8,7,8,5,3,1046.8,5.94,8,8916.7,7.63,7,0,4,#000000,0.0,0.0,0.0,2,5,0,0,Q(促音単発)
ちくり,4,17,1,1,1,8,tɕikuɾi,2,6,6,5,7,4,969.9,5.75,6,4722.4,6.55,5,0,4,#FFFFFF,100.0,-0.0,0.0,4,6,0,0,RI(り単発)
ちくん,6,1,0,1,1,4,tɕikuŋ,4,7,7,7,4,4,1047.8,5.95,7,5999.8,6.95,6,mc,3,#808080,53.6,-0.0,0.0,3,6,5,0,N(撥音単発)
ちちちち,6,8,0,1,1,1,tɕitɕitɕitɕi,3,6,5,7,4,5,1550.7,6.94,6,5582.5,6.83,6,0,4,#FFEBB1,93.4,-1.6,30.7,4,5,5,1,REDUP(畳語・同一)
ちちっかい,6,0,0,1,1,2,tɕitɕikkai,3,6,6,6,5,4,1380.9,6.65,7,5599.7,6.84,6,0,4,#FFD700,86.9,-1.9,87.1,5,5,0,8,COMPOUND(複合・異種)
ちちん,6,1,0,1,1,4,tɕitɕiŋ,3,7,7,7,4,4,1373.2,6.63,7,5673.1,6.86,7,mc,3,#F5F5F5,96.5,-0.0,0.0,3,6,5,0,N(撥音単発)
ちっ,6,8,0,1,1,2,tɕiʔ,4,8,7,8,5,3,1061.7,5.98,8,8604.7,7.57,7,0,4,#FFFFFF,100.0,-0.0,0.0,2,5,0,0,Q(促音単発)
ちっくたっく,6,0,0,1,1,2,tɕikkutakku,4,6,5,7,5,4,779.3,5.20,7,4314.6,6.39,6,0,4,#D3D3D3,84.6,-0.0,0.0,5,5,0,8,COMPOUND(複合・異種)
ちっちっ,6,8,0,1,1,3,tɕittɕiʔ,4,6,6,7,4,4,1133.6,6.15,6,5914.0,6.93,7,0,4,#FFFFFF,100.0,-0.0,0.0,4,5,5,1,REDUP(畳語・同一)
ちっちびーつつ,6,8,0,3,2,18,tɕittɕibiːtsutsu,3,4,6,7,6,4,1410.8,6.70,4,5817.7,6.90,6,0,4,#F5F5DC,95.9,-4.2,12.0,3,6,5,0,LONG(長音ー)
ちびりちびり,4,17,1,3,2,9,tɕibiɾitɕibiɾi,3,5,6,6,6,5,976.1,5.77,5,5104.3,6.68,6,0,4,#F5F5DC,95.9,-4.2,12.0,4,5,5,1,REDUP(畳語・同一)
ちゃかちゃか,6,8,0,1,1,1,tɕakatɕaka,3,7,5,3,5,4,1413.7,6.71,6,8430.9,7.53,6,0,4,#D3D3D3,84.6,-0.0,0.0,4,5,5,1,REDUP(畳語・同一)
ちゃきちゃき,6,8,0,1,1,1,tɕakitɕaki,3,7,6,4,4,4,1551.2,6.94,6,8849.4,7.61,6,0,4,#90EE90,86.5,-46.3,36.9,4,5,5,1,REDUP(畳語・同一)
ちゃっぷちゃっぷ,6,8,0,5,1,3,tɕapputɕappu,4,6,5,5,6,7,1005.7,5.84,5,6850.5,7.18,7,mh,5,#FFD700,86.9,-1.9,87.1,4,5,5,1,REDUP(畳語・同一)
ちゃぶちゃぶ,6,8,0,3,2,1,tɕabutɕabu,4,6,4,4,7,7,889.8,5.53,5,9149.5,7.67,7,0,4,#0000CD,25.0,67.2,-91.5,4,5,5,1,REDUP(畳語・同一)
ちゃぶん,6,1,0,3,2,4,tɕabuŋ,5,7,7,5,5,6,824.5,5.34,6,9186.9,7.68,7,0,4,#808080,53.6,-0.0,0.0,3,6,5,0,N(撥音単発)
ちゃぷちゃぷ,6,8,0,5,1,1,tɕaputɕapu,3,6,4,4,6,6,1070.0,6.00,5,6765.2,7.16,7,mh,5,#FF69B4,65.5,64.2,-10.6,4,5,5,1,REDUP(畳語・同一)
ちゃぼん,6,1,0,3,2,4,tɕaboŋ,4,7,6,5,5,6,863.5,5.46,6,7557.1,7.35,7,0,4,#808080,53.6,-0.0,0.0,3,6,5,0,N(撥音単発)
ちゃぽちゃぽ,6,8,0,5,1,1,tɕapotɕapo,3,6,4,3,6,6,1092.9,6.05,5,6478.3,7.09,6,mh,5,#FF69B4,65.5,64.2,-10.6,4,5,5,1,REDUP(畳語・同一)
ちゃりーん,6,1,0,1,1,20,tɕaɾiːŋ,3,5,7,5,5,4,1486.9,6.83,3,8564.5,7.56,6,0,4,#C0C0C0,77.7,-0.0,0.0,3,7,5,0,LONG(長音ー)
ちゅちゅ,6,8,0,1,1,1,tɕutɕu,3,5,5,6,7,6,1562.4,6.96,5,6122.5,6.99,6,0,4,#FFB6C1,81.1,28.0,5.0,4,5,5,1,REDUP(畳語・同一)
ちゅっちゅっ,6,8,0,1,1,3,tɕuttɕuʔ,4,6,6,7,6,5,1319.2,6.53,6,7040.5,7.23,7,mh,5,#FFB6C1,81.1,28.0,5.0,4,5,5,1,REDUP(畳語・同一)
ちゅんちゅく,6,0,0,1,1,4,tɕuntɕuku,3,5,5,6,7,5,1472.4,6.81,6,6372.3,7.06,6,mh,5,#FFFACD,97.6,-5.4,22.2,5,5,5,8,COMPOUND(複合・異種)
ちゅー,6,8,0,1,1,16,tɕuː,3,2,5,5,8,5,1582.7,6.99,1,6905.3,7.19,5,mh,5,#FFB6C1,81.1,28.0,5.0,2,7,5,0,LONG(長音ー)
ちょい,6,0,0,1,1,32,tɕoi,3,6,5,5,7,5,931.3,5.65,6,3644.4,6.11,6,mh,5,#FFFFFF,100.0,-0.0,0.0,5,5,0,8,COMPOUND(複合・異種)
ちょこちょこ,4,0,0,1,1,1,tɕokotɕoko,3,7,5,6,6,4,838.5,5.38,6,4090.0,6.30,6,0,4,#FFFFFF,100.0,-0.0,0.0,4,5,5,1,REDUP(畳語・同一)
ちょこちょこっ,6,8,0,1,1,2,tɕokotɕokoʔ,3,8,6,7,6,4,907.0,5.58,8,6290.1,7.04,7,0,4,#FFFFFF,100.0,-0.0,0.0,3,5,0,0,Q(促音単発)
ちょこなん,6,1,0,1,1,4,tɕokonaŋ,3,6,5,5,5,5,667.0,4.80,6,3158.8,5.87,6,mh,5,#FFFFFF,100.0,-0.0,0.0,5,5,5,8,COMPOUND(複合・異種)
ちょこまか,6,0,0,1,1,32,tɕokomaka,3,6,5,5,6,4,798.5,5.26,6,3175.6,5.87,5,mh,5,#FFFFFF,100.0,-0.0,0.0,5,5,0,8,COMPOUND(複合・異種)
ちょこん,6,1,0,1,1,4,tɕokoŋ,3,7,7,6,5,4,849.1,5.41,7,4658.0,6.52,7,0,4,#FFFFFF,100.0,-0.0,0.0,3,6,5,0,N(撥音単発)
ちょっきん,6,1,0,1,1,6,tɕokkiŋ,4,7,6,5,5,4,965.6,5.74,6,5582.0,6.83,7,mh,5,#000000,0.0,0.0,0.0,5,5,5,8,COMPOUND(複合・異種)
ちょっくらちょいと,6,0,0,1,1,2,tɕokkuɾatɕoito,3,6,5,5,7,4,940.7,5.67,7,3822.4,6.19,6,mh,5,#FFFFFF,100.0,-0.0,0.0,5,5,0,8,COMPOUND(複合・異種)
ちょっこり,4,17,1,1,1,10,tɕokkoɾi,3,6,5,5,7,4,762.7,5.14,6,3544.8,6.06,6,mh,5,#FFFFFF,100.0,-0.0,0.0,5,5,5,8,COMPOUND(複合・異種)
ちょっぴり,4,17,1,5,1,10,tɕoppiɾi,3,6,5,5,7,4,1016.4,5.87,6,4848.2,6.59,6,h,6,#FFFFFF,100.0,-0.0,0.0,5,5,5,8,COMPOUND(複合・異種)
ちょびりちょびり,4,17,1,3,2,9,tɕobiɾitɕobiɾi,3,6,5,5,7,5,1036.0,5.92,6,5130.6,6.69,6,0,4,#F5F5DC,95.9,-4.2,12.0,4,5,5,1,REDUP(畳語・同一)
ちょぼちょぼ,6,8,0,3,2,1,tɕobotɕobo,4,5,3,6,7,6,782.5,5.21,5,3947.1,6.24,7,mc,3,#708090,52.8,-2.1,-10.6,4,5,5,1,REDUP(畳語・同一)
ちょぼっ,6,8,0,3,2,2,tɕoboʔ,4,7,6,7,6,4,811.9,5.30,8,7387.8,7.31,7,0,4,#000000,0.0,0.0,0.0,3,5,0,0,Q(促音単発)
ちょろっ,6,8,0,1,1,2,tɕoɾoʔ,3,8,6,6,6,4,847.3,5.41,8,6486.5,7.09,7,0,4,#000000,0.0,0.0,0.0,3,5,0,0,Q(促音単発)
ちょろりっ,6,8,0,1,1,2,tɕoɾoɾiʔ,3,8,6,6,6,4,1048.1,5.95,8,6743.1,7.15,7,0,4,#F0F8FF,97.2,-1.3,-4.3,3,5,0,0,Q(促音単発)
ちょん,6,1,0,1,1,4,tɕoŋ,4,7,7,6,5,5,890.6,5.54,7,5363.1,6.76,7,0,4,#808080,53.6,-0.0,0.0,3,6,5,0,N(撥音単発)
ちょんちょん,6,1,0,1,1,5,tɕontɕoŋ,3,7,6,5,5,5,984.8,5.79,6,5878.7,6.92,7,0,4,#8B0000,28.1,51.0,41.3,4,5,5,1,REDUP(畳語・同一)
ちよちよ,6,8,0,1,1,1,tɕijotɕijo,3,5,4,5,6,6,999.4,5.83,4,3299.6,5.94,5,0,4,#FFFACD,97.6,-5.4,22.2,4,5,5,1,REDUP(畳語・同一)
ちらちらっ,6,8,0,1,1,2,tɕiɾatɕiɾaʔ,3,7,6,5,6,2,1250.7,6.40,7,9439.9,7.72,6,0,4,#FFFFFF,100.0,-0.0,0.0,3,5,0,0,Q(促音単発)
ちらっ,6,8,0,1,1,2,tɕiɾaʔ,3,8,6,6,6,3,1020.4,5.88,7,9027.3,7.65,6,0,4,#000000,0.0,0.0,0.0,2,5,0,0,Q(促音単発)
ちらり,4,17,1,1,1,8,tɕiɾaɾi,2,6,5,4,8,4,916.8,5.61,5,4536.3,6.48,5,mh,5,#FFFFFF,100.0,-0.0,0.0,4,6,0,0,RI(り単発)
ちらりほらり,4,17,1,1,1,8,tɕiɾaɾihoɾaɾi,2,6,5,3,8,3,933.7,5.66,5,4231.8,6.36,4,mh,5,#F5F5F5,96.5,-0.0,0.0,4,6,0,0,RI(り単発)
ちりちり,4,17,1,1,1,9,tɕiɾitɕiɾi,3,6,6,6,5,4,1271.5,6.44,6,5466.8,6.80,6,0,4,#FFFFFF,100.0,-0.0,0.0,4,5,5,1,REDUP(畳語・同一)
ちりっ,6,8,0,1,1,2,tɕiɾiʔ,4,8,7,8,4,3,1244.0,6.38,8,8999.5,7.64,7,0,4,#000000,0.0,0.0,0.0,2,5,0,0,Q(促音単発)
ちりりん,6,1,0,1,1,4,tɕiɾiɾiŋ,3,7,8,7,4,3,1429.2,6.73,7,7177.3,7.26,7,mc,3,#C0C0C0,77.7,-0.0,0.0,3,6,5,0,N(撥音単発)
ちりん,6,1,0,1,1,4,tɕiɾiŋ,3,7,8,7,4,4,1355.7,6.60,7,6489.0,7.09,7,mc,3,#C0C0C0,77.7,-0.0,0.0,3,6,5,0,N(撥音単発)
ちりんちりん,6,1,0,1,1,5,tɕiɾintɕiɾiŋ,3,6,7,6,4,4,1616.8,7.04,5,7570.6,7.35,7,0,4,#C0C0C0,77.7,-0.0,0.0,4,5,5,1,REDUP(畳語・同一)
ちろちろ,6,8,0,1,1,1,tɕiɾotɕiɾo,3,5,5,5,6,5,1158.4,6.20,4,4015.9,6.27,6,mc,3,#C0C0C0,77.7,-0.0,0.0,4,5,5,1,REDUP(畳語・同一)
ちろり,4,17,1,1,1,8,tɕiɾoɾi,2,6,6,4,7,4,926.3,5.63,5,3955.2,6.25,6,mh,5,#FFFFFF,100.0,-0.0,0.0,4,6,0,0,RI(り単発)
ちろりっ,6,8,0,1,1,2,tɕiɾoɾiʔ,4,7,7,7,5,3,1207.1,6.31,7,7879.3,7.42,7,0,4,#000000,0.0,0.0,0.0,3,5,0,0,Q(促音単発)
ちろりん,6,1,0,1,1,4,tɕiɾoɾiŋ,3,6,7,6,5,4,1300.2,6.49,6,5590.2,6.83,6,mc,3,#C0C0C0,77.7,-0.0,0.0,3,6,5,0,N(撥音単発)
ちんちん,6,1,0,1,1,5,tɕintɕiŋ,4,6,6,6,4,4,1307.4,6.51,5,6480.1,7.09,6,0,4,#C0C0C0,77.7,-0.0,0.0,4,5,5,1,REDUP(畳語・同一)
ちんとんしゃん,6,1,0,1,1,4,tɕintoŋɕaŋ,4,6,6,5,5,5,739.0,5.06,6,6085.2,6.98,7,0,4,#FF0000,53.2,80.1,67.2,5,5,5,8,COMPOUND(複合・異種)
ちーちー,6,8,0,1,1,17,tɕiːtɕiː,3,4,5,6,5,4,1617.0,7.05,3,6124.3,6.99,5,0,4,#FFB6C1,81.1,28.0,5.0,4,5,5,1,REDUP(畳語・同一)
ちーちーぱっぱ,6,8,0,5,1,18,tɕiːtɕiːpappa,2,4,6,5,6,4,1755.1,7.25,3,8234.3,7.49,5,0,4,#FFD700,86.9,-1.9,87.1,3,7,5,0,LONG(長音ー)
ちーん,6,1,0,1,1,20,tɕiːŋ,3,4,6,5,5,4,1365.7,6.62,3,7001.8,7.22,6,0,4,#FFFF00,97.1,-21.6,94.5,3,7,5,0,LONG(長音ー)
つか,6,0,0,1,1,32,tsuka,4,5,5,4,6,4,525.6,4.20,5,3921.8,6.23,6,mh,5,#8B0000,28.1,51.0,41.3,5,5,0,8,COMPOUND(複合・異種)
つくつくほーし,6,8,0,1,1,16,tsukutsukuhoːɕi,3,3,5,5,7,4,838.8,5.38,3,4298.3,6.39,5,mh,5,#4B0082,20.5,51.7,-53.3,3,6,5,0,LONG(長音ー)
つけつけ,6,8,0,1,1,1,tsuketsuke,3,5,6,4,6,4,661.7,4.78,5,4946.5,6.63,5,mh,5,#FF4500,57.6,67.8,69.0,4,5,5,1,REDUP(畳語・同一)
つっ,6,8,0,1,1,2,tsuʔ,4,8,7,7,5,3,608.8,4.57,8,8068.0,7.46,7,0,4,#FF0000,53.2,80.1,67.2,2,5,0,0,Q(促音単発)
つつ,6,0,0,1,1,32,tsutsu,4,5,5,6,6,5,465.7,3.89,5,2908.9,5.73,7,mh,5,#708090,52.8,-2.1,-10.6,5,5,0,8,COMPOUND(複合・異種)
つつっ,6,8,0,1,1,2,tsutsuʔ,4,8,7,7,5,4,590.0,4.49,8,7324.9,7.29,7,0,4,#000000,0.0,0.0,0.0,3,5,0,0,Q(促音単発)
つつーっ,6,8,0,1,1,18,tsutsuːʔ,4,5,6,6,6,4,844.1,5.40,5,6512.6,7.09,6,mh,5,#F0FFFF,98.9,-4.9,-1.7,3,6,5,0,LONG(長音ー)
つづりさせ,6,0,0,3,2,32,tsuzuɾisase,4,5,5,6,6,4,582.7,4.46,5,4313.8,6.39,6,0,4,#4B0082,20.5,51.7,-53.3,5,5,5,8,COMPOUND(複合・異種)
つべつべ,6,8,0,3,2,1,tsubetsube,4,4,5,5,6,6,495.3,4.05,4,3985.4,6.26,6,mh,5,#DAA520,70.8,8.5,68.8,4,5,5,1,REDUP(畳語・同一)
つべらこべら,6,0,0,3,2,32,tsubeɾakobeɾa,4,5,5,4,7,4,464.2,3.89,5,5476.2,6.80,6,mh,5,#FF8C00,69.5,36.8,75.5,5,5,0,8,COMPOUND(複合・異種)
つるっ,6,8,0,1,1,2,tsuɾuʔ,4,7,6,6,6,4,565.0,4.38,7,7014.0,7.22,7,0,4,#000000,0.0,0.0,0.0,3,5,0,0,Q(促音単発)
つるつるっ,6,8,0,1,1,2,tsuɾutsuɾuʔ,3,6,6,5,7,4,528.7,4.22,6,5619.1,6.84,7,0,4,#F0FFFF,98.9,-4.9,-1.7,3,5,0,0,Q(促音単発)
つるてん,6,1,0,1,1,4,tsuɾuteŋ,4,6,6,5,6,5,473.1,3.93,5,2730.2,5.62,6,mc,3,#808080,53.6,-0.0,0.0,3,6,5,0,N(撥音単発)
つるり,4,17,1,1,1,8,tsuɾuɾi,3,5,6,4,8,5,493.6,4.04,5,3051.3,5.81,6,mh,5,#F0FFFF,98.9,-4.9,-1.7,4,6,0,0,RI(り単発)
つるりっ,6,8,0,1,1,2,tsuɾuɾiʔ,4,7,7,6,6,4,752.6,5.11,7,6843.3,7.18,7,0,4,#F0FFFF,98.9,-4.9,-1.7,3,5,0,0,Q(促音単発)
つるりん,6,1,0,1,1,4,tsuɾuɾiŋ,3,6,7,5,5,5,787.3,5.22,6,4369.1,6.42,6,mc,3,#F0FFFF,98.9,-4.9,-1.7,3,6,5,0,N(撥音単発)
つるん,6,1,0,1,1,4,tsuɾuŋ,4,6,7,5,5,5,509.2,4.12,6,4145.6,6.33,6,0,4,#F0FFFF,98.9,-4.9,-1.7,3,6,5,0,N(撥音単発)
つんけん,6,1,0,1,1,4,tsuŋkeŋ,4,7,8,6,4,4,573.8,4.42,6,5500.0,6.81,7,0,4,#FFFFFF,100.0,-0.0,0.0,3,6,5,0,N(撥音単発)
つんつるてん,6,1,0,1,1,4,tsuntsuɾuteŋ,4,5,6,5,6,5,368.1,3.30,5,2602.3,5.54,6,0,4,#FFFFFF,100.0,-0.0,0.0,5,5,5,8,COMPOUND(複合・異種)
つーっ,6,8,0,1,1,18,tsuːʔ,4,4,6,6,6,4,880.2,5.51,4,7079.6,7.24,6,mh,5,#F0FFFF,98.9,-4.9,-1.7,2,6,5,0,LONG(長音ー)
つーつー,6,8,0,1,1,17,tsuːtsuː,4,3,5,4,6,5,769.8,5.17,2,4352.7,6.41,6,mh,5,#F5F5F5,96.5,-0.0,0.0,4,5,5,1,REDUP(畳語・同一)
つーん,6,1,0,1,1,20,tsuːŋ,4,4,6,5,5,4,887.5,5.53,2,6017.1,6.96,6,0,4,#E3C894,81.7,2.1,29.5,3,7,5,0,LONG(長音ー)
てっぺんかけたか,6,0,0,5,1,6,teppeŋkaketaka,4,6,5,4,6,3,515.1,4.15,6,4631.1,6.51,6,mh,5,#FFD700,86.9,-1.9,87.1,5,5,5,8,COMPOUND(複合・異種)
てふてふ,6,8,0,1,1,1,teɸuteɸu,3,4,3,4,7,5,433.3,3.71,4,2587.0,5.53,6,0,4,#708090,52.8,-2.1,-10.6,4,5,5,1,REDUP(畳語・同一)
てれっ,6,8,0,1,1,2,teɾeʔ,4,7,6,6,6,4,565.1,4.38,7,7264.5,7.28,7,0,4,#000000,0.0,0.0,0.0,2,5,0,0,Q(促音単発)
てれつく,6,0,0,1,1,32,teɾetsuku,4,4,5,5,6,6,359.6,3.24,5,1761.9,4.87,7,mh,5,#4B0082,20.5,51.7,-53.3,5,5,0,8,COMPOUND(複合・異種)
てんてん,6,1,0,1,1,5,tenteŋ,4,5,5,4,6,5,459.6,3.86,4,2667.7,5.58,6,0,4,#BEBEBE,77.0,-0.0,0.0,4,5,5,1,REDUP(畳語・同一)
でくでく,6,8,0,3,2,1,dekudeku,5,4,5,4,6,6,364.4,3.27,4,3184.0,5.88,7,0,4,#708090,52.8,-2.1,-10.6,4,5,5,1,REDUP(畳語・同一)
でこでこ,6,8,0,3,2,1,dekodeko,5,5,5,4,5,5,387.6,3.43,4,3420.4,6.00,6,0,4,#000000,0.0,0.0,0.0,4,5,5,1,REDUP(畳語・同一)
でれり,4,17,1,3,2,8,deɾeɾi,4,5,5,4,7,5,451.5,3.82,5,3699.8,6.13,6,mh,5,#FFFFFF,100.0,-0.0,0.0,4,6,0,0,RI(り単発)
でれーっ,6,8,0,3,2,18,deɾeːʔ,4,4,5,6,6,4,742.8,5.08,4,6417.2,7.07,7,mh,5,#FFC0CB,83.6,24.1,3.3,2,6,5,0,LONG(長音ー)
でんでん,6,1,0,2,2,5,dendeŋ,5,4,6,4,5,5,336.1,3.07,4,3727.2,6.15,7,0,4,#000000,0.0,0.0,0.0,4,5,5,1,REDUP(畳語・同一)
でーん,6,1,0,2,2,20,deːŋ,5,3,6,5,5,5,762.7,5.14,2,5648.3,6.85,6,0,4,#77321E,30.2,28.8,27.1,3,7,5,0,LONG(長音ー)
とうてんこう,6,0,0,1,2,4,touteŋkou,4,4,4,4,6,5,304.5,2.82,5,1296.0,4.35,6,0,4,#708090,52.8,-2.1,-10.6,5,5,5,8,COMPOUND(複合・異種)
とくとく,6,8,0,1,1,1,tokutoku,4,5,4,5,6,5,344.0,3.13,5,2576.4,5.52,6,0,4,#FFFFFF,100.0,-0.0,0.0,4,5,5,1,REDUP(畳語・同一)
とげとげ,6,8,0,3,2,1,toɡetoɡe,5,4,4,4,6,6,329.9,3.02,4,2640.4,5.56,6,0,4,#DAA520,70.8,8.5,68.8,4,5,5,1,REDUP(畳語・同一)
とってこう,6,0,0,1,2,2,tottekou,4,5,5,4,6,5,354.4,3.20,6,2259.5,5.30,6,mh,5,#8B4513,37.5,26.4,41.0,5,5,0,8,COMPOUND(複合・異種)
とっぷり,4,17,1,5,1,10,toppuɾi,4,4,5,5,7,6,332.9,3.04,5,2246.5,5.29,7,mh,5,#000080,13.0,47.5,-64.7,5,5,5,8,COMPOUND(複合・異種)
ととと,6,0,0,1,1,32,tototo,5,4,4,5,6,5,316.7,2.92,6,2753.0,5.63,7,0,4,#FFFFFF,100.0,-0.0,0.0,5,5,0,8,COMPOUND(複合・異種)
ととんとんとん,6,1,0,1,1,4,totontontoŋ,5,5,5,5,5,5,319.2,2.94,5,3349.7,5.96,7,0,4,#A0522D,43.8,29.3,35.6,4,5,5,8,COMPOUND(複合・異種)
とろっ,6,8,0,1,1,2,toɾoʔ,4,7,6,6,6,4,490.1,4.02,7,6229.8,7.02,7,0,4,#000000,0.0,0.0,0.0,2,5,0,0,Q(促音単発)
とろり,4,17,1,1,1,8,toɾoɾi,3,5,5,4,8,5,459.2,3.86,5,2646.5,5.56,6,mh,5,#FFFFFF,100.0,-0.0,0.0,4,6,0,0,RI(り単発)
とろん,6,1,0,1,1,4,toɾoŋ,4,6,6,5,6,6,420.8,3.64,6,3478.7,6.03,7,0,4,#808080,53.6,-0.0,0.0,3,6,5,0,N(撥音単発)
とろーり,4,17,1,1,1,24,toɾoːɾi,3,4,5,4,8,5,479.6,3.97,4,2648.3,5.57,6,mh,5,#FFFFFF,100.0,-0.0,0.0,4,6,0,0,RI(り単発)
とをてくう,6,0,0,1,2,32,tootekuu,4,4,4,5,6,6,294.9,2.74,4,1340.3,4.41,6,0,4,#F5F5DC,95.9,-4.2,12.0,5,5,0,8,COMPOUND(複合・異種)
とをるもう,6,0,0,1,2,32,tooɾumou,4,3,3,4,7,6,264.8,2.47,4,898.2,3.73,6,0,4,#8B4513,37.5,26.4,41.0,5,5,0,8,COMPOUND(複合・異種)
どうどう,6,8,0,3,2,1,doudou,6,4,4,5,6,6,257.9,2.40,4,5964.4,6.94,6,0,4,#A9A9A9,69.2,-0.0,0.0,4,5,5,1,REDUP(畳語・同一)
どおかああん,6,1,0,3,2,4,dookaaaŋ,6,5,5,4,5,5,138.6,0.83,5,4626.3,6.51,6,mh,5,#000000,0.0,0.0,0.0,5,5,5,8,COMPOUND(複合・異種)
どかーん,6,1,0,3,2,20,dokaːŋ,5,4,7,4,5,4,668.7,4.81,3,8501.9,7.55,6,mh,5,#DAA520,70.8,8.5,68.8,3,7,5,0,LONG(長音ー)
どがん,6,1,0,2,2,4,doɡaŋ,6,7,7,6,4,5,268.0,2.50,6,6768.2,7.16,7,0,4,#808080,53.6,-0.0,0.0,3,6,5,0,N(撥音単発)
どきり,4,17,1,3,2,8,dokiɾi,4,7,7,5,6,4,592.6,4.50,7,7744.1,7.39,7,mh,5,#FFFFFF,100.0,-0.0,0.0,4,6,0,0,RI(り単発)
どきん,6,1,0,3,2,4,dokiŋ,5,7,8,6,4,5,586.7,4.48,7,8303.2,7.51,7,0,4,#FFD700,86.9,-1.9,87.1,3,6,5,0,N(撥音単発)
どきんどきん,6,1,0,3,2,5,dokindokiŋ,6,6,7,6,4,5,549.6,4.31,5,9601.9,7.75,7,mh,5,#FF4500,57.6,67.8,69.0,4,5,5,1,REDUP(畳語・同一)
どくどく,6,8,0,3,2,1,dokudoku,6,5,4,6,5,6,174.2,1.41,5,5643.2,6.85,7,0,4,#4B0082,20.5,51.7,-53.3,4,5,5,1,REDUP(畳語・同一)
どさっ,6,8,0,3,2,2,dosaʔ,6,8,7,6,6,3,462.2,3.88,8,10731.3,7.94,7,0,4,#000000,0.0,0.0,0.0,2,5,0,0,Q(促音単発)
どさどさ,6,8,0,3,2,1,dosadosa,6,5,4,4,6,4,350.4,3.17,5,9136.7,7.67,5,0,4,#8B4513,37.5,26.4,41.0,4,5,5,1,REDUP(畳語・同一)
どさどさっ,6,8,0,3,2,2,dosadosaʔ,6,8,6,6,6,3,423.2,3.65,8,11533.3,8.06,7,0,4,#000000,0.0,0.0,0.0,3,5,0,0,Q(促音単発)
どさり,4,17,1,3,2,8,dosaɾi,4,6,6,4,7,4,423.3,3.65,6,6255.4,7.03,6,mh,5,#FFFFFF,100.0,-0.0,0.0,4,6,0,0,RI(り単発)
どさん,6,1,0,3,2,4,dosaŋ,6,7,7,5,5,4,393.4,3.47,7,8161.9,7.48,7,0,4,#808080,53.6,-0.0,0.0,3,6,5,0,N(撥音単発)
どしっ,6,8,0,3,2,2,doɕiʔ,6,8,7,7,5,4,517.4,4.16,8,11064.4,7.99,8,0,4,#000000,0.0,0.0,0.0,2,5,0,0,Q(促音単発)
どしん,6,1,0,3,2,4,doɕiŋ,6,7,8,6,4,5,452.7,3.82,7,8700.7,7.59,7,mc,3,#000000,0.0,0.0,0.0,3,6,5,0,N(撥音単発)
どしーん,6,1,0,3,2,20,doɕiːŋ,5,5,7,5,5,4,878.9,5.50,3,9905.7,7.81,6,0,4,#000000,0.0,0.0,0.0,3,7,5,0,LONG(長音ー)
どすどす,6,8,0,3,2,1,dosudosu,6,5,5,5,6,4,343.3,3.12,5,9016.3,7.65,6,0,4,#2F4F4F,31.3,-11.7,-3.7,4,5,5,1,REDUP(畳語・同一)
どすん,6,1,0,3,2,4,dosuŋ,6,7,7,6,5,4,341.7,3.11,7,9133.1,7.67,7,0,4,#2F4F4F,31.3,-11.7,-3.7,3,6,5,0,N(撥音単発)
どすんどしん,6,1,0,3,2,4,dosundoɕiŋ,7,6,7,6,4,5,218.1,1.97,6,9764.5,7.78,7,0,4,#2F4F4F,31.3,-11.7,-3.7,5,5,5,8,COMPOUND(複合・異種)
どすーん,6,1,0,3,2,20,dosuːŋ,5,4,6,5,5,4,681.8,4.86,3,9060.7,7.66,6,0,4,#2F4F4F,31.3,-11.7,-3.7,3,7,5,0,LONG(長音ー)
どたっ,6,8,0,3,2,2,dotaʔ,6,8,7,7,5,4,365.1,3.28,8,9978.3,7.82,8,0,4,#000000,0.0,0.0,0.0,2,5,0,0,Q(促音単発)
どたどた,6,8,0,3,2,1,dotadota,6,6,4,4,6,6,202.8,1.79,5,6877.2,7.19,7,0,4,#8B4513,37.5,26.4,41.0,4,5,5,1,REDUP(畳語・同一)
どたり,4,17,1,3,2,8,dotaɾi,4,6,6,5,7,5,320.4,2.95,6,5315.9,6.75,6,mh,5,#FFFFFF,100.0,-0.0,0.0,4,6,0,0,RI(り単発)
どたりばたり,4,17,1,3,2,8,dotaɾibataɾi,5,7,6,5,6,5,320.2,2.95,7,6244.4,7.02,6,mh,5,#8B4513,37.5,26.4,41.0,4,6,0,0,RI(り単発)
どたん,6,1,0,3,2,4,dotaŋ,6,7,7,6,5,5,301.3,2.79,7,6957.6,7.21,7,0,4,#808080,53.6,-0.0,0.0,3,6,5,0,N(撥音単発)
どたんばたん,6,1,0,3,2,4,dotambataŋ,7,6,6,5,5,6,100.0,0.00,6,6921.5,7.20,7,mh,5,#8B4513,37.5,26.4,41.0,5,5,5,8,COMPOUND(複合・異種)
どたーっ,6,8,0,3,2,18,dotaːʔ,5,5,6,6,6,4,660.8,4.78,5,8787.6,7.60,7,mh,5,#FF0000,53.2,80.1,67.2,2,6,5,0,LONG(長音ー)
どたーん,6,1,0,3,2,20,dotaːŋ,6,4,6,4,5,5,645.0,4.72,3,7987.6,7.44,6,0,4,#FFD700,86.9,-1.9,87.1,3,7,5,0,LONG(長音ー)
どっ,6,8,0,2,2,2,doʔ,6,8,7,7,5,4,416.7,3.61,8,9557.9,7.75,8,0,4,#000000,0.0,0.0,0.0,2,5,0,0,Q(促音単発)
どっか,6,0,0,3,2,2,dokka,6,6,6,5,6,4,283.1,2.63,7,5908.9,6.93,7,mh,5,#000000,0.0,0.0,0.0,5,5,0,8,COMPOUND(複合・異種)
どッキリ,6,0,0,3,2,10,doʔキリ,6,5,5,6,6,5,276.2,2.57,6,6432.6,7.07,7,0,4,#000000,0.0,0.0,0.0,5,5,0,8,COMPOUND(複合・異種)
どっきん,6,1,0,3,2,6,dokkiŋ,6,7,8,6,4,4,622.0,4.63,7,8520.6,7.55,8,0,4,#FFD700,86.9,-1.9,87.1,3,6,5,0,N(撥音単発)
どっきんどっきん,6,1,0,3,2,7,dokkindokkiŋ,6,7,7,5,4,4,600.0,4.54,6,9808.2,7.79,8,mh,5,#FFD700,86.9,-1.9,87.1,4,5,5,1,REDUP(畳語・同一)
どてっ,6,8,0,3,2,2,doteʔ,6,7,6,7,5,4,398.3,3.50,8,9081.2,7.66,8,0,4,#000000,0.0,0.0,0.0,2,5,0,0,Q(促音単発)
どてん,6,1,0,3,2,4,doteŋ,6,6,7,6,5,5,312.8,2.89,6,5563.8,6.83,7,mc,3,#808080,53.6,-0.0,0.0,3,6,5,0,N(撥音単発)
どでっ,6,8,0,2,2,2,dodeʔ,6,7,6,7,5,4,419.4,3.63,8,9680.5,7.77,8,0,4,#000000,0.0,0.0,0.0,2,5,0,0,Q(促音単発)
どどっ,6,8,0,2,2,2,dodoʔ,6,8,7,7,5,4,344.9,3.13,8,10207.1,7.86,8,0,4,#000000,0.0,0.0,0.0,2,5,0,0,Q(促音単発)
どどん,6,1,0,2,2,4,dodoŋ,6,7,7,6,4,5,256.6,2.39,7,8059.4,7.46,8,0,4,#808080,53.6,-0.0,0.0,3,6,5,0,N(撥音単発)
どばっ,6,8,0,2,2,2,dobaʔ,6,8,7,6,5,4,383.7,3.40,8,11267.0,8.03,8,mh,5,#FF8C00,69.5,36.8,75.5,2,5,0,0,Q(促音単発)
どばーっ,6,8,0,2,2,18,dobaːʔ,6,5,6,6,6,4,659.7,4.78,5,10165.5,7.85,7,mh,5,#FF0000,53.2,80.1,67.2,2,6,5,0,LONG(長音ー)
どぶどぶ,6,8,0,2,2,1,dobudobu,7,5,4,5,7,7,152.9,1.07,4,8859.5,7.62,7,0,4,#191970,15.9,31.7,-49.6,4,5,5,1,REDUP(畳語・同一)
どぶり,4,17,1,3,2,8,dobuɾi,5,6,6,5,7,6,280.3,2.61,6,6848.1,7.18,7,mh,5,#FFFFFF,100.0,-0.0,0.0,4,6,0,0,RI(り単発)
どろっ,6,8,0,3,2,2,doɾoʔ,5,7,7,6,6,4,365.8,3.28,8,8083.5,7.46,8,0,4,#000000,0.0,0.0,0.0,2,5,0,0,Q(促音単発)
どろり,4,17,1,3,2,8,doɾoɾi,4,5,5,4,8,5,342.5,3.12,6,4383.2,6.42,6,mh,5,#FFFFFF,100.0,-0.0,0.0,4,6,0,0,RI(り単発)
どろーり,4,17,1,3,2,24,doɾoːɾi,4,5,6,4,8,5,360.9,3.25,5,4413.6,6.43,6,mh,5,#FFFFFF,100.0,-0.0,0.0,4,6,0,0,RI(り単発)
どん,6,1,0,2,2,4,doŋ,6,7,7,6,4,5,327.2,3.00,7,7312.8,7.29,7,0,4,#808080,53.6,-0.0,0.0,3,6,5,0,N(撥音単発)
どんどどん,6,1,0,2,2,4,dondodoŋ,7,6,6,6,4,6,100.0,0.00,6,7897.4,7.42,8,mh,5,#8B0000,28.1,51.0,41.3,5,5,5,8,COMPOUND(複合・異種)
どんぴしゃり,4,17,1,7,2,12,dompiɕaɾi,5,6,6,5,6,5,549.8,4.31,6,7868.0,7.42,7,mh,5,#FFFFFF,100.0,-0.0,0.0,5,5,5,8,COMPOUND(複合・異種)
どーっ,6,8,0,2,2,18,doːʔ,5,5,6,6,6,4,695.3,4.91,5,9061.0,7.66,7,mh,5,#F0FFFF,98.9,-4.9,-1.7,2,7,5,0,LONG(長音ー)
どーど,6,8,0,2,2,16,doːdo,5,3,5,5,7,5,661.3,4.78,2,8063.4,7.46,6,0,4,#FFD700,86.9,-1.9,87.1,2,7,5,0,LONG(長音ー)
どーん,6,1,0,2,2,20,doːŋ,5,4,6,5,5,5,684.5,4.87,3,8199.4,7.49,6,0,4,#FFFF00,97.1,-21.6,94.5,3,7,5,0,LONG(長音ー)
にこ,6,0,0,1,1,32,niko,3,5,5,5,6,5,757.0,5.12,5,2141.8,5.21,6,mh,5,#FFFF00,97.1,-21.6,94.5,5,5,0,8,COMPOUND(複合・異種)
にこー,6,8,0,1,1,16,nikoː,3,3,5,4,7,4,1162.7,6.21,2,4981.5,6.64,5,mh,5,#FF0000,53.2,80.1,67.2,2,7,5,0,LONG(長音ー)
にたりにたり,4,17,1,1,1,9,nitaɾinitaɾi,3,5,4,5,6,5,554.5,4.34,5,2371.2,5.38,6,0,4,#9ACD32,76.5,-38.0,66.6,4,5,5,1,REDUP(畳語・同一)
にちゃにちゃ,6,8,0,1,1,1,nitɕanitɕa,3,5,4,4,5,6,1175.1,6.24,5,5930.2,6.93,7,0,4,#FFC0CB,83.6,24.1,3.3,4,5,5,1,REDUP(畳語・同一)
にっこ,6,0,0,1,1,2,nikko,4,6,5,5,6,4,708.9,4.96,6,3064.5,5.81,7,mh,5,#FF0000,53.2,80.1,67.2,5,5,0,8,COMPOUND(複合・異種)
にっこにこ,6,0,0,1,1,2,nikkoniko,3,6,5,5,6,4,900.0,5.56,6,3279.6,5.93,6,mh,5,#FFFF00,97.1,-21.6,94.5,5,5,0,8,COMPOUND(複合・異種)
にっこり,4,17,1,1,1,10,nikkoɾi,3,5,5,5,6,4,665.0,4.80,6,2774.3,5.64,6,mh,5,#FFFFFF,100.0,-0.0,0.0,5,5,5,8,COMPOUND(複合・異種)
にゃごにゃご,6,8,0,3,2,1,ɲaɡoɲaɡo,4,4,3,4,6,6,369.0,3.31,3,3822.6,6.19,7,0,4,#ADFF2F,92.0,-52.5,81.9,4,5,5,1,REDUP(畳語・同一)
にゃごーにゃごー,6,8,0,3,2,17,ɲaɡoːɲaɡoː,5,4,4,3,7,6,437.6,3.74,2,4218.6,6.36,7,0,4,#4682B4,52.5,-4.1,-32.2,4,5,5,1,REDUP(畳語・同一)
にゃん,6,1,0,1,1,4,ɲaŋ,4,6,6,5,5,6,546.5,4.30,5,5423.5,6.78,7,0,4,#808080,53.6,-0.0,0.0,3,6,5,0,N(撥音単発)
にゃんにゃん,6,1,0,1,1,5,ɲanɲaŋ,4,5,5,3,6,7,489.6,4.02,4,5479.7,6.80,7,mh,5,#FFB6C1,81.1,28.0,5.0,4,5,5,1,REDUP(畳語・同一)
にゃーごにゃーご,6,8,0,3,2,17,ɲaːɡoɲaːɡo,5,4,4,3,7,6,544.0,4.29,2,4541.1,6.48,7,0,4,#FFB6C1,81.1,28.0,5.0,4,5,5,1,REDUP(畳語・同一)
にやっ,6,8,0,1,1,2,nijaʔ,4,7,6,6,6,4,659.8,4.78,7,7009.8,7.22,7,0,4,#F0E68C,90.3,-9.0,45.0,3,5,0,0,Q(促音単発)
にやりにやり,4,17,1,1,1,9,nijaɾinijaɾi,3,4,4,4,7,5,653.0,4.75,4,2593.7,5.53,6,0,4,#FFFFFF,100.0,-0.0,0.0,4,5,5,1,REDUP(畳語・同一)
にやーっ,6,8,0,1,1,18,nijaːʔ,3,4,5,5,7,4,912.4,5.60,4,6332.4,7.05,6,mh,5,#F0E68C,90.3,-9.0,45.0,3,6,5,0,LONG(長音ー)
にゅっ,6,8,0,1,1,2,ɲuʔ,4,7,6,7,6,4,636.2,4.68,7,7561.6,7.35,8,0,4,#000000,0.0,0.0,0.0,2,5,0,0,Q(促音単発)
にゅるっ,6,8,0,1,1,2,ɲuɾuʔ,4,7,6,7,6,4,575.2,4.43,7,6693.8,7.14,7,0,4,#556B2F,42.2,-18.8,30.6,3,5,0,0,Q(促音単発)
にゅるり,4,17,1,1,1,8,ɲuɾuɾi,3,5,5,5,8,5,508.9,4.12,5,3068.9,5.82,6,0,4,#556B2F,42.2,-18.8,30.6,4,6,0,0,RI(り単発)
にゅー,6,8,0,1,1,16,ɲuː,3,2,5,5,7,5,978.6,5.77,1,5521.2,6.81,6,0,4,#FF4500,57.6,67.8,69.0,2,7,5,0,LONG(長音ー)
にゅーっ,6,8,0,1,1,18,ɲuːʔ,4,4,5,6,7,4,891.3,5.54,4,6734.4,7.15,7,0,4,#F0FFFF,98.9,-4.9,-1.7,2,6,5,0,LONG(長音ー)
にょきっ,6,8,0,1,1,2,ɲokiʔ,4,7,7,7,5,4,760.7,5.14,7,7697.5,7.38,7,0,4,#32CD32,72.6,-67.1,61.4,3,5,0,0,Q(促音単発)
にょっき,6,0,0,1,1,2,ɲokki,4,6,6,5,6,4,671.3,4.82,6,4963.4,6.63,7,mh,5,#000000,0.0,0.0,0.0,5,5,0,8,COMPOUND(複合・異種)
にょっきり,4,17,1,1,1,10,ɲokkiɾi,3,6,6,5,6,4,651.4,4.74,6,4751.0,6.56,7,mh,5,#000000,0.0,0.0,0.0,5,5,5,8,COMPOUND(複合・異種)
にょろっ,6,8,0,1,1,2,ɲoɾoʔ,4,7,6,5,7,5,502.7,4.09,7,5576.3,6.83,7,0,4,#000000,0.0,0.0,0.0,3,5,0,0,Q(促音単発)
にょろり,4,17,1,1,1,8,ɲoɾoɾi,3,5,5,4,8,5,473.9,3.94,5,2341.7,5.36,6,mh,5,#006400,36.2,-43.4,41.9,4,6,0,0,RI(り単発)
にんまり,4,17,1,1,1,12,nimmaɾi,3,4,4,4,7,5,344.8,3.13,4,1089.6,4.06,6,mh,5,#BDB76B,73.4,-8.8,39.3,5,5,5,8,COMPOUND(複合・異種)
にーっ,6,8,0,1,1,18,niːʔ,3,4,5,6,6,4,1037.2,5.92,4,6495.0,7.09,6,0,4,#F0FFFF,98.9,-4.9,-1.7,2,7,5,0,LONG(長音ー)
ぬっく,6,0,0,1,1,2,nukku,4,5,5,5,6,5,351.8,3.18,6,2510.5,5.47,7,mh,5,#FFE4E1,92.7,8.7,4.8,5,5,0,8,COMPOUND(複合・異種)
ぬっぺり,4,17,1,5,1,10,nuppeɾi,4,5,5,4,7,5,407.5,3.56,6,3487.8,6.03,6,mh,5,#FFFFFF,100.0,-0.0,0.0,5,5,5,8,COMPOUND(複合・異種)
ぬめ,6,0,0,1,1,32,nume,5,4,4,5,6,6,307.8,2.85,4,2151.9,5.21,7,0,4,#2F4F4F,31.3,-11.7,-3.7,5,5,0,8,COMPOUND(複合・異種)
ぬめっ,6,8,0,1,1,2,numeʔ,5,7,6,6,6,4,496.0,4.05,7,6836.5,7.18,8,0,4,#2F4F4F,31.3,-11.7,-3.7,3,5,0,0,Q(促音単発)
ぬらっ,6,8,0,1,1,2,nuɾaʔ,4,7,6,5,7,4,502.7,4.09,7,6756.0,7.16,7,0,4,#000000,0.0,0.0,0.0,2,5,0,0,Q(促音単発)
ぬらり,4,17,1,1,1,8,nuɾaɾi,3,5,5,3,8,5,434.1,3.72,5,2533.1,5.49,6,mh,5,#FFFFFF,100.0,-0.0,0.0,4,6,0,0,RI(り単発)
ぬらりくらり,4,17,1,1,1,8,nuɾaɾikuɾaɾi,2,5,5,3,8,4,518.3,4.17,5,2496.9,5.47,5,0,4,#4B3621,24.5,6.4,16.8,4,6,0,0,RI(り単発)
ぬらりぬらり,4,17,1,1,1,9,nuɾaɾinuɾaɾi,3,4,4,3,8,5,475.6,3.95,4,2307.5,5.33,5,mh,5,#4B3621,24.5,6.4,16.8,4,5,5,1,REDUP(畳語・同一)
ぬるっ,6,8,0,1,1,2,nuɾuʔ,4,7,6,6,6,4,474.2,3.94,7,6384.6,7.06,7,0,4,#000000,0.0,0.0,0.0,2,5,0,0,Q(促音単発)
ぬるり,4,17,1,1,1,8,nuɾuɾi,3,5,5,4,8,5,409.2,3.57,5,2502.4,5.47,6,mh,5,#000080,13.0,47.5,-64.7,4,6,0,0,RI(り単発)
ぬるりぬるり,4,17,1,1,1,9,nuɾuɾinuɾuɾi,3,4,4,4,7,5,438.6,3.74,4,2285.5,5.32,6,0,4,#000080,13.0,47.5,-64.7,4,5,5,1,REDUP(畳語・同一)
ねちゃねちゃ,6,8,0,1,1,1,netɕanetɕa,5,5,3,5,5,8,758.6,5.13,4,5772.9,6.89,8,0,4,#4B0082,20.5,51.7,-53.3,4,5,5,1,REDUP(畳語・同一)
ねっちり,4,17,1,1,1,10,nettɕiɾi,4,5,5,6,5,5,593.8,4.51,6,2579.5,5.52,7,mh,5,#708090,52.8,-2.1,-10.6,5,5,5,8,COMPOUND(複合・異種)
ねーねー,6,8,0,1,1,17,neːneː,5,2,3,4,6,6,540.8,4.27,1,2356.8,5.37,6,0,4,#4B0082,20.5,51.7,-53.3,4,5,5,1,REDUP(畳語・同一)
のそり,4,17,1,1,1,8,nosoɾi,3,5,5,5,8,4,595.2,4.52,5,3356.3,5.97,5,0,4,#FFFFFF,100.0,-0.0,0.0,4,6,0,0,RI(り単発)
のそりのそり,4,17,1,1,1,9,nosoɾinosoɾi,3,4,4,5,7,3,730.5,5.03,5,3605.5,6.09,5,0,4,#708090,52.8,-2.1,-10.6,4,5,5,1,REDUP(畳語・同一)
のたり,4,17,1,1,1,8,notaɾi,3,5,5,4,7,5,408.3,3.56,6,3009.5,5.78,6,mh,5,#FFFFFF,100.0,-0.0,0.0,4,6,0,0,RI(り単発)
のたりのたり,4,17,1,1,1,9,notaɾinotaɾi,4,5,4,5,7,5,434.1,3.72,5,2814.6,5.67,6,0,4,#FFFFFF,100.0,-0.0,0.0,4,5,5,1,REDUP(畳語・同一)
のっ,6,8,0,1,1,2,noʔ,5,7,6,6,6,3,530.0,4.22,7,7777.5,7.40,7,0,4,#000000,0.0,0.0,0.0,2,5,0,0,Q(促音単発)
のっそり,4,17,1,1,1,10,nossoɾi,3,4,4,5,7,4,578.2,4.44,6,2866.4,5.70,6,0,4,#000000,0.0,0.0,0.0,5,5,5,8,COMPOUND(複合・異種)
のったり,4,17,1,1,1,10,nottaɾi,4,4,5,4,6,5,254.2,2.36,6,2800.9,5.66,6,mh,5,#FFFFFF,100.0,-0.0,0.0,5,5,5,8,COMPOUND(複合・異種)
のっぺら,6,0,0,5,1,2,noppeɾa,4,4,4,3,7,4,388.9,3.44,5,5053.2,6.66,6,mh,5,#D3D3D3,84.6,-0.0,0.0,5,5,0,8,COMPOUND(複合・異種)
のびのび,6,8,0,3,2,1,nobinobi,4,4,4,4,7,6,440.3,3.75,4,4732.5,6.55,6,0,4,#F5F5DC,95.9,-4.2,12.0,4,5,5,1,REDUP(畳語・同一)
のぺっ,6,8,0,5,1,2,nopeʔ,4,7,6,6,6,4,547.3,4.30,7,8029.4,7.45,7,0,4,#000000,0.0,0.0,0.0,2,5,0,0,Q(促音単発)
のらり,4,17,1,1,1,8,noɾaɾi,3,5,5,3,8,4,489.8,4.02,5,3334.3,5.96,5,mh,5,#FFFFFF,100.0,-0.0,0.0,4,6,0,0,RI(り単発)
のらりくらり,4,17,1,1,1,8,noɾaɾikuɾaɾi,2,5,5,3,8,3,565.4,4.39,5,3141.0,5.86,5,0,4,#FFFFFF,100.0,-0.0,0.0,4,6,0,0,RI(り単発)
のらりのらり,4,17,1,1,1,9,noɾaɾinoɾaɾi,3,4,4,3,8,3,563.9,4.38,4,3512.7,6.05,5,0,4,#FFFFFF,100.0,-0.0,0.0,4,5,5,1,REDUP(畳語・同一)
のろくさ,6,0,0,1,1,32,noɾokusa,4,4,3,4,7,4,360.4,3.25,5,2039.3,5.12,5,0,4,#2F4F4F,31.3,-11.7,-3.7,5,5,0,8,COMPOUND(複合・異種)
のろっ,6,8,0,1,1,2,noɾoʔ,4,7,6,6,6,4,474.8,3.94,7,6237.1,7.02,7,0,4,#000000,0.0,0.0,0.0,3,5,0,0,Q(促音単発)
のろり,4,17,1,1,1,8,noɾoɾi,3,5,5,4,8,5,444.8,3.78,5,2659.4,5.57,6,0,4,#FFFFFF,100.0,-0.0,0.0,4,6,0,0,RI(り単発)
のろりのろり,4,17,1,1,1,9,noɾoɾinoɾoɾi,3,4,4,4,8,5,506.2,4.11,4,2545.3,5.50,6,0,4,#2F4F4F,31.3,-11.7,-3.7,4,5,5,1,REDUP(畳語・同一)
のーびのび,6,8,0,3,2,16,noːbinobi,4,3,4,4,7,5,733.3,5.04,2,5543.6,6.82,6,0,4,#F5F5F5,96.5,-0.0,0.0,3,7,5,0,LONG(長音ー)
はいはい,6,8,0,1,1,1,haihai,4,6,5,4,6,4,688.0,4.88,4,5833.5,6.91,5,mh,5,#FFFFFF,100.0,-0.0,0.0,4,5,5,1,REDUP(畳語・同一)
はた,6,0,0,1,1,32,hata,5,6,5,5,6,5,381.4,3.39,6,4356.1,6.41,6,0,4,#000000,0.0,0.0,0.0,5,5,0,8,COMPOUND(複合・異種)
はたり,4,17,1,1,1,8,hataɾi,3,6,6,4,7,4,489.1,4.02,6,4412.7,6.43,6,mh,5,#FFFFFF,100.0,-0.0,0.0,4,6,0,0,RI(り単発)
はたりはたり,4,17,1,1,1,9,hataɾihataɾi,4,6,5,4,6,4,546.8,4.30,6,4778.7,6.57,6,0,4,#FFFFFF,100.0,-0.0,0.0,4,5,5,1,REDUP(畳語・同一)
はっ,6,8,0,1,1,2,haʔ,5,8,7,6,5,3,640.5,4.70,8,9223.7,7.69,7,0,4,#000000,0.0,0.0,0.0,2,5,0,0,Q(促音単発)
はった,6,0,0,1,1,2,hatta,5,6,5,5,5,5,423.2,3.65,7,5770.4,6.89,7,mh,5,#000000,0.0,0.0,0.0,5,5,0,8,COMPOUND(複合・異種)
はっはっ,6,8,0,1,1,3,hahhaʔ,4,6,5,5,6,4,566.8,4.39,6,6828.7,7.17,6,0,4,#FFFFFF,100.0,-0.0,0.0,4,5,5,1,REDUP(畳語・同一)
はっはっは,6,0,0,1,1,2,hahhahha,4,6,5,4,6,5,557.4,4.35,6,5686.0,6.86,6,mh,5,#000000,0.0,0.0,0.0,5,5,0,8,COMPOUND(複合・異種)
ははは,6,0,0,1,1,32,hahaha,4,5,4,3,7,5,527.6,4.21,5,4674.6,6.53,5,mh,5,#FFFF00,97.1,-21.6,94.5,5,5,0,8,COMPOUND(複合・異種)
はらっ,6,8,0,1,1,2,haɾaʔ,4,7,6,5,6,3,613.5,4.59,7,8511.9,7.55,6,0,4,#000000,0.0,0.0,0.0,2,5,0,0,Q(促音単発)
はらり,4,17,1,1,1,8,haɾaɾi,2,6,5,3,8,4,538.1,4.26,5,4153.1,6.33,5,mh,5,#FFFFFF,100.0,-0.0,0.0,4,6,0,0,RI(り単発)
はらりはらり,4,17,1,1,1,9,haɾaɾihaɾaɾi,2,5,4,3,8,3,618.1,4.61,5,4423.1,6.44,5,0,4,#FFFFFF,100.0,-0.0,0.0,4,5,5,1,REDUP(畳語・同一)
はーは,6,8,0,1,1,16,haːha,3,3,5,4,7,4,965.3,5.74,2,6658.0,7.13,5,mh,5,#FFD700,86.9,-1.9,87.1,2,7,5,0,LONG(長音ー)
ばかすか,6,0,0,3,2,32,bakasuka,4,5,5,3,7,2,636.4,4.68,5,7580.3,7.35,4,mh,5,#F5F5F5,96.5,-0.0,0.0,5,5,0,8,COMPOUND(複合・異種)
ばかばか,6,8,0,3,2,1,bakabaka,5,6,5,3,6,4,465.1,3.89,5,7816.6,7.40,6,mh,5,#FF0000,53.2,80.1,67.2,4,5,5,1,REDUP(畳語・同一)
ばきっ,6,8,0,3,2,2,bakiʔ,5,8,8,7,5,3,764.1,5.15,8,10771.7,7.95,7,mh,5,#000000,0.0,0.0,0.0,2,5,0,0,Q(促音単発)
ばきばき,6,8,0,3,2,1,bakibaki,5,6,6,4,5,4,793.4,5.24,6,9350.6,7.71,6,mh,5,#FFFFFF,100.0,-0.0,0.0,4,5,5,1,REDUP(畳語・同一)
ばさっ,6,8,0,3,2,2,basaʔ,5,8,7,6,6,3,541.4,4.28,8,9991.9,7.82,7,0,4,#000000,0.0,0.0,0.0,2,5,0,0,Q(促音単発)
ばさばさ,6,8,0,3,2,1,basabasa,4,6,4,3,7,4,496.7,4.06,5,7632.5,7.36,5,0,4,#D2B48C,75.0,5.0,24.4,4,5,5,1,REDUP(畳語・同一)
ばさり,4,17,1,3,2,8,basaɾi,3,6,6,4,8,4,499.5,4.07,6,5775.2,6.89,5,mh,5,#FFFFFF,100.0,-0.0,0.0,4,6,0,0,RI(り単発)
ばさりばさり,4,17,1,3,2,9,basaɾibasaɾi,4,6,5,3,7,3,576.8,4.44,5,6575.7,7.11,5,0,4,#FFFFFF,100.0,-0.0,0.0,4,5,5,1,REDUP(畳語・同一)
ばしばし,6,8,0,3,2,1,baɕibaɕi,6,6,5,5,5,5,547.8,4.31,5,8361.5,7.52,6,0,4,#4682B4,52.5,-4.1,-32.2,4,5,5,1,REDUP(畳語・同一)
ばしゃん,6,1,0,3,2,4,baɕaŋ,5,7,7,5,5,5,545.4,4.29,7,10446.0,7.90,7,0,4,#4682B4,52.5,-4.1,-32.2,3,6,5,0,N(撥音単発)
ばたばた,6,8,0,3,2,1,batabata,6,6,5,4,5,5,321.2,2.95,5,8354.9,7.52,6,mh,5,#8B4513,37.5,26.4,41.0,4,5,5,1,REDUP(畳語・同一)
ばたばたっ,6,8,0,3,2,2,batabataʔ,6,8,7,6,5,4,388.1,3.43,8,10800.7,7.95,7,mh,5,#000000,0.0,0.0,0.0,3,5,0,0,Q(促音単発)
ばたり,4,17,1,3,2,8,bataɾi,4,6,6,4,7,5,380.6,3.38,6,5827.2,6.91,6,mh,5,#FFFFFF,100.0,-0.0,0.0,4,6,0,0,RI(り単発)
ばたりばたり,4,17,1,3,2,9,bataɾibataɾi,5,6,5,4,6,5,392.8,3.46,6,6596.3,7.12,6,mh,5,#000000,0.0,0.0,0.0,4,5,5,1,REDUP(畳語・同一)
ばたん,6,1,0,3,2,4,bataŋ,6,7,7,5,4,5,372.3,3.33,7,7557.5,7.35,7,0,4,#808080,53.6,-0.0,0.0,3,6,5,0,N(撥音単発)
ばたんばたん,6,1,0,3,2,5,batambataŋ,6,7,6,4,5,5,283.7,2.64,5,8287.9,7.50,7,mh,5,#FF0000,53.2,80.1,67.2,4,5,5,1,REDUP(畳語・同一)
ばちばち,6,8,0,3,2,1,batɕibatɕi,5,7,6,6,4,4,1026.3,5.89,6,9302.3,7.70,7,0,4,#8B4513,37.5,26.4,41.0,4,5,5,1,REDUP(畳語・同一)
ばちゃばちゃ,6,8,0,3,2,1,batɕabatɕa,5,7,5,3,5,6,1002.7,5.84,6,11829.9,8.11,7,mh,5,#D3D3D3,84.6,-0.0,0.0,4,5,5,1,REDUP(畳語・同一)
ばちゃん,6,1,0,3,2,4,batɕaŋ,5,8,8,5,4,5,796.4,5.25,7,10029.5,7.83,8,0,4,#4682B4,52.5,-4.1,-32.2,3,6,5,0,N(撥音単発)
ばっ,6,8,0,2,2,2,baʔ,5,8,7,6,5,4,492.6,4.04,8,10166.1,7.85,8,mh,5,#000000,0.0,0.0,0.0,2,5,0,0,Q(促音単発)
ばっさばっさ,6,8,0,3,2,3,bassabassa,5,6,6,3,7,4,515.7,4.15,6,8559.0,7.56,5,0,4,#FFFFFF,100.0,-0.0,0.0,4,5,5,1,REDUP(畳語・同一)
ばったん,6,1,0,3,2,6,battaŋ,6,8,8,5,4,5,356.3,3.22,7,8457.8,7.54,8,0,4,#8B4513,37.5,26.4,41.0,3,6,5,0,N(撥音単発)
ばてばて,6,8,0,3,2,1,batebate,6,5,5,4,5,6,392.5,3.46,4,6539.6,7.10,6,mh,5,#8B4513,37.5,26.4,41.0,4,5,5,1,REDUP(畳語・同一)
ばばばばば,6,0,0,2,2,32,bababababa,6,6,5,4,7,6,228.6,2.09,5,8371.7,7.52,7,mh,5,#4169E1,47.8,26.3,-65.3,5,5,0,8,COMPOUND(複合・異種)
ばらっ,6,8,0,3,2,2,baɾaʔ,5,8,6,5,6,3,505.0,4.10,7,9569.8,7.75,7,mh,5,#000000,0.0,0.0,0.0,2,5,0,0,Q(促音単発)
ばらばら,4,0,0,3,2,1,baɾabaɾa,4,6,4,2,8,4,384.2,3.41,4,8028.2,7.45,5,mh,5,#8B4513,37.5,26.4,41.0,4,5,5,1,REDUP(畳語・同一)
ばらばらっ,6,8,0,3,2,2,baɾabaɾaʔ,5,7,6,4,7,3,461.5,3.87,7,9366.1,7.71,7,mh,5,#000000,0.0,0.0,0.0,3,5,0,0,Q(促音単発)
ばらり,4,17,1,3,2,8,baɾaɾi,3,6,6,3,8,4,435.7,3.73,5,5105.2,6.68,5,mh,5,#FFFFFF,100.0,-0.0,0.0,4,6,0,0,RI(り単発)
ばらんばらん,6,1,0,3,2,5,baɾambaɾaŋ,5,5,5,2,6,5,345.9,3.14,4,6625.3,7.12,6,mh,5,#B8860B,59.2,9.9,62.7,4,5,5,1,REDUP(畳語・同一)
ばりっ,6,8,0,3,2,2,baɾiʔ,5,8,7,7,5,3,732.3,5.04,8,9776.2,7.78,7,0,4,#000000,0.0,0.0,0.0,2,5,0,0,Q(促音単発)
ばりばり,4,17,1,3,2,9,baɾibaɾi,4,5,5,4,7,4,485.1,4.00,5,6247.4,7.02,6,mh,5,#FFFFFF,100.0,-0.0,0.0,4,5,5,1,REDUP(畳語・同一)
ばりばりっ,6,8,0,3,2,2,baɾibaɾiʔ,5,8,7,6,5,3,729.8,5.03,8,9997.7,7.82,7,0,4,#000000,0.0,0.0,0.0,3,5,0,0,Q(促音単発)
ばりぼり,4,17,1,3,2,8,baɾiboɾi,4,6,6,5,7,4,442.5,3.76,6,5871.9,6.92,6,mh,5,#FFFFFF,100.0,-0.0,0.0,4,6,0,0,RI(り単発)
ばりん,6,1,0,3,2,4,baɾiŋ,5,7,8,5,4,4,771.9,5.17,7,7343.5,7.30,7,mc,3,#808080,53.6,-0.0,0.0,3,6,5,0,N(撥音単発)
ばん,6,1,0,2,2,4,baŋ,5,7,7,5,4,5,416.6,3.61,6,7456.1,7.32,7,0,4,#808080,53.6,-0.0,0.0,3,6,5,0,N(撥音単発)
ばーっ,6,8,0,2,2,18,baːʔ,5,5,6,6,6,4,772.5,5.18,5,9009.2,7.65,6,mh,5,#FF0000,53.2,80.1,67.2,2,6,5,0,LONG(長音ー)
ばーん,6,1,0,2,2,20,baːŋ,5,4,7,4,5,5,776.0,5.19,2,8236.2,7.49,6,mh,5,#FFD700,86.9,-1.9,87.1,3,7,5,0,LONG(長音ー)
ぱかっ,6,8,0,5,1,2,pakaʔ,4,8,7,6,5,2,896.8,5.55,8,10194.8,7.86,7,mh,5,#000000,0.0,0.0,0.0,2,5,0,0,Q(促音単発)
ぱかぱか,6,8,0,5,1,1,pakapaka,3,6,5,3,6,2,1018.4,5.87,5,6960.4,7.21,4,mh,5,#FFFFFF,100.0,-0.0,0.0,4,5,5,1,REDUP(畳語・同一)
ぱくっ,6,8,0,5,1,2,pakuʔ,4,8,7,7,5,3,696.8,4.91,8,8473.5,7.54,7,0,4,#000000,0.0,0.0,0.0,2,5,0,0,Q(促音単発)
ぱさっ,6,8,0,5,1,2,pasaʔ,3,8,6,6,6,2,846.2,5.41,8,9867.5,7.80,6,0,4,#D2B48C,75.0,5.0,24.4,2,5,0,0,Q(促音単発)
ぱさり,4,17,1,5,1,8,pasaɾi,2,6,6,4,8,3,787.7,5.22,6,5681.9,6.86,5,mh,5,#FFFFFF,100.0,-0.0,0.0,4,6,0,0,RI(り単発)
ぱしっ,6,8,0,5,1,2,paɕiʔ,4,8,7,7,5,3,923.7,5.63,8,9626.6,7.76,7,0,4,#000000,0.0,0.0,0.0,2,5,0,0,Q(促音単発)
ぱしゃぱしゃ,6,8,0,5,1,1,paɕapaɕa,3,6,5,3,6,4,1068.8,6.00,5,11371.9,8.04,6,0,4,#4682B4,52.5,-4.1,-32.2,4,5,5,1,REDUP(畳語・同一)
ぱしゃん,6,1,0,5,1,4,paɕaŋ,4,8,7,5,5,4,886.6,5.52,7,9663.1,7.76,7,0,4,#4682B4,52.5,-4.1,-32.2,3,6,5,0,N(撥音単発)
ぱたり,4,17,1,5,1,8,pataɾi,3,6,6,4,7,4,672.5,4.82,6,5014.3,6.65,6,mh,5,#FFFFFF,100.0,-0.0,0.0,4,6,0,0,RI(り単発)
ぱたん,6,1,0,5,1,4,pataŋ,4,7,7,5,4,4,719.9,5.00,7,6684.6,7.14,7,0,4,#2F4F4F,31.3,-11.7,-3.7,3,6,5,0,N(撥音単発)
ぱちっ,6,8,0,5,1,2,patɕiʔ,4,8,7,7,4,2,1221.7,6.34,8,10079.4,7.84,7,mh,5,#000000,0.0,0.0,0.0,2,5,0,0,Q(促音単発)
ぱちゃぱちゃ,6,8,0,5,1,1,patɕapatɕa,3,7,5,4,5,4,1472.7,6.81,6,10578.6,7.92,6,mh,5,#FF4500,57.6,67.8,69.0,4,5,5,1,REDUP(畳語・同一)
ぱちゃん,6,1,0,5,1,4,patɕaŋ,4,8,7,5,4,4,1150.9,6.18,7,9398.1,7.72,7,0,4,#4682B4,52.5,-4.1,-32.2,3,6,5,0,N(撥音単発)
ぱちり,4,17,1,5,1,8,patɕiɾi,2,7,7,5,6,3,1112.0,6.10,6,6464.5,7.08,6,mh,5,#FFFFFF,100.0,-0.0,0.0,4,6,0,0,RI(り単発)
ぱちん,6,1,0,5,1,4,patɕiŋ,4,7,7,6,4,3,1251.9,6.40,7,7447.5,7.32,7,0,4,#FF4500,57.6,67.8,69.0,3,6,5,0,N(撥音単発)
ぱっかり,4,17,1,5,1,10,pakkaɾi,3,6,6,4,7,3,707.3,4.95,7,4380.7,6.42,6,mh,5,#000000,0.0,0.0,0.0,5,5,5,8,COMPOUND(複合・異種)
ぱっくり,4,17,1,5,1,10,pakkuɾi,3,6,5,5,6,4,595.8,4.52,7,3655.1,6.11,6,mh,5,#8B4513,37.5,26.4,41.0,5,5,5,8,COMPOUND(複合・異種)
ぱったり,4,17,1,5,1,10,pattaɾi,4,6,5,5,6,4,577.9,4.44,6,4680.2,6.53,6,mh,5,#FFFFFF,100.0,-0.0,0.0,5,5,5,8,COMPOUND(複合・異種)
ぱっぱ,6,0,0,4,1,2,pappa,3,6,6,5,6,4,821.8,5.33,6,6775.1,7.16,6,mh,5,#FFFFFF,100.0,-0.0,0.0,5,5,0,8,COMPOUND(複合・異種)
ぱっぱか,6,0,0,5,1,2,pappaka,3,6,6,4,6,3,894.5,5.55,6,6918.0,7.20,6,mh,5,#FFFFFF,100.0,-0.0,0.0,5,5,0,8,COMPOUND(複合・異種)
ぱっぱっ,6,8,0,4,1,3,pappaʔ,4,7,6,5,6,3,810.8,5.30,6,7918.7,7.43,7,mh,5,#FFFFFF,100.0,-0.0,0.0,4,5,5,1,REDUP(畳語・同一)
ぱぱっ,6,8,0,4,1,2,papaʔ,4,8,7,6,6,2,910.4,5.59,8,10145.0,7.85,7,mh,5,#000000,0.0,0.0,0.0,2,5,0,0,Q(促音単発)
ぱらっ,6,8,0,5,1,2,paɾaʔ,3,8,6,5,6,2,810.8,5.30,8,9484.5,7.73,7,0,4,#000000,0.0,0.0,0.0,2,5,0,0,Q(促音単発)
ぱらり,4,17,1,5,1,8,paɾaɾi,2,6,5,3,8,3,721.9,5.00,6,5037.4,6.66,5,mh,5,#FFFFFF,100.0,-0.0,0.0,4,6,0,0,RI(り単発)
ぱらん,6,1,0,5,1,4,paɾaŋ,3,7,7,4,5,3,751.5,5.11,6,6344.6,7.05,6,0,4,#FFFFFF,100.0,-0.0,0.0,3,6,5,0,N(撥音単発)
ぱりぽり,4,17,1,5,1,8,paɾipoɾi,2,6,6,4,7,3,929.4,5.64,6,5642.4,6.85,6,mh,5,#FFFFFF,100.0,-0.0,0.0,4,6,0,0,RI(り単発)
ぱん,6,1,0,4,1,4,paŋ,4,7,7,5,5,4,777.0,5.19,6,6675.3,7.14,7,0,4,#808080,53.6,-0.0,0.0,3,6,5,0,N(撥音単発)
ぱんぱん,6,1,0,4,1,5,pampaŋ,4,6,6,4,5,4,774.1,5.18,5,7040.7,7.23,6,mh,5,#FF4500,57.6,67.8,69.0,4,5,5,1,REDUP(畳語・同一)
ぱーっ,6,8,0,4,1,18,paːʔ,4,5,6,5,6,3,1001.1,5.83,5,8083.3,7.46,6,mh,5,#FFD700,86.9,-1.9,87.1,2,6,5,0,LONG(長音ー)
ぱーぱー,6,8,0,4,1,17,paːpaː,3,4,4,3,6,4,934.4,5.66,3,6030.8,6.96,5,mh,5,#FFD700,86.9,-1.9,87.1,4,5,5,1,REDUP(畳語・同一)
ぱーん,6,1,0,4,1,20,paːŋ,4,4,6,4,5,4,1036.4,5.92,3,7195.2,7.26,6,mh,5,#FFD700,86.9,-1.9,87.1,3,7,5,0,LONG(長音ー)
ひいひいひ,6,0,0,1,1,32,çiiçiiçi,3,5,5,6,7,4,1337.1,6.56,5,5637.5,6.85,5,0,4,#FFFFFF,100.0,-0.0,0.0,5,5,0,8,COMPOUND(複合・異種)
ひいよろよろ,6,0,0,1,1,32,çiijoɾojoɾo,4,4,4,4,8,5,591.4,4.50,4,1983.1,5.07,6,0,4,#A9A9A9,69.2,-0.0,0.0,5,5,0,8,COMPOUND(複合・異種)
ひかひか,6,8,0,1,1,1,çikaçika,2,6,5,4,7,2,1572.4,6.97,5,7578.2,7.35,5,0,4,#FFD700,86.9,-1.9,87.1,4,5,5,1,REDUP(畳語・同一)
ひかる,6,0,0,1,1,32,çikaɾu,3,5,5,5,7,4,1108.4,6.09,5,4522.2,6.47,5,0,4,#FFFFFF,100.0,-0.0,0.0,5,5,0,8,COMPOUND(複合・異種)
ひきひき,6,8,0,1,1,1,çikiçiki,2,6,6,6,6,3,1774.7,7.28,5,8646.3,7.58,5,0,4,#708090,52.8,-2.1,-10.6,4,5,5,1,REDUP(畳語・同一)
ひくっ,6,8,0,1,1,2,çikuʔ,4,8,7,7,6,3,954.9,5.71,8,8493.1,7.55,7,0,4,#000000,0.0,0.0,0.0,2,5,0,0,Q(促音単発)
ひくひく,6,8,0,1,1,1,çikuçiku,3,6,4,5,7,4,1362.7,6.61,5,5401.2,6.78,5,mc,3,#708090,52.8,-2.1,-10.6,4,5,5,1,REDUP(畳語・同一)
ひくひくっ,6,8,0,1,1,2,çikuçikuʔ,3,8,6,7,6,3,1174.6,6.24,8,8389.4,7.52,7,0,4,#000000,0.0,0.0,0.0,3,5,0,0,Q(促音単発)
ひげひげ,6,8,0,3,2,1,çiɡeçiɡe,4,5,5,5,7,4,1088.1,6.04,4,4842.1,6.59,6,mc,3,#708090,52.8,-2.1,-10.6,4,5,5,1,REDUP(畳語・同一)
ひさひさ,6,8,0,1,1,1,çisaçisa,2,5,4,4,8,3,1350.1,6.59,4,6051.0,6.97,4,mc,3,#FFFFFF,100.0,-0.0,0.0,4,5,5,1,REDUP(畳語・同一)
ひたひた,6,8,0,1,1,1,çitaçita,3,5,4,5,7,5,984.0,5.79,5,5049.3,6.66,6,0,4,#FFFFFF,100.0,-0.0,0.0,4,5,5,1,REDUP(畳語・同一)
ひちびち,6,0,0,3,2,32,çitɕibitɕi,3,5,6,7,6,5,1256.4,6.41,6,4825.1,6.58,6,0,4,#F5F5DC,95.9,-4.2,12.0,5,5,0,8,COMPOUND(複合・異種)
ひっそりかん,6,129,0,1,1,6,çissoɾikaŋ,3,6,6,5,6,3,1271.8,6.44,6,5235.0,6.72,6,mc,3,#F0F8FF,97.2,-1.3,-4.3,5,5,5,8,COMPOUND(複合・異種)
ひひ,6,0,0,1,1,32,çiçi,3,5,5,6,7,4,1173.1,6.23,5,5187.6,6.71,6,0,4,#FFFFFF,100.0,-0.0,0.0,5,5,0,8,COMPOUND(複合・異種)
ひひひ,6,0,0,1,1,32,çiçiçi,3,5,5,6,7,4,1247.5,6.39,5,5735.4,6.88,6,0,4,#FFFFFF,100.0,-0.0,0.0,5,5,0,8,COMPOUND(複合・異種)
ひゃひゃ,6,8,0,1,1,1,çjaçja,3,5,3,3,8,5,1203.7,6.30,3,7469.2,7.33,5,0,4,#FFFFFF,100.0,-0.0,0.0,4,5,5,1,REDUP(畳語・同一)
ひゃら,6,0,0,1,1,32,çjaɾa,3,5,4,3,8,4,933.6,5.65,4,5772.5,6.89,5,0,4,#F5F5F5,96.5,-0.0,0.0,5,5,0,8,COMPOUND(複合・異種)
ひゃらら,6,0,0,1,1,32,çjaɾaɾa,3,5,3,2,9,3,874.5,5.49,4,5342.2,6.76,5,mh,5,#FF69B4,65.5,64.2,-10.6,5,5,0,8,COMPOUND(複合・異種)
ひやーっ,6,8,0,1,1,18,çijaːʔ,3,5,5,5,7,4,1201.7,6.29,4,7900.4,7.42,6,0,4,#FF0000,53.2,80.1,67.2,3,6,5,0,LONG(長音ー)
ひゅっ,6,8,0,1,1,2,çjuʔ,4,7,7,7,6,3,1013.3,5.86,7,9251.8,7.69,7,0,4,#000000,0.0,0.0,0.0,2,5,0,0,Q(促音単発)
ひゅん,6,1,0,1,1,4,çjuŋ,4,6,7,5,6,5,995.8,5.82,6,6884.0,7.19,7,mc,3,#808080,53.6,-0.0,0.0,3,6,5,0,N(撥音単発)
ひゅんひゅん,6,1,0,1,1,5,çjuŋçjuŋ,4,5,6,4,7,5,1101.8,6.07,4,7479.4,7.33,6,0,4,#FFFFFF,100.0,-0.0,0.0,4,5,5,1,REDUP(畳語・同一)
ひゅー,6,8,0,1,1,16,çjuː,3,2,5,4,8,4,1310.8,6.51,1,7042.7,7.23,5,0,4,#FF4500,57.6,67.8,69.0,2,7,5,0,LONG(長音ー)
ひゅーひゅー,6,8,0,1,1,17,çjuːçjuː,3,3,5,4,8,5,1310.6,6.51,2,6612.3,7.12,6,0,4,#FFFFFF,100.0,-0.0,0.0,4,5,5,1,REDUP(畳語・同一)
ひゅーん,6,1,0,1,1,20,çjuːŋ,3,4,6,4,6,5,1285.8,6.47,2,7415.7,7.31,6,0,4,#9A6B58,49.6,16.3,18.2,3,7,5,0,LONG(長音ー)
ひょうよろよろ,6,0,0,1,2,32,çjoujoɾojoɾo,4,4,3,4,8,6,444.9,3.78,4,1289.5,4.34,6,0,4,#A9A9A9,69.2,-0.0,0.0,5,5,0,8,COMPOUND(複合・異種)
ひょこっ,6,8,0,1,1,2,çjokoʔ,3,8,6,6,6,3,834.1,5.37,7,7144.3,7.25,7,0,4,#FFFFFF,100.0,-0.0,0.0,3,5,0,0,Q(促音単発)
ひょこひょこ,6,8,0,1,1,1,çjokoçjoko,3,6,4,4,7,4,863.7,5.46,5,3715.4,6.14,5,0,4,#FFFFFF,100.0,-0.0,0.0,4,5,5,1,REDUP(畳語・同一)
ひょこり,4,17,1,1,1,8,çjokoɾi,2,6,5,4,8,4,784.3,5.21,6,3881.7,6.22,5,mh,5,#FFFFFF,100.0,-0.0,0.0,4,6,0,0,RI(り単発)
ひょこりひょこり,4,17,1,1,1,9,çjokoɾiçjokoɾi,2,6,5,4,7,4,936.1,5.66,5,4273.6,6.38,5,mh,5,#FFFFFF,100.0,-0.0,0.0,4,5,5,1,REDUP(畳語・同一)
ひょこん,6,1,0,1,1,4,çjokoŋ,3,7,6,5,6,4,780.7,5.20,6,4774.9,6.57,6,0,4,#808080,53.6,-0.0,0.0,3,6,5,0,N(撥音単発)
ひょこんひょこん,6,1,0,1,1,5,çjokoŋçjokoŋ,3,6,5,4,6,4,774.0,5.18,5,4474.9,6.46,6,0,4,#FFFFFF,100.0,-0.0,0.0,4,5,5,1,REDUP(畳語・同一)
ひょっくり,4,17,1,1,1,10,çjokkuɾi,3,5,5,5,7,4,604.8,4.56,6,2775.5,5.65,6,mh,5,#FFFFFF,100.0,-0.0,0.0,5,5,5,8,COMPOUND(複合・異種)
ひょろっ,6,8,0,1,1,2,çjoɾoʔ,3,7,6,6,7,4,768.4,5.16,7,6549.3,7.10,7,0,4,#000000,0.0,0.0,0.0,3,5,0,0,Q(促音単発)
ひょろひょろ,6,8,0,1,1,1,çjoɾoçjoɾo,3,5,3,3,9,5,778.8,5.20,3,2282.4,5.31,6,0,4,#006400,36.2,-43.4,41.9,4,5,5,1,REDUP(畳語・同一)
ひょろり,4,17,1,1,1,8,çjoɾoɾi,2,6,5,4,9,5,721.0,5.00,5,3100.3,5.83,6,mh,5,#FFFFFF,100.0,-0.0,0.0,4,6,0,0,RI(り単発)
ひょろりひょろり,4,17,1,1,1,9,çjoɾoɾiçjoɾoɾi,2,5,4,4,9,5,848.3,5.41,4,3225.7,5.90,6,0,4,#006400,36.2,-43.4,41.9,4,5,5,1,REDUP(畳語・同一)
ひょんひょん,6,1,0,1,1,5,çjoŋçjoŋ,3,6,5,4,7,5,861.2,5.45,5,5256.0,6.73,6,0,4,#FFFFFF,100.0,-0.0,0.0,4,5,5,1,REDUP(畳語・同一)
ひらり,4,17,1,1,1,8,çiɾaɾi,2,6,5,4,8,3,883.5,5.52,5,4671.6,6.53,5,mh,5,#FFFFFF,100.0,-0.0,0.0,4,6,0,0,RI(り単発)
ひらりひらり,4,17,1,1,1,9,çiɾaɾiçiɾaɾi,2,5,5,3,8,3,1096.0,6.06,5,5448.5,6.79,5,mh,5,#FFFFFF,100.0,-0.0,0.0,4,5,5,1,REDUP(畳語・同一)
ひん,6,1,0,1,1,4,çiŋ,4,6,7,6,5,4,1064.8,5.99,6,5738.9,6.88,7,mc,3,#808080,53.6,-0.0,0.0,3,6,5,0,N(撥音単発)
ひんひん,6,1,0,1,1,5,çiŋçiŋ,3,6,6,5,6,4,1184.5,6.26,4,5877.7,6.92,6,mc,3,#AFEEEE,90.1,-19.6,-6.4,4,5,5,1,REDUP(畳語・同一)
ひーひーふ,6,8,0,1,1,16,çiːçiːɸu,3,3,5,5,8,4,1619.8,7.05,2,7258.7,7.28,5,0,4,#FFFFFF,100.0,-0.0,0.0,3,7,5,0,LONG(長音ー)
びくっ,6,8,0,3,2,2,bikuʔ,5,8,7,7,6,4,523.0,4.19,8,9060.5,7.65,7,0,4,#000000,0.0,0.0,0.0,3,5,0,0,Q(促音単発)
びくん,6,1,0,3,2,4,bikuŋ,5,7,7,6,5,5,456.2,3.84,7,6225.9,7.02,7,mc,3,#808080,53.6,-0.0,0.0,3,6,5,0,N(撥音単発)
びしっ,6,8,0,3,2,2,biɕiʔ,5,8,7,7,5,4,709.7,4.96,8,10862.9,7.96,8,0,4,#000000,0.0,0.0,0.0,2,5,0,0,Q(促音単発)
びしゃり,4,17,1,3,2,8,biɕaɾi,4,6,6,4,7,5,598.5,4.53,6,8912.2,7.63,6,0,4,#0000CD,25.0,67.2,-91.5,4,6,0,0,RI(り単発)
びしゃん,6,1,0,3,2,4,biɕaŋ,5,7,7,5,5,5,598.3,4.53,6,11033.8,7.99,7,0,4,#0000CD,25.0,67.2,-91.5,3,6,5,0,N(撥音単発)
びたびた,6,8,0,3,2,1,bitabita,5,5,4,4,7,6,323.4,2.97,5,5659.4,6.86,6,0,4,#0000CD,25.0,67.2,-91.5,4,5,5,1,REDUP(畳語・同一)
びちゃびちゃ,6,8,0,3,2,1,bitɕabitɕa,4,6,5,4,6,7,941.1,5.68,5,8719.6,7.59,7,0,4,#F5F5DC,95.9,-4.2,12.0,4,5,5,1,REDUP(畳語・同一)
びちゃり,4,17,1,3,2,8,bitɕaɾi,3,6,6,4,7,5,784.9,5.22,6,6327.8,7.05,6,mh,5,#FFFFFF,100.0,-0.0,0.0,4,6,0,0,RI(り単発)
びちょびちょ,6,8,0,3,2,1,bitɕobitɕo,4,6,5,6,7,6,885.5,5.52,5,5312.5,6.75,6,0,4,#F5F5DC,95.9,-4.2,12.0,4,5,5,1,REDUP(畳語・同一)
びっ,6,8,0,2,2,2,biʔ,5,7,7,7,5,4,628.6,4.65,8,9075.9,7.66,7,0,4,#000000,0.0,0.0,0.0,2,5,0,0,Q(促音単発)
びっくり,4,17,1,3,2,10,bikkuɾi,4,5,5,5,7,5,380.4,3.38,6,3578.6,6.08,6,mh,5,#8B4513,37.5,26.4,41.0,5,5,5,8,COMPOUND(複合・異種)
びっちり,4,17,1,3,2,10,bittɕiɾi,4,5,6,6,6,5,664.9,4.80,6,4244.7,6.37,7,mh,5,#708090,52.8,-2.1,-10.6,5,5,5,8,COMPOUND(複合・異種)
びびびっ,6,8,0,2,2,2,bibibiʔ,5,7,7,6,6,4,547.6,4.30,7,8767.5,7.60,7,0,4,#FFFFFF,100.0,-0.0,0.0,3,5,0,0,Q(促音単発)
びゅっ,6,8,0,2,2,2,bjuʔ,5,7,7,6,6,4,612.7,4.59,7,9819.1,7.79,7,0,4,#000000,0.0,0.0,0.0,2,5,0,0,Q(促音単発)
びゅん,6,1,0,2,2,4,bjuŋ,5,6,7,5,6,5,543.4,4.28,6,7713.1,7.38,7,0,4,#1E90FF,59.4,10.0,-63.4,3,6,5,0,N(撥音単発)
びゅー,6,8,0,2,2,16,bjuː,4,3,5,4,8,5,929.8,5.64,1,7795.0,7.40,6,0,4,#FF4500,57.6,67.8,69.0,2,7,5,0,LONG(長音ー)
びゅーん,6,1,0,2,2,20,bjuːŋ,4,4,6,4,6,5,856.0,5.44,2,8066.4,7.46,6,0,4,#1E90FF,59.4,10.0,-63.4,3,7,5,0,LONG(長音ー)
びよ,6,0,0,3,2,32,bijo,5,4,4,5,7,6,296.7,2.75,5,3649.0,6.11,6,0,4,#708090,52.8,-2.1,-10.6,5,5,0,8,COMPOUND(複合・異種)
びりっ,6,8,0,3,2,2,biɾiʔ,5,8,7,7,5,3,807.3,5.29,8,9395.4,7.72,7,0,4,#000000,0.0,0.0,0.0,2,5,0,0,Q(促音単発)
びりびり,4,17,1,3,2,9,biɾibiɾi,4,5,6,4,7,4,604.8,4.56,5,5793.1,6.90,6,mh,5,#4169E1,47.8,26.3,-65.3,4,5,5,1,REDUP(畳語・同一)
びんびん,6,1,0,2,2,5,bimbiŋ,5,5,6,4,6,6,459.9,3.86,4,6696.6,7.14,7,0,4,#808080,53.6,-0.0,0.0,4,5,5,1,REDUP(畳語・同一)
びー,6,8,0,2,2,16,biː,4,3,5,5,7,4,1053.1,5.96,1,7772.9,7.39,6,0,4,#FFFF00,97.1,-21.6,94.5,2,7,5,0,LONG(長音ー)
びーっ,6,8,0,2,2,18,biːʔ,4,5,6,6,6,4,918.0,5.61,5,8753.8,7.60,6,0,4,#F0FFFF,98.9,-4.9,-1.7,2,7,5,0,LONG(長音ー)
びーびー,6,8,0,2,2,17,biːbiː,4,4,5,4,6,5,828.5,5.35,2,7169.3,7.26,6,0,4,#000000,0.0,0.0,0.0,4,5,5,1,REDUP(畳語・同一)
びーん,6,1,0,2,2,20,biːŋ,4,4,7,5,5,4,931.7,5.65,2,8029.7,7.45,6,0,4,#FFFF00,97.1,-21.6,94.5,3,7,5,0,LONG(長音ー)
ぴきっ,6,8,0,5,1,2,pikiʔ,4,8,8,7,5,2,1311.9,6.52,8,11520.4,8.06,7,mh,5,#000000,0.0,0.0,0.0,2,5,0,0,Q(促音単発)
ぴくっ,6,8,0,5,1,2,pikuʔ,4,8,7,7,6,3,997.3,5.82,8,10034.6,7.83,7,mh,5,#000000,0.0,0.0,0.0,2,5,0,0,Q(促音単発)
ぴくぴく,6,8,0,5,1,1,pikupiku,3,6,5,5,6,4,1390.9,6.66,5,7961.5,7.44,6,mh,5,#FFD700,86.9,-1.9,87.1,4,5,5,1,REDUP(畳語・同一)
ぴくり,4,17,1,5,1,8,pikuɾi,3,6,6,4,7,4,917.9,5.61,6,5635.0,6.85,6,mh,5,#FFFFFF,100.0,-0.0,0.0,4,6,0,0,RI(り単発)
ぴくん,6,1,0,5,1,4,pikuŋ,4,7,8,6,5,4,993.4,5.81,7,7177.8,7.26,7,0,4,#808080,53.6,-0.0,0.0,3,6,5,0,N(撥音単発)
ぴしっ,6,8,0,5,1,2,piɕiʔ,4,8,7,7,5,3,1078.2,6.02,8,10536.5,7.91,7,mh,5,#000000,0.0,0.0,0.0,2,5,0,0,Q(促音単発)
ぴしゃっ,6,8,0,5,1,2,piɕaʔ,4,8,7,6,6,3,1050.2,5.95,8,12549.6,8.21,7,mh,5,#778899,55.9,-2.2,-11.1,3,5,0,0,Q(促音単発)
ぴしゃり,4,17,1,5,1,8,piɕaɾi,3,7,6,4,7,4,938.4,5.67,6,8343.2,7.51,6,mh,5,#FFFFFF,100.0,-0.0,0.0,4,6,0,0,RI(り単発)
ぴしゃん,6,1,0,5,1,4,piɕaŋ,4,8,8,5,5,4,997.6,5.82,7,10386.0,7.89,7,0,4,#808080,53.6,-0.0,0.0,3,6,5,0,N(撥音単発)
ぴたぴた,6,8,0,5,1,1,pitapita,3,6,5,5,6,6,868.7,5.47,5,7468.4,7.33,6,mh,5,#FFFFFF,100.0,-0.0,0.0,4,5,5,1,REDUP(畳語・同一)
ぴたん,6,1,0,5,1,4,pitaŋ,4,7,7,5,5,5,771.6,5.17,6,7299.9,7.29,7,0,4,#FFFFFF,100.0,-0.0,0.0,3,6,5,0,N(撥音単発)
ぴちっ,6,8,0,5,1,2,pitɕiʔ,4,8,7,7,5,4,1273.3,6.44,8,10243.7,7.86,7,mh,5,#87CEEB,79.2,-14.8,-21.3,2,5,0,0,Q(促音単発)
ぴちゃっ,6,8,0,5,1,2,pitɕaʔ,4,8,7,6,5,4,1242.3,6.38,8,11734.8,8.09,8,mh,5,#87CEEB,79.2,-14.8,-21.3,3,5,0,0,Q(促音単発)
ぴちゃん,6,1,0,5,1,4,pitɕaŋ,4,8,8,5,4,5,1208.4,6.31,7,9587.3,7.75,7,0,4,#87CEEB,79.2,-14.8,-21.3,3,6,5,0,N(撥音単発)
ぴちり,4,17,1,5,1,8,pitɕiɾi,2,6,7,5,6,4,1161.1,6.21,6,6646.5,7.13,6,mh,5,#FFFFFF,100.0,-0.0,0.0,4,6,0,0,RI(り単発)
ぴちん,6,1,0,5,1,4,pitɕiŋ,4,7,8,6,4,5,1309.3,6.51,7,7655.2,7.37,7,0,4,#87CEEB,79.2,-14.8,-21.3,3,6,5,0,N(撥音単発)
ぴっ,6,8,0,4,1,2,piʔ,4,8,7,7,5,3,1032.9,5.91,8,10147.2,7.85,7,mh,5,#000000,0.0,0.0,0.0,2,5,0,0,Q(促音単発)
ぴっかぴか,6,0,0,5,1,2,pikkapika,3,6,6,4,7,2,1486.4,6.83,6,9873.0,7.80,6,h,6,#FFD700,86.9,-1.9,87.1,5,5,0,8,COMPOUND(複合・異種)
ぴっかぴっか,6,8,0,5,1,3,pikkapikka,3,7,6,4,6,2,1339.9,6.57,6,9157.4,7.67,6,mh,5,#FFD700,86.9,-1.9,87.1,4,5,5,1,REDUP(畳語・同一)
ぴったりこん,6,1,0,5,1,6,pittaɾikoŋ,4,6,7,5,4,5,731.7,5.04,7,5926.0,6.93,7,mh,5,#FFFFFF,100.0,-0.0,0.0,5,5,5,8,COMPOUND(複合・異種)
ぴっちぴち,6,0,0,5,1,2,pittɕipitɕi,3,6,7,7,4,5,1465.8,6.80,7,8218.6,7.49,7,mh,5,#87CEEB,79.2,-14.8,-21.3,5,5,0,8,COMPOUND(複合・異種)
ぴっちり,4,17,1,5,1,10,pittɕiɾi,3,6,6,6,6,4,991.2,5.81,6,5319.0,6.75,7,mh,5,#708090,52.8,-2.1,-10.6,5,5,5,8,COMPOUND(複合・異種)
ぴっぴっ,6,8,0,4,1,3,pippiʔ,4,6,6,6,6,4,1105.6,6.08,6,8626.3,7.57,7,mh,5,#FFFFFF,100.0,-0.0,0.0,4,5,5,1,REDUP(畳語・同一)
ぴぴっ,6,8,0,4,1,2,pipiʔ,4,8,7,7,5,3,1266.3,6.43,8,11087.6,8.00,7,mh,5,#000000,0.0,0.0,0.0,2,5,0,0,Q(促音単発)
ぴゅっ,6,8,0,4,1,2,pjuʔ,4,8,7,7,6,3,920.0,5.62,8,9777.8,7.78,7,mh,5,#000000,0.0,0.0,0.0,2,5,0,0,Q(促音単発)
ぴゅん,6,1,0,4,1,4,pjuŋ,4,7,7,5,5,5,890.8,5.54,6,7396.5,7.31,7,0,4,#808080,53.6,-0.0,0.0,3,6,5,0,N(撥音単発)
ぴゅんぴゅん,6,1,0,4,1,5,pjumpjuŋ,4,6,6,4,6,5,961.6,5.73,4,8052.0,7.45,7,mh,5,#1E90FF,59.4,10.0,-63.4,4,5,5,1,REDUP(畳語・同一)
ぴゅー,6,8,0,4,1,16,pjuː,3,2,5,4,8,5,1218.5,6.33,1,7426.3,7.32,6,mh,5,#FF4500,57.6,67.8,69.0,2,7,5,0,LONG(長音ー)
ぴゅーぴゅー,6,8,0,4,1,17,pjuːpjuː,3,3,5,3,7,5,1182.5,6.25,2,7095.5,7.24,6,mh,5,#FFB6C1,81.1,28.0,5.0,4,5,5,1,REDUP(畳語・同一)
ぴゅーん,6,1,0,4,1,20,pjuːŋ,3,4,7,4,6,5,1198.6,6.29,2,7907.2,7.42,6,mh,5,#9A6B58,49.6,16.3,18.2,3,7,5,0,LONG(長音ー)
ぴょい,6,0,0,5,1,32,pjoi,3,5,5,4,7,5,811.2,5.30,6,4814.8,6.58,6,mh,5,#FFFFFF,100.0,-0.0,0.0,5,5,0,8,COMPOUND(複合・異種)
ぴょいっ,6,8,0,5,1,2,pjoiʔ,4,8,7,6,6,3,913.6,5.60,8,8468.7,7.54,7,mh,5,#FFFFFF,100.0,-0.0,0.0,2,5,0,0,Q(促音単発)
ぴょいぴょい,6,8,0,5,1,1,pjoipjoi,3,6,5,4,7,5,966.5,5.74,5,5617.5,6.84,6,mh,5,#FFFFFF,100.0,-0.0,0.0,4,5,5,1,REDUP(畳語・同一)
ぴょこっ,6,8,0,5,1,2,pjokoʔ,3,8,7,6,6,3,804.9,5.28,8,7845.1,7.41,7,mh,5,#FFFFFF,100.0,-0.0,0.0,3,5,0,0,Q(促音単発)
ぴょこぴょこ,6,8,0,5,1,1,pjokopjoko,3,6,5,4,7,4,773.4,5.18,5,4665.1,6.53,6,mh,5,#FFFFFF,100.0,-0.0,0.0,4,5,5,1,REDUP(畳語・同一)
ぴょこり,4,17,1,5,1,8,pjokoɾi,2,6,6,4,8,4,757.4,5.13,6,4615.6,6.51,6,mh,5,#FFFFFF,100.0,-0.0,0.0,4,6,0,0,RI(り単発)
ぴょこん,6,1,0,5,1,4,pjokoŋ,3,7,7,5,5,4,748.7,5.10,6,5613.7,6.84,7,0,4,#FFFFFF,100.0,-0.0,0.0,3,6,5,0,N(撥音単発)
ぴょこんぴょこん,6,1,0,5,1,5,pjokompjokoŋ,3,6,6,4,6,4,724.9,5.01,5,5338.5,6.76,6,mh,5,#FFFFFF,100.0,-0.0,0.0,4,5,5,1,REDUP(畳語・同一)
ぴょっ,6,8,0,4,1,2,pjoʔ,4,8,7,6,6,3,815.8,5.31,8,8541.1,7.55,7,mh,5,#FFFFFF,100.0,-0.0,0.0,2,5,0,0,Q(促音単発)
ぴょっこり,4,17,1,5,1,10,pjokkoɾi,3,6,5,4,7,4,675.0,4.83,6,4191.8,6.35,6,mh,5,#FFFFFF,100.0,-0.0,0.0,5,5,5,8,COMPOUND(複合・異種)
ぴょっこん,6,1,0,5,1,6,pjokkoŋ,4,7,6,4,6,5,612.0,4.59,6,4892.5,6.61,7,mh,5,#FFFFFF,100.0,-0.0,0.0,5,5,5,8,COMPOUND(複合・異種)
ぴょーん,6,1,0,4,1,20,pjoːŋ,3,4,6,4,6,4,1078.3,6.02,3,7030.6,7.22,6,mh,5,#FFFFFF,100.0,-0.0,0.0,3,7,5,0,LONG(長音ー)
ぴよぴよ,6,8,0,5,1,1,pijopijo,3,4,4,4,7,5,1053.7,5.96,3,5459.2,6.79,5,mh,5,#FFFACD,97.6,-5.4,22.2,4,5,5,1,REDUP(畳語・同一)
ぴりり,4,17,1,5,1,8,piɾiɾi,3,6,7,5,7,3,1127.1,6.13,6,7297.1,7.29,6,h,6,#FFFFFF,100.0,-0.0,0.0,4,6,0,0,RI(り単発)
ぴろぴろぴー,6,8,0,5,1,16,piɾopiɾopiː,3,4,6,4,8,4,1674.5,7.13,2,8613.7,7.57,6,mh,5,#FFFFFF,100.0,-0.0,0.0,3,7,5,0,LONG(長音ー)
ぴろろん,6,1,0,5,1,4,piɾoɾoŋ,4,7,7,4,6,5,872.1,5.48,6,5547.3,6.82,7,0,4,#808080,53.6,-0.0,0.0,3,6,5,0,N(撥音単発)
ぴんしゃん,6,1,0,5,1,4,piŋɕaŋ,4,6,7,4,5,5,794.7,5.25,5,7643.7,7.37,7,mh,5,#ADFF2F,92.0,-52.5,81.9,5,5,5,8,COMPOUND(複合・異種)
ぴんひょろ,6,0,0,5,1,4,piŋçjoɾo,3,5,5,4,8,5,943.3,5.68,5,4020.1,6.27,6,mh,5,#ADFF2F,92.0,-52.5,81.9,5,5,5,8,COMPOUND(複合・異種)
ぴんぼーん,6,1,0,6,2,20,pimboːŋ,4,4,6,4,6,4,1021.1,5.88,2,7673.7,7.37,6,mh,5,#ADFF2F,92.0,-52.5,81.9,3,7,5,0,LONG(長音ー)
ぴんぽん,6,1,0,4,1,4,pimpoŋ,3,6,7,4,5,5,779.9,5.20,6,6057.4,6.97,7,mh,5,#ADFF2F,92.0,-52.5,81.9,3,6,5,0,N(撥音単発)
ぴんよろ,6,0,0,5,1,4,piŋjoɾo,4,4,5,4,7,5,669.2,4.81,4,3406.0,5.99,7,0,4,#A9A9A9,69.2,-0.0,0.0,5,5,5,8,COMPOUND(複合・異種)
ぴー,6,8,0,4,1,16,piː,3,3,5,5,7,4,1603.6,7.02,1,8650.7,7.58,5,mh,5,#FFFF00,97.1,-21.6,94.5,2,7,5,0,LONG(長音ー)
ぴーちくぱーちく,6,8,0,5,1,16,piːtɕikupaːtɕiku,2,5,6,5,6,3,2032.7,7.62,3,9294.9,7.70,5,0,4,#FFFFE0,99.3,-5.1,14.8,3,6,5,0,LONG(長音ー)
ぴーちょほい,6,8,0,5,1,16,piːtɕohoi,2,4,5,4,8,4,1721.4,7.20,3,7768.3,7.39,5,mh,5,#FFFFE0,99.3,-5.1,14.8,3,7,5,0,LONG(長音ー)
ぴーひゃら,6,8,0,5,1,16,piːçjaɾa,2,3,5,3,8,3,1677.7,7.14,1,9200.0,7.68,5,mh,5,#FFD700,86.9,-1.9,87.1,2,7,5,0,LONG(長音ー)
ぴーひょろ,6,8,0,5,1,16,piːçjoɾo,2,3,5,4,8,4,1474.7,6.81,1,6631.1,7.12,5,0,4,#FFD700,86.9,-1.9,87.1,2,7,5,0,LONG(長音ー)
ふあっ,6,8,0,1,1,2,ɸuaʔ,4,7,6,6,6,4,499.0,4.07,7,7493.1,7.33,7,mh,5,#000000,0.0,0.0,0.0,2,5,0,0,Q(促音単発)
ふあーっ,6,8,0,1,1,18,ɸuaːʔ,3,4,5,5,7,4,752.6,5.11,4,6477.4,7.08,6,mh,5,#FF0000,53.2,80.1,67.2,2,6,5,0,LONG(長音ー)
ふいっ,6,8,0,1,1,2,ɸuiʔ,4,7,6,6,6,3,620.6,4.62,7,7417.1,7.32,7,mh,5,#000000,0.0,0.0,0.0,2,5,0,0,Q(促音単発)
ふかーり,4,17,1,1,1,24,ɸukaːɾi,2,5,5,3,8,3,580.3,4.45,5,3318.4,5.95,5,mh,5,#FFFFFF,100.0,-0.0,0.0,4,6,0,0,RI(り単発)
ふがふか,6,0,0,3,2,32,ɸuɡaɸuka,3,4,4,4,7,4,308.0,2.85,5,2162.1,5.22,5,mh,5,#FFF5EE,97.1,2.2,4.6,5,5,0,8,COMPOUND(複合・異種)
ふぎゃああ,6,0,0,3,2,32,ɸuɡjaaa,4,4,4,3,7,5,363.2,3.26,4,5493.3,6.80,6,mh,5,#8F502F,40.9,23.3,30.5,5,5,0,8,COMPOUND(複合・異種)
ふくふく,6,8,0,1,1,1,ɸukuɸuku,3,4,3,4,7,5,351.9,3.18,4,1667.6,4.78,5,mh,5,#FFF5EE,97.1,2.2,4.6,4,5,5,1,REDUP(畳語・同一)
ふっ,6,8,0,1,1,2,ɸuʔ,4,7,6,7,6,3,529.3,4.22,8,7573.4,7.35,7,mh,5,#000000,0.0,0.0,0.0,2,5,0,0,Q(促音単発)
ふっくり,4,17,1,1,1,10,ɸukkuɾi,3,5,5,5,7,4,335.8,3.07,6,2032.8,5.12,6,mh,5,#FFE4E1,92.7,8.7,4.8,5,5,5,8,COMPOUND(複合・異種)
ふっつり,4,17,1,1,1,10,ɸuttsuɾi,3,5,5,5,7,4,371.1,3.32,6,2265.6,5.30,6,mh,5,#000000,0.0,0.0,0.0,5,5,5,8,COMPOUND(複合・異種)
ふっふっふ,6,0,0,1,1,2,ɸupɸupɸu,3,5,4,5,7,5,413.9,3.60,6,4129.6,6.32,7,mh,5,#FFFFFF,100.0,-0.0,0.0,5,5,0,8,COMPOUND(複合・異種)
ふにゃっ,6,8,0,1,1,2,ɸuɲaʔ,3,7,5,5,7,5,527.3,4.21,7,7182.3,7.26,8,mh,5,#F5DEB3,89.4,1.5,24.0,3,5,0,0,Q(促音単発)
ふにゃり,4,17,1,1,1,8,ɸuɲaɾi,2,5,5,3,8,5,439.0,3.74,5,3261.9,5.92,6,mh,5,#F5DEB3,89.4,1.5,24.0,4,6,0,0,RI(り単発)
ふにゃん,6,1,0,1,1,4,ɸuɲaŋ,3,6,6,4,6,6,427.3,3.68,5,4530.5,6.48,7,0,4,#F5DEB3,89.4,1.5,24.0,3,6,5,0,N(撥音単発)
ふはり,4,17,1,1,1,8,ɸuhaɾi,2,6,5,4,8,4,504.7,4.10,6,3637.1,6.10,5,mh,5,#FFFFFF,100.0,-0.0,0.0,4,6,0,0,RI(り単発)
ふふふ,6,0,0,1,1,32,ɸuɸuɸu,3,4,4,5,7,5,366.2,3.29,5,2883.8,5.71,6,mh,5,#FFF0F5,96.1,5.9,-0.6,5,5,0,8,COMPOUND(複合・異種)
ふふん,6,1,0,1,1,4,ɸuɸuŋ,3,6,6,5,6,5,399.8,3.51,6,3748.3,6.16,6,0,4,#8B0000,28.1,51.0,41.3,3,6,5,0,N(撥音単発)
ふらりふらり,4,17,1,1,1,9,ɸuɾaɾiɸuɾaɾi,2,4,4,3,8,4,475.8,3.95,4,2906.2,5.72,5,mh,5,#FFFFFF,100.0,-0.0,0.0,4,5,5,1,REDUP(畳語・同一)
ふわ,6,0,0,1,1,32,ɸuwa,3,4,3,4,7,5,288.0,2.68,4,3152.7,5.86,5,mh,5,#F5F5F5,96.5,-0.0,0.0,5,5,0,8,COMPOUND(複合・異種)
ふわっ,6,8,0,1,1,2,ɸuwaʔ,4,7,6,5,7,3,490.3,4.02,7,7741.5,7.39,7,mh,5,#F5F5F5,96.5,-0.0,0.0,3,5,0,0,Q(促音単発)
ふわーっ,6,8,0,1,1,18,ɸuwaːʔ,3,4,5,5,7,4,704.0,4.94,4,7036.5,7.23,6,mh,5,#F5F5F5,96.5,-0.0,0.0,3,6,5,0,LONG(長音ー)
ふんふん,6,1,0,1,1,5,ɸuŋɸuŋ,4,5,5,4,6,5,310.5,2.87,4,3320.3,5.95,6,mh,5,#8B0000,28.1,51.0,41.3,4,5,5,1,REDUP(畳語・同一)
ぶくっ,6,8,0,3,2,2,bukuʔ,5,7,6,7,6,4,366.9,3.29,8,7494.9,7.33,7,0,4,#000000,0.0,0.0,0.0,2,5,0,0,Q(促音単発)
ぶすぶす,6,8,0,3,2,1,busubusu,5,5,4,4,7,5,387.5,3.43,4,5831.2,6.91,6,mc,3,#9F7C63,54.7,10.0,18.9,4,5,5,1,REDUP(畳語・同一)
ぶすり,4,17,1,3,2,8,busuɾi,3,6,5,4,8,5,402.1,3.52,5,4636.1,6.52,6,0,4,#FFFFFF,100.0,-0.0,0.0,4,6,0,0,RI(り単発)
ぶすりぶすり,4,17,1,3,2,9,busuɾibusuɾi,4,5,4,4,7,5,429.9,3.69,5,5132.9,6.69,6,0,4,#9F7C63,54.7,10.0,18.9,4,5,5,1,REDUP(畳語・同一)
ぶっつり,4,17,1,3,2,10,buttsuɾi,4,5,5,5,7,5,295.0,2.74,6,2959.6,5.75,7,0,4,#000000,0.0,0.0,0.0,5,5,5,8,COMPOUND(複合・異種)
ぶっぶっ,6,8,0,2,2,3,bubbuʔ,6,6,5,6,6,6,248.3,2.30,6,6348.0,7.05,7,0,4,#FF4500,57.6,67.8,69.0,4,5,5,1,REDUP(畳語・同一)
ぶつぶつ,6,8,0,3,2,1,butsubutsu,5,5,5,5,6,6,328.6,3.01,5,4489.2,6.46,7,0,4,#FF4500,57.6,67.8,69.0,4,5,5,1,REDUP(畳語・同一)
ぶつり,4,17,1,3,2,8,butsuɾi,4,6,6,5,7,5,387.6,3.43,6,3953.3,6.25,6,0,4,#FFFFFF,100.0,-0.0,0.0,4,6,0,0,RI(り単発)
ぶよぶよ,6,8,0,3,2,1,bujobujo,5,3,3,4,7,7,154.5,1.10,3,3456.1,6.02,6,mc,3,#4682B4,52.5,-4.1,-32.2,4,5,5,1,REDUP(畳語・同一)
ぶらりぶらり,4,17,1,3,2,9,buɾaɾibuɾaɾi,4,5,4,3,8,4,367.9,3.30,4,4154.2,6.33,5,0,4,#8B4513,37.5,26.4,41.0,4,5,5,1,REDUP(畳語・同一)
ぶらん,6,1,0,3,2,4,buɾaŋ,5,6,6,4,6,5,318.0,2.93,5,5052.7,6.66,6,mc,3,#8B4513,37.5,26.4,41.0,3,6,5,0,N(撥音単発)
ぶりぶり,4,17,1,3,2,9,buɾibuɾi,5,5,5,5,7,5,348.9,3.16,5,5293.2,6.74,6,0,4,#8B4513,37.5,26.4,41.0,4,5,5,1,REDUP(畳語・同一)
ぶるっ,6,8,0,3,2,2,buɾuʔ,5,7,6,6,6,4,410.1,3.57,7,8200.3,7.49,7,0,4,#000000,0.0,0.0,0.0,2,5,0,0,Q(促音単発)
ぶるるっ,6,8,0,3,2,2,buɾuɾuʔ,5,7,6,6,6,4,387.6,3.43,7,7454.1,7.32,7,mc,3,#0000FF,32.3,79.2,-107.9,3,5,0,0,Q(促音単発)
ぶるん,6,1,0,3,2,4,buɾuŋ,5,7,6,5,5,5,333.7,3.05,6,5454.9,6.79,7,mc,3,#0000FF,32.3,79.2,-107.9,3,6,5,0,N(撥音単発)
ぶるんぶるん,6,1,0,3,2,5,buɾumbuɾuŋ,5,6,5,4,6,6,240.7,2.22,4,5863.4,6.92,7,mc,3,#0000FF,32.3,79.2,-107.9,4,5,5,1,REDUP(畳語・同一)
ぶろろろ,6,0,0,3,2,32,buɾoɾoɾo,5,4,4,4,8,7,123.4,0.53,4,1451.4,4.54,7,mc,3,#9ACD32,76.5,-38.0,66.6,5,5,0,8,COMPOUND(複合・異種)
ぶーズー,6,8,0,2,2,16,buːズː,4,2,5,4,7,5,840.3,5.39,1,6092.1,6.98,6,0,4,#FFD700,86.9,-1.9,87.1,2,7,5,0,LONG(長音ー)
ぷいっ,6,8,0,5,1,2,puiʔ,4,8,7,7,6,4,644.0,4.71,8,8034.7,7.45,7,mh,5,#000000,0.0,0.0,0.0,2,5,0,0,Q(促音単発)
ぷかり,4,17,1,5,1,8,pukaɾi,3,6,6,4,7,4,535.8,4.25,6,3789.8,6.17,6,mh,5,#FFFFFF,100.0,-0.0,0.0,4,6,0,0,RI(り単発)
ぷかりぷかり,4,17,1,5,1,9,pukaɾipukaɾi,3,6,5,4,7,3,640.4,4.70,5,4102.2,6.31,5,mh,5,#F0FFFF,98.9,-4.9,-1.7,4,5,5,1,REDUP(畳語・同一)
ぷかーり,4,17,1,5,1,24,pukaːɾi,3,5,6,4,7,4,591.9,4.50,5,3763.7,6.16,5,h,6,#FFFFFF,100.0,-0.0,0.0,4,6,0,0,RI(り単発)
ぷくぷく,6,8,0,5,1,1,pukupuku,4,5,5,5,7,6,376.7,3.36,4,3169.3,5.87,6,mh,5,#FFB6C1,81.1,28.0,5.0,4,5,5,1,REDUP(畳語・同一)
ぷすぷす,6,8,0,5,1,1,pusupusu,3,5,4,4,7,5,586.4,4.48,4,4666.4,6.53,5,0,4,#FFFACD,97.6,-5.4,22.2,4,5,5,1,REDUP(畳語・同一)
ぷすり,4,17,1,5,1,8,pusuɾi,3,6,6,4,8,4,517.6,4.16,6,3955.1,6.25,6,mh,5,#FFFFFF,100.0,-0.0,0.0,4,6,0,0,RI(り単発)
ぷすん,6,1,0,5,1,4,pusuŋ,4,7,7,6,5,5,516.2,4.15,6,5906.1,6.93,7,0,4,#808080,53.6,-0.0,0.0,3,6,5,0,N(撥音単発)
ぷちぷち,6,8,0,5,1,1,putɕiputɕi,4,6,5,6,5,6,967.7,5.75,6,5001.6,6.65,7,0,4,#FF1493,56.0,84.5,-5.7,4,5,5,1,REDUP(畳語・同一)
ぷっ,6,8,0,4,1,2,puʔ,4,8,7,7,6,4,558.4,4.35,8,8183.2,7.48,8,mh,5,#000000,0.0,0.0,0.0,2,5,0,0,Q(促音単発)
ぷっくり,4,17,1,5,1,10,pukkuɾi,4,5,5,5,7,5,330.3,3.02,6,2292.7,5.32,6,mh,5,#8B4513,37.5,26.4,41.0,5,5,5,8,COMPOUND(複合・異種)
ぷっつり,4,17,1,5,1,10,puttsuɾi,4,5,5,5,7,5,386.4,3.42,6,2510.0,5.47,7,mh,5,#000000,0.0,0.0,0.0,5,5,5,8,COMPOUND(複合・異種)
ぷっつん,6,1,0,5,1,6,puttsuŋ,4,7,7,6,5,5,497.9,4.06,7,5395.2,6.77,7,0,4,#8B0000,28.1,51.0,41.3,3,6,5,0,N(撥音単発)
ぷつっ,6,8,0,5,1,2,putsuʔ,4,8,7,7,6,4,543.1,4.28,8,7688.2,7.38,8,mh,5,#000000,0.0,0.0,0.0,2,5,0,0,Q(促音単発)
ぷつぷつ,6,8,0,5,1,1,putsuputsu,4,5,5,6,6,6,466.4,3.90,5,3488.0,6.03,7,mh,5,#FF4500,57.6,67.8,69.0,4,5,5,1,REDUP(畳語・同一)
ぷつん,6,1,0,5,1,4,putsuŋ,4,7,7,6,5,5,480.5,3.97,6,5172.0,6.70,7,0,4,#8B0000,28.1,51.0,41.3,3,6,5,0,N(撥音単発)
ぷらぷら,6,8,0,5,1,1,puɾapuɾa,3,4,3,3,8,5,419.0,3.63,3,3577.0,6.08,5,mh,5,#FF1493,56.0,84.5,-5.7,4,5,5,1,REDUP(畳語・同一)
ぷらん,6,1,0,5,1,4,puɾaŋ,4,6,7,4,6,5,445.6,3.78,6,4415.5,6.43,6,0,4,#808080,53.6,-0.0,0.0,3,6,5,0,N(撥音単発)
ぷりんぷりん,6,1,0,5,1,5,puɾimpuɾiŋ,4,6,6,5,5,6,760.8,5.14,5,5006.1,6.65,7,0,4,#FF1493,56.0,84.5,-5.7,4,5,5,1,REDUP(畳語・同一)
ぷるんぷるん,6,1,0,5,1,5,puɾumpuɾuŋ,4,5,6,5,6,6,349.7,3.17,4,3825.5,6.19,7,mh,5,#FF0000,53.2,80.1,67.2,4,5,5,1,REDUP(畳語・同一)
ぷーん,6,1,0,4,1,20,puːŋ,4,4,6,5,6,5,855.2,5.43,2,6256.5,7.03,6,mh,5,#FFD700,86.9,-1.9,87.1,3,7,5,0,LONG(長音ー)
へこへこ,6,8,0,1,1,1,hekoheko,3,5,4,4,6,5,454.7,3.83,5,2813.5,5.67,5,0,4,#FFD700,86.9,-1.9,87.1,4,5,5,1,REDUP(畳語・同一)
へっくしょん,6,1,0,1,1,6,hekkuɕoŋ,5,6,6,5,6,6,348.3,3.16,7,4495.9,6.46,7,0,4,#FFFFFF,100.0,-0.0,0.0,5,5,5,8,COMPOUND(複合・異種)
へっへっ,6,8,0,1,1,3,hehheʔ,4,6,5,5,6,5,434.5,3.72,6,4670.2,6.53,6,0,4,#2F4F4F,31.3,-11.7,-3.7,4,5,5,1,REDUP(畳語・同一)
へろへろ,6,8,0,1,1,1,heɾoheɾo,4,4,3,3,8,6,375.0,3.35,3,1602.4,4.71,6,0,4,#FFFFE0,99.3,-5.1,14.8,4,5,5,1,REDUP(畳語・同一)
べこべこ,6,8,0,3,2,1,bekobeko,5,5,5,5,6,5,477.0,3.95,5,4753.9,6.56,6,0,4,#DAA520,70.8,8.5,68.8,4,5,5,1,REDUP(畳語・同一)
べこり,4,17,1,3,2,8,bekoɾi,3,6,6,4,7,4,526.7,4.21,6,4288.8,6.38,6,mh,5,#FFFFFF,100.0,-0.0,0.0,4,6,0,0,RI(り単発)
べたっ,6,8,0,3,2,2,betaʔ,5,7,6,7,5,5,443.7,3.77,7,7928.5,7.43,8,0,4,#000000,0.0,0.0,0.0,3,5,0,0,Q(促音単発)
べたり,4,17,1,3,2,8,betaɾi,4,5,5,5,7,5,396.1,3.48,6,3483.8,6.03,6,mh,5,#FFFFFF,100.0,-0.0,0.0,4,6,0,0,RI(り単発)
べちゃくちゃ,6,0,0,3,2,32,betɕakutɕa,4,6,5,5,5,7,792.6,5.24,6,7283.5,7.28,7,0,4,#FF69B4,65.5,64.2,-10.6,5,5,0,8,COMPOUND(複合・異種)
べちゃべちゃ,6,8,0,3,2,1,betɕabetɕa,5,5,4,4,5,7,843.6,5.40,5,7940.7,7.43,7,0,4,#8B4513,37.5,26.4,41.0,4,5,5,1,REDUP(畳語・同一)
べっちゃんこ,6,0,0,3,2,6,bettɕaŋko,5,6,6,6,4,6,541.6,4.28,6,5162.6,6.70,8,0,4,#708090,52.8,-2.1,-10.6,5,5,5,8,COMPOUND(複合・異種)
べらべらっ,6,8,0,3,2,2,beɾabeɾaʔ,5,7,6,5,7,4,523.0,4.19,6,9140.4,7.67,7,mh,5,#FF8C00,69.5,36.8,75.5,3,5,0,0,Q(促音単発)
べりべり,4,17,1,3,2,9,beɾibeɾi,4,5,5,5,6,5,556.0,4.34,5,5227.1,6.72,6,mh,5,#FF8C00,69.5,36.8,75.5,4,5,5,1,REDUP(畳語・同一)
べりべりっ,6,8,0,3,2,2,beɾibeɾiʔ,5,7,7,7,5,4,787.7,5.22,7,8793.4,7.60,8,0,4,#FF8C00,69.5,36.8,75.5,3,5,0,0,Q(促音単発)
べろっ,6,8,0,3,2,2,beɾoʔ,5,7,6,6,6,4,496.1,4.05,7,7346.0,7.30,7,0,4,#000000,0.0,0.0,0.0,2,5,0,0,Q(促音単発)
べろべろ,6,8,0,3,2,1,beɾobeɾo,5,4,4,4,7,6,362.2,3.26,3,3562.5,6.07,7,0,4,#FF8C00,69.5,36.8,75.5,4,5,5,1,REDUP(畳語・同一)
べろべろっ,6,8,0,3,2,2,beɾobeɾoʔ,5,7,6,6,6,5,457.0,3.85,7,6626.3,7.12,8,0,4,#FFB6C1,81.1,28.0,5.0,3,5,0,0,Q(促音単発)
べろりべろり,4,17,1,3,2,9,beɾoɾibeɾoɾi,4,5,4,4,7,5,519.3,4.17,4,3638.2,6.11,6,0,4,#FFC0CB,83.6,24.1,3.3,4,5,5,1,REDUP(畳語・同一)
べろんべろん,6,1,0,3,2,5,beɾombeɾoŋ,5,5,5,4,6,6,353.0,3.19,4,4294.4,6.39,7,0,4,#FF8C00,69.5,36.8,75.5,4,5,5,1,REDUP(畳語・同一)
ぺかぺか,6,8,0,5,1,1,pekapeka,3,6,5,3,6,4,727.8,5.02,5,6663.0,7.13,5,mh,5,#FFD700,86.9,-1.9,87.1,4,5,5,1,REDUP(畳語・同一)
ぺこん,6,1,0,5,1,4,pekoŋ,4,7,7,5,5,5,554.2,4.33,7,5894.4,6.92,7,0,4,#FFD700,86.9,-1.9,87.1,3,6,5,0,N(撥音単発)
ぺしゃっ,6,8,0,5,1,2,peɕaʔ,4,8,7,6,6,4,729.9,5.03,8,11053.6,7.99,7,0,4,#808080,53.6,-0.0,0.0,3,5,0,0,Q(促音単発)
ぺしゃんこ,6,0,0,5,1,4,peɕaŋko,4,6,6,4,6,6,491.7,4.03,6,6671.6,7.14,7,0,4,#708090,52.8,-2.1,-10.6,5,5,5,8,COMPOUND(複合・異種)
ぺたっ,6,8,0,5,1,2,petaʔ,4,8,7,6,6,4,524.6,4.20,8,9324.4,7.70,7,0,4,#000000,0.0,0.0,0.0,2,5,0,0,Q(促音単発)
ぺたべた,6,0,0,7,2,32,petabeta,5,5,4,5,6,7,312.5,2.88,6,4207.1,6.35,7,mh,5,#8B4513,37.5,26.4,41.0,5,5,0,8,COMPOUND(複合・異種)
ぺたり,4,17,1,5,1,8,petaɾi,3,6,6,4,7,5,470.5,3.92,6,4568.2,6.49,6,mh,5,#FFFFFF,100.0,-0.0,0.0,4,6,0,0,RI(り単発)
ぺたん,6,1,0,5,1,4,petaŋ,4,7,7,5,5,6,478.0,3.96,7,6125.2,6.99,7,0,4,#808080,53.6,-0.0,0.0,3,6,5,0,N(撥音単発)
ぺちゃぺちゃ,6,8,0,5,1,1,petɕapetɕa,4,6,5,4,6,7,885.9,5.52,5,9105.9,7.66,7,0,4,#FF69B4,65.5,64.2,-10.6,4,5,5,1,REDUP(畳語・同一)
ぺちゃん,6,1,0,5,1,4,petɕaŋ,4,8,7,5,5,6,765.0,5.15,7,8671.5,7.58,8,0,4,#708090,52.8,-2.1,-10.6,3,6,5,0,N(撥音単発)
ぺっ,6,8,0,4,1,2,peʔ,4,8,7,6,6,4,626.6,4.65,8,9112.4,7.66,7,0,4,#000000,0.0,0.0,0.0,2,5,0,0,Q(促音単発)
ぺったん,6,1,0,5,1,6,pettaŋ,5,7,7,5,4,6,450.8,3.81,7,7067.9,7.23,8,0,4,#FFFFFF,100.0,-0.0,0.0,3,6,5,0,N(撥音単発)
ぺったんこ,6,0,0,5,1,6,pettaŋko,5,6,6,5,5,6,309.4,2.86,6,5340.1,6.76,7,mh,5,#FFFFFF,100.0,-0.0,0.0,5,5,5,8,COMPOUND(複合・異種)
ぺっとり,4,17,1,5,1,10,pettoɾi,4,5,5,4,7,5,393.3,3.47,6,4116.2,6.31,7,mh,5,#D8BFD8,80.1,13.2,-9.2,5,5,5,8,COMPOUND(複合・異種)
ぺっぺっ,6,8,0,4,1,3,peppeʔ,4,6,5,5,6,5,527.7,4.21,6,7023.9,7.22,7,0,4,#FFFFFF,100.0,-0.0,0.0,4,5,5,1,REDUP(畳語・同一)
ぺらぺら,4,0,0,5,1,1,peɾapeɾa,2,6,4,2,8,4,697.8,4.92,4,6976.9,7.21,5,mh,5,#FFFFFF,100.0,-0.0,0.0,4,5,5,1,REDUP(畳語・同一)
ぺろぺろっ,6,8,0,5,1,2,peɾopeɾoʔ,3,7,6,5,7,5,590.7,4.50,7,6897.1,7.19,7,0,4,#FFC0CB,83.6,24.1,3.3,3,5,0,0,Q(促音単発)
ぺろり,4,17,1,5,1,8,peɾoɾi,2,6,6,4,8,5,572.3,4.42,6,4244.0,6.37,6,mh,5,#FFC0CB,83.6,24.1,3.3,4,6,0,0,RI(り単発)
ぺろりぺろり,4,17,1,5,1,9,peɾoɾipeɾoɾi,3,5,5,3,7,5,706.5,4.95,5,4713.1,6.54,6,0,4,#FFC0CB,83.6,24.1,3.3,4,5,5,1,REDUP(畳語・同一)
ぺんぺん,6,1,0,4,1,5,pempeŋ,4,6,6,4,5,6,492.1,4.03,5,6221.4,7.02,7,0,4,#FFFFFF,100.0,-0.0,0.0,4,5,5,1,REDUP(畳語・同一)
ほぎゃー,6,8,0,3,2,16,hoɡjaː,4,3,5,3,7,4,1067.6,5.99,1,7897.1,7.42,5,mh,5,#C08955,61.4,15.2,36.0,2,7,5,0,LONG(長音ー)
ほぎゃーほぎゃー,6,8,0,3,2,17,hoɡjaːhoɡjaː,5,4,5,2,7,5,845.0,5.40,2,8459.9,7.54,6,mh,5,#FF4500,57.6,67.8,69.0,4,5,5,1,REDUP(畳語・同一)
ほぞんかけたか,6,0,0,3,2,4,hozoŋkaketaka,4,5,5,4,6,3,454.3,3.83,6,4195.7,6.35,6,mh,5,#FFD700,86.9,-1.9,87.1,5,5,5,8,COMPOUND(複合・異種)
ほっかほか,6,0,0,1,1,2,hokkahoka,3,5,5,3,7,3,555.9,4.34,5,3269.4,5.92,5,mh,5,#FF4500,57.6,67.8,69.0,5,5,0,8,COMPOUND(複合・異種)
ほっかほっか,6,8,0,1,1,3,hokkahokka,3,5,5,3,7,3,662.7,4.79,5,4311.1,6.39,5,mh,5,#FF4500,57.6,67.8,69.0,4,5,5,1,REDUP(畳語・同一)
ほっかり,4,17,1,1,1,10,hokkaɾi,3,5,5,4,7,4,497.1,4.06,6,2748.4,5.63,6,mh,5,#FFFFFF,100.0,-0.0,0.0,5,5,5,8,COMPOUND(複合・異種)
ほっちり,4,17,1,1,1,10,hottɕiɾi,3,5,6,5,6,4,702.2,4.93,6,3047.1,5.80,6,mh,5,#708090,52.8,-2.1,-10.6,5,5,5,8,COMPOUND(複合・異種)
ほっほー,6,8,0,1,1,18,hohhoː,3,2,5,4,8,4,855.5,5.43,1,4600.7,6.50,5,mh,5,#F5F5F5,96.5,-0.0,0.0,2,7,5,0,LONG(長音ー)
ほととぎす,6,0,0,3,2,32,hototoɡisu,4,4,5,5,7,4,487.4,4.01,5,3675.8,6.12,6,0,4,#483D8B,30.8,26.1,-42.1,5,5,0,8,COMPOUND(複合・異種)
ほのぼの,12,2048,0,3,2,32,honobono,5,3,3,4,7,6,168.5,1.32,4,1621.9,4.73,6,mh,5,#FFF0F5,96.1,5.9,-0.6,5,5,0,8,COMPOUND(複合・異種)
ほほ,6,0,0,1,1,32,hoho,3,4,4,4,8,5,454.6,3.83,4,2194.6,5.25,5,mh,5,#F5F5DC,95.9,-4.2,12.0,5,5,0,8,COMPOUND(複合・異種)
ほほう,6,0,0,1,2,32,hohou,3,4,4,4,7,5,521.5,4.18,4,2314.7,5.34,5,mh,5,#F5F5DC,95.9,-4.2,12.0,5,5,0,8,COMPOUND(複合・異種)
ほほほ,6,0,0,1,1,32,hohoho,3,4,5,4,8,5,491.1,4.03,4,2446.4,5.43,5,mh,5,#F5F5DC,95.9,-4.2,12.0,5,5,0,8,COMPOUND(複合・異種)
ほろほろ,6,8,0,1,1,1,hoɾohoɾo,3,4,3,3,8,5,416.1,3.61,3,1556.3,4.66,5,0,4,#FFFFFF,100.0,-0.0,0.0,4,5,5,1,REDUP(畳語・同一)
ほろり,4,17,1,1,1,8,hoɾoɾi,2,5,5,4,8,5,504.0,4.09,5,2778.6,5.65,6,mh,5,#FFFFFF,100.0,-0.0,0.0,4,6,0,0,RI(り単発)
ほろろ,6,0,0,1,1,32,hoɾoɾo,4,4,4,3,8,6,309.2,2.86,4,875.7,3.69,6,0,4,#FFFFFF,100.0,-0.0,0.0,5,5,0,8,COMPOUND(複合・異種)
ほんぼこりん,6,1,0,3,2,4,hombokoɾiŋ,4,5,5,4,6,5,563.7,4.38,5,3151.5,5.86,6,0,4,#8B4513,37.5,26.4,41.0,5,5,5,8,COMPOUND(複合・異種)
ほんわり,4,17,1,1,1,12,hoŋwaɾi,3,4,4,3,8,5,345.0,3.13,4,2562.1,5.51,5,mh,5,#FFFACD,97.6,-5.4,22.2,5,5,5,8,COMPOUND(複合・異種)
ほーほ,6,8,0,1,1,16,hoːho,3,2,4,4,8,4,781.5,5.20,2,4269.6,6.38,5,mh,5,#F5F5F5,96.5,-0.0,0.0,2,7,5,0,LONG(長音ー)
ほーほけきょ,6,8,0,1,1,16,hoːhokekjo,3,3,5,3,8,4,1029.7,5.90,2,5789.6,6.89,5,mh,5,#ADFF2F,92.0,-52.5,81.9,3,6,5,0,LONG(長音ー)
ぼいん,6,1,0,3,2,4,boiŋ,5,6,6,6,5,5,567.0,4.39,6,5276.7,6.74,7,mc,3,#808080,53.6,-0.0,0.0,3,6,5,0,N(撥音単発)
ぼかすか,6,0,0,3,2,32,bokasuka,4,5,4,4,7,2,602.3,4.55,5,6159.6,7.00,4,0,4,#F5F5F5,96.5,-0.0,0.0,5,5,0,8,COMPOUND(複合・異種)
ぼかぼか,6,8,0,3,2,1,bokaboka,5,5,3,4,6,4,354.0,3.20,4,5542.0,6.82,6,0,4,#8B4513,37.5,26.4,41.0,4,5,5,1,REDUP(畳語・同一)
ぼきっ,6,8,0,3,2,2,bokiʔ,5,8,7,7,5,3,709.2,4.96,8,9475.3,7.73,7,0,4,#000000,0.0,0.0,0.0,2,5,0,0,Q(促音単発)
ぼきぱき,6,0,0,7,2,32,bokipaki,4,7,6,6,4,3,1070.3,6.00,7,8359.6,7.52,6,0,4,#FFFFFF,100.0,-0.0,0.0,5,5,0,8,COMPOUND(複合・異種)
ぼきぼき,6,8,0,3,2,1,bokiboki,5,6,5,6,5,4,659.0,4.77,5,7097.7,7.24,6,0,4,#8B4513,37.5,26.4,41.0,4,5,5,1,REDUP(畳語・同一)
ぼけーっ,6,8,0,3,2,18,bokeːʔ,5,5,5,6,6,3,758.1,5.13,5,8047.7,7.45,6,0,4,#F0FFFF,98.9,-4.9,-1.7,2,6,5,0,LONG(長音ー)
ぼこり,4,17,1,3,2,8,bokoɾi,4,6,5,5,7,4,443.9,3.77,6,4023.6,6.28,6,mh,5,#8B4513,37.5,26.4,41.0,4,6,0,0,RI(り単発)
ぼそっ,6,8,0,3,2,2,bosoʔ,5,7,6,7,6,3,546.4,4.30,7,8223.7,7.49,7,0,4,#000000,0.0,0.0,0.0,2,5,0,0,Q(促音単発)
ぼそり,4,17,1,3,2,8,bosoɾi,3,5,5,5,8,3,547.3,4.30,6,4399.5,6.43,6,0,4,#FFFFFF,100.0,-0.0,0.0,4,6,0,0,RI(り単発)
ぼそりぼそり,4,17,1,3,2,9,bosoɾibosoɾi,4,5,4,5,7,3,637.4,4.69,5,4837.9,6.59,5,mc,3,#708090,52.8,-2.1,-10.6,4,5,5,1,REDUP(畳語・同一)
ぼたりぽたり,4,17,1,7,2,8,botaɾipotaɾi,4,6,5,5,7,5,416.6,3.61,6,3360.6,5.97,6,0,4,#556B2F,42.2,-18.8,30.6,4,6,0,0,RI(り単発)
ぼっ,6,8,0,2,2,2,boʔ,5,7,6,7,6,4,469.6,3.92,8,8171.7,7.48,7,0,4,#000000,0.0,0.0,0.0,2,5,0,0,Q(促音単発)
ぼとぼと,6,8,0,3,2,1,botoboto,6,4,3,5,6,6,217.7,1.97,4,3368.0,5.97,7,mc,3,#708090,52.8,-2.1,-10.6,4,5,5,1,REDUP(畳語・同一)
ぼとり,4,17,1,3,2,8,botoɾi,4,5,5,5,7,5,372.3,3.33,5,3586.0,6.08,6,mh,5,#FFFFFF,100.0,-0.0,0.0,4,6,0,0,RI(り単発)
ぼとん,6,1,0,3,2,4,botoŋ,5,6,6,6,5,5,325.9,2.99,6,4484.1,6.46,7,mc,3,#000000,0.0,0.0,0.0,3,6,5,0,N(撥音単発)
ぼやっ,6,8,0,3,2,2,bojaʔ,5,7,6,6,6,4,502.8,4.09,7,8095.4,7.46,7,0,4,#BDB76B,73.4,-8.8,39.3,2,5,0,0,Q(促音単発)
ぼやーっ,6,8,0,3,2,18,bojaːʔ,5,4,5,5,7,4,761.3,5.14,4,7373.8,7.31,6,mh,5,#BDB76B,73.4,-8.8,39.3,2,6,5,0,LONG(長音ー)
ぼろぼろ,6,8,0,3,2,1,boɾoboɾo,5,4,3,4,7,6,165.4,1.27,3,2650.2,5.57,6,mc,3,#8B4513,37.5,26.4,41.0,4,5,5,1,REDUP(畳語・同一)
ぼろり,4,17,1,3,2,8,boɾoɾi,4,5,5,4,8,5,382.9,3.40,5,3385.9,5.98,6,0,4,#FFFFFF,100.0,-0.0,0.0,4,6,0,0,RI(り単発)
ぼん,6,1,0,2,2,4,boŋ,5,6,6,6,5,5,379.8,3.38,6,5824.1,6.90,7,mc,3,#808080,53.6,-0.0,0.0,3,6,5,0,N(撥音単発)
ぼんぼん,6,1,0,2,2,5,bomboŋ,6,5,5,5,6,6,258.4,2.40,4,5688.3,6.86,7,0,4,#0000CD,25.0,67.2,-91.5,4,5,5,1,REDUP(畳語・同一)
ぼーっ,6,8,0,2,2,18,boːʔ,5,4,5,6,6,4,729.4,5.03,4,7633.4,7.36,6,0,4,#F0FFFF,98.9,-4.9,-1.7,2,7,5,0,LONG(長音ー)
ぼーぼー,6,8,0,2,2,17,boːboː,6,3,3,4,7,5,389.5,3.44,2,4402.2,6.43,6,0,4,#8B4513,37.5,26.4,41.0,4,5,5,1,REDUP(畳語・同一)
ぽい,6,0,0,5,1,32,poi,4,5,5,4,7,5,534.5,4.24,6,4006.4,6.27,6,mh,5,#FFFFFF,100.0,-0.0,0.0,5,5,0,8,COMPOUND(複合・異種)
ぽいっ,6,8,0,5,1,2,poiʔ,4,8,6,6,6,3,705.9,4.95,8,8029.5,7.45,7,mh,5,#000000,0.0,0.0,0.0,2,5,0,0,Q(促音単発)
ぽいん,6,1,0,5,1,4,poiŋ,4,6,6,5,5,4,719.1,4.99,6,5104.3,6.68,7,0,4,#FFFFFF,100.0,-0.0,0.0,3,6,5,0,N(撥音単発)
ぽかっ,6,8,0,5,1,2,pokaʔ,4,7,7,5,6,3,641.6,4.71,8,8562.7,7.56,7,mh,5,#000000,0.0,0.0,0.0,2,5,0,0,Q(促音単発)
ぽかりぽかり,4,17,1,5,1,9,pokaɾipokaɾi,3,5,5,4,7,3,655.9,4.76,5,4273.4,6.38,5,mh,5,#FF4500,57.6,67.8,69.0,4,5,5,1,REDUP(畳語・同一)
ぽかん,6,1,0,5,1,4,pokaŋ,4,6,7,4,5,4,540.2,4.27,6,5448.3,6.79,6,0,4,#FF4500,57.6,67.8,69.0,3,6,5,0,N(撥音単発)
ぽかーん,6,1,0,5,1,20,pokaːŋ,3,4,6,3,6,4,867.8,5.47,2,5730.2,6.88,6,mh,5,#DAA520,70.8,8.5,68.8,3,7,5,0,LONG(長音ー)
ぽきりぽきり,4,17,1,5,1,9,pokiɾipokiɾi,3,6,6,5,5,2,1070.2,6.00,6,8059.2,7.46,6,0,4,#CD853F,61.8,21.4,47.9,4,5,5,1,REDUP(畳語・同一)
ぽくぽく,6,8,0,5,1,1,pokupoku,4,5,4,4,7,5,443.2,3.77,5,3159.8,5.87,6,0,4,#CD853F,61.8,21.4,47.9,4,5,5,1,REDUP(畳語・同一)
ぽけっ,6,8,0,5,1,2,pokeʔ,4,8,6,6,6,3,627.6,4.65,8,8533.7,7.55,7,mh,5,#FFFFFF,100.0,-0.0,0.0,2,5,0,0,Q(促音単発)
ぽけーっ,6,8,0,5,1,18,pokeːʔ,4,5,6,5,7,3,901.6,5.57,5,7507.8,7.34,6,mh,5,#F0FFFF,98.9,-4.9,-1.7,2,6,5,0,LONG(長音ー)
ぽこっ,6,8,0,5,1,2,pokoʔ,4,8,7,6,6,3,601.7,4.54,8,7298.4,7.29,7,mh,5,#000000,0.0,0.0,0.0,2,5,0,0,Q(促音単発)
ぽこぽこ,6,8,0,5,1,1,pokopoko,3,5,4,3,7,4,470.3,3.92,5,3044.9,5.80,5,mh,5,#FFFFFF,100.0,-0.0,0.0,4,5,5,1,REDUP(畳語・同一)
ぽこり,4,17,1,5,1,8,pokoɾi,2,6,6,4,7,4,557.5,4.35,6,3656.0,6.11,6,mh,5,#FFFFFF,100.0,-0.0,0.0,4,6,0,0,RI(り単発)
ぽこん,6,1,0,5,1,4,pokoŋ,4,7,7,5,5,4,508.4,4.12,6,4582.5,6.50,7,0,4,#808080,53.6,-0.0,0.0,3,6,5,0,N(撥音単発)
ぽこんぽこん,6,1,0,5,1,5,pokompokoŋ,3,6,5,4,6,5,394.9,3.48,5,3728.2,6.15,6,mh,5,#A9A9A9,69.2,-0.0,0.0,4,5,5,1,REDUP(畳語・同一)
ぽさーっ,6,8,0,5,1,18,posaːʔ,3,5,5,5,7,3,897.4,5.55,5,7637.1,7.36,6,mh,5,#FF0000,53.2,80.1,67.2,2,6,5,0,LONG(長音ー)
ぽしゃっ,6,8,0,5,1,2,poɕaʔ,4,8,7,5,6,4,718.0,4.99,8,10667.1,7.93,7,0,4,#778899,55.9,-2.2,-11.1,3,5,0,0,Q(促音単発)
ぽしゃり,4,17,1,5,1,8,poɕaɾi,3,6,6,4,8,5,619.2,4.62,6,6429.9,7.07,6,mh,5,#FFFFFF,100.0,-0.0,0.0,4,6,0,0,RI(り単発)
ぽしゃん,6,1,0,5,1,4,poɕaŋ,4,7,7,4,5,5,622.9,4.63,6,8208.0,7.49,7,0,4,#4682B4,52.5,-4.1,-32.2,3,6,5,0,N(撥音単発)
ぽじゃぽじゃ,6,8,0,6,2,1,podʑapodʑa,4,5,4,3,7,6,391.0,3.45,4,6732.0,7.15,7,mh,5,#FF0000,53.2,80.1,67.2,4,5,5,1,REDUP(畳語・同一)
ぽたっ,6,8,0,5,1,2,potaʔ,4,8,6,6,6,4,504.8,4.10,8,7666.5,7.37,7,0,4,#000000,0.0,0.0,0.0,2,5,0,0,Q(促音単発)
ぽたっぽたっ,6,8,0,5,1,3,potappotaʔ,4,6,5,5,7,6,342.6,3.12,6,4654.8,6.52,7,mh,5,#4169E1,47.8,26.3,-65.3,4,5,5,1,REDUP(畳語・同一)
ぽたり,4,17,1,5,1,8,potaɾi,3,6,5,4,8,5,453.3,3.83,6,3144.9,5.86,6,mh,5,#FFFFFF,100.0,-0.0,0.0,4,6,0,0,RI(り単発)
ぽちっ,6,8,0,5,1,2,potɕiʔ,4,8,7,7,5,4,905.8,5.58,8,8114.7,7.47,7,0,4,#000000,0.0,0.0,0.0,2,5,0,0,Q(促音単発)
ぽちぽち,6,8,0,5,1,1,potɕipotɕi,3,5,5,5,6,5,1023.6,5.89,6,4856.9,6.60,6,0,4,#708090,52.8,-2.1,-10.6,4,5,5,1,REDUP(畳語・同一)
ぽちゃっ,6,8,0,5,1,2,potɕaʔ,4,8,6,6,6,4,886.8,5.52,8,9758.7,7.78,8,mh,5,#000000,0.0,0.0,0.0,2,5,0,0,Q(促音単発)
ぽちゃぽちゃ,6,8,0,5,1,1,potɕapotɕa,3,6,4,3,7,6,974.3,5.76,5,7057.8,7.23,7,0,4,#4B3621,24.5,6.4,16.8,4,5,5,1,REDUP(畳語・同一)
ぽちゃり,4,17,1,5,1,8,potɕaɾi,3,6,6,4,7,5,796.5,5.25,6,5413.6,6.78,6,mh,5,#FFFFFF,100.0,-0.0,0.0,4,6,0,0,RI(り単発)
ぽちゃん,6,1,0,5,1,4,potɕaŋ,4,7,7,5,5,6,804.2,5.28,7,7230.0,7.27,7,0,4,#4682B4,52.5,-4.1,-32.2,3,6,5,0,N(撥音単発)
ぽっ,6,8,0,4,1,2,poʔ,4,7,6,6,6,4,561.6,4.37,8,7685.6,7.38,7,mh,5,#000000,0.0,0.0,0.0,2,5,0,0,Q(促音単発)
ぽっきり,4,17,1,5,1,10,pokkiɾi,3,6,6,4,7,3,649.7,4.74,6,5188.4,6.71,7,mh,5,#FFFFFF,100.0,-0.0,0.0,5,5,5,8,COMPOUND(複合・異種)
ぽっくりぽっくり,4,17,1,5,1,11,pokkuɾipokkuɾi,3,6,5,5,7,4,493.1,4.04,6,3348.1,5.96,6,mh,5,#DEB887,77.0,7.0,30.0,4,5,5,1,REDUP(畳語・同一)
ぽっこり,4,17,1,5,1,10,pokkoɾi,3,5,5,4,7,4,444.5,3.78,6,2924.4,5.73,6,mh,5,#FFFFFF,100.0,-0.0,0.0,5,5,5,8,COMPOUND(複合・異種)
ぽったり,4,17,1,5,1,10,pottaɾi,4,5,5,4,7,5,288.4,2.68,6,2471.0,5.45,6,mh,5,#FFB6C1,81.1,28.0,5.0,5,5,5,8,COMPOUND(複合・異種)
ぽっちゃん,6,1,0,5,1,6,pottɕaŋ,4,6,6,4,6,6,559.5,4.36,6,5032.8,6.66,7,mh,5,#FFB6C1,81.1,28.0,5.0,5,5,5,8,COMPOUND(複合・異種)
ぽっちり,4,17,1,5,1,10,pottɕiɾi,3,5,5,5,6,5,641.1,4.70,6,3003.3,5.78,7,mh,5,#FFB6C1,81.1,28.0,5.0,5,5,5,8,COMPOUND(複合・異種)
ぽっつり,4,17,1,5,1,10,pottsuɾi,3,4,5,4,7,5,381.0,3.39,6,2162.3,5.22,6,mh,5,#000000,0.0,0.0,0.0,5,5,5,8,COMPOUND(複合・異種)
ぽつり,4,17,1,5,1,8,potsuɾi,3,6,6,4,8,5,525.9,4.20,6,3363.8,5.97,6,mh,5,#FFFFFF,100.0,-0.0,0.0,4,6,0,0,RI(り単発)
ぽつりぽつり,4,17,1,5,1,9,potsuɾipotsuɾi,3,5,5,5,7,5,618.7,4.61,5,3533.2,6.06,6,0,4,#808080,53.6,-0.0,0.0,4,5,5,1,REDUP(畳語・同一)
ぽつん,6,1,0,5,1,4,potsuŋ,4,7,7,6,5,5,538.1,4.26,6,5027.0,6.65,7,0,4,#808080,53.6,-0.0,0.0,3,6,5,0,N(撥音単発)
ぽてぽて,6,8,0,5,1,1,potepote,4,4,3,4,7,6,445.4,3.78,4,2196.5,5.25,6,0,4,#4B3621,24.5,6.4,16.8,4,5,5,1,REDUP(畳語・同一)
ぽてり,4,17,1,5,1,8,poteɾi,3,5,5,4,8,5,503.6,4.09,6,3277.2,5.93,6,mh,5,#FFFFFF,100.0,-0.0,0.0,4,6,0,0,RI(り単発)
ぽとっ,6,8,0,5,1,2,potoʔ,4,7,6,6,6,4,536.0,4.25,8,7193.1,7.26,7,0,4,#000000,0.0,0.0,0.0,2,5,0,0,Q(促音単発)
ぽとり,4,17,1,5,1,8,potoɾi,3,5,5,4,8,5,480.7,3.97,6,3134.6,5.85,6,mh,5,#FFFFFF,100.0,-0.0,0.0,4,6,0,0,RI(り単発)
ぽとん,6,1,0,5,1,4,potoŋ,4,7,7,5,5,5,454.3,3.83,6,3959.6,6.25,7,0,4,#000000,0.0,0.0,0.0,3,6,5,0,N(撥音単発)
ぽやぽや,6,8,0,5,1,1,pojapoja,3,4,3,2,8,6,499.0,4.07,3,3505.6,6.04,5,mh,5,#D3D3D3,84.6,-0.0,0.0,4,5,5,1,REDUP(畳語・同一)
ぽよよん,6,1,0,5,1,4,pojojoŋ,4,6,6,4,6,5,428.2,3.68,5,3481.5,6.03,6,0,4,#808080,53.6,-0.0,0.0,3,6,5,0,N(撥音単発)
ぽりぽり,4,17,1,5,1,9,poɾipoɾi,3,5,5,4,7,4,653.7,4.75,5,4083.2,6.30,6,mh,5,#FFFFFF,100.0,-0.0,0.0,4,5,5,1,REDUP(畳語・同一)
ぽろっ,6,8,0,5,1,2,poɾoʔ,4,7,6,5,7,4,535.4,4.25,7,6597.1,7.12,7,0,4,#000000,0.0,0.0,0.0,2,5,0,0,Q(促音単発)
ぽろり,4,17,1,5,1,8,poɾoɾi,3,5,5,3,8,5,501.9,4.08,5,3022.5,5.79,6,mh,5,#FFFFFF,100.0,-0.0,0.0,4,6,0,0,RI(り単発)
ぽんっ,6,8,0,4,1,6,poŋʔ,4,7,7,6,6,4,550.1,4.32,7,7701.6,7.38,7,mh,5,#000000,0.0,0.0,0.0,2,5,0,0,Q(促音単発)
ぽんぽこ,6,0,0,5,1,4,pompoko,3,5,5,3,7,5,325.9,2.99,5,2653.8,5.57,6,mh,5,#FFFFFF,100.0,-0.0,0.0,5,5,5,8,COMPOUND(複合・異種)
ぽんぽこぽん,6,1,0,5,1,4,pompokopoŋ,4,5,5,3,6,5,285.1,2.65,5,2754.5,5.63,6,mh,5,#FFFFFF,100.0,-0.0,0.0,5,5,5,8,COMPOUND(複合・異種)
ぽんぽこりん,6,1,0,5,1,4,pompokoɾiŋ,3,5,6,4,6,5,584.3,4.47,5,3306.1,5.94,6,mh,5,#FFFFFF,100.0,-0.0,0.0,5,5,5,8,COMPOUND(複合・異種)
まざまざ,6,8,0,3,2,1,mazamaza,5,4,4,4,6,5,322.3,2.96,3,7638.8,7.37,6,0,4,#8B4513,37.5,26.4,41.0,4,5,5,1,REDUP(畳語・同一)
まったり,4,0,0,1,1,10,mattaɾi,5,5,5,4,6,6,264.7,2.46,6,2690.0,5.59,6,0,4,#FFFFFF,100.0,-0.0,0.0,5,5,5,8,COMPOUND(複合・異種)
みすみす,6,8,0,1,1,1,misumisu,3,4,4,5,7,5,644.7,4.72,4,3985.3,6.26,5,0,4,#808080,53.6,-0.0,0.0,4,5,5,1,REDUP(畳語・同一)
みっしり,4,17,1,1,1,10,miɕɕiɾi,5,5,6,5,6,5,552.9,4.33,6,3603.4,6.09,7,0,4,#708090,52.8,-2.1,-10.6,5,5,5,8,COMPOUND(複合・異種)
みりみり,4,17,1,1,1,9,miɾimiɾi,4,5,5,5,6,5,671.7,4.82,4,3966.2,6.25,7,mh,5,#FFFFFF,100.0,-0.0,0.0,4,5,5,1,REDUP(畳語・同一)
みんみん,6,1,0,1,1,5,mimmiŋ,5,5,5,5,5,6,458.2,3.85,4,3484.7,6.03,7,0,4,#556B2F,42.2,-18.8,30.6,4,5,5,1,REDUP(畳語・同一)
むかっ,6,8,0,1,1,2,mukaʔ,5,7,7,6,6,3,561.3,4.37,7,8130.6,7.47,8,mh,5,#000000,0.0,0.0,0.0,2,5,0,0,Q(促音単発)
むくっ,6,8,0,1,1,2,mukuʔ,4,7,6,7,6,4,409.3,3.57,7,6652.2,7.13,8,mh,5,#000000,0.0,0.0,0.0,2,5,0,0,Q(促音単発)
むくり,4,17,1,1,1,8,mukuɾi,3,5,6,5,7,5,366.0,3.28,5,2637.0,5.56,6,mh,5,#FFFFFF,100.0,-0.0,0.0,4,6,0,0,RI(り単発)
むざむざ,6,8,0,3,2,1,muzamuza,5,4,4,5,6,6,260.5,2.42,4,7201.9,7.27,7,0,4,#DAA520,70.8,8.5,68.8,4,5,5,1,REDUP(畳語・同一)
むしゃくしゃ,6,0,0,1,1,32,muɕakuɕa,4,6,5,4,6,6,675.1,4.83,6,8176.1,7.48,7,mh,5,#D2B48C,75.0,5.0,24.4,5,5,0,8,COMPOUND(複合・異種)
むちゃくちゃ,6,0,0,1,1,32,mutɕakutɕa,4,6,5,5,6,7,727.5,5.02,6,6332.3,7.05,7,mh,5,#FF69B4,65.5,64.2,-10.6,5,5,0,8,COMPOUND(複合・異種)
むっく,6,0,0,1,1,2,mukku,5,5,5,6,6,5,297.9,2.76,6,3224.2,5.90,7,mh,5,#FFFFFF,100.0,-0.0,0.0,5,5,0,8,COMPOUND(複合・異種)
むっちり,4,17,1,1,1,10,muttɕiɾi,4,5,5,6,6,5,580.9,4.45,6,3058.8,5.81,7,mh,5,#708090,52.8,-2.1,-10.6,5,5,5,8,COMPOUND(複合・異種)
むつっ,6,8,0,1,1,2,mutsuʔ,5,7,7,7,5,4,466.5,3.90,8,7075.5,7.23,8,mh,5,#000000,0.0,0.0,0.0,2,5,0,0,Q(促音単発)
むらむらっ,6,8,0,1,1,2,muɾamuɾaʔ,4,7,6,5,7,4,428.2,3.68,6,6548.3,7.10,7,mh,5,#FF00FF,60.3,98.2,-60.8,3,5,0,0,Q(促音単発)
むん,6,1,0,1,1,4,muŋ,5,6,7,6,5,6,403.8,3.53,6,4443.5,6.44,7,0,4,#808080,53.6,-0.0,0.0,3,6,5,0,N(撥音単発)
むんず,6,0,0,3,2,4,muŋzu,6,4,5,6,5,6,178.9,1.47,4,3054.6,5.81,8,mh,5,#FF8C00,69.5,36.8,75.5,5,5,5,8,COMPOUND(複合・異種)
むーっ,6,8,0,1,1,18,muːʔ,4,4,5,6,6,4,767.0,5.16,4,6769.2,7.16,7,mh,5,#F0FFFF,98.9,-4.9,-1.7,2,6,5,0,LONG(長音ー)
めちゃくちゃ,6,0,0,1,1,32,metɕakutɕa,4,6,5,4,6,6,803.0,5.27,6,7520.0,7.34,7,mh,5,#FF69B4,65.5,64.2,-10.6,5,5,0,8,COMPOUND(複合・異種)
めちゃめちゃ,6,8,0,1,1,1,metɕametɕa,4,6,4,4,5,7,869.9,5.48,5,8269.2,7.50,7,0,4,#8B0000,28.1,51.0,41.3,4,5,5,1,REDUP(畳語・同一)
めりっ,6,8,0,1,1,2,meɾiʔ,4,7,7,7,5,3,760.3,5.14,7,8994.3,7.64,8,0,4,#000000,0.0,0.0,0.0,3,5,0,0,Q(促音単発)
もうもう,6,8,0,1,2,1,moumou,4,3,3,4,7,6,315.9,2.91,3,1837.4,4.94,6,0,4,#BEBEBE,77.0,-0.0,0.0,4,5,5,1,REDUP(畳語・同一)
もがもが,6,8,0,3,2,1,moɡamoɡa,5,4,4,5,6,6,225.8,2.06,4,2745.0,5.63,7,0,4,#708090,52.8,-2.1,-10.6,4,5,5,1,REDUP(畳語・同一)
もこもこ,6,8,0,1,1,1,mokomoko,4,5,4,4,6,5,314.1,2.90,4,2133.1,5.20,6,mh,5,#FFFFFF,100.0,-0.0,0.0,4,5,5,1,REDUP(畳語・同一)
もさっ,6,8,0,1,1,2,mosaʔ,4,7,6,6,6,3,532.3,4.23,7,8141.9,7.47,7,0,4,#000000,0.0,0.0,0.0,2,5,0,0,Q(促音単発)
もさもさ,6,8,0,1,1,1,mosamosa,4,4,3,4,7,4,444.2,3.77,4,4420.6,6.44,5,0,4,#8B4513,37.5,26.4,41.0,4,5,5,1,REDUP(畳語・同一)
もしゃもしゃ,6,8,0,1,1,1,moɕamoɕa,4,5,4,3,7,6,552.2,4.33,4,8404.0,7.53,7,0,4,#4682B4,52.5,-4.1,-32.2,4,5,5,1,REDUP(畳語・同一)
もじゃもじゃ,6,8,0,3,2,1,modʑamodʑa,5,4,4,4,6,6,294.0,2.73,4,5883.6,6.92,7,mh,5,#FFFACD,97.6,-5.4,22.2,4,5,5,1,REDUP(畳語・同一)
もそもそ,6,8,0,1,1,1,mosomoso,3,4,2,5,7,4,503.7,4.09,4,2878.5,5.71,5,0,4,#708090,52.8,-2.1,-10.6,4,5,5,1,REDUP(畳語・同一)
もちもち,4,1,0,1,1,1,motɕimotɕi,4,4,4,5,6,5,628.6,4.65,4,2458.3,5.44,6,0,4,#FFF5EE,97.1,2.2,4.6,4,5,5,1,REDUP(畳語・同一)
もっさり,4,17,1,1,1,10,mossaɾi,4,5,5,4,7,4,401.0,3.52,6,3015.7,5.79,6,mh,5,#FFFFFF,100.0,-0.0,0.0,5,5,5,8,COMPOUND(複合・異種)
もやっ,6,8,0,1,1,2,mojaʔ,4,7,6,6,6,4,513.1,4.14,7,7387.3,7.31,7,0,4,#D3D3D3,84.6,-0.0,0.0,3,5,0,0,Q(促音単発)
もやーっ,6,8,0,1,1,18,mojaːʔ,4,4,5,5,7,4,771.0,5.17,4,6697.5,7.14,6,mh,5,#D3D3D3,84.6,-0.0,0.0,3,6,5,0,LONG(長音ー)
もわっ,6,8,0,1,1,2,mowaʔ,5,7,6,6,6,4,445.0,3.78,7,8372.0,7.52,7,mh,5,#000000,0.0,0.0,0.0,3,5,0,0,Q(促音単発)
もー,6,8,0,1,1,16,moː,4,2,4,4,7,5,791.0,5.24,1,4775.1,6.57,6,mh,5,#000000,0.0,0.0,0.0,2,7,5,0,LONG(長音ー)
もーも,6,8,0,1,1,16,moːmo,4,2,4,4,7,5,666.6,4.80,1,4092.5,6.30,6,mh,5,#000000,0.0,0.0,0.0,2,7,5,0,LONG(長音ー)
やきやき,6,8,0,1,1,1,jakijaki,3,6,5,4,6,4,937.4,5.67,5,6281.4,7.03,5,mh,5,#FF4500,57.6,67.8,69.0,4,5,5,1,REDUP(畳語・同一)
やすやす,6,8,0,1,1,1,jasujasu,3,4,3,3,8,5,610.2,4.58,3,4192.0,6.35,4,0,4,#E6E6FA,91.8,3.7,-9.7,4,5,5,1,REDUP(畳語・同一)
やっさもっさ,6,0,0,1,1,2,jassamossa,3,7,6,4,7,3,723.7,5.01,7,8690.3,7.58,5,0,4,#FF4500,57.6,67.8,69.0,3,5,0,0,Q(促音単発)
やはやは,6,8,0,1,1,1,jahajaha,3,5,3,2,7,5,563.6,4.38,3,4337.9,6.40,4,mh,5,#FFFF00,97.1,-21.6,94.5,4,5,5,1,REDUP(畳語・同一)
やわやわ,6,8,0,1,1,1,jawajawa,4,4,3,3,8,5,427.5,3.68,3,6412.8,7.07,5,mh,5,#DAA520,70.8,8.5,68.8,4,5,5,1,REDUP(畳語・同一)
ゆっくり,4,17,1,1,1,10,jukkuɾi,4,5,5,4,7,5,313.6,2.89,6,1810.1,4.92,6,mh,5,#8B4513,37.5,26.4,41.0,5,5,5,8,COMPOUND(複合・異種)
ゆっさゆっさ,6,8,0,1,1,3,jussajussa,4,5,4,2,7,4,567.4,4.39,4,5123.1,6.69,5,0,4,#8B4513,37.5,26.4,41.0,4,5,5,1,REDUP(畳語・同一)
ゆっさり,4,17,1,1,1,10,jussaɾi,3,5,5,3,8,4,427.6,3.68,5,2965.8,5.76,5,0,4,#DAA520,70.8,8.5,68.8,5,5,5,8,COMPOUND(複合・異種)
ゆぶゆぶ,6,8,0,3,2,1,jubujubu,5,4,3,3,7,7,228.5,2.09,3,3945.7,6.24,6,mc,3,#87CEEB,79.2,-14.8,-21.3,4,5,5,1,REDUP(畳語・同一)
ゆらっ,6,8,0,1,1,2,juɾaʔ,4,7,6,5,7,3,494.6,4.05,7,7342.2,7.30,6,0,4,#000000,0.0,0.0,0.0,3,5,0,0,Q(促音単発)
ゆらゆらっ,6,8,0,1,1,2,juɾajuɾaʔ,4,6,5,4,7,4,449.4,3.80,6,6566.9,7.11,6,0,4,#FFFFFF,100.0,-0.0,0.0,3,5,0,0,Q(促音単発)
ゆらりゆらり,4,17,1,1,1,9,juɾaɾijuɾaɾi,2,4,4,2,8,4,470.9,3.92,4,2956.6,5.75,4,0,4,#FFFFFF,100.0,-0.0,0.0,4,5,5,1,REDUP(畳語・同一)
ゆるり,4,17,1,1,1,8,juɾuɾi,3,5,5,4,8,5,400.7,3.51,5,2736.8,5.62,6,0,4,#F5F5DC,95.9,-4.2,12.0,4,6,0,0,RI(り単発)
ゆーらり,4,17,1,1,1,24,juːɾaɾi,2,5,5,3,8,4,528.1,4.21,4,3255.8,5.92,5,mh,5,#FFFFFF,100.0,-0.0,0.0,4,6,0,0,RI(り単発)
よろり,4,17,1,1,1,8,joɾoɾi,3,5,5,4,8,5,417.1,3.62,5,2315.8,5.34,6,0,4,#FFFFFF,100.0,-0.0,0.0,4,6,0,0,RI(り単発)
よろりよろり,4,17,1,1,1,9,joɾoɾijoɾoɾi,3,4,3,3,8,5,461.4,3.87,4,1820.0,4.93,5,0,4,#A9A9A9,69.2,-0.0,0.0,4,5,5,1,REDUP(畳語・同一)
りりーん,6,1,0,1,1,20,ɾiɾiːŋ,3,4,7,5,5,4,1286.5,6.47,3,7804.4,7.40,6,0,4,#F8D1A5,86.1,7.6,26.9,3,7,5,0,LONG(長音ー)
りん,6,1,0,1,1,4,ɾiŋ,4,7,7,5,4,4,1007.9,5.85,6,5805.3,6.90,7,mc,3,#808080,53.6,-0.0,0.0,3,6,5,0,N(撥音単発)
りーん,6,1,0,1,1,20,ɾiːŋ,3,4,7,5,5,4,1186.5,6.26,2,7129.5,7.25,6,0,4,#FFFF00,97.1,-21.6,94.5,3,7,5,0,LONG(長音ー)
わさわさ,6,8,0,1,1,1,wasawasa,3,5,3,2,8,3,545.3,4.29,4,8163.6,7.48,4,0,4,#D2B48C,75.0,5.0,24.4,4,5,5,1,REDUP(畳語・同一)
わしわし,6,8,0,1,1,1,waɕiwaɕi,4,5,4,5,6,4,628.8,4.65,4,6880.3,7.19,6,0,4,#D2B48C,75.0,5.0,24.4,4,5,5,1,REDUP(畳語・同一)
わっ,6,8,0,1,1,2,waʔ,5,8,6,6,6,4,543.9,4.29,7,9936.0,7.81,7,mh,5,#000000,0.0,0.0,0.0,2,5,0,0,Q(促音単発)
わっさわっさ,6,8,0,1,1,3,wassawassa,4,6,5,3,7,3,569.9,4.41,5,8311.7,7.51,5,0,4,#228B22,50.6,-49.6,45.0,4,5,5,1,REDUP(畳語・同一)
わはは,6,0,0,1,1,32,wahaha,4,5,4,3,7,5,428.5,3.68,4,5513.7,6.81,5,mh,5,#FFFF00,97.1,-21.6,94.5,5,5,0,8,COMPOUND(複合・異種)
わはははは,6,0,0,1,1,32,wahahahaha,4,5,4,3,7,5,513.3,4.14,4,5540.4,6.82,5,mh,5,#FFFF00,97.1,-21.6,94.5,4,5,0,8,COMPOUND(複合・異種)
わわーっ,6,8,0,1,1,18,wawaːʔ,4,5,5,5,7,4,706.8,4.95,4,9584.0,7.75,6,mh,5,#FF0000,53.2,80.1,67.2,3,6,5,0,LONG(長音ー)
わん,6,1,0,1,1,4,waŋ,5,6,7,5,5,5,462.2,3.88,5,7546.0,7.34,7,0,4,#808080,53.6,-0.0,0.0,3,6,5,0,N(撥音単発)
わんさか,6,0,0,1,1,4,waŋsaka,4,5,5,3,7,4,475.9,3.95,5,7167.5,7.26,6,mh,5,#FFD700,86.9,-1.9,87.1,5,5,5,8,COMPOUND(複合・異種)
わんさわんさ,6,8,0,1,1,5,waŋsawaŋsa,4,5,5,3,7,4,470.4,3.92,4,8585.7,7.56,6,mh,5,#FFD700,86.9,-1.9,87.1,4,5,5,1,REDUP(畳語・同一)
わーっ,6,8,0,1,1,18,waːʔ,4,5,5,5,7,4,765.6,5.15,4,8930.4,7.63,6,mh,5,#FF0000,53.2,80.1,67.2,2,6,5,0,LONG(長音ー)
わーわー,6,8,0,1,1,17,waːwaː,4,4,4,2,7,5,557.2,4.35,2,7598.2,7.36,6,mh,5,#1E90FF,59.4,10.0,-63.4,4,5,5,1,REDUP(畳語・同一)
