word,meaning,category,domain,polarity,intensity,tone,morphology,ipa_original,ipa_clean,ipa_changed,x1,x2,x3,x4,x5,x6,x7_hz,x7_norm,x8,x9_re,x9_norm,x10,x11,x11_ord,x12,L,a,b,rationale,flags,x13_accent,x14_contour,x15_meter,x16_regularity,morph_type
あたふた,慌てふためく様子、大急ぎで落ち着かないさま。,擬態語,スピード・テンポ,中立,清音,明るい・軽い・小,単発・その他,ataɸuta,ataɸuta,0,2,8,3,6,7,3,440.0,3.75,7,4500.0,6.47,2,mc,3,#FFD700,86.9,-1.9,87.1,無声破裂音/t/の連続による時間的突発性と、流動的な身体運動(Flow 6)。Reは中程度。,,5,5,5,8,COMPOUND(複合・異種)
あっ,声門閉鎖音による極端なTime 9とDecay 9。高いBo値を示す。,擬声語・擬音語,その他,中立,清音,明るい・軽い・小,促音,aʔ,aʔ,0,6,9,9,8,2,1,350.0,3.17,9,8000.0,7.44,9,0,4,#FF0000,53.2,80.1,67.2,声門閉鎖音による極端なTime 9とDecay 9。高いBo値（圧縮性）を示す。,,2,5,0,0,Q(促音単発)
あっさり,さっぱりしていて執着がない様子、風味や風情が淡泊なさま。,擬音語・擬態語,テクスチャー・関係性・味・気象・自然,快,清音,明るい・軽い・小,促音・「り」変化,assaɾi,assaɾi,0,2,7,8,1,8,5,520.0,4.17,6,1200.0,4.22,3,c,2,#F0FFFF,98.9,-4.9,-1.7,摩擦音/s/による流体性と、弾き音/ɾi/による離脱。低いWeight。,,5,5,5,8,COMPOUND(複合・異種)
あっぷあっぷ,水に溺れてもがく様子、苦境にあえぐさま。,擬音語・擬態語,気象・自然,不快,清音・半濁音,明るい・軽い・小,畳語・促音,appuappu,appuappu,0,5,6,4,7,6,9,220.0,2.0,5,3000.0,5.78,8,mc,3,#4169E1,47.8,26.3,-65.3,両唇破裂音/p/の反復と半母音による粘性。水没・窒息の物理現象を反映。,,4,5,6,1,REDUP(畳語・同一)
あはは,声をあげて明るく笑う声。,擬声語,その他,中立,清音,明るい・軽い・小,単発・その他,ahaha,ahaha,0,1,5,2,0,9,6,480.0,3.97,2,500.0,2.73,1,h,6,#FFFF00,97.1,-21.6,94.5,摩擦音/h/の連続による自由なFlow。開放的な空間性と高い温度感。,,3,5,0,0,OTHER(単発)
あぶあぶ,赤ちゃんが発する声、または水中で喘ぐ音。,擬声語・擬音語,気象・自然・人体・生理,中立,清音・濁音,暗い・重い・大,畳語,abuabu,abuabu,0,4,5,4,6,7,8,180.0,1.49,4,2500.0,5.47,7,mc,3,#ADD8E6,83.8,-10.9,-11.5,有声破裂音/b/による低周波と、気泡特性（Bo 7）の強い流体感。,,4,5,6,1,REDUP(畳語・同一)
あんぐり,口を大きく開けて呆れ果てる様子。,擬声語・擬態語,人体・生理,中立,清音・濁音,暗い・重い・大,撥音・「り」変化,aŋɡuɾi,aŋɡuɾi,0,5,4,8,3,4,4,150.0,1.03,6,800.0,3.53,6,0,4,#FFA500,74.9,23.9,78.9,鼻音/ŋ/による軟口蓋の開放と、顎の重力落下。空間的直接性。,,5,5,5,8,COMPOUND(複合・異種)
あんあん,声を忍ばせたり甘えたりして泣く声。,擬声語,その他,不快,清音,明るい・軽い・小,畳語・撥音,aŋaŋ,aŋaŋ,0,3,3,2,5,8,7,320.0,2.94,2,400.0,2.35,3,hh,7,#FF69B4,65.5,64.2,-10.6,鼻音の共鳴による高いMoistureと持続性。Reは低く層流に近い。,,4,5,6,1,REDUP(畳語・同一)
あーあ,長母音によるTime 1の持続。エネルギ散逸に伴う低彩度。,擬音語,ダイナミクス・スピード・テンポ・色・光,中立,清音,明るい・軽い・小,長音,a:a,aːa,0,2,1,1,2,9,4,280.0,2.61,0,200.0,1.18,1,mc,3,#BEBEBE,77.0,-0.0,0.0,長母音によるTime 1の持続。エネルギ散逸に伴う低彩度(Color)。,,2,7,7,1,LONG(長音ー)
あーん,子供などが声を張り上げて泣く声、または口を大きく開ける様子。,擬声語・擬態語,人体・生理,不快,清音,明るい・軽い・小,撥音・長音,a:n,aːŋ,1,3,2,6,3,7,5,250.0,2.32,1,300.0,1.87,2,h,6,#FFDAB9,89.4,8.1,21.0,口腔開放から鼻腔閉鎖への移行。指向性（Space 6）を持つ。,,3,8,5,1,LONG+N(長音+ん)
いじいじ,態度がはっきりせず、内向的にいじけるさま。,擬態語,その他,中立,清音・濁音,暗い・重い・大,畳語,idʑiidʑi,idʑiidʑi,0,4,3,2,9,3,5,200.0,1.75,5,600.0,3.04,4,c,2,#4B0082,20.5,51.7,-53.3,歯擦音による抑制(Flow 9)。内向的な運動ベクトルと粘性。,,4,5,6,1,REDUP(畳語・同一)
いそいそ,嬉しさや期待でいそいそと急ぐ様子。,擬態語,ダイナミクス・スピード・テンポ,中立,清音,明るい・軽い・小,畳語,isoiso,isoiso,0,2,7,7,2,8,2,600.0,4.54,4,3500.0,6.04,2,mh,5,#FFFACD,97.6,-5.4,22.2,摩擦音/s/の軽快な反復。Time 7の突発性と自由なFlow。,,4,5,6,1,REDUP(畳語・同一)
いちゃいちゃ,男女が仲睦まじく戯れる様子。,擬態語,その他,中立,清音,明るい・軽い・小,畳語,itɕaitɕa,itɕaitɕa,0,3,4,4,5,6,8,450.0,3.81,4,1500.0,4.6,6,hh,7,#FFC0CB,83.6,24.1,3.3,破擦音/tɕ/による接触感。高いMoistureと親密な温度。,,4,5,6,1,REDUP(畳語・同一)
いひひ,薄気味悪く、または企みを持って笑う声。,擬声語,味,中立,清音,明るい・軽い・小,単発・その他,içiçi,içiçi,0,2,6,6,7,8,4,750.0,5.1,5,2000.0,5.09,4,mc,3,#ADFF2F,92.0,-52.5,81.9,硬口蓋摩擦音/ç/による高周波。鋭い空間性と抑制された笑い。,,3,5,0,0,OTHER(単発)
いらいら,思うようにならず神経が高ぶる様子。,擬態語,その他,中立,清音,明るい・軽い・小,畳語,iɾaiɾa,iɾaiɾa,0,6,7,6,8,5,2,380.0,3.38,3,5000.0,6.65,5,h,6,#FF4500,57.6,67.8,69.0,弾き音の反復による内部圧力の上昇。摩擦(Re)が高い乱流状態。,,4,5,6,1,REDUP(畳語・同一)
うおーっ,叫び声や気合いの音。,擬声語・擬音語,その他,中立,清音,暗い・重い・大,促音・長音,uo:ʔ,uoːʔ,0,8,4,9,4,4,5,120.0,0.46,8,12000.0,8.13,9,h,6,#FF0000,53.2,80.1,67.2,低母音から声門閉鎖への強大なWeight。高い圧力変換効率。,,5,5,5,8,COMPOUND(複合・異種)
うおーん,遠くで響く咆哮や泣き声。,擬声語・擬音語,密集度・距離感,中立,清音,暗い・重い・大,撥音・長音,uo:n,uoːŋ,1,7,2,4,2,5,6,110.0,0.24,1,800.0,3.53,3,mh,5,#4682B4,52.5,-4.1,-32.2,重い共鳴と持続。低周波(110Hz)による遠距離到達性。,,5,5,5,8,COMPOUND(複合・異種)
うかうか,油断してうっかり過ごす様子。,擬態語,その他,中立,清音,暗い・重い・大,畳語,ukauka,ukauka,0,1,5,2,1,9,2,400.0,3.51,3,1000.0,3.91,1,0,4,#F5F5F5,96.5,-0.0,0.0,無声破裂音/k/を含むが、非常に軽いWeightと自由なFlow。,,4,5,6,1,REDUP(畳語・同一)
うきうき,心が弾んで軽やかで楽しげなさま。,擬態語・擬情語,感情,中立,清音,暗い・重い・大,畳語,ukiuki,ukiuki,0,2,7,6,0,8,3,550.0,4.32,5,2500.0,5.47,2,h,6,#FFFFE0,99.3,-5.1,14.8,上昇運動のSpace。高周波成分による浮揚感。,,4,5,6,1,REDUP(畳語・同一)
うじうじ,決断力がなく湿っぽく悩む様子。,擬態語,その他,中立,清音・濁音,暗い・重い・大,畳語,udʑiudʑi,udʑiudʑi,0,5,2,1,9,4,7,180.0,1.49,2,400.0,2.35,6,c,2,#556B2F,42.2,-18.8,30.6,有声歯擦音による低周波の抑制。粘性と停滞(Flow 9)。,,4,5,6,1,REDUP(畳語・同一)
うじゃうじゃ,小動物や虫などが無数に群がっている様子。,擬声語・擬音語・擬態語,生き物,中立,清音・濁音,暗い・重い・大,畳語,udʑaudʑa,udʑaudʑa,0,6,3,3,7,5,8,220.0,2.0,3,1800.0,4.91,8,mc,3,#8B4513,37.5,26.4,41.0,過密状態を示す高いMoistureと、複雑な干渉波(Re)。,,4,5,6,1,REDUP(畳語・同一)
うずうず,したいことが抑えきれず体や心が動く様子。,擬態語・擬情語,感情,中立,清音・濁音,暗い・重い・大,畳語,uzuzu,uzuuzu,1,5,6,7,9,3,4,250.0,2.32,4,3000.0,5.78,7,h,6,#DAA520,70.8,8.5,68.8,内部振動。強い抑制(Flow 9)と発散へのポテンシャル。,,4,5,6,1,REDUP(畳語・同一)
うっ,息や言葉が瞬間的に詰まる音・様子。,擬音語・擬態語,スピード・テンポ・人体・生理,中立,清音,暗い・重い・大,促音,uʔ,uʔ,0,7,9,9,9,1,1,300.0,2.78,9,10000.0,7.82,9,0,4,#000000,0.0,0.0,0.0,瞬時の停止。最大値のDecayと気圧圧縮(Bo 9)。,,2,5,0,0,Q(促音単発)
うっかり,注意が行き届かず、思わず過ちを犯すさま。,擬態語,その他,中立,清音,暗い・重い・大,促音・「り」変化,ukkaɾi,ukkaɾi,0,3,8,5,6,4,2,480.0,3.97,7,3500.0,6.04,5,0,4,#FFFFFF,100.0,-0.0,0.0,促音/kk/による急停止と、弾き音による忘却的散逸。,,5,5,5,8,COMPOUND(複合・異種)
うっすら,かすかに、薄く表れている様子。,擬態語,その他,中立,清音,暗い・重い・大,促音,ussuɾa,ussuɾa,0,2,3,2,4,8,3,420.0,3.63,3,900.0,3.73,2,c,2,#E6E6FA,91.8,3.7,-9.7,摩擦音/s/の層流。低いWeightと彩度。透明度が高い。,,5,5,5,8,COMPOUND(複合・異種)
うっとり,美しさや快感に見とれて我を忘れるさま。,擬態語,感情,中立,清音,暗い・重い・大,促音・「り」変化,uttoɾi,uttoɾi,0,3,2,4,0,6,6,350.0,3.17,4,800.0,3.53,4,hh,7,#DDA0DD,73.4,32.5,-22.0,持続的なFlow 0と高いMoisture。心地よい共鳴状態。,,5,5,5,8,COMPOUND(複合・異種)
うつらうつら,うとうとと微睡む様子。,擬態語,その他,中立,清音,暗い・重い・大,畳語,utsuɾautsuɾa,utsuɾautsuɾa,0,2,2,2,5,7,5,280.0,2.61,4,600.0,3.04,3,mc,3,#B0C4DE,78.5,-1.3,-15.2,周期的な低エネルギ運動。層流に近いRe数。,,4,5,6,1,REDUP(畳語・同一)
うとうと,浅い眠りに落ちかける様子。,擬態語,その他,中立,清音,暗い・重い・大,畳語,utouto,utouto,0,2,2,1,6,6,4,250.0,2.32,5,400.0,2.35,2,mc,3,#778899,55.9,-2.2,-11.1,さらに低いSpace直接性と、閉鎖的なFlow。,,4,5,6,1,REDUP(畳語・同一)
うねうね,曲がりくねって続く様子。,擬態語,その他,中立,清音,暗い・重い・大,畳語,unene,uneune,1,4,3,1,4,8,7,200.0,1.75,1,700.0,3.31,5,mc,3,#556B2F,42.2,-18.8,30.6,鼻音/n/による持続的な曲線運動。低Re数の粘性流。,,4,5,6,1,REDUP(畳語・同一)
うはうは,思いがけない幸運に大喜びする様子。,擬態語・擬情語,その他,中立,清音,暗い・重い・大,畳語,uçuçu,uhauha,1,3,6,5,0,9,5,450.0,3.81,3,2200.0,5.25,3,hh,7,#FFD700,86.9,-1.9,87.1,開放的なFlowと喜びの熱量(hh)。散逸的な流体。,,4,5,6,1,REDUP(畳語・同一)
うふふ,含み笑いをする声、女性などの静かな笑い。,擬声語,静寂表現,中立,清音,暗い・重い・大,単発・その他,uɸuɸu,uɸuɸu,0,2,4,3,7,8,6,380.0,3.38,4,1200.0,4.22,4,mh,5,#FFF0F5,96.1,5.9,-0.6,唇の微細な摩擦による抑制。湿り気のある音響。,,3,5,0,0,OTHER(単発)
うようよ,気味の悪い小動物などが群がって動く様子。,擬声語・擬音語・擬態語,味・生き物,不快,清音,暗い・重い・大,畳語,ujoujo,ujoujo,0,5,3,2,6,6,8,180.0,1.49,2,1500.0,4.6,8,mc,3,#6B8E23,54.7,-28.2,49.7,半母音/j/の連続による不定形な運動。高Moisture。,,4,5,6,1,REDUP(畳語・同一)
うらうら,日の光がのどかに降り注ぐ様子。,擬態語,その他,中立,清音,暗い・重い・大,畳語,uɾauɾa,uɾauɾa,0,1,2,1,2,8,4,320.0,2.94,1,500.0,2.73,1,hh,7,#FFFACD,97.6,-5.4,22.2,弾き音の極めて軽いWeight。春の陽光のような温度感。,,4,5,6,1,REDUP(畳語・同一)
うろうろ,目的もなくあちこちを歩き回る様子。,擬態語,その他,中立,清音,暗い・重い・大,畳語,uɾouɾo,uɾouɾo,0,4,4,2,4,7,4,280.0,2.61,3,900.0,3.73,4,0,4,#A9A9A9,69.2,-0.0,0.0,目的のない（Space 2）徘徊運動。中庸の流体力学特性。,,4,5,6,1,REDUP(畳語・同一)
うろちょろ,小刻みにあちこち動き回って落ち着かないさま。,擬態語,ダイナミクス,中立,清音,暗い・重い・大,単発・その他,uɾotɕoɾo,uɾotɕoɾo,0,3,7,6,5,6,3,480.0,3.97,5,2800.0,5.66,5,mc,3,#9ACD32,76.5,-38.0,66.6,破擦音/tɕ/による細かい方向転換（Time 7）。,,5,5,5,8,COMPOUND(複合・異種)
うわーん,大声で泣き叫ぶ様子。,擬声語・擬態語,その他,中立,清音,暗い・重い・大,撥音・長音,uwa:n,uwaːŋ,1,7,4,6,3,5,8,400.0,3.51,1,1500.0,4.6,5,h,6,#1E90FF,59.4,10.0,-63.4,鼻音の共鳴と大振幅。感情の流出に伴う高Moisture。,,5,5,5,8,COMPOUND(複合・異種)
うん,うなずく声、または力を込める声。,擬声語,その他,中立,清音,暗い・重い・大,撥音,un,uŋ,1,4,5,7,6,3,5,150.0,1.03,5,400.0,2.35,6,mc,3,#808080,53.6,-0.0,0.0,閉鎖鼻音による確証。短いDurationと内部気圧。,,3,6,0,0,N(撥音単発)
うんうん,深く納得したり、苦しんで呻いたりする様子。,擬態語,静寂表現,中立,清音,暗い・重い・大,畳語・撥音,unun,uŋuŋ,1,3,4,4,5,4,6,160.0,1.19,4,300.0,1.87,5,mh,5,#A52A2A,37.5,49.7,30.5,肯定のリズム。低周波の反復による安定感。,,4,5,6,1,REDUP(畳語・同一)
うんざり,飽き飽きして嫌気が差すさま。,擬態語,その他,中立,清音・濁音,暗い・重い・大,撥音・「り」変化,unzaɾi,uŋzaɾi,1,7,3,4,8,4,6,220.0,2.0,6,800.0,3.53,7,c,2,#483D8B,30.8,26.1,-42.1,重いWeightと濁音の摩擦。精神的な飽和状態。,,5,5,5,8,COMPOUND(複合・異種)
うーん,腕組みをして悩み呻く声。,擬声語,その他,中立,清音,暗い・重い・大,撥音・長音,u:n,uːŋ,1,5,1,2,7,3,6,140.0,0.85,0,200.0,1.18,8,mc,3,#696969,44.4,-0.0,0.0,思考の停滞。極めて低いTime値と高い粘性。,,3,8,5,1,LONG+N(長音+ん)
えごえご,有声破裂音/ɡ/による不快な粘性と重さ。,擬声語・擬音語,テクスチャー・質量,中立,清音・濁音,暗い・重い・大,畳語,eɡoeɡo,eɡoeɡo,0,6,4,3,6,5,7,180.0,1.49,4,1100.0,4.07,6,c,2,#4B0082,20.5,51.7,-53.3,有声破裂音/ɡ/による不快な粘性と重さ。,,4,5,6,1,REDUP(畳語・同一)
えっさえっさ,労働のTime 8。摩擦音による熱産生。,擬音語,温度,中立,清音,明るい・軽い・小,畳語・促音,essaessa,essaessa,0,5,8,8,3,6,4,400.0,3.51,6,5000.0,6.65,4,h,6,#FF8C00,69.5,36.8,75.5,労働のTime 8（突発）。摩擦音による熱産生。,,4,5,6,1,REDUP(畳語・同一)
えっさっさ,促音の連続による高い時間的・空間的密度。,擬音語,スピード・テンポ・密集度・距離感・気象・自然,中立,清音,明るい・軽い・小,促音,essassa,essassa,0,4,9,9,4,5,3,450.0,3.81,8,6000.0,6.95,5,h,6,#FF4500,57.6,67.8,69.0,促音の連続による高い時間的・空間的密度。,,2,5,0,0,Q(促音単発)
えっちらおっちら,重い荷物などを苦労して運ぶ様子。,擬音語・擬態語,質量,中立,清音,暗い・重い・大,促音,etɕiɾaotɕiɾa,ettɕiɾaottɕiɾa,1,6,5,3,5,5,5,300.0,2.78,4,900.0,3.73,6,mh,5,#CD853F,61.8,21.4,47.9,重い荷を運ぶWeightと、不規則なリズムの弾き音。,,2,5,0,0,Q(促音単発)
えへへ,照れ笑いやごまかしの笑い声。,擬声語,その他,中立,清音,明るい・軽い・小,単発・その他,ehehe,ehehe,0,2,5,3,4,9,5,420.0,3.63,3,1200.0,4.22,2,h,6,#F0E68C,90.3,-9.0,45.0,照れを伴う流体笑い。中程度の温度感。,,3,5,0,0,OTHER(単発)
えへん,注意を引くための軽い咳払い。,擬態語,質量・人体・生理,中立,清音,明るい・軽い・小,撥音,ehen,eheŋ,1,5,6,7,7,4,4,200.0,1.75,6,1800.0,4.91,7,mc,3,#8B0000,28.1,51.0,41.3,咳払いによる喉の閉鎖。誇示的なSpace 7（直接）。,,3,6,0,0,N(撥音単発)
おいおい,大声で泣く声、または人に呼びかける声。,擬声語,その他,不快,清音,暗い・重い・大,畳語,oioi,oioi,0,4,4,4,3,6,7,280.0,2.61,4,700.0,3.31,4,mc,3,#4682B4,52.5,-4.1,-32.2,呼びかけと流涙の両義性。高いMoisture。,,4,5,6,1,REDUP(畳語・同一)
おずおず,恐る恐る躊躇しながら行動する様子。,擬態語,その他,中立,清音・濁音,暗い・重い・大,畳語,ozuozu,ozuozu,0,4,3,1,9,3,5,200.0,1.75,5,400.0,2.35,5,c,2,#708090,52.8,-2.1,-10.6,濁音の抑制(Flow 9)。自信のなさを表す低いSpace。,,4,5,6,1,REDUP(畳語・同一)
おたおた,慌て惑って狼狽する様子。,擬態語,その他,中立,清音,暗い・重い・大,畳語,otaota,otaota,0,4,7,3,6,6,3,380.0,3.38,6,1500.0,4.6,4,mc,3,#BDB76B,73.4,-8.8,39.3,狼狽による突発的な運動。あたふたに近い。,,4,5,6,1,REDUP(畳語・同一)
おちおち,落ち着いて安心して〜できない様子。,擬態語・擬情語,感情,快,清音,暗い・重い・大,畳語,otɕiotɕi,otɕiotɕi,0,3,4,4,7,6,6,400.0,3.51,5,1200.0,4.22,5,mc,3,#708090,52.8,-2.1,-10.6,破擦音による断続。落ち着きのなさをFlow 7で表現。,,4,5,6,1,REDUP(畳語・同一)
おっとり,落ち着いていて温厚・穏やかなさま。,擬態語,静寂表現,中立,清音,暗い・重い・大,促音・「り」変化,ottoɾi,ottoɾi,0,2,1,2,0,7,6,300.0,2.78,4,600.0,3.04,3,mh,5,#FFB6C1,81.1,28.0,5.0,低いTimeとSpace。自由なFlow（0）による余裕。,,5,5,5,8,COMPOUND(複合・異種)
おどおど,不安や恐怖で心身が震える様子。,擬態語・擬情語,感情,不快,清音・濁音,暗い・重い・大,畳語,odoodo,odoodo,0,6,4,2,9,4,5,180.0,1.49,5,400.0,2.35,6,c,2,#556B2F,42.2,-18.8,30.6,重い不安(Weight 6)と、強い抑制(Flow 9)。,,4,5,6,1,REDUP(畳語・同一)
おほほ,上品な女性の高らかな笑い声。,擬声語,その他,中立,清音,暗い・重い・大,単発・その他,ohoho,ohoho,0,3,5,8,4,9,4,350.0,3.17,3,1500.0,4.6,3,h,6,#EE82EE,69.7,56.4,-36.8,上品な指向性(Space 8)。完全な流体(Hardness 9)。,,3,5,0,0,OTHER(単発)
おぼおぼ,意識の混濁。高いMoistureと低い周波数。,擬音語,気象・自然,中立,清音・濁音,暗い・重い・大,畳語,oboobo,oboobo,0,6,3,2,6,5,8,160.0,1.19,4,800.0,3.53,7,mc,3,#4169E1,47.8,26.3,-65.3,意識の混濁。高いMoistureと低い周波数。,,4,5,6,1,REDUP(畳語・同一)
おめおめ,恥を恥とも思わず平然としているさま。,擬態語,その他,快,清音,暗い・重い・大,畳語,omeome,omeome,0,5,2,2,5,4,7,240.0,2.22,2,300.0,1.87,5,mc,3,#800000,25.5,48.0,38.1,恥辱に伴う重さと、鼻音による内向的な響き。,,4,5,6,1,REDUP(畳語・同一)
おろおろ,どうしてよいかわからず惑い動く様子。,擬態語,その他,中立,清音,暗い・重い・大,畳語,oɾooɾo,oɾooɾo,0,5,6,3,5,7,5,260.0,2.42,4,1000.0,3.91,4,c,2,#A9A9A9,69.2,-0.0,0.0,混乱による反復運動。中程度のRe数。,,4,5,6,1,REDUP(畳語・同一)
かあかあ,カラスの鳴音。硬い喉の摩擦と高い空間直接性。,擬音語,テクスチャー・密集度・距離感・気象・自然・人体・生理,中立,清音,明るい・軽い・小,畳語,ka:ka:,kaakaa,1,5,4,7,2,6,2,650.0,4.74,3,4500.0,6.47,4,h,6,#000000,0.0,0.0,0.0,カラスの鳴音。硬い喉の摩擦と高い空間直接性。,,4,5,6,1,REDUP(畳語・同一)
かさかさ,極端な乾燥。高周波摩擦音による乱流。,擬音語,テクスチャー・気象・自然,中立,清音,明るい・軽い・小,畳語,kasakasa,kasakasa,0,1,7,4,3,8,0,1200.0,6.29,6,9000.0,7.64,2,0,4,#D2B48C,75.0,5.0,24.4,極端な乾燥(Moisture 0)。高周波摩擦音による乱流。,,4,5,6,1,REDUP(畳語・同一)
かさこそ,乾燥した小物体との接触。Reは高い。,擬音語,テクスチャー,中立,清音,明るい・軽い・小,単発・その他,kasakoso,kasakoso,0,1,6,3,4,8,1,900.0,5.56,5,6000.0,6.95,3,mc,3,#8B4513,37.5,26.4,41.0,乾燥した小物体との接触。Reは高い。,,5,5,5,8,COMPOUND(複合・異種)
かすかす,密度不足。完全な乾燥と空気質の流体。,擬態語,テクスチャー・気象・自然・人体・生理,中立,清音,明るい・軽い・小,畳語,kasukasu,kasukasu,0,1,3,2,5,9,0,1500.0,6.86,4,10000.0,7.82,1,c,2,#F5F5F5,96.5,-0.0,0.0,密度不足。完全な乾燥と空気質の流体。,,4,5,6,1,REDUP(畳語・同一)
かたかた,剛体の衝突。高い時間的突発性。,擬音語,スピード・テンポ,中立,清音,明るい・軽い・小,畳語,katakata,katakata,0,3,8,7,7,1,2,500.0,4.07,7,7000.0,7.22,8,c,2,#808080,53.6,-0.0,0.0,剛体(Hardness 1)の衝突。高い時間的突発性。,,4,5,6,1,REDUP(畳語・同一)
かたり,単発の剛体接触。弾き音による余韻。,擬音語,その他,中立,清音,明るい・軽い・小,「り」変化,kataɾi,kataɾi,0,4,7,8,5,2,3,450.0,3.81,6,5000.0,6.65,7,mc,3,#A0522D,43.8,29.3,35.6,単発の剛体接触。弾き音による余韻。,,4,6,0,0,RI(り単発)
かたん,重量物の設置。直接的なSpace 9と高いBo数。,擬音語,質量,中立,清音,明るい・軽い・小,撥音,kataŋ,kataŋ,0,5,8,9,6,2,4,300.0,2.78,7,3000.0,5.78,9,mc,3,#2F4F4F,31.3,-11.7,-3.7,重量物の設置。直接的なSpace 9と高いBo数。,,3,6,0,0,N(撥音単発)
かちかち,最高の剛体感。高周波かつ急峻な減衰。,擬音語,スピード・テンポ・気象・自然,中立,清音,明るい・軽い・小,畳語,katɕikatɕi,katɕikatɕi,0,4,8,8,8,0,1,1800.0,7.32,8,12000.0,8.13,9,c,2,#C0C0C0,77.7,-0.0,0.0,最高の剛体感。高周波かつ急峻な減衰。,,4,5,6,1,REDUP(畳語・同一)
かちっ,スイッチの切り替え。限界値の突発性と剛性。,擬態語,テクスチャー,中立,清音,明るい・軽い・小,促音,katɕiʔ,katɕiʔ,0,4,9,9,9,0,1,2000.0,7.58,9,15000.0,8.51,9,0,4,#FFFFFF,100.0,-0.0,0.0,スイッチの切り替え。限界値の突発性と剛性。,,2,5,0,0,Q(促音単発)
かちゃかちゃ,小さな剛体の多重衝突。高いRe数。,擬音語,その他,中立,清音,明るい・軽い・小,畳語,katɕakatɕa,katɕakatɕa,0,3,8,6,5,1,2,2500.0,8.15,7,13000.0,8.27,7,c,2,#D3D3D3,84.6,-0.0,0.0,小さな剛体の多重衝突。高いRe数（乱流）。,,4,5,6,1,REDUP(畳語・同一)
かちん,怒りや硬質な衝突。強い抑制と圧縮性。,擬音語・擬情語,その他,中立,清音,明るい・軽い・小,撥音,katɕiŋ,katɕiŋ,0,6,8,9,9,0,2,1600.0,7.02,8,9000.0,7.64,9,c,2,#4682B4,52.5,-4.1,-32.2,怒りや硬質な衝突。強い抑制と圧縮性(Bo)。,,3,6,0,0,N(撥音単発)
かちんかちん,凍結した硬さ。最小のMoistureと最大のHardness。,擬態語,その他,中立,清音,明るい・軽い・小,畳語・撥音,katɕiŋkatɕiŋ,katɕiŋkatɕiŋ,0,7,8,8,9,0,1,1500.0,6.86,8,8000.0,7.44,9,cc,1,#E0FFFF,97.9,-9.9,-3.4,凍結した硬さ。最小のMoistureと最大のHardness。,,4,5,6,1,REDUP(畳語・同一)
かっ,瞬間的な発火。高い温度感と気圧。,擬態語,温度・スピード・テンポ,中立,清音,明るい・軽い・小,促音,kaʔ,kaʔ,0,7,9,9,8,3,1,800.0,5.26,9,18000.0,8.82,9,hh,7,#FF0000,53.2,80.1,67.2,瞬間的な発火。高い温度感と気圧(Bo 9)。,,2,5,0,0,Q(促音単発)
かっきり,境界の明確さ。Space 9の直接性と剛性。,擬態語,テクスチャー,中立,清音,明るい・軽い・小,促音・「り」変化,kakkiri,kakkiɾi,1,4,8,9,7,2,2,700.0,4.93,8,6000.0,6.95,8,0,4,#000000,0.0,0.0,0.0,境界の明確さ。Space 9の直接性と剛性。,,5,5,5,8,COMPOUND(複合・異種)
かっちり,適合の精度。高い抑制と剛体感。,擬態語,その他,中立,清音,明るい・軽い・小,促音・「り」変化,kattɕiɾi,kattɕiɾi,0,5,8,9,8,1,3,650.0,4.74,7,5000.0,6.65,9,0,4,#708090,52.8,-2.1,-10.6,適合の精度。高い抑制(Flow 8)と剛体感。,,5,5,5,8,COMPOUND(複合・異種)
かっちんかっちん,時計の針や凍結。極めて高いWeightとHardness。,擬態語,その他,中立,清音,明るい・軽い・小,畳語・促音・撥音,kattɕiŋkattɕiŋ,kattɕiŋkattɕiŋ,0,8,8,8,9,0,1,1400.0,6.68,8,7000.0,7.22,9,cc,1,#AFEEEE,90.1,-19.6,-6.4,時計の針や凍結。極めて高いWeightとHardness。,,4,5,6,1,REDUP(畳語・同一)
かつかつ,靴音や余裕のなさ。硬い接触と時間的切迫。,擬音語,テクスチャー・スピード・テンポ,中立,清音,明るい・軽い・小,畳語,katsukatsu,katsukatsu,0,5,7,7,6,2,1,600.0,4.54,7,4000.0,6.27,7,mc,3,#696969,44.4,-0.0,0.0,靴音や余裕のなさ。硬い接触と時間的切迫。,,4,5,6,1,REDUP(畳語・同一)
からから,空洞感。Moisture 0と流体運動。,擬態語,テクスチャー・ダイナミクス・気象・自然,中立,清音,明るい・軽い・小,畳語,kaɾakaɾa,kaɾakaɾa,0,3,6,4,3,7,0,550.0,4.32,5,3500.0,6.04,3,0,4,#F4A460,74.0,23.0,46.8,空洞感。Moisture 0と流体運動。,,4,5,6,1,REDUP(畳語・同一)
からころ,下駄などの木製剛体。適度なHardness。,擬態語,その他,中立,清音,明るい・軽い・小,単発・その他,kaɾakoɾo,kaɾakoɾo,0,4,6,5,4,4,1,400.0,3.51,5,3000.0,5.78,4,mc,3,#8B4513,37.5,26.4,41.0,下駄などの木製剛体。適度なHardness。,,5,5,5,8,COMPOUND(複合・異種)
からっと,湿気の除去。高い時間突発性と完全乾燥。,擬態語,テクスチャー・スピード・テンポ,中立,清音,明るい・軽い・小,促音,kaɾatto,kaɾatto,0,2,8,7,4,8,0,700.0,4.93,8,8000.0,7.44,6,h,6,#87CEEB,79.2,-14.8,-21.3,湿気の除去。高い時間突発性と完全乾燥。,,5,5,5,8,COMPOUND(複合・異種)
からり,開放的な空間。低いWeightと高い流体性。,擬態語,テクスチャー・密集度・距離感・気象・自然,中立,清音,明るい・軽い・小,「り」変化,kaɾaɾi,kaɾaɾi,0,2,5,5,2,9,1,600.0,4.54,5,2500.0,5.47,4,h,6,#FFFFFF,100.0,-0.0,0.0,開放的な空間。低いWeightと高い流体性。,,4,6,0,0,RI(り単発)
からんからん,ベルのような硬質な響きと余韻。,擬態語,その他,中立,清音,明るい・軽い・小,畳語・撥音,kaɾaŋkaɾaŋ,kaɾaŋkaɾaŋ,0,4,5,6,3,3,2,450.0,3.81,4,2800.0,5.66,6,mc,3,#B8860B,59.2,9.9,62.7,ベルのような硬質な響きと余韻。,,4,5,6,1,REDUP(畳語・同一)
かりかり,小さな破壊。高周波と乾燥。,擬音語,テクスチャー・気象・自然,中立,清音,明るい・軽い・小,畳語・「り」変化,kaɾikaɾi,kaɾikaɾi,0,3,8,6,7,2,0,1500.0,6.86,8,11000.0,7.98,5,c,2,#CD853F,61.8,21.4,47.9,小さな破壊。高周波と乾燥(Moisture 0)。,,4,5,6,1,REDUP(畳語・同一)
かんかん,高温の太陽や金属打撃。Space 9の直接性。,擬音語,その他,中立,清音,明るい・軽い・小,畳語・撥音,kaŋkaŋ,kaŋkaŋ,0,6,7,9,6,1,2,900.0,5.56,5,6500.0,7.09,8,hhh,8,#FF4500,57.6,67.8,69.0,高温の太陽や金属打撃。Space 9の直接性。,,4,5,6,1,REDUP(畳語・同一)
かーかー,持続する鳥の声。中程度の流体性とWeight。,擬声語,テクスチャー・スピード・テンポ・生き物,中立,清音,明るい・軽い・小,畳語・長音,ka:ka:,kaːkaː,0,5,4,6,2,6,2,600.0,4.54,1,4000.0,6.27,3,h,6,#000000,0.0,0.0,0.0,持続する鳥の声。中程度の流体性とWeight。,,4,5,6,1,REDUP(畳語・同一)
かーん,高い空間貫通力。金属的なHardnessと持続。,擬音語,スピード・テンポ・密集度・距離感・気象・自然,中立,清音,明るい・軽い・小,撥音・長音,ka:n,kaːŋ,1,4,3,9,2,2,3,1200.0,6.29,2,5000.0,6.65,9,h,6,#FFD700,86.9,-1.9,87.1,高い空間貫通力。金属的なHardnessと持続。,,3,8,5,1,LONG+N(長音+ん)
かーんかーん,鐘の音。より強いWeightと直接性。,擬音語,その他,中立,清音,明るい・軽い・小,畳語・撥音・長音,ka:ŋka:ŋ,kaːŋkaːŋ,0,5,4,9,3,2,3,1100.0,6.07,2,5500.0,6.81,9,h,6,#DAA520,70.8,8.5,68.8,鐘の音。より強いWeightと直接性。,,4,5,6,1,REDUP(畳語・同一)
がくがく,有声破裂音/ɡ/による重い振動。関節の不連続性。,擬声語・擬音語,スピード・テンポ・質量,中立,清音・濁音,暗い・重い・大,畳語,ɡakuɡaku,ɡakuɡaku,0,7,7,4,8,3,4,180.0,1.49,7,4500.0,6.47,6,c,2,#A9A9A9,69.2,-0.0,0.0,有声破裂音/ɡ/による重い振動。関節の不連続性。,,4,5,6,1,REDUP(畳語・同一)
がくん,急激な落差。最大のWeightと時間突発性。,擬態語,スピード・テンポ,中立,清音・濁音,暗い・重い・大,撥音,ɡakuŋ,ɡakuŋ,0,8,9,8,9,3,3,140.0,0.85,9,7000.0,7.22,8,mc,3,#000000,0.0,0.0,0.0,急激な落差。最大のWeightと時間突発性。,,3,6,0,0,N(撥音単発)
がさがさ,荒い摩擦。濁音によるWeightの増加と乾燥。,擬音語,テクスチャー,中立,清音・濁音,暗い・重い・大,畳語,ɡasaɡasa,ɡasaɡasa,0,5,7,4,4,6,0,400.0,3.51,6,8000.0,7.44,5,0,4,#8B4513,37.5,26.4,41.0,荒い摩擦。濁音によるWeightの増加と乾燥。,,4,5,6,1,REDUP(畳語・同一)
がさっ,藪の中の突発的な動き。高いBo数。,擬態語,ダイナミクス,中立,清音・濁音,暗い・重い・大,促音,ɡasaʔ,ɡasaʔ,0,6,9,8,8,5,1,450.0,3.81,9,10000.0,7.82,8,0,4,#556B2F,42.2,-18.8,30.6,藪の中の突発的な動き。高いBo数（圧縮）。,,2,5,0,0,Q(促音単発)
がしっ,強固な把握。高いWeightと剛体感、遮断。,擬態語,その他,中立,清音・濁音,暗い・重い・大,促音,ɡatɕiʔ,ɡaɕiʔ,1,8,9,9,9,2,2,500.0,4.07,9,12000.0,8.13,9,mc,3,#4682B4,52.5,-4.1,-32.2,強固な把握。高いWeightと剛体感、遮断。,,2,5,0,0,Q(促音単発)
がしゃがしゃ,金属や硬い破片の乱雑な衝突。高Re数。,擬音語,テクスチャー,中立,清音・濁音,暗い・重い・大,畳語,ɡatɕaɡatɕa,ɡaɕaɡaɕa,1,6,8,5,6,3,2,1200.0,6.29,7,14000.0,8.39,8,c,2,#708090,52.8,-2.1,-10.6,金属や硬い破片の乱雑な衝突。高Re数。,,4,5,6,1,REDUP(畳語・同一)
がしゃっ,破壊を伴う瞬間的衝突。最大値に近い時間性。,擬音語,スピード・テンポ,中立,清音・濁音,暗い・重い・大,促音,ɡatɕaʔ,ɡaɕaʔ,1,7,9,8,9,2,2,1000.0,5.83,9,16000.0,8.62,9,c,2,#778899,55.9,-2.2,-11.1,破壊を伴う瞬間的衝突。最大値に近い時間性。,,2,5,0,0,Q(促音単発)
がたがた,重い構造物の振動。低い周波数と剛体接触。,擬音語,質量・気象・自然,中立,清音・濁音,暗い・重い・大,畳語,ɡataɡata,ɡataɡata,0,7,8,6,7,2,3,220.0,2.0,7,5000.0,6.65,7,c,2,#696969,44.4,-0.0,0.0,重い構造物の振動。低い周波数と剛体接触。,,4,5,6,1,REDUP(畳語・同一)
がたっと,衝撃を伴う停止。高い重量感と圧力。,擬態語,質量,中立,清音・濁音,暗い・重い・大,促音,ɡatatto,ɡatatto,0,8,9,8,8,2,3,200.0,1.75,9,8000.0,7.44,8,mc,3,#000000,0.0,0.0,0.0,衝撃を伴う停止。高い重量感と圧力。,,5,5,5,8,COMPOUND(複合・異種)
がたぴし,建具の歪み。摩擦音/ɕi/による高周波の混在。,擬音語,気象・自然,中立,清音・濁音・半濁音,暗い・重い・大,単発・その他,ɡatapiɕi,ɡatapiɕi,0,5,6,5,7,4,2,600.0,4.54,6,6000.0,6.95,6,mc,3,#8B4513,37.5,26.4,41.0,建具の歪み。摩擦音/ɕi/による高周波の混在。,,5,5,5,8,COMPOUND(複合・異種)
がたり,単発の重い衝突。余韻を伴う流体への移行。,擬音語,テクスチャー・質量,中立,清音・濁音,暗い・重い・大,「り」変化,ɡataɾi,ɡataɾi,0,6,7,7,6,3,4,250.0,2.32,6,4000.0,6.27,6,mc,3,#556B2F,42.2,-18.8,30.6,単発の重い衝突。余韻を伴う流体への移行。,,4,6,0,0,RI(り単発)
がたん,重量物の落下。強い空間直接性と気圧。,擬音語,密集度・距離感・質量・気象・自然,中立,清音・濁音,暗い・重い・大,撥音,ɡataŋ,ɡataŋ,0,8,8,9,8,2,5,180.0,1.49,7,3500.0,6.04,9,mc,3,#2F4F4F,31.3,-11.7,-3.7,重量物の落下。強い空間直接性と気圧。,,3,6,0,0,N(撥音単発)
がちがち,最大の硬直。震えを伴う低周波と高い抑制。,擬音語,気象・自然,中立,清音・濁音,暗い・重い・大,畳語,ɡatɕiɡatɕi,ɡatɕiɡatɕi,0,8,8,9,9,0,1,1200.0,6.29,9,10000.0,7.82,9,cc,1,#B0E0E6,86.1,-14.1,-8.0,最大の硬直。震えを伴う低周波と高い抑制。,,4,5,6,1,REDUP(畳語・同一)
がちゃがちゃ,鍵などの金属音。複雑なRe数を示す。,擬音語,その他,中立,清音・濁音,暗い・重い・大,畳語,ɡatɕaɡatɕa,ɡatɕaɡatɕa,0,5,8,6,6,2,3,1400.0,6.68,7,12000.0,8.13,7,mc,3,#708090,52.8,-2.1,-10.6,鍵などの金属音。複雑なRe数を示す。,,4,5,6,1,REDUP(畳語・同一)
がちゃん,結合または破壊。高いBo数と空間指向性。,擬態語,密集度・距離感・気象・自然,中立,清音・濁音,暗い・重い・大,撥音,ɡatɕaŋ,ɡatɕaŋ,0,7,9,9,8,1,4,800.0,5.26,8,9000.0,7.64,9,mc,3,#4682B4,52.5,-4.1,-32.2,結合または破壊。高いBo数と空間指向性。,,3,6,0,0,N(撥音単発)
がっ,全次元で最大級の衝撃。絶対的な停止。,擬態語,その他,中立,濁音,暗い・重い・大,促音,ɡaʔ,ɡaʔ,0,9,9,9,9,4,2,350.0,3.17,9,15000.0,8.51,9,mc,3,#000000,0.0,0.0,0.0,全次元で最大級の衝撃。絶対的な停止。,,2,5,0,0,Q(促音単発)
がっかり,期待の崩壊。重いWeightと落胆のDecay。,擬態語,質量,中立,清音・濁音,暗い・重い・大,促音・「り」変化,ɡakkaɾi,ɡakkaɾi,0,7,6,4,5,6,4,300.0,2.78,7,1200.0,4.22,5,c,2,#4B0082,20.5,51.7,-53.3,期待の崩壊。重いWeightと落胆のDecay。,,5,5,5,8,COMPOUND(複合・異種)
がっくり,急激な屈曲。さらに重いWeight。,擬態語,スピード・テンポ・質量,中立,清音・濁音,暗い・重い・大,促音・「り」変化,ɡukkuɾi,ɡakkuɾi,1,8,7,3,6,5,4,200.0,1.75,8,1000.0,3.91,6,c,2,#000000,0.0,0.0,0.0,急激な屈曲。さらに重いWeight。,,5,5,5,8,COMPOUND(複合・異種)
がっしり,堅牢な構造。高い直接性とFlowの抑制。,擬態語,その他,中立,清音・濁音,暗い・重い・大,促音・「り」変化,ɡatɕɕiɾi,ɡaɕɕiɾi,1,8,5,9,9,2,3,400.0,3.51,5,3000.0,5.78,9,mc,3,#708090,52.8,-2.1,-10.6,堅牢な構造。高い直接性とFlowの抑制。,,5,5,5,8,COMPOUND(複合・異種)
がっちり,緻密な噛み合わせ。高いHardnessを保持。,擬態語,その他,中立,清音・濁音,暗い・重い・大,促音・「り」変化,ɡattɕiɾi,ɡattɕiɾi,0,7,6,9,9,1,3,500.0,4.07,6,4000.0,6.27,9,mc,3,#4682B4,52.5,-4.1,-32.2,緻密な噛み合わせ。高いHardnessを保持。,,5,5,5,8,COMPOUND(複合・異種)
がっぷり,四つ相撲のような深い接触。最大のWeight。,擬態語,その他,中立,清音・濁音・半濁音,暗い・重い・大,促音・「り」変化,ɡappuɾi,ɡappuɾi,0,9,6,8,7,4,7,220.0,2.0,5,2000.0,5.09,8,mh,5,#A52A2A,37.5,49.7,30.5,四つ相撲のような深い接触。最大のWeight。,,5,5,5,8,COMPOUND(複合・異種)
がっぽり,大量の収益。豊かな流体性とMoisture。,擬態語,テクスチャー,中立,清音・濁音・半濁音,暗い・重い・大,促音・「り」変化,ɡappoɾi,ɡappoɾi,0,6,5,7,3,7,8,250.0,2.32,4,1500.0,4.6,7,mh,5,#FFD700,86.9,-1.9,87.1,大量の収益。豊かな流体性とMoisture。,,5,5,5,8,COMPOUND(複合・異種)
がつがつ,貪欲な食欲。高い時間性と直接的なSpace。,擬態語,スピード・テンポ,中立,清音・濁音,暗い・重い・大,畳語,ɡatsuɡatsu,ɡatsuɡatsu,0,7,8,8,7,3,3,400.0,3.51,7,6000.0,6.95,7,h,6,#B22222,39.1,55.9,37.6,貪欲な食欲。高い時間性と直接的なSpace。,,4,5,6,1,REDUP(畳語・同一)
がつん,衝撃。最大のWeightとBo数。,擬態語,その他,中立,清音・濁音,暗い・重い・大,撥音,ɡatsuŋ,ɡatsuŋ,0,9,9,9,9,2,4,300.0,2.78,9,11000.0,7.98,9,h,6,#8B0000,28.1,51.0,41.3,衝撃。最大のWeightとBo数（圧縮）。,,3,6,0,0,N(撥音単発)
がばがば,隙間からの浸水。高い流体性とMoisture。,擬音語,テクスチャー・密集度・距離感・気象・自然,中立,濁音,暗い・重い・大,畳語,ɡabaɡaba,ɡabaɡaba,0,5,4,3,2,8,9,150.0,1.03,3,2000.0,5.09,9,mc,3,#4169E1,47.8,26.3,-65.3,隙間からの浸水。高い流体性とMoisture。,,4,5,6,1,REDUP(畳語・同一)
がばっ,突然の動作。高いWeightと時間的突発。,擬態語,スピード・テンポ,中立,濁音,暗い・重い・大,促音,ɡabaʔ,ɡabaʔ,0,7,9,8,4,6,6,350.0,3.17,9,9000.0,7.64,8,mh,5,#FF8C00,69.5,36.8,75.5,突然の動作。高いWeightと時間的突発。,,2,5,0,0,Q(促音単発)
がぶがぶ,飲料の大量摂取。流体力学的な渦を反映。,擬態語,テクスチャー,中立,濁音,暗い・重い・大,畳語,ɡabuɡabu,ɡabuɡabu,0,6,5,4,4,8,9,180.0,1.49,4,1800.0,4.91,9,mc,3,#0000FF,32.3,79.2,-107.9,飲料の大量摂取。流体力学的な渦を反映。,,4,5,6,1,REDUP(畳語・同一)
がぶっ,噛み付き。高いBo数と直接性。,擬態語,その他,中立,濁音,暗い・重い・大,促音,ɡabuʔ,ɡabuʔ,0,7,9,9,8,5,8,280.0,2.61,9,8000.0,7.44,9,mh,5,#FF4500,57.6,67.8,69.0,噛み付き。高いBo数と直接性。,,2,5,0,0,Q(促音単発)
がぶり,深い一口。流体と剛体の中間的性質。,擬態語,テクスチャー・人体・生理,中立,清音・濁音,暗い・重い・大,「り」変化,ɡabuɾi,ɡabuɾi,0,6,6,7,5,6,7,250.0,2.32,6,4000.0,6.27,8,mh,5,#8B4513,37.5,26.4,41.0,深い一口。流体と剛体の中間的性質。,,4,6,0,0,RI(り単発)
がぼがぼ,大量の水。低周波共鳴と最大Moisture。,擬音語,気象・自然,中立,濁音,暗い・重い・大,畳語,ɡaboɡabo,ɡaboɡabo,0,6,4,2,3,9,9,120.0,0.46,2,1200.0,4.22,9,c,2,#191970,15.9,31.7,-49.6,大量の水。低周波共鳴と最大Moisture。,,4,5,6,1,REDUP(畳語・同一)
がみがみ,執拗な叱責。高いWeightと抑制されたFlow。,擬態語,その他,中立,清音・濁音,暗い・重い・大,畳語,ɡamiɡami,ɡamiɡami,0,7,7,8,8,4,5,450.0,3.81,4,3000.0,5.78,6,h,6,#FF0000,53.2,80.1,67.2,執拗な叱責。高いWeightと抑制されたFlow。,,4,5,6,1,REDUP(畳語・同一)
がやがや,多人数の喧騒。高いRe数による乱流状態。,擬態語,その他,中立,清音・濁音,暗い・重い・大,畳語,ɡajaɡaja,ɡajaɡaja,0,4,6,3,2,8,6,380.0,3.38,3,5500.0,6.81,7,mh,5,#DAA520,70.8,8.5,68.8,多人数の喧騒。高いRe数による乱流状態。,,4,5,6,1,REDUP(畳語・同一)
がらがら,崩落や空虚。低い粘性と中程度のWeight。,擬態語,テクスチャー・気象・自然,中立,清音・濁音,暗い・重い・大,畳語,ɡaɾaɡaɾa,ɡaɾaɡaɾa,0,6,5,4,2,7,2,320.0,2.94,4,4500.0,6.47,5,mc,3,#8B4513,37.5,26.4,41.0,崩落や空虚。低い粘性と中程度のWeight。,,4,5,6,1,REDUP(畳語・同一)
がらり,劇的な変化。高い流体性と空間開放性。,擬態語,テクスチャー・密集度・距離感・気象・自然,中立,清音・濁音,暗い・重い・大,「り」変化,ɡaɾaɾi,ɡaɾaɾi,0,4,7,7,3,9,2,450.0,3.81,6,3000.0,5.78,4,h,6,#FFFFFF,100.0,-0.0,0.0,劇的な変化。高い流体性と空間開放性。,,4,6,0,0,RI(り単発)
がらん,広い空洞. 低いWeightと高い指向性。,擬態語,気象・自然,中立,清音・濁音,暗い・重い・大,撥音,ɡaɾaŋ,ɡaɾaŋ,0,3,4,8,2,7,3,280.0,2.61,5,1500.0,4.6,4,c,2,#D3D3D3,84.6,-0.0,0.0,広い空洞. 低いWeightと高い指向性。,,3,6,0,0,N(撥音単発)
がりがり,激しい摩擦。硬い表面の削り。,擬態語,テクスチャー,中立,清音・濁音,暗い・重い・大,畳語・「り」変化,ɡaɾiɡaɾi,ɡaɾiɡaɾi,0,5,8,7,8,2,0,800.0,5.26,8,9000.0,7.64,6,c,2,#CD853F,61.8,21.4,47.9,激しい摩擦。硬い表面の削り（Hardness 2）。,,4,5,6,1,REDUP(畳語・同一)
がんがん,頭痛や強打。最大のWeightと直接性。,擬態語,その他,中立,濁音,暗い・重い・大,畳語・撥音,ɡaŋɡaŋ,ɡaŋɡaŋ,0,8,8,9,6,1,3,350.0,3.17,5,8000.0,7.44,9,h,6,#FF4500,57.6,67.8,69.0,頭痛や強打。最大のWeightと直接性。,,4,5,6,1,REDUP(畳語・同一)
がーがー,騒々しい持続音。高いWeightと低いDecay。,擬音語,スピード・テンポ,中立,濁音,暗い・重い・大,畳語・長音,ɡa:ɡa:,ɡaːɡaː,0,7,3,5,3,6,4,220.0,2.0,1,2500.0,5.47,6,mh,5,#556B2F,42.2,-18.8,30.6,騒々しい持続音。高いWeightと低いDecay。,,4,5,6,1,REDUP(畳語・同一)
がーっ,激しい突進や咆哮。高い圧縮性と圧力。,擬態語,その他,中立,濁音,暗い・重い・大,促音・長音,ɡa:ʔ,ɡaːʔ,0,8,6,9,7,5,4,350.0,3.17,9,12000.0,8.13,9,h,6,#FF0000,53.2,80.1,67.2,激しい突進や咆哮。高い圧縮性と圧力。,,2,7,7,1,LONG(長音ー)
がーん,衝撃の余韻。最大のWeightと空間直接性。,擬態語,密集度・距離感・気象・自然,中立,濁音,暗い・重い・大,撥音・長音,ɡa:ŋ,ɡaːŋ,0,9,4,9,5,3,5,200.0,1.75,2,6000.0,6.95,9,c,2,#483D8B,30.8,26.1,-42.1,衝撃の余韻。最大のWeightと空間直接性。,,3,8,5,1,LONG+N(長音+ん)
きいきい,高周波摩擦。高い空間直接性と抑制。,擬音語,密集度・距離感・気象・自然,中立,清音,明るい・軽い・小,畳語,ki:ki:,kiikii,1,2,4,7,8,4,1,2500.0,8.15,2,15000.0,8.51,4,c,2,#FFFF00,97.1,-21.6,94.5,高周波摩擦。高い空間直接性と抑制(Flow 8)。,,4,5,6,1,REDUP(畳語・同一)
きしきし,狭い隙間の摩擦。最大のFlow抑制。,擬態語,密集度・距離感,中立,清音,明るい・軽い・小,畳語,kiɕikiɕi,kiɕikiɕi,0,3,7,5,9,3,2,1800.0,7.32,7,11000.0,7.98,5,c,2,#BDB76B,73.4,-8.8,39.3,狭い隙間の摩擦。最大のFlow抑制。,,4,5,6,1,REDUP(畳語・同一)
きそきそ,ひそやかな摩擦。低いWeightと高い抑制。,擬態語,その他,中立,清音,明るい・軽い・小,畳語,kisokiso,kisokiso,0,1,5,2,8,6,2,1200.0,6.29,4,7000.0,7.22,3,c,2,#708090,52.8,-2.1,-10.6,ひそやかな摩擦。低いWeightと高い抑制。,,4,5,6,1,REDUP(畳語・同一)
きちきち,隙間のない状態。高い直接性とFlow 9。,擬態語,密集度・距離感,中立,清音,明るい・軽い・小,畳語,kitɕikitɕi,kitɕikitɕi,0,4,7,8,9,2,2,1400.0,6.68,8,9000.0,7.64,8,c,2,#C0C0C0,77.7,-0.0,0.0,隙間のない状態。高い直接性とFlow 9。,,4,5,6,1,REDUP(畳語・同一)
きちっ,正確な完了。最大の時間性と直接性。,擬態語,スピード・テンポ,中立,清音,明るい・軽い・小,促音,kitɕiʔ,kitɕiʔ,0,3,9,9,9,1,2,1600.0,7.02,9,13000.0,8.27,9,0,4,#FFFFFF,100.0,-0.0,0.0,正確な完了。最大の時間性と直接性。,,2,5,0,0,Q(促音単発)
きちん,整頓された状態。高いBo数と抑制。,擬態語,その他,中立,清音,明るい・軽い・小,撥音,kitɕiŋ,kitɕiŋ,0,3,8,9,9,2,3,1200.0,6.29,8,6000.0,6.95,9,0,4,#F5F5F5,96.5,-0.0,0.0,整頓された状態。高いBo数と抑制。,,3,6,0,0,N(撥音単発)
きっちり,精密な適合。強い直接性と剛体感。,擬態語,その他,中立,清音,明るい・軽い・小,促音・「り」変化,kittɕiɾi,kittɕiɾi,0,4,8,9,9,1,2,1300.0,6.49,7,5000.0,6.65,9,0,4,#708090,52.8,-2.1,-10.6,精密な適合。強い直接性と剛体感。,,5,5,5,8,COMPOUND(複合・異種)
きなきな,柔らかい運動。高い流体性とMoisture。,擬態語,テクスチャー・ダイナミクス,中立,清音,明るい・軽い・小,畳語,kinakina,kinakina,0,2,3,2,4,8,6,350.0,3.17,2,800.0,3.53,4,mh,5,#F5DEB3,89.4,1.5,24.0,柔らかい運動。高い流体性とMoisture。,,4,5,6,1,REDUP(畳語・同一)
きびきび,効率的な運動。高い時間性とSpace直接性。,擬態語,ダイナミクス・スピード・テンポ,中立,清音・濁音,暗い・重い・大,畳語,kibikibi,kibikibi,0,3,8,8,4,5,4,600.0,4.54,7,4000.0,6.27,6,mh,5,#FFFFFF,100.0,-0.0,0.0,効率的な運動。高い時間性とSpace直接性。,,4,5,6,1,REDUP(畳語・同一)
きゃっきゃっ,女性や子供がはしゃぎ楽しそうに笑う声。,擬声語,その他,中立,清音,明るい・軽い・小,畳語・促音,kjakkaʔ,kjakkjaʔ,1,2,9,6,0,8,3,2200.0,7.82,9,18000.0,8.82,6,h,6,#FF69B4,65.5,64.2,-10.6,歓声。高周波と最大の時間的突発性。,,4,5,6,1,REDUP(畳語・同一)
きゃんきゃん,高い透徹力。鋭い空間直接性。,擬態語,密集度・距離感・気象・自然,中立,清音,明るい・軽い・小,畳語・撥音,kjaŋkjaŋ,kjaŋkjaŋ,0,3,7,7,4,7,4,1800.0,7.32,5,12000.0,8.13,7,h,6,#FFD700,86.9,-1.9,87.1,高い透徹力。鋭い空間直接性。,,4,5,6,1,REDUP(畳語・同一)
きゃーきゃー,持続的な高音。高い流体性と自由なFlow。,擬音語,テクスチャー・スピード・テンポ,中立,清音,明るい・軽い・小,畳語・長音,kja:kja:,kjaːkjaː,0,2,5,5,1,8,5,2000.0,7.58,2,14000.0,8.39,5,h,6,#FFB6C1,81.1,28.0,5.0,持続的な高音。高い流体性と自由なFlow。,,4,5,6,1,REDUP(畳語・同一)
きゅうきゅう,圧迫。高い抑制と空間直接性。,擬態語,密集度・距離感・気象・自然,中立,清音,暗い・重い・大,畳語,kju:kju:,kjuukjuu,1,5,4,7,9,3,3,1500.0,6.86,5,9000.0,7.64,8,c,2,#FFFFE0,99.3,-5.1,14.8,圧迫。高い抑制(Flow 9)と空間直接性。,,4,5,6,1,REDUP(畳語・同一)
きゅっ,瞬間的な締め付け。高いBo数とDecay。,擬態語,スピード・テンポ,中立,清音,明るい・軽い・小,促音,kjuʔ,kjuʔ,0,4,9,9,9,2,2,1800.0,7.32,9,16000.0,8.62,9,c,2,#FFFFFF,100.0,-0.0,0.0,瞬間的な締め付け。高いBo数とDecay。,,2,5,0,0,Q(促音単発)
きょとん,状況がわからず呆然と目が丸くなるさま。,擬態語,その他,中立,清音,明るい・軽い・小,撥音,kjotoŋ,kjotoŋ,0,2,7,4,6,8,4,450.0,3.81,7,1500.0,4.6,5,0,4,#FFFFFF,100.0,-0.0,0.0,呆然。低いWeightと時間的空白。,,3,6,0,0,N(撥音単発)
きょろきょろ,周囲を落ち着かなく見回す様子。,擬態語,その他,中立,清音,明るい・軽い・小,畳語,kjoɾokjoɾo,kjoɾokjoɾo,0,2,7,6,4,9,3,500.0,4.07,5,3000.0,5.78,4,0,4,#ADFF2F,92.0,-52.5,81.9,視線の急速移動。高い流体性と空間性。,,4,5,6,1,REDUP(畳語・同一)
きらきら,光を浴びて眩しく輝く様子。,擬態語,色・光,中立,清音,明るい・軽い・小,畳語,kiɾakiɾa,kiɾakiɾa,0,1,6,5,0,9,1,1200.0,6.29,4,10000.0,7.82,2,h,6,#FFD700,86.9,-1.9,87.1,光の反射。低いWeightと最大の流体性。,,4,5,6,1,REDUP(畳語・同一)
きらっ,瞬光。最大の時間性と直接性。,擬態語,スピード・テンポ,中立,清音,明るい・軽い・小,促音,kiɾaʔ,kiɾaʔ,0,1,9,9,1,9,1,1500.0,6.86,9,18000.0,8.82,9,h,6,#FFFFFF,100.0,-0.0,0.0,瞬光。最大の時間性と直接性。,,2,5,0,0,Q(促音単発)
きらり,指向性のある輝き。流体的な余韻。,擬態語,テクスチャー,中立,清音,明るい・軽い・小,「り」変化,kiɾaɾi,kiɾaɾi,0,1,7,8,2,9,2,1300.0,6.49,6,12000.0,8.13,7,h,6,#FFFACD,97.6,-5.4,22.2,指向性のある輝き。流体的な余韻。,,4,6,0,0,RI(り単発)
きりきり,強く締め付けたり引き絞ったり、痛む様子。,擬態語・擬痛語,その他,不快,清音,明るい・軽い・小,畳語・「り」変化,kiɾikiɾi,kiɾikiɾi,0,5,8,8,9,2,1,1600.0,7.02,8,14000.0,8.39,8,c,2,#FF4500,57.6,67.8,69.0,鋭い痛みや巻き上げ。最高の抑制と剛体感。,,4,5,6,1,REDUP(畳語・同一)
きんきらきん,過剰な輝き。高い空間直接性とHardness。,擬態語,密集度・距離感・気象・自然,中立,清音,明るい・軽い・小,撥音,kiŋkiɾakiŋ,kiŋkiɾakiŋ,0,4,6,9,2,2,2,1400.0,6.68,4,11000.0,7.98,9,h,6,#FFD700,86.9,-1.9,87.1,過剰な輝き。高い空間直接性とHardness。,,3,6,0,0,N(撥音単発)
きー,高周波持続音。高い抑制と空間指向性。,擬音語,スピード・テンポ・密集度・距離感・気象・自然,中立,清音,明るい・軽い・小,長音,ki:,kiː,0,2,1,8,9,4,1,2800.0,8.44,0,16000.0,8.62,4,c,2,#FFFF00,97.1,-21.6,94.5,高周波持続音。高い抑制と空間指向性。,,2,7,7,1,LONG(長音ー)
きーん,金属的な共鳴。遠達性の高いSpace 9。,擬音語,その他,中立,清音,明るい・軽い・小,撥音・長音,ki:ŋ,kiːŋ,0,3,2,9,7,3,2,3000.0,8.61,1,18000.0,8.82,9,c,2,#F0FFFF,98.9,-4.9,-1.7,金属的な共鳴。遠達性の高いSpace 9。,,3,8,5,1,LONG+N(長音+ん)
ぎいぎい,重い摩擦音。有声音によるWeightの増加。,擬声語・擬音語,質量,中立,清音・濁音,暗い・重い・大,畳語,ɡiiɡii,ɡiiɡii,0,6,4,6,9,3,2,800.0,5.26,2,9000.0,7.64,6,c,2,#556B2F,42.2,-18.8,30.6,重い摩擦音。有声音によるWeightの増加。,,4,5,6,1,REDUP(畳語・同一)
ぎくぎく,不自然な運動。高い抑制と重いWeight。,擬態語,ダイナミクス・質量・気象・自然,中立,清音・濁音,暗い・重い・大,畳語,ɡikuɡiku,ɡikuɡiku,0,7,7,4,9,4,3,350.0,3.17,7,5000.0,6.65,7,c,2,#696969,44.4,-0.0,0.0,不自然な運動。高い抑制と重いWeight。,,4,5,6,1,REDUP(畳語・同一)
ぎくしゃく,ぎこちなく滑らかに進まない様子。,擬態語,テクスチャー,中立,清音・濁音,暗い・重い・大,単発・その他,ɡikuɕaku,ɡikuɕaku,0,6,7,5,8,5,2,600.0,4.54,7,7000.0,7.22,6,c,2,#708090,52.8,-2.1,-10.6,摩擦(Re)の高い不連続運動。,,5,5,5,8,COMPOUND(複合・異種)
ぎくっ,驚愕による停止。高い圧縮性とWeight。,擬態語,その他,中立,清音・濁音,暗い・重い・大,促音,ɡikuʔ,ɡikuʔ,0,7,9,8,9,4,2,400.0,3.51,9,11000.0,7.98,8,c,2,#000000,0.0,0.0,0.0,驚愕による停止。高い圧縮性とWeight。,,2,5,0,0,Q(促音単発)
ぎこぎこ,鋸などの重い往復摩擦。Hardness 3。,擬態語,質量,中立,清音・濁音,暗い・重い・大,畳語,ɡikoɡiko,ɡikoɡiko,0,6,6,6,8,3,1,500.0,4.07,6,7500.0,7.33,6,mc,3,#8B4513,37.5,26.4,41.0,鋸などの重い往復摩擦。Hardness 3。,,4,5,6,1,REDUP(畳語・同一)
ぎざぎざ,鋭利な形状。高い空間直接性と抑制。,擬態語,密集度・距離感・気象・自然,中立,濁音,暗い・重い・大,畳語,ɡizaɡiza,ɡizaɡiza,0,5,5,7,8,4,2,900.0,5.56,5,9000.0,7.64,7,c,2,#778899,55.9,-2.2,-11.1,鋭利な形状。高い空間直接性と抑制。,,4,5,6,1,REDUP(畳語・同一)
ぎしぎし,荷重のかかった摩擦。最大のFlow抑制。,擬態語,その他,中立,清音・濁音,暗い・重い・大,畳語,ɡiɕiɡiɕi,ɡiɕiɡiɕi,0,6,7,6,9,3,2,1000.0,5.83,7,10000.0,7.82,7,c,2,#556B2F,42.2,-18.8,30.6,荷重のかかった摩擦。最大のFlow抑制。,,4,5,6,1,REDUP(畳語・同一)
ぎすぎす,潤滑不足。低いMoistureと高い抑制。,擬態語,人体・生理,中立,清音・濁音,暗い・重い・大,畳語,ɡisuɡisu,ɡisuɡisu,0,5,4,5,9,6,1,1200.0,6.29,5,8000.0,7.44,5,c,2,#808080,53.6,-0.0,0.0,潤滑不足。低いMoistureと高い抑制。,,4,5,6,1,REDUP(畳語・同一)
ぎちぎち,高密度の充填。強い重量感と剛性。,擬態語,テクスチャー・質量,中立,清音・濁音,暗い・重い・大,畳語,ɡitɕiɡitɕi,ɡitɕiɡitɕi,0,7,8,8,9,2,2,1100.0,6.07,8,11000.0,7.98,9,c,2,#2F4F4F,31.3,-11.7,-3.7,高密度の充填。強い重量感と剛性。,,4,5,6,1,REDUP(畳語・同一)
ぎとぎと,油脂の粘性。最大級のMoistureと低いRe数。,擬態語,テクスチャー,中立,清音・濁音,暗い・重い・大,畳語,ɡitoɡito,ɡitoɡito,0,6,3,2,7,5,9,180.0,1.49,2,1200.0,4.22,9,mh,5,#4B3621,24.5,6.4,16.8,油脂の粘性。最大級のMoistureと低いRe数。,,4,5,6,1,REDUP(畳語・同一)
ぎゃふん,完膚なきまでの論破。高いBo数と直接性。,擬態語,その他,中立,清音・濁音,暗い・重い・大,撥音,ɡjaɸuŋ,ɡjaɸuŋ,0,6,8,9,8,4,5,300.0,2.78,8,4000.0,6.27,9,mc,3,#000000,0.0,0.0,0.0,完膚なきまでの論破。高いBo数と直接性。,,3,6,0,0,N(撥音単発)
ぎゃーぎゃー,騒々しい有声摩擦。高いWeightと流体性。,擬声語,テクスチャー,中立,濁音,暗い・重い・大,畳語・長音,ɡja:ɡja:),ɡjaːɡjaː,0,7,5,6,2,6,5,1200.0,6.29,2,9000.0,7.64,7,h,6,#FF4500,57.6,67.8,69.0,騒々しい有声摩擦。高いWeightと流体性。,,4,5,6,1,REDUP(畳語・同一)
ぎゅうぎゅう,強力な圧縮。最大のWeightと抑制。,擬態語,その他,中立,清音・濁音,暗い・重い・大,畳語,ɡju:ɡju:,ɡjuuɡjuu,1,8,4,8,9,3,3,400.0,3.51,4,4000.0,6.27,9,mc,3,#8B0000,28.1,51.0,41.3,強力な圧縮。最大のWeightと抑制。,,4,5,6,1,REDUP(畳語・同一)
ぎゅっ,瞬時の凝縮。高いBo数と空間指向性。,擬態語,密集度・距離感・気象・自然,中立,濁音,暗い・重い・大,促音,ɡjuʔ,ɡjuʔ,0,7,9,9,9,3,2,500.0,4.07,9,12000.0,8.13,9,mc,3,#000000,0.0,0.0,0.0,瞬時の凝縮。高いBo数と空間指向性。,,2,5,0,0,Q(促音単発)
ぎょっ,強い衝撃的驚き。高い時間性と重量。,擬態語,スピード・テンポ・質量,中立,濁音,暗い・重い・大,促音,ɡjoʔ,ɡjoʔ,0,8,9,8,9,4,4,300.0,2.78,9,10000.0,7.82,8,c,2,#FF0000,53.2,80.1,67.2,強い衝撃的驚き。高い時間性と重量。,,2,5,0,0,Q(促音単発)
ぎょろぎょろ,目玉の運動。高いMoistureと空間直接性。,擬態語,ダイナミクス・密集度・距離感・気象・自然,中立,清音・濁音,暗い・重い・大,畳語,ɡjoɾoɡjoɾo,ɡjoɾoɡjoɾo,0,5,6,7,4,7,7,250.0,2.32,5,2500.0,5.47,6,mc,3,#006400,36.2,-43.4,41.9,目玉の運動。高いMoistureと空間直接性。,,4,5,6,1,REDUP(畳語・同一)
ぎらぎら,強烈な光を放ってギラついている様子。,擬態語,その他,中立,清音・濁音,暗い・重い・大,畳語,ɡiɾaɡiɾa,ɡiɾaɡiɾa,0,6,5,7,1,7,3,1100.0,6.07,3,9000.0,7.64,7,hhh,8,#FFD700,86.9,-1.9,87.1,強烈な反射。高いWeightと熱量。,,4,5,6,1,REDUP(畳語・同一)
ぎりぎり,限界に達していて余裕がないさま。,擬態語,その他,中立,清音・濁音,暗い・重い・大,畳語・「り」変化,ɡiɾiɡiɾi,ɡiɾiɡiɾi,0,7,7,8,9,3,1,950.0,5.7,7,11000.0,7.98,8,c,2,#FF0000,53.2,80.1,67.2,限界の摩擦。高い抑制と空間直接性。,,4,5,6,1,REDUP(畳語・同一)
ぎー,重い持続摩擦。有声音によるWeight。,擬声語・擬音語,スピード・テンポ・質量,中立,濁音,暗い・重い・大,長音,ɡi:,ɡiː,0,6,2,7,9,3,2,700.0,4.93,0,8000.0,7.44,7,c,2,#556B2F,42.2,-18.8,30.6,重い持続摩擦。有声音によるWeight。,,2,7,7,1,LONG(長音ー)
くうくう,鳩や寝息。極めて低いWeightと高い流体性。,擬態語,テクスチャー・人体・生理,中立,清音,暗い・重い・大,畳語,kuu kuu,kuukuu,0,2,2,1,3,9,6,280.0,2.61,2,400.0,2.35,2,mh,5,#F5F5DC,95.9,-4.2,12.0,鳩や寝息。極めて低いWeightと高い流体性。,,4,5,6,1,REDUP(畳語・同一)
くさくさ,鬱屈。低いSpaceと抑制されたFlow。,擬態語,その他,中立,清音,明るい・軽い・小,畳語,kusakusa,kusakusa,0,4,3,2,7,8,2,800.0,5.26,4,3000.0,5.78,4,c,2,#556B2F,42.2,-18.8,30.6,鬱屈。低いSpaceと抑制されたFlow。,,4,5,6,1,REDUP(畳語・同一)
くしゃくしゃ,形状の崩壊。高いRe数を示す。,擬態語,その他,中立,清音,明るい・軽い・小,畳語,kuɕakuɕa,kuɕakuɕa,0,3,7,5,4,6,3,1500.0,6.86,6,9000.0,7.64,6,mc,3,#D2B48C,75.0,5.0,24.4,形状の崩壊。高いRe数（乱流）を示す。,,4,5,6,1,REDUP(畳語・同一)
くすくす,忍び笑い。最小のWeightと抑制。,擬態語,その他,中立,清音,明るい・軽い・小,畳語,kusukusu,kusukusu,0,1,5,2,6,9,3,1100.0,6.07,5,4000.0,6.27,3,mh,5,#FFFACD,97.6,-5.4,22.2,忍び笑い。最小のWeightと抑制。,,4,5,6,1,REDUP(畳語・同一)
くたくた,疲労。高い流体性とMoisture。,擬態語,テクスチャー,中立,清音,明るい・軽い・小,畳語,kutakuta,kutakuta,0,6,3,1,4,8,7,220.0,2.0,3,800.0,3.53,4,mh,5,#D3D3D3,84.6,-0.0,0.0,疲労。高い流体性とMoisture（汗）。,,4,5,6,1,REDUP(畳語・同一)
くだくだ,冗長な話。低いTimeと高い粘性。,擬態語,テクスチャー,中立,清音・濁音,暗い・重い・大,畳語,kuda kuda,kudakuda,0,5,2,2,6,6,7,180.0,1.49,2,600.0,3.04,5,mc,3,#808080,53.6,-0.0,0.0,冗長な話。低いTimeと高い粘性。,,4,5,6,1,REDUP(畳語・同一)
くちゃくちゃ,咀嚼や粘着。最大のMoistureとRe数。,擬態語,その他,中立,清音,明るい・軽い・小,畳語,kutɕakutɕa,kutɕakutɕa,0,4,6,4,5,7,9,450.0,3.81,5,1500.0,4.6,9,mc,3,#8B4513,37.5,26.4,41.0,咀嚼や粘着。最大のMoisture(9)とRe数。,,4,5,6,1,REDUP(畳語・同一)
くっきり,輪郭の明瞭。高い直接性と低いMoisture。,擬態語,その他,中立,清音,明るい・軽い・小,促音・「り」変化,kukkiɾi,kukkiɾi,0,3,8,9,7,4,1,650.0,4.74,8,7000.0,7.22,8,0,4,#000000,0.0,0.0,0.0,輪郭の明瞭。高い直接性と低いMoisture。,,5,5,5,8,COMPOUND(複合・異種)
くっくっ,漏れ出る笑い。高い時間性と抑制。,擬態語,スピード・テンポ,中立,清音,明るい・軽い・小,畳語・促音,kukkuʔ,kukkuʔ,0,2,9,5,8,5,4,500.0,4.07,9,6000.0,6.95,6,mh,5,#FFFFFF,100.0,-0.0,0.0,漏れ出る笑い。高い時間性と抑制。,,4,5,6,1,REDUP(畳語・同一)
くどくど,重い執拗さ。鼻音的共鳴と高い粘性。,擬音語,テクスチャー・質量,中立,清音・濁音,暗い・重い・大,畳語,kudo kudo,kudokudo,0,6,2,3,7,5,8,160.0,1.19,2,500.0,2.73,7,mc,3,#4B0082,20.5,51.7,-53.3,重い執拗さ。鼻音的共鳴と高い粘性。,,4,5,6,1,REDUP(畳語・同一)
くにゃくにゃ,軟体。高い流体性と低いHardness。,擬態語,テクスチャー,中立,清音,明るい・軽い・小,畳語,kuɲakuɲa,kuɲakuɲa,0,2,3,1,3,9,8,250.0,2.32,2,1200.0,4.22,5,mh,5,#FFDAB9,89.4,8.1,21.0,軟体。高い流体性と低いHardness。,,4,5,6,1,REDUP(畳語・同一)
くねくね,曲線運動。Re数の低い層流的運動。,擬態語,ダイナミクス,中立,清音,明るい・軽い・小,畳語,kunekune,kunekune,0,3,3,2,3,9,7,280.0,2.61,1,900.0,3.73,5,mc,3,#ADFF2F,92.0,-52.5,81.9,曲線運動。Re数の低い層流的運動。,,4,5,6,1,REDUP(畳語・同一)
くやくや,悩み。中程度の流体性と抑制。,擬態語,テクスチャー,中立,清音,明るい・軽い・小,畳語,kujakuja,kujakuja,0,3,4,2,5,8,6,300.0,2.78,3,1100.0,4.07,5,mc,3,#708090,52.8,-2.1,-10.6,悩み。中程度の流体性と抑制。,,4,5,6,1,REDUP(畳語・同一)
くよくよ,停滞する思考。低いSpaceと高い抑制。,擬態語,その他,中立,清音,明るい・軽い・小,畳語,kujokujo,kujokujo,0,4,2,1,7,7,6,250.0,2.32,2,800.0,3.53,6,c,2,#4682B4,52.5,-4.1,-32.2,停滞する思考。低いSpaceと高い抑制。,,4,5,6,1,REDUP(畳語・同一)
くらくら,目眩。高い流体性と不定形なSpace。,擬態語,テクスチャー,中立,清音,明るい・軽い・小,畳語,kuɾakuɾa,kuɾakuɾa,0,4,5,2,2,9,5,350.0,3.17,4,2500.0,5.47,4,mc,3,#FFFFFF,100.0,-0.0,0.0,目眩。高い流体性と不定形なSpace。,,4,5,6,1,REDUP(畳語・同一)
くりくり,円形運動。高い時間性と流体性。,擬態語,テクスチャー・ダイナミクス・スピード・テンポ,中立,清音,明るい・軽い・小,畳語・「り」変化,kuɾikuɾi,kuɾikuɾi,0,2,7,7,3,7,4,600.0,4.54,5,3500.0,6.04,5,mc,3,#F5DEB3,89.4,1.5,24.0,円形運動。高い時間性と流体性。,,4,5,6,1,REDUP(畳語・同一)
くるくる,軽快な回転。高い流体性と自由なFlow。,擬態語,テクスチャー・ダイナミクス,快,清音,明るい・軽い・小,畳語,kuɾukuɾu,kuɾukuɾu,0,2,6,4,1,9,3,480.0,3.97,4,4000.0,6.27,3,mc,3,#87CEEB,79.2,-14.8,-21.3,軽快な回転。高い流体性と自由なFlow。,,4,5,6,1,REDUP(畳語・同一)
くるっ,瞬時の反転。高いBo数と直接性。,擬態語,その他,中立,清音,明るい・軽い・小,促音,kuɾuʔ,kuɾuʔ,0,2,9,8,5,7,2,550.0,4.32,9,12000.0,8.13,8,0,4,#FFFFFF,100.0,-0.0,0.0,瞬時の反転。高いBo数と直接性。,,2,5,0,0,Q(促音単発)
くるり,円滑な旋回。余韻のある流体。,擬態語,テクスチャー,中立,清音,明るい・軽い・小,「り」変化,kuɾuɾi,kuɾuɾi,0,2,6,6,2,9,3,500.0,4.07,5,3500.0,6.04,4,mc,3,#F0F8FF,97.2,-1.3,-4.3,円滑な旋回。余韻のある流体。,,4,6,0,0,RI(り単発)
くんくん,嗅覚的探索。高い空間直接性と鼻腔共鳴。,擬態語,密集度・距離感・気象・自然,中立,清音,明るい・軽い・小,畳語・撥音,kuŋkuŋ,kuŋkuŋ,0,3,5,8,6,5,5,300.0,2.78,4,1000.0,3.91,6,mh,5,#D2B48C,75.0,5.0,24.4,嗅覚的探索。高い空間直接性と鼻腔共鳴。,,4,5,6,1,REDUP(畳語・同一)
ぐいぐい,強引な牽引。高いWeightと空間直接性。,擬態語,密集度・距離感・気象・自然,中立,清音・濁音,暗い・重い・大,畳語,ɡuiɡui,ɡuiɡui,0,7,7,9,4,5,5,350.0,3.17,5,5500.0,6.81,8,h,6,#FF4500,57.6,67.8,69.0,強引な牽引。高いWeightと空間直接性。,,4,5,6,1,REDUP(畳語・同一)
ぐうぐう,深い眠り。低い周波数と高いMoisture。,擬音語,気象・自然,中立,清音・濁音,暗い・重い・大,畳語,ɡuu ɡuu,ɡuuɡuu,0,6,2,2,2,6,7,150.0,1.03,1,600.0,3.04,7,mh,5,#483D8B,30.8,26.1,-42.1,深い眠り。低い周波数と高いMoisture。,,4,5,6,1,REDUP(畳語・同一)
ぐしゃぐしゃ,破壊と湿潤。高いRe数とMoisture。,擬態語,その他,中立,清音・濁音,暗い・重い・大,畳語,ɡuɕaɡuɕa,ɡuɕaɡuɕa,0,6,7,3,4,6,8,400.0,3.51,6,8000.0,7.44,9,mc,3,#8B4513,37.5,26.4,41.0,破壊と湿潤。高いRe数とMoisture。,,4,5,6,1,REDUP(畳語・同一)
ぐずぐず,グズついて動作や決断が遅い様子。,擬態語,スピード・テンポ,中立,濁音,暗い・重い・大,畳語,ɡuzuɡuzu,ɡuzuɡuzu,0,6,2,1,9,4,8,180.0,1.49,3,500.0,2.73,8,c,2,#556B2F,42.2,-18.8,30.6,遅延と粘性。最大のFlow抑制。,,4,5,6,1,REDUP(畳語・同一)
ぐちゃぐちゃ,高い不規則性と湿潤。最大Moisture。,擬態語,その他,中立,清音・濁音,暗い・重い・大,畳語,ɡutɕaɡutɕa,ɡutɕaɡutɕa,0,6,6,3,5,6,9,320.0,2.94,5,2500.0,5.47,9,mc,3,#4B3621,24.5,6.4,16.8,高い不規則性と湿潤。最大Moisture(9)。,,4,5,6,1,REDUP(畳語・同一)
ぐっしょり,飽和状態。高いMoistureと中程度のWeight。,擬態語,その他,中立,清音・濁音,暗い・重い・大,促音・「り」変化,ɡuɕɕoɾi,ɡuɕɕoɾi,0,5,4,3,3,7,9,280.0,2.61,6,1200.0,4.22,9,mh,5,#000080,13.0,47.5,-64.7,飽和状態。高いMoistureと中程度のWeight。,,5,5,5,8,COMPOUND(複合・異種)
ぐっすり,安定。低いWeightと自由なFlow。,擬態語,その他,中立,清音・濁音,暗い・重い・大,促音・「り」変化,ɡussuɾi,ɡussuɾi,0,4,2,2,0,8,5,250.0,2.32,5,800.0,3.53,4,mh,5,#191970,15.9,31.7,-49.6,安定。低いWeightと自由なFlow。,,5,5,5,8,COMPOUND(複合・異種)
ぐったり,疲労や病気で力を失い横たわる様子。,擬態語,その他,中立,清音・濁音,暗い・重い・大,促音・「り」変化,ɡuttaɾi,ɡuttaɾi,0,8,3,1,4,7,7,180.0,1.49,7,500.0,2.73,6,c,2,#708090,52.8,-2.1,-10.6,極度の疲弊。最大のWeightと低いSpace。,,5,5,5,8,COMPOUND(複合・異種)
ぐつぐつ,鍋などが沸騰して泡立つ音・様子。,擬音語・擬態語,その他,中立,清音・濁音,暗い・重い・大,畳語,ɡutsuɡutsu,ɡutsuɡutsu,0,6,5,6,7,7,9,220.0,2.0,5,3000.0,5.78,9,hh,7,#FF4500,57.6,67.8,69.0,煮沸。高いBo数（気泡）と熱量。,,4,5,6,1,REDUP(畳語・同一)
ぐにゃぐにゃ,柔らかくて骨がなく折れ曲がるさま。,擬態語,テクスチャー・人体・生理,中立,清音・濁音,暗い・重い・大,畳語,ɡuɲaɡuɲa,ɡuɲaɡuɲa,0,5,4,1,4,8,9,200.0,1.75,3,1100.0,4.07,7,mh,5,#ADFF2F,92.0,-52.5,81.9,不定形。高い流体性と低いHardness。,,4,5,6,1,REDUP(畳語・同一)
ぐにゃり,塑性変形。単発の強い流体運動。,擬態語,テクスチャー・ダイナミクス,中立,清音・濁音,暗い・重い・大,「り」変化,ɡuɲaɾi,ɡuɲaɾi,0,6,6,4,5,7,8,240.0,2.22,6,1800.0,4.91,7,mc,3,#9ACD32,76.5,-38.0,66.6,塑性変形。単発の強い流体運動。,,4,6,0,0,RI(り単発)
ぐびりぐびり,喉を通る流体。高いBo数とMoisture。,擬態語,テクスチャー・人体・生理,中立,清音・濁音,暗い・重い・大,畳語・「り」変化,ɡubiɾiɡubiɾi,ɡubiɾiɡubiɾi,0,6,6,7,5,5,8,260.0,2.42,6,2200.0,5.25,8,mc,3,#4169E1,47.8,26.3,-65.3,喉を通る流体。高いBo数とMoisture。,,4,5,6,1,REDUP(畳語・同一)
ぐらぐら,土台が揺らいで不安定な様子。,擬態語・擬情語,感情,不快,清音・濁音,暗い・重い・大,畳語,ɡuɾaɡuɾa,ɡuɾaɡuɾa,0,7,5,3,3,8,4,220.0,2.0,4,3500.0,6.04,6,mc,3,#808080,53.6,-0.0,0.0,不安定な振動。高いWeightと流体性。,,4,5,6,1,REDUP(畳語・同一)
ぐらっ,瞬間的な揺らぎ。高い圧縮性と重量。,擬態語,スピード・テンポ・質量,中立,清音・濁音,暗い・重い・大,促音,ɡuɾaʔ,ɡuɾaʔ,0,8,9,7,6,7,3,250.0,2.32,9,10000.0,7.82,8,mc,3,#000000,0.0,0.0,0.0,瞬間的な揺らぎ。高い圧縮性と重量。,,2,5,0,0,Q(促音単発)
ぐりぐり,押し付け。高いWeightと空間直接性。,擬態語,密集度・距離感・気象・自然,中立,清音・濁音,暗い・重い・大,畳語・「り」変化,ɡuɾiɡuɾi,ɡuɾiɡuɾi,0,7,7,8,8,3,4,320.0,2.94,6,5000.0,6.65,8,mc,3,#8B4513,37.5,26.4,41.0,押し付け。高いWeightと空間直接性。,,4,5,6,1,REDUP(畳語・同一)
ぐるぐる,何度も回転する様子。,擬態語,ダイナミクス,中立,清音・濁音,暗い・重い・大,畳語,ɡuɾuɡuɾu,ɡuɾuɡuɾu,0,5,5,4,2,9,3,300.0,2.78,4,4500.0,6.47,5,mc,3,#4682B4,52.5,-4.1,-32.2,連続回転。高い流体性と中庸のWeight。,,4,5,6,1,REDUP(畳語・同一)
ぐるっ,瞬時の回転。高いBo数と直接性。,擬態語,ダイナミクス,中立,清音・濁音,暗い・重い・大,促音,ɡuɾuʔ,ɡuɾuʔ,0,6,9,8,6,7,2,400.0,3.51,9,11000.0,7.98,9,mc,3,#FFFFFF,100.0,-0.0,0.0,瞬時の回転。高いBo数と直接性。,,2,5,0,0,Q(促音単発)
ぐるり,周回。高い空間性と流体的な余韻。,擬態語,テクスチャー・密集度・距離感・気象・自然,中立,清音・濁音,暗い・重い・大,「り」変化,ɡuɾuɾi,ɡuɾuɾi,0,5,6,7,3,8,3,380.0,3.38,5,3800.0,6.18,7,mc,3,#708090,52.8,-2.1,-10.6,周回。高い空間性と流体的な余韻。,,4,6,0,0,RI(り単発)
ぐん,強力な一歩。最大のWeightと直接性。,擬態語,その他,中立,濁音,暗い・重い・大,撥音,ɡuŋ,ɡuŋ,0,8,8,9,6,4,4,280.0,2.61,8,7000.0,7.22,9,mc,3,#000080,13.0,47.5,-64.7,強力な一歩。最大のWeightと直接性。,,3,6,0,0,N(撥音単発)
ぐんぐん,勢いよく前方や上方へ進む・成長するさま。,擬態語,その他,中立,濁音,暗い・重い・大,畳語・撥音,ɡuŋɡuŋ,ɡuŋɡuŋ,0,7,7,9,4,5,5,320.0,2.94,5,6000.0,6.95,9,h,6,#1E90FF,59.4,10.0,-63.4,持続的な推進。高い空間直接性。,,4,5,6,1,REDUP(畳語・同一)
ぐんなり,萎れ。高いMoistureと低いSpace。,擬態語,その他,中立,清音・濁音,暗い・重い・大,撥音・「り」変化,ɡuŋnaɾi,ɡunnaɾi,1,7,3,2,5,7,8,200.0,1.75,6,800.0,3.53,7,mc,3,#696969,44.4,-0.0,0.0,萎れ。高いMoistureと低いSpace。,,5,5,5,8,COMPOUND(複合・異種)
ぐーすか,鼾。流体性と乾燥摩擦の混在。,擬態語,テクスチャー,中立,清音・濁音,暗い・重い・大,長音,ɡuu suka,ɡuːsuka,1,5,2,2,1,7,4,450.0,3.81,2,900.0,3.73,4,mh,5,#FFE4E1,92.7,8.7,4.8,鼾。流体性と乾燥摩擦の混在。,,5,5,5,8,COMPOUND(複合・異種)
けいけい,高い鋭利さ。空間直接性と時間性。,擬態語,スピード・テンポ・密集度・距離感・気象・自然,中立,清音,明るい・軽い・小,畳語,kei kei,keikei,0,3,6,7,6,6,2,1500.0,6.86,4,11000.0,7.98,6,h,6,#FFFF00,97.1,-21.6,94.5,高い鋭利さ。空間直接性と時間性。,,4,5,6,1,REDUP(畳語・同一)
けざけざ,表面の粗さ。高いRe数。,擬態語,テクスチャー,中立,清音・濁音,暗い・重い・大,畳語,kezakeza,kezakeza,0,4,5,6,7,4,1,900.0,5.56,5,8000.0,7.44,7,c,2,#778899,55.9,-2.2,-11.1,表面の粗さ。高いRe数（乱流）。,,4,5,6,1,REDUP(畳語・同一)
けたけた,軽薄な笑い。高い時間性と流体性。,擬態語,テクスチャー・スピード・テンポ,中立,清音,明るい・軽い・小,畳語,ketaketa,ketaketa,0,2,8,6,3,8,3,700.0,4.93,7,5500.0,6.81,5,h,6,#FFD700,86.9,-1.9,87.1,軽薄な笑い。高い時間性と流体性。,,4,5,6,1,REDUP(畳語・同一)
けちょんけちょん,徹底的な批判。高いSpace直接性。,擬態語,その他,中立,清音,明るい・軽い・小,畳語・撥音,ketɕoŋketɕoŋ,ketɕoŋketɕoŋ,0,5,8,9,7,3,4,550.0,4.32,8,6500.0,7.09,9,c,2,#8B0000,28.1,51.0,41.3,徹底的な批判。高いSpace直接性。,,4,5,6,1,REDUP(畳語・同一)
けばけば,過剰な視覚刺激。高いRe数。,擬態語,その他,中立,清音・濁音,暗い・重い・大,畳語,kebakeba,kebakeba,0,4,5,6,4,6,3,800.0,5.26,4,9000.0,7.64,7,h,6,#FF00FF,60.3,98.2,-60.8,過剰な視覚刺激。高いRe数（色彩の乱流）。,,4,5,6,1,REDUP(畳語・同一)
けらけら,高い流体性と自由なFlow。軽快な笑い。,擬態語,テクスチャー,快,清音,明るい・軽い・小,畳語,keɾakeɾa,keɾakeɾa,0,2,7,4,1,9,2,650.0,4.74,5,4000.0,6.27,4,h,6,#FFFFE0,99.3,-5.1,14.8,高い流体性と自由なFlow。軽快な笑い。,,4,5,6,1,REDUP(畳語・同一)
けろけろ,蛙や無頓着。高い流体性と適度なMoisture。,擬態語,テクスチャー,中立,清音,明るい・軽い・小,畳語,keɾokeɾo,keɾokeɾo,0,3,6,4,2,8,4,500.0,4.07,4,3000.0,5.78,5,mh,5,#00FF00,87.7,-86.2,83.2,蛙や無頓着。高い流体性と適度なMoisture。,,4,5,6,1,REDUP(畳語・同一)
げたげた,下品な笑い。高いWeightと流体性。,擬態語,テクスチャー,中立,清音・濁音,暗い・重い・大,畳語,ɡetaɡeta,ɡetaɡeta,0,6,7,5,3,7,4,400.0,3.51,6,4500.0,6.47,6,h,6,#DAA520,70.8,8.5,68.8,下品な笑い。高いWeightと流体性。,,4,5,6,1,REDUP(畳語・同一)
げっそり,急激に痩せ衰えたり失望したりするさま。,擬態語,スピード・テンポ,中立,清音・濁音,暗い・重い・大,促音・「り」変化,ɡessoɾi,ɡessoɾi,0,7,6,4,8,5,2,350.0,3.17,7,2000.0,5.09,5,cc,1,#A9A9A9,69.2,-0.0,0.0,急激な消耗。重いWeightと高い抑制。,,5,5,5,8,COMPOUND(複合・異種)
げらげら,大声で遠慮なく笑い転げる声。,擬声語,その他,中立,清音・濁音,暗い・重い・大,畳語,ɡeɾaɡeɾa,ɡeɾaɡeɾa,0,5,6,5,1,9,4,420.0,3.63,3,3500.0,6.04,6,h,6,#FFA500,74.9,23.9,78.9,豪快な笑い。高い流体性と自由なFlow。,,4,5,6,1,REDUP(畳語・同一)
げろげろ,嘔吐。最大級のMoistureと流体性。,擬態語,テクスチャー,中立,清音・濁音,暗い・重い・大,畳語,ɡeɾoɡeɾo,ɡeɾoɡeɾo,0,6,4,3,4,8,9,220.0,2.0,3,1800.0,4.91,9,mc,3,#32CD32,72.6,-67.1,61.4,嘔吐。最大級のMoistureと流体性。,,4,5,6,1,REDUP(畳語・同一)
げんなり,嫌悪。高いWeightと鼻音の粘性。,擬音語,テクスチャー,不快,清音・濁音,暗い・重い・大,撥音・「り」変化,ɡennaɾi,ɡennaɾi,0,7,3,2,6,6,7,180.0,1.49,7,600.0,3.04,7,c,2,#483D8B,30.8,26.1,-42.1,嫌悪。高いWeightと鼻音の粘性。,,5,5,5,8,COMPOUND(複合・異種)
げーげー,激しい嘔吐音。持続的な流出。,擬音語,スピード・テンポ,中立,濁音,暗い・重い・大,畳語・長音,ɡee ɡee,ɡeːɡeː,1,7,4,4,3,6,8,200.0,1.75,1,1200.0,4.22,8,c,2,#556B2F,42.2,-18.8,30.6,激しい嘔吐音。持続的な流出。,,4,5,6,1,REDUP(畳語・同一)
こけこっこー,鶏の鳴音。高い空間指向性と時間性。,擬音語,スピード・テンポ・密集度・距離感・気象・自然,中立,清音,明るい・軽い・小,促音・長音,kokekokko:,kokekokkoː,0,4,7,8,2,5,2,800.0,5.26,3,8000.0,7.44,7,h,6,#FF0000,53.2,80.1,67.2,鶏の鳴音。高い空間指向性と時間性。,,2,7,7,1,LONG(長音ー)
こそこそ,隠密。最小のWeightと最大の抑制。,擬態語,その他,中立,清音,明るい・軽い・小,畳語,kosokoso,kosokoso,0,1,5,2,9,7,2,900.0,5.56,5,4000.0,6.27,3,c,2,#2F4F4F,31.3,-11.7,-3.7,隠密。最小のWeightと最大の抑制。,,4,5,6,1,REDUP(畳語・同一)
こちこち,硬直や時計。高いHardnessと抑制。,擬態語,その他,中立,清音,明るい・軽い・小,畳語,kotɕikotɕi,kotɕikotɕi,0,5,8,8,9,1,1,1200.0,6.29,8,9000.0,7.64,9,cc,1,#B0E0E6,86.1,-14.1,-8.0,硬直や時計。高いHardnessと抑制。,,4,5,6,1,REDUP(畳語・同一)
こっくり,居眠りや頷き。中庸のWeightと時間性。,擬態語,スピード・テンポ,中立,清音,明るい・軽い・小,促音・「り」変化,kokkuɾi,kokkuɾi,0,4,7,5,6,6,4,350.0,3.17,8,1500.0,4.6,5,mh,5,#DEB887,77.0,7.0,30.0,居眠りや頷き。中庸のWeightと時間性。,,5,5,5,8,COMPOUND(複合・異種)
こっそり,密かな行動。高いFlow抑制。,擬態語,その他,中立,清音,明るい・軽い・小,促音・「り」変化,kossoɾi,kossoɾi,0,2,6,4,9,7,3,800.0,5.26,7,5000.0,6.65,4,c,2,#000000,0.0,0.0,0.0,密かな行動。高いFlow抑制。,,5,5,5,8,COMPOUND(複合・異種)
こってり,濃厚な味。高いMoistureと粘性。,擬態語,テクスチャー・味,中立,清音,明るい・軽い・小,促音・「り」変化,kotteɾi,kotteɾi,0,6,3,4,7,4,9,240.0,2.22,6,800.0,3.53,9,mh,5,#DAA520,70.8,8.5,68.8,濃厚な味。高いMoisture(9)と粘性。,,5,5,5,8,COMPOUND(複合・異種)
こつこつ,勤勉な打撃。剛体感と安定したリズム。,擬態語,その他,中立,清音,明るい・軽い・小,畳語,kotsukotsu,kotsukotsu,0,4,7,7,6,2,2,550.0,4.32,7,5000.0,6.65,7,mc,3,#8B4513,37.5,26.4,41.0,勤勉な打撃。剛体感と安定したリズム。,,4,5,6,1,REDUP(畳語・同一)
こつん,軽い衝突。高い時間性とBo数。,擬音語,スピード・テンポ・質量,中立,清音,明るい・軽い・小,撥音,kotsuŋ,kotsuŋ,0,5,9,8,7,2,3,450.0,3.81,9,8000.0,7.44,8,mc,3,#A0522D,43.8,29.3,35.6,軽い衝突。高い時間性とBo数。,,3,6,0,0,N(撥音単発)
ことこと,煮込みや軽い音。中程度の流体感。,擬音語,テクスチャー・質量,中立,清音,明るい・軽い・小,畳語,kotokoto,kotokoto,0,3,6,5,5,3,4,300.0,2.78,6,3000.0,5.78,5,mh,5,#CD853F,61.8,21.4,47.9,煮込みや軽い音。中程度の流体感。,,4,5,6,1,REDUP(畳語・同一)
ことん,小物の設置。適度なWeightと時間性。,擬音語,スピード・テンポ,中立,清音,明るい・軽い・小,撥音,kotoŋ,kotoŋ,0,4,8,7,6,3,5,250.0,2.32,8,2500.0,5.47,7,mc,3,#696969,44.4,-0.0,0.0,小物の設置。適度なWeightと時間性。,,3,6,0,0,N(撥音単発)
こりこり,軟骨などの食感。高いHardness。,擬態語,人体・生理,中立,清音,明るい・軽い・小,畳語・「り」変化,koɾikoɾi,koɾikoɾi,0,3,7,6,7,3,1,1100.0,6.07,7,7000.0,7.22,6,c,2,#F5DEB3,89.4,1.5,24.0,軟骨などの食感。高いHardness。,,4,5,6,1,REDUP(畳語・同一)
ころころ,小球の回転。高い流体性と低いWeight。,擬態語,テクスチャー・ダイナミクス,中立,清音,明るい・軽い・小,畳語,koɾokoɾo,koɾokoɾo,0,2,6,3,2,8,3,480.0,3.97,4,4000.0,6.27,3,mc,3,#F5F5F5,96.5,-0.0,0.0,小球の回転。高い流体性と低いWeight。,,4,5,6,1,REDUP(畳語・同一)
ころり,転倒や心変わり。流体的な時間変化。,擬態語・擬情語,テクスチャー・スピード・テンポ・感情,中立,清音,明るい・軽い・小,「り」変化,koɾoɾi,koɾoɾi,0,2,7,6,4,8,4,450.0,3.81,6,3000.0,5.78,5,mc,3,#FFFFFF,100.0,-0.0,0.0,転倒や心変わり。流体的な時間変化。,,4,6,0,0,RI(り単発)
こんがり,焼き色。高い温度感と乾燥気味のPhysics。,擬態語,テクスチャー・温度・色・光・味,中立,清音・濁音,暗い・重い・大,撥音・「り」変化,koŋɡaɾi,koŋɡaɾi,0,4,4,6,5,4,2,380.0,3.38,4,1800.0,4.91,7,hh,7,#D2691E,56.0,37.1,56.7,焼き色。高い温度感(hh)と乾燥気味のPhysics。,,5,5,5,8,COMPOUND(複合・異種)
こんこん,ノックや咳嗽。空間指向性と適度な剛性。,擬態語,テクスチャー・密集度・距離感・気象・自然・人体・生理,中立,清音,明るい・軽い・小,畳語・撥音,koŋkoŋ,koŋkoŋ,0,4,7,7,5,3,4,320.0,2.94,5,4500.0,6.47,8,mc,3,#A9A9A9,69.2,-0.0,0.0,ノックや咳嗽。空間指向性と適度な剛性。,,4,5,6,1,REDUP(畳語・同一)
こんもり,盛り上がった形状。高いMoistureと低いTime。,擬態語,その他,中立,清音,明るい・軽い・小,撥音・「り」変化,koŋmoɾi,kommoɾi,1,5,2,2,4,6,7,180.0,1.49,3,400.0,2.35,8,mc,3,#228B22,50.6,-49.6,45.0,盛り上がった形状。高いMoistureと低いTime。,,5,5,5,8,COMPOUND(複合・異種)
ごくごく,喉を鳴らして液体を勢いよく飲む音。,擬音語,人体・生理,中立,清音・濁音,暗い・重い・大,畳語,ɡokuɡoku,ɡokuɡoku,0,6,6,6,5,6,9,200.0,1.75,6,1500.0,4.6,9,mc,3,#4169E1,47.8,26.3,-65.3,勢いよく飲む。高いMoistureとBo数（嚥下圧）。,,4,5,6,1,REDUP(畳語・同一)
ごくん,嚥下の完了。最大の時間性と気圧。,擬態語,スピード・テンポ,中立,清音・濁音,暗い・重い・大,撥音,ɡukuŋ,ɡokuŋ,1,7,9,8,8,5,8,160.0,1.19,9,6000.0,6.95,9,mh,5,#000080,13.0,47.5,-64.7,嚥下の完了。最大の時間性と気圧。,,3,6,0,0,N(撥音単発)
ごしごし,強い摩擦。高いWeightと空間直接性。,擬態語,密集度・距離感・気象・自然,中立,清音・濁音,暗い・重い・大,畳語,ɡoɕiɡoɕi,ɡoɕiɡoɕi,0,7,7,7,8,4,2,700.0,4.93,6,9000.0,7.64,7,h,6,#708090,52.8,-2.1,-10.6,強い摩擦。高いWeightと空間直接性。,,4,5,6,1,REDUP(畳語・同一)
ごそごそ,重い物体との摩擦。低いMoisture。,擬音語,質量,中立,清音・濁音,暗い・重い・大,畳語,ɡosoɡoso,ɡosoɡoso,0,5,5,3,6,6,1,450.0,3.81,5,7500.0,7.33,6,mc,3,#556B2F,42.2,-18.8,30.6,重い物体との摩擦。低いMoisture。,,4,5,6,1,REDUP(畳語・同一)
ごたごた,混乱。高いRe数と不規則なFlow。,擬態語,その他,中立,清音・濁音,暗い・重い・大,畳語,ɡataɡata,ɡotaɡota,1,6,5,3,5,6,5,280.0,2.61,4,5500.0,6.81,8,mc,3,#808080,53.6,-0.0,0.0,混乱。高いRe数と不規則なFlow。,,4,5,6,1,REDUP(畳語・同一)
ごちごち,非常に硬い。最大のHardnessと抑制。,擬態語,テクスチャー,中立,清音・濁音,暗い・重い・大,畳語,ɡotɕiɡotɕi,ɡotɕiɡotɕi,0,8,8,8,9,0,1,1000.0,5.83,8,9500.0,7.74,9,cc,1,#696969,44.4,-0.0,0.0,非常に硬い。最大のHardnessと抑制。,,4,5,6,1,REDUP(畳語・同一)
ごちゃごちゃ,乱雑に混ざり合って整わない様子。,擬態語,その他,中立,清音・濁音,暗い・重い・大,畳語,ɡotɕaɡotɕa,ɡotɕaɡotɕa,0,6,6,3,4,5,7,350.0,3.17,4,7000.0,7.22,9,mc,3,#4B3621,24.5,6.4,16.8,乱雑。高いMoistureとRe数。,,4,5,6,1,REDUP(畳語・同一)
ごっそり,大量の除去。高いWeightと流体性。,擬態語,テクスチャー,中立,清音・濁音,暗い・重い・大,促音・「り」変化,ɡossoɾi,ɡossoɾi,0,7,6,5,3,6,5,300.0,2.78,7,2500.0,5.47,8,mc,3,#DAA520,70.8,8.5,68.8,大量の除去。高いWeightと流体性。,,5,5,5,8,COMPOUND(複合・異種)
ごつごつ,表面が硬く凹凸が多いさま。,擬態語,テクスチャー,中立,清音・濁音,暗い・重い・大,畳語,ɡotsuɡotsu,ɡotsuɡotsu,0,8,7,7,8,1,1,350.0,3.17,7,6500.0,7.09,9,c,2,#8B4513,37.5,26.4,41.0,粗い表面と硬さ。高いWeightと剛性。,,4,5,6,1,REDUP(畳語・同一)
ごつん,強い衝突。全次元で最大級のPhysics値。,擬音語,その他,中立,清音・濁音,暗い・重い・大,撥音,ɡotsuŋ,ɡotsuŋ,0,9,9,9,9,1,3,280.0,2.61,9,11000.0,7.98,9,mc,3,#8B0000,28.1,51.0,41.3,強い衝突。全次元で最大級のPhysics値。,,3,6,0,0,N(撥音単発)
ごてごて,過剰な装飾。高いMoistureとRe数。,擬態語,その他,中立,清音・濁音,暗い・重い・大,畳語,ɡeteɡete,ɡoteɡote,1,6,3,4,6,5,8,240.0,2.22,3,3000.0,5.78,8,mc,3,#800080,29.8,58.9,-36.5,過剰な装飾。高いMoistureとRe数。,,4,5,6,1,REDUP(畳語・同一)
ごとごと,重い物体の移動。低い周波数とWeight。,擬音語,ダイナミクス・質量・気象・自然,中立,清音・濁音,暗い・重い・大,畳語,ɡotoɡoto,ɡotoɡoto,0,7,5,5,5,3,4,220.0,2.0,5,4500.0,6.47,7,mc,3,#2F4F4F,31.3,-11.7,-3.7,重い物体の移動。低い周波数とWeight。,,4,5,6,1,REDUP(畳語・同一)
ごとん,重量物の落着。高いBo数。,擬音語,質量,中立,清音・濁音,暗い・重い・大,撥音,ɡotoŋ,ɡotoŋ,0,8,8,9,8,2,5,180.0,1.49,8,5000.0,6.65,9,mc,3,#000000,0.0,0.0,0.0,重量物の落着。高いBo数。,,3,6,0,0,N(撥音単発)
ごにょごにょ,不明瞭な発声。低いSpaceと高い粘性。,擬声語,テクスチャー,中立,清音・濁音,暗い・重い・大,畳語,ɡoɲoɡoɲo,ɡoɲoɡoɲo,0,4,3,1,8,7,8,150.0,1.03,4,400.0,2.35,6,mc,3,#708090,52.8,-2.1,-10.6,不明瞭な発声。低いSpaceと高い粘性。,,4,5,6,1,REDUP(畳語・同一)
ごほんごほん,激しい咳。高い直接性と内部圧力。,擬態語,人体・生理,中立,清音・濁音,暗い・重い・大,畳語・撥音,ɡohoŋɡohoŋ,ɡohoŋɡohoŋ,0,6,7,7,7,5,4,250.0,2.32,6,2500.0,5.47,8,h,6,#A52A2A,37.5,49.7,30.5,激しい咳。高い直接性と内部圧力。,,4,5,6,1,REDUP(畳語・同一)
ごりごり,硬い摩擦。高いWeightと剛体性。,擬態語,テクスチャー,中立,清音・濁音,暗い・重い・大,畳語・「り」変化,ɡoɾiɡoɾi,ɡoɾiɡoɾi,0,7,8,8,8,2,1,450.0,3.81,7,10000.0,7.82,8,c,2,#556B2F,42.2,-18.8,30.6,硬い摩擦。高いWeightと剛体性。,,4,5,6,1,REDUP(畳語・同一)
ごろごろ,雷が鳴ったり大物が転がったり、横になって過ごすさま。,擬音語・擬態語,気象・自然,中立,清音・濁音,暗い・重い・大,畳語,ɡoɾoɡoɾo,ɡoɾoɡoɾo,0,6,4,2,2,8,3,200.0,1.75,3,3500.0,6.04,7,mc,3,#8B4513,37.5,26.4,41.0,雷や重量転がし。高い流体性と低い周波数。,,4,5,6,1,REDUP(畳語・同一)
ごわごわ,粗い手触り。低いMoistureと高い抑制。,擬態語,テクスチャー・人体・生理,中立,清音・濁音,暗い・重い・大,畳語,ɡowaɡowa,ɡowaɡowa,0,5,4,4,7,4,1,380.0,3.38,4,8500.0,7.55,6,c,2,#D2B48C,75.0,5.0,24.4,粗い手触り。低いMoistureと高い抑制。,,4,5,6,1,REDUP(畳語・同一)
ごんごん,激しい衝突音。最大のWeight。,擬音語,その他,中立,濁音,暗い・重い・大,畳語・撥音,ɡoŋɡoŋ,ɡoŋɡoŋ,0,8,7,9,6,2,4,250.0,2.32,5,5500.0,6.81,9,h,6,#8B0000,28.1,51.0,41.3,激しい衝突音。最大のWeight。,,4,5,6,1,REDUP(畳語・同一)
ごーごー,激しい風雨。高い流体性と持続。,擬音語,テクスチャー・スピード・テンポ・気象・自然,中立,濁音,暗い・重い・大,畳語・長音,ɡoo ɡoo,ɡoːɡoː,1,7,2,4,1,8,4,150.0,1.03,0,6000.0,6.95,8,mc,3,#4682B4,52.5,-4.1,-32.2,激しい風雨。高い流体性と持続。,,4,5,6,1,REDUP(畳語・同一)
さくさく,軽快に咀嚼したり砂地を踏む音、手際よいさま。,擬音語・擬態語,人体・生理,快,清音,明るい・軽い・小,畳語,sakusaku,sakusaku,0,2,7,6,2,4,1,1200.0,6.29,6,8000.0,7.44,4,c,2,#F5DEB3,89.4,1.5,24.0,摩擦音/s/と破裂音/k/の反復。低Weightかつ高Time。軽快な切断・咀嚼。,,4,5,6,1,REDUP(畳語・同一)
さくり,弾き音/ɾi/による完了感。Space 8な介入と層流への移行。,擬音語,その他,中立,清音,明るい・軽い・小,「り」変化,sakuɾi,sakuɾi,0,2,6,8,4,5,2,1000.0,5.83,7,6000.0,6.95,6,c,2,#FFF8DC,97.5,-2.2,14.3,弾き音/ɾi/による完了感。Space 8（直接的）な介入と層流への移行。,,4,6,0,0,RI(り単発)
さっさ,促音/ss/による極短Time。自由なFlowと高い流体運動性。,擬音語,テクスチャー・ダイナミクス,中立,清音,明るい・軽い・小,促音,sassa,sassa,0,1,8,7,0,8,2,900.0,5.56,8,12000.0,8.13,5,h,6,#FFFFFF,100.0,-0.0,0.0,促音/ss/による極短Time。自由なFlowと高い流体運動性。,,2,5,0,0,Q(促音単発)
さっぱり,清潔で気持ちよいさま、全く〜ないさま。,擬態語,その他,中立,清音・半濁音,明るい・軽い・小,促音・「り」変化,sappaɾi,sappaɾi,0,1,8,9,2,9,3,850.0,5.42,7,9000.0,7.64,4,h,6,#E0FFFF,97.9,-9.9,-3.4,両唇音/p/の破裂による空間洗浄。Moistureが低く非常に清涼。,,5,5,5,8,COMPOUND(複合・異種)
さばさば,有声音/b/の適度なWeightと流体感。執着のない自由なFlow。,擬声語・擬音語,テクスチャー・関係性,中立,清音・濁音,暗い・重い・大,畳語,sabasaba,sabasaba,0,3,5,5,1,8,5,400.0,3.51,3,4000.0,6.27,3,mh,5,#F0F8FF,97.2,-1.3,-4.3,有声音/b/の適度なWeightと流体感。執着のない自由なFlow。,,4,5,6,1,REDUP(畳語・同一)
さめざめ,鼻音/m/と濁音によるMoistureの上昇。抑制された持続的悲嘆。,擬音語,スピード・テンポ,中立,清音・濁音,暗い・重い・大,単発・その他,samezame,samezame,0,4,2,2,6,7,8,280.0,2.61,2,1500.0,4.6,5,c,2,#708090,52.8,-2.1,-10.6,鼻音/m/と濁音によるMoistureの上昇。抑制された持続的悲嘆。,,5,5,5,8,COMPOUND(複合・異種)
さらさら,滞りなく滑らかに流れる・流動するさま。,擬態語,テクスチャー,中立,清音,明るい・軽い・小,畳語,saɾasaɾa,saɾasaɾa,0,1,3,2,0,9,1,600.0,4.54,4,1200.0,4.22,2,mh,5,#FFFFFF,100.0,-0.0,0.0,低Weightかつ最小Flow抑制。粉体または薄い流体の滑らかな運動。,,4,5,6,1,REDUP(畳語・同一)
さらり,弾き音によるSpaceの拡張。残留物のない完全な流体離脱。,擬音語,テクスチャー・ダイナミクス,中立,清音,明るい・軽い・小,「り」変化,saɾaɾi,saɾaɾi,0,1,5,6,1,9,2,700.0,4.93,5,2000.0,5.09,3,h,6,#F0FFFF,98.9,-4.9,-1.7,弾き音によるSpaceの拡張。残留物のない完全な流体離脱。,,4,6,0,0,RI(り単発)
ざあざあ,濁音によるWeight増加と長音の持続。高Moistureの乱流。,擬音語,スピード・テンポ,中立,清音・濁音,暗い・重い・大,畳語,za:za:,dzaazaa,1,6,2,4,1,8,9,300.0,2.78,0,15000.0,8.51,7,mc,3,#4682B4,52.5,-4.1,-32.2,濁音によるWeight増加と長音の持続。高Moistureの乱流(Re)。,,4,5,6,1,REDUP(畳語・同一)
ざくざく,硬い対象への介入。有声摩擦によるWeightとHardnessのバランス。,擬声語,テクスチャー,中立,清音・濁音,暗い・重い・大,畳語,zakuzaːku,dzakuzaku,1,6,7,7,4,3,2,350.0,3.17,6,9000.0,7.64,8,c,2,#DAA520,70.8,8.5,68.8,硬い対象への介入。有声摩擦によるWeightとHardnessのバランス。,,4,5,6,1,REDUP(畳語・同一)
ざっくばらん,促音の衝撃から流体への転換。開放的なFlow 0。,擬音語,テクスチャー,中立,清音・濁音,暗い・重い・大,促音・撥音,zakkubaraŋ,dzakkubaɾaŋ,1,5,7,8,0,7,3,450.0,3.81,4,11000.0,7.98,6,h,6,#FF8C00,69.5,36.8,75.5,促音の衝撃から流体への転換。開放的なFlow 0（自由）。,,2,5,0,0,Q(促音単発)
ざぶざぶ,大量の水中で音を立てて動く音。,擬音語,気象・自然,中立,濁音,暗い・重い・大,畳語,zabuzabu,dzabuzabu,1,7,5,3,2,8,9,150.0,1.03,3,18000.0,8.82,9,mc,3,#0000FF,32.3,79.2,-107.9,大量の液体。濁音のWeightと最大のMoisture、高いBo数。,,4,5,6,1,REDUP(畳語・同一)
ざぶん,液体への突入。最大のWeightと圧縮性。,擬態語,その他,中立,濁音,暗い・重い・大,撥音,zabuŋ,dzabuŋ,1,8,8,9,7,7,9,120.0,0.46,8,20000.0,9.0,9,mc,3,#191970,15.9,31.7,-49.6,液体への突入。最大のWeightと圧縮性(Bo)。,,3,6,0,0,N(撥音単発)
ざらざら,表面が荒く肌触りが良くないさま。,擬態語,テクスチャー,中立,清音・濁音,暗い・重い・大,畳語,zaɾazaɾa,dzaɾazaɾa,1,5,4,5,7,5,0,400.0,3.51,5,13000.0,8.27,4,c,2,#8B4513,37.5,26.4,41.0,摩擦(Re)の強い表面特性。濁音による不規則性と乾燥。,,4,5,6,1,REDUP(畳語・同一)
ざわざわ,大勢の話し声や風で樹木が揺れる騒がしい音。,擬声語・擬音語・擬態語,ダイナミクス・気象・自然,中立,清音・濁音,暗い・重い・大,畳語,zawazawa,dzawazawa,1,4,5,2,3,8,6,320.0,2.94,3,16000.0,8.62,7,mc,3,#556B2F,42.2,-18.8,30.6,群衆や風の乱流。Spaceが間接的で、不定形な流体運動。,,4,5,6,1,REDUP(畳語・同一)
ざんざん,激しい降雨。鼻音の共鳴による重量感と持続。,擬音語,スピード・テンポ・質量・気象・自然,中立,濁音,暗い・重い・大,畳語・撥音,zaŋzaŋ,dzaŋzaŋ,1,7,4,8,5,6,9,280.0,2.61,4,14000.0,8.39,8,mc,3,#000080,13.0,47.5,-64.7,激しい降雨。鼻音の共鳴による重量感と持続。,,4,5,6,1,REDUP(畳語・同一)
ざんぶり,液体への全質量投下。弾き音による物理的飛散。,擬音語,質量,中立,清音・濁音,暗い・重い・大,撥音・「り」変化,zaŋbuɾi,dzambuɾi,1,8,6,9,6,6,9,200.0,1.75,7,17000.0,8.72,9,c,2,#0000CD,25.0,67.2,-91.5,液体への全質量投下。弾き音による物理的飛散。,,5,5,5,8,COMPOUND(複合・異種)
しいん,摩擦音/ɕ/の持続。極小Weightと最大抑制。音響的真空。,擬音語,スピード・テンポ・気象・自然,中立,清音,明るい・軽い・小,撥音,ɕi:ŋ,ɕiiŋ,1,1,1,2,9,9,2,2500.0,8.15,0,100.0,0.0,1,cc,1,#F0F8FF,97.2,-1.3,-4.3,摩擦音/ɕ/の持続。極小Weightと最大抑制。音響的真空。,,3,6,0,0,N(撥音単発)
しくしく,粘性の高い悲嘆。高周波摩擦とMoistureの持続。,擬音語,テクスチャー・スピード・テンポ・気象・自然,中立,清音,明るい・軽い・小,畳語,ɕikuɕiku,ɕikuɕiku,0,2,4,2,7,8,7,1200.0,6.29,5,500.0,2.73,6,c,2,#B0C4DE,78.5,-1.3,-15.2,粘性の高い悲嘆。高周波摩擦とMoistureの持続。,,4,5,6,1,REDUP(畳語・同一)
しこしこ,内部弾性。破裂音によるSpace 7と抑制されたFlow。,擬音語,その他,中立,清音,明るい・軽い・小,畳語,ɕikoɕiko,ɕikoɕiko,0,4,6,7,8,4,4,500.0,4.07,6,3000.0,5.78,7,mc,3,#F5DEB3,89.4,1.5,24.0,内部弾性。破裂音によるSpace 7（直接的）と抑制されたFlow。,,4,5,6,1,REDUP(畳語・同一)
しっかり,剛体感。促音の閉鎖による最大Bo数とFlow抑制。,擬音語,その他,中立,清音,明るい・軽い・小,促音・「り」変化,ɕikkaɾi,ɕikkaɾi,0,6,8,9,9,2,2,600.0,4.54,8,5000.0,6.65,9,0,4,#708090,52.8,-2.1,-10.6,剛体感。促音の閉鎖による最大Bo数とFlow抑制。,,5,5,5,8,COMPOUND(複合・異種)
しっくり,適合。流体性と剛性の中間。高い粘性による密着。,擬態語,テクスチャー・関係性,中立,清音,明るい・軽い・小,促音・「り」変化,ɕikkuɾi,ɕikkuɾi,0,3,4,6,8,6,5,450.0,3.81,6,2000.0,5.09,8,mh,5,#808080,53.6,-0.0,0.0,適合。流体性と剛性の中間。高い粘性による密着。,,5,5,5,8,COMPOUND(複合・異種)
しっとり,高いMoisture。Timeが持続的でFlowが滑らか。,擬態語,テクスチャー・スピード・テンポ,中立,清音,明るい・軽い・小,促音・「り」変化,ɕittoɾi,ɕittoɾi,0,3,2,3,4,8,8,350.0,3.17,4,1200.0,4.22,9,mh,5,#D8BFD8,80.1,13.2,-9.2,高いMoisture。Timeが持続的でFlowが滑らか。,,5,5,5,8,COMPOUND(複合・異種)
しっぽり,飽和したMoistureと高い温度感。親密な流体接触。,擬態語,テクスチャー・温度・関係性,中立,清音・半濁音,明るい・軽い・小,促音・「り」変化,ɕippoɾi,ɕippoɾi,0,4,3,4,5,7,9,300.0,2.78,5,1500.0,4.6,9,hh,7,#FF69B4,65.5,64.2,-10.6,飽和したMoistureと高い温度感。親密な流体接触。,,5,5,5,8,COMPOUND(複合・異種)
しとしと,低Weight降雨。層流に近い穏やかな流体運動。,擬音語,テクスチャー・ダイナミクス・静寂表現・気象・自然,中立,清音,明るい・軽い・小,畳語,ɕitoɕito,ɕitoɕito,0,2,2,2,3,9,8,400.0,3.51,2,400.0,2.35,7,mc,3,#778899,55.9,-2.2,-11.1,低Weight降雨。層流に近い穏やかな流体運動。,,4,5,6,1,REDUP(畳語・同一)
しゃあしゃあ,摩擦音の持続。恥辱を撥ね退ける自由なFlow。,擬音語,スピード・テンポ,中立,清音,明るい・軽い・小,畳語,ɕa:ɕa:,ɕaaɕaa,1,3,2,5,1,9,4,800.0,5.26,0,5000.0,6.65,3,h,6,#FFFFFF,100.0,-0.0,0.0,摩擦音の持続。恥辱を撥ね退ける自由なFlow。,,4,5,6,1,REDUP(畳語・同一)
しゃきしゃき,繊維質の破壊。高いHardnessと空間的直接性。,擬態語,密集度・距離感・気象・自然,中立,清音,明るい・軽い・小,畳語,ɕakiɕaki,ɕakiɕaki,0,3,7,8,4,3,2,1500.0,6.86,7,8000.0,7.44,6,c,2,#90EE90,86.5,-46.3,36.9,繊維質の破壊。高いHardnessと空間的直接性。,,4,5,6,1,REDUP(畳語・同一)
しゃなりしゃなり,優雅な曲線運動。低いWeightと持続的なFlow。,擬態語,ダイナミクス・スピード・テンポ,中立,清音,明るい・軽い・小,畳語・「り」変化,ɕanaɾiɕanaɾi,ɕanaɾiɕanaɾi,0,2,2,4,2,9,5,450.0,3.81,3,1000.0,3.91,3,mh,5,#E6E6FA,91.8,3.7,-9.7,優雅な曲線運動。低いWeightと持続的なFlow。,,4,5,6,1,REDUP(畳語・同一)
しゃん,背筋の伸び。高いSpace 9と抑制された姿勢。,擬態語,その他,中立,清音,明るい・軽い・小,撥音,ɕaŋ,ɕaŋ,0,3,7,9,8,5,2,700.0,4.93,7,3500.0,6.04,8,h,6,#FFFFFF,100.0,-0.0,0.0,背筋の伸び。高いSpace 9と抑制された姿勢。,,3,6,0,0,N(撥音単発)
しゅっぽしゅっぽ,蒸気機関の運動。圧力変化を伴う周期的な破裂。,擬態語,ダイナミクス,中立,清音・半濁音,明るい・軽い・小,畳語・促音,ɕuppoɕuppo,ɕuppoɕuppo,0,6,6,8,5,6,7,250.0,2.32,6,7000.0,7.22,8,h,6,#696969,44.4,-0.0,0.0,蒸気機関の運動。圧力(Bo)変化を伴う周期的な破裂。,,4,5,6,1,REDUP(畳語・同一)
しゅるしゅる,螺旋状の流体運動。摩擦音による高いRe数。,擬音語,テクスチャー・ダイナミクス,中立,清音,明るい・軽い・小,畳語,ɕuɾuɕuɾu,ɕuɾuɕuɾu,0,2,5,6,2,9,3,900.0,5.56,4,5000.0,6.65,4,mc,3,#AFEEEE,90.1,-19.6,-6.4,螺旋状の流体運動。摩擦音による高いRe数。,,4,5,6,1,REDUP(畳語・同一)
しゅーしゅー,気体の噴出。高周波持続音と高い空間指向性。,擬音語,スピード・テンポ・密集度・距離感・気象・自然,中立,清音,明るい・軽い・小,畳語・長音,ɕu:ɕu:,ɕuːɕuː,0,3,2,7,1,9,3,1100.0,6.07,0,8000.0,7.44,5,h,6,#FFFFFF,100.0,-0.0,0.0,気体の噴出。高周波持続音と高い空間指向性。,,4,5,6,1,REDUP(畳語・同一)
しょぼしょぼ,衰弱。低いSpaceと高いMoisture。,擬態語,その他,中立,清音・濁音,暗い・重い・大,畳語,ɕoboɕobo,ɕoboɕobo,0,5,3,1,6,8,7,220.0,2.0,4,600.0,3.04,8,c,2,#708090,52.8,-2.1,-10.6,衰弱。低いSpaceと高いMoisture（涙）。,,4,5,6,1,REDUP(畳語・同一)
しょんぼり,精神的重量。鼻音の重なりによる抑制。,擬音語,質量,中立,清音・濁音,暗い・重い・大,撥音・「り」変化,ɕoŋboɾi,ɕomboɾi,1,6,2,2,8,6,6,200.0,1.75,5,400.0,2.35,7,c,2,#483D8B,30.8,26.1,-42.1,精神的重量。鼻音の重なりによる抑制。,,5,5,5,8,COMPOUND(複合・異種)
しわしわ,表面の収縮。低いWeightと高いFlow抑制。,擬態語,テクスチャー,中立,清音,明るい・軽い・小,畳語,ɕiwaɕiwa,ɕiwaɕiwa,0,2,3,1,7,7,1,500.0,4.07,3,3000.0,5.78,2,mc,3,#D2B48C,75.0,5.0,24.4,表面の収縮。低いWeightと高いFlow抑制。,,4,5,6,1,REDUP(畳語・同一)
しん,無声摩擦音/ɕ/から鼻音/ŋ/への移行。鋭い指向性。,擬声語・擬音語,その他,中立,清音,明るい・軽い・小,撥音,ɕiŋ,ɕiŋ,0,3,7,9,8,5,4,1200.0,6.29,7,100.0,0.0,8,cc,1,#F0F8FF,97.2,-1.3,-4.3,無声摩擦音/ɕ/から鼻音/ŋ/への移行。鋭い指向性。,,3,6,0,0,N(撥音単発)
しんしん,深夜の静寂。極小Timeと最大抑制。冷感。,擬態語,静寂表現,中立,清音,明るい・軽い・小,畳語・撥音,ɕiŋɕiŋ,ɕiŋɕiŋ,0,3,1,3,9,9,4,300.0,2.78,0,200.0,1.18,4,cc,1,#FFFFFF,100.0,-0.0,0.0,深夜の静寂。極小Timeと最大抑制。冷感。,,4,5,6,1,REDUP(畳語・同一)
しんなり,柔軟性。高いMoistureと適度な流体変形。,擬態語,テクスチャー,中立,清音,明るい・軽い・小,撥音・「り」変化,ɕinnaɾi,ɕinnaɾi,0,4,3,2,4,8,8,250.0,2.32,4,900.0,3.73,8,mh,5,#F5F5DC,95.9,-4.2,12.0,柔軟性。高いMoistureと適度な流体変形。,,5,5,5,8,COMPOUND(複合・異種)
しんみり,静かな共鳴。低いTimeと内向的なSpace。,擬態語,静寂表現,中立,清音,明るい・軽い・小,撥音・「り」変化,ɕinmiɾi,ɕimmiɾi,1,5,2,3,7,7,7,220.0,2.0,3,500.0,2.73,6,mh,5,#4B0082,20.5,51.7,-53.3,静かな共鳴。低いTimeと内向的なSpace。,,5,5,5,8,COMPOUND(複合・異種)
しーっ,制止。最大のSpace直接性と時間的遮断。,擬態語,スピード・テンポ,中立,清音,明るい・軽い・小,促音・長音,ɕi:ʔ,ɕiːʔ,0,1,9,9,9,9,1,3000.0,8.61,9,15000.0,8.51,9,c,2,#F0FFFF,98.9,-4.9,-1.7,制止。最大のSpace直接性と時間的遮断。,,2,7,7,1,LONG(長音ー)
じくじく,膿や粘液。濁音のWeightと最大Moisture。,擬音語,その他,中立,清音・濁音,暗い・重い・大,畳語,dʑikudʑiku,dʑikudʑiku,0,6,4,2,8,5,9,180.0,1.49,5,1200.0,4.22,9,mc,3,#556B2F,42.2,-18.8,30.6,膿や粘液。濁音のWeightと最大Moisture。,,4,5,6,1,REDUP(畳語・同一)
じたばた,足掻き。高いTime突発性と不規則な流体運動。,擬態語,テクスチャー・ダイナミクス・人体・生理,中立,清音・濁音,暗い・重い・大,単発・その他,dʑitabata,dʑitabata,0,6,8,3,5,7,4,350.0,3.17,7,6500.0,7.09,6,h,6,#FF4500,57.6,67.8,69.0,足掻き。高いTime突発性と不規則な流体運動。,,5,5,5,8,COMPOUND(複合・異種)
じっくり,時間をかけて念入りに行う様子。,擬態語,スピード・テンポ,中立,清音・濁音,暗い・重い・大,促音・「り」変化,dʑikkuɾi,dʑikkuɾi,0,7,2,6,9,4,6,280.0,2.61,7,1800.0,4.91,8,mh,5,#8B4513,37.5,26.4,41.0,浸透。重いWeightと最大のFlow抑制。,,5,5,5,8,COMPOUND(複合・異種)
じっと,静止。最大の抑制と空間的注視。,擬態語,密集度・距離感・気象・自然,中立,清音・濁音,暗い・重い・大,促音,dʑitto,dʑitto,0,6,1,9,9,3,4,300.0,2.78,9,500.0,2.73,9,mc,3,#000000,0.0,0.0,0.0,静止。最大の抑制と空間的注視(Space 9)。,,3,4,0,0,Qto(っと)
じとじと,不快な湿気がまとわりつくさま。,擬態語,その他,中立,清音・濁音,暗い・重い・大,畳語,dʑitodʑito,dʑitodʑito,0,6,2,2,7,7,9,240.0,2.22,3,1000.0,3.91,9,mc,3,#2F4F4F,31.3,-11.7,-3.7,不快な湿気。濁音によるWeightと飽和Moisture。,,4,5,6,1,REDUP(畳語・同一)
じめじめ,湿気が多くて暗く陰鬱なさま。,擬態語,その他,中立,清音・濁音,暗い・重い・大,畳語,dʑimedʑime,dʑimedʑime,0,6,1,1,8,6,9,150.0,1.03,2,800.0,3.53,9,mc,3,#4B3621,24.5,6.4,16.8,停滞した湿気。最小Timeと最大の粘性。,,4,5,6,1,REDUP(畳語・同一)
じゃかじゃか,激しい打撃摩擦。高いRe数。,擬態語,その他,中立,清音・濁音,暗い・重い・大,畳語,dʑakadʑaka,dʑakadʑaka,0,5,7,6,2,6,3,400.0,3.51,6,9500.0,7.74,7,h,6,#DAA520,70.8,8.5,68.8,激しい打撃摩擦。高いRe数（乱流）。,,4,5,6,1,REDUP(畳語・同一)
じゃぶじゃぶ,水中運動。大きなWeightと高いBo数。,擬音語,ダイナミクス・気象・自然,中立,濁音,暗い・重い・大,畳語,dʑabudʑabu,dʑabudʑabu,0,7,6,5,2,8,9,140.0,0.85,4,19000.0,8.91,9,mc,3,#0000CD,25.0,67.2,-91.5,水中運動。大きなWeightと高いBo数（気泡）。,,4,5,6,1,REDUP(畳語・同一)
じゃらじゃら,金属鎖などの接触。乱流的なRe数とHardness。,擬音語,その他,中立,清音・濁音,暗い・重い・大,畳語,dʑaɾadʑaɾa,dʑaɾadʑaɾa,0,4,6,6,3,4,2,800.0,5.26,5,11000.0,7.98,6,mc,3,#FFD700,86.9,-1.9,87.1,金属鎖などの接触。乱流的なRe数とHardness。,,4,5,6,1,REDUP(畳語・同一)
じゃんじゃん,連続的な増幅。高いWeightと空間指向性。,擬態語,スピード・テンポ・密集度・距離感・気象・自然,中立,濁音,暗い・重い・大,畳語・撥音,dʑaŋdʑaŋ,dʑandʑaŋ,1,7,7,9,3,5,5,300.0,2.78,4,12000.0,8.13,8,h,6,#FF0000,53.2,80.1,67.2,連続的な増幅。高いWeightと空間指向性。,,4,5,6,1,REDUP(畳語・同一)
じゅー,蒸発。最大の温度感と流体持続。,擬態語,テクスチャー・温度・スピード・テンポ,中立,濁音,暗い・重い・大,長音,dʑu:,dʑuː,0,6,2,7,3,9,9,600.0,4.54,0,10000.0,7.82,9,hhh,8,#FF4500,57.6,67.8,69.0,蒸発。最大の温度感(hhh)と流体持続。,,2,7,7,1,LONG(長音ー)
じょきじょき,鋏の切断。高いWeightと空間直接性。,擬態語,密集度・距離感・気象・自然,中立,清音・濁音,暗い・重い・大,畳語,dʑokidʑoki,dʑokidʑoki,0,6,7,8,8,2,3,500.0,4.07,7,8500.0,7.55,7,mc,3,#708090,52.8,-2.1,-10.6,鋏の切断。高いWeightと空間直接性。,,4,5,6,1,REDUP(畳語・同一)
じりじり,焦燥と熱。高い抑制と高周波の摩擦。,擬音語,温度・気象・自然,中立,清音・濁音,暗い・重い・大,畳語・「り」変化,dʑiɾidʑiɾi,dʑiɾidʑiɾi,0,6,6,7,9,4,3,800.0,5.26,5,14000.0,8.39,8,hhh,8,#FF8C00,69.5,36.8,75.5,焦燥と熱。高い抑制と高周波の摩擦。,,4,5,6,1,REDUP(畳語・同一)
じろじろ,凝視。最大のSpace 9と高いFlow抑制。,擬態語,その他,中立,清音・濁音,暗い・重い・大,畳語,dʑiɾodʑiɾo,dʑiɾodʑiɾo,0,5,4,9,7,7,5,350.0,3.17,3,2000.0,5.09,6,c,2,#000000,0.0,0.0,0.0,凝視。最大のSpace 9と高いFlow抑制。,,4,5,6,1,REDUP(畳語・同一)
じろっ,瞬間的凝視。最大のTimeと圧縮性。,擬態語,スピード・テンポ,中立,清音・濁音,暗い・重い・大,促音,dʑiɾoʔ,dʑiɾoʔ,0,6,9,9,8,6,4,400.0,3.51,9,5000.0,6.65,9,c,2,#000000,0.0,0.0,0.0,瞬間的凝視。最大のTimeと圧縮性(Bo)。,,2,5,0,0,Q(促音単発)
じわじわ,浸潤。低いTimeと最大のFlow抑制。,擬態語,その他,中立,清音・濁音,暗い・重い・大,畳語,dʑiwadʑiwa,dʑiwadʑiwa,0,5,2,4,8,8,7,200.0,1.75,2,1200.0,4.22,8,mh,5,#800000,25.5,48.0,38.1,浸潤。低いTimeと最大のFlow抑制。,,4,5,6,1,REDUP(畳語・同一)
じんじん,痺れ。高い内部圧力と抑制されたFlow。,擬態語,その他,中立,濁音,暗い・重い・大,畳語・撥音,dʑiŋdʑiŋ,dʑindʑiŋ,1,6,6,8,9,4,4,600.0,4.54,4,9000.0,7.64,8,h,6,#FF0000,53.2,80.1,67.2,痺れ。高い内部圧力(Bo)と抑制されたFlow。,,4,5,6,1,REDUP(畳語・同一)
じーじー,機械的摩擦。高い抑制と中程度のWeight。,擬音語,その他,中立,濁音,暗い・重い・大,畳語・長音,dʑi:dʑi:,dʑiːdʑiː,0,5,2,6,9,4,2,1000.0,5.83,0,13000.0,8.27,6,mc,3,#556B2F,42.2,-18.8,30.6,機械的摩擦。高い抑制と中程度のWeight。,,4,5,6,1,REDUP(畳語・同一)
すいすい,滑らかな流体移動。最小Weightと自由なFlow。,擬態語,テクスチャー・ダイナミクス,中立,清音,明るい・軽い・小,畳語,suisui,suisui,0,1,4,3,0,9,5,500.0,4.07,3,4000.0,6.27,1,h,6,#E0FFFF,97.9,-9.9,-3.4,滑らかな流体移動。最小Weightと自由なFlow。,,4,5,6,1,REDUP(畳語・同一)
すかすか,空隙。最大の流体性と最小のMoisture。,擬態語,テクスチャー・気象・自然,中立,清音,明るい・軽い・小,畳語,sukasuka,sukasuka,0,1,5,2,4,9,0,1400.0,6.68,4,12000.0,8.13,1,c,2,#F5F5F5,96.5,-0.0,0.0,空隙。最大の流体性と最小のMoisture。,,4,5,6,1,REDUP(畳語・同一)
すかっ,爽快な遮断。最大のTimeと清涼感。,擬態語,その他,中立,清音,明るい・軽い・小,促音,sukaʔ,sukaʔ,0,2,9,9,2,9,1,1500.0,6.86,9,18000.0,8.82,9,h,6,#FFFFFF,100.0,-0.0,0.0,爽快な遮断。最大のTimeと清涼感。,,2,5,0,0,Q(促音単発)
すくすく,垂直成長。高いSpace直接性と自由なFlow。,擬態語,その他,中立,清音,明るい・軽い・小,畳語,sukusuːku,sukusuku,1,2,4,8,0,8,5,450.0,3.81,2,2500.0,5.47,4,h,6,#ADFF2F,92.0,-52.5,81.9,垂直成長。高いSpace直接性と自由なFlow。,,4,5,6,1,REDUP(畳語・同一)
すくっ,瞬時の起立。最大のSpace 9と時間性。,擬態語,スピード・テンポ,中立,清音,明るい・軽い・小,促音,sukuʔ,sukuʔ,0,3,9,9,8,7,3,500.0,4.07,9,10000.0,7.82,9,h,6,#FFFFFF,100.0,-0.0,0.0,瞬時の起立。最大のSpace 9と時間性。,,2,5,0,0,Q(促音単発)
すたこら,滑稽な逃走。高い流体性と軽快なTime。,擬態語,テクスチャー,快,清音,明るい・軽い・小,単発・その他,sutakoɾa,sutakoɾa,0,2,7,4,1,8,3,600.0,4.54,5,5000.0,6.65,5,h,6,#FFFFFF,100.0,-0.0,0.0,滑稽な逃走。高い流体性と軽快なTime。,,5,5,5,8,COMPOUND(複合・異種)
すたすた,迷いのない歩行。高いSpace 8と中庸のWeight。,擬態語,その他,中立,清音,明るい・軽い・小,畳語,sutasuta,sutasuta,0,3,6,8,3,7,2,550.0,4.32,6,4500.0,6.47,7,0,4,#708090,52.8,-2.1,-10.6,迷いのない歩行。高いSpace 8と中庸のWeight。,,4,5,6,1,REDUP(畳語・同一)
すっかり,完全。最大の空間直接性と遮断。,擬態語,密集度・距離感・気象・自然,中立,清音,明るい・軽い・小,促音・「り」変化,sukkaɾi,sukkaɾi,0,2,8,9,6,9,2,800.0,5.26,8,9000.0,7.64,8,0,4,#FFFFFF,100.0,-0.0,0.0,完全。最大の空間直接性と遮断。,,5,5,5,8,COMPOUND(複合・異種)
すっきり,余計なものがなく爽やかなさま。,擬態語,その他,快,清音,明るい・軽い・小,促音・「り」変化,sukkiri,sukkiɾi,1,2,7,9,4,9,3,1000.0,5.83,7,10000.0,7.82,7,h,6,#00FFFF,91.1,-48.1,-14.1,浄化。高い流体性と時間的完了。,,5,5,5,8,COMPOUND(複合・異種)
すってんころり,転倒の連鎖。不規則なTime変化と流体的な終わり。,擬態語,テクスチャー,中立,清音,明るい・軽い・小,促音・撥音・「り」変化,sutteŋkoɾoɾi,sutteŋkoɾoɾi,0,4,8,4,2,8,3,400.0,3.51,8,5000.0,6.65,6,mc,3,#FFFFFF,100.0,-0.0,0.0,転倒の連鎖。不規則なTime変化と流体的な終わり。,,6,4,0,1,QRI(促音挿入り)
すってんてん,無一文。最大の乾燥と低い重量。,擬態語,テクスチャー・質量,中立,清音,明るい・軽い・小,促音・撥音,sutteŋteŋ,suttenteŋ,1,3,7,7,5,9,0,600.0,4.54,6,2000.0,5.09,5,c,2,#BEBEBE,77.0,-0.0,0.0,無一文。最大の乾燥と低い重量。,,2,5,0,0,Q(促音単発)
すっぱり,鮮やかな切断。高いSpace直接性と時間性。,擬態語,スピード・テンポ・色・光,快,清音・半濁音,明るい・軽い・小,促音・「り」変化,suppaɾi,suppaɾi,0,4,8,9,7,7,2,700.0,4.93,8,11000.0,7.98,8,c,2,#FFFFFF,100.0,-0.0,0.0,鮮やかな切断。高いSpace直接性と時間性。,,5,5,5,8,COMPOUND(複合・異種)
すっぽんぽん,露出。最小のWeightとFlow抑制。,擬態語,その他,中立,清音・半濁音,明るい・軽い・小,促音・撥音,suppoŋpoŋ,suppompoŋ,1,1,5,4,0,9,5,450.0,3.81,4,1000.0,3.91,3,h,6,#FFDAB9,89.4,8.1,21.0,露出。最小のWeightとFlow抑制。,,2,5,0,0,Q(促音単発)
すてん,転倒の衝撃。高いTime突発性と直接性。,擬態語,その他,中立,清音,明るい・軽い・小,撥音,suteŋ,suteŋ,0,4,9,6,7,7,3,300.0,2.78,8,4000.0,6.27,8,mc,3,#808080,53.6,-0.0,0.0,転倒の衝撃。高いTime突発性と直接性。,,3,6,0,0,N(撥音単発)
すとん,垂直落下。最大の空間直接性と落着。,擬態語,密集度・距離感・気象・自然,中立,清音,明るい・軽い・小,撥音,sutoŋ,sutoŋ,0,5,8,9,8,6,4,250.0,2.32,8,3500.0,6.04,9,mc,3,#696969,44.4,-0.0,0.0,垂直落下。最大の空間直接性と落着。,,3,6,0,0,N(撥音単発)
すぱすぱ,喫煙や切断。周期的破裂と流体運動。,擬態語,テクスチャー・ダイナミクス,中立,清音・半濁音,明るい・軽い・小,畳語,supasupa,supasupa,0,2,7,6,2,8,3,800.0,5.26,6,9000.0,7.64,6,h,6,#FFFFFF,100.0,-0.0,0.0,喫煙や切断。周期的破裂と流体運動。,,4,5,6,1,REDUP(畳語・同一)
すぱっと,迅速な切断。最大のTimeと圧縮性。,擬態語,その他,中立,清音・半濁音,明るい・軽い・小,促音,supatto,supatto,0,4,9,9,8,6,2,900.0,5.56,9,12000.0,8.13,9,h,6,#FFFFFF,100.0,-0.0,0.0,迅速な切断。最大のTimeと圧縮性(Bo)。,,5,5,5,8,COMPOUND(複合・異種)
すぱり,弾き音による鮮やかな完了感。,擬音語,色・光,快,清音・半濁音,明るい・軽い・小,「り」変化,supaɾi,supaɾi,0,3,7,8,4,8,3,850.0,5.42,7,7000.0,7.22,7,h,6,#FFFFFF,100.0,-0.0,0.0,弾き音による鮮やかな完了感。,,4,6,0,0,RI(り単発)
すべすべ,平滑な表面。最小のWeightと最大の流体性。,擬態語,テクスチャー,中立,清音・濁音,暗い・重い・大,畳語,subesube,subesube,0,1,2,2,0,9,4,400.0,3.51,2,100.0,0.0,1,mh,5,#FFF5EE,97.1,2.2,4.6,平滑な表面。最小のWeightと最大の流体性。,,4,5,6,1,REDUP(畳語・同一)
すぽっ,抜去。高いBo数と時間性。,擬態語,スピード・テンポ,中立,清音・半濁音,明るい・軽い・小,促音,supoʔ,supoʔ,0,3,9,9,7,8,6,450.0,3.81,9,14000.0,8.39,9,mh,5,#FFFFFF,100.0,-0.0,0.0,抜去。高いBo数（気圧解放）と時間性。,,2,5,0,0,Q(促音単発)
すやすや,赤ん坊などが気持ちよさそうに眠るさま。,擬態語,その他,中立,清音,明るい・軽い・小,畳語,sujasuja,sujasuja,0,1,1,1,0,9,6,300.0,2.78,1,300.0,1.87,1,mh,5,#E6E6FA,91.8,3.7,-9.7,安眠。最小エフォート。穏やかな層流。,,4,5,6,1,REDUP(畳語・同一)
すらすら,滞りなくスムーズに進むさま。,擬態語,その他,中立,清音,明るい・軽い・小,畳語,suɾasuɾa,suɾasuɾa,0,1,5,3,0,9,2,600.0,4.54,4,4000.0,6.27,2,mh,5,#FFFFFF,100.0,-0.0,0.0,滑らかな発話・進行。自由なFlow。,,4,5,6,1,REDUP(畳語・同一)
すらり,美しい直線。高いSpace直接性と流体感。,擬態語,テクスチャー,快,清音,明るい・軽い・小,「り」変化,suɾaɾi,suɾaɾi,0,1,6,7,2,9,3,650.0,4.74,5,3500.0,6.04,4,h,6,#F0FFFF,98.9,-4.9,-1.7,美しい直線。高いSpace直接性と流体感。,,4,6,0,0,RI(り単発)
するする,摩擦のない滑り。低いWeightと高い流体性。,擬態語,テクスチャー,中立,清音,明るい・軽い・小,畳語,suɾusuɾu,suɾusuɾu,0,1,4,4,1,9,4,550.0,4.32,3,2500.0,5.47,3,mc,3,#FFFFFF,100.0,-0.0,0.0,摩擦のない滑り。低いWeightと高い流体性。,,4,5,6,1,REDUP(畳語・同一)
するっと,瞬時の通過。高い時間性と圧縮。,擬態語,スピード・テンポ,中立,清音,明るい・軽い・小,促音,surutto,suɾutto,1,2,8,8,3,9,4,600.0,4.54,8,7000.0,7.22,7,h,6,#FFFFFF,100.0,-0.0,0.0,瞬時の通過。高い時間性と圧縮。,,5,5,5,8,COMPOUND(複合・異種)
すれすれ,限界。最大のSpace直接性とFlow抑制。,擬態語,その他,中立,清音,明るい・軽い・小,畳語,suɾesuɾe,suɾesuɾe,0,4,4,9,9,6,2,700.0,4.93,4,11000.0,7.98,8,c,2,#808080,53.6,-0.0,0.0,限界。最大のSpace直接性とFlow抑制。,,4,5,6,1,REDUP(畳語・同一)
すんなり,抵抗のない移行。鼻音による適度なMoisture。,擬音語,その他,中立,清音,明るい・軽い・小,撥音・「り」変化,sunnaɾi,sunnaɾi,0,2,4,5,2,9,7,300.0,2.78,4,1200.0,4.22,6,mh,5,#F5F5DC,95.9,-4.2,12.0,抵抗のない移行。鼻音による適度なMoisture。,,5,5,5,8,COMPOUND(複合・異種)
ずかずか,遠慮なく踏み込んでくるさま。,擬態語,その他,中立,清音・濁音,暗い・重い・大,畳語,zukazuka,dzukazuka,1,7,7,9,0,6,2,350.0,3.17,6,8000.0,7.44,8,h,6,#8B0000,28.1,51.0,41.3,無遠慮な侵入。高いWeightと最大の直接性。,,4,5,6,1,REDUP(畳語・同一)
ずきずき,脈打つように痛む様子。,擬態語・擬痛語,その他,不快,清音・濁音,暗い・重い・大,畳語,zukidzuki,dzukizuki,1,7,5,8,9,4,5,450.0,3.81,5,9000.0,7.64,9,h,6,#FF0000,53.2,80.1,67.2,拍動性の痛み。高いWeightと内部圧力(Bo)。,,4,5,6,1,REDUP(畳語・同一)
ずけずけ,遠慮のない言動。最大のSpace直接性。,擬態語,その他,中立,清音・濁音,暗い・重い・大,畳語,zukedzuke,dzukezuke,1,6,7,9,4,6,2,380.0,3.38,7,10000.0,7.82,8,h,6,#FF4500,57.6,67.8,69.0,遠慮のない言動。最大のSpace直接性。,,4,5,6,1,REDUP(畳語・同一)
ずしっ,強大な重量衝撃。最大のWeightと時間性。,擬態語,スピード・テンポ・質量,中立,清音・濁音,暗い・重い・大,促音,zuɕiʔ,dzuɕiʔ,1,9,9,9,9,2,4,220.0,2.0,9,16000.0,8.62,9,mc,3,#000000,0.0,0.0,0.0,強大な重量衝撃。最大のWeightと時間性。,,2,5,0,0,Q(促音単発)
ずずん,低周波の地響き。極大のWeightとBo数。,擬音語,気象・自然,中立,濁音,暗い・重い・大,撥音,zuzuŋ,dzuzuŋ,1,9,3,7,7,3,6,100.0,0.0,2,6000.0,6.95,9,c,2,#000000,0.0,0.0,0.0,低周波の地響き。極大のWeightとBo数。,,3,6,0,0,N(撥音単発)
ずたずた,切り刻む破壊。高いWeightと時間的突発性。,擬態語,スピード・テンポ,中立,清音・濁音,暗い・重い・大,畳語,dztadzta,dzutazuta,1,7,8,8,6,4,2,300.0,2.78,7,12000.0,8.13,7,c,2,#8B4513,37.5,26.4,41.0,切り刻む破壊。高いWeightと時間的突発性。,,4,5,6,1,REDUP(畳語・同一)
ずっしり,安定した重量。最大のWeightと抑制。,擬態語,質量,中立,清音・濁音,暗い・重い・大,促音・「り」変化,zuɕɕiɾi,dzuɕɕiɾi,1,9,4,8,9,3,5,200.0,1.75,6,4500.0,6.47,9,mc,3,#2F4F4F,31.3,-11.7,-3.7,安定した重量。最大のWeightと抑制。,,5,5,5,8,COMPOUND(複合・異種)
ずばずば,明快な言動。高い空間直接性と自由なFlow。,擬態語,密集度・距離感・気象・自然,中立,濁音,暗い・重い・大,畳語,zubazuba,dzubazuba,1,6,7,9,1,7,4,320.0,2.94,6,11000.0,7.98,8,h,6,#FF0000,53.2,80.1,67.2,明快な言動。高い空間直接性と自由なFlow。,,4,5,6,1,REDUP(畳語・同一)
ずるずる,引きずったり長引いたりする様子。,擬態語,その他,中立,清音・濁音,暗い・重い・大,畳語,dzuɾudzuɾu,dzuɾuzuɾu,1,7,2,3,8,6,8,180.0,1.49,2,1500.0,4.6,9,mc,3,#556B2F,42.2,-18.8,30.6,摩擦を伴う粘性移動。高いWeightと抑制。,,4,5,6,1,REDUP(畳語・同一)
ずんぐり,低重心・肥満。最大のFlow抑制とWeight。,擬情語,感情,中立,清音・濁音,暗い・重い・大,撥音・「り」変化,zuŋɡuɾi,dzuŋɡuɾi,1,7,2,4,9,4,7,160.0,1.19,4,900.0,3.73,9,c,2,#4B3621,24.5,6.4,16.8,低重心・肥満。最大のFlow抑制とWeight。,,5,5,5,8,COMPOUND(複合・異種)
ずんずん,迷いのない邁進。強大なWeightとSpace 9。,擬態語,その他,中立,濁音,暗い・重い・大,畳語・撥音,zuŋzuŋ,dzuŋzuŋ,1,8,6,9,3,5,5,220.0,2.0,2,8000.0,7.44,9,h,6,#000080,13.0,47.5,-64.7,迷いのない邁進。強大なWeightとSpace 9。,,4,5,6,1,REDUP(畳語・同一)
せかせか,忙しなく落ち着きがないさま。,擬態語,その他,中立,清音,明るい・軽い・小,畳語,sekaseka,sekaseka,0,4,8,5,8,7,2,800.0,5.26,7,9000.0,7.64,6,h,6,#FF8C00,69.5,36.8,75.5,焦り。高いTime突発性とFlow抑制。,,4,5,6,1,REDUP(畳語・同一)
せっせと,勤勉。高い抑制と空間的直接性。,擬態語,密集度・距離感・気象・自然,中立,清音,明るい・軽い・小,促音,sesseto,sesseto,0,5,7,8,8,6,3,600.0,4.54,7,7000.0,7.22,7,mh,5,#DAA520,70.8,8.5,68.8,勤勉。高い抑制と空間的直接性。,,5,5,5,8,COMPOUND(複合・異種)
せりせり,氷などの微細な摩擦。高い抑制と高周波。,擬音語,気象・自然,中立,清音,明るい・軽い・小,畳語・「り」変化,seɾiseɾi,seɾiseɾi,0,4,5,5,9,5,2,1100.0,6.07,5,12000.0,8.13,7,c,2,#C0C0C0,77.7,-0.0,0.0,氷などの微細な摩擦。高い抑制と高周波。,,4,5,6,1,REDUP(畳語・同一)
そそくさ,慌ただしい退散。高い時間性と流体性。,擬態語,テクスチャー・スピード・テンポ,中立,清音,明るい・軽い・小,単発・その他,sosokusa,sosokusa,0,2,8,3,2,9,1,900.0,5.56,8,7000.0,7.22,4,mh,5,#FFFFFF,100.0,-0.0,0.0,慌ただしい退散。高い時間性と流体性。,,5,5,5,8,COMPOUND(複合・異種)
そっくり,酷似・全部。最大の空間直接性と抑制。,擬態語,密集度・距離感・気象・自然,中立,清音,明るい・軽い・小,促音・「り」変化,sokkuɾi,sokkuɾi,0,5,7,9,9,3,4,500.0,4.07,8,4000.0,6.27,9,mc,3,#808080,53.6,-0.0,0.0,酷似・全部。最大の空間直接性と抑制。,,5,5,5,8,COMPOUND(複合・異種)
そよそよ,微風。最小のWeightと自由なFlow。,擬音語,気象・自然,中立,清音,明るい・軽い・小,畳語,sojosojo,sojosojo,0,1,2,2,0,9,4,350.0,3.17,2,300.0,1.87,1,mh,5,#F0FFF0,98.6,-7.6,5.5,微風。最小のWeightと自由なFlow。,,4,5,6,1,REDUP(畳語・同一)
そろそろ,緩慢な開始。低いTimeと高い流体性。,擬態語,テクスチャー,中立,清音,明るい・軽い・小,畳語,soɾosoɾo,soɾosoɾo,0,3,3,4,5,9,5,320.0,2.94,3,900.0,3.73,4,mh,5,#F5F5DC,95.9,-4.2,12.0,緩慢な開始。低いTimeと高い流体性。,,4,5,6,1,REDUP(畳語・同一)
そろり,慎重な運動。高い抑制と流体的な余韻。,擬態語,テクスチャー・ダイナミクス,中立,清音,明るい・軽い・小,「り」変化,soɾoɾi,soɾoɾi,0,2,4,6,7,9,4,400.0,3.51,5,1500.0,4.6,5,mh,5,#FFFFFF,100.0,-0.0,0.0,慎重な運動。高い抑制と流体的な余韻。,,4,6,0,0,RI(り単発)
そわそわ,不安な揺らぎ。低いSpaceと不定形な流体性。,擬情語,テクスチャー・感情,不快,清音,明るい・軽い・小,畳語,sowasowa,sowasowa,0,3,6,2,4,8,5,380.0,3.38,5,4500.0,6.47,5,h,6,#FFFFE0,99.3,-5.1,14.8,不安な揺らぎ。低いSpaceと不定形な流体性。,,4,5,6,1,REDUP(畳語・同一)
ぞくぞく,寒気や興奮で震えが走る様子。,擬態語,ダイナミクス,中立,清音・濁音,暗い・重い・大,畳語,zokuzoku,dzokuzoku,1,6,7,6,9,5,3,300.0,2.78,7,11000.0,7.98,8,ccc,0,#00FFFF,91.1,-48.1,-14.1,悪寒・興奮。高い抑制と極寒(ccc)。,,4,5,6,1,REDUP(畳語・同一)
ぞっ,瞬間的恐怖。最大のTimeと極寒。,擬態語,スピード・テンポ・感情,中立,濁音,暗い・重い・大,促音,zoʔ,dzoʔ,1,7,9,8,9,4,2,280.0,2.61,9,15000.0,8.51,9,ccc,0,#000000,0.0,0.0,0.0,瞬間的恐怖。最大のTimeと極寒(ccc)。,,2,5,0,0,Q(促音単発)
ぞっこん,執着。最大の抑制と空間的直接性。,擬態語,密集度・距離感・関係性・気象・自然,中立,清音・濁音,暗い・重い・大,促音・撥音,zokkoŋ,dzokkoŋ,1,6,8,9,9,4,5,350.0,3.17,8,9000.0,7.64,9,hh,7,#FF0000,53.2,80.1,67.2,執着。最大の抑制と空間的直接性。,,5,5,5,8,COMPOUND(複合・異種)
ぞりぞり,剛毛の剃り。濁音によるWeightと乾燥。,擬音語,テクスチャー,中立,清音・濁音,暗い・重い・大,畳語・「り」変化,dzoɾidzoɾi,dzoɾizoɾi,1,6,6,7,8,4,1,450.0,3.81,6,13000.0,8.27,7,c,2,#556B2F,42.2,-18.8,30.6,剛毛の剃り。濁音によるWeightと乾燥。,,4,5,6,1,REDUP(畳語・同一)
ぞろぞろ,多人数の移動。高い流体性とMoisture。,擬態語,テクスチャー・ダイナミクス,中立,清音・濁音,暗い・重い・大,畳語,dzoɾodzoɾo,dzoɾozoɾo,1,6,3,3,4,8,7,220.0,2.0,2,3500.0,6.04,8,mc,3,#8B4513,37.5,26.4,41.0,多人数の移動。高い流体性とMoisture。,,4,5,6,1,REDUP(畳語・同一)
たじたじ,圧倒。低いSpaceと高いFlow抑制。,擬態語,その他,中立,清音・濁音,暗い・重い・大,畳語,tadʑitadʑi,tadʑitadʑi,0,4,7,3,7,7,5,400.0,3.51,7,1500.0,4.6,5,c,2,#BDB76B,73.4,-8.8,39.3,圧倒。低いSpaceと高いFlow抑制。,,4,5,6,1,REDUP(畳語・同一)
たっぷり,十分にあって満ち足りているさま。,擬態語,人体・生理,中立,清音・半濁音,明るい・軽い・小,促音・「り」変化,tappuɾi,tappuɾi,0,5,4,5,3,8,9,300.0,2.78,6,2500.0,5.47,9,mh,5,#FFD700,86.9,-1.9,87.1,潤沢。最大のMoistureと流体性。,,5,5,5,8,COMPOUND(複合・異種)
たらたら,液体が垂れ落ちる音・不満を吐くさま。,擬音語・擬態語,ダイナミクス・人体・生理,中立,清音,明るい・軽い・小,畳語,taɾataɾa,taɾataɾa,0,3,4,2,2,9,9,280.0,2.61,3,1000.0,3.91,9,mh,5,#4169E1,47.8,26.3,-65.3,液体の滴下。高い流体性とMoisture。,,4,5,6,1,REDUP(畳語・同一)
だくだく,激しい流出。有声音によるWeightと水分量。,擬声語・擬音語,気象・自然,中立,清音・濁音,暗い・重い・大,畳語,dakudaku,dakudaku,0,6,5,4,3,8,9,220.0,2.0,5,2000.0,5.09,9,mh,5,#1E90FF,59.4,10.0,-63.4,激しい流出。有声音によるWeightと水分量。,,4,5,6,1,REDUP(畳語・同一)
だぶだぶ,過剰な液体・布。最大の流体性とMoisture。,擬態語,テクスチャー,中立,濁音,暗い・重い・大,畳語,dabudabu,dabudabu,0,7,3,2,4,9,9,150.0,1.03,2,1200.0,4.22,9,c,2,#191970,15.9,31.7,-49.6,過剰な液体・布。最大の流体性とMoisture。,,4,5,6,1,REDUP(畳語・同一)
だらだら,傾斜がゆるゆる続いて停滞するさま。,擬態語,その他,中立,清音・濁音,暗い・重い・大,畳語,daɾadaɾa,daɾadaɾa,0,6,2,1,4,9,9,180.0,1.49,1,800.0,3.53,9,mh,5,#556B2F,42.2,-18.8,30.6,停滞的流出。最小の時間性と最大の粘性。,,4,5,6,1,REDUP(畳語・同一)
だーん,爆発的衝撃。極大のWeightと空間直接性。,擬音語,密集度・距離感・気象・自然,中立,濁音,暗い・重い・大,撥音・長音,da:ŋ,daːŋ,0,9,7,9,6,2,4,150.0,1.03,3,9000.0,7.64,9,h,6,#8B0000,28.1,51.0,41.3,爆発的衝撃。極大のWeightと空間直接性。,,3,8,5,1,LONG+N(長音+ん)
ちかちか,視覚的刺激。高周波と高いTime。,擬音語,気象・自然,中立,清音,明るい・軽い・小,畳語,tɕikatɕika,tɕikatɕika,0,2,8,6,5,6,1,2500.0,8.15,8,18000.0,8.82,4,h,6,#FFFF00,97.1,-21.6,94.5,視覚的刺激。高周波(Hz)と高いTime。,,4,5,6,1,REDUP(畳語・同一)
ちくちく,針などで刺されるように痛むさま。,擬態語・擬痛語,その他,不快,清音,明るい・軽い・小,畳語,tɕikutɕiku,tɕikutɕiku,0,3,7,8,8,3,1,2000.0,7.58,7,15000.0,8.51,6,c,2,#808080,53.6,-0.0,0.0,針の痛み。高いHardnessと空間直接性。,,4,5,6,1,REDUP(畳語・同一)
ちぐはぐ,不一致。中程度の乱流と不規則なFlow。,擬態語,その他,中立,清音・濁音,暗い・重い・大,単発・その他,tɕiɡuhaɡu,tɕiɡuhaɡu,0,4,6,3,6,6,4,450.0,3.81,6,5000.0,6.65,5,0,4,#778899,55.9,-2.2,-11.1,不一致。中程度の乱流(Re)と不規則なFlow。,,5,5,5,8,COMPOUND(複合・異種)
ちびちび,少量。低いWeightと最大の抑制。,擬態語,その他,中立,清音・濁音,暗い・重い・大,畳語,tɕibitɕibi,tɕibitɕibi,0,2,3,5,9,7,6,600.0,4.54,5,600.0,3.04,4,mc,3,#F5F5DC,95.9,-4.2,12.0,少量。低いWeightと最大の抑制。,,4,5,6,1,REDUP(畳語・同一)
ちまちま,小規模。内向的なSpaceと高い抑制。,擬態語,その他,中立,清音,明るい・軽い・小,畳語,tɕimatɕima,tɕimatɕima,0,3,3,4,8,6,6,500.0,4.07,4,400.0,2.35,5,mc,3,#BDB76B,73.4,-8.8,39.3,小規模。内向的なSpaceと高い抑制。,,4,5,6,1,REDUP(畳語・同一)
ちゃっかり,抜け目なさ。高い時間性と空間直接性。,擬態語,スピード・テンポ・密集度・距離感・気象・自然,中立,清音,明るい・軽い・小,促音・「り」変化,tɕakkaɾi,tɕakkaɾi,0,3,8,8,6,6,3,1200.0,6.29,8,6000.0,6.95,7,h,6,#FFD700,86.9,-1.9,87.1,抜け目なさ。高い時間性と空間直接性。,,5,5,5,8,COMPOUND(複合・異種)
ちゃらちゃら,軽薄。高い流体性と高周波摩擦。,擬音語,テクスチャー・気象・自然,中立,清音,明るい・軽い・小,畳語,tɕaɾatɕaɾa,tɕaɾatɕaɾa,0,3,6,4,1,5,2,2500.0,8.15,5,14000.0,8.39,5,mh,5,#FF69B4,65.5,64.2,-10.6,軽薄。高い流体性と高周波摩擦。,,4,5,6,1,REDUP(畳語・同一)
ちゃらんぽらん,無責任。最大の自由Flow 0。,擬態語,その他,中立,清音・半濁音,明るい・軽い・小,撥音,tɕaɾaŋpoɾaŋ,tɕaɾampoɾaŋ,1,2,5,3,0,8,4,600.0,4.54,3,3000.0,5.78,4,h,6,#FFFF00,97.1,-21.6,94.5,無責任。最大の自由Flow 0。,,3,6,0,0,N(撥音単発)
ちゃりん,硬貨の音。極めて高いHardnessと時間性。,擬音語,スピード・テンポ,中立,清音,明るい・軽い・小,撥音,tɕaɾiŋ,tɕaɾiŋ,0,3,8,9,7,1,2,3000.0,8.61,9,12000.0,8.13,8,c,2,#C0C0C0,77.7,-0.0,0.0,硬貨の音。極めて高いHardnessと時間性。,,3,6,0,0,N(撥音単発)
ちゃん,確実に行われているさま、あるいはベルの音。,擬音語・擬態語,その他,中立,清音,明るい・軽い・小,撥音,tɕaŋ,tɕaŋ,0,3,7,8,7,5,4,650.0,4.74,8,3500.0,6.04,7,h,6,#FFFFFF,100.0,-0.0,0.0,完了感。鼻音による共鳴と直接性。,,3,6,0,0,N(撥音単発)
ちやほや,軟口蓋摩擦音と半母音による低Weight。自由なFlowと高い親密性。,擬音語,関係性・人体・生理,中立,清音,明るい・軽い・小,単発・その他,tɕijahoja,tɕijahoja,0,2,3,2,1,9,6,500.0,4.07,2,1000.0,3.91,2,hh,7,#FFC0CB,83.6,24.1,3.3,軟口蓋摩擦音と半母音による低Weight。自由なFlow(1)と高い親密性(hh)。,,5,5,5,8,COMPOUND(複合・異種)
ちゅっ,唇の尖鋭化。最大のTimeとBoyle Numberによる気圧圧縮。,擬態語,その他,中立,清音,明るい・軽い・小,促音,tɕuʔ,tɕuʔ,0,3,9,9,9,7,5,2000.0,7.58,9,14000.0,8.39,9,hh,7,#FF69B4,65.5,64.2,-10.6,唇の尖鋭化。最大のTime(9)とBoyle Number(9)による気圧圧縮。,,2,5,0,0,Q(促音単発)
ちゅんちゅん,高周波と鼻腔共鳴。高い空間指向性。,擬音語,密集度・距離感・気象・自然,中立,清音,明るい・軽い・小,畳語・撥音,tɕuŋtɕuŋ,tɕuntɕuŋ,1,2,6,7,5,8,4,2500.0,8.15,6,12000.0,8.13,6,h,6,#FFFACD,97.6,-5.4,22.2,高周波(2500Hz)と鼻腔共鳴。高い空間指向性(Space 7)。,,4,5,6,1,REDUP(畳語・同一)
ちゅーちゅー,持続的吸引。高い流体性と摩擦。,擬態語,テクスチャー・スピード・テンポ,中立,清音,明るい・軽い・小,畳語・長音,tɕu:tɕu:,tɕuːtɕuː,0,2,2,5,5,9,7,2800.0,8.44,0,5000.0,6.65,5,mh,5,#FFB6C1,81.1,28.0,5.0,持続的吸引。高い流体性(Hardness 9)と摩擦(Re)。,,4,5,6,1,REDUP(畳語・同一)
ちょいちょい,弾動的なTime。適度な流体運動と高い周波数。,擬音語,テクスチャー・ダイナミクス・気象・自然,中立,清音,明るい・軽い・小,畳語,tɕoitɕoi,tɕoitɕoi,0,2,7,4,4,8,4,1200.0,6.29,6,4000.0,6.27,5,h,6,#FFFFFF,100.0,-0.0,0.0,弾動的なTime(7)。適度な流体運動と高い周波数。,,4,5,6,1,REDUP(畳語・同一)
ちょきちょき,鋏の切断運動。高いHardnessと空間的直接性。,擬態語,ダイナミクス・密集度・距離感・気象・自然,中立,清音,明るい・軽い・小,畳語,tɕokitɕoki,tɕokitɕoki,0,4,8,8,8,3,2,1500.0,6.86,8,9000.0,7.64,7,mc,3,#708090,52.8,-2.1,-10.6,鋏の切断運動。高いHardness(3)と空間的直接性(Space 8)。,,4,5,6,1,REDUP(畳語・同一)
ちょくちょく,断続的反復。抑制と突発性のバランス。,擬態語,スピード・テンポ,中立,清音,明るい・軽い・小,畳語,tɕukutɕuku,tɕokutɕoku,1,3,7,6,7,6,4,900.0,5.56,7,6500.0,7.09,6,h,6,#FFFFFF,100.0,-0.0,0.0,断続的反復。抑制(Flow 7)と突発性(Time 7)のバランス。,,4,5,6,1,REDUP(畳語・同一)
ちょこっ,最小単位の運動。最大のTimeと圧縮遮断。,擬態語,ダイナミクス,中立,清音,明るい・軽い・小,促音,tɕokoʔ,tɕokoʔ,0,2,9,7,9,7,3,1100.0,6.07,9,8000.0,7.44,8,mh,5,#FFFFFF,100.0,-0.0,0.0,最小単位の運動。最大のTime(9)と圧縮遮断(Decay 9)。,,2,5,0,0,Q(促音単発)
ちょっきり,適合の精度。最大のSpace直接性と抑制。,擬態語,その他,中立,清音,明るい・軽い・小,促音・「り」変化,tɕokkiɾi,tɕokkiɾi,0,4,8,9,9,4,1,1300.0,6.49,8,10000.0,7.82,9,0,4,#000000,0.0,0.0,0.0,適合の精度。最大のSpace直接性(9)と抑制。,,5,5,5,8,COMPOUND(複合・異種)
ちょっくら,瞬発的な移動。流体的な運動と高い時間性。,擬態語,テクスチャー・ダイナミクス・スピード・テンポ,中立,清音,明るい・軽い・小,促音,tɕokkuɾa,tɕokkuɾa,0,3,8,5,4,8,3,800.0,5.26,7,5000.0,6.65,6,h,6,#FFFFFF,100.0,-0.0,0.0,瞬発的な移動。流体的な運動と高い時間性。,,5,5,5,8,COMPOUND(複合・異種)
ちょびちょび,少量の制御。最小のWeightと最大の抑制。,擬態語,その他,中立,清音・濁音,暗い・重い・大,畳語,tɕobitɕobi,tɕobitɕobi,0,2,4,4,9,8,6,1400.0,6.68,5,900.0,3.73,5,mc,3,#F5F5DC,95.9,-4.2,12.0,少量の制御。最小のWeightと最大の抑制(Flow 9)。,,4,5,6,1,REDUP(畳語・同一)
ちょびっ,局所的遮断。最大のTimeとBoyle数。,擬態語,その他,中立,清音・濁音,暗い・重い・大,促音,tɕobiʔ,tɕobiʔ,0,3,9,8,9,7,5,1500.0,6.86,9,12000.0,8.13,9,mc,3,#FFFFFF,100.0,-0.0,0.0,局所的遮断。最大のTime(9)とBoyle数。,,2,5,0,0,Q(促音単発)
ちょろちょろ,小流量の液体。最大Moistureと自由Flow。,擬態語,その他,中立,清音,明るい・軽い・小,畳語,tɕoɾotɕoɾo,tɕoɾotɕoɾo,0,2,5,2,1,9,9,1000.0,5.83,4,2500.0,5.47,9,mh,5,#E0FFFF,97.9,-9.9,-3.4,小流量の液体。最大Moisture(9)と自由Flow。,,4,5,6,1,REDUP(畳語・同一)
ちょろり,弾き音による少量の離脱。高い流体性と余韻。,擬音語,テクスチャー・ダイナミクス,中立,清音,明るい・軽い・小,「り」変化,tɕoɾoɾi,tɕoɾoɾi,0,2,6,5,3,9,8,900.0,5.56,6,3000.0,5.78,8,mh,5,#F0F8FF,97.2,-1.3,-4.3,弾き音による少量の離脱。高い流体性と余韻。,,4,6,0,0,RI(り単発)
ちらちら,小物が散り舞うさま、時折見えるさま。,擬音語・擬態語,その他,中立,清音,明るい・軽い・小,畳語,tɕiɾatɕiɾa,tɕiɾatɕiɾa,0,1,6,2,2,9,2,1800.0,7.32,4,12000.0,8.13,3,c,2,#FFFFFF,100.0,-0.0,0.0,散乱光の物理。低Weightと高Re数（乱流）。,,4,5,6,1,REDUP(畳語・同一)
ちらほら,分散状態。最大のSpace間接性と自由Flow。,擬態語,その他,中立,清音,明るい・軽い・小,単発・その他,tɕiɾahoja,tɕiɾahoɾa,1,2,5,1,1,9,4,1200.0,6.29,3,8000.0,7.44,2,c,2,#F5F5F5,96.5,-0.0,0.0,分散状態。最大のSpace間接性と自由Flow。,,5,5,5,8,COMPOUND(複合・異種)
ちんちろりん,虫の音。高周波と金属的Hardness。,擬音語,気象・自然・生き物,中立,清音,明るい・軽い・小,撥音,tɕintɕiɾoɾiŋ,tɕintɕiɾoɾiŋ,0,2,6,7,5,3,2,3500.0,9.0,5,15000.0,8.51,6,c,2,#C0C0C0,77.7,-0.0,0.0,虫の音。高周波(3500Hz)と金属的Hardness。,,3,6,0,0,N(撥音単発)
ちんまり,収縮。最小のTimeと最大の抑制。,擬態語,その他,中立,清音,明るい・軽い・小,撥音・「り」変化,tɕinmaɾi,tɕimmaɾi,1,3,2,4,9,6,6,400.0,3.51,3,400.0,2.35,6,mh,5,#BDB76B,73.4,-8.8,39.3,収縮。最小のTime(2)と最大の抑制(Flow 9)。,,5,5,5,8,COMPOUND(複合・異種)
つかつか,躊躇のない直進。最大Spaceと強めのWeight。,擬態語,その他,中立,清音,明るい・軽い・小,畳語,tsukatsuka,tsukatsuka,0,5,7,9,3,6,2,500.0,4.07,6,8000.0,7.44,8,h,6,#8B0000,28.1,51.0,41.3,躊躇のない直進。最大Space(9)と強めのWeight。,,4,5,6,1,REDUP(畳語・同一)
つくづく,内省的重圧。重いWeightと最大抑制。,擬態語,質量,中立,清音・濁音,暗い・重い・大,単発・その他,tsukudzuku,tsukuzuku,1,6,2,4,9,4,7,220.0,2.0,2,1200.0,4.22,9,mc,3,#4B0082,20.5,51.7,-53.3,内省的重圧。重いWeight(6)と最大抑制。,,5,5,5,8,COMPOUND(複合・異種)
つべこべ,濁音の連続による反論。中程度の乱流。,擬音語,スピード・テンポ,中立,清音・濁音,暗い・重い・大,単発・その他,tsubekobe,tsubekobe,0,5,6,6,6,6,6,450.0,3.81,5,7000.0,7.22,7,h,6,#DAA520,70.8,8.5,68.8,濁音の連続による反論。中程度の乱流(Re)。,,5,5,5,8,COMPOUND(複合・異種)
つやつや,平滑な反射。最小Weightと最大流体性。,擬態語,テクスチャー,中立,清音,明るい・軽い・小,畳語,tsujatsuja,tsujatsuja,0,1,2,2,0,9,6,600.0,4.54,1,100.0,0.0,2,mh,5,#FFB6C1,81.1,28.0,5.0,平滑な反射。最小Weightと最大流体性(9)。,,4,5,6,1,REDUP(畳語・同一)
つるつる,表面が滑らかで滑るさま、麺を啜る音。,擬音語・擬態語,テクスチャー,中立,清音,明るい・軽い・小,畳語,tsuɾutsuɾu,tsuɾutsuɾu,0,1,3,2,0,9,8,450.0,3.81,2,150.0,0.69,4,mh,5,#F0FFFF,98.9,-4.9,-1.7,摩擦の消失。自由なFlowと高いMoisture(8)。,,4,5,6,1,REDUP(畳語・同一)
つん,拒絶。最大のSpace直接性と遮断。,擬態語,その他,中立,清音,明るい・軽い・小,撥音,tsuŋ,tsuŋ,0,4,7,9,8,5,3,900.0,5.56,7,9000.0,7.64,9,c,2,#FFFFFF,100.0,-0.0,0.0,拒絶。最大のSpace直接性(9)と遮断(Decay)。,,3,6,0,0,N(撥音単発)
つんつん,先鋭的接触。Hardnessと抑制。,擬態語,その他,中立,清音,明るい・軽い・小,畳語・撥音,tsuŋtsuŋ,tsuntsuŋ,1,4,6,9,9,3,2,800.0,5.26,4,11000.0,7.98,8,c,2,#FFFFFF,100.0,-0.0,0.0,先鋭的接触。Hardness(3)と抑制(Flow 9)。,,4,5,6,1,REDUP(畳語・同一)
つーかー,長音による持続。安定した共鳴と流体運動。,擬音語,テクスチャー・ダイナミクス・スピード・テンポ,中立,清音,明るい・軽い・小,長音,tsu:ka:,tsuːkaː,0,3,2,5,2,8,3,500.0,4.07,0,2000.0,5.09,4,h,6,#F5F5F5,96.5,-0.0,0.0,長音による持続。安定した共鳴と流体運動。,,5,5,5,8,COMPOUND(複合・異種)
てかてか,油脂光沢。高い流体性と自由Flow。,擬態語,テクスチャー,中立,清音,明るい・軽い・小,畳語,tekateka,tekateka,0,2,4,3,0,9,4,1100.0,6.07,3,5000.0,6.65,3,h,6,#FFD700,86.9,-1.9,87.1,油脂光沢。高い流体性と自由Flow。,,4,5,6,1,REDUP(畳語・同一)
てきぱき,処理が迅速で処理能力が高いさま。,擬態語,その他,中立,清音・半濁音,明るい・軽い・小,単発・その他,tekipaki,tekipaki,0,4,8,9,5,6,3,1000.0,5.83,8,9000.0,7.64,7,h,6,#FFFFFF,100.0,-0.0,0.0,効率的動作。最大Time(8)と空間直接性(9)。,,5,5,5,8,COMPOUND(複合・異種)
てくてく,ひたすら歩き続けるさま。,擬態語,その他,中立,清音,明るい・軽い・小,畳語,tekuteku,tekuteku,0,4,5,7,5,6,3,400.0,3.51,5,4500.0,6.47,6,0,4,#708090,52.8,-2.1,-10.6,持続的歩行。適度なWeightと指向性(Space 7)。,,4,5,6,1,REDUP(畳語・同一)
てっきり,強い確信。高い抑制と空間直接性。,擬態語,密集度・距離感・気象・自然,中立,清音,明るい・軽い・小,促音・「り」変化,tekkiri,tekkiɾi,1,5,8,9,8,4,2,600.0,4.54,8,8000.0,7.44,9,0,4,#000000,0.0,0.0,0.0,強い確信。高い抑制と空間直接性。,,5,5,5,8,COMPOUND(複合・異種)
てらてら,過剰な反射。高い流体性とMoisture。,擬態語,テクスチャー,中立,清音,明るい・軽い・小,畳語,teɾateɾa,teɾateɾa,0,3,4,2,1,9,7,500.0,4.07,3,4000.0,6.27,5,mh,5,#DAA520,70.8,8.5,68.8,過剰な反射。高い流体性とMoisture(7)。,,4,5,6,1,REDUP(畳語・同一)
でかでか,巨視的存在。強大なWeightとSpace。,擬態語,その他,中立,清音・濁音,暗い・重い・大,畳語,dekadeka,dekadeka,0,8,4,8,2,5,4,250.0,2.32,3,7000.0,7.22,9,mc,3,#000000,0.0,0.0,0.0,巨視的存在。強大なWeight(8)とSpace(8)。,,4,5,6,1,REDUP(畳語・同一)
でっぷり,重量。最大のWeightと抑制。,擬態語,質量,中立,清音・濁音・半濁音,暗い・重い・大,促音・「り」変化,deppuɾi,deppuɾi,0,9,2,3,9,4,8,180.0,1.49,5,1500.0,4.6,9,c,2,#4B3621,24.5,6.4,16.8,重量。最大のWeight(9)と抑制(Flow 9)。,,5,5,5,8,COMPOUND(複合・異種)
でぶでぶ,緩慢な脂肪質。高いMoistureと重量。,擬態語,質量,中立,濁音,暗い・重い・大,畳語,debudebu,debudebu,0,8,3,2,7,5,9,150.0,1.03,3,1200.0,4.22,9,mc,3,#8B4513,37.5,26.4,41.0,緩慢な脂肪質。高いMoistureと重量。,,4,5,6,1,REDUP(畳語・同一)
でれでれ,弛緩。最小Timeと高温度、高流体性。,擬態語,テクスチャー・温度,中立,清音・濁音,暗い・重い・大,畳語,deɾedeɾe,deɾedeɾe,0,3,1,1,2,9,8,280.0,2.61,1,800.0,3.53,7,hh,7,#FFC0CB,83.6,24.1,3.3,弛緩。最小Time(1)と高温度、高流体性。,,4,5,6,1,REDUP(畳語・同一)
でん,不動の質量。最大のWeight、直接性、抑制。,擬態語,質量,中立,濁音,暗い・重い・大,撥音,deŋ,deŋ,0,9,2,9,9,2,4,150.0,1.03,7,500.0,2.73,9,mc,3,#000000,0.0,0.0,0.0,不動の質量。最大のWeight、直接性、抑制。,,3,6,0,0,N(撥音単発)
とことこ,安定した小走。流体性と直接性の中庸。,擬態語,テクスチャー,中立,清音,明るい・軽い・小,畳語,tokotoko,tokotoko,0,3,5,6,3,7,3,400.0,3.51,5,3500.0,6.04,5,mh,5,#FFFFFF,100.0,-0.0,0.0,安定した小走。流体性と直接性の中庸。,,4,5,6,1,REDUP(畳語・同一)
とっくり,凝縮。高い抑制と適度なMoisture。,擬態語,その他,中立,清音,明るい・軽い・小,促音・「り」変化,tokkuɾi,tokkuɾi,0,6,3,5,9,5,7,250.0,2.32,8,2000.0,5.09,8,mh,5,#8B4513,37.5,26.4,41.0,凝縮。高い抑制と適度なMoisture。,,5,5,5,8,COMPOUND(複合・異種)
とっと,駆り立て。最大のTimeと空間指向性。,擬態語,密集度・距離感・気象・自然,中立,清音,明るい・軽い・小,促音,totto,totto,0,4,9,8,3,6,2,600.0,4.54,9,11000.0,7.98,8,h,6,#FFFFFF,100.0,-0.0,0.0,駆り立て。最大のTime(9)と空間指向性。,,3,4,0,0,Qto(っと)
とぼとぼ,減衰。重いWeightと最小Space。,擬態語,質量,中立,清音・濁音,暗い・重い・大,畳語,tobotobo,tobotobo,0,7,2,1,6,6,6,200.0,1.75,3,500.0,2.73,7,c,2,#708090,52.8,-2.1,-10.6,減衰。重いWeight(7)と最小Space(1)。,,4,5,6,1,REDUP(畳語・同一)
とろとろ,融解。最大の流体性と水分。,擬音語,テクスチャー・気象・自然,中立,清音,明るい・軽い・小,畳語,とろとろ,toɾotoɾo,1,4,1,1,3,9,9,220.0,2.0,1,600.0,3.04,9,mh,5,#FFFACD,97.6,-5.4,22.2,融解。最大の流体性(9)と水分。,,4,5,6,1,REDUP(畳語・同一)
とんちんかん,乖離。高い乱流と不規則な時間性。,擬態語,スピード・テンポ,中立,清音,明るい・軽い・小,撥音,tontɕinkaŋ,tontɕiŋkaŋ,1,3,7,3,4,6,2,800.0,5.26,6,12000.0,8.13,4,0,4,#FFFF00,97.1,-21.6,94.5,乖離。高い乱流(Re)と不規則な時間性。,,3,6,0,0,N(撥音単発)
とんとん,リズム。一定のWeightと直接性。,擬態語,その他,中立,清音,明るい・軽い・小,畳語・撥音,tontoŋ,tontoŋ,0,4,7,7,5,4,3,400.0,3.51,6,5500.0,6.81,7,mc,3,#A0522D,43.8,29.3,35.6,リズム。一定のWeightと直接性。,,4,5,6,1,REDUP(畳語・同一)
どかっ,衝突。最大のWeightと圧縮Boyle数。,擬音語,その他,中立,清音・濁音,暗い・重い・大,促音,dokaʔ,dokaʔ,0,9,9,9,8,3,3,180.0,1.49,9,18000.0,8.82,9,mc,3,#000000,0.0,0.0,0.0,衝突。最大のWeight(9)と圧縮Boyle数(9)。,,2,5,0,0,Q(促音単発)
どかどか,乱暴。強大なWeightと乱流摩擦。,擬態語,その他,中立,清音・濁音,暗い・重い・大,畳語,dokadoka,dokadoka,0,8,8,7,3,6,3,250.0,2.32,7,15000.0,8.51,8,h,6,#8B0000,28.1,51.0,41.3,乱暴。強大なWeightと乱流摩擦。,,4,5,6,1,REDUP(畳語・同一)
どかん,爆発。最大の衝撃波と空間指向性。,擬音語,密集度・距離感・気象・自然,中立,清音・濁音,暗い・重い・大,撥音,dokaŋ,dokaŋ,0,9,8,9,7,2,4,120.0,0.46,9,20000.0,9.0,9,h,6,#000000,0.0,0.0,0.0,爆発。最大の衝撃波と空間指向性。,,3,6,0,0,N(撥音単発)
どきっ,内的衝撃。最大Timeと気圧変動。,擬態語,その他,中立,清音・濁音,暗い・重い・大,促音,dokiʔ,dokiʔ,0,7,9,8,9,5,5,350.0,3.17,9,13000.0,8.27,9,h,6,#FF0000,53.2,80.1,67.2,内的衝撃。最大Time(9)と気圧変動。,,2,5,0,0,Q(促音単発)
どきどき,胸の鼓動が高鳴る様子。,擬音語・擬態語,その他,中立,清音・濁音,暗い・重い・大,畳語,dokidoki,dokidoki,0,6,7,6,8,6,6,300.0,2.78,7,9000.0,7.64,8,h,6,#FF4500,57.6,67.8,69.0,反復拍動。高いWeightと時間密度。,,4,5,6,1,REDUP(畳語・同一)
どぎまぎ,狼狽。低いSpaceと抑制の反転。,擬態語,その他,中立,清音・濁音,暗い・重い・大,単発・その他,doɡimaɡi,doɡimaɡi,0,5,7,3,7,7,6,400.0,3.51,6,6000.0,6.95,7,h,6,#FFD700,86.9,-1.9,87.1,狼狽。低いSpace(3)と抑制の反転。,,5,5,5,8,COMPOUND(複合・異種)
どしどし,質量推進。強大なWeightと直接性。,擬態語,質量,中立,清音・濁音,暗い・重い・大,畳語,doɕidoɕi,doɕidoɕi,0,8,7,8,4,5,3,280.0,2.61,6,11000.0,7.98,8,h,6,#8B4513,37.5,26.4,41.0,質量推進。強大なWeightと直接性。,,4,5,6,1,REDUP(畳語・同一)
どしゃどしゃ,激流。最大のMoistureと重量。,擬態語,質量,中立,清音・濁音,暗い・重い・大,畳語,doɕadoɕa,doɕadoɕa,0,8,6,5,2,8,9,240.0,2.22,5,17000.0,8.72,9,mc,3,#4682B4,52.5,-4.1,-32.2,激流。最大のMoisture(9)と重量。,,4,5,6,1,REDUP(畳語・同一)
どしんどしん,巨人歩行。最大のWeightとBo数。,擬態語,その他,中立,清音・濁音,暗い・重い・大,畳語・撥音,doɕindoɕiŋ,doɕindoɕiŋ,0,9,8,9,8,2,4,130.0,0.66,8,18000.0,8.82,9,mc,3,#000000,0.0,0.0,0.0,巨人歩行。最大のWeight(9)とBo数。,,4,5,6,1,REDUP(畳語・同一)
どすんどすん,鈍重衝撃。最大の空間直接性と抑制。,擬態語,密集度・距離感・気象・自然,中立,清音・濁音,暗い・重い・大,畳語・撥音,dosuŋdosuŋ,dosundosuŋ,1,9,8,9,9,2,3,140.0,0.85,9,19000.0,8.91,9,mc,3,#2F4F4F,31.3,-11.7,-3.7,鈍重衝撃。最大の空間直接性と抑制。,,4,5,6,1,REDUP(畳語・同一)
どたばた,不規則衝突。高い乱流と時間性。,擬音語,スピード・テンポ,中立,清音・濁音,暗い・重い・大,単発・その他,dotabata,dotabata,0,8,8,4,3,6,4,320.0,2.94,8,14000.0,8.39,7,h,6,#8B4513,37.5,26.4,41.0,不規則衝突。高い乱流(Re)と時間性。,,5,5,5,8,COMPOUND(複合・異種)
どっかり,重座。最大のWeightと抑制。,擬態語,その他,中立,清音・濁音,暗い・重い・大,促音・「り」変化,dokkaɾi,dokkaɾi,0,9,5,8,9,3,5,200.0,1.75,8,3000.0,5.78,9,mc,3,#000000,0.0,0.0,0.0,重座。最大のWeightと抑制(Flow 9)。,,5,5,5,8,COMPOUND(複合・異種)
どっさり,大量。高い流体性と質量密度。,擬態語,テクスチャー・質量,中立,清音・濁音,暗い・重い・大,促音・「り」変化,dossaɾi,dossaɾi,0,8,4,6,3,7,6,280.0,2.61,7,6000.0,6.95,8,mc,3,#DAA520,70.8,8.5,68.8,大量。高い流体性と質量密度。,,5,5,5,8,COMPOUND(複合・異種)
どっしり,安定重量。最大の空間直接性と抑制。,擬態語,密集度・距離感・質量・気象・自然,中立,清音・濁音,暗い・重い・大,促音・「り」変化,doɕɕiɾi,doɕɕiɾi,0,9,3,9,9,2,5,180.0,1.49,6,2000.0,5.09,9,mc,3,#2F4F4F,31.3,-11.7,-3.7,安定重量。最大の空間直接性と抑制。,,5,5,5,8,COMPOUND(複合・異種)
どっと,噴出。最大Timeと空間指向性。,擬態語,密集度・距離感・気象・自然,中立,清音・濁音,暗い・重い・大,促音,dotto,dotto,0,8,8,9,4,7,5,300.0,2.78,9,12000.0,8.13,8,h,6,#FF0000,53.2,80.1,67.2,噴出。最大Time(8)と空間指向性。,,3,4,0,0,Qto(っと)
どっぷり,没入。最大Moistureと抑制。,擬態語,その他,中立,清音・濁音・半濁音,暗い・重い・大,促音・「り」変化,doppuɾi,doppuɾi,0,8,2,4,9,7,9,150.0,1.03,5,1800.0,4.91,9,mh,5,#000080,13.0,47.5,-64.7,没入。最大Moisture(9)と抑制。,,5,5,5,8,COMPOUND(複合・異種)
どでん,巨大転倒。強大なWeightと圧縮衝撃。,擬態語,質量,中立,濁音,暗い・重い・大,撥音,dodeŋ,dodeŋ,0,9,8,7,8,3,4,180.0,1.49,8,14000.0,8.39,9,mc,3,#000000,0.0,0.0,0.0,巨大転倒。強大なWeightと圧縮衝撃。,,3,6,0,0,N(撥音単発)
どぶん,深い水没。最大のBo数と重量。,擬音語,質量・気象・自然,中立,濁音,暗い・重い・大,撥音,dobuŋ,dobuŋ,0,9,8,9,7,7,9,110.0,0.24,8,20000.0,9.0,9,mc,3,#191970,15.9,31.7,-49.6,深い水没。最大のBo数と重量。,,3,6,0,0,N(撥音単発)
どぼん,液体落着。高い圧縮性と直接性。,擬態語,その他,中立,濁音,暗い・重い・大,撥音,doboŋ,doboŋ,0,8,8,9,8,7,9,130.0,0.66,9,19000.0,8.91,9,mc,3,#0000CD,25.0,67.2,-91.5,液体落着。高い圧縮性と直接性。,,3,6,0,0,N(撥音単発)
どやどや,群衆乱入。高い乱流と時間密度。,擬態語,スピード・テンポ,中立,清音・濁音,暗い・重い・大,畳語,dojadoja,dojadoja,0,6,7,5,2,8,5,350.0,3.17,6,15000.0,8.51,7,h,6,#DAA520,70.8,8.5,68.8,群衆乱入。高い乱流(Re)と時間密度。,,4,5,6,1,REDUP(畳語・同一)
どろどろ,高粘性流体。最大Moistureと低周波。,擬音語,テクスチャー・気象・自然,中立,清音・濁音,暗い・重い・大,畳語,doɾodoɾo,doɾodoɾo,0,7,2,2,6,9,9,160.0,1.19,2,1100.0,4.07,9,mh,5,#4B3621,24.5,6.4,16.8,高粘性流体。最大Moisture(9)と低周波。,,4,5,6,1,REDUP(畳語・同一)
どろん,消失。流体的な時間変化。,擬態語,テクスチャー・スピード・テンポ,中立,清音・濁音,暗い・重い・大,撥音,doɾoŋ,doɾoŋ,0,5,8,8,4,9,6,280.0,2.61,8,6000.0,6.95,7,mc,3,#808080,53.6,-0.0,0.0,消失。流体的な時間変化。,,3,6,0,0,N(撥音単発)
どんちゃん,狂騒。高い乱流と自由Flow。,擬態語,その他,中立,清音・濁音,暗い・重い・大,撥音,dontɕaŋ,dontɕaŋ,0,7,8,6,1,5,4,500.0,4.07,7,16000.0,8.62,7,h,6,#FF0000,53.2,80.1,67.2,狂騒。高い乱流(Re)と自由Flow。,,5,5,5,8,COMPOUND(複合・異種)
どんと,構え。最大の空間直接性と抑制。,擬態語,密集度・距離感・気象・自然,中立,清音・濁音,暗い・重い・大,撥音,donto,donto,0,9,4,9,9,2,3,180.0,1.49,8,4000.0,6.27,9,mc,3,#000000,0.0,0.0,0.0,構え。最大の空間直接性と抑制。,,3,5,0,0,OTHER(単発)
どんどん,太鼓の音、あるいは勢いよく物事が進むさま。,擬音語・擬態語,その他,中立,濁音,暗い・重い・大,畳語・撥音,dondoŋ,dondoŋ,0,8,7,9,5,3,4,200.0,1.75,5,14000.0,8.39,9,h,6,#8B0000,28.1,51.0,41.3,進行。強大なWeightと空間直接性。,,4,5,6,1,REDUP(畳語・同一)
どんぴしゃ,適合。最大のTime、Space、抑制。,擬態語,その他,中立,清音・濁音・半濁音,暗い・重い・大,撥音,donpiɕa,dompiɕa,1,5,9,9,9,4,2,600.0,4.54,9,13000.0,8.27,9,h,6,#FFFFFF,100.0,-0.0,0.0,適合。最大のTime、Space、抑制。,,5,5,5,8,COMPOUND(複合・異種)
どんみり,停滞。重いWeightと最小の時間性。,擬態語,スピード・テンポ・質量,中立,清音・濁音,暗い・重い・大,撥音・「り」変化,donmiɾi,dommiɾi,1,7,2,3,8,6,7,180.0,1.49,4,600.0,3.04,8,mc,3,#483D8B,30.8,26.1,-42.1,停滞。重いWeightと最小の時間性。,,5,5,5,8,COMPOUND(複合・異種)
どんより,陰鬱。最大の重量、最小のSpace、最大抑制。,擬態語,質量,中立,清音・濁音,暗い・重い・大,撥音・「り」変化,donjoɾi,doŋjoɾi,1,8,1,1,9,8,8,120.0,0.46,1,300.0,1.87,9,c,2,#2F4F4F,31.3,-11.7,-3.7,陰鬱。最大の重量、最小のSpace、最大抑制。,,5,5,5,8,COMPOUND(複合・異種)
なびなび,鼻音/n/による軟らかさとFlow 0。布や旗が風に流動する層流。,擬音語,気象・自然,中立,清音・濁音,暗い・重い・大,畳語,nabinabi,nabinabi,0,2,3,1,0,9,6,220.0,2.0,2,1500.0,4.6,4,mh,5,#F0E68C,90.3,-9.0,45.0,鼻音/n/による軟らかさとFlow 0。布や旗が風に流動する層流。,,4,5,6,1,REDUP(畳語・同一)
なみなみ,表面張力の物理。鼻音の持続と最大Moisture。低Re数。,擬音語,テクスチャー・スピード・テンポ,中立,清音,明るい・軽い・小,畳語,naminami,naminami,0,4,2,2,3,9,9,240.0,2.22,1,800.0,3.53,9,mc,3,#00BFFF,72.5,-17.7,-42.5,表面張力の物理。鼻音の持続と最大Moisture(9)。低Re数。,,4,5,6,1,REDUP(畳語・同一)
なよなよ,半母音/j/による骨格の欠如。最小Weightと高い流体性。,擬音語,テクスチャー・人体・生理,中立,清音,明るい・軽い・小,畳語,najonajo,najonajo,0,1,2,1,1,9,7,300.0,2.78,2,400.0,2.35,3,mh,5,#FFF0F5,96.1,5.9,-0.6,半母音/j/による骨格の欠如。最小Weight(1)と高い流体性。,,4,5,6,1,REDUP(畳語・同一)
にこっ,鼻音の親和性と促音の遮断。瞬時の気圧変化。,擬音語・擬態語,その他,中立,清音,明るい・軽い・小,促音,nikoʔ,nikoʔ,0,2,9,8,5,7,4,1800.0,7.32,9,9000.0,7.64,8,h,6,#FFD700,86.9,-1.9,87.1,鼻音の親和性と促音の遮断。瞬時の気圧変化（Bo 8）。,,2,5,0,0,Q(促音単発)
にこにこ,笑顔を浮かべて嬉しそうなさま。,擬態語,その他,中立,清音,明るい・軽い・小,畳語,nikoniko,nikoniko,0,2,5,5,2,8,3,1600.0,7.02,4,3500.0,6.04,4,h,6,#FFFF00,97.1,-21.6,94.5,高周波(1600Hz)と自由なFlow。幸福感に伴う高い温度感。,,4,5,6,1,REDUP(畳語・同一)
にこり,弾き音による動作の完了。流体的な運動の余韻。,擬音語・擬態語,テクスチャー・ダイナミクス,中立,清音,明るい・軽い・小,「り」変化,nikoɾi,nikoɾi,0,2,6,7,3,8,4,1700.0,7.17,6,4000.0,6.27,6,h,6,#FFFACD,97.6,-5.4,22.2,弾き音による動作の完了。流体的な運動の余韻。,,4,6,0,0,RI(り単発)
にたにた,粘着質な笑い。抑制と有声性の増加。,擬声語,その他,中立,清音,明るい・軽い・小,畳語,nitanita,nitanita,0,3,4,2,8,6,5,450.0,3.81,5,1200.0,4.22,7,mc,3,#ADFF2F,92.0,-52.5,81.9,粘着質な笑い。抑制(Flow 8)と有声性の増加。,,4,5,6,1,REDUP(畳語・同一)
にたり,満足感。直接性と弾き音による収束。,擬音語・擬情語,人体・生理,中立,清音,明るい・軽い・小,「り」変化,nitaɾi,nitaɾi,0,3,7,6,7,7,6,500.0,4.07,6,2500.0,5.47,8,mc,3,#9ACD32,76.5,-38.0,66.6,満足感。直接性(Space 6)と弾き音による収束。,,4,6,0,0,RI(り単発)
にっ,歯を見せる瞬間。最大のTimeと直接性。,擬態語,スピード・テンポ・人体・生理,中立,清音,明るい・軽い・小,促音,niʔ,niʔ,0,3,9,9,9,4,2,2200.0,7.82,9,11000.0,7.98,9,h,6,#FFFFFF,100.0,-0.0,0.0,歯を見せる瞬間。最大のTime(9)と直接性。,,2,5,0,0,Q(促音単発)
にゃーにゃー,猫の鳴声。鼻音と半母音の持続による高い流体性。,擬声語・擬音語,テクスチャー・スピード・テンポ・生き物,中立,清音,明るい・軽い・小,畳語・長音,ɲa:ɲa:,ɲaːɲaː,0,2,2,4,1,9,7,800.0,5.26,0,1500.0,4.6,5,h,6,#FFB6C1,81.1,28.0,5.0,猫の鳴声。鼻音と半母音の持続による高い流体性。,,4,5,6,1,REDUP(畳語・同一)
にやにや,ニヤけて含み笑いをするさま。,擬態語,その他,中立,清音,明るい・軽い・小,畳語,nijanija,nijanija,0,2,3,1,3,8,6,400.0,3.51,2,1000.0,3.91,6,mh,5,#F0E68C,90.3,-9.0,45.0,不定形なSpace(1)。内向的で粘性のある流体運動。,,4,5,6,1,REDUP(畳語・同一)
にやり,企みの表出。高い空間直接性と時間的決定。,擬態語,スピード・テンポ・密集度・距離感・気象・自然,中立,清音,明るい・軽い・小,「り」変化,nijaɾi,nijaɾi,0,3,6,7,4,8,5,550.0,4.32,5,2800.0,5.66,7,h,6,#FFFFFF,100.0,-0.0,0.0,企みの表出。高い空間直接性と時間的決定。,,4,6,0,0,RI(り単発)
にゅるにゅる,高粘性流体。鼻音と弾き音の連続による最大Moisture。,擬音語,テクスチャー・スピード・テンポ,中立,清音,明るい・軽い・小,畳語,ɲuɾuɲuɾu,ɲuɾuɲuɾu,0,5,4,2,9,7,9,180.0,1.49,2,600.0,3.04,9,mc,3,#556B2F,42.2,-18.8,30.6,高粘性流体。鼻音と弾き音の連続による最大Moisture(9)。,,4,5,6,1,REDUP(畳語・同一)
にょきにょき,垂直方向の不連続成長。高いSpaceと中庸のWeight。,擬態語,スピード・テンポ,中立,清音,明るい・軽い・小,畳語,ɲokiɲoki,ɲokiɲoki,0,4,6,8,4,5,4,600.0,4.54,6,4500.0,6.47,7,mh,5,#32CD32,72.6,-67.1,61.4,垂直方向の不連続成長。高いSpace(8)と中庸のWeight。,,4,5,6,1,REDUP(畳語・同一)
にょろにょろ,不定形な曲線運動。最大の流体性と低Re数。,擬態語,テクスチャー・ダイナミクス,中立,清音,明るい・軽い・小,畳語,ɲoɾoɲoɾo,ɲoɾoɲoɾo,0,3,3,1,2,9,8,300.0,2.78,1,1200.0,4.22,8,mc,3,#006400,36.2,-43.4,41.9,不定形な曲線運動。最大の流体性(9)と低Re数。,,4,5,6,1,REDUP(畳語・同一)
ぬくぬく,温かくて心地よいさま、悠々自適なさま。,擬態語・擬情語,感情,快,清音,明るい・軽い・小,畳語,nukunuku,nukunuku,0,3,2,2,0,8,6,250.0,2.32,2,500.0,2.73,4,hh,7,#FFD700,86.9,-1.9,87.1,鼻音の低周波共鳴。自由なFlow(0)と高い温度(hh)。,,4,5,6,1,REDUP(畳語・同一)
ぬけぬけ,厚顔無恥。遮蔽物のない流体運動と高い流速。,擬音語,テクスチャー・ダイナミクス,中立,清音,明るい・軽い・小,畳語,nukenuke,nukenuke,0,4,5,4,1,9,2,500.0,4.07,4,3000.0,5.78,3,h,6,#FFFFFF,100.0,-0.0,0.0,厚顔無恥。遮蔽物のない流体運動と高い流速。,,4,5,6,1,REDUP(畳語・同一)
ぬっと,突然の出現。高いWeightと最大Space、Bo数。,擬態語,その他,中立,清音,明るい・軽い・小,促音,nutto,nutto,0,6,8,9,9,6,4,220.0,2.0,9,9000.0,7.64,9,mc,3,#000000,0.0,0.0,0.0,突然の出現。高いWeight(6)と最大Space(9)、Bo数。,,3,4,0,0,Qto(っと)
ぬめぬめ,最大Moistureと抑制。粘膜的物理プロファイル。,擬音語,その他,中立,清音,明るい・軽い・小,畳語,numenume,numenume,0,5,2,1,8,6,9,150.0,1.03,2,300.0,1.87,9,mc,3,#2F4F4F,31.3,-11.7,-3.7,最大Moisture(9)と抑制(8)。粘膜的物理プロファイル。,,4,5,6,1,REDUP(畳語・同一)
ぬらぬら,脂ぎった表面。高い流体性と中程度の乱流。,擬態語,テクスチャー,中立,清音,明るい・軽い・小,畳語,nuɾanuɾa,nuɾanuɾa,0,4,3,2,1,8,8,280.0,2.61,2,1500.0,4.6,8,mh,5,#4B3621,24.5,6.4,16.8,脂ぎった表面。高い流体性と中程度の乱流(Re)。,,4,5,6,1,REDUP(畳語・同一)
ぬるぬる,摩擦係数の最小化。鼻音による持続と潤滑物理。,擬音語,スピード・テンポ,中立,清音,明るい・軽い・小,畳語,nuɾunuɾu,nuɾunuɾu,0,4,2,1,3,9,9,200.0,1.75,1,700.0,3.31,9,mc,3,#000080,13.0,47.5,-64.7,摩擦係数の最小化。鼻音による持続と潤滑物理。,,4,5,6,1,REDUP(畳語・同一)
ねそねそ,意欲の欠如。最小Timeと最大のFlow抑制。,擬態語,その他,中立,清音,明るい・軽い・小,畳語,nesoneso,nesoneso,0,5,1,1,9,4,6,180.0,1.49,1,400.0,2.35,7,c,2,#808080,53.6,-0.0,0.0,意欲の欠如。最小Time(1)と最大のFlow抑制(9)。,,4,5,6,1,REDUP(畳語・同一)
ねちねち,粘り着いてしつこいさま。,擬態語,テクスチャー,中立,清音,明るい・軽い・小,畳語,netɕinetɕi,netɕinetɕi,0,6,3,3,9,3,9,320.0,2.94,5,900.0,3.73,9,mh,5,#4B0082,20.5,51.7,-53.3,執拗な粘着。最大のMoistureと抑制された不快感。,,4,5,6,1,REDUP(畳語・同一)
ねっとり,粘り気が強く絡みつくさま。,擬態語,テクスチャー,中立,清音,明るい・軽い・小,促音・「り」変化,nettoɾi,nettoɾi,0,7,2,4,9,2,9,250.0,2.32,6,1100.0,4.07,9,mh,5,#DAA520,70.8,8.5,68.8,高密度。最大の抑制(9)とMoisture。高いBo数（凝縮）。,,5,5,5,8,COMPOUND(複合・異種)
ねとねと,接地面積の広い粘着。持続的な抑制と高粘性。,擬態語,テクスチャー・スピード・テンポ,中立,清音,明るい・軽い・小,畳語,netoneto,netoneto,0,6,2,2,8,4,9,200.0,1.75,2,800.0,3.53,9,mc,3,#8B4513,37.5,26.4,41.0,接地面積の広い粘着。持続的な抑制と高粘性。,,4,5,6,1,REDUP(畳語・同一)
ねばねば,納豆等の高分子流体。有声破裂音によるWeight増加。,擬声語・擬音語,テクスチャー,中立,清音・濁音,暗い・重い・大,畳語,nebaneba,nebaneba,0,7,3,3,7,5,9,180.0,1.49,3,1500.0,4.6,9,mc,3,#6B8E23,54.7,-28.2,49.7,納豆等の高分子流体。有声破裂音によるWeight増加。,,4,5,6,1,REDUP(畳語・同一)
のこのこ,平然と図々しく現れるさま。,擬態語,その他,快,清音,明るい・軽い・小,畳語,nokonoko,nokonoko,0,3,4,3,2,8,3,350.0,3.17,4,2800.0,5.66,4,0,4,#FFFFFF,100.0,-0.0,0.0,図々しい無関心。低いWeightと適度な流体運動。,,4,5,6,1,REDUP(畳語・同一)
のそのそ,巨大な質量の移動。重いWeightと最小Space。,擬態語,ダイナミクス・質量,中立,清音,明るい・軽い・小,畳語,nosonoso,nosonoso,0,7,2,1,6,6,5,180.0,1.49,3,600.0,3.04,7,c,2,#708090,52.8,-2.1,-10.6,巨大な質量の移動。重いWeight(7)と最小Space(1)。,,4,5,6,1,REDUP(畳語・同一)
のっしのっし,重厚な足取り。最大のWeightと強い直接性。,擬態語,人体・生理,中立,清音,明るい・軽い・小,畳語・促音,noɕɕinoɕɕi,noɕɕinoɕɕi,0,9,6,8,8,3,4,120.0,0.46,7,12000.0,8.13,9,mc,3,#000000,0.0,0.0,0.0,重厚な足取り。最大のWeight(9)と強い直接性(8)。,,4,5,6,1,REDUP(畳語・同一)
のっぺり,平滑な平面。陰影の欠如と抑制。,擬態語,色・光,中立,清音・半濁音,明るい・軽い・小,促音・「り」変化,noppeɾi,noppeɾi,0,5,2,5,4,7,2,280.0,2.61,6,5000.0,6.65,6,0,4,#D3D3D3,84.6,-0.0,0.0,平滑な平面。陰影の欠如(Bo数の中庸)と抑制。,,5,5,5,8,COMPOUND(複合・異種)
のほほん,完全な脱力。最小エフォート群。自由なFlow。,擬態語,その他,中立,清音,明るい・軽い・小,撥音,nohohoŋ,nohohoŋ,0,1,1,1,0,9,5,400.0,3.51,1,100.0,0.0,1,h,6,#F5F5DC,95.9,-4.2,12.0,完全な脱力。最小エフォート群。自由なFlow(0)。,,5,5,5,8,COMPOUND(複合・異種)
のらくら,回避的運動。最小のWeightと不特定の流体経路。,擬態語,テクスチャー・ダイナミクス,中立,清音,明るい・軽い・小,単発・その他,noɾakuɾa,noɾakuɾa,0,2,3,1,1,9,3,450.0,3.81,2,3000.0,5.78,3,mh,5,#FFFFFF,100.0,-0.0,0.0,回避的運動。最小のWeightと不特定の流体経路。,,5,5,5,8,COMPOUND(複合・異種)
のろのろ,極低速。最小Timeと高い抑制。高粘性流。,擬態語,テクスチャー,中立,清音,明るい・軽い・小,畳語,noɾonoɾo,noɾonoɾo,0,6,1,1,7,8,6,150.0,1.03,1,400.0,2.35,8,c,2,#2F4F4F,31.3,-11.7,-3.7,極低速。最小Time(1)と高い抑制(7)。高粘性流。,,4,5,6,1,REDUP(畳語・同一)
のんびり,焦らずゆったり過ごすさま。,擬態語,その他,中立,清音・濁音,暗い・重い・大,撥音・「り」変化,nombiɾi,nombiɾi,0,3,1,2,0,8,6,220.0,2.0,2,500.0,2.73,5,h,6,#FFFACD,97.6,-5.4,22.2,弛緩。鼻音の共鳴による安心感と自由なFlow(0)。,,5,5,5,8,COMPOUND(複合・異種)
のーのー,厚顔な平穏。長音による持続。抵抗の欠如。,擬音語,スピード・テンポ,中立,清音,明るい・軽い・小,畳語・長音,no:no:,noːnoː,0,4,1,1,2,9,5,200.0,1.75,0,200.0,1.18,6,mh,5,#F5F5F5,96.5,-0.0,0.0,厚顔な平穏。長音による持続。抵抗の欠如。,,4,5,6,1,REDUP(畳語・同一)
はあはあ,呼吸。有気音/h/の連続。高い温度と自由なFlow。,擬音語,温度・スピード・テンポ,中立,清音,明るい・軽い・小,畳語,ha:ha:,haahaa,1,6,4,2,0,9,7,500.0,4.07,1,8000.0,7.44,4,h,6,#FF4500,57.6,67.8,69.0,呼吸。有気音/h/の連続。高い温度(h)と自由なFlow。,,4,5,6,1,REDUP(畳語・同一)
はきはき,話し方や動作が明瞭で気持ちよいさま。,擬態語,その他,中立,清音,明るい・軽い・小,畳語,hakihaki,hakihaki,0,3,8,9,3,5,2,1200.0,6.29,8,9000.0,7.64,7,h,6,#FFFFFF,100.0,-0.0,0.0,明瞭。最大の空間直接性(9)と時間的突発性(8)。,,4,5,6,1,REDUP(畳語・同一)
はくしょん,くしゃみの爆発。最大のTimeと気圧放出。,擬音語,その他,中立,清音,明るい・軽い・小,撥音,hakuɕoŋ,hakuɕoŋ,0,7,9,8,7,5,7,450.0,3.81,9,18000.0,8.82,9,h,6,#FFFFFF,100.0,-0.0,0.0,くしゃみの爆発。最大のTime(9)と気圧放出(Bo 9)。,,5,5,5,8,COMPOUND(複合・異種)
はっきり,輪郭の解像度。最大のSpaceとFlow抑制。,擬態語,その他,中立,清音,明るい・軽い・小,促音・「り」変化,hakkiɾi,hakkiɾi,0,4,8,9,8,4,1,800.0,5.26,8,11000.0,7.98,9,0,4,#000000,0.0,0.0,0.0,輪郭の解像度。最大のSpace(9)とFlow抑制(8)。,,5,5,5,8,COMPOUND(複合・異種)
はっし,打撃または注視。最大の抑制と時間突発性。,擬態語,スピード・テンポ,中立,清音,明るい・軽い・小,促音,haɕɕi,haɕɕi,0,6,9,9,9,3,2,1500.0,6.86,9,14000.0,8.39,9,c,2,#FFFFFF,100.0,-0.0,0.0,打撃または注視。最大の抑制と時間突発性。,,2,5,0,0,Q(促音単発)
はっと,覚醒。最大のTimeと内部気圧の上昇。,擬態語,その他,中立,清音,明るい・軽い・小,促音,hatto,hatto,0,5,9,8,9,4,4,650.0,4.74,9,12000.0,8.13,9,h,6,#FF0000,53.2,80.1,67.2,覚醒。最大のTime(9)と内部気圧の上昇(Bo 9)。,,3,4,0,0,Qto(っと)
はらはら,落ち葉が散るさま、危険を見て心を揉むさま。,擬態語・擬情語,感情,中立,清音,明るい・軽い・小,畳語,haɾahaɾa,haɾahaɾa,0,1,5,2,1,9,3,550.0,4.32,4,4500.0,6.47,3,c,2,#FFFFFF,100.0,-0.0,0.0,落葉や不安。低Weightと乱流(Re)への境界。,,4,5,6,1,REDUP(畳語・同一)
ばかっ,破裂。有声破裂音による大Weightと遮断。,擬声語・擬音語,その他,中立,清音・濁音,暗い・重い・大,促音,bakaʔ,bakaʔ,0,8,9,9,8,3,3,180.0,1.49,9,16000.0,8.62,9,h,6,#FF0000,53.2,80.1,67.2,破裂。有声破裂音による大Weightと遮断(Decay 9)。,,2,5,0,0,Q(促音単発)
ばしっ,打撃。高いHardnessと最大のSpace直接性。,擬態語,その他,中立,清音・濁音,暗い・重い・大,促音,baɕiʔ,baɕiʔ,0,8,9,9,9,2,2,1200.0,6.29,9,15000.0,8.51,9,h,6,#FFFFFF,100.0,-0.0,0.0,打撃。高いHardness(2)と最大のSpace直接性(9)。,,2,5,0,0,Q(促音単発)
ばしゃばしゃ,散水。最大Moistureと乱流 Re数。,擬音語,気象・自然,中立,清音・濁音,暗い・重い・大,畳語,baɕabaɕa,baɕabaɕa,0,6,7,5,2,8,9,400.0,3.51,6,18000.0,8.82,8,mc,3,#4682B4,52.5,-4.1,-32.2,散水。最大Moisture(9)と乱流 Re数。,,4,5,6,1,REDUP(畳語・同一)
ばたっ,倒壊。最大のWeightと突発停止。,擬態語,その他,中立,清音・濁音,暗い・重い・大,促音,bataʔ,bataʔ,0,9,9,9,8,3,4,150.0,1.03,9,19000.0,8.91,9,mc,3,#000000,0.0,0.0,0.0,倒壊。最大のWeight(9)と突発停止(Decay 9)。,,2,5,0,0,Q(促音単発)
ばっさり,大胆な切断。高いWeightと空間直接性。,擬態語,密集度・距離感・気象・自然,中立,清音・濁音,暗い・重い・大,促音・「り」変化,bassaɾi,bassaɾi,0,7,8,9,4,7,2,450.0,3.81,8,11000.0,7.98,8,c,2,#FFFFFF,100.0,-0.0,0.0,大胆な切断。高いWeightと空間直接性。,,5,5,5,8,COMPOUND(複合・異種)
ばったばった,連続的な倒壊。有声性と促音による衝撃の蓄積。,擬声語・擬音語,スピード・テンポ,中立,清音・濁音,暗い・重い・大,畳語・促音,battabatta,battabatta,0,8,8,8,5,4,4,250.0,2.32,7,14000.0,8.39,7,h,6,#8B4513,37.5,26.4,41.0,連続的な倒壊。有声性と促音による衝撃の蓄積。,,4,5,6,1,REDUP(畳語・同一)
ばったり,遭遇または倒伏。最大の時間性と直接性。,擬態語,スピード・テンポ,中立,清音・濁音,暗い・重い・大,促音・「り」変化,battaɾi,battaɾi,0,8,9,8,8,3,5,200.0,1.75,9,12000.0,8.13,9,mc,3,#000000,0.0,0.0,0.0,遭遇または倒伏。最大の時間性と直接性。,,5,5,5,8,COMPOUND(複合・異種)
ばっちり,完遂。最大のSpaceと抑制。高い適合性。,擬態語,その他,中立,清音・濁音,暗い・重い・大,促音・「り」変化,battɕiɾi,battɕiɾi,0,6,8,9,9,2,3,800.0,5.26,8,9000.0,7.64,9,h,6,#DAA520,70.8,8.5,68.8,完遂。最大のSpace(9)と抑制(9)。高い適合性。,,5,5,5,8,COMPOUND(複合・異種)
ばんばん,連続打撃。鼻音による共鳴と強大なWeight。,擬音語,スピード・テンポ,中立,濁音,暗い・重い・大,畳語・撥音,bambaŋ,bambaŋ,0,8,7,9,4,4,5,180.0,1.49,5,13000.0,8.27,9,h,6,#FF0000,53.2,80.1,67.2,連続打撃。鼻音による共鳴と強大なWeight。,,4,5,6,1,REDUP(畳語・同一)
ぱきぱき,硬質な破壊。最小のMoistureと高いHardness。,擬態語,その他,中立,清音・半濁音,明るい・軽い・小,畳語,pakipaki,pakipaki,0,3,8,7,8,1,0,2500.0,8.15,8,11000.0,7.98,6,c,2,#FFFFFF,100.0,-0.0,0.0,硬質な破壊。最小のMoisture(0)と高いHardness。,,4,5,6,1,REDUP(畳語・同一)
ぱくぱく,咀嚼。両唇音の開放と高い時間性。,擬音語,スピード・テンポ,中立,清音・半濁音,明るい・軽い・小,畳語,pakupaku,pakupaku,0,3,6,6,4,6,4,600.0,4.54,6,4500.0,6.47,7,mh,5,#FFDAB9,89.4,8.1,21.0,咀嚼。両唇音の開放と高い時間性。,,4,5,6,1,REDUP(畳語・同一)
ぱくり,捕食の完了。弾き音によるSpaceの収束。,擬音語,その他,中立,清音・半濁音,明るい・軽い・小,「り」変化,pakuɾi,pakuɾi,0,4,7,8,5,6,5,500.0,4.07,7,6000.0,6.95,8,mh,5,#FF8C00,69.5,36.8,75.5,捕食の完了。弾き音によるSpaceの収束。,,4,6,0,0,RI(り単発)
ぱさぱさ,枯渇。最大の流体性と最小のMoisture。,擬態語,テクスチャー,中立,清音・半濁音,明るい・軽い・小,畳語,pasapasa,pasapasa,0,1,4,2,3,9,0,1200.0,6.29,5,10000.0,7.82,2,c,2,#D2B48C,75.0,5.0,24.4,枯渇。最大の流体性と最小のMoisture(0)。,,4,5,6,1,REDUP(畳語・同一)
ぱちくり,まばたき。高い時間性と流体的な運動。,擬態語,テクスチャー・ダイナミクス・スピード・テンポ,中立,清音・半濁音,明るい・軽い・小,「り」変化,patɕikuɾi,patɕikuɾi,0,2,8,6,3,7,3,1500.0,6.86,8,8000.0,7.44,5,h,6,#FFFFFF,100.0,-0.0,0.0,まばたき。高い時間性と流体的な運動。,,5,5,5,8,COMPOUND(複合・異種)
ぱちぱち,拍手または発火。高い周波数とHardness。,擬音語,気象・自然・人体・生理,中立,清音・半濁音,明るい・軽い・小,畳語,patɕipatɕi,patɕipatɕi,0,3,8,7,6,3,1,2000.0,7.58,7,13000.0,8.27,7,h,6,#FF4500,57.6,67.8,69.0,拍手または発火。高い周波数とHardness。,,4,5,6,1,REDUP(畳語・同一)
ぱっちり,開眼。最大の空間直接性と抑制。,擬態語,密集度・距離感・気象・自然,中立,清音・半濁音,明るい・軽い・小,促音・「り」変化,pattɕiɾi,pattɕiɾi,0,3,8,9,9,4,3,1600.0,7.02,8,10000.0,7.82,9,h,6,#FFFFFF,100.0,-0.0,0.0,開眼。最大の空間直接性(9)と抑制。,,5,5,5,8,COMPOUND(複合・異種)
ぱらぱら,散布。最小Weightと高いRe数。,擬態語,その他,中立,清音・半濁音,明るい・軽い・小,畳語,paɾapaɾa,paɾapaɾa,0,1,6,3,1,9,1,900.0,5.56,5,9500.0,7.74,4,mc,3,#FFFFFF,100.0,-0.0,0.0,散布。最小Weightと高いRe数（不連続性）。,,4,5,6,1,REDUP(畳語・同一)
ぱりっ,薄い剛体の破壊。最大のHardnessと時間性。,擬態語,スピード・テンポ,中立,清音・半濁音,明るい・軽い・小,促音,paɾiʔ,paɾiʔ,0,3,9,9,9,1,0,2800.0,8.44,9,16000.0,8.62,9,c,2,#FFFFFF,100.0,-0.0,0.0,薄い剛体の破壊。最大のHardness(1)と時間性。,,2,5,0,0,Q(促音単発)
ぱりぱり,表面特性。乾燥と高い周波数の連続。,擬音語,テクスチャー・スピード・テンポ・気象・自然,中立,清音・半濁音,明るい・軽い・小,畳語・「り」変化,paɾipaɾi,paɾipaɾi,0,3,8,8,8,1,0,2500.0,8.15,7,14000.0,8.39,8,c,2,#CD853F,61.8,21.4,47.9,表面特性。乾燥(0)と高い周波数の連続。,,4,5,6,1,REDUP(畳語・同一)
ぱー,放出。長音による持続。自由なFlow。,擬音語,スピード・テンポ,中立,半濁音,明るい・軽い・小,長音,pa:,paː,0,2,1,1,0,9,3,600.0,4.54,0,2000.0,5.09,1,h,6,#FFD700,86.9,-1.9,87.1,放出。長音による持続。自由なFlow(0)。,,2,7,7,1,LONG(長音ー)
ひしひし,圧力の浸透。高周波摩擦と最大の抑制。,擬音語,気象・自然,中立,清音,明るい・軽い・小,畳語,çiɕiçiɕi,çiɕiçiɕi,0,4,6,7,9,3,4,1800.0,7.32,6,9000.0,7.64,8,c,2,#708090,52.8,-2.1,-10.6,圧力の浸透。高周波摩擦と最大の抑制(9)。,,4,5,6,1,REDUP(畳語・同一)
ひそひそ,密談。最小Weightと最大の抑制。層流摩擦。,擬態語,その他,中立,清音,明るい・軽い・小,畳語,çisoçiso,çisoçiso,0,1,5,2,9,9,2,2200.0,7.82,5,4000.0,6.27,3,c,2,#2F4F4F,31.3,-11.7,-3.7,密談。最小Weightと最大の抑制(9)。層流摩擦。,,4,5,6,1,REDUP(畳語・同一)
ひっそり,静寂の浸透。低Weightと最大のFlow抑制。,擬態語,静寂表現,中立,清音,明るい・軽い・小,促音・「り」変化,çi̥sːoɾi,çissoɾi,1,2,2,4,9,9,1,2500.0,8.15,6,500.0,2.73,9,cc,1,#F0F8FF,97.2,-1.3,-4.3,静寂の浸透。低Weightと最大のFlow抑制(9)。,,5,5,5,8,COMPOUND(複合・異種)
ひひーん,馬の鳴き声。有気音の持続と高い空間指向性。,擬声語・擬音語,スピード・テンポ・密集度・距離感・気象・自然,中立,清音,明るい・軽い・小,撥音・長音,çiçi:ŋ,çiçiːŋ,0,4,4,7,3,8,5,1400.0,6.68,1,10000.0,7.82,6,h,6,#FFFFFF,100.0,-0.0,0.0,馬の鳴き声。有気音の持続と高い空間指向性。,,5,5,5,8,COMPOUND(複合・異種)
ひやっ,冷覚の衝撃。最大のTimeと極寒。,擬態語,その他,中立,清音,明るい・軽い・小,促音,çijaʔ,çijaʔ,0,3,9,9,6,9,6,1200.0,6.29,9,15000.0,8.51,9,ccc,0,#E0FFFF,97.9,-9.9,-3.4,冷覚の衝撃。最大のTime(9)と極寒(ccc)。,,2,5,0,0,Q(促音単発)
ひゅうひゅう,風の音。高い流体性と高周波持続音。,擬音語,テクスチャー・スピード・テンポ・気象・自然,中立,清音,暗い・重い・大,畳語,çju:çju:,çuuçuu,1,2,3,5,1,9,3,2200.0,7.82,0,12000.0,8.13,5,c,2,#FFFFFF,100.0,-0.0,0.0,風の音。高い流体性と高周波持続音。,,4,5,6,1,REDUP(畳語・同一)
ひゅるひゅる,螺旋状流体。乱流 Re数と高い流体性。,擬態語,テクスチャー,中立,清音,明るい・軽い・小,畳語,çjuɾuçjuɾu,çuɾuçuɾu,1,2,5,3,2,9,4,1800.0,7.32,3,9000.0,7.64,6,mc,3,#AFEEEE,90.1,-19.6,-6.4,螺旋状流体。乱流 Re数と高い流体性。,,4,5,6,1,REDUP(畳語・同一)
ひょいひょい,軽快な動作。低いWeightと高い時間性。,擬態語,スピード・テンポ,快,清音,明るい・軽い・小,畳語,çjoiçjoi,çoiçoi,1,2,7,4,2,9,3,1000.0,5.83,6,4000.0,6.27,4,h,6,#FFFFFF,100.0,-0.0,0.0,軽快な動作。低いWeightと高い時間性。,,4,5,6,1,REDUP(畳語・同一)
ひょっ,偶然または出現。最大のTimeとBo数。,擬態語,その他,中立,清音,明るい・軽い・小,促音,çjoʔ,çoʔ,1,3,9,8,8,8,2,1100.0,6.07,9,13000.0,8.27,9,h,6,#FFFFFF,100.0,-0.0,0.0,偶然または出現。最大のTime(9)とBo数。,,2,5,0,0,Q(促音単発)
ひょっこり,予想外の出現。高い時間性と流体的な余韻。,擬態語,テクスチャー・スピード・テンポ,中立,清音,明るい・軽い・小,促音・「り」変化,çjokkoɾi,çokkoɾi,1,3,8,6,5,8,3,900.0,5.56,8,7000.0,7.22,8,h,6,#FFFFFF,100.0,-0.0,0.0,予想外の出現。高い時間性と流体的な余韻。,,5,5,5,8,COMPOUND(複合・異種)
ひよひよ,雛の鳴声。最小Weightと高い流体性。,擬声語,テクスチャー,中立,清音,明るい・軽い・小,畳語,çijoçijo,çijoçijo,0,1,3,2,2,9,6,1300.0,6.49,2,800.0,3.53,2,mh,5,#FFFACD,97.6,-5.4,22.2,雛の鳴声。最小Weightと高い流体性。,,4,5,6,1,REDUP(畳語・同一)
ひらひら,二次元の流体運動。低Weightと低いRe数。,擬態語,テクスチャー・ダイナミクス,中立,清音,明るい・軽い・小,畳語,çiɾaçiɾa,çiɾaçiɾa,0,1,4,2,1,9,2,850.0,5.42,4,5000.0,6.65,3,mc,3,#FFFFFF,100.0,-0.0,0.0,二次元の流体運動。低Weightと低いRe数。,,4,5,6,1,REDUP(畳語・同一)
ひりひり,表面の痛み。高周波摩擦と高い温度感。,擬音語・擬痛語,テクスチャー・温度・気象・自然,中立,清音,明るい・軽い・小,畳語・「り」変化,çiɾiçiɾi,çiɾiçiɾi,0,3,6,7,9,5,1,2400.0,8.04,5,14000.0,8.39,7,hh,7,#FF4500,57.6,67.8,69.0,表面の痛み。高周波摩擦と高い温度感。,,4,5,6,1,REDUP(畳語・同一)
ひんやり,冷感。鼻音による適度な水分と低い温度。,擬音語,温度・気象・自然,中立,清音,明るい・軽い・小,撥音・「り」変化,çiɲːaɾi,çiŋjaɾi,1,3,3,4,6,9,7,750.0,5.1,5,900.0,3.73,8,cc,1,#AFEEEE,90.1,-19.6,-6.4,冷感。鼻音による適度な水分と低い温度(cc)。,,5,5,5,8,COMPOUND(複合・異種)
ひーひー,悲鳴や喘鳴。抑制されたFlowと高周波。,擬音語,気象・自然,中立,清音,明るい・軽い・小,畳語・長音,çi:çi:,çiːçiː,0,4,5,4,8,7,6,2200.0,7.82,1,11000.0,7.98,6,h,6,#FFFFFF,100.0,-0.0,0.0,悲鳴や喘鳴。抑制されたFlowと高周波。,,4,5,6,1,REDUP(畳語・同一)
びくびく,怯え。重いWeightと最大のFlow抑制。,擬態語,質量,中立,清音・濁音,暗い・重い・大,畳語,bikubiku,bikubiku,0,6,7,3,9,5,5,400.0,3.51,7,7500.0,7.33,8,c,2,#808080,53.6,-0.0,0.0,怯え。重いWeight(6)と最大のFlow抑制(9)。,,4,5,6,1,REDUP(畳語・同一)
びくり,震え。有声音によるWeightと突発時間性。,擬声語・擬音語,スピード・テンポ,中立,清音・濁音,暗い・重い・大,「り」変化,bikuɾi,bikuɾi,0,7,8,8,8,6,4,350.0,3.17,8,9500.0,7.74,9,c,2,#000000,0.0,0.0,0.0,震え。有声音によるWeightと突発時間性。,,4,6,0,0,RI(り単発)
びしびし,容赦ない打撃。最大のSpaceと抑制。,擬態語,その他,中立,清音・濁音,暗い・重い・大,畳語,biɕibiɕi,biɕibiɕi,0,7,8,9,9,3,2,1400.0,6.68,7,12000.0,8.13,9,c,2,#000000,0.0,0.0,0.0,容赦ない打撃。最大のSpace(9)と抑制(9)。,,4,5,6,1,REDUP(畳語・同一)
びしゃびしゃ,浸水。濁音のWeightと最大Moisture。,擬音語,気象・自然,中立,清音・濁音,暗い・重い・大,畳語,biɕabiɕa,biɕabiɕa,0,6,5,3,3,8,9,220.0,2.0,4,18000.0,8.82,9,mc,3,#0000CD,25.0,67.2,-91.5,浸水。濁音のWeightと最大Moisture(9)。,,4,5,6,1,REDUP(畳語・同一)
びしょびしょ,飽和。より重いWeightと水分保持物理。,擬音語,質量・気象・自然,中立,清音・濁音,暗い・重い・大,畳語,biɕobiɕo,biɕobiɕo,0,7,4,2,4,8,9,180.0,1.49,2,17000.0,8.72,9,mc,3,#000080,13.0,47.5,-64.7,飽和。より重いWeightと水分保持物理。,,4,5,6,1,REDUP(畳語・同一)
びっしょり,完液。抑制されたFlowと鼻音的共鳴。,擬音語,その他,中立,清音・濁音,暗い・重い・大,促音・「り」変化,biɕːoɾi,biɕɕoɾi,1,6,5,4,7,7,9,250.0,2.32,7,3000.0,5.78,9,mh,5,#191970,15.9,31.7,-49.6,完液。抑制されたFlowと鼻音的共鳴。,,5,5,5,8,COMPOUND(複合・異種)
びっしり,隙間のない充填。最大のSpaceと抑制。,擬態語,密集度・距離感,中立,清音・濁音,暗い・重い・大,促音・「り」変化,biɕːiɾi,biɕɕiɾi,1,7,4,9,9,3,3,1200.0,6.29,8,8500.0,7.55,9,c,2,#708090,52.8,-2.1,-10.6,隙間のない充填。最大のSpace(9)と抑制(9)。,,5,5,5,8,COMPOUND(複合・異種)
びゅんびゅん,高速飛行。強大なWeightと空間直接性。,擬態語,密集度・距離感・気象・自然,中立,濁音,暗い・重い・大,畳語・撥音,bjuŋbjuŋ,bjumbjuŋ,1,7,7,9,3,8,4,350.0,3.17,4,15000.0,8.51,8,h,6,#1E90FF,59.4,10.0,-63.4,高速飛行。強大なWeight(7)と空間直接性。,,4,5,6,1,REDUP(畳語・同一)
ぴかっ,閃光。最大のTimeと気圧放出。,擬態語,その他,中立,清音・半濁音,明るい・軽い・小,促音,pikaʔ,pikaʔ,0,4,9,9,2,9,1,2800.0,8.44,9,20000.0,9.0,9,h,6,#FFFFFF,100.0,-0.0,0.0,閃光。最大のTime(9)と気圧放出(Bo 9)。,,2,5,0,0,Q(促音単発)
ぴかぴか,輝いて光を放つさま。,擬態語,その他,中立,清音・半濁音,明るい・軽い・小,畳語,pikapika,pikapika,0,3,6,6,0,9,1,2500.0,8.15,4,18000.0,8.82,5,h,6,#FFD700,86.9,-1.9,87.1,光輝。高い流体性と自由なFlow(0)。,,4,5,6,1,REDUP(畳語・同一)
ぴかり,単発の光輝。弾き音による空間の収束。,擬音語,密集度・距離感・気象・自然,中立,清音・半濁音,明るい・軽い・小,「り」変化,pikaɾi,pikaɾi,0,3,7,8,3,9,2,2200.0,7.82,6,14000.0,8.39,7,h,6,#FFFACD,97.6,-5.4,22.2,単発の光輝。弾き音による空間の収束。,,4,6,0,0,RI(り単発)
ぴたっ,吸着停止。最大の抑制と時間性。,擬態語,スピード・テンポ,中立,清音・半濁音,明るい・軽い・小,促音,pitaʔ,pitaʔ,0,4,9,9,9,5,6,450.0,3.81,9,15000.0,8.51,9,mh,5,#FFFFFF,100.0,-0.0,0.0,吸着停止。最大の抑制(9)と時間性。,,2,5,0,0,Q(促音単発)
ぴたり,精密適合。最大のSpace直接性と抑制。,擬態語,その他,中立,清音・半濁音,明るい・軽い・小,「り」変化,pitaɾi,pitaɾi,0,4,8,9,9,6,7,500.0,4.07,8,11000.0,7.98,9,h,6,#FFFFFF,100.0,-0.0,0.0,精密適合。最大のSpace直接性(9)と抑制。,,4,6,0,0,RI(り単発)
ぴちぴち,活き。高い時間性と水分。,擬音語,スピード・テンポ・気象・自然,中立,清音・半濁音,明るい・軽い・小,畳語,pitɕipitɕi,pitɕipitɕi,0,3,8,7,5,4,8,1800.0,7.32,7,13000.0,8.27,8,mh,5,#87CEEB,79.2,-14.8,-21.3,活き。高い時間性と水分(Moisture 8)。,,4,5,6,1,REDUP(畳語・同一)
ぴったり,隙間なく密着・一致するさま。,擬態語,密集度・距離感・関係性,中立,清音・半濁音,明るい・軽い・小,促音・「り」変化,pittaɾi,pittaɾi,0,5,8,9,9,3,5,650.0,4.74,8,9500.0,7.74,9,h,6,#FFFFFF,100.0,-0.0,0.0,完全密着。最大の抑制(9)と直接性。,,5,5,5,8,COMPOUND(複合・異種)
ぴょん,飛躍。鼻音の反動による高い時間性。,擬音語,スピード・テンポ,中立,半濁音,明るい・軽い・小,撥音,pjoŋ,pjoŋ,0,3,8,8,4,8,3,800.0,5.26,8,7000.0,7.22,8,h,6,#FFFFFF,100.0,-0.0,0.0,飛躍。鼻音の反動による高い時間性。,,3,6,0,0,N(撥音単発)
ぴょんぴょん,連続飛躍。低いWeightと流体運動。,擬態語,テクスチャー・ダイナミクス・スピード・テンポ,中立,半濁音,明るい・軽い・小,畳語・撥音,pjoŋpjoŋ,pjompjoŋ,1,2,7,6,2,8,4,750.0,5.1,5,6000.0,6.95,7,h,6,#FFFFFF,100.0,-0.0,0.0,連続飛躍。低いWeightと流体運動。,,4,5,6,1,REDUP(畳語・同一)
ぴりっ,辛味や静電気。最大のTimeと高周波。,擬音語,味・気象・自然,中立,清音・半濁音,明るい・軽い・小,促音,piɾiʔ,piɾiʔ,0,3,9,9,9,4,1,2600.0,8.25,9,17000.0,8.72,9,h,6,#FF4500,57.6,67.8,69.0,辛味や静電気。最大のTime(9)と高周波。,,2,5,0,0,Q(促音単発)
ぴりぴり,緊張の浸透。最大のFlow抑制と熱感。,擬情語,温度,中立,清音・半濁音,明るい・軽い・小,畳語・「り」変化,piɾipiɾi,piɾipiɾi,0,4,6,7,9,5,1,2400.0,8.04,6,15000.0,8.51,8,hh,7,#FF0000,53.2,80.1,67.2,緊張の浸透。最大のFlow抑制(9)と熱感。,,4,5,6,1,REDUP(畳語・同一)
ぴん,緊張の極み。最大のSpace直接性とBo数。,擬情語,その他,中立,半濁音,明るい・軽い・小,撥音,piŋ,piŋ,0,3,7,9,8,4,2,1200.0,6.29,7,10000.0,7.82,9,c,2,#FFFFFF,100.0,-0.0,0.0,緊張の極み。最大のSpace直接性(9)とBo数。,,3,6,0,0,N(撥音単発)
ぴんぴん,活力。高い空間指向性と時間性。,擬態語,スピード・テンポ・密集度・距離感・気象・自然,中立,半濁音,明るい・軽い・小,畳語・撥音,pimːpiŋ,pimpiŋ,1,3,6,8,4,5,3,1100.0,6.07,5,8000.0,7.44,8,h,6,#ADFF2F,92.0,-52.5,81.9,活力。高い空間指向性と時間性。,,4,5,6,1,REDUP(畳語・同一)
ぴーちく,鳥の囀り。長音による流体性と高周波。,擬声語・擬音語,テクスチャー・気象・自然・生き物,中立,清音・半濁音,明るい・軽い・小,長音,pi:tɕiku,piːtɕiku,0,2,5,5,3,8,4,3000.0,8.61,2,11000.0,7.98,4,h,6,#FFFFE0,99.3,-5.1,14.8,鳥の囀り。長音による流体性と高周波。,,5,5,5,8,COMPOUND(複合・異種)
ぴーぴー,電子音や泣き声。高い流体性と指向性。,擬声語・擬音語,テクスチャー,中立,半濁音,明るい・軽い・小,畳語・長音,pi:pi:,piːpiː,0,2,2,6,4,9,3,2800.0,8.44,0,13000.0,8.27,5,h,6,#FFFFFF,100.0,-0.0,0.0,電子音や泣き声。高い流体性と指向性。,,4,5,6,1,REDUP(畳語・同一)
ふうふう,冷却または喘鳴。摩擦音/ɸ/と自由Flow。,擬音語,その他,中立,清音,暗い・重い・大,畳語,ɸu:ɸu:,ɸuuɸuu,1,4,2,2,0,9,7,450.0,3.81,1,7000.0,7.22,5,h,6,#FFD700,86.9,-1.9,87.1,冷却または喘鳴。摩擦音/ɸ/と自由Flow。,,4,5,6,1,REDUP(畳語・同一)
ふかふか,柔らかくて心地よい弾力があるさま。,擬態語・擬情語,テクスチャー・感情,快,清音,明るい・軽い・小,畳語,ɸukaɸuka,ɸukaɸuka,0,2,2,2,1,8,3,350.0,3.17,3,400.0,2.35,3,mh,5,#FFF5EE,97.1,2.2,4.6,多孔質。最小のWeightと高い流体性。,,4,5,6,1,REDUP(畳語・同一)
ふさふさ,毛髪。最小Weightと自由な流体運動。,擬態語,テクスチャー・ダイナミクス,中立,清音,明るい・軽い・小,畳語,ɸusaɸusa,ɸusaɸusa,0,1,3,1,2,9,2,800.0,5.26,2,2000.0,5.09,2,mh,5,#F5F5F5,96.5,-0.0,0.0,毛髪。最小Weight(1)と自由な流体運動。,,4,5,6,1,REDUP(畳語・同一)
ふっくら,膨らみ。適度な抑制とBo数。,擬態語,その他,中立,清音,明るい・軽い・小,促音,ɸukkuɾa,ɸukkuɾa,0,3,3,4,5,7,5,300.0,2.78,6,800.0,3.53,6,mh,5,#FFE4E1,92.7,8.7,4.8,膨らみ。適度な抑制とBo数（内部気圧）。,,5,5,5,8,COMPOUND(複合・異種)
ふっと,吐息や消失。最大のTimeと流体性。,擬態語,テクスチャー・人体・生理,中立,清音,明るい・軽い・小,促音,ɸutto,ɸutto,0,3,9,8,6,9,1,600.0,4.54,9,12000.0,8.13,9,h,6,#FFFFFF,100.0,-0.0,0.0,吐息や消失。最大のTime(9)と流体性。,,3,4,0,0,Qto(っと)
ふっふっ,抑制された吐息。高い時間性と流体性。,擬態語,テクスチャー・スピード・テンポ・人体・生理,中立,清音,明るい・軽い・小,畳語・促音,ɸuɸːuʔ,ɸuɸɸuʔ,1,2,9,5,7,9,4,500.0,4.07,9,8000.0,7.44,8,h,6,#FFFFFF,100.0,-0.0,0.0,抑制された吐息。高い時間性と流体性。,,4,5,6,1,REDUP(畳語・同一)
ふつふつ,沸き上がる。最大の抑制とBo数。,擬態語,その他,中立,清音,明るい・軽い・小,畳語,ɸutsuɸutsu,ɸutsuɸutsu,0,4,6,6,9,6,8,280.0,2.61,5,2500.0,5.47,9,hh,7,#FF4500,57.6,67.8,69.0,沸き上がる。最大の抑制(9)とBo数（気泡）。,,4,5,6,1,REDUP(畳語・同一)
ふと,瞬間的想起。高い時間性と流体性。,擬態語,テクスチャー・スピード・テンポ,中立,清音,明るい・軽い・小,単発・その他,ɸuto,ɸuto,0,2,8,4,3,9,2,450.0,3.81,8,9000.0,7.64,8,h,6,#FFFFFF,100.0,-0.0,0.0,瞬間的想起。高い時間性と流体性。,,3,5,0,0,OTHER(単発)
ふにゃふにゃ,骨抜き。最小Weightと最大Moisture。,擬態語,人体・生理,中立,清音,明るい・軽い・小,畳語,ɸuɲaɸuɲa,ɸuɲaɸuɲa,0,1,2,1,1,9,9,200.0,1.75,2,300.0,1.87,9,mh,5,#F5DEB3,89.4,1.5,24.0,骨抜き。最小Weightと最大Moisture(9)。,,4,5,6,1,REDUP(畳語・同一)
ふらふら,目眩。高い流体性と不定形なSpace。,擬態語,テクスチャー,中立,清音,明るい・軽い・小,畳語,ɸuɾaɸuɾa,ɸuɾaɸuɾa,0,2,4,2,2,9,4,320.0,2.94,4,3500.0,6.04,4,mc,3,#FFFFFF,100.0,-0.0,0.0,目眩。高い流体性と不定形なSpace。,,4,5,6,1,REDUP(畳語・同一)
ふわふわ,空中に浮遊するさま、柔らかいさま。,擬態語,テクスチャー・気象・自然,中立,清音,明るい・軽い・小,畳語,ɸuwaɸuwa,ɸuwaɸuwa,0,1,1,1,0,9,2,300.0,2.78,1,100.0,0.0,1,mh,5,#F5F5F5,96.5,-0.0,0.0,浮揚。最小エフォート。最大流体性。,,4,5,6,1,REDUP(畳語・同一)
ふん,鼻息。高い抑制と空間指向性。,擬態語,密集度・距離感・気象・自然・人体・生理,中立,清音,明るい・軽い・小,撥音,ɸuŋ,ɸuŋ,0,4,6,7,8,5,4,220.0,2.0,7,3000.0,5.78,8,h,6,#8B0000,28.1,51.0,41.3,鼻息。高い抑制(8)と空間指向性。,,3,6,0,0,N(撥音単発)
ふんわり,柔らかな着地。最小Weightと自由Flow。,擬態語,テクスチャー,中立,清音,明るい・軽い・小,撥音・「り」変化,ɸumːwaɾi,ɸuŋwaɾi,1,2,2,3,0,9,4,280.0,2.61,2,400.0,2.35,3,mh,5,#FFFACD,97.6,-5.4,22.2,柔らかな着地。最小Weightと自由Flow。,,5,5,5,8,COMPOUND(複合・異種)
ぶうぶう,不満。有声音の持続。乱流摩擦。,擬声語・擬音語,スピード・テンポ,中立,清音・濁音,暗い・重い・大,畳語,bu:bu:,buubuu,1,6,2,4,1,7,7,180.0,1.49,0,1500.0,4.6,7,mc,3,#556B2F,42.2,-18.8,30.6,不満。有声音の持続。乱流摩擦。,,4,5,6,1,REDUP(畳語・同一)
ぶかぶか,過大な空間。低い粘性と流体運動。,擬態語,テクスチャー・ダイナミクス・密集度・距離感・気象・自然,中立,清音・濁音,暗い・重い・大,畳語,bukabuka,bukabuka,0,4,4,2,2,8,3,250.0,2.32,4,4000.0,6.27,5,0,4,#D2B48C,75.0,5.0,24.4,過大な空間。低い粘性と流体運動。,,4,5,6,1,REDUP(畳語・同一)
ぶくぶく,泡。最大Moistureと内部気圧。,擬態語,その他,中立,清音・濁音,暗い・重い・大,畳語,bukubuku,bukubuku,0,7,4,3,5,7,9,140.0,0.85,5,2000.0,5.09,9,mc,3,#0000FF,32.3,79.2,-107.9,泡。最大Moisture(9)と内部気圧(Bo 8)。,,4,5,6,1,REDUP(畳語・同一)
ぶすっ,刺入。最大のWeight、直接性、抑制。,擬態語,その他,中立,清音・濁音,暗い・重い・大,促音,busuʔ,busuʔ,0,7,9,9,9,4,5,400.0,3.51,9,14000.0,8.39,9,mc,3,#000000,0.0,0.0,0.0,刺入。最大のWeight(7)、直接性、抑制。,,2,5,0,0,Q(促音単発)
ぶつくさ,独り言。高い抑制と乱流。,擬態語,その他,中立,清音・濁音,暗い・重い・大,単発・その他,butsuku̥sa,butsukusa,0,5,6,5,8,6,4,380.0,3.38,6,5000.0,6.65,6,c,2,#708090,52.8,-2.1,-10.6,独り言。高い抑制(8)と乱流(Re)。,,5,5,5,8,COMPOUND(複合・異種)
ぶらぶら,ぶら下がって揺れるさま、散歩するさま。,擬態語,ダイナミクス,中立,清音・濁音,暗い・重い・大,畳語,buɾabuɾa,buɾabuɾa,0,5,3,2,1,8,5,280.0,2.61,3,3500.0,6.04,6,mc,3,#8B4513,37.5,26.4,41.0,懸垂振動。高い流体性と中庸のWeight。,,4,5,6,1,REDUP(畳語・同一)
ぶらり,無計画。高い流体性と弾き音の余韻。,擬音語,テクスチャー,中立,清音・濁音,暗い・重い・大,「り」変化,buɾaɾi,buɾaɾi,0,4,6,6,4,8,4,320.0,2.94,6,4000.0,6.27,5,mc,3,#A0522D,43.8,29.3,35.6,無計画。高い流体性と弾き音の余韻。,,4,6,0,0,RI(り単発)
ぶりしゃり,結晶質な食感。高いHardnessと抑制。,擬態語,その他,中立,清音・濁音,暗い・重い・大,「り」変化,buɾiɕaɾi,buɾiɕaɾi,0,7,8,8,8,3,4,550.0,4.32,7,11000.0,7.98,7,c,2,#FFFFFF,100.0,-0.0,0.0,結晶質な食感。高いHardness(3)と抑制。,,5,5,5,8,COMPOUND(複合・異種)
ぶるぶる,震え。有声音のWeightと極寒。,擬声語・擬音語,その他,中立,清音・濁音,暗い・重い・大,畳語,buɾubuɾu,buɾubuɾu,0,7,7,4,9,5,5,200.0,1.75,7,9000.0,7.64,8,ccc,0,#0000FF,32.3,79.2,-107.9,震え。有声音のWeightと極寒(ccc)。,,4,5,6,1,REDUP(畳語・同一)
ぶわぶわ,膨張。高い流体性と適度なWeight。,擬態語,テクスチャー,中立,清音・濁音,暗い・重い・大,畳語,buwabuwa,buwabuwa,0,6,4,2,2,9,6,220.0,2.0,2,6000.0,6.95,7,h,6,#FF8C00,69.5,36.8,75.5,膨張。高い流体性と適度なWeight。,,4,5,6,1,REDUP(畳語・同一)
ぶんぶん,蜂や旋回。最大のSpace直接性とWeight。,擬態語,その他,中立,濁音,暗い・重い・大,畳語・撥音,bumbum,bumbuŋ,1,7,6,9,3,8,4,180.0,1.49,4,16000.0,8.62,9,h,6,#191970,15.9,31.7,-49.6,蜂や旋回。最大のSpace直接性(9)とWeight。,,4,5,6,1,REDUP(畳語・同一)
ぶーぶー,警笛や不満。持続的乱流。,擬態語,スピード・テンポ,中立,濁音,暗い・重い・大,畳語・長音,bu:bu:,buːbuː,0,6,2,5,2,7,7,160.0,1.19,0,1200.0,4.22,8,c,2,#8B0000,28.1,51.0,41.3,警笛や不満。持続的乱流。,,4,5,6,1,REDUP(畳語・同一)
ぷい,横を向く。高い時間性と指向性。,擬態語,スピード・テンポ,中立,清音・半濁音,明るい・軽い・小,単発・その他,pui,pui,0,3,8,8,6,8,4,600.0,4.54,8,9000.0,7.64,7,h,6,#FFFFFF,100.0,-0.0,0.0,横を向く。高い時間性と指向性。,,3,5,0,0,OTHER(単発)
ぷかぷか,浮遊。最小Weightと高い流体性。,擬態語,テクスチャー,中立,清音・半濁音,明るい・軽い・小,畳語,pukapuka,pukapuka,0,2,3,2,1,9,3,450.0,3.81,3,100.0,0.0,3,mh,5,#F0FFFF,98.9,-4.9,-1.7,浮遊。最小Weightと高い流体性(9)。,,4,5,6,1,REDUP(畳語・同一)
ぷくっ,膨張の破裂。最大のTimeとBo数。,擬態語,その他,中立,清音・半濁音,明るい・軽い・小,促音,pukuʔ,pukuʔ,0,4,9,9,8,7,7,350.0,3.17,9,15000.0,8.51,9,mh,5,#FFB6C1,81.1,28.0,5.0,膨張の破裂。最大のTime(9)とBo数。,,2,5,0,0,Q(促音単発)
ぷよぷよ,弾性流体。最大Moistureと自由Flow。,擬態語,テクスチャー,中立,清音・半濁音,明るい・軽い・小,畳語,pujopujo,pujopujo,0,3,2,1,4,9,9,220.0,2.0,2,500.0,2.73,9,mh,5,#FF69B4,65.5,64.2,-10.6,弾性流体。最大Moisture(9)と自由Flow。,,4,5,6,1,REDUP(畳語・同一)
ぷりぷり,弾力または怒り。高い抑制とMoisture。,擬情語,テクスチャー,中立,清音・半濁音,明るい・軽い・小,畳語・「り」変化,puɾipuɾi,puɾipuɾi,0,4,7,7,7,6,8,550.0,4.32,6,4000.0,6.27,8,h,6,#FF1493,56.0,84.5,-5.7,弾力または怒り。高い抑制とMoisture。,,4,5,6,1,REDUP(畳語・同一)
ぷんぷん,激怒。最大のFlow抑制と高温度。,擬態語,温度,中立,半濁音,明るい・軽い・小,畳語・撥音,pumpum,pumpuŋ,1,5,6,8,9,5,6,400.0,3.51,5,9000.0,7.64,9,hh,7,#FF0000,53.2,80.1,67.2,激怒。最大のFlow抑制(9)と高温度(hh)。,,4,5,6,1,REDUP(畳語・同一)
へたへた,疲弊。重いWeightと低いSpace。,擬態語,質量,中立,清音,明るい・軽い・小,畳語,hetaheta,hetaheta,0,5,3,1,4,8,6,250.0,2.32,5,500.0,2.73,5,mc,3,#708090,52.8,-2.1,-10.6,疲弊。重いWeight(5)と低いSpace(1)。,,4,5,6,1,REDUP(畳語・同一)
へとへと,限界疲労。最大のWeightと抑制。,擬態語,その他,中立,清音,明るい・軽い・小,畳語,hetoheto,hetoheto,0,7,2,1,6,7,7,200.0,1.75,6,300.0,1.87,6,c,2,#2F4F4F,31.3,-11.7,-3.7,限界疲労。最大のWeightと抑制。,,4,5,6,1,REDUP(畳語・同一)
へどもど,狼狽。低いSpaceと不規則なTime。,擬態語,その他,中立,清音・濁音,暗い・重い・大,単発・その他,hedomodo,hedomodo,0,4,7,3,7,6,5,380.0,3.38,7,6000.0,6.95,6,h,6,#BDB76B,73.4,-8.8,39.3,狼狽。低いSpace(3)と不規則なTime。,,5,5,5,8,COMPOUND(複合・異種)
へなへな,腰砕け。最小Weightと高い流体性。,擬態語,テクスチャー,中立,清音,明るい・軽い・小,畳語,henahena,henahena,0,1,2,1,1,9,7,220.0,2.0,2,400.0,2.35,6,mh,5,#F5F5DC,95.9,-4.2,12.0,腰砕け。最小Weightと高い流体性。,,4,5,6,1,REDUP(畳語・同一)
へらへら,軽薄。最小Weightと自由なFlow。,擬態語,その他,中立,清音,明るい・軽い・小,畳語,heɾaheɾa,heɾaheɾa,0,1,5,3,0,9,4,600.0,4.54,3,3000.0,5.78,3,h,6,#FFFFE0,99.3,-5.1,14.8,軽薄。最小Weightと自由なFlow(0)。,,4,5,6,1,REDUP(畳語・同一)
べたべた,粘着。濁音のWeightと最大の抑制。,擬音語,その他,中立,清音・濁音,暗い・重い・大,畳語,betabeta,betabeta,0,6,3,2,9,4,9,200.0,1.75,4,1200.0,4.22,9,mc,3,#8B4513,37.5,26.4,41.0,粘着。濁音のWeightと最大の抑制(9)。,,4,5,6,1,REDUP(畳語・同一)
べったり,全面密着。最大の抑制とMoisture。,擬態語,関係性,中立,清音・濁音,暗い・重い・大,促音・「り」変化,bettaɾi,bettaɾi,0,7,2,5,9,3,9,180.0,1.49,7,900.0,3.73,9,mc,3,#556B2F,42.2,-18.8,30.6,全面密着。最大の抑制とMoisture(9)。,,5,5,5,8,COMPOUND(複合・異種)
べとべと,高粘性。低いTimeと水分量。,擬音語,テクスチャー・気象・自然,中立,清音・濁音,暗い・重い・大,畳語,betoneto,betobeto,1,7,2,1,8,5,9,150.0,1.03,3,1000.0,3.91,9,mc,3,#4B3621,24.5,6.4,16.8,高粘性。低いTime(2)と水分量(9)。,,4,5,6,1,REDUP(畳語・同一)
べらべら,饒舌。乱流Re数と自由なFlow。,擬態語,味,中立,清音・濁音,暗い・重い・大,畳語,beɾabeɾa,beɾabeɾa,0,5,6,5,1,8,4,450.0,3.81,4,14000.0,8.39,6,h,6,#FF8C00,69.5,36.8,75.5,饒舌。乱流Re数と自由なFlow(1)。,,4,5,6,1,REDUP(畳語・同一)
ぺこぺこ,卑屈または空腹。周期的な抑制。,擬態語,気象・自然・人体・生理,中立,清音・半濁音,明るい・軽い・小,畳語,pekopeko,pekopeko,0,3,7,5,3,6,3,500.0,4.07,6,5000.0,6.65,5,h,6,#FFD700,86.9,-1.9,87.1,卑屈または空腹。周期的な抑制。,,4,5,6,1,REDUP(畳語・同一)
ぺしゃり,圧壊。単発の流体変形と完了感。,擬態語,テクスチャー,中立,清音・半濁音,明るい・軽い・小,「り」変化,peɕaɾi,peɕaɾi,0,5,8,7,6,7,8,350.0,3.17,8,9000.0,7.64,8,mc,3,#808080,53.6,-0.0,0.0,圧壊。単発の流体変形と完了感。,,4,6,0,0,RI(り単発)
ぺちゃくちゃ,雑談。最大Moistureと乱流。,擬態語,その他,中立,清音・半濁音,明るい・軽い・小,単発・その他,petɕakutɕa,petɕakutɕa,0,3,6,4,2,7,9,450.0,3.81,5,15000.0,8.51,9,h,6,#FF69B4,65.5,64.2,-10.6,雑談。最大Moisture(9)と乱流。,,5,5,5,8,COMPOUND(複合・異種)
ぺちゃんこ,圧壊状態。高い抑制と変形。,擬態語,その他,中立,清音・半濁音,明るい・軽い・小,撥音,petɕanko,petɕaŋko,1,6,8,5,8,5,8,280.0,2.61,8,3000.0,5.78,9,mc,3,#708090,52.8,-2.1,-10.6,圧壊状態。高い抑制(8)と変形。,,5,5,5,8,COMPOUND(複合・異種)
ぺったんぺったん,搗餅運動。高いBo数と抑制。,擬態語,ダイナミクス,中立,清音・半濁音,明るい・軽い・小,畳語・促音・撥音,petːampetːaŋ,pettampettaŋ,1,6,7,8,7,4,8,220.0,2.0,7,11000.0,7.98,9,mh,5,#FFFFFF,100.0,-0.0,0.0,搗餅運動。高いBo数と抑制。,,4,5,6,1,REDUP(畳語・同一)
ぺりぺり,剥離。高いHardnessと乾燥。,擬態語,テクスチャー,中立,清音・半濁音,明るい・軽い・小,畳語・「り」変化,peɾipeɾi,peɾipeɾi,0,3,8,7,8,3,0,1800.0,7.32,8,12000.0,8.13,6,c,2,#FFFFFF,100.0,-0.0,0.0,剥離。高いHardness(3)と乾燥(0)。,,4,5,6,1,REDUP(畳語・同一)
ぺろっ,舌の動き。最大のTimeとMoisture。,擬態語,ダイナミクス・味,中立,清音・半濁音,明るい・軽い・小,促音,peɾoʔ,peɾoʔ,0,2,9,8,4,8,9,1100.0,6.07,9,14000.0,8.39,9,mh,5,#FFB6C1,81.1,28.0,5.0,舌の動き。最大のTime(9)とMoisture(9)。,,2,5,0,0,Q(促音単発)
ぺろぺろ,舐める動作。最大の水分量と流体性。,擬音語・擬態語,テクスチャー・気象・自然,中立,清音・半濁音,明るい・軽い・小,畳語,peɾopeɾo,peɾopeɾo,0,2,5,4,2,9,9,450.0,3.81,4,2500.0,5.47,9,mh,5,#FFC0CB,83.6,24.1,3.3,舐める動作。最大の水分量と流体性。,,4,5,6,1,REDUP(畳語・同一)
ほいほい,二つ返事。高い時間性と自由Flow。,擬態語,スピード・テンポ,中立,清音,明るい・軽い・小,畳語,hoihoi,hoihoi,0,2,8,4,1,9,3,1000.0,5.83,7,8000.0,7.44,4,h,6,#FFFFFF,100.0,-0.0,0.0,二つ返事。高い時間性と自由Flow。,,4,5,6,1,REDUP(畳語・同一)
ほうほけきょ,鶯。高周波と高い空間指向性。,擬音語,密集度・距離感・気象・自然,中立,清音,暗い・重い・大,単発・その他,ho:ɸokekjo,houhokekjo,1,2,4,7,2,8,4,1800.0,7.32,3,12000.0,8.13,6,h,6,#ADFF2F,92.0,-52.5,81.9,鶯。高周波(1800Hz)と高い空間指向性(7)。,,3,5,0,0,OTHER(単発)
ほかほか,湯気。自由なFlowと高い温度感。,擬態語,温度,中立,清音,明るい・軽い・小,畳語,hokahoka,hokahoka,0,3,2,2,0,9,5,420.0,3.63,1,400.0,2.35,4,hh,7,#FF4500,57.6,67.8,69.0,湯気。自由なFlow(0)と高い温度感(hh)。,,4,5,6,1,REDUP(畳語・同一)
ほくほく,根菜の熱。適度な抑制と高温度。,擬態語,温度,中立,清音,明るい・軽い・小,畳語,hokuhoku,hokuhoku,0,4,4,4,5,6,3,350.0,3.17,5,1200.0,4.22,5,hh,7,#DAA520,70.8,8.5,68.8,根菜の熱。適度な抑制と高温度。,,4,5,6,1,REDUP(畳語・同一)
ほたほた,質量の滴下。高いWeightと水分量。,擬音語,質量・気象・自然,中立,清音,明るい・軽い・小,畳語,hotahota,hotahota,0,6,5,3,4,8,8,250.0,2.32,5,2000.0,5.09,8,mc,3,#8B4513,37.5,26.4,41.0,質量の滴下。高いWeight(6)と水分量。,,4,5,6,1,REDUP(畳語・同一)
ほっ,安堵。最大のTimeと流体性。,擬態語,テクスチャー,中立,清音,明るい・軽い・小,促音,hoʔ,hoʔ,0,1,9,9,4,9,4,500.0,4.07,9,15000.0,8.51,9,h,6,#FFFFFF,100.0,-0.0,0.0,安堵。最大のTime(9)と流体性(9)。,,2,5,0,0,Q(促音単発)
ほっそり,細長。最小Weightと最大抑制。,擬態語,その他,中立,清音,明るい・軽い・小,促音・「り」変化,hosːoɾi,hossoɾi,1,1,3,6,8,9,1,1400.0,6.68,6,900.0,3.73,8,0,4,#FFFFFF,100.0,-0.0,0.0,細長。最小Weight(1)と最大抑制(8)。,,5,5,5,8,COMPOUND(複合・異種)
ほつほつ,断続的な出現。高い抑制。,擬態語,その他,中立,清音,明るい・軽い・小,畳語,hotsuhotsu,hotsuhotsu,0,3,7,6,8,7,4,900.0,5.56,7,6000.0,6.95,6,mc,3,#808080,53.6,-0.0,0.0,断続的な出現。高い抑制(8)。,,4,5,6,1,REDUP(畳語・同一)
ほとほと,困惑。重いWeightと高い抑制。,擬態語,質量,中立,清音,明るい・軽い・小,畳語,hotohoto,hotohoto,0,6,2,3,7,7,6,280.0,2.61,4,500.0,2.73,7,c,2,#483D8B,30.8,26.1,-42.1,困惑。重いWeight(6)と高い抑制(7)。,,4,5,6,1,REDUP(畳語・同一)
ほやほや,新鮮。自由なFlowと高水分、高温度。,擬音語,温度・気象・自然,中立,清音,明るい・軽い・小,畳語,hojahoja,hojahoja,0,2,4,3,0,9,7,480.0,3.97,2,800.0,3.53,3,hh,7,#FFE4E1,92.7,8.7,4.8,新鮮。自由なFlow(0)と高水分、高温度。,,4,5,6,1,REDUP(畳語・同一)
ほろっ,剥離または感涙。最大のTimeと流体性。,擬態語,テクスチャー・人体・生理,中立,清音,明るい・軽い・小,促音,hoɾoʔ,hoɾoʔ,0,2,9,7,5,9,5,550.0,4.32,9,11000.0,7.98,9,mc,3,#FFFFFF,100.0,-0.0,0.0,剥離または感涙。最大のTime(9)と流体性。,,2,5,0,0,Q(促音単発)
ほんのり,微かな気配。低Weightと自由に近いFlow。,擬態語,その他,中立,清音,明るい・軽い・小,撥音・「り」変化,honːoɾi,honnoɾi,1,2,2,3,2,9,4,400.0,3.51,4,600.0,3.04,3,mh,5,#FFF0F5,96.1,5.9,-0.6,微かな気配。低Weightと自由に近いFlow。,,5,5,5,8,COMPOUND(複合・異種)
ほんわか,平和。最小エフォート。高い温度感。,擬態語,温度,中立,清音,明るい・軽い・小,撥音,homːwaka,hoŋwaka,1,1,1,1,0,9,4,320.0,2.94,1,200.0,1.18,2,hh,7,#FFFACD,97.6,-5.4,22.2,平和。最小エフォート。高い温度感(hh)。,,5,5,5,8,COMPOUND(複合・異種)
ほーほー,梟。持続的な流体音。低周波共鳴。,擬音語,テクスチャー・スピード・テンポ・気象・自然,中立,清音,明るい・軽い・小,畳語・長音,ho:ho:,hoːhoː,0,3,1,4,2,9,3,250.0,2.32,0,1200.0,4.22,4,mh,5,#F5F5F5,96.5,-0.0,0.0,梟。持続的な流体音。低周波共鳴。,,4,5,6,1,REDUP(畳語・同一)
ぼけっ,呆然。濁音のWeightと最大抑制。,擬音語,その他,中立,清音・濁音,暗い・重い・大,促音,bokeʔ,bokeʔ,0,6,9,3,9,7,4,300.0,2.78,9,15000.0,8.51,8,0,4,#FFFFFF,100.0,-0.0,0.0,呆然。濁音のWeight(6)と最大抑制。,,2,5,0,0,Q(促音単発)
ぼこぼこ,穴または沸騰。高いBo数とMoisture。,擬態語,その他,中立,清音・濁音,暗い・重い・大,畳語,bokoboko,bokoboko,0,7,6,6,4,6,9,180.0,1.49,5,2500.0,5.47,9,mh,5,#8B4513,37.5,26.4,41.0,穴または沸騰。高いBo数とMoisture。,,4,5,6,1,REDUP(畳語・同一)
ぼさっ,放心。高い抑制と時間突発性。,擬情語,スピード・テンポ・感情,中立,清音・濁音,暗い・重い・大,促音,bosaʔ,bosaʔ,0,6,9,4,9,7,1,400.0,3.51,9,14000.0,8.39,8,c,2,#000000,0.0,0.0,0.0,放心。高い抑制(9)と時間突発性。,,2,5,0,0,Q(促音単発)
ぼさぼさ,無頓着。抑制と最大の乾燥。,擬態語,テクスチャー,中立,清音・濁音,暗い・重い・大,畳語,bosabosa,bosabosa,0,5,3,1,7,7,0,550.0,4.32,3,9000.0,7.64,4,c,2,#8B4513,37.5,26.4,41.0,無頓着。抑制(7)と最大の乾燥(0)。,,4,5,6,1,REDUP(畳語・同一)
ぼそぼそ,小声。濁音のWeightと高い抑制。,擬声語・擬音語,その他,中立,清音・濁音,暗い・重い・大,畳語,bosoboso,bosoboso,0,5,4,2,8,7,1,500.0,4.07,4,8000.0,7.44,5,c,2,#708090,52.8,-2.1,-10.6,小声。濁音のWeightと高い抑制(8)。,,4,5,6,1,REDUP(畳語・同一)
ぼたり,重量液滴。強大なWeightと水分量。,擬音語,質量・気象・自然,中立,清音・濁音,暗い・重い・大,「り」変化,botaɾi,botaɾi,0,7,8,8,7,6,9,240.0,2.22,7,3500.0,6.04,9,mc,3,#556B2F,42.2,-18.8,30.6,重量液滴。強大なWeight(7)と水分量(9)。,,4,6,0,0,RI(り単発)
ぼちぼち,徐々に。適度な抑制と流体運動。,擬態語,テクスチャー・ダイナミクス,中立,清音・濁音,暗い・重い・大,畳語,botɕibotɕi,botɕibotɕi,0,5,4,4,6,7,5,400.0,3.51,5,2000.0,5.09,6,mh,5,#FFFFFF,100.0,-0.0,0.0,徐々に。適度な抑制と流体運動。,,4,5,6,1,REDUP(畳語・同一)
ぼちゃん,水没。最大のWeight、水分量、Bo数。,擬音語,気象・自然,中立,清音・濁音,暗い・重い・大,撥音,botɕaŋ,botɕaŋ,0,8,8,9,8,5,9,140.0,0.85,8,18000.0,8.82,9,mc,3,#0000CD,25.0,67.2,-91.5,水没。最大のWeight、水分量、Bo数。,,3,6,0,0,N(撥音単発)
ぼってり,重厚な粘性。最大のWeightと抑制。,擬態語,テクスチャー,中立,清音・濁音,暗い・重い・大,促音・「り」変化,botteɾi,botteɾi,0,8,2,5,9,4,9,160.0,1.19,7,1200.0,4.22,9,mc,3,#8B4513,37.5,26.4,41.0,重厚な粘性。最大のWeight(8)と抑制(9)。,,5,5,5,8,COMPOUND(複合・異種)
ぼてぼて,鈍重。低いTimeと最大の水分量。,擬音語,気象・自然,中立,清音・濁音,暗い・重い・大,畳語,botebote,botebote,0,8,3,2,7,5,9,140.0,0.85,3,1100.0,4.07,9,mc,3,#4B3621,24.5,6.4,16.8,鈍重。低いTime(3)と最大の水分量(9)。,,4,5,6,1,REDUP(畳語・同一)
ぼやぼや,不注意。不定形なSpaceと流体性。,擬態語,テクスチャー,中立,清音・濁音,暗い・重い・大,畳語,bojaboja,bojaboja,0,5,2,1,4,8,5,300.0,2.78,2,1000.0,3.91,5,h,6,#BDB76B,73.4,-8.8,39.3,不注意。不定形なSpace(1)と流体性。,,4,5,6,1,REDUP(畳語・同一)
ぼりぼり,硬い破壊。有声性のWeightと乾燥。,擬声語,テクスチャー,中立,清音・濁音,暗い・重い・大,畳語・「り」変化,boɾiboɾi,boɾiboɾi,0,7,7,7,8,2,0,500.0,4.07,7,12000.0,8.13,7,c,2,#8B4513,37.5,26.4,41.0,硬い破壊。有声性のWeightと乾燥(0)。,,4,5,6,1,REDUP(畳語・同一)
ぼんやり,焦点の欠如。最大抑制と最小Space。,擬態語,その他,中立,清音・濁音,暗い・重い・大,撥音・「り」変化,boɲːaɾi,boŋjaɾi,1,6,1,1,9,7,6,180.0,1.49,2,200.0,1.18,8,c,2,#708090,52.8,-2.1,-10.6,焦点の欠如。最大抑制(9)と最小Space(1)。,,5,5,5,8,COMPOUND(複合・異種)
ぽいぽい,放棄。高い時間性と自由なFlow。,擬態語,スピード・テンポ,中立,清音・半濁音,明るい・軽い・小,畳語,poipoi,poipoi,0,3,8,4,1,9,3,900.0,5.56,7,9000.0,7.64,5,h,6,#FFFFFF,100.0,-0.0,0.0,放棄。高い時間性と自由なFlow。,,4,5,6,1,REDUP(畳語・同一)
ぽかぽか,陽だまり。自由なFlowと高温度。,擬態語,温度,中立,清音・半濁音,明るい・軽い・小,畳語,pokapoka,pokapoka,0,3,2,2,0,9,4,450.0,3.81,2,500.0,2.73,3,hh,7,#FF4500,57.6,67.8,69.0,陽だまり。自由なFlow(0)と高温度(hh)。,,4,5,6,1,REDUP(畳語・同一)
ぽかり,打撃または出現。高い時間性と気圧。,擬態語,スピード・テンポ,中立,清音・半濁音,明るい・軽い・小,「り」変化,pokaɾi,pokaɾi,0,3,8,8,5,9,3,550.0,4.32,7,8000.0,7.44,8,h,6,#FFFFFF,100.0,-0.0,0.0,打撃または出現。高い時間性と気圧(Bo 8)。,,4,6,0,0,RI(り単発)
ぽきっ,折断。最大のHardness、Time、抑制。,擬態語,その他,中立,清音・半濁音,明るい・軽い・小,促音,pokiʔ,pokiʔ,0,4,9,9,9,2,0,1500.0,6.86,9,16000.0,8.62,9,c,2,#FFFFFF,100.0,-0.0,0.0,折断。最大のHardness(2)、Time、抑制。,,2,5,0,0,Q(促音単発)
ぽきぽき,連続的な折断。高い時間性と乾燥。,擬態語,テクスチャー・スピード・テンポ,中立,清音・半濁音,明るい・軽い・小,畳語,pokipoki,pokipoki,0,4,8,7,8,2,0,1400.0,6.68,8,14000.0,8.39,7,c,2,#CD853F,61.8,21.4,47.9,連続的な折断。高い時間性と乾燥。,,4,5,6,1,REDUP(畳語・同一)
ぽきり,潔い破壊。弾き音による完了感。,擬音語,その他,中立,清音・半濁音,明るい・軽い・小,「り」変化,pokiɾi,pokiɾi,0,4,8,8,7,3,0,1200.0,6.29,7,10000.0,7.82,8,c,2,#FFFFFF,100.0,-0.0,0.0,潔い破壊。弾き音による完了感。,,4,6,0,0,RI(り単発)
ぽたぽた,滴下。最大のMoistureと中庸のWeight。,擬態語,その他,中立,清音・半濁音,明るい・軽い・小,畳語,potapota,potapota,0,5,6,3,3,9,9,300.0,2.78,5,1500.0,4.6,9,mh,5,#4169E1,47.8,26.3,-65.3,滴下。最大のMoisture(9)と中庸のWeight。,,4,5,6,1,REDUP(畳語・同一)
ぽっかり,空洞。高い流体性と空間指向性。,擬態語,テクスチャー・密集度・距離感・気象・自然,中立,清音・半濁音,明るい・軽い・小,促音・「り」変化,pokkaɾi,pokkaɾi,0,3,4,7,2,9,3,400.0,3.51,7,4000.0,6.27,8,h,6,#FFFFFF,100.0,-0.0,0.0,空洞。高い流体性と空間指向性(7)。,,5,5,5,8,COMPOUND(複合・異種)
ぽっくり,突然の完了。高い抑制と時間性。,擬態語,スピード・テンポ,中立,清音・半濁音,明るい・軽い・小,促音・「り」変化,pokkuɾi,pokkuɾi,0,4,7,5,8,7,4,350.0,3.17,8,1800.0,4.91,7,mh,5,#DEB887,77.0,7.0,30.0,突然の完了。高い抑制と時間性。,,5,5,5,8,COMPOUND(複合・異種)
ぽっちゃり,豊潤。適度な抑制と最大の水分量。,擬音語,気象・自然,中立,清音・半濁音,明るい・軽い・小,促音・「り」変化,potɕːaɾi,pottɕaɾi,1,4,2,4,6,8,9,300.0,2.78,5,1100.0,4.07,9,mh,5,#FFB6C1,81.1,28.0,5.0,豊潤。適度な抑制と最大の水分量(9)。,,5,5,5,8,COMPOUND(複合・異種)
ぽっぽ,熱気。高いBo数と温度。,擬態語,温度,中立,半濁音,明るい・軽い・小,促音,poppo,poppo,0,4,6,6,4,8,5,400.0,3.51,7,6000.0,6.95,7,hh,7,#FF0000,53.2,80.1,67.2,熱気。高いBo数（内部気圧）と温度。,,2,5,0,0,Q(促音単発)
ぽつぽつ,点在。高い抑制と時間的突発性。,擬態語,スピード・テンポ,中立,清音・半濁音,明るい・軽い・小,畳語,potsupotsu,potsupotsu,0,3,7,6,8,8,6,700.0,4.93,7,5000.0,6.65,6,mc,3,#808080,53.6,-0.0,0.0,点在。高い抑制(8)と時間的突発性。,,4,5,6,1,REDUP(畳語・同一)
ぽろぽろ,剥落または涙。高い流体性と水分量。,擬音語,テクスチャー・気象・自然・人体・生理,中立,清音・半濁音,明るい・軽い・小,畳語,poɾopoɾo,poɾopoɾo,0,2,5,3,2,9,8,450.0,3.81,4,3000.0,5.78,7,mc,3,#FFFFFF,100.0,-0.0,0.0,剥落または涙。高い流体性と水分量。,,4,5,6,1,REDUP(畳語・同一)
ぽんぽん,太鼓や言葉。高い時間性とBo数。,擬態語,スピード・テンポ,中立,半濁音,明るい・軽い・小,畳語・撥音,pomːpoŋ,pompoŋ,1,4,7,8,4,6,4,320.0,2.94,6,12000.0,8.13,8,h,6,#FFFFFF,100.0,-0.0,0.0,太鼓や言葉。高い時間性とBo数。,,4,5,6,1,REDUP(畳語・同一)
まごまご,鼻音/m/の迷いと有声破裂音/ɡ/の重さ。低いSpace直接性による停滞。,擬声語・擬音語,質量,中立,清音・濁音,暗い・重い・大,畳語,maɡomaɡo,maɡomaɡo,0,4,6,2,5,7,4,320.0,2.94,4,1200.0,4.22,4,mc,3,#BDB76B,73.4,-8.8,39.3,鼻音/m/の迷いと有声破裂音/ɡ/の重さ。低いSpace直接性による停滞。,,4,5,6,1,REDUP(畳語・同一)
まじまじ,凝視の物理。最大のSpaceと抑制。鼻音による粘性。,擬音語,テクスチャー,中立,清音・濁音,暗い・重い・大,畳語,madʑimadʑi,madʑimadʑi,0,5,2,9,9,4,6,280.0,2.61,2,500.0,2.73,8,mc,3,#000000,0.0,0.0,0.0,凝視の物理。最大のSpace(9)と抑制(9)。鼻音による粘性。,,4,5,6,1,REDUP(畳語・同一)
まるまる,球体。最大の流体性と弾き音による周期的な曲線運動。,擬音語,テクスチャー・ダイナミクス,中立,清音,明るい・軽い・小,畳語,maɾumaɾu,maɾumaɾu,0,3,2,3,2,9,7,350.0,3.17,2,400.0,2.35,3,mh,5,#FFFFFF,100.0,-0.0,0.0,球体。最大の流体性(9)と弾き音による周期的な曲線運動。,,4,5,6,1,REDUP(畳語・同一)
まんじり,不眠や静止。最小のTimeと鼻音による高い抑制。,擬音語,その他,中立,清音・濁音,暗い・重い・大,撥音・「り」変化,mandʑiɾi,mandʑiɾi,0,4,1,6,9,5,6,220.0,2.0,1,300.0,1.87,7,mc,3,#483D8B,30.8,26.1,-42.1,不眠や静止。最小のTime(1)と鼻音による高い抑制。,,5,5,5,8,COMPOUND(複合・異種)
みしみし,構造物の歪み。高い抑制と高周波摩擦。Hardness。,擬音語,気象・自然,中立,清音,明るい・軽い・小,畳語,miɕimiɕi,miɕimiɕi,0,5,7,6,9,3,2,1400.0,6.68,7,11000.0,7.98,7,c,2,#556B2F,42.2,-18.8,30.6,構造物の歪み。高い抑制(9)と高周波摩擦。Hardness(3)。,,4,5,6,1,REDUP(畳語・同一)
みっちり,密度。最大の抑制と促音による高いBoyle数。,擬音語,その他,中立,清音,明るい・軽い・小,促音・「り」変化,mitːɕiɾi,mittɕiɾi,1,6,4,8,9,3,5,800.0,5.26,8,4000.0,6.27,9,mc,3,#708090,52.8,-2.1,-10.6,密度。最大の抑制(9)と促音による高いBoyle数。,,5,5,5,8,COMPOUND(複合・異種)
むかむか,胃が気持ち悪いさま、怒りが湧くさま。,擬態語・擬情語,人体・生理,不快,清音,明るい・軽い・小,畳語,mukamuka,mukamuka,0,6,6,5,8,6,8,240.0,2.22,5,1500.0,4.6,9,h,6,#FF4500,57.6,67.8,69.0,吐き気や怒り。鼻音の重さと最大のFlow抑制。高Moisture。,,4,5,6,1,REDUP(畳語・同一)
むくむく,隆起。適度なWeightと内部圧による膨張。,擬態語,その他,中立,清音,明るい・軽い・小,畳語,mukumuku,mukumuku,0,5,4,6,4,7,7,220.0,2.0,3,1200.0,4.22,8,mh,5,#F5F5F5,96.5,-0.0,0.0,隆起。適度なWeightと内部圧(Bo 8)による膨張。,,4,5,6,1,REDUP(畳語・同一)
むしむし,湿熱。最大のMoistureと温度、Flow抑制。,擬態語,温度,中立,清音,明るい・軽い・小,畳語,muɕimuɕi,muɕimuɕi,0,4,1,1,8,8,9,450.0,3.81,1,800.0,3.53,9,hh,7,#708090,52.8,-2.1,-10.6,湿熱。最大のMoisture(9)と温度(hh)、Flow抑制(8)。,,4,5,6,1,REDUP(畳語・同一)
むしゃむしゃ,咀嚼。高い乱流と水分量、有声性のWeight。,擬声語・擬音語,気象・自然,中立,清音,明るい・軽い・小,畳語,muɕamuɕa,muɕamuɕa,0,5,7,4,3,6,8,500.0,4.07,5,9000.0,7.64,7,h,6,#8B4513,37.5,26.4,41.0,咀嚼。高い乱流(Re)と水分量、有声性のWeight。,,4,5,6,1,REDUP(畳語・同一)
むすっ,不機嫌な停止。最大のTimeとFlow抑制、Boyle数。,擬態語,その他,中立,清音,明るい・軽い・小,促音,musuʔ,musuʔ,0,5,9,8,9,6,2,600.0,4.54,9,12000.0,8.13,9,c,2,#000000,0.0,0.0,0.0,不機嫌な停止。最大のTime(9)とFlow抑制、Boyle数。,,2,5,0,0,Q(促音単発)
むず,捕捉運動。高い空間直接性と時間的突発性。,擬態語,ダイナミクス・スピード・テンポ・密集度・距離感・気象・自然,中立,清音・濁音,暗い・重い・大,単発・その他,mudzu,muzu,1,5,8,9,7,4,4,250.0,2.32,8,6000.0,6.95,8,mc,3,#FFFFFF,100.0,-0.0,0.0,捕捉運動。高い空間直接性と時間的突発性。,,3,5,0,0,OTHER(単発)
むずむず,内部振動。最大のFlow抑制と低いSpace。,擬態語,その他,中立,清音・濁音,暗い・重い・大,畳語,mudzumudzu,muzumuzu,1,4,5,2,9,5,4,280.0,2.61,4,4500.0,6.47,7,mh,5,#DAA520,70.8,8.5,68.8,内部振動。最大のFlow抑制(9)と低いSpace。,,4,5,6,1,REDUP(畳語・同一)
むちむち,肉感的な弾性。最大の水分量と適度なHardness。,擬音語,気象・自然,中立,清音,明るい・軽い・小,畳語,mutɕimutɕi,mutɕimutɕi,0,5,3,4,8,5,9,320.0,2.94,4,1000.0,3.91,9,mh,5,#FFB6C1,81.1,28.0,5.0,肉感的な弾性。最大の水分量(9)と適度なHardness(5)。,,4,5,6,1,REDUP(畳語・同一)
むっ,瞬間的怒り。鼻音の重さと最大の気圧。,擬音語・擬情語,スピード・テンポ・質量,中立,清音,明るい・軽い・小,促音,muʔ,muʔ,0,6,9,8,9,4,5,220.0,2.0,9,15000.0,8.51,9,c,2,#FF0000,53.2,80.1,67.2,瞬間的怒り。鼻音の重さと最大の気圧(Bo 9)。,,2,5,0,0,Q(促音単発)
むっくり,起床。高い時間性と内部圧、弾き音による完了。,擬音語,スピード・テンポ,中立,清音,明るい・軽い・小,促音・「り」変化,mukːuɾi,mukkuɾi,1,5,8,7,6,7,3,350.0,3.17,8,8000.0,7.44,8,mh,5,#FFFFFF,100.0,-0.0,0.0,起床。高い時間性と内部圧、弾き音による完了。,,5,5,5,8,COMPOUND(複合・異種)
むっつり,寡黙。最大の抑制と鼻音のWeight。,擬音語,その他,中立,清音,明るい・軽い・小,促音・「り」変化,mutːsuɾi,muttsuɾi,1,6,2,3,9,5,2,400.0,3.51,7,600.0,3.04,9,c,2,#000000,0.0,0.0,0.0,寡黙。最大の抑制(9)と鼻音のWeight。,,5,5,5,8,COMPOUND(複合・異種)
むにゃむにゃ,曖昧な発声。最小エフォート群。最大Moisture。,擬声語,その他,中立,清音,明るい・軽い・小,畳語,muɲamuɲa,muɲamuɲa,0,2,1,1,2,9,9,180.0,1.49,1,400.0,2.35,9,mh,5,#F5DEB3,89.4,1.5,24.0,曖昧な発声。最小エフォート群。最大Moisture(9)。,,4,5,6,1,REDUP(畳語・同一)
むらむら,衝動。高い流体性と乱流、高温度。,擬態語,テクスチャー・温度,中立,清音,明るい・軽い・小,畳語,muɾamuɾa,muɾamuɾa,0,5,6,5,3,8,6,320.0,2.94,4,5500.0,6.81,7,hh,7,#FF00FF,60.3,98.2,-60.8,衝動。高い流体性と乱流(Re)、高温度(hh)。,,4,5,6,1,REDUP(畳語・同一)
むんむん,充満する熱気。最大の水分量とFlow抑制。,擬音語,温度・気象・自然,中立,清音,明るい・軽い・小,畳語・撥音,mumːumː,mummuŋ,1,6,2,3,9,7,9,200.0,1.75,2,900.0,3.73,9,hh,7,#FF8C00,69.5,36.8,75.5,充満する熱気。最大の水分量とFlow抑制。,,4,5,6,1,REDUP(畳語・同一)
めきめき,目立って著しく進歩・成長するさま。,擬態語,その他,中立,清音,明るい・軽い・小,畳語,mekimeki,mekimeki,0,4,8,9,4,3,2,1200.0,6.29,8,11000.0,7.98,8,h,6,#FFFFFF,100.0,-0.0,0.0,急成長。最大のSpace直接性と高い時間性。,,4,5,6,1,REDUP(畳語・同一)
めそめそ,啜り泣き。最小Spaceと最大Moisture。,擬態語,その他,中立,清音,明るい・軽い・小,畳語,mesomeso,mesomeso,0,3,4,1,6,8,9,400.0,3.51,3,700.0,3.31,9,c,2,#B0C4DE,78.5,-1.3,-15.2,啜り泣き。最小Space(1)と最大Moisture(9)。,,4,5,6,1,REDUP(畳語・同一)
めためた,破壊状態。高い乱流と時間的突発性。,擬態語,スピード・テンポ,中立,清音,明るい・軽い・小,畳語,metameta,metameta,0,6,8,5,4,6,6,350.0,3.17,7,13000.0,8.27,7,h,6,#8B0000,28.1,51.0,41.3,破壊状態。高い乱流(Re)と時間的突発性。,,4,5,6,1,REDUP(畳語・同一)
めっきり,際立った変化。最大の直接性と完了の遮断。,擬態語,その他,中立,清音,明るい・軽い・小,促音・「り」変化,mekːiɾi,mekkiɾi,1,5,8,9,7,5,3,600.0,4.54,8,10000.0,7.82,9,c,2,#FFFFFF,100.0,-0.0,0.0,際立った変化。最大の直接性と完了の遮断。,,5,5,5,8,COMPOUND(複合・異種)
めらめら,燃焼。最大温度と自由Flow、高Re数。,擬態語,温度,中立,清音,明るい・軽い・小,畳語,meɾameɾa,meɾameɾa,0,4,5,5,1,9,1,800.0,5.26,3,15000.0,8.51,6,hhh,8,#FF4500,57.6,67.8,69.0,燃焼。最大温度(hhh)と自由Flow、高Re数（炎の乱流）。,,4,5,6,1,REDUP(畳語・同一)
めりめり,構造的破壊。高いWeightとHardness、抑制。,擬態語,その他,中立,清音,明るい・軽い・小,畳語・「り」変化,meɾimeɾi,meɾimeɾi,0,7,7,8,9,2,1,600.0,4.54,6,12000.0,8.13,8,c,2,#8B4513,37.5,26.4,41.0,構造的破壊。高いWeightとHardness(2)、抑制。,,4,5,6,1,REDUP(畳語・同一)
めろめろ,骨抜き。最小Timeと高い流体性、温度。,擬態語,テクスチャー・温度・人体・生理,中立,清音,明るい・軽い・小,畳語,meɾomeɾo,meɾomeɾo,0,3,2,1,1,9,8,250.0,2.32,1,900.0,3.73,8,hh,7,#FFC0CB,83.6,24.1,3.3,骨抜き。最小Time(2)と高い流体性、温度。,,4,5,6,1,REDUP(畳語・同一)
めーめー,羊。持続的な鼻音共鳴と高い流体性。,擬音語,テクスチャー・スピード・テンポ,中立,清音,明るい・軽い・小,畳語・長音,me:me:,meːmeː,0,3,1,4,2,9,6,450.0,3.81,0,1500.0,4.6,5,mh,5,#FFFFFF,100.0,-0.0,0.0,羊。持続的な鼻音共鳴と高い流体性。,,4,5,6,1,REDUP(畳語・同一)
もくもく,煙の発生。内部圧と持続的な流体運動。,擬態語,テクスチャー・ダイナミクス・スピード・テンポ,中立,清音,明るい・軽い・小,畳語,mokumoku,mokumoku,0,5,3,4,4,8,4,220.0,2.0,3,3000.0,5.78,8,mh,5,#BEBEBE,77.0,-0.0,0.0,煙の発生。内部圧(Bo 8)と持続的な流体運動。,,4,5,6,1,REDUP(畳語・同一)
もぐもぐ,咀嚼。濁音のWeightと最大の水分量、Flow抑制。,擬音語,気象・自然,中立,清音・濁音,暗い・重い・大,畳語,moɡumoɡo,moɡumoɡu,1,6,4,3,7,6,8,180.0,1.49,4,1200.0,4.22,9,mh,5,#8B4513,37.5,26.4,41.0,咀嚼。濁音のWeightと最大の水分量、Flow抑制。,,4,5,6,1,REDUP(畳語・同一)
もごもご,閉口発声。最大のFlow抑制と最小Space。,擬声語,人体・生理,中立,清音・濁音,暗い・重い・大,畳語,moɡomoɡo,moɡomoɡo,0,5,2,1,9,7,7,150.0,1.03,2,400.0,2.35,7,mc,3,#708090,52.8,-2.1,-10.6,閉口発声。最大のFlow抑制(9)と最小Space(1)。,,4,5,6,1,REDUP(畳語・同一)
もじもじ,羞恥の停滞。最大の抑制と低いSpace。,擬態語,その他,中立,清音・濁音,暗い・重い・大,畳語,modʑimodʑi,modʑimodʑi,0,4,3,2,9,6,5,250.0,2.32,3,800.0,3.53,6,mh,5,#FFFACD,97.6,-5.4,22.2,羞恥の停滞。最大の抑制(9)と低いSpace。,,4,5,6,1,REDUP(畳語・同一)
もぞもぞ,微動。有声性のWeightと高いFlow抑制。,擬声語,その他,中立,清音・濁音,暗い・重い・大,畳語,modzomodzo,mozomozo,1,5,4,2,8,6,4,220.0,2.0,4,1500.0,4.6,7,mc,3,#556B2F,42.2,-18.8,30.6,微動。有声性のWeightと高いFlow抑制。,,4,5,6,1,REDUP(畳語・同一)
もたもた,遅延。重いWeightと最小の時間性、高い粘性。,擬態語,テクスチャー・スピード・テンポ・質量,中立,清音,明るい・軽い・小,畳語,motamota,motamota,0,6,2,1,7,7,6,280.0,2.61,3,500.0,2.73,8,c,2,#808080,53.6,-0.0,0.0,遅延。重いWeightと最小の時間性、高い粘性。,,4,5,6,1,REDUP(畳語・同一)
もやもや,不定形流体。高い流体性と最小の直接性。,擬態語,テクスチャー,中立,清音,明るい・軽い・小,畳語,mojamoja,mojamoja,0,3,2,1,3,9,7,300.0,2.78,2,1500.0,4.6,4,mc,3,#D3D3D3,84.6,-0.0,0.0,不定形流体。高い流体性と最小の直接性。,,4,5,6,1,REDUP(畳語・同一)
もりもり,活力。高いWeightと空間指向性。,擬態語,密集度・距離感・気象・自然,中立,清音,明るい・軽い・小,畳語・「り」変化,moɾimoɾi,moɾimoɾi,0,6,6,8,3,6,4,400.0,3.51,5,7000.0,7.22,8,h,6,#ADFF2F,92.0,-52.5,81.9,活力。高いWeightと空間指向性(8)。,,4,5,6,1,REDUP(畳語・同一)
もわーっ,気体の拡散と遮断。最大流体性と圧縮。,擬態語,テクスチャー,中立,清音,明るい・軽い・小,促音・長音,mowa:ʔ,mowaːʔ,0,4,5,3,4,9,8,250.0,2.32,9,9000.0,7.64,9,mh,5,#F5F5F5,96.5,-0.0,0.0,気体の拡散と遮断。最大流体性(9)と圧縮。,,5,5,5,8,COMPOUND(複合・異種)
もーもー,牛。重いWeightと持続的な低周波。,擬音語,スピード・テンポ・質量・気象・自然,中立,清音,明るい・軽い・小,畳語・長音,mo:mo:,moːmoː,0,7,1,3,1,7,7,120.0,0.46,0,800.0,3.53,7,mh,5,#000000,0.0,0.0,0.0,牛。重いWeightと持続的な低周波(120Hz)。,,4,5,6,1,REDUP(畳語・同一)
やいのやいの,喧騒。半母音の流体性と高い時間密度。,擬音語,テクスチャー・スピード・テンポ,中立,清音,明るい・軽い・小,畳語,jainojaino,jainojaino,0,4,7,5,2,8,5,600.0,4.54,4,8000.0,7.44,6,h,6,#FFD700,86.9,-1.9,87.1,喧騒。半母音の流体性と高い時間密度。,,4,5,6,1,REDUP(畳語・同一)
やきもき,焦燥。最大のFlow抑制と内部圧力。,擬態語,その他,中立,清音,明るい・軽い・小,単発・その他,jakimoki,jakimoki,0,5,6,4,9,6,4,550.0,4.32,6,4000.0,6.27,7,h,6,#FF4500,57.6,67.8,69.0,焦燥。最大のFlow抑制(9)と内部圧力。,,5,5,5,8,COMPOUND(複合・異種)
やんわり,緩衝。最小Weightと最大の自由Flow。,擬態語,その他,中立,清音,明るい・軽い・小,撥音・「り」変化,jamːwaɾi,jaŋwaɾi,1,2,2,3,0,9,6,300.0,2.78,2,600.0,3.04,4,mh,5,#FFFACD,97.6,-5.4,22.2,緩衝。最小Weightと最大の自由Flow(0)。,,5,5,5,8,COMPOUND(複合・異種)
ゆうゆう,余裕。最小エフォート群。自由なFlow。,擬態語,その他,中立,清音,暗い・重い・大,畳語,ju:ju:,juujuu,1,3,1,2,0,9,5,320.0,2.94,0,400.0,2.35,2,h,6,#87CEEB,79.2,-14.8,-21.3,余裕。最小エフォート群。自由なFlow。,,4,5,6,1,REDUP(畳語・同一)
ゆさゆさ,重い振動。高い流体性と中庸のWeight。,擬態語,テクスチャー・質量,中立,清音,明るい・軽い・小,畳語,jusajusa,jusajusa,0,6,4,3,2,8,4,280.0,2.61,3,6000.0,6.95,7,mc,3,#8B4513,37.5,26.4,41.0,重い振動。高い流体性と中庸のWeight。,,4,5,6,1,REDUP(畳語・同一)
ゆったり,寛ぎ。促音による安定と最大の自由Flow。,擬音語,その他,中立,清音,明るい・軽い・小,促音・「り」変化,jutːaɾi,juttaɾi,1,3,1,4,0,9,6,300.0,2.78,5,800.0,3.53,5,mh,5,#FFB6C1,81.1,28.0,5.0,寛ぎ。促音による安定と最大の自由Flow。,,5,5,5,8,COMPOUND(複合・異種)
ゆらゆら,揺らぎ。最小Weightと高い流体運動。,擬態語,テクスチャー・ダイナミクス,中立,清音,明るい・軽い・小,畳語,juɾajuɾa,juɾajuɾa,0,2,3,2,1,9,4,350.0,3.17,2,4500.0,6.47,3,mc,3,#FFFFFF,100.0,-0.0,0.0,揺らぎ。最小Weightと高い流体運動。,,4,5,6,1,REDUP(畳語・同一)
ゆらり,単発の揺らぎ。弾き音による空間の収束。,擬音語,密集度・距離感・気象・自然,中立,清音,明るい・軽い・小,「り」変化,juɾaɾi,juɾaɾi,0,2,5,6,3,9,5,400.0,3.51,6,3000.0,5.78,4,mc,3,#F0FFFF,98.9,-4.9,-1.7,単発の揺らぎ。弾き音による空間の収束。,,4,6,0,0,RI(り単発)
ゆるゆる,弛緩。最小エフォート。高い流体性と水分。,擬音語,テクスチャー・気象・自然,中立,清音,明るい・軽い・小,畳語,juɾujuɾu,juɾujuɾu,0,2,2,1,1,9,8,250.0,2.32,1,500.0,2.73,5,mh,5,#F5F5DC,95.9,-4.2,12.0,弛緩。最小エフォート。高い流体性と水分。,,4,5,6,1,REDUP(畳語・同一)
よたよた,不安定歩行。Weightの偏りと低い直接性。,擬情語,感情,不快,清音,明るい・軽い・小,畳語,jotajota,jotajota,0,5,4,2,4,8,5,320.0,2.94,4,1200.0,4.22,5,c,2,#A9A9A9,69.2,-0.0,0.0,不安定歩行。Weightの偏りと低い直接性。,,4,5,6,1,REDUP(畳語・同一)
よちよち,幼児歩行。低いWeightと適度な抑制。,擬態語,その他,中立,清音,明るい・軽い・小,畳語,jotɕijotɕi,jotɕijotɕi,0,3,5,3,5,8,6,600.0,4.54,5,900.0,3.73,4,mh,5,#FFFACD,97.6,-5.4,22.2,幼児歩行。低いWeightと適度な抑制。,,4,5,6,1,REDUP(畳語・同一)
よぼよぼ,老衰。重いWeightと最小Space。,擬態語,質量,中立,清音・濁音,暗い・重い・大,畳語,jobojobo,jobojobo,0,7,2,1,6,7,8,180.0,1.49,2,500.0,2.73,8,c,2,#8B4513,37.5,26.4,41.0,老衰。重いWeight(7)と最小Space(1)。,,4,5,6,1,REDUP(畳語・同一)
よれよれ,疲弊した表面。低い直接性と抑制。,擬態語,テクスチャー,中立,清音,明るい・軽い・小,畳語,joɾejoɾe,joɾejoɾe,0,3,2,1,6,8,3,300.0,2.78,3,1100.0,4.07,4,c,2,#BEBEBE,77.0,-0.0,0.0,疲弊した表面。低い直接性と抑制。,,4,5,6,1,REDUP(畳語・同一)
よろよろ,千鳥足。高い流体性と不特定のSpace。,擬声語,テクスチャー・生き物・人体・生理,中立,清音,明るい・軽い・小,畳語,joɾojoɾo,joɾojoɾo,0,5,4,2,3,9,4,280.0,2.61,4,2500.0,5.47,5,mc,3,#A9A9A9,69.2,-0.0,0.0,千鳥足。高い流体性と不特定のSpace。,,4,5,6,1,REDUP(畳語・同一)
りんりん,鈴。高周波と金属的Hardness。,擬音語,気象・自然,中立,清音,明るい・軽い・小,畳語・撥音,ɾiŋɾiŋ,ɾinɾiŋ,1,2,7,8,5,3,1,2800.0,8.44,6,12000.0,8.13,7,c,2,#C0C0C0,77.7,-0.0,0.0,鈴。高周波(2800Hz)と金属的Hardness。,,4,5,6,1,REDUP(畳語・同一)
るんるん,軽快な高揚。鼻音の共鳴と自由なFlow。,擬音語,その他,快,清音,明るい・軽い・小,畳語・撥音,ɾuŋɾuŋ,ɾunɾuŋ,1,2,6,6,1,8,5,550.0,4.32,4,3500.0,6.04,4,h,6,#FF69B4,65.5,64.2,-10.6,軽快な高揚。鼻音の共鳴と自由なFlow。,,4,5,6,1,REDUP(畳語・同一)
れろれろ,舌の運動。最大流体性と水分量。,擬音語,テクスチャー・ダイナミクス・味・気象・自然,中立,清音,明るい・軽い・小,畳語,ɾeɾoɾeɾo,ɾeɾoɾeɾo,0,4,5,3,2,9,9,380.0,3.38,3,1500.0,4.6,9,mh,5,#FFC0CB,83.6,24.1,3.3,舌の運動。最大流体性と水分量(9)。,,4,5,6,1,REDUP(畳語・同一)
わあわあ,泣き声や喧騒。広大な乱流と自由Flow。,擬声語,その他,中立,清音,明るい・軽い・小,畳語,wa:wa:,waawaa,1,5,3,4,1,9,6,500.0,4.07,0,14000.0,8.39,6,h,6,#FFD700,86.9,-1.9,87.1,泣き声や喧騒。広大な乱流(Re)と自由Flow。,,4,5,6,1,REDUP(畳語・同一)
わいわい,多人数の活気。最小Flow抑制と高Re数。,擬態語,その他,中立,清音,明るい・軽い・小,畳語,waiwai,waiwai,0,3,6,4,0,9,5,800.0,5.26,2,11000.0,7.98,7,h,6,#FFFF00,97.1,-21.6,94.5,多人数の活気。最小Flow抑制と高Re数。,,4,5,6,1,REDUP(畳語・同一)
わくわく,期待で胸が高鳴る様子。,擬音語・擬態語,その他,中立,清音,明るい・軽い・小,畳語,wakuwaku,wakuwaku,0,4,7,7,2,7,4,600.0,4.54,6,6500.0,7.09,8,h,6,#FF4500,57.6,67.8,69.0,期待。高い内部圧力(Bo 8)と時間的突発性。,,4,5,6,1,REDUP(畳語・同一)
わっさり,大量の植物等。流体的な運動と適度なWeight。,擬音語,テクスチャー・ダイナミクス,中立,清音,明るい・軽い・小,促音・「り」変化,wasːaɾi,wassaɾi,1,5,6,6,4,8,4,350.0,3.17,7,8000.0,7.44,7,mh,5,#228B22,50.6,-49.6,45.0,大量の植物等。流体的な運動と適度なWeight。,,5,5,5,8,COMPOUND(複合・異種)
わなわな,震え。最大のFlow抑制と高い時間性。,擬態語,スピード・テンポ,中立,清音,明るい・軽い・小,畳語,wanawana,wanawana,0,4,8,2,9,7,6,450.0,3.81,7,13000.0,8.27,7,c,2,#FFFFFF,100.0,-0.0,0.0,震え。最大のFlow抑制(9)と高い時間性。,,4,5,6,1,REDUP(畳語・同一)
わやわや,収拾のつかない喧騒。流体性と乱流。,擬態語,テクスチャー,中立,清音,明るい・軽い・小,畳語,wajawaja,wajawaja,0,3,5,3,2,8,6,380.0,3.38,3,9000.0,7.64,6,h,6,#DAA520,70.8,8.5,68.8,収拾のつかない喧騒。流体性と乱流。,,4,5,6,1,REDUP(畳語・同一)
わらわら,群集の移動。高いRe数と流体性。,擬態語,テクスチャー・ダイナミクス,中立,清音,明るい・軽い・小,畳語,waɾawaɾa,waɾawaɾa,0,4,6,3,2,9,5,320.0,2.94,4,10000.0,7.82,8,mh,5,#F5F5F5,96.5,-0.0,0.0,群集の移動。高いRe数（乱流）と流体性。,,4,5,6,1,REDUP(畳語・同一)
わんさ,大量。高い空間直接性と時間密度。,擬態語,スピード・テンポ・密集度・距離感・気象・自然,中立,清音,明るい・軽い・小,撥音,waŋsa,waŋsa,0,5,7,8,3,7,4,450.0,3.81,6,12000.0,8.13,7,h,6,#FFD700,86.9,-1.9,87.1,大量。高い空間直接性と時間密度。,,3,5,0,0,OTHER(単発)
わんわん,吠え声や号泣。濁音に近いWeightと強大な乱流。,擬声語・擬音語,その他,中立,清音,明るい・軽い・小,畳語・撥音,waŋwaŋ,waŋwaŋ,0,6,4,6,2,7,7,220.0,2.0,1,15000.0,8.51,8,h,6,#8B4513,37.5,26.4,41.0,吠え声や号泣。濁音に近いWeightと強大な乱流。,,4,5,6,1,REDUP(畳語・同一)
わーん,大泣き。最大の水分量と持続的な共鳴。,擬音語,スピード・テンポ・気象・自然,中立,清音,明るい・軽い・小,撥音・長音,wa:ŋ,waːŋ,0,7,4,7,3,6,8,300.0,2.78,1,11000.0,7.98,9,h,6,#1E90FF,59.4,10.0,-63.4,大泣き。最大の水分量と持続的な共鳴。,,3,8,5,1,LONG+N(長音+ん)
あぜーん,生成語。語根あぜ+HN。Decay低 / Hard低 / Time低。最近傍既存語:つくづく,擬態語,その他,中立,清音・濁音,暗い・重い・大,撥音・長音,,azeːŋ,0,7,2,6,6,2,5,229.0,2.1,1,1333.0,4.4,6,0,4,#764626,34.6,17.5,27.7,生成語(疎領域充填・第1バッチ)。語根あぜ+HN(ーん)。Decay低(1) / Hard低(2) / Time低(2)。最近傍既存語:つくづく,generated_v1_b1; 色はモデル導出の暫定値,5,5,5,8,COMPOUND(複合・異種)
いいーん,生成語。語根いい+HN。Hard低 / Decay低 / Space高。最近傍既存語:からんからん,擬態語,その他,中立,清音,明るい・軽い・小,撥音・長音,,iiːŋ,0,5,4,9,6,2,4,750.0,5.1,2,2866.0,5.7,6,0,4,#B58552,59.2,12.7,34.3,生成語(疎領域充填・第1バッチ)。語根いい+HN(ーん)。Hard低(2) / Decay低(1) / Space高(9)。最近傍既存語:からんからん,generated_v1_b1; 色はモデル導出の暫定値,5,5,5,8,COMPOUND(複合・異種)
いさー,生成語。語根いさ+H。Boyle低 / Decay低 / Freq高。最近傍既存語:きいきい,擬態語,その他,中立,清音,明るい・軽い・小,長音,,isaː,0,2,3,6,4,6,1,1588.0,7.0,1,6535.0,7.1,2,0,4,#EED793,86.6,-1.8,36.5,生成語(疎領域充填・第1バッチ)。語根いさ+H(ー)。Boyle低(3) / Decay低(1) / Freq高(7)。最近傍既存語:きいきい,generated_v1_b1; 色はモデル導出の暫定値,2,7,7,1,LONG(長音ー)
えぞー,生成語。語根えぞ+H。Decay低 / Time低 / Hard低。最近傍既存語:まんじり,擬態語,その他,中立,清音・濁音,暗い・重い・大,長音,,ezoː,0,5,1,5,7,4,4,383.0,3.4,0,1898.0,5.0,5,0,4,#97744C,51.5,8.4,27.6,生成語(疎領域充填・第1バッチ)。語根えぞ+H(ー)。Decay低(0) / Time低(1) / Hard低(4)。最近傍既存語:まんじり,generated_v1_b1; 色はモデル導出の暫定値,2,7,7,1,LONG(長音ー)
ききーん,生成語。語根きき+HN。Hard低 / Freq高 / Moist低。最近傍既存語:つんつん,擬態語,その他,中立,清音,明るい・軽い・小,撥音・長音,,kikiːŋ,0,4,6,9,7,1,1,1719.0,7.2,4,9304.0,7.7,6,0,4,#D6A258,70.2,10.9,45.5,生成語(疎領域充填・第1バッチ)。語根きき+HN(ーん)。Hard低(1) / Freq高(7) / Moist低(1)。最近傍既存語:つんつん,generated_v1_b1; 色はモデル導出の暫定値,5,5,5,8,COMPOUND(複合・異種)
さきー,生成語。語根さき+H。Freq高 / Moist低 / Boyle低。最近傍既存語:ぴーちく,擬態語,その他,中立,清音,明るい・軽い・小,長音,,sakiː,0,1,5,8,3,6,0,2358.0,8.0,2,14900.0,8.5,3,h,6,#FFFFAC,101.7,3.0,45.0,生成語(疎領域充填・第1バッチ)。語根さき+H(ー)。Freq高(8) / Moist低(0) / Boyle低(3)。最近傍既存語:ぴーちく,generated_v1_b1; 色はモデル導出の暫定値,2,7,7,1,LONG(長音ー)
さそー,生成語。語根さそ+H。Boyle低 / Moist低 / Decay低。最近傍既存語:きらきら,擬態語,その他,中立,清音,明るい・軽い・小,長音,,sasoː,0,1,3,6,2,9,0,1527.0,6.9,1,8270.0,7.5,2,0,4,#FFFFC0,99.8,-6.8,31.8,生成語(疎領域充填・第1バッチ)。語根さそ+H(ー)。Boyle低(2) / Moist低(0) / Decay低(1)。最近傍既存語:きらきら,generated_v1_b1; 色はモデル導出の暫定値,2,7,7,1,LONG(長音ー)
ざがー,生成語。語根ざが+H。Decay低 / Re高 / Time低。最近傍既存語:ぎゃーぎゃー,擬態語,その他,中立,濁音,暗い・重い・大,長音,,dzaɡaː,0,6,3,8,4,5,3,525.0,4.2,0,17779.0,8.8,6,0,4,#A1673E,49.1,19.3,32.5,生成語(疎領域充填・第1バッチ)。語根ざが+H(ー)。Decay低(0) / Re高(9) / Time低(3)。最近傍既存語:ぎゃーぎゃー,generated_v1_b1; 色はモデル導出の暫定値,2,7,7,1,LONG(長音ー)
ざきー,生成語。語根ざき+H。Re高 / Moist低 / Space高。最近傍既存語:けいけい,擬態語,その他,中立,清音・濁音,暗い・重い・大,長音,,dzakiː,0,5,4,9,6,4,1,1113.0,6.1,2,20000.0,9.0,6,mh,5,#BD844B,59.7,15.9,39.2,生成語(疎領域充填・第1バッチ)。語根ざき+H(ー)。Re高(9) / Moist低(1) / Space高(9)。最近傍既存語:けいけい,generated_v1_b1; 色はモデル導出の暫定値,2,7,7,1,LONG(長音ー)
しそー,生成語。語根しそ+H。Decay低 / Time低 / Boyle低。最近傍既存語:しわしわ,擬態語,その他,中立,清音,明るい・軽い・小,長音,,ɕisoː,0,2,1,5,6,8,1,1411.0,6.7,0,2702.0,5.6,3,mc,3,#D7DDAC,86.7,-10.1,23.4,生成語(疎領域充填・第1バッチ)。語根しそ+H(ー)。Decay低(0) / Time低(1) / Boyle低(3)。最近傍既存語:しわしわ,generated_v1_b1; 色はモデル導出の暫定値,2,7,7,1,LONG(長音ー)
じえーん,生成語。語根じえ+HN。Decay低 / Weight高 / Hard低。最近傍既存語:つくづく,擬態語,その他,中立,清音・濁音,暗い・重い・大,撥音・長音,,dʑieːŋ,0,8,2,8,7,3,6,291.0,2.7,1,2402.0,5.4,8,mh,5,#7C381E,32.3,28.0,29.6,生成語(疎領域充填・第1バッチ)。語根じえ+HN(ーん)。Decay低(1) / Weight高(8) / Hard低(3)。最近傍既存語:つくづく,generated_v1_b1; 色はモデル導出の暫定値,5,5,5,8,COMPOUND(複合・異種)
じへー,生成語。語根じへ+H。Decay低 / Time低 / Temp高。最近傍既存語:ひひーん,擬態語,その他,中立,清音・濁音,暗い・重い・大,長音,,dʑiheː,0,5,2,7,6,6,4,666.0,4.8,0,4869.0,6.6,6,h,6,#C68556,61.3,19.9,35.5,生成語(疎領域充填・第1バッチ)。語根じへ+H(ー)。Decay低(0) / Time低(2) / Temp高(6)。最近傍既存語:ひひーん,generated_v1_b1; 色はモデル導出の暫定値,2,7,7,1,LONG(長音ー)
ぜじゅー,生成語。語根ぜじゅ+H。Decay低 / Time低 / Re高。最近傍既存語:わーん,擬態語,その他,中立,濁音,暗い・重い・大,長音,,dzedʑuː,0,6,1,7,6,6,6,525.0,4.2,0,10466.0,7.9,8,0,4,#996F65,50.7,15.7,11.9,生成語(疎領域充填・第1バッチ)。語根ぜじゅ+H(ー)。Decay低(0) / Time低(1) / Re高(8)。最近傍既存語:わーん,generated_v1_b1; 色はモデル導出の暫定値,2,7,7,1,LONG(長音ー)
だむーん,生成語。語根だむ+HN。Weight高 / Decay低 / Freq低。最近傍既存語:ねばねば,擬態語,その他,中立,清音・濁音,暗い・重い・大,撥音・長音,,damuːŋ,0,9,2,6,5,4,9,117.0,0.4,1,1898.0,5.0,9,mh,5,#590A13,17.3,34.6,17.7,生成語(疎領域充填・第1バッチ)。語根だむ+HN(ーん)。Weight高(9) / Decay低(1) / Freq低(0)。最近傍既存語:ねばねば,generated_v1_b1; 色はモデル導出の暫定値,5,5,5,8,COMPOUND(複合・異種)
ちでーん,生成語。語根ちで+HN。Hard低 / Decay低 / Time低。最近傍既存語:ぎー,擬態語,その他,中立,清音・濁音,暗い・重い・大,撥音・長音,,tɕideːŋ,0,6,2,6,8,2,5,721.0,5.0,2,1790.0,4.9,7,0,4,#A67046,52.0,16.8,31.8,生成語(疎領域充填・第1バッチ)。語根ちで+HN(ーん)。Hard低(2) / Decay低(1) / Time低(2)。最近傍既存語:ぎー,generated_v1_b1; 色はモデル導出の暫定値,5,5,5,8,COMPOUND(複合・異種)
ちにー,生成語。語根ちに+H。Freq高 / Decay低 / Weight低。最近傍既存語:ぴーぴー,擬態語,その他,中立,清音,明るい・軽い・小,長音,,tɕiniː,0,1,2,6,8,6,3,2654.0,8.3,1,4590.0,6.5,4,mh,5,#FFF1AF,95.8,-0.2,35.1,生成語(疎領域充填・第1バッチ)。語根ちに+H(ー)。Freq高(8) / Decay低(1) / Weight低(1)。最近傍既存語:ぴーぴー,generated_v1_b1; 色はモデル導出の暫定値,2,7,7,1,LONG(長音ー)
ちみゅーん,生成語。語根ちみゅ+HN。Decay低 / Time低 / Freq高。最近傍既存語:ひーひー,擬態語,その他,中立,清音,明るい・軽い・小,撥音・長音,,tɕimjuːŋ,0,4,3,6,6,4,7,989.0,5.8,1,2866.0,5.7,7,mh,5,#CE9E7F,68.8,14.0,23.2,生成語(疎領域充填・第1バッチ)。語根ちみゅ+HN(ーん)。Decay低(1) / Time低(3) / Freq高(6)。最近傍既存語:ひーひー,generated_v1_b1; 色はモデル導出の暫定値,5,5,5,8,COMPOUND(複合・異種)
ちもー,生成語。語根ちも+H。Decay低 / Time低 / Freq高。最近傍既存語:ちゅーちゅー,擬態語,その他,中立,清音,明るい・軽い・小,長音,,tɕimoː,0,3,1,5,7,6,4,1253.0,6.4,0,2702.0,5.6,5,mh,5,#E6C48F,80.8,5.0,31.1,生成語(疎領域充填・第1バッチ)。語根ちも+H(ー)。Decay低(0) / Time低(1) / Freq高(6)。最近傍既存語:ちゅーちゅー,generated_v1_b1; 色はモデル導出の暫定値,2,7,7,1,LONG(長音ー)
にじゅー,生成語。語根にじゅ+H。Time低 / Decay低 / Flow高。最近傍既存語:ちんまり,擬態語,その他,中立,清音・濁音,暗い・重い・大,長音,,nidʑuː,0,4,0,5,7,5,6,666.0,4.8,0,2265.0,5.3,7,0,4,#B59278,63.1,9.3,18.8,生成語(疎領域充填・第1バッチ)。語根にじゅ+H(ー)。Time低(0) / Decay低(0) / Flow高(7)。最近傍既存語:ちんまり,generated_v1_b1; 色はモデル導出の暫定値,2,7,7,1,LONG(長音ー)
ぶすー,生成語。語根ぶす+H。Decay低 / Time低 / Boyle低。最近傍既存語:がーがー,擬態語,その他,中立,清音・濁音,暗い・重い・大,長音,,busuː,0,5,2,5,5,7,4,505.0,4.1,0,6931.0,7.2,5,0,4,#9F7C63,54.6,10.2,18.5,生成語(疎領域充填・第1バッチ)。語根ぶす+H(ー)。Decay低(0) / Time低(2) / Boyle低(5)。最近傍既存語:がーがー,generated_v1_b1; 色はモデル導出の暫定値,2,7,7,1,LONG(長音ー)
りきゃー,生成語。語根りきゃ+H。Freq高 / Re高 / Weight低。最近傍既存語:ほうほけきょ,擬態語,その他,中立,清音,明るい・軽い・小,長音,,ɾikjaː,0,2,6,9,2,6,2,3500.0,9.0,3,20000.0,9.0,6,h,6,#FFFFBB,104.8,4.9,41.6,生成語(疎領域充填・第1バッチ)。語根りきゃ+H(ー)。Freq高(9) / Re高(9) / Weight低(2)。最近傍既存語:ほうほけきょ,generated_v1_b1; 色はモデル導出の暫定値,2,7,7,1,LONG(長音ー)
わきゃーん,生成語。語根わきゃ+HN。Temp高 / Re高 / Flow低。最近傍既存語:じゃんじゃん,擬態語,その他,中立,清音,明るい・軽い・小,撥音・長音,,wakjaːŋ,0,6,6,8,1,6,5,615.0,4.6,2,20000.0,9.0,8,hh,7,#E3885A,65.4,30.5,39.1,生成語(疎領域充填・第1バッチ)。語根わきゃ+HN(ーん)。Temp高(7) / Re高(9) / Flow低(1)。最近傍既存語:じゃんじゃん,generated_v1_b1; 色はモデル導出の暫定値,5,5,5,8,COMPOUND(複合・異種)
いだーん,生成語。語根いだ+HN。Hard低 / Decay低 / Time低。最近傍既存語:がーがー,擬態語,その他,中立,清音・濁音,暗い・重い・大,撥音・長音,,idaːŋ,0,7,3,7,6,2,5,327.0,3.0,1,1591.0,4.7,6,0,4,#8A5027,40.1,20.8,33.7,生成語(疎領域充填・第2バッチ)。語根いだ+HN(ーん)。Hard低(2) / Decay低(1) / Time低(3)。最近傍既存語:がーがー,generated_v1_b2; 色はモデル導出の暫定値,5,5,5,8,COMPOUND(複合・異種)
いちーん,生成語。語根いち+HN。Hard低 / Space高 / Decay低。最近傍既存語:ぎいぎい,擬態語,その他,中立,清音,明るい・軽い・小,撥音・長音,,itɕiːŋ,0,5,4,8,7,1,4,914.0,5.6,2,2866.0,5.7,7,0,4,#B38053,57.8,14.1,32.3,生成語(疎領域充填・第2バッチ)。語根いち+HN(ーん)。Hard低(1) / Space高(9) / Decay低(2)。最近傍既存語:ぎいぎい,generated_v1_b2; 色はモデル導出の暫定値,5,5,5,8,COMPOUND(複合・異種)
いにー,生成語。語根いに+H。Decay低 / Time低 / Freq高。最近傍既存語:じーじー,擬態語,その他,中立,清音,明るい・軽い・小,長音,,iniː,0,2,2,6,6,5,3,1158.0,6.2,0,3040.0,5.8,4,0,4,#E2C68E,81.0,2.0,31.7,生成語(疎領域充填・第2バッチ)。語根いに+H(ー)。Decay低(1) / Time低(2) / Freq高(6)。最近傍既存語:じーじー,generated_v1_b2; 色はモデル導出の暫定値,2,7,7,1,LONG(長音ー)
おぜー,生成語。語根おぜ+H。Decay低 / Time低 / Hard低。最近傍既存語:まんじり,擬態語,その他,中立,清音・濁音,暗い・重い・大,長音,,ozeː,0,5,1,5,7,4,4,383.0,3.4,0,1898.0,5.0,5,0,4,#97744C,51.5,8.4,27.6,生成語(疎領域充填・第2バッチ)。語根おぜ+H(ー)。Decay低(0) / Time低(1) / Hard低(4)。最近傍既存語:まんじり,generated_v1_b2; 色はモデル導出の暫定値,2,7,7,1,LONG(長音ー)
ぎきー,生成語。語根ぎき+H。Freq高 / Moist低 / Space高。最近傍既存語:ぎざぎざ,擬態語,その他,中立,清音・濁音,暗い・重い・大,長音,,ɡikiː,0,5,5,9,8,3,0,1788.0,7.3,3,16762.0,8.7,6,0,4,#C38D47,62.5,13.6,44.4,生成語(疎領域充填・第2バッチ)。語根ぎき+H(ー)。Freq高(7) / Moist低(0) / Space高(9)。最近傍既存語:ぎざぎざ,generated_v1_b2; 色はモデル導出の暫定値,2,7,7,1,LONG(長音ー)
ぎぎゃーん,生成語。語根ぎぎゃ+HN。Hard低 / Weight高 / Space高。最近傍既存語:ぎゅうぎゅう,擬態語,密集度・距離感,中立,濁音,暗い・重い・大,撥音・長音,,ɡiɡjaːŋ,0,8,6,9,5,2,4,640.0,4.7,2,10466.0,7.9,8,0,4,#8F502F,40.8,23.4,30.6,生成語(疎領域充填・第2バッチ)。語根ぎぎゃ+HN(ーん)。Hard低(2) / Weight高(8) / Space高(9)。最近傍既存語:ぎゅうぎゅう,generated_v1_b2; 色はモデル導出の暫定値,5,5,5,8,COMPOUND(複合・異種)
じでーん,生成語。語根じで+HN。Decay低 / Weight高 / Hard低。最近傍既存語:がーん,擬態語,その他,中立,濁音,暗い・重い・大,撥音・長音,,dʑideːŋ,0,8,2,8,7,3,6,279.0,2.6,1,2548.0,5.5,8,mh,5,#77321E,30.2,28.9,27.2,生成語(疎領域充填・第2バッチ)。語根じで+HN(ーん)。Decay低(1) / Weight高(8) / Hard低(3)。最近傍既存語:がーん,generated_v1_b2; 色はモデル導出の暫定値,5,5,5,8,COMPOUND(複合・異種)
じみゅー,生成語。語根じみゅ+H。Decay低 / Time低 / Moist高。最近傍既存語:ごてごて,擬態語,その他,中立,清音・濁音,暗い・重い・大,長音,,dʑimjuː,0,6,1,6,7,5,6,592.0,4.5,0,5809.0,6.9,8,mh,5,#AB6F58,52.8,21.0,22.6,生成語(疎領域充填・第2バッチ)。語根じみゅ+H(ー)。Decay低(0) / Time低(1) / Moist高(6)。最近傍既存語:ごてごて,generated_v1_b2; 色はモデル導出の暫定値,2,7,7,1,LONG(長音ー)
ぞぎゅー,生成語。語根ぞぎゅ+H。Decay低 / Re高 / Time低。最近傍既存語:わーん,擬態語,その他,中立,濁音,暗い・重い・大,長音,,dzoɡjuː,0,6,3,8,5,6,5,547.0,4.3,0,18857.0,8.9,8,0,4,#9A6B58,49.5,16.5,18.0,生成語(疎領域充填・第2バッチ)。語根ぞぎゅ+H(ー)。Decay低(0) / Re高(9) / Time低(3)。最近傍既存語:わーん,generated_v1_b2; 色はモデル導出の暫定値,2,7,7,1,LONG(長音ー)
ちちゅー,生成語。語根ちちゅ+H。Freq高 / Decay低 / Weight低。最近傍既存語:ひーひー,擬態語,その他,中立,清音,明るい・軽い・小,長音,,tɕitɕuː,0,2,3,7,7,5,4,3500.0,9.0,2,9868.0,7.8,6,mh,5,#FFEBB1,95.4,7.2,33.7,生成語(疎領域充填・第2バッチ)。語根ちちゅ+H(ー)。Freq高(9) / Decay低(2) / Weight低(2)。最近傍既存語:ひーひー,generated_v1_b2; 色はモデル導出の暫定値,2,7,7,1,LONG(長音ー)
でまーん,生成語。語根でま+HN。Weight高 / Decay低 / Freq低。最近傍既存語:ずずん,擬態語,その他,中立,清音・濁音,暗い・重い・大,撥音・長音,,demaːŋ,0,9,2,6,5,4,8,132.0,0.7,1,2135.0,5.2,9,mh,5,#5A0B10,17.7,34.7,20.2,生成語(疎領域充填・第2バッチ)。語根でま+HN(ーん)。Weight高(9) / Decay低(1) / Freq低(1)。最近傍既存語:ずずん,generated_v1_b2; 色はモデル導出の暫定値,5,5,5,8,COMPOUND(複合・異種)
りじゅーん,生成語。語根りじゅ+HN。Decay低 / Hard低 / Space高。最近傍既存語:まじまじ,擬態語,その他,中立,清音・濁音,暗い・重い・大,撥音・長音,,ɾidʑuːŋ,0,5,4,8,6,3,7,721.0,5.0,2,3040.0,5.8,8,0,4,#AC8878,59.8,11.4,13.8,生成語(疎領域充填・第2バッチ)。語根りじゅ+HN(ーん)。Decay低(2) / Hard低(3) / Space高(8)。最近傍既存語:まじまじ,generated_v1_b2; 色はモデル導出の暫定値,5,5,5,8,COMPOUND(複合・異種)
りりゃーん,生成語。語根りりゃ+HN。Freq高 / Space高 / Flow低。最近傍既存語:こけこっこー,擬態語,その他,中立,清音,明るい・軽い・小,撥音・長音,,ɾiɾjaːŋ,0,3,6,9,2,5,4,1719.0,7.2,2,12488.0,8.2,7,mh,5,#F8D1A5,86.1,7.7,27.0,生成語(疎領域充填・第2バッチ)。語根りりゃ+HN(ーん)。Freq高(7) / Space高(9) / Flow低(2)。最近傍既存語:こけこっこー,generated_v1_b2; 色はモデル導出の暫定値,5,5,5,8,COMPOUND(複合・異種)
いきーん,生成語。語根いき+HN。Hard低 / Space高 / Freq高。最近傍既存語:かーんかーん,擬態語,その他,中立,清音,明るい・軽い・小,撥音・長音,,ikiːŋ,0,5,5,9,6,2,2,914.0,5.6,3,4328.0,6.4,6,mh,5,#C79051,63.8,14.0,41.1,生成語(疎領域充填・第3バッチ)。語根いき+HN(ーん)。Hard低(2) / Space高(9) / Freq高(6)。最近傍既存語:かーんかーん,generated_v1_b3; 色はモデル導出の暫定値,5,5,5,8,COMPOUND(複合・異種)
いゆーん,生成語。語根いゆ+HN。Decay低 / Time低 / Re低。最近傍既存語:おめおめ,擬態語,その他,中立,清音,明るい・軽い・小,撥音・長音,,ijuːŋ,0,4,2,5,4,5,6,368.0,3.3,0,740.0,3.4,5,0,4,#B58E70,62.0,10.4,21.6,生成語(疎領域充填・第3バッチ)。語根いゆ+HN(ーん)。Decay低(0) / Time低(2) / Re低(3)。最近傍既存語:おめおめ,generated_v1_b3; 色はモデル導出の暫定値,5,5,5,8,COMPOUND(複合・異種)
えざーん,生成語。語根えざ+HN。Decay低 / Hard低 / Time低。最近傍既存語:つくづく,擬態語,その他,中立,清音・濁音,暗い・重い・大,撥音・長音,,ezaːŋ,0,7,2,6,6,2,5,229.0,2.1,1,1333.0,4.4,6,0,4,#764626,34.6,17.5,27.7,生成語(疎領域充填・第3バッチ)。語根えざ+HN(ーん)。Decay低(1) / Hard低(2) / Time低(2)。最近傍既存語:つくづく,generated_v1_b3; 色はモデル導出の暫定値,5,5,5,8,COMPOUND(複合・異種)
えじー,生成語。語根えじ+H。Time低 / Decay低 / Boyle低。最近傍既存語:まんじり,擬態語,その他,中立,清音・濁音,暗い・重い・大,長音,,edʑiː,0,4,0,6,8,4,4,547.0,4.3,0,1414.0,4.5,5,0,4,#A7855C,57.9,7.7,26.9,生成語(疎領域充填・第3バッチ)。語根えじ+H(ー)。Time低(0) / Decay低(0) / Boyle低(5)。最近傍既存語:まんじり,generated_v1_b3; 色はモデル導出の暫定値,2,7,7,1,LONG(長音ー)
えちーん,生成語。語根えち+HN。Hard低 / Decay低 / Time低。最近傍既存語:まじまじ,擬態語,その他,中立,清音,明るい・軽い・小,撥音・長音,,etɕiːŋ,0,6,3,7,6,2,6,525.0,4.2,2,1687.0,4.8,7,0,4,#A8724D,52.9,17.0,28.9,生成語(疎領域充填・第3バッチ)。語根えち+HN(ーん)。Hard低(2) / Decay低(2) / Time低(3)。最近傍既存語:まじまじ,generated_v1_b3; 色はモデル導出の暫定値,5,5,5,8,COMPOUND(複合・異種)
きりゃー,生成語。語根きりゃ+H。Freq高 / Moist低 / Re高。最近傍既存語:けいけい,擬態語,その他,中立,清音,明るい・軽い・小,長音,,kiɾjaː,0,2,5,8,4,6,1,3234.0,8.8,2,20000.0,9.0,5,mh,5,#FFF7AB,98.0,-0.2,40.2,生成語(疎領域充填・第3バッチ)。語根きりゃ+H(ー)。Freq高(9) / Moist低(1) / Re高(9)。最近傍既存語:けいけい,generated_v1_b3; 色はモデル導出の暫定値,2,7,7,1,LONG(長音ー)
ぎぎゃー,生成語。語根ぎぎゃ+H。Freq高 / Re高 / Decay低。最近傍既存語:けいけい,擬態語,その他,中立,濁音,暗い・重い・大,長音,,ɡiɡjaː,0,6,5,8,5,4,2,1356.0,6.6,2,20000.0,9.0,7,0,4,#C08955,61.4,15.4,35.9,生成語(疎領域充填・第3バッチ)。語根ぎぎゃ+H(ー)。Freq高(7) / Re高(9) / Decay低(2)。最近傍既存語:けいけい,generated_v1_b3; 色はモデル導出の暫定値,2,7,7,1,LONG(長音ー)
くにー,生成語。語根くに+H。Decay低 / Time低 / Freq高。最近傍既存語:つーかー,擬態語,その他,中立,清音,明るい・軽い・小,長音,,kuniː,0,2,2,6,6,6,3,1070.0,6.0,1,3627.0,6.1,5,0,4,#E3C894,81.8,2.1,29.8,生成語(疎領域充填・第3バッチ)。語根くに+H(ー)。Decay低(1) / Time低(2) / Freq高(6)。最近傍既存語:つーかー,generated_v1_b3; 色はモデル導出の暫定値,2,7,7,1,LONG(長音ー)
ざだー,生成語。語根ざだ+H。Decay低 / Re高 / Time低。最近傍既存語:がーがー,擬態語,その他,中立,濁音,暗い・重い・大,長音,,dzadaː,0,6,3,8,4,5,3,525.0,4.2,0,15804.0,8.6,6,mh,5,#A5663E,49.4,21.5,33.0,生成語(疎領域充填・第3バッチ)。語根ざだ+H(ー)。Decay低(0) / Re高(9) / Time低(3)。最近傍既存語:がーがー,generated_v1_b3; 色はモデル導出の暫定値,2,7,7,1,LONG(長音ー)
じあーん,生成語。語根じあ+HN。Decay低 / Hard低 / Weight高。最近傍既存語:がーがー,擬態語,その他,中立,清音・濁音,暗い・重い・大,撥音・長音,,dʑiaːŋ,0,7,3,8,6,3,5,302.0,2.8,1,3040.0,5.8,8,mh,5,#873F1E,35.6,28.6,33.5,生成語(疎領域充填・第3バッチ)。語根じあ+HN(ーん)。Decay低(1) / Hard低(3) / Weight高(7)。最近傍既存語:がーがー,generated_v1_b3; 色はモデル導出の暫定値,5,5,5,8,COMPOUND(複合・異種)
ずじゅー,生成語。語根ずじゅ+H。Decay低 / Time低 / Re高。最近傍既存語:わーん,擬態語,その他,中立,濁音,暗い・重い・大,長音,,dzudʑuː,0,6,1,7,5,6,6,467.0,3.9,0,9868.0,7.8,7,0,4,#956D6A,50.0,15.3,7.8,生成語(疎領域充填・第3バッチ)。語根ずじゅ+H(ー)。Decay低(0) / Time低(1) / Re高(8)。最近傍既存語:わーん,generated_v1_b3; 色はモデル導出の暫定値,2,7,7,1,LONG(長音ー)
ずじゅーん,生成語。語根ずじゅ+HN。Decay低 / Time低 / Weight高。最近傍既存語:がーん,擬態語,その他,中立,濁音,暗い・重い・大,撥音・長音,,dzudʑuːŋ,0,8,2,8,5,4,8,220.0,2.0,0,4590.0,6.5,9,0,4,#683842,29.9,22.3,3.7,生成語(疎領域充填・第3バッチ)。語根ずじゅ+HN(ーん)。Decay低(0) / Time低(2) / Weight高(8)。最近傍既存語:がーん,generated_v1_b3; 色はモデル導出の暫定値,5,5,5,8,COMPOUND(複合・異種)
ぜちゅー,生成語。語根ぜちゅ+H。Decay低 / Re高 / Time低。最近傍既存語:じーじー,擬態語,その他,中立,清音・濁音,暗い・重い・大,長音,,dzetɕuː,0,6,3,8,6,5,6,811.0,5.3,1,17779.0,8.8,8,0,4,#A46D5B,51.5,19.7,19.1,生成語(疎領域充填・第3バッチ)。語根ぜちゅ+H(ー)。Decay低(1) / Re高(9) / Time低(3)。最近傍既存語:じーじー,generated_v1_b3; 色はモデル導出の暫定値,2,7,7,1,LONG(長音ー)
だめーん,生成語。語根だめ+HN。Weight高 / Decay低 / Freq低。最近傍既存語:ずずん,擬態語,その他,中立,清音・濁音,暗い・重い・大,撥音・長音,,dameːŋ,0,9,2,6,5,4,8,132.0,0.7,1,2135.0,5.2,9,mh,5,#5A0B10,17.7,34.7,20.2,生成語(疎領域充填・第3バッチ)。語根だめ+HN(ーん)。Weight高(9) / Decay低(1) / Freq低(1)。最近傍既存語:ずずん,generated_v1_b3; 色はモデル導出の暫定値,5,5,5,8,COMPOUND(複合・異種)
でみー,生成語。語根でみ+H。Decay低 / Time低 / Weight高。最近傍既存語:ごてごて,擬態語,その他,中立,清音・濁音,暗い・重い・大,長音,,demiː,0,7,2,6,8,4,6,449.0,3.8,0,5809.0,6.9,8,0,4,#864730,37.4,24.6,25.4,生成語(疎領域充填・第3バッチ)。語根でみ+H(ー)。Decay低(0) / Time低(2) / Weight高(7)。最近傍既存語:ごてごて,generated_v1_b3; 色はモデル導出の暫定値,2,7,7,1,LONG(長音ー)
ぴじゅー,生成語。語根ぴじゅ+H。Decay低 / Time低 / Freq高。最近傍既存語:じーじー,擬態語,その他,中立,濁音・半濁音,暗い・重い・大,長音,,pidʑuː,0,3,2,7,8,6,5,1205.0,6.3,1,7352.0,7.3,7,0,4,#D6AF8E,74.1,9.8,22.1,生成語(疎領域充填・第3バッチ)。語根ぴじゅ+H(ー)。Decay低(1) / Time低(2) / Freq高(6)。最近傍既存語:じーじー,generated_v1_b3; 色はモデル導出の暫定値,2,7,7,1,LONG(長音ー)
みめー,生成語。語根みめ+H。Decay低 / Time低 / Freq高。最近傍既存語:じわじわ,擬態語,その他,中立,清音,明るい・軽い・小,長音,,mimeː,0,4,1,5,7,6,5,666.0,4.8,0,2866.0,5.7,7,mh,5,#C39069,63.7,14.5,28.1,生成語(疎領域充填・第3バッチ)。語根みめ+H(ー)。Decay低(0) / Time低(1) / Freq高(5)。最近傍既存語:じわじわ,generated_v1_b3; 色はモデル導出の暫定値,2,7,7,1,LONG(長音ー)
よぞー,生成語。語根よぞ+H。Time低 / Decay低 / Space低。最近傍既存語:ほーほー,擬態語,その他,中立,清音・濁音,暗い・重い・大,長音,,jozoː,0,5,0,3,6,6,4,368.0,3.3,0,1790.0,4.9,5,0,4,#9A7E5F,54.8,6.4,21.0,生成語(疎領域充填・第3バッチ)。語根よぞ+H(ー)。Time低(0) / Decay低(0) / Space低(3)。最近傍既存語:ほーほー,generated_v1_b3; 色はモデル導出の暫定値,2,7,7,1,LONG(長音ー)
りみゅーん,生成語。語根りみゅ+HN。Decay低 / Moist高 / Space高。最近傍既存語:かーんかーん,擬態語,その他,中立,清音,明るい・軽い・小,撥音・長音,,ɾimjuːŋ,0,4,4,8,4,4,7,878.0,5.5,1,4328.0,6.4,8,0,4,#CA9F8B,68.8,13.0,16.3,生成語(疎領域充填・第3バッチ)。語根りみゅ+HN(ーん)。Decay低(1) / Moist高(7) / Space高(8)。最近傍既存語:かーんかーん,generated_v1_b3; 色はモデル導出の暫定値,5,5,5,8,COMPOUND(複合・異種)
りみー,生成語。語根りみ+H。Freq高 / Decay低 / Weight低。最近傍既存語:けいけい,擬態語,その他,中立,清音,明るい・軽い・小,長音,,ɾimiː,0,2,4,8,6,5,3,2358.0,8.0,1,7798.0,7.4,6,0,4,#F3D7A3,87.2,2.1,29.3,生成語(疎領域充填・第3バッチ)。語根りみ+H(ー)。Freq高(8) / Decay低(1) / Weight低(2)。最近傍既存語:けいけい,generated_v1_b3; 色はモデル導出の暫定値,2,7,7,1,LONG(長音ー)
りゆーん,生成語。語根りゆ+HN。Decay低 / Time低 / Moist高。最近傍既存語:めーめー,擬態語,その他,中立,清音,明るい・軽い・小,撥音・長音,,ɾijuːŋ,0,3,3,6,3,6,6,780.0,5.2,0,1687.0,4.8,6,0,4,#D8BB9E,77.5,6.0,18.5,生成語(疎領域充填・第3バッチ)。語根りゆ+HN(ーん)。Decay低(0) / Time低(3) / Moist高(7)。最近傍既存語:めーめー,generated_v1_b3; 色はモデル導出の暫定値,5,5,5,8,COMPOUND(複合・異種)
あけらかん,あっけらかんとして平然としているさま。,擬態語,その他,快,清音,明るい・軽い・小,撥音,akeɾakaŋ,akeɾakaŋ,0,4,5,5,3,6,4,345.1,3.14,5,3409.6,5.99,5,mh,5,#800000,25.5,48.0,38.1,無声破裂音の領域性・鼻音の共鳴と持続性を反映し、Weight 4・Time 5・Flow 3のベクトル配置。,,5,5,5,8,COMPOUND(複合・異種)
あざあざ,あざやかで澄んだ様子、鮮明なさま。,擬態語,その他,中立,清音・濁音,暗い・重い・大,畳語,azaaza,azaaza,0,5,4,5,3,7,5,350.9,3.18,3,8362.3,7.52,5,0,4,#4682B4,52.5,-4.1,-32.2,濁音による質量感を反映し、Weight 5・Time 4・Flow 3のベクトル配置。,,4,5,5,1,REDUP(畳語・同一)
あっけらかん,案外なことに呆気にとられつつも、平気でいるさま。,擬態語,その他,中立,清音,明るい・軽い・小,促音・撥音,akkeɾakaŋ,akkeɾakaŋ,0,4,6,5,3,6,3,341.4,3.11,6,3763.7,6.16,5,h,6,#FFD700,86.9,-1.9,87.1,無声破裂音の領域性・鼻音の共鳴と持続性を反映し、Weight 4・Time 6・Flow 3のベクトル配置。,,5,5,5,8,COMPOUND(複合・異種)
あっはっは,大声で明朗に笑う声。,擬声語,その他,中立,清音,明るい・軽い・小,促音,ahhahha,ahhahha,0,4,5,4,3,7,6,423.7,3.65,4,3082.3,5.82,5,mh,5,#FFFF00,97.1,-21.6,94.5,摩擦音による流体・気体性・促音による時間的突発性(Decay high)を反映し、Weight 4・Time 5・Flow 3のベクトル配置。,,5,5,0,8,COMPOUND(複合・異種)
あはははは,高らかに連続して笑う声。,擬声語,スピード・テンポ,中立,清音,明るい・軽い・小,単発・その他,ahahahaha,ahahahaha,0,3,5,4,3,7,5,512.2,4.14,4,3226.8,5.90,4,mh,5,#FFFF00,97.1,-21.6,94.5,摩擦音による流体・気体性を反映し、Weight 3・Time 5・Flow 3のベクトル配置。,,5,5,0,8,COMPOUND(複合・異種)
あぷあぷ,水面に浮き沈みしながらもがく音・様子。,擬音語・擬態語,気象・自然,不快,清音・半濁音,明るい・軽い・小,畳語,apuapu,apuapu,0,4,5,4,6,6,6,326.5,3.00,4,3626.1,6.10,6,0,4,#4169E1,47.8,26.3,-65.3,無声破裂音の領域性を反映し、Weight 4・Time 5・Flow 6のベクトル配置。,,4,5,5,1,REDUP(畳語・同一)
いがいが,喉や肌に刺さるような異物感・不快感がある様子。,擬音語・擬態語,感情・人体・生理,中立,清音・濁音,暗い・重い・大,畳語,iɡaiɡa,iɡaiɡa,0,5,5,5,5,5,4,360.7,3.25,4,3605.9,6.09,6,0,4,#FF4500,57.6,67.8,69.0,濁音による質量感を反映し、Weight 5・Time 5・Flow 5のベクトル配置。,,4,5,5,1,REDUP(畳語・同一)
いけしゃーしゃー,厚かましく平然としているさま。,擬態語,その他,快,清音,明るい・軽い・小,長音,ikeɕaːɕaː,ikeɕaːɕaː,0,3,4,5,3,7,4,1225.0,6.34,3,9361.3,7.71,5,mh,5,#800000,25.5,48.0,38.1,無声破裂音の領域性・摩擦音による流体・気体性を反映し、Weight 3・Time 4・Flow 3のベクトル配置。,,3,7,5,0,LONG(長音ー)
うえーん,子供が泣き叫ぶ声。,擬声語,その他,中立,清音,暗い・重い・大,撥音・長音,ueːŋ,ueːŋ,0,5,3,6,5,6,5,881.2,5.51,1,6323.3,7.04,5,mh,5,#1E90FF,59.4,10.0,-63.4,鼻音の共鳴と持続性・長音による持続傾向を反映し、Weight 5・Time 3・Flow 5のベクトル配置。,,2,7,5,0,LONG(長音ー)
うおんうおん,獣や犬が低く太い声で吠える音・泣く声。,擬声語・擬音語,生き物,不快,清音,暗い・重い・大,畳語・撥音,uoŋuoŋ,uoŋuoŋ,0,5,4,5,4,5,6,139.4,0.84,3,2213.1,5.26,5,mh,5,#4682B4,52.5,-4.1,-32.2,鼻音の共鳴と持続性を反映し、Weight 5・Time 4・Flow 4のベクトル配置。,,4,5,5,1,REDUP(畳語・同一)
うおー,大声で叫ぶ歓声・咆哮。,擬声語,その他,中立,清音,暗い・重い・大,長音,uoː,uoː,0,5,2,5,4,6,4,679.5,4.85,2,6365.5,7.06,5,mh,5,#FF0000,53.2,80.1,67.2,長音による持続傾向を反映し、Weight 5・Time 2・Flow 4のベクトル配置。,,2,7,5,0,LONG(長音ー)
うかと,ふとうっかりと油断する様子。,擬態語,その他,中立,清音,暗い・重い・大,単発・その他,ukato,ukato,0,4,5,4,5,6,4,297.0,2.76,6,1115.7,4.10,5,0,4,#F5F5F5,96.5,-0.0,0.0,無声破裂音の領域性を反映し、Weight 4・Time 5・Flow 5のベクトル配置。,,5,5,0,8,COMPOUND(複合・異種)
うぐひ,鳥（ウグイスなど）が鳴く声（古風）。,擬声語・擬音語,気象・自然・生き物,中立,清音・濁音,暗い・重い・大,単発・その他,uɡuçi,uɡuçi,0,5,4,4,5,6,6,447.0,3.79,4,2340.5,5.36,6,0,4,#FFFFFF,100.0,-0.0,0.0,濁音による質量感・摩擦音による流体・気体性を反映し、Weight 5・Time 4・Flow 5のベクトル配置。,,5,5,0,8,COMPOUND(複合・異種)
うざうざ,大勢・大量に群がり動く様子、または煩わしいさま。,擬態語,その他,中立,清音・濁音,暗い・重い・大,畳語,uzauza,uzauza,0,5,5,4,5,6,5,278.4,2.59,4,6622.3,7.12,6,mc,3,#0000FF,32.3,79.2,-107.9,濁音による質量感を反映し、Weight 5・Time 5・Flow 5のベクトル配置。,,4,5,5,1,REDUP(畳語・同一)
うだうだ,つまらないことをぐずぐずと言い続けるさま。,擬態語,その他,中立,清音・濁音,暗い・重い・大,畳語,udauda,udauda,0,5,4,3,4,6,6,265.1,2.47,3,1833.6,4.94,6,0,4,#808080,53.6,-0.0,0.0,濁音による質量感を反映し、Weight 5・Time 4・Flow 4のベクトル配置。,,4,5,5,1,REDUP(畳語・同一)
うっすり,うっすらとほんのりしているさま。,擬態語,その他,中立,清音,暗い・重い・大,促音・「り」変化,ussuɾi,ussuɾi,0,3,4,4,4,7,4,449.5,3.80,5,1952.3,5.05,5,0,4,#E6E6FA,91.8,3.7,-9.7,摩擦音による流体・気体性・弾き音/ɾ/による運動変化を反映し、Weight 3・Time 4・Flow 4のベクトル配置。,,5,5,5,8,COMPOUND(複合・異種)
うとっ,一瞬うとうととする様子。,擬態語,その他,中立,清音,暗い・重い・大,促音,utoʔ,utoʔ,0,4,6,5,6,6,4,480.2,3.97,7,6511.4,7.09,6,0,4,#778899,55.9,-2.2,-11.1,無声破裂音の領域性・促音による時間的突発性(Decay high)を反映し、Weight 4・Time 6・Flow 6のベクトル配置。,,2,5,0,0,Q(促音単発)
うはは,高らかに笑う声。,擬声語,その他,中立,清音,暗い・重い・大,単発・その他,uhaha,uhaha,0,3,4,4,3,7,5,481.2,3.98,4,2403.7,5.40,4,mh,5,#FFFF00,97.1,-21.6,94.5,摩擦音による流体・気体性を反映し、Weight 3・Time 4・Flow 3のベクトル配置。,,5,5,0,8,COMPOUND(複合・異種)
うひひ,忍び笑い、卑しい笑い声。,擬声語,その他,中立,清音,暗い・重い・大,単発・その他,uçiçi,uçiçi,0,3,5,4,5,7,5,889.3,5.53,5,3655.9,6.11,5,mh,5,#FFFFFF,100.0,-0.0,0.0,摩擦音による流体・気体性を反映し、Weight 3・Time 5・Flow 5のベクトル配置。,,5,5,0,8,COMPOUND(複合・異種)
うひょひょ,歓喜や冷やかしの奇声・笑い声。,擬声語,その他,中立,清音,暗い・重い・大,単発・その他,uçjoçjo,uçjoçjo,0,3,4,3,4,8,6,661.7,4.78,4,2020.6,5.11,5,mh,5,#FFFFFF,100.0,-0.0,0.0,摩擦音による流体・気体性を反映し、Weight 3・Time 4・Flow 4のベクトル配置。,,5,5,0,8,COMPOUND(複合・異種)
うふっ,思わず漏れる含み笑い。,擬態語,その他,中立,清音,暗い・重い・大,促音,uɸuʔ,uɸuʔ,0,4,7,6,7,6,4,528.6,4.21,7,7943.2,7.43,7,mh,5,#FFFFFF,100.0,-0.0,0.0,摩擦音による流体・気体性・促音による時間的突発性(Decay high)を反映し、Weight 4・Time 7・Flow 7のベクトル配置。,,2,5,0,0,Q(促音単発)
うふふっ,可愛らしく静かに笑う様子。,擬声語・擬態語,静寂表現,中立,清音,暗い・重い・大,促音,uɸuɸuʔ,uɸuɸuʔ,0,3,6,5,6,7,4,534.6,4.24,7,6452.8,7.08,6,mh,5,#FFF0F5,96.1,5.9,-0.6,摩擦音による流体・気体性・促音による時間的突発性(Decay high)を反映し、Weight 3・Time 6・Flow 6のベクトル配置。,,2,5,0,0,Q(促音単発)
うふふふ,満足そうに笑い続ける声。,擬声語・擬情語,人体・生理,中立,清音,暗い・重い・大,単発・その他,uɸuɸuɸu,uɸuɸuɸu,0,3,4,3,5,7,6,362.8,3.26,4,1797.0,4.91,5,mh,5,#FFF0F5,96.1,5.9,-0.6,摩擦音による流体・気体性を反映し、Weight 3・Time 4・Flow 5のベクトル配置。,,5,5,0,8,COMPOUND(複合・異種)
うるうる,目に涙が溜まってうるんでいる様子。,擬態語,人体・生理,中立,清音,暗い・重い・大,畳語,uɾuuɾu,uɾuuɾu,0,4,4,3,4,7,6,256.4,2.38,3,327.7,2.02,5,0,4,#4682B4,52.5,-4.1,-32.2,弾き音/ɾ/による運動変化を反映し、Weight 4・Time 4・Flow 4のベクトル配置。,,4,5,5,1,REDUP(畳語・同一)
うるっ,瞬間的に涙ぐむ様子。,擬態語,スピード・テンポ・人体・生理,中立,清音,暗い・重い・大,促音,uɾuʔ,uɾuʔ,0,5,8,7,7,5,3,505.4,4.10,8,8972.8,7.64,7,mc,3,#FFFFFF,100.0,-0.0,0.0,弾き音/ɾ/による運動変化・促音による時間的突発性(Decay high)を反映し、Weight 5・Time 8・Flow 7のベクトル配置。,,2,5,0,0,Q(促音単発)
うーっ,唸り声や警戒の声。,擬声語,その他,中立,清音,暗い・重い・大,促音・長音,uːʔ,uːʔ,0,4,3,6,5,6,4,1034.0,5.91,3,8592.3,7.56,6,0,4,#F0FFFF,98.9,-4.9,-1.7,促音による時間的突発性(Decay high)・長音による持続傾向を反映し、Weight 4・Time 3・Flow 5のベクトル配置。,,2,7,5,0,LONG(長音ー)
うーむ,考え込むときの低い唸り声。,擬声語,その他,中立,清音,暗い・重い・大,長音,uːmu,uːmu,0,4,2,4,5,6,4,890.8,5.54,1,5188.4,6.71,5,0,4,#696969,44.4,-0.0,0.0,鼻音の共鳴と持続性・長音による持続傾向を反映し、Weight 4・Time 2・Flow 5のベクトル配置。,,2,7,5,0,LONG(長音ー)
えっへん,威張って咳払いをする様子。,擬態語,人体・生理,中立,清音,明るい・軽い・小,促音・撥音,ehheŋ,ehheŋ,0,5,6,6,6,5,5,317.5,2.92,6,2243.1,5.28,6,0,4,#8B0000,28.1,51.0,41.3,摩擦音による流体・気体性・鼻音の共鳴と持続性を反映し、Weight 5・Time 6・Flow 6のベクトル配置。,,3,6,5,0,N(撥音単発)
えへらえへら,締まりなくにやにや笑う様子。,擬声語・擬態語,その他,中立,清音,明るい・軽い・小,畳語,eheɾaeheɾa,eheɾaeheɾa,0,3,5,3,3,8,4,370.2,3.31,3,2723.8,5.61,5,mh,5,#FFFFE0,99.3,-5.1,14.8,摩擦音による流体・気体性・弾き音/ɾ/による運動変化を反映し、Weight 3・Time 5・Flow 3のベクトル配置。,,4,5,5,1,REDUP(畳語・同一)
えへんえへん,何度も咳払いをする様子。,擬態語,人体・生理,中立,清音,明るい・軽い・小,畳語・撥音,eheŋeheŋ,eheŋeheŋ,0,4,5,5,5,6,5,283.4,2.64,4,2320.3,5.34,6,0,4,#8B0000,28.1,51.0,41.3,摩擦音による流体・気体性・鼻音の共鳴と持続性を反映し、Weight 4・Time 5・Flow 5のベクトル配置。,,4,5,5,1,REDUP(畳語・同一)
えんえん,声をあげて泣き続ける様子。,擬声語・擬態語,その他,中立,清音,明るい・軽い・小,畳語・撥音,eŋeŋ,eŋeŋ,0,4,4,5,5,6,5,348.0,3.16,3,2234.0,5.28,5,mh,5,#FFFF00,97.1,-21.6,94.5,鼻音の共鳴と持続性を反映し、Weight 4・Time 4・Flow 5のベクトル配置。,,4,5,5,1,REDUP(畳語・同一)
えーんえーん,子供が声を忍ばず泣き続ける声。,擬声語,その他,中立,清音,明るい・軽い・小,畳語・撥音・長音,eːŋeːŋ,eːŋeːŋ,0,5,4,6,4,5,6,489.2,4.02,2,3694.4,6.13,6,mh,5,#FF69B4,65.5,64.2,-10.6,鼻音の共鳴と持続性・長音による持続傾向を反映し、Weight 5・Time 4・Flow 4のベクトル配置。,,4,5,5,1,REDUP(畳語・同一)
おうおう,大声で呼びかけたり威嚇・号泣したりする声。,擬声語,その他,中立,清音,暗い・重い・大,畳語,ouou,ouou,0,5,4,4,4,6,6,356.0,3.21,3,2485.1,5.46,5,0,4,#4682B4,52.5,-4.1,-32.2,表現特有の音韻構造を反映し、Weight 5・Time 4・Flow 4のベクトル配置。,,4,5,5,1,REDUP(畳語・同一)
おうしいつくつく,ツクツクボウシの雄々しい鳴き声。,擬声語,その他,中立,清音,暗い・重い・大,単発・その他,ouɕiitsukutsuku,ouɕiitsukutsuku,0,4,4,5,6,6,5,560.8,4.36,5,2124.0,5.19,6,0,4,#4B0082,20.5,51.7,-53.3,無声破裂音の領域性・摩擦音による流体・気体性を反映し、Weight 4・Time 4・Flow 6のベクトル配置。,,5,5,0,8,COMPOUND(複合・異種)
おおしいつくつく,蝉（ツクツクボウシ）の力強い鳴き声の模写。,擬声語,その他,中立,清音,暗い・重い・大,単発・その他,ooɕiitsukutsuku,ooɕiitsukutsuku,0,4,5,6,6,5,5,489.9,4.02,5,2569.5,5.51,6,0,4,#4B0082,20.5,51.7,-53.3,無声破裂音の領域性・摩擦音による流体・気体性を反映し、Weight 4・Time 5・Flow 6のベクトル配置。,,5,5,0,8,COMPOUND(複合・異種)
おぎゃ,赤ん坊が産声をあげる音。,擬声語・擬音語,その他,中立,清音・濁音,暗い・重い・大,単発・その他,oɡja,oɡja,0,5,4,4,4,6,6,252.3,2.34,4,3217.6,5.90,6,mh,5,#8F502F,40.9,23.3,30.5,濁音による質量感を反映し、Weight 5・Time 4・Flow 4のベクトル配置。,,5,5,0,8,COMPOUND(複合・異種)
おぎゃおぎゃ,赤ん坊が続けて激しく泣く声。,擬声語,その他,不快,清音・濁音,暗い・重い・大,畳語,oɡjaoɡja,oɡjaoɡja,0,5,5,4,4,6,6,352.8,3.19,3,5150.0,6.70,6,0,4,#FF4500,57.6,67.8,69.0,濁音による質量感を反映し、Weight 5・Time 5・Flow 4のベクトル配置。,,4,5,5,1,REDUP(畳語・同一)
おぎゃー,赤ん坊の元気な産声・泣き声。,擬声語,その他,中立,清音・濁音,暗い・重い・大,長音,oɡjaː,oɡjaː,0,4,3,5,4,7,4,1084.5,6.03,1,9078.7,7.66,5,mh,5,#FF4500,57.6,67.8,69.0,濁音による質量感・長音による持続傾向を反映し、Weight 4・Time 3・Flow 4のベクトル配置。,,2,7,5,0,LONG(長音ー)
おぎゃーおぎゃー,赤ん坊が何度も激しく泣く声。,擬声語,その他,不快,清音・濁音,暗い・重い・大,畳語・長音,oɡjaːoɡjaː,oɡjaːoɡjaː,0,5,4,5,3,6,6,611.3,4.58,2,6972.4,7.21,6,mh,5,#FF4500,57.6,67.8,69.0,濁音による質量感・長音による持続傾向を反映し、Weight 5・Time 4・Flow 3のベクトル配置。,,4,5,5,1,REDUP(畳語・同一)
おしいつくつく,ツクツクボウシの秋の鳴き声。,擬声語,その他,中立,清音,暗い・重い・大,単発・その他,oɕiitsukutsuku,oɕiitsukutsuku,0,4,5,5,6,6,5,557.4,4.35,5,2791.2,5.65,6,0,4,#4B0082,20.5,51.7,-53.3,無声破裂音の領域性・摩擦音による流体・気体性を反映し、Weight 4・Time 5・Flow 6のベクトル配置。,,5,5,0,8,COMPOUND(複合・異種)
おぼおば,ぼんやりして定まらない様子。,擬態語,その他,中立,清音・濁音,暗い・重い・大,単発・その他,obooba,obooba,0,6,4,3,5,6,7,100.0,0.00,4,1453.6,4.55,6,0,4,#708090,52.8,-2.1,-10.6,濁音による質量感を反映し、Weight 6・Time 4・Flow 5のベクトル配置。,,5,5,0,8,COMPOUND(複合・異種)
おんおん,声をあげて激しく泣く様子。,擬声語・擬態語,その他,不快,清音,暗い・重い・大,畳語・撥音,oŋoŋ,oŋoŋ,0,4,5,4,5,6,6,169.9,1.34,3,1563.2,4.67,5,mh,5,#FFFF00,97.1,-21.6,94.5,鼻音の共鳴と持続性を反映し、Weight 4・Time 5・Flow 5のベクトル配置。,,4,5,5,1,REDUP(畳語・同一)
おーしんつくつく,ツクツクボウシの鳴き声の変濁表現。,擬声語,その他,中立,清音,暗い・重い・大,撥音・長音,oːɕintsukutsuku,oːɕintsukutsuku,0,3,4,6,6,6,4,903.7,5.57,3,6112.5,6.99,5,0,4,#4B0082,20.5,51.7,-53.3,無声破裂音の領域性・摩擦音による流体・気体性を反映し、Weight 3・Time 4・Flow 6のベクトル配置。,,3,6,5,0,LONG(長音ー)
かいよ,「かいよ」という感覚・音・状態を表す表現。,擬音語・擬態語,その他,中立,清音,明るい・軽い・小,単発・その他,kaijo,kaijo,0,4,4,4,4,6,4,494.9,4.05,5,2567.9,5.51,5,mh,5,#708090,52.8,-2.1,-10.6,無声破裂音の領域性を反映し、Weight 4・Time 4・Flow 4のベクトル配置。,,5,5,0,8,COMPOUND(複合・異種)
かくっ,「かく」とする動作や現象が瞬間的・急激に行われる音や様子。,擬音語・擬態語,スピード・テンポ,中立,清音,明るい・軽い・小,促音,kakuʔ,kakuʔ,0,4,8,7,6,5,3,594.1,4.51,8,7571.6,7.35,7,0,4,#000000,0.0,0.0,0.0,無声破裂音の領域性・促音による時間的突発性(Decay high)を反映し、Weight 4・Time 8・Flow 6のベクトル配置。,,2,5,0,0,Q(促音単発)
かくん,「かく」と響き渡る音、または余韻や弾力を伴う状態。,擬音語・擬態語,テクスチャー,中立,清音,明るい・軽い・小,撥音,kakuŋ,kakuŋ,0,4,7,7,5,4,4,534.1,4.24,6,4442.5,6.44,6,0,4,#808080,53.6,-0.0,0.0,無声破裂音の領域性・鼻音の共鳴と持続性を反映し、Weight 4・Time 7・Flow 5のベクトル配置。,,3,6,5,0,N(撥音単発)
かくんかくん,「かくんかく」と響き渡る音、または余韻や弾力を伴う状態。,擬音語・擬態語,テクスチャー,中立,清音,明るい・軽い・小,畳語・撥音,kakuŋkakuŋ,kakuŋkakuŋ,0,4,6,6,4,5,4,464.7,3.89,5,3906.6,6.23,6,0,4,#D2B48C,75.0,5.0,24.4,無声破裂音の領域性・鼻音の共鳴と持続性を反映し、Weight 4・Time 6・Flow 4のベクトル配置。,,4,5,5,1,REDUP(畳語・同一)
かさかさっ,「かさかさ」とする動作や現象が瞬間的・急激に行われる音や様子。,擬音語・擬態語,スピード・テンポ,中立,清音,明るい・軽い・小,促音,kasakasaʔ,kasakasaʔ,0,3,8,6,5,6,1,804.6,5.28,8,8430.3,7.53,5,0,4,#D2B48C,75.0,5.0,24.4,無声破裂音の領域性・摩擦音による流体・気体性を反映し、Weight 3・Time 8・Flow 5のベクトル配置。,,3,5,0,0,Q(促音単発)
かさっ,「かさ」とする動作や現象が瞬間的・急激に行われる音や様子。,擬音語・擬態語,スピード・テンポ,中立,清音,明るい・軽い・小,促音,kasaʔ,kasaʔ,0,4,8,6,6,6,2,736.5,5.05,8,8737.9,7.59,6,0,4,#000000,0.0,0.0,0.0,無声破裂音の領域性・摩擦音による流体・気体性を反映し、Weight 4・Time 8・Flow 6のベクトル配置。,,2,5,0,0,Q(促音単発)
かさり,「かさ」と一度だけ鮮やかに、あるいは滑らかに行われる動作・状態。,擬態語,テクスチャー・色・光,快,清音,明るい・軽い・小,「り」変化,kasaɾi,kasaɾi,0,2,6,6,4,7,2,681.5,4.86,6,4535.6,6.48,5,mh,5,#FFFFFF,100.0,-0.0,0.0,無声破裂音の領域性・摩擦音による流体・気体性を反映し、Weight 2・Time 6・Flow 4のベクトル配置。,,4,6,0,0,RI(り単発)
かしっ,「かし」とする動作や現象が瞬間的・急激に行われる音や様子。,擬音語・擬態語,スピード・テンポ,中立,清音,明るい・軽い・小,促音,kaɕiʔ,kaɕiʔ,0,4,8,7,7,4,2,803.1,5.27,8,8491.2,7.54,7,0,4,#000000,0.0,0.0,0.0,無声破裂音の領域性・摩擦音による流体・気体性を反映し、Weight 4・Time 8・Flow 7のベクトル配置。,,2,5,0,0,Q(促音単発)
かしゃっ,「かしゃ」とする動作や現象が瞬間的・急激に行われる音や様子。,擬音語・擬態語,スピード・テンポ,中立,清音,明るい・軽い・小,促音,kaɕaʔ,kaɕaʔ,0,4,8,7,6,5,3,837.2,5.38,8,10897.1,7.97,7,0,4,#778899,55.9,-2.2,-11.1,無声破裂音の領域性・摩擦音による流体・気体性を反映し、Weight 4・Time 8・Flow 6のベクトル配置。,,2,5,0,0,Q(促音単発)
かすっ,「かす」とする動作や現象が瞬間的・急激に行われる音や様子。,擬音語・擬態語,スピード・テンポ,中立,清音,明るい・軽い・小,促音,kasuʔ,kasuʔ,0,3,8,6,6,6,2,760.0,5.13,8,8804.8,7.61,6,0,4,#000000,0.0,0.0,0.0,無声破裂音の領域性・摩擦音による流体・気体性を反映し、Weight 3・Time 8・Flow 6のベクトル配置。,,2,5,0,0,Q(促音単発)
かたこと,「かたこと」という感覚・音・状態を表す表現。,擬音語・擬態語,その他,中立,清音,明るい・軽い・小,単発・その他,katakoto,katakoto,0,4,6,5,5,4,3,396.0,3.48,6,2870.3,5.70,6,0,4,#808080,53.6,-0.0,0.0,無声破裂音の領域性を反映し、Weight 4・Time 6・Flow 5のベクトル配置。,,5,5,0,8,COMPOUND(複合・異種)
かたっ,「かた」とする動作や現象が瞬間的・急激に行われる音や様子。,擬音語・擬態語,スピード・テンポ,中立,清音,明るい・軽い・小,促音,kataʔ,kataʔ,0,4,8,7,6,4,3,589.7,4.49,8,8447.7,7.54,7,0,4,#000000,0.0,0.0,0.0,無声破裂音の領域性・促音による時間的突発性(Decay high)を反映し、Weight 4・Time 8・Flow 6のベクトル配置。,,2,5,0,0,Q(促音単発)
かたんかたん,「かたんかた」と響き渡る音、または余韻や弾力を伴う状態。,擬音語・擬態語,テクスチャー,中立,清音,明るい・軽い・小,畳語・撥音,kataŋkataŋ,kataŋkataŋ,0,4,7,6,5,3,4,499.6,4.07,5,5023.9,6.65,7,0,4,#808080,53.6,-0.0,0.0,無声破裂音の領域性・鼻音の共鳴と持続性を反映し、Weight 4・Time 7・Flow 5のベクトル配置。,,4,5,5,1,REDUP(畳語・同一)
かち,「かち」という感覚・音・状態を表す表現。,擬音語・擬態語,その他,中立,清音,明るい・軽い・小,単発・その他,katɕi,katɕi,0,4,6,6,6,3,3,1128.3,6.13,7,5659.3,6.86,7,0,4,#C0C0C0,77.7,-0.0,0.0,無声破裂音の領域性・摩擦音による流体・気体性を反映し、Weight 4・Time 6・Flow 6のベクトル配置。,,5,5,0,8,COMPOUND(複合・異種)
かちゃ,「かちゃ」という感覚・音・状態を表す表現。,擬音語・擬態語,その他,中立,清音,明るい・軽い・小,単発・その他,katɕa,katɕa,0,4,6,5,5,4,4,1186.9,6.26,6,7707.3,7.38,7,0,4,#D3D3D3,84.6,-0.0,0.0,無声破裂音の領域性・摩擦音による流体・気体性を反映し、Weight 4・Time 6・Flow 5のベクトル配置。,,5,5,0,8,COMPOUND(複合・異種)
かちゃっ,「かちゃ」とする動作や現象が瞬間的・急激に行われる音や様子。,擬音語・擬態語,スピード・テンポ,中立,清音,明るい・軽い・小,促音,katɕaʔ,katɕaʔ,0,4,8,7,6,4,3,1194.4,6.28,8,10897.0,7.97,7,0,4,#D3D3D3,84.6,-0.0,0.0,無声破裂音の領域性・摩擦音による流体・気体性を反映し、Weight 4・Time 8・Flow 6のベクトル配置。,,3,5,0,0,Q(促音単発)
かちゃり,「かちゃ」と一度だけ鮮やかに、あるいは滑らかに行われる動作・状態。,擬態語,テクスチャー・色・光,快,清音,明るい・軽い・小,「り」変化,katɕaɾi,katɕaɾi,0,3,7,6,4,5,4,1089.0,6.04,7,6709.6,7.14,6,0,4,#FFFFFF,100.0,-0.0,0.0,無声破裂音の領域性・摩擦音による流体・気体性を反映し、Weight 3・Time 7・Flow 4のベクトル配置。,,4,6,0,0,RI(り単発)
かちゃん,「かちゃ」と響き渡る音、または余韻や弾力を伴う状態。,擬音語・擬態語,テクスチャー,中立,清音,明るい・軽い・小,撥音,katɕaŋ,katɕaŋ,0,4,8,8,5,3,4,1154.1,6.19,7,8654.0,7.58,7,0,4,#D3D3D3,84.6,-0.0,0.0,無声破裂音の領域性・摩擦音による流体・気体性を反映し、Weight 4・Time 8・Flow 5のベクトル配置。,,3,6,5,0,N(撥音単発)
かちり,「かち」と一度だけ鮮やかに、あるいは滑らかに行われる動作・状態。,擬態語,テクスチャー・色・光,快,清音,明るい・軽い・小,「り」変化,katɕiɾi,katɕiɾi,0,3,7,7,5,5,3,1071.8,6.00,7,5745.1,6.88,6,mh,5,#FFFFFF,100.0,-0.0,0.0,無声破裂音の領域性・摩擦音による流体・気体性を反映し、Weight 3・Time 7・Flow 5のベクトル配置。,,4,6,0,0,RI(り単発)
かちーん,「かちー」と響き渡る音、または余韻や弾力を伴う状態。,擬音語・擬態語,テクスチャー,中立,清音,明るい・軽い・小,撥音・長音,katɕiːŋ,katɕiːŋ,0,3,5,7,5,3,3,1476.6,6.82,4,7940.2,7.43,6,0,4,#FFFF00,97.1,-21.6,94.5,無声破裂音の領域性・摩擦音による流体・気体性を反映し、Weight 3・Time 5・Flow 5のベクトル配置。,,3,7,5,0,LONG(長音ー)
かっか,「かっか」という感覚・音・状態を表す表現。,擬音語・擬態語,その他,中立,清音,明るい・軽い・小,促音,kakka,kakka,0,4,6,6,4,5,2,648.2,4.73,6,4877.5,6.60,6,mh,5,#000000,0.0,0.0,0.0,無声破裂音の領域性・促音による時間的突発性(Decay high)を反映し、Weight 4・Time 6・Flow 4のベクトル配置。,,5,5,0,8,COMPOUND(複合・異種)
かっかっ,「かっか」とする動作や現象が瞬間的・急激に行われる音や様子。,擬音語・擬態語,スピード・テンポ,中立,清音,明るい・軽い・小,畳語・促音,kakkaʔ,kakkaʔ,0,4,7,6,5,5,2,683.1,4.86,7,6965.6,7.21,6,mh,5,#FF0000,53.2,80.1,67.2,無声破裂音の領域性・促音による時間的突発性(Decay high)を反映し、Weight 4・Time 7・Flow 5のベクトル配置。,,4,5,5,1,REDUP(畳語・同一)
かっくり,「かっく」と一度だけ鮮やかに、あるいは滑らかに行われる動作・状態。,擬態語,テクスチャー・色・光,快,清音,明るい・軽い・小,促音・「り」変化,kakkuɾi,kakkuɾi,0,4,6,5,5,6,4,457.6,3.85,6,2812.8,5.67,6,mh,5,#8B4513,37.5,26.4,41.0,無声破裂音の領域性・弾き音/ɾ/による運動変化を反映し、Weight 4・Time 6・Flow 5のベクトル配置。,,5,5,5,8,COMPOUND(複合・異種)
かっくん,「かっく」と響き渡る音、または余韻や弾力を伴う状態。,擬音語・擬態語,テクスチャー,中立,清音,明るい・軽い・小,促音・撥音,kakkuŋ,kakkuŋ,0,4,8,8,6,4,3,573.2,4.42,7,5139.1,6.69,7,0,4,#808080,53.6,-0.0,0.0,無声破裂音の領域性・鼻音の共鳴と持続性を反映し、Weight 4・Time 8・Flow 6のベクトル配置。,,3,6,5,0,N(撥音単発)
かったん,「かった」と響き渡る音、または余韻や弾力を伴う状態。,擬音語・擬態語,テクスチャー,中立,清音,明るい・軽い・小,促音・撥音,kattaŋ,kattaŋ,0,5,8,8,6,3,4,585.5,4.47,7,6595.2,7.12,7,0,4,#2F4F4F,31.3,-11.7,-3.7,無声破裂音の領域性・鼻音の共鳴と持続性を反映し、Weight 5・Time 8・Flow 6のベクトル配置。,,3,6,5,0,N(撥音単発)
かったんこっとん,「かったんこっと」と響き渡る音、または余韻や弾力を伴う状態。,擬音語・擬態語,テクスチャー,中立,清音,明るい・軽い・小,促音・撥音,kattaŋkottoŋ,kattaŋkottoŋ,0,5,7,7,5,3,4,343.0,3.12,7,4626.7,6.51,7,0,4,#FFFFFF,100.0,-0.0,0.0,無声破裂音の領域性・鼻音の共鳴と持続性を反映し、Weight 5・Time 7・Flow 5のベクトル配置。,,5,5,5,8,COMPOUND(複合・異種)
かっちかち,「かっちかち」という感覚・音・状態を表す表現。,擬音語・擬態語,その他,中立,清音,明るい・軽い・小,促音,kattɕikatɕi,kattɕikatɕi,0,4,7,7,7,3,2,1397.8,6.68,8,7791.5,7.40,7,0,4,#708090,52.8,-2.1,-10.6,無声破裂音の領域性・摩擦音による流体・気体性を反映し、Weight 4・Time 7・Flow 7のベクトル配置。,,5,5,0,8,COMPOUND(複合・異種)
かっちかっち,「かっち」という音や状態が繰り返し連続して生じるさま。,擬音語・擬態語,スピード・テンポ,中立,清音,明るい・軽い・小,畳語・促音,kattɕikattɕi,kattɕikattɕi,0,4,7,7,6,3,2,1264.6,6.42,7,7466.6,7.33,7,0,4,#AFEEEE,90.1,-19.6,-6.4,無声破裂音の領域性・摩擦音による流体・気体性を反映し、Weight 4・Time 7・Flow 6のベクトル配置。,,4,5,5,1,REDUP(畳語・同一)
かっちゃん,「かっちゃ」と響き渡る音、または余韻や弾力を伴う状態。,擬音語・擬態語,テクスチャー,中立,清音,明るい・軽い・小,促音・撥音,kattɕaŋ,kattɕaŋ,0,5,7,7,5,4,5,733.7,5.04,7,6406.7,7.07,7,0,4,#708090,52.8,-2.1,-10.6,無声破裂音の領域性・摩擦音による流体・気体性を反映し、Weight 5・Time 7・Flow 5のベクトル配置。,,5,5,5,8,COMPOUND(複合・異種)
かっちん,「かっち」と響き渡る音、または余韻や弾力を伴う状態。,擬音語・擬態語,テクスチャー,中立,清音,明るい・軽い・小,促音・撥音,kattɕiŋ,kattɕiŋ,0,5,8,8,7,3,3,999.6,5.83,7,6099.1,6.98,7,mc,3,#AFEEEE,90.1,-19.6,-6.4,無声破裂音の領域性・摩擦音による流体・気体性を反映し、Weight 5・Time 8・Flow 7のベクトル配置。,,3,6,5,0,N(撥音単発)
かっぽかっぽ,「かっぽ」という音や状態が繰り返し連続して生じるさま。,擬音語・擬態語,スピード・テンポ,中立,清音・半濁音,明るい・軽い・小,畳語・促音,kappokappo,kappokappo,0,4,5,5,3,6,4,558.0,4.35,5,4570.1,6.49,6,mh,5,#FF4500,57.6,67.8,69.0,無声破裂音の領域性・促音による時間的突発性(Decay high)を反映し、Weight 4・Time 5・Flow 3のベクトル配置。,,4,5,5,1,REDUP(畳語・同一)
かつん,「かつ」と響き渡る音、または余韻や弾力を伴う状態。,擬音語・擬態語,テクスチャー,中立,清音,明るい・軽い・小,撥音,katsuŋ,katsuŋ,0,4,7,8,6,3,3,654.3,4.75,7,5720.7,6.87,7,0,4,#8B0000,28.1,51.0,41.3,無声破裂音の領域性・摩擦音による流体・気体性を反映し、Weight 4・Time 7・Flow 6のベクトル配置。,,3,6,5,0,N(撥音単発)
かばかば,「かば」という音や状態が繰り返し連続して生じるさま。,擬音語・擬態語,スピード・テンポ,中立,清音・濁音,暗い・重い・大,畳語,kabakaba,kabakaba,0,5,6,5,3,6,4,524.2,4.19,5,6894.7,7.19,6,mh,5,#4169E1,47.8,26.3,-65.3,濁音による質量感・無声破裂音の領域性を反映し、Weight 5・Time 6・Flow 3のベクトル配置。,,4,5,5,1,REDUP(畳語・同一)
かぽかぽ,「かぽ」という音や状態が繰り返し連続して生じるさま。,擬音語・擬態語,スピード・テンポ,中立,清音・半濁音,明るい・軽い・小,畳語,kapokapo,kapokapo,0,3,5,4,3,6,4,590.0,4.49,4,3740.3,6.15,5,mh,5,#FF4500,57.6,67.8,69.0,無声破裂音の領域性を反映し、Weight 3・Time 5・Flow 3のベクトル配置。,,4,5,5,1,REDUP(畳語・同一)
から,「から」という感覚・音・状態を表す表現。,擬音語・擬態語,その他,中立,清音,明るい・軽い・小,単発・その他,kaɾa,kaɾa,0,3,5,4,3,6,2,520.9,4.18,5,3181.1,5.88,5,0,4,#F4A460,74.0,23.0,46.8,無声破裂音の領域性・弾き音/ɾ/による運動変化を反映し、Weight 3・Time 5・Flow 3のベクトル配置。,,5,5,0,8,COMPOUND(複合・異種)
からころり,「からころ」と一度だけ鮮やかに、あるいは滑らかに行われる動作・状態。,擬態語,テクスチャー・色・光,快,清音,明るい・軽い・小,「り」変化,kaɾakoɾoɾi,kaɾakoɾoɾi,0,2,6,5,3,7,3,545.9,4.30,5,3049.9,5.81,5,0,4,#FFFFFF,100.0,-0.0,0.0,無声破裂音の領域性・弾き音/ɾ/による運動変化を反映し、Weight 2・Time 6・Flow 3のベクトル配置。,,4,6,0,0,RI(り単発)
からこん,「からこ」と響き渡る音、または余韻や弾力を伴う状態。,擬音語・擬態語,テクスチャー,中立,清音,明るい・軽い・小,撥音,kaɾakoŋ,kaɾakoŋ,0,3,7,7,4,5,2,582.7,4.46,6,4530.4,6.48,5,0,4,#B8860B,59.2,9.9,62.7,無声破裂音の領域性・鼻音の共鳴と持続性を反映し、Weight 3・Time 7・Flow 4のベクトル配置。,,3,6,5,0,N(撥音単発)
からっ,「から」とする動作や現象が瞬間的・急激に行われる音や様子。,擬音語・擬態語,スピード・テンポ,中立,清音,明るい・軽い・小,促音,kaɾaʔ,kaɾaʔ,0,4,8,7,5,6,2,669.0,4.81,8,7933.9,7.43,6,0,4,#000000,0.0,0.0,0.0,無声破裂音の領域性・弾き音/ɾ/による運動変化を反映し、Weight 4・Time 8・Flow 5のベクトル配置。,,2,5,0,0,Q(促音単発)
からりころり,「からりころ」と一度だけ鮮やかに、あるいは滑らかに行われる動作・状態。,擬態語,テクスチャー・色・光,快,清音,明るい・軽い・小,「り」変化,kaɾaɾikoɾoɾi,kaɾaɾikoɾoɾi,0,2,6,5,3,7,2,669.7,4.81,6,3176.2,5.87,5,0,4,#FFFFFF,100.0,-0.0,0.0,無声破裂音の領域性・弾き音/ɾ/による運動変化を反映し、Weight 2・Time 6・Flow 3のベクトル配置。,,4,6,0,0,RI(り単発)
からん,「から」と響き渡る音、または余韻や弾力を伴う状態。,擬音語・擬態語,テクスチャー,中立,清音,明るい・軽い・小,撥音,kaɾaŋ,kaɾaŋ,0,3,7,7,4,5,3,584.5,4.47,6,4401.1,6.43,5,0,4,#B8860B,59.2,9.9,62.7,無声破裂音の領域性・鼻音の共鳴と持続性を反映し、Weight 3・Time 7・Flow 4のベクトル配置。,,3,6,5,0,N(撥音単発)
からんころん,「からんころ」と響き渡る音、または余韻や弾力を伴う状態。,擬音語・擬態語,テクスチャー,中立,清音,明るい・軽い・小,撥音,kaɾaŋkoɾoŋ,kaɾaŋkoɾoŋ,0,4,6,6,3,5,4,327.1,3.00,5,1993.3,5.08,6,0,4,#B8860B,59.2,9.9,62.7,無声破裂音の領域性・鼻音の共鳴と持続性を反映し、Weight 4・Time 6・Flow 3のベクトル配置。,,5,5,5,8,COMPOUND(複合・異種)
かり,「か」と一度だけ鮮やかに、あるいは滑らかに行われる動作・状態。,擬態語,テクスチャー・色・光,快,清音,明るい・軽い・小,「り」変化,kaɾi,kaɾi,0,3,6,6,4,7,3,616.9,4.61,6,4019.8,6.27,5,mh,5,#FFFFFF,100.0,-0.0,0.0,無声破裂音の領域性・弾き音/ɾ/による運動変化を反映し、Weight 3・Time 6・Flow 4のベクトル配置。,,4,6,0,0,RI(り単発)
かりかりっ,「かりかり」とする動作や現象が瞬間的・急激に行われる音や様子。,擬音語・擬態語,スピード・テンポ,中立,清音,明るい・軽い・小,促音,kaɾikaɾiʔ,kaɾikaɾiʔ,0,4,8,7,6,5,2,1030.7,5.91,8,8424.2,7.53,6,0,4,#CD853F,61.8,21.4,47.9,無声破裂音の領域性・弾き音/ɾ/による運動変化を反映し、Weight 4・Time 8・Flow 6のベクトル配置。,,3,5,0,0,Q(促音単発)
かりっ,「かり」とする動作や現象が瞬間的・急激に行われる音や様子。,擬音語・擬態語,スピード・テンポ,中立,清音,明るい・軽い・小,促音,kaɾiʔ,kaɾiʔ,0,4,8,7,7,5,2,906.9,5.58,8,8227.6,7.49,7,0,4,#000000,0.0,0.0,0.0,無声破裂音の領域性・弾き音/ɾ/による運動変化を反映し、Weight 4・Time 8・Flow 7のベクトル配置。,,2,5,0,0,Q(促音単発)
かりり,「かり」と一度だけ鮮やかに、あるいは滑らかに行われる動作・状態。,擬態語,テクスチャー・色・光,快,清音,明るい・軽い・小,「り」変化,kaɾiɾi,kaɾiɾi,0,3,6,6,4,6,3,746.8,5.09,6,4738.2,6.55,6,mh,5,#FFFFFF,100.0,-0.0,0.0,無声破裂音の領域性・弾き音/ɾ/による運動変化を反映し、Weight 3・Time 6・Flow 4のベクトル配置。,,4,6,0,0,RI(り単発)
かりりっ,「かりり」とする動作や現象が瞬間的・急激に行われる音や様子。,擬音語・擬態語,スピード・テンポ,中立,清音,明るい・軽い・小,促音,kaɾiɾiʔ,kaɾiɾiʔ,0,4,8,8,7,4,2,1025.5,5.89,8,8745.0,7.59,7,0,4,#000000,0.0,0.0,0.0,無声破裂音の領域性・弾き音/ɾ/による運動変化を反映し、Weight 4・Time 8・Flow 7のベクトル配置。,,3,5,0,0,Q(促音単発)
かりん,「かり」と響き渡る音、または余韻や弾力を伴う状態。,擬音語・擬態語,テクスチャー,中立,清音,明るい・軽い・小,撥音,kaɾiŋ,kaɾiŋ,0,4,7,7,5,4,3,970.9,5.75,7,5595.9,6.84,6,mc,3,#808080,53.6,-0.0,0.0,無声破裂音の領域性・鼻音の共鳴と持続性を反映し、Weight 4・Time 7・Flow 5のベクトル配置。,,3,6,5,0,N(撥音単発)
かりんっ,「かりん」とする動作や現象が瞬間的・急激に行われる音や様子。,擬音語・擬態語,スピード・テンポ,中立,清音,明るい・軽い・小,促音・撥音,kaɾiŋʔ,kaɾiŋʔ,0,4,8,7,6,5,2,907.1,5.58,8,8277.5,7.50,7,0,4,#000000,0.0,0.0,0.0,無声破裂音の領域性・鼻音の共鳴と持続性を反映し、Weight 4・Time 8・Flow 6のベクトル配置。,,3,5,0,0,Q(促音単発)
かん,「か」と響き渡る音、または余韻や弾力を伴う状態。,擬音語・擬態語,テクスチャー,中立,清音,明るい・軽い・小,撥音,kaŋ,kaŋ,0,4,7,7,5,4,4,623.0,4.63,6,5795.1,6.90,6,0,4,#808080,53.6,-0.0,0.0,無声破裂音の領域性・鼻音の共鳴と持続性を反映し、Weight 4・Time 7・Flow 5のベクトル配置。,,3,6,5,0,N(撥音単発)
かんっ,「かん」とする動作や現象が瞬間的・急激に行われる音や様子。,擬音語・擬態語,スピード・テンポ,中立,清音,明るい・軽い・小,促音・撥音,kaŋʔ,kaŋʔ,0,4,8,7,6,4,3,640.9,4.70,7,8439.4,7.53,7,mh,5,#000000,0.0,0.0,0.0,無声破裂音の領域性・鼻音の共鳴と持続性を反映し、Weight 4・Time 8・Flow 6のベクトル配置。,,2,5,0,0,Q(促音単発)
かーか,音が長く尾を引いて持続する音や状態。,擬音語・擬態語,スピード・テンポ,中立,清音,明るい・軽い・小,長音,kaːka,kaːka,0,3,3,5,3,6,2,1061.9,5.98,2,6213.2,7.01,5,mh,5,#000000,0.0,0.0,0.0,無声破裂音の領域性・長音による持続傾向を反映し、Weight 3・Time 3・Flow 3のベクトル配置。,,2,7,5,0,LONG(長音ー)
がきがき,「がき」という音や状態が繰り返し連続して生じるさま。,擬音語・擬態語,スピード・テンポ,中立,清音・濁音,暗い・重い・大,畳語,ɡakiɡaki,ɡakiɡaki,0,5,7,6,5,4,3,781.2,5.20,6,6319.4,7.04,6,0,4,#FFFFFF,100.0,-0.0,0.0,濁音による質量感・無声破裂音の領域性を反映し、Weight 5・Time 7・Flow 5のベクトル配置。,,4,5,5,1,REDUP(畳語・同一)
がくっ,「がく」とする動作や現象が瞬間的・急激に行われる音や様子。,擬音語・擬態語,スピード・テンポ,中立,清音・濁音,暗い・重い・大,促音,ɡakuʔ,ɡakuʔ,0,5,8,7,7,5,3,384.5,3.41,8,7046.7,7.23,7,0,4,#000000,0.0,0.0,0.0,濁音による質量感・無声破裂音の領域性を反映し、Weight 5・Time 8・Flow 7のベクトル配置。,,2,5,0,0,Q(促音単発)
がくり,「がく」と一度だけ鮮やかに、あるいは滑らかに行われる動作・状態。,擬態語,テクスチャー・色・光,快,清音・濁音,暗い・重い・大,「り」変化,ɡakuɾi,ɡakuɾi,0,4,6,6,5,6,4,340.3,3.10,6,2926.8,5.74,6,0,4,#FFFFFF,100.0,-0.0,0.0,濁音による質量感・無声破裂音の領域性を反映し、Weight 4・Time 6・Flow 5のベクトル配置。,,4,6,0,0,RI(り単発)
がくんっ,「がくん」とする動作や現象が瞬間的・急激に行われる音や様子。,擬音語・擬態語,スピード・テンポ,中立,清音・濁音,暗い・重い・大,促音・撥音,ɡakuŋʔ,ɡakuŋʔ,0,6,8,7,7,5,4,361.2,3.25,8,6534.2,7.10,7,0,4,#000000,0.0,0.0,0.0,濁音による質量感・無声破裂音の領域性を反映し、Weight 6・Time 8・Flow 7のベクトル配置。,,3,5,0,0,Q(促音単発)
がさごそ,「がさごそ」という感覚・音・状態を表す表現。,擬音語・擬態語,その他,中立,清音・濁音,暗い・重い・大,単発・その他,ɡasaɡoso,ɡasaɡoso,0,5,6,4,5,6,2,332.7,3.04,6,3721.1,6.14,5,0,4,#556B2F,42.2,-18.8,30.6,濁音による質量感・摩擦音による流体・気体性を反映し、Weight 5・Time 6・Flow 5のベクトル配置。,,5,5,0,8,COMPOUND(複合・異種)
がさり,「がさ」と一度だけ鮮やかに、あるいは滑らかに行われる動作・状態。,擬態語,テクスチャー・色・光,快,清音・濁音,暗い・重い・大,「り」変化,ɡasaɾi,ɡasaɾi,0,4,6,6,4,7,3,455.8,3.84,6,3827.8,6.19,5,0,4,#FFFFFF,100.0,-0.0,0.0,濁音による質量感・摩擦音による流体・気体性を反映し、Weight 4・Time 6・Flow 4のベクトル配置。,,4,6,0,0,RI(り単発)
がしがし,「がし」という音や状態が繰り返し連続して生じるさま。,擬音語・擬態語,スピード・テンポ,中立,清音・濁音,暗い・重い・大,畳語,ɡaɕiɡaɕi,ɡaɕiɡaɕi,0,6,6,5,6,4,4,578.0,4.44,5,5777.4,6.89,7,mc,3,#708090,52.8,-2.1,-10.6,濁音による質量感・摩擦音による流体・気体性を反映し、Weight 6・Time 6・Flow 6のベクトル配置。,,4,5,5,1,REDUP(畳語・同一)
がしゃん,「がしゃ」と響き渡る音、または余韻や弾力を伴う状態。,擬音語・擬態語,テクスチャー,中立,清音・濁音,暗い・重い・大,撥音,ɡaɕaŋ,ɡaɕaŋ,0,6,8,7,6,4,4,578.9,4.45,7,8260.7,7.50,7,mc,3,#708090,52.8,-2.1,-10.6,濁音による質量感・摩擦音による流体・気体性を反映し、Weight 6・Time 8・Flow 6のベクトル配置。,,3,6,5,0,N(撥音単発)
がじがじ,「がじ」という音や状態が繰り返し連続して生じるさま。,擬音語・擬態語,スピード・テンポ,中立,濁音,暗い・重い・大,畳語,ɡadʑiɡadʑi,ɡadʑiɡadʑi,0,6,5,5,7,4,5,129.8,0.66,4,2515.4,5.48,7,mc,3,#BDB76B,73.4,-8.8,39.3,濁音による質量感を反映し、Weight 6・Time 5・Flow 7のベクトル配置。,,4,5,5,1,REDUP(畳語・同一)
がじゃん,「がじゃ」と響き渡る音、または余韻や弾力を伴う状態。,擬音語・擬態語,テクスチャー,中立,濁音,暗い・重い・大,撥音,ɡadʑaŋ,ɡadʑaŋ,0,6,7,8,5,4,5,303.9,2.81,6,7108.7,7.24,8,0,4,#FF0000,53.2,80.1,67.2,濁音による質量感・鼻音の共鳴と持続性を反映し、Weight 6・Time 7・Flow 5のベクトル配置。,,3,6,5,0,N(撥音単発)
がたくり,「がたく」と一度だけ鮮やかに、あるいは滑らかに行われる動作・状態。,擬態語,テクスチャー・色・光,快,清音・濁音,暗い・重い・大,「り」変化,ɡatakuɾi,ɡatakuɾi,0,4,7,6,5,6,4,303.4,2.81,6,2977.9,5.76,6,0,4,#FFFFFF,100.0,-0.0,0.0,濁音による質量感・無声破裂音の領域性を反映し、Weight 4・Time 7・Flow 5のベクトル配置。,,4,6,0,0,RI(り単発)
がたごと,「がたごと」という感覚・音・状態を表す表現。,擬音語・擬態語,その他,中立,清音・濁音,暗い・重い・大,単発・その他,ɡataɡoto,ɡataɡoto,0,7,6,5,6,4,4,100.0,0.00,6,2627.1,5.55,7,0,4,#000000,0.0,0.0,0.0,濁音による質量感・無声破裂音の領域性を反映し、Weight 7・Time 6・Flow 6のベクトル配置。,,5,5,0,8,COMPOUND(複合・異種)
がたびし,「がたびし」という感覚・音・状態を表す表現。,擬音語・擬態語,その他,中立,清音・濁音,暗い・重い・大,単発・その他,ɡatabiɕi,ɡatabiɕi,0,6,6,6,6,4,5,344.8,3.13,7,6241.5,7.02,7,mc,3,#000000,0.0,0.0,0.0,濁音による質量感・無声破裂音の領域性を反映し、Weight 6・Time 6・Flow 6のベクトル配置。,,5,5,0,8,COMPOUND(複合・異種)
がたぴしゃ,「がたぴしゃ」という感覚・音・状態を表す表現。,擬音語・擬態語,その他,中立,清音・濁音・半濁音,暗い・重い・大,単発・その他,ɡatapiɕa,ɡatapiɕa,0,5,7,6,5,5,4,600.2,4.54,6,8004.0,7.44,7,0,4,#8B4513,37.5,26.4,41.0,濁音による質量感・無声破裂音の領域性を反映し、Weight 5・Time 7・Flow 5のベクトル配置。,,5,5,0,8,COMPOUND(複合・異種)
がたぴち,「がたぴち」という感覚・音・状態を表す表現。,擬音語・擬態語,その他,中立,清音・濁音・半濁音,暗い・重い・大,単発・その他,ɡatapitɕi,ɡatapitɕi,0,5,7,6,7,4,5,770.2,5.17,7,5414.3,6.78,7,0,4,#8B4513,37.5,26.4,41.0,濁音による質量感・無声破裂音の領域性を反映し、Weight 5・Time 7・Flow 7のベクトル配置。,,5,5,0,8,COMPOUND(複合・異種)
がたんがたん,「がたんがた」と響き渡る音、または余韻や弾力を伴う状態。,擬音語・擬態語,テクスチャー,中立,清音・濁音,暗い・重い・大,畳語・撥音,ɡataŋɡataŋ,ɡataŋɡataŋ,0,6,7,6,5,3,5,217.4,1.97,5,4415.4,6.43,7,0,4,#2F4F4F,31.3,-11.7,-3.7,濁音による質量感・無声破裂音の領域性を反映し、Weight 6・Time 7・Flow 5のベクトル配置。,,4,5,5,1,REDUP(畳語・同一)
がち,「がち」という感覚・音・状態を表す表現。,擬音語・擬態語,その他,中立,清音・濁音,暗い・重い・大,単発・その他,ɡatɕi,ɡatɕi,0,6,6,6,7,3,4,712.0,4.97,7,4472.6,6.46,7,0,4,#B0E0E6,86.1,-14.1,-8.0,濁音による質量感・無声破裂音の領域性を反映し、Weight 6・Time 6・Flow 7のベクトル配置。,,5,5,0,8,COMPOUND(複合・異種)
がちっ,「がち」とする動作や現象が瞬間的・急激に行われる音や様子。,擬音語・擬態語,スピード・テンポ,中立,清音・濁音,暗い・重い・大,促音,ɡatɕiʔ,ɡatɕiʔ,0,5,8,7,8,3,3,886.6,5.52,8,8504.3,7.55,8,0,4,#000000,0.0,0.0,0.0,濁音による質量感・無声破裂音の領域性を反映し、Weight 5・Time 8・Flow 8のベクトル配置。,,2,5,0,0,Q(促音単発)
がちゃ,「がちゃ」という感覚・音・状態を表す表現。,擬音語・擬態語,その他,中立,清音・濁音,暗い・重い・大,単発・その他,ɡatɕa,ɡatɕa,0,5,6,5,5,4,5,764.3,5.15,6,6561.0,7.11,7,0,4,#708090,52.8,-2.1,-10.6,濁音による質量感・無声破裂音の領域性を反映し、Weight 5・Time 6・Flow 5のベクトル配置。,,5,5,0,8,COMPOUND(複合・異種)
がちゃっ,「がちゃ」とする動作や現象が瞬間的・急激に行われる音や様子。,擬音語・擬態語,スピード・テンポ,中立,清音・濁音,暗い・重い・大,促音,ɡatɕaʔ,ɡatɕaʔ,0,5,9,7,7,4,3,874.2,5.49,8,9999.0,7.82,8,0,4,#708090,52.8,-2.1,-10.6,濁音による質量感・無声破裂音の領域性を反映し、Weight 5・Time 9・Flow 7のベクトル配置。,,3,5,0,0,Q(促音単発)
がちゃり,「がちゃ」と一度だけ鮮やかに、あるいは滑らかに行われる動作・状態。,擬態語,テクスチャー・色・光,快,清音・濁音,暗い・重い・大,「り」変化,ɡatɕaɾi,ɡatɕaɾi,0,4,7,6,5,6,4,791.7,5.24,7,5901.3,6.93,7,0,4,#FFFFFF,100.0,-0.0,0.0,濁音による質量感・無声破裂音の領域性を反映し、Weight 4・Time 7・Flow 5のベクトル配置。,,4,6,0,0,RI(り単発)
がちり,「がち」と一度だけ鮮やかに、あるいは滑らかに行われる動作・状態。,擬態語,テクスチャー・色・光,快,清音・濁音,暗い・重い・大,「り」変化,ɡatɕiɾi,ɡatɕiɾi,0,4,7,7,6,5,3,795.2,5.25,7,4929.1,6.62,7,0,4,#FFFFFF,100.0,-0.0,0.0,濁音による質量感・無声破裂音の領域性を反映し、Weight 4・Time 7・Flow 6のベクトル配置。,,4,6,0,0,RI(り単発)
がちん,「がち」と響き渡る音、または余韻や弾力を伴う状態。,擬音語・擬態語,テクスチャー,中立,清音・濁音,暗い・重い・大,撥音,ɡatɕiŋ,ɡatɕiŋ,0,5,8,8,7,2,4,875.0,5.49,7,5620.4,6.84,7,mc,3,#4682B4,52.5,-4.1,-32.2,濁音による質量感・無声破裂音の領域性を反映し、Weight 5・Time 8・Flow 7のベクトル配置。,,3,6,5,0,N(撥音単発)
がちんがちん,「がちんがち」と響き渡る音、または余韻や弾力を伴う状態。,擬音語・擬態語,テクスチャー,中立,清音・濁音,暗い・重い・大,畳語・撥音,ɡatɕiŋɡatɕiŋ,ɡatɕiŋɡatɕiŋ,0,6,7,7,7,2,3,975.3,5.77,6,5854.5,6.91,7,mc,3,#B0E0E6,86.1,-14.1,-8.0,濁音による質量感・無声破裂音の領域性を反映し、Weight 6・Time 7・Flow 7のベクトル配置。,,4,5,5,1,REDUP(畳語・同一)
がちーん,「がちー」と響き渡る音、または余韻や弾力を伴う状態。,擬音語・擬態語,テクスチャー,中立,清音・濁音,暗い・重い・大,撥音・長音,ɡatɕiːŋ,ɡatɕiːŋ,0,5,5,7,6,3,4,1164.0,6.21,4,7030.7,7.22,6,0,4,#B0E0E6,86.1,-14.1,-8.0,濁音による質量感・無声破裂音の領域性を反映し、Weight 5・Time 5・Flow 6のベクトル配置。,,3,7,5,0,LONG(長音ー)
がっがっがっ,「がっがっが」とする動作や現象が瞬間的・急激に行われる音や様子。,擬音語・擬態語,スピード・テンポ,中立,濁音,暗い・重い・大,促音,ɡaɡɡaɡɡaʔ,ɡaɡɡaɡɡaʔ,0,7,8,7,7,4,3,315.1,2.91,8,7047.9,7.23,8,0,4,#000000,0.0,0.0,0.0,濁音による質量感・促音による時間的突発性(Decay high)を反映し、Weight 7・Time 8・Flow 7のベクトル配置。,,3,5,0,0,Q(促音単発)
がったがた,「がったがた」という感覚・音・状態を表す表現。,擬音語・擬態語,その他,中立,清音・濁音,暗い・重い・大,促音,ɡattaɡata,ɡattaɡata,0,7,7,6,6,4,4,156.4,1.13,7,4105.6,6.31,7,0,4,#696969,44.4,-0.0,0.0,濁音による質量感・無声破裂音の領域性を反映し、Weight 7・Time 7・Flow 6のベクトル配置。,,5,5,0,8,COMPOUND(複合・異種)
がったがった,「がった」という音や状態が繰り返し連続して生じるさま。,擬音語・擬態語,スピード・テンポ,中立,清音・濁音,暗い・重い・大,畳語・促音,ɡattaɡatta,ɡattaɡatta,0,7,7,5,5,4,4,281.6,2.62,6,5249.8,6.73,7,0,4,#8B4513,37.5,26.4,41.0,濁音による質量感・無声破裂音の領域性を反映し、Weight 7・Time 7・Flow 5のベクトル配置。,,4,5,5,1,REDUP(畳語・同一)
がったり,「がった」と一度だけ鮮やかに、あるいは滑らかに行われる動作・状態。,擬態語,テクスチャー・色・光,快,清音・濁音,暗い・重い・大,促音・「り」変化,ɡattaɾi,ɡattaɾi,0,5,6,5,5,5,5,229.9,2.11,6,2803.4,5.66,7,0,4,#000000,0.0,0.0,0.0,濁音による質量感・無声破裂音の領域性を反映し、Weight 5・Time 6・Flow 5のベクトル配置。,,5,5,5,8,COMPOUND(複合・異種)
がったん,「がった」と響き渡る音、または余韻や弾力を伴う状態。,擬音語・擬態語,テクスチャー,中立,清音・濁音,暗い・重い・大,促音・撥音,ɡattaŋ,ɡattaŋ,0,6,7,7,6,3,5,326.7,3.00,7,5417.9,6.78,8,mc,3,#2F4F4F,31.3,-11.7,-3.7,濁音による質量感・無声破裂音の領域性を反映し、Weight 6・Time 7・Flow 6のベクトル配置。,,3,6,5,0,N(撥音単発)
がったんがったん,「がったんがった」と響き渡る音、または余韻や弾力を伴う状態。,擬音語・擬態語,テクスチャー,中立,清音・濁音,暗い・重い・大,畳語・促音・撥音,ɡattaŋɡattaŋ,ɡattaŋɡattaŋ,0,7,7,7,5,3,5,256.6,2.39,6,5615.1,6.84,8,0,4,#FFFFFF,100.0,-0.0,0.0,濁音による質量感・無声破裂音の領域性を反映し、Weight 7・Time 7・Flow 5のベクトル配置。,,4,5,5,1,REDUP(畳語・同一)
がっちゃん,「がっちゃ」と響き渡る音、または余韻や弾力を伴う状態。,擬音語・擬態語,テクスチャー,中立,清音・濁音,暗い・重い・大,促音・撥音,ɡattɕaŋ,ɡattɕaŋ,0,6,7,7,5,4,5,493.5,4.04,6,5378.1,6.77,8,0,4,#708090,52.8,-2.1,-10.6,濁音による質量感・無声破裂音の領域性を反映し、Weight 6・Time 7・Flow 5のベクトル配置。,,5,5,5,8,COMPOUND(複合・異種)
がっちん,「がっち」と響き渡る音、または余韻や弾力を伴う状態。,擬音語・擬態語,テクスチャー,中立,清音・濁音,暗い・重い・大,促音・撥音,ɡattɕiŋ,ɡattɕiŋ,0,6,8,8,7,3,4,740.1,5.07,7,4990.2,6.64,8,mc,3,#F5F5F5,96.5,-0.0,0.0,濁音による質量感・無声破裂音の領域性を反映し、Weight 6・Time 8・Flow 7のベクトル配置。,,3,6,5,0,N(撥音単発)
がっつん,「がっつ」と響き渡る音、または余韻や弾力を伴う状態。,擬音語・擬態語,テクスチャー,中立,清音・濁音,暗い・重い・大,促音・撥音,ɡattsuŋ,ɡattsuŋ,0,6,7,8,7,3,4,416.2,3.61,7,5258.7,6.73,8,mc,3,#8B0000,28.1,51.0,41.3,濁音による質量感・無声破裂音の領域性を反映し、Weight 6・Time 7・Flow 7のベクトル配置。,,3,6,5,0,N(撥音単発)
がっはっはっ,「がっはっは」とする動作や現象が瞬間的・急激に行われる音や様子。,擬音語・擬態語,スピード・テンポ,中立,清音・濁音,暗い・重い・大,促音,ɡahhahhaʔ,ɡahhahhaʔ,0,5,8,7,6,5,3,525.3,4.20,8,8114.6,7.47,7,0,4,#000000,0.0,0.0,0.0,濁音による質量感・摩擦音による流体・気体性を反映し、Weight 5・Time 8・Flow 6のベクトル配置。,,3,5,0,0,Q(促音単発)
がっぽがっぽ,「がっぽ」という音や状態が繰り返し連続して生じるさま。,擬音語・擬態語,スピード・テンポ,中立,濁音・半濁音,暗い・重い・大,畳語・促音,ɡappoɡappo,ɡappoɡappo,0,6,5,5,4,6,6,275.5,2.57,5,3186.6,5.88,7,0,4,#FFD700,86.9,-1.9,87.1,濁音による質量感・無声破裂音の領域性を反映し、Weight 6・Time 5・Flow 4のベクトル配置。,,4,5,5,1,REDUP(畳語・同一)
がつっ,「がつ」とする動作や現象が瞬間的・急激に行われる音や様子。,擬音語・擬態語,スピード・テンポ,中立,清音・濁音,暗い・重い・大,促音,ɡatsuʔ,ɡatsuʔ,0,6,8,7,7,4,3,489.4,4.02,8,7630.1,7.36,8,0,4,#000000,0.0,0.0,0.0,濁音による質量感・無声破裂音の領域性を反映し、Weight 6・Time 8・Flow 7のベクトル配置。,,3,5,0,0,Q(促音単発)
がはは,「がはは」という感覚・音・状態を表す表現。,擬音語・擬態語,その他,中立,清音・濁音,暗い・重い・大,単発・その他,ɡahaha,ɡahaha,0,5,6,4,4,6,5,376.2,3.35,5,3551.6,6.06,6,0,4,#FFFF00,97.1,-21.6,94.5,濁音による質量感・摩擦音による流体・気体性を反映し、Weight 5・Time 6・Flow 4のベクトル配置。,,5,5,0,8,COMPOUND(複合・異種)
がばり,「がば」と一度だけ鮮やかに、あるいは滑らかに行われる動作・状態。,擬態語,テクスチャー・色・光,快,清音・濁音,暗い・重い・大,「り」変化,ɡabaɾi,ɡabaɾi,0,4,6,6,4,7,5,341.5,3.11,6,3987.3,6.26,6,mh,5,#FFFFFF,100.0,-0.0,0.0,濁音による質量感・弾き音/ɾ/による運動変化を反映し、Weight 4・Time 6・Flow 4のベクトル配置。,,4,6,0,0,RI(り単発)
がぼりがぼり,「がぼりがぼ」と一度だけ鮮やかに、あるいは滑らかに行われる動作・状態。,擬態語,テクスチャー・色・光,快,清音・濁音,暗い・重い・大,畳語・「り」変化,ɡaboɾiɡaboɾi,ɡaboɾiɡaboɾi,0,5,5,4,5,6,5,325.9,2.99,5,4004.6,6.27,7,0,4,#191970,15.9,31.7,-49.6,濁音による質量感・弾き音/ɾ/による運動変化を反映し、Weight 5・Time 5・Flow 5のベクトル配置。,,4,5,5,1,REDUP(畳語・同一)
がらっ,「がら」とする動作や現象が瞬間的・急激に行われる音や様子。,擬音語・擬態語,スピード・テンポ,中立,清音・濁音,暗い・重い・大,促音,ɡaɾaʔ,ɡaɾaʔ,0,5,8,6,5,6,3,470.1,3.92,7,7409.0,7.31,7,0,4,#000000,0.0,0.0,0.0,濁音による質量感・弾き音/ɾ/による運動変化を反映し、Weight 5・Time 8・Flow 5のベクトル配置。,,2,5,0,0,Q(促音単発)
がらりがらり,「がらりがら」と一度だけ鮮やかに、あるいは滑らかに行われる動作・状態。,擬態語,テクスチャー・色・光,快,清音・濁音,暗い・重い・大,畳語・「り」変化,ɡaɾaɾiɡaɾaɾi,ɡaɾaɾiɡaɾaɾi,0,4,5,5,4,7,3,440.0,3.75,5,3335.3,5.96,5,0,4,#FFFFFF,100.0,-0.0,0.0,濁音による質量感・弾き音/ɾ/による運動変化を反映し、Weight 4・Time 5・Flow 4のベクトル配置。,,4,5,5,1,REDUP(畳語・同一)
がらりごろり,「がらりごろ」と一度だけ鮮やかに、あるいは滑らかに行われる動作・状態。,擬態語,テクスチャー・色・光,快,清音・濁音,暗い・重い・大,「り」変化,ɡaɾaɾiɡoɾoɾi,ɡaɾaɾiɡoɾoɾi,0,4,6,5,4,7,3,380.3,3.38,6,2919.4,5.73,6,0,4,#FFFFFF,100.0,-0.0,0.0,濁音による質量感・弾き音/ɾ/による運動変化を反映し、Weight 4・Time 6・Flow 4のベクトル配置。,,4,6,0,0,RI(り単発)
がらりっ,「がらり」とする動作や現象が瞬間的・急激に行われる音や様子。,擬音語・擬態語,スピード・テンポ,中立,清音・濁音,暗い・重い・大,促音,ɡaɾaɾiʔ,ɡaɾaɾiʔ,0,4,7,7,6,5,2,663.4,4.79,7,6857.6,7.18,6,0,4,#FFFFFF,100.0,-0.0,0.0,濁音による質量感・弾き音/ɾ/による運動変化を反映し、Weight 4・Time 7・Flow 6のベクトル配置。,,3,5,0,0,Q(促音単発)
がらんがらん,「がらんがら」と響き渡る音、または余韻や弾力を伴う状態。,擬音語・擬態語,テクスチャー,中立,清音・濁音,暗い・重い・大,畳語・撥音,ɡaɾaŋɡaɾaŋ,ɡaɾaŋɡaɾaŋ,0,5,5,6,3,5,4,279.9,2.61,4,3322.4,5.95,5,0,4,#D3D3D3,84.6,-0.0,0.0,濁音による質量感・鼻音の共鳴と持続性を反映し、Weight 5・Time 5・Flow 3のベクトル配置。,,4,5,5,1,REDUP(畳語・同一)
がらんごろん,「がらんごろ」と響き渡る音、または余韻や弾力を伴う状態。,擬音語・擬態語,テクスチャー,中立,清音・濁音,暗い・重い・大,撥音,ɡaɾaŋɡoɾoŋ,ɡaɾaŋɡoɾoŋ,0,5,5,6,3,5,5,100.0,0.00,5,1686.6,4.80,6,0,4,#D3D3D3,84.6,-0.0,0.0,濁音による質量感・鼻音の共鳴と持続性を反映し、Weight 5・Time 5・Flow 3のベクトル配置。,,5,5,5,8,COMPOUND(複合・異種)
がり,「が」と一度だけ鮮やかに、あるいは滑らかに行われる動作・状態。,擬態語,テクスチャー・色・光,快,清音・濁音,暗い・重い・大,「り」変化,ɡaɾi,ɡaɾi,0,4,6,6,5,7,4,418.3,3.62,6,3470.4,6.02,6,mh,5,#FFFFFF,100.0,-0.0,0.0,濁音による質量感・弾き音/ɾ/による運動変化を反映し、Weight 4・Time 6・Flow 5のベクトル配置。,,4,6,0,0,RI(り単発)
がりっ,「がり」とする動作や現象が瞬間的・急激に行われる音や様子。,擬音語・擬態語,スピード・テンポ,中立,清音・濁音,暗い・重い・大,促音,ɡaɾiʔ,ɡaɾiʔ,0,5,8,7,7,4,3,703.2,4.94,8,7663.1,7.37,7,0,4,#000000,0.0,0.0,0.0,濁音による質量感・弾き音/ɾ/による運動変化を反映し、Weight 5・Time 8・Flow 7のベクトル配置。,,2,5,0,0,Q(促音単発)
がりり,「がり」と一度だけ鮮やかに、あるいは滑らかに行われる動作・状態。,擬態語,テクスチャー・色・光,快,清音・濁音,暗い・重い・大,「り」変化,ɡaɾiɾi,ɡaɾiɾi,0,4,6,6,5,6,3,562.1,4.37,6,4255.8,6.37,6,0,4,#FFFFFF,100.0,-0.0,0.0,濁音による質量感・弾き音/ɾ/による運動変化を反映し、Weight 4・Time 6・Flow 5のベクトル配置。,,4,6,0,0,RI(り単発)
がりりっ,「がりり」とする動作や現象が瞬間的・急激に行われる音や様子。,擬音語・擬態語,スピード・テンポ,中立,清音・濁音,暗い・重い・大,促音,ɡaɾiɾiʔ,ɡaɾiɾiʔ,0,5,8,7,7,4,2,834.7,5.37,8,8215.3,7.49,7,0,4,#000000,0.0,0.0,0.0,濁音による質量感・弾き音/ɾ/による運動変化を反映し、Weight 5・Time 8・Flow 7のベクトル配置。,,3,5,0,0,Q(促音単発)
がん,「が」と響き渡る音、または余韻や弾力を伴う状態。,擬音語・擬態語,テクスチャー,中立,濁音,暗い・重い・大,撥音,ɡaŋ,ɡaŋ,0,6,7,7,6,4,5,392.4,3.46,6,4813.3,6.58,7,0,4,#808080,53.6,-0.0,0.0,濁音による質量感・鼻音の共鳴と持続性を反映し、Weight 6・Time 7・Flow 6のベクトル配置。,,3,6,5,0,N(撥音単発)
きき,「きき」という感覚・音・状態を表す表現。,擬音語・擬態語,その他,中立,清音,明るい・軽い・小,単発・その他,kiki,kiki,0,3,6,6,6,4,3,1179.8,6.25,6,7523.9,7.34,6,0,4,#D6A258,70.1,11.1,45.4,無声破裂音の領域性を反映し、Weight 3・Time 6・Flow 6のベクトル配置。,,5,5,0,8,COMPOUND(複合・異種)
きこきこ,「きこ」という音や状態が繰り返し連続して生じるさま。,擬音語・擬態語,スピード・テンポ,中立,清音,明るい・軽い・小,畳語,kikokiko,kikokiko,0,3,7,6,5,4,2,1154.4,6.19,6,6824.6,7.17,5,0,4,#FFFF00,97.1,-21.6,94.5,無声破裂音の領域性を反映し、Weight 3・Time 7・Flow 5のベクトル配置。,,4,5,5,1,REDUP(畳語・同一)
きざきざ,「きざ」という音や状態が繰り返し連続して生じるさま。,擬音語・擬態語,スピード・テンポ,中立,清音・濁音,暗い・重い・大,畳語,kizakiza,kizakiza,0,4,5,6,5,5,3,936.2,5.66,5,10559.2,7.92,6,mc,3,#778899,55.9,-2.2,-11.1,濁音による質量感・無声破裂音の領域性を反映し、Weight 4・Time 5・Flow 5のベクトル配置。,,4,5,5,1,REDUP(畳語・同一)
きしっ,「きし」とする動作や現象が瞬間的・急激に行われる音や様子。,擬音語・擬態語,スピード・テンポ,中立,清音,明るい・軽い・小,促音,kiɕiʔ,kiɕiʔ,0,4,8,7,7,4,3,1051.8,5.96,8,9913.6,7.81,7,0,4,#000000,0.0,0.0,0.0,無声破裂音の領域性・摩擦音による流体・気体性を反映し、Weight 4・Time 8・Flow 7のベクトル配置。,,2,5,0,0,Q(促音単発)
きちり,「きち」と一度だけ鮮やかに、あるいは滑らかに行われる動作・状態。,擬態語,テクスチャー・色・光,快,清音,明るい・軽い・小,「り」変化,kitɕiɾi,kitɕiɾi,0,2,6,7,6,5,3,1113.1,6.10,6,5868.5,6.92,6,mh,5,#C0C0C0,77.7,-0.0,0.0,無声破裂音の領域性・摩擦音による流体・気体性を反映し、Weight 2・Time 6・Flow 6のベクトル配置。,,4,6,0,0,RI(り単発)
きっ,「き」とする動作や現象が瞬間的・急激に行われる音や様子。,擬音語・擬態語,スピード・テンポ,中立,清音,明るい・軽い・小,促音,kiʔ,kiʔ,0,4,8,7,7,5,3,971.0,5.75,8,9576.2,7.75,7,0,4,#000000,0.0,0.0,0.0,無声破裂音の領域性・促音による時間的突発性(Decay high)を反映し、Weight 4・Time 8・Flow 7のベクトル配置。,,2,5,0,0,Q(促音単発)
きっかり,「きっか」と一度だけ鮮やかに、あるいは滑らかに行われる動作・状態。,擬態語,テクスチャー・色・光,快,清音,明るい・軽い・小,促音・「り」変化,kikkaɾi,kikkaɾi,0,3,6,6,5,6,3,796.6,5.25,6,4598.8,6.50,6,mh,5,#FFFFFF,100.0,-0.0,0.0,無声破裂音の領域性・弾き音/ɾ/による運動変化を反映し、Weight 3・Time 6・Flow 5のベクトル配置。,,5,5,5,8,COMPOUND(複合・異種)
きっしり,「きっし」と一度だけ鮮やかに、あるいは滑らかに行われる動作・状態。,擬態語,テクスチャー・色・光,快,清音,明るい・軽い・小,促音・「り」変化,kiɕɕiɾi,kiɕɕiɾi,0,4,5,6,5,5,4,844.1,5.40,6,5175.0,6.70,6,0,4,#2F4F4F,31.3,-11.7,-3.7,無声破裂音の領域性・摩擦音による流体・気体性を反映し、Weight 4・Time 5・Flow 5のベクトル配置。,,5,5,5,8,COMPOUND(複合・異種)
きっぱり,「きっぱ」と一度だけ鮮やかに、あるいは滑らかに行われる動作・状態。,擬態語,テクスチャー・色・光,快,清音・半濁音,明るい・軽い・小,促音・「り」変化,kippaɾi,kippaɾi,0,3,6,6,5,6,3,883.5,5.52,6,5783.7,6.89,6,mh,5,#FFFFFF,100.0,-0.0,0.0,無声破裂音の領域性・弾き音/ɾ/による運動変化を反映し、Weight 3・Time 6・Flow 5のベクトル配置。,,5,5,5,8,COMPOUND(複合・異種)
きゃ,「きゃ」という感覚・音・状態を表す表現。,擬音語・擬態語,その他,中立,清音,明るい・軽い・小,単発・その他,kja,kja,0,3,6,5,4,7,5,1130.8,6.14,5,8806.0,7.61,6,mh,5,#FFB6C1,81.1,28.0,5.0,無声破裂音の領域性を反映し、Weight 3・Time 6・Flow 4のベクトル配置。,,5,5,0,8,COMPOUND(複合・異種)
きゃきゃ,「きゃ」という音や状態が繰り返し連続して生じるさま。,擬音語・擬態語,スピード・テンポ,中立,清音,明るい・軽い・小,畳語,kjakja,kjakja,0,3,6,5,2,7,4,1425.9,6.73,5,11057.0,7.99,6,mh,5,#FFB6C1,81.1,28.0,5.0,無声破裂音の領域性を反映し、Weight 3・Time 6・Flow 2のベクトル配置。,,4,5,5,1,REDUP(畳語・同一)
きゃっ,「きゃ」とする動作や現象が瞬間的・急激に行われる音や様子。,擬音語・擬態語,スピード・テンポ,中立,清音,明るい・軽い・小,促音,kjaʔ,kjaʔ,0,4,8,7,5,6,3,1173.1,6.23,8,12331.4,8.18,7,mh,5,#FF69B4,65.5,64.2,-10.6,無声破裂音の領域性・促音による時間的突発性(Decay high)を反映し、Weight 4・Time 8・Flow 5のベクトル配置。,,2,5,0,0,Q(促音単発)
きゃん,「きゃ」と響き渡る音、または余韻や弾力を伴う状態。,擬音語・擬態語,テクスチャー,中立,清音,明るい・軽い・小,撥音,kjaŋ,kjaŋ,0,4,7,7,4,5,4,1139.0,6.16,6,9778.7,7.78,7,0,4,#FFD700,86.9,-1.9,87.1,無声破裂音の領域性・鼻音の共鳴と持続性を反映し、Weight 4・Time 7・Flow 4のベクトル配置。,,3,6,5,0,N(撥音単発)
きゃーきゃ,音が長く尾を引いて持続する音や状態。,擬音語・擬態語,スピード・テンポ,中立,清音,明るい・軽い・小,長音,kjaːkja,kjaːkja,0,3,4,5,3,7,4,1620.7,7.05,3,11365.4,8.04,5,mh,5,#FFB6C1,81.1,28.0,5.0,無声破裂音の領域性・長音による持続傾向を反映し、Weight 3・Time 4・Flow 3のベクトル配置。,,3,7,5,0,LONG(長音ー)
きゅ,「きゅ」という感覚・音・状態を表す表現。,擬音語・擬態語,その他,中立,清音,明るい・軽い・小,単発・その他,kju,kju,0,4,5,5,6,6,4,1005.8,5.84,5,6368.1,7.06,7,0,4,#FFFFE0,99.3,-5.1,14.8,無声破裂音の領域性を反映し、Weight 4・Time 5・Flow 6のベクトル配置。,,5,5,0,8,COMPOUND(複合・異種)
きゅっきゅっ,「きゅっきゅ」とする動作や現象が瞬間的・急激に行われる音や様子。,擬音語・擬態語,スピード・テンポ,中立,清音,明るい・軽い・小,畳語・促音,kjukkjuʔ,kjukkjuʔ,0,4,6,6,6,5,3,1120.6,6.12,6,8976.4,7.64,7,0,4,#FFFFFF,100.0,-0.0,0.0,無声破裂音の領域性・促音による時間的突発性(Decay high)を反映し、Weight 4・Time 6・Flow 6のベクトル配置。,,4,5,5,1,REDUP(畳語・同一)
きゅん,「きゅ」と響き渡る音、または余韻や弾力を伴う状態。,擬音語・擬態語,テクスチャー,中立,清音,明るい・軽い・小,撥音,kjuŋ,kjuŋ,0,4,7,7,6,5,4,1005.8,5.84,6,7827.8,7.41,7,mc,3,#FFFFE0,99.3,-5.1,14.8,無声破裂音の領域性・鼻音の共鳴と持続性を反映し、Weight 4・Time 7・Flow 6のベクトル配置。,,3,6,5,0,N(撥音単発)
きゅーきゅー,「きゅー」という音や状態が繰り返し連続して生じるさま。,擬音語・擬態語,スピード・テンポ,中立,清音,明るい・軽い・小,畳語・長音,kjuːkjuː,kjuːkjuː,0,3,4,5,4,6,5,1300.1,6.49,2,7957.8,7.43,6,0,4,#FFFFE0,99.3,-5.1,14.8,無声破裂音の領域性・長音による持続傾向を反映し、Weight 3・Time 4・Flow 4のベクトル配置。,,4,5,5,1,REDUP(畳語・同一)
きゅーっ,「きゅー」とする動作や現象が瞬間的・急激に行われる音や様子。,擬音語・擬態語,スピード・テンポ,中立,清音,明るい・軽い・小,促音・長音,kjuːʔ,kjuːʔ,0,3,5,6,6,6,3,1249.9,6.39,4,9120.5,7.67,6,0,4,#F0FFFF,98.9,-4.9,-1.7,無声破裂音の領域性・促音による時間的突発性(Decay high)を反映し、Weight 3・Time 5・Flow 6のベクトル配置。,,2,6,5,0,LONG(長音ー)
きゅーん,「きゅー」と響き渡る音、または余韻や弾力を伴う状態。,擬音語・擬態語,テクスチャー,中立,清音,明るい・軽い・小,撥音・長音,kjuːŋ,kjuːŋ,0,3,4,7,5,5,4,1292.1,6.48,2,8291.4,7.50,6,0,4,#FFFFE0,99.3,-5.1,14.8,無声破裂音の領域性・鼻音の共鳴と持続性を反映し、Weight 3・Time 4・Flow 5のベクトル配置。,,3,7,5,0,LONG(長音ー)
きょときょと,「きょと」という音や状態が繰り返し連続して生じるさま。,擬音語・擬態語,スピード・テンポ,中立,清音,明るい・軽い・小,畳語,kjotokjoto,kjotokjoto,0,3,5,4,4,7,5,769.5,5.17,5,4600.4,6.50,6,0,4,#FFFFFF,100.0,-0.0,0.0,無声破裂音の領域性を反映し、Weight 3・Time 5・Flow 4のベクトル配置。,,4,5,5,1,REDUP(畳語・同一)
きょとり,「きょと」と一度だけ鮮やかに、あるいは滑らかに行われる動作・状態。,擬態語,テクスチャー・色・光,快,清音,明るい・軽い・小,「り」変化,kjotoɾi,kjotoɾi,0,2,6,5,4,7,4,723.3,5.01,6,4225.3,6.36,6,mh,5,#FFFFFF,100.0,-0.0,0.0,無声破裂音の領域性・弾き音/ɾ/による運動変化を反映し、Weight 2・Time 6・Flow 4のベクトル配置。,,4,6,0,0,RI(り単発)
きょろっ,「きょろ」とする動作や現象が瞬間的・急激に行われる音や様子。,擬音語・擬態語,スピード・テンポ,中立,清音,明るい・軽い・小,促音,kjoɾoʔ,kjoɾoʔ,0,3,8,6,6,7,4,766.6,5.16,7,7332.4,7.30,7,0,4,#000000,0.0,0.0,0.0,無声破裂音の領域性・弾き音/ɾ/による運動変化を反映し、Weight 3・Time 8・Flow 6のベクトル配置。,,3,5,0,0,Q(促音単発)
きょろり,「きょろ」と一度だけ鮮やかに、あるいは滑らかに行われる動作・状態。,擬態語,テクスチャー・色・光,快,清音,明るい・軽い・小,「り」変化,kjoɾoɾi,kjoɾoɾi,0,2,6,6,4,8,4,721.2,5.00,5,3945.2,6.24,6,mh,5,#ADFF2F,92.0,-52.5,81.9,無声破裂音の領域性・弾き音/ɾ/による運動変化を反映し、Weight 2・Time 6・Flow 4のベクトル配置。,,4,6,0,0,RI(り単発)
きょろん,「きょろ」と響き渡る音、または余韻や弾力を伴う状態。,擬音語・擬態語,テクスチャー,中立,清音,明るい・軽い・小,撥音,kjoɾoŋ,kjoɾoŋ,0,3,7,7,5,6,5,731.8,5.04,6,4955.0,6.63,6,mc,3,#ADFF2F,92.0,-52.5,81.9,無声破裂音の領域性・鼻音の共鳴と持続性を反映し、Weight 3・Time 7・Flow 5のベクトル配置。,,3,6,5,0,N(撥音単発)
きらきらっ,「きらきら」とする動作や現象が瞬間的・急激に行われる音や様子。,擬音語・擬態語,スピード・テンポ,中立,清音,明るい・軽い・小,促音,kiɾakiɾaʔ,kiɾakiɾaʔ,0,3,8,7,3,7,1,1118.7,6.11,7,11101.0,8.00,6,mh,5,#FFD700,86.9,-1.9,87.1,無声破裂音の領域性・弾き音/ɾ/による運動変化を反映し、Weight 3・Time 8・Flow 3のベクトル配置。,,3,5,0,0,Q(促音単発)
きらりきらり,「きらりきら」と一度だけ鮮やかに、あるいは滑らかに行われる動作・状態。,擬態語,テクスチャー・色・光,快,清音,明るい・軽い・小,畳語・「り」変化,kiɾaɾikiɾaɾi,kiɾaɾikiɾaɾi,0,2,6,6,3,7,2,1142.7,6.17,5,7662.1,7.37,5,mh,5,#FFFACD,97.6,-5.4,22.2,無声破裂音の領域性・弾き音/ɾ/による運動変化を反映し、Weight 2・Time 6・Flow 3のベクトル配置。,,4,5,5,1,REDUP(畳語・同一)
きりきりしゃん,「きりきりしゃ」と響き渡る音、または余韻や弾力を伴う状態。,擬音語・擬態語,テクスチャー,中立,清音,明るい・軽い・小,撥音,kiɾikiɾiɕaŋ,kiɾikiɾiɕaŋ,0,4,7,8,5,4,3,1264.3,6.42,7,11044.9,7.99,7,0,4,#FF4500,57.6,67.8,69.0,無声破裂音の領域性・摩擦音による流体・気体性を反映し、Weight 4・Time 7・Flow 5のベクトル配置。,,5,5,5,8,COMPOUND(複合・異種)
きりきりっ,「きりきり」とする動作や現象が瞬間的・急激に行われる音や様子。,擬音語・擬態語,スピード・テンポ,中立,清音,明るい・軽い・小,促音,kiɾikiɾiʔ,kiɾikiɾiʔ,0,3,8,8,7,4,1,1507.8,6.87,8,12313.5,8.18,7,0,4,#FF4500,57.6,67.8,69.0,無声破裂音の領域性・弾き音/ɾ/による運動変化を反映し、Weight 3・Time 8・Flow 7のベクトル配置。,,3,5,0,0,Q(促音単発)
きりっ,「きり」とする動作や現象が瞬間的・急激に行われる音や様子。,擬音語・擬態語,スピード・テンポ,中立,清音,明るい・軽い・小,促音,kiɾiʔ,kiɾiʔ,0,4,8,8,7,4,2,1234.6,6.36,8,10887.6,7.97,7,0,4,#000000,0.0,0.0,0.0,無声破裂音の領域性・弾き音/ɾ/による運動変化を反映し、Weight 4・Time 8・Flow 7のベクトル配置。,,2,5,0,0,Q(促音単発)
きりり,「きり」と一度だけ鮮やかに、あるいは滑らかに行われる動作・状態。,擬態語,テクスチャー・色・光,快,清音,明るい・軽い・小,「り」変化,kiɾiɾi,kiɾiɾi,0,3,7,7,5,6,3,1048.0,5.95,6,7189.7,7.26,6,mh,5,#FFFFFF,100.0,-0.0,0.0,無声破裂音の領域性・弾き音/ɾ/による運動変化を反映し、Weight 3・Time 7・Flow 5のベクトル配置。,,4,6,0,0,RI(り単発)
きりりしゃん,「きりりしゃ」と響き渡る音、または余韻や弾力を伴う状態。,擬音語・擬態語,テクスチャー,中立,清音,明るい・軽い・小,撥音,kiɾiɾiɕaŋ,kiɾiɾiɕaŋ,0,4,7,8,5,4,4,1043.8,5.94,6,9709.9,7.77,7,0,4,#FFFFFF,100.0,-0.0,0.0,無声破裂音の領域性・摩擦音による流体・気体性を反映し、Weight 4・Time 7・Flow 5のベクトル配置。,,5,5,5,8,COMPOUND(複合・異種)
きりりっ,「きりり」とする動作や現象が瞬間的・急激に行われる音や様子。,擬音語・擬態語,スピード・テンポ,中立,清音,明るい・軽い・小,促音,kiɾiɾiʔ,kiɾiɾiʔ,0,4,8,8,7,4,2,1319.4,6.53,8,11137.9,8.01,7,0,4,#FF4500,57.6,67.8,69.0,無声破裂音の領域性・弾き音/ɾ/による運動変化を反映し、Weight 4・Time 8・Flow 7のベクトル配置。,,3,5,0,0,Q(促音単発)
きろきろ,「きろ」という音や状態が繰り返し連続して生じるさま。,擬音語・擬態語,スピード・テンポ,中立,清音,明るい・軽い・小,畳語,kiɾokiɾo,kiɾokiɾo,0,3,6,6,4,6,3,1044.8,5.94,4,6213.7,7.01,6,0,4,#000000,0.0,0.0,0.0,無声破裂音の領域性・弾き音/ɾ/による運動変化を反映し、Weight 3・Time 6・Flow 4のベクトル配置。,,4,5,5,1,REDUP(畳語・同一)
きん,「き」と響き渡る音、または余韻や弾力を伴う状態。,擬音語・擬態語,テクスチャー,中立,清音,明るい・軽い・小,撥音,kiŋ,kiŋ,0,4,7,7,5,4,4,962.4,5.73,6,6815.6,7.17,7,mc,3,#FFD700,86.9,-1.9,87.1,無声破裂音の領域性・鼻音の共鳴と持続性を反映し、Weight 4・Time 7・Flow 5のベクトル配置。,,3,6,5,0,N(撥音単発)
きんきら,「きんきら」という感覚・音・状態を表す表現。,擬音語・擬態語,その他,中立,清音,明るい・軽い・小,撥音,kiŋkiɾa,kiŋkiɾa,0,3,5,6,3,6,3,1013.8,5.86,5,7649.1,7.37,6,mh,5,#FFD700,86.9,-1.9,87.1,無声破裂音の領域性・鼻音の共鳴と持続性を反映し、Weight 3・Time 5・Flow 3のベクトル配置。,,5,5,5,8,COMPOUND(複合・異種)
きんきん,「きんき」と響き渡る音、または余韻や弾力を伴う状態。,擬音語・擬態語,テクスチャー,中立,清音,明るい・軽い・小,畳語・撥音,kiŋkiŋ,kiŋkiŋ,0,4,6,6,4,4,4,997.5,5.82,4,7330.1,7.29,7,0,4,#FFD700,86.9,-1.9,87.1,無声破裂音の領域性・鼻音の共鳴と持続性を反映し、Weight 4・Time 6・Flow 4のベクトル配置。,,4,5,5,1,REDUP(畳語・同一)
ぎぎ,「ぎぎ」という感覚・音・状態を表す表現。,擬音語・擬態語,その他,中立,濁音,暗い・重い・大,単発・その他,ɡiɡi,ɡiɡi,0,6,6,6,7,4,4,422.4,3.65,6,6786.6,7.16,7,0,4,#8F502F,40.9,23.3,30.5,濁音による質量感を反映し、Weight 6・Time 6・Flow 7のベクトル配置。,,5,5,0,8,COMPOUND(複合・異種)
ぎく,「ぎく」という感覚・音・状態を表す表現。,擬音語・擬態語,その他,中立,清音・濁音,暗い・重い・大,単発・その他,ɡiku,ɡiku,0,6,6,5,7,5,4,450.2,3.81,6,4647.9,6.52,7,mc,3,#696969,44.4,-0.0,0.0,濁音による質量感・無声破裂音の領域性を反映し、Weight 6・Time 6・Flow 7のベクトル配置。,,5,5,0,8,COMPOUND(複合・異種)
ぎくり,「ぎく」と一度だけ鮮やかに、あるいは滑らかに行われる動作・状態。,擬態語,テクスチャー・色・光,快,清音・濁音,暗い・重い・大,「り」変化,ɡikuɾi,ɡikuɾi,0,4,6,6,6,6,4,504.6,4.10,6,4565.2,6.49,6,0,4,#708090,52.8,-2.1,-10.6,濁音による質量感・無声破裂音の領域性を反映し、Weight 4・Time 6・Flow 6のベクトル配置。,,4,6,0,0,RI(り単発)
ぎくん,「ぎく」と響き渡る音、または余韻や弾力を伴う状態。,擬音語・擬態語,テクスチャー,中立,清音・濁音,暗い・重い・大,撥音,ɡikuŋ,ɡikuŋ,0,5,7,7,7,4,4,492.5,4.04,7,5825.7,6.90,7,mc,3,#808080,53.6,-0.0,0.0,濁音による質量感・無声破裂音の領域性を反映し、Weight 5・Time 7・Flow 7のベクトル配置。,,3,6,5,0,N(撥音単発)
ぎしきし,「ぎしきし」という感覚・音・状態を表す表現。,擬音語・擬態語,その他,中立,清音・濁音,暗い・重い・大,単発・その他,ɡiɕikiɕi,ɡiɕikiɕi,0,5,6,6,7,4,3,986.2,5.79,7,8030.9,7.45,6,mc,3,#BDB76B,73.4,-8.8,39.3,濁音による質量感・無声破裂音の領域性を反映し、Weight 5・Time 6・Flow 7のベクトル配置。,,5,5,0,8,COMPOUND(複合・異種)
ぎしっ,「ぎし」とする動作や現象が瞬間的・急激に行われる音や様子。,擬音語・擬態語,スピード・テンポ,中立,清音・濁音,暗い・重い・大,促音,ɡiɕiʔ,ɡiɕiʔ,0,5,8,7,8,4,3,734.0,5.05,8,9578.2,7.75,7,0,4,#000000,0.0,0.0,0.0,濁音による質量感・摩擦音による流体・気体性を反映し、Weight 5・Time 8・Flow 8のベクトル配置。,,2,5,0,0,Q(促音単発)
ぎちっ,「ぎち」とする動作や現象が瞬間的・急激に行われる音や様子。,擬音語・擬態語,スピード・テンポ,中立,清音・濁音,暗い・重い・大,促音,ɡitɕiʔ,ɡitɕiʔ,0,5,8,7,8,4,3,918.4,5.61,8,9212.6,7.68,8,0,4,#000000,0.0,0.0,0.0,濁音による質量感・無声破裂音の領域性を反映し、Weight 5・Time 8・Flow 8のベクトル配置。,,2,5,0,0,Q(促音単発)
ぎちゃぎちゃ,「ぎちゃ」という音や状態が繰り返し連続して生じるさま。,擬音語・擬態語,スピード・テンポ,中立,清音・濁音,暗い・重い・大,畳語,ɡitɕaɡitɕa,ɡitɕaɡitɕa,0,5,7,5,5,4,5,1033.9,5.91,6,9029.6,7.65,7,0,4,#2F4F4F,31.3,-11.7,-3.7,濁音による質量感・無声破裂音の領域性を反映し、Weight 5・Time 7・Flow 5のベクトル配置。,,4,5,5,1,REDUP(畳語・同一)
ぎちり,「ぎち」と一度だけ鮮やかに、あるいは滑らかに行われる動作・状態。,擬態語,テクスチャー・色・光,快,清音・濁音,暗い・重い・大,「り」変化,ɡitɕiɾi,ɡitɕiɾi,0,4,6,7,6,5,3,825.2,5.34,6,5661.7,6.86,7,0,4,#FFFFFF,100.0,-0.0,0.0,濁音による質量感・無声破裂音の領域性を反映し、Weight 4・Time 6・Flow 6のベクトル配置。,,4,6,0,0,RI(り単発)
ぎっ,「ぎ」とする動作や現象が瞬間的・急激に行われる音や様子。,擬音語・擬態語,スピード・テンポ,中立,濁音,暗い・重い・大,促音,ɡiʔ,ɡiʔ,0,5,8,7,8,4,3,649.4,4.74,8,9064.3,7.66,8,0,4,#000000,0.0,0.0,0.0,濁音による質量感・促音による時間的突発性(Decay high)を反映し、Weight 5・Time 8・Flow 8のベクトル配置。,,2,5,0,0,Q(促音単発)
ぎっくり,「ぎっく」と一度だけ鮮やかに、あるいは滑らかに行われる動作・状態。,擬態語,テクスチャー・色・光,快,清音・濁音,暗い・重い・大,促音・「り」変化,ɡikkuɾi,ɡikkuɾi,0,5,5,5,6,6,4,393.8,3.47,6,3391.2,5.99,6,0,4,#708090,52.8,-2.1,-10.6,濁音による質量感・無声破裂音の領域性を反映し、Weight 5・Time 5・Flow 6のベクトル配置。,,5,5,5,8,COMPOUND(複合・異種)
ぎっくん,「ぎっく」と響き渡る音、または余韻や弾力を伴う状態。,擬音語・擬態語,テクスチャー,中立,清音・濁音,暗い・重い・大,促音・撥音,ɡikkuŋ,ɡikkuŋ,0,5,7,8,7,4,4,497.3,4.06,7,5834.0,6.91,7,mc,3,#808080,53.6,-0.0,0.0,濁音による質量感・無声破裂音の領域性を反映し、Weight 5・Time 7・Flow 7のベクトル配置。,,3,6,5,0,N(撥音単発)
ぎっしり,隙間なく隙間いっぱいに詰まっているさま。,擬態語,密集度・距離感,中立,清音・濁音,暗い・重い・大,促音・「り」変化,ɡiɕɕiɾi,ɡiɕɕiɾi,0,6,6,7,7,4,4,681.1,4.86,7,5536.6,6.82,8,0,4,#708090,52.8,-2.1,-10.6,濁音による質量感・摩擦音による流体・気体性を反映し、Weight 6・Time 6・Flow 7のベクトル配置。,,5,5,5,8,COMPOUND(複合・異種)
ぎったん,「ぎった」と響き渡る音、または余韻や弾力を伴う状態。,擬音語・擬態語,テクスチャー,中立,清音・濁音,暗い・重い・大,促音・撥音,ɡittaŋ,ɡittaŋ,0,6,7,7,6,4,5,431.5,3.70,7,6292.1,7.04,8,mc,3,#808080,53.6,-0.0,0.0,濁音による質量感・無声破裂音の領域性を反映し、Weight 6・Time 7・Flow 6のベクトル配置。,,3,6,5,0,N(撥音単発)
ぎっちら,「ぎっちら」という感覚・音・状態を表す表現。,擬音語・擬態語,その他,中立,清音・濁音,暗い・重い・大,促音,ɡittɕiɾa,ɡittɕiɾa,0,5,5,5,5,5,4,739.2,5.06,5,5213.7,6.72,7,0,4,#CD853F,61.8,21.4,47.9,濁音による質量感・無声破裂音の領域性を反映し、Weight 5・Time 5・Flow 5のベクトル配置。,,5,5,0,8,COMPOUND(複合・異種)
ぎっちらぎっちら,「ぎっちら」という音や状態が繰り返し連続して生じるさま。,擬音語・擬態語,スピード・テンポ,中立,清音・濁音,暗い・重い・大,畳語・促音,ɡittɕiɾaɡittɕiɾa,ɡittɕiɾaɡittɕiɾa,0,5,6,5,5,5,3,942.5,5.68,5,6314.8,7.04,6,0,4,#CD853F,61.8,21.4,47.9,濁音による質量感・無声破裂音の領域性を反映し、Weight 5・Time 6・Flow 5のベクトル配置。,,4,5,5,1,REDUP(畳語・同一)
ぎっちらこ,「ぎっちらこ」という感覚・音・状態を表す表現。,擬音語・擬態語,その他,中立,清音・濁音,暗い・重い・大,促音,ɡittɕiɾako,ɡittɕiɾako,0,5,6,5,5,5,3,698.3,4.92,6,4616.7,6.51,6,0,4,#CD853F,61.8,21.4,47.9,濁音による質量感・無声破裂音の領域性を反映し、Weight 5・Time 6・Flow 5のベクトル配置。,,5,5,0,8,COMPOUND(複合・異種)
ぎっちり,「ぎっち」と一度だけ鮮やかに、あるいは滑らかに行われる動作・状態。,擬態語,テクスチャー・色・光,快,清音・濁音,暗い・重い・大,促音・「り」変化,ɡittɕiɾi,ɡittɕiɾi,0,5,6,6,6,5,4,677.8,4.84,6,4124.4,6.32,7,mh,5,#708090,52.8,-2.1,-10.6,濁音による質量感・無声破裂音の領域性を反映し、Weight 5・Time 6・Flow 6のベクトル配置。,,5,5,5,8,COMPOUND(複合・異種)
ぎっとり,「ぎっと」と一度だけ鮮やかに、あるいは滑らかに行われる動作・状態。,擬態語,テクスチャー・色・光,快,清音・濁音,暗い・重い・大,促音・「り」変化,ɡittoɾi,ɡittoɾi,0,5,5,5,5,6,4,375.0,3.35,6,3609.7,6.09,7,mh,5,#D8BFD8,80.1,13.2,-9.2,濁音による質量感・無声破裂音の領域性を反映し、Weight 5・Time 5・Flow 5のベクトル配置。,,5,5,5,8,COMPOUND(複合・異種)
ぎっとん,「ぎっと」と響き渡る音、または余韻や弾力を伴う状態。,擬音語・擬態語,テクスチャー,中立,清音・濁音,暗い・重い・大,促音・撥音,ɡittoŋ,ɡittoŋ,0,5,7,8,7,4,4,464.1,3.89,7,5926.7,6.93,8,mc,3,#808080,53.6,-0.0,0.0,濁音による質量感・無声破裂音の領域性を反映し、Weight 5・Time 7・Flow 7のベクトル配置。,,3,6,5,0,N(撥音単発)
ぎとっ,「ぎと」とする動作や現象が瞬間的・急激に行われる音や様子。,擬音語・擬態語,スピード・テンポ,中立,清音・濁音,暗い・重い・大,促音,ɡitoʔ,ɡitoʔ,0,5,7,7,7,5,4,518.2,4.16,8,8004.9,7.44,8,0,4,#000000,0.0,0.0,0.0,濁音による質量感・無声破裂音の領域性を反映し、Weight 5・Time 7・Flow 7のベクトル配置。,,2,5,0,0,Q(促音単発)
ぎゃん,「ぎゃ」と響き渡る音、または余韻や弾力を伴う状態。,擬音語・擬態語,テクスチャー,中立,濁音,暗い・重い・大,撥音,ɡjaŋ,ɡjaŋ,0,5,7,7,5,4,5,571.3,4.41,6,7729.0,7.39,7,0,4,#000000,0.0,0.0,0.0,濁音による質量感・鼻音の共鳴と持続性を反映し、Weight 5・Time 7・Flow 5のベクトル配置。,,3,6,5,0,N(撥音単発)
ぎゃんぎゃん,「ぎゃんぎゃ」と響き渡る音、または余韻や弾力を伴う状態。,擬音語・擬態語,テクスチャー,中立,濁音,暗い・重い・大,畳語・撥音,ɡjaŋɡjaŋ,ɡjaŋɡjaŋ,0,6,6,7,4,5,5,555.1,4.34,4,8935.2,7.63,7,0,4,#FF4500,57.6,67.8,69.0,濁音による質量感・鼻音の共鳴と持続性を反映し、Weight 6・Time 6・Flow 4のベクトル配置。,,4,5,5,1,REDUP(畳語・同一)
ぎゃー,音が長く尾を引いて持続する音や状態。,擬音語・擬態語,スピード・テンポ,中立,濁音,暗い・重い・大,長音,ɡjaː,ɡjaː,0,5,3,5,4,7,4,1066.7,5.99,1,8269.5,7.50,6,0,4,#FF4500,57.6,67.8,69.0,濁音による質量感・長音による持続傾向を反映し、Weight 5・Time 3・Flow 4のベクトル配置。,,2,7,5,0,LONG(長音ー)
ぎゃーっ,「ぎゃー」とする動作や現象が瞬間的・急激に行われる音や様子。,擬音語・擬態語,スピード・テンポ,中立,濁音,暗い・重い・大,促音・長音,ɡjaːʔ,ɡjaːʔ,0,5,5,6,5,6,4,931.6,5.65,5,9923.2,7.81,7,0,4,#FF4500,57.6,67.8,69.0,濁音による質量感・促音による時間的突発性(Decay high)を反映し、Weight 5・Time 5・Flow 5のベクトル配置。,,2,6,5,0,LONG(長音ー)
ぎゅ,「ぎゅ」という感覚・音・状態を表す表現。,擬音語・擬態語,その他,中立,濁音,暗い・重い・大,単発・その他,ɡju,ɡju,0,6,5,6,6,5,5,405.6,3.54,5,4964.8,6.63,7,0,4,#8B0000,28.1,51.0,41.3,濁音による質量感を反映し、Weight 6・Time 5・Flow 6のベクトル配置。,,5,5,0,8,COMPOUND(複合・異種)
ぎゅっぎゅっ,「ぎゅっぎゅ」とする動作や現象が瞬間的・急激に行われる音や様子。,擬音語・擬態語,スピード・テンポ,中立,濁音,暗い・重い・大,畳語・促音,ɡjuɡɡjuʔ,ɡjuɡɡjuʔ,0,6,6,6,7,5,4,515.4,4.15,6,7334.4,7.30,8,mc,3,#000000,0.0,0.0,0.0,濁音による質量感・促音による時間的突発性(Decay high)を反映し、Weight 6・Time 6・Flow 7のベクトル配置。,,4,5,5,1,REDUP(畳語・同一)
ぎゅん,「ぎゅ」と響き渡る音、または余韻や弾力を伴う状態。,擬音語・擬態語,テクスチャー,中立,濁音,暗い・重い・大,撥音,ɡjuŋ,ɡjuŋ,0,6,7,8,6,4,4,529.2,4.22,6,6721.1,7.15,7,mc,3,#808080,53.6,-0.0,0.0,濁音による質量感・鼻音の共鳴と持続性を反映し、Weight 6・Time 7・Flow 6のベクトル配置。,,3,6,5,0,N(撥音単発)
ぎゅんぎゅん,「ぎゅんぎゅ」と響き渡る音、または余韻や弾力を伴う状態。,擬音語・擬態語,テクスチャー,中立,濁音,暗い・重い・大,畳語・撥音,ɡjuŋɡjuŋ,ɡjuŋɡjuŋ,0,6,6,7,5,5,5,511.8,4.13,4,7413.4,7.31,7,0,4,#8B0000,28.1,51.0,41.3,濁音による質量感・鼻音の共鳴と持続性を反映し、Weight 6・Time 6・Flow 5のベクトル配置。,,4,5,5,1,REDUP(畳語・同一)
ぎゅーぎゅー,「ぎゅー」という音や状態が繰り返し連続して生じるさま。,擬音語・擬態語,スピード・テンポ,中立,濁音,暗い・重い・大,畳語・長音,ɡjuːɡjuː,ɡjuːɡjuː,0,6,4,6,5,6,5,663.0,4.79,2,6629.6,7.12,7,0,4,#8B0000,28.1,51.0,41.3,濁音による質量感・長音による持続傾向を反映し、Weight 6・Time 4・Flow 5のベクトル配置。,,4,5,5,1,REDUP(畳語・同一)
ぎゅーっ,「ぎゅー」とする動作や現象が瞬間的・急激に行われる音や様子。,擬音語・擬態語,スピード・テンポ,中立,濁音,暗い・重い・大,促音・長音,ɡjuːʔ,ɡjuːʔ,0,5,5,6,6,6,4,835.2,5.37,4,8280.8,7.50,7,0,4,#9A6B58,49.6,16.3,18.2,濁音による質量感・促音による時間的突発性(Decay high)を反映し、Weight 5・Time 5・Flow 6のベクトル配置。,,2,6,5,0,LONG(長音ー)
ぎゅーん,「ぎゅー」と響き渡る音、または余韻や弾力を伴う状態。,擬音語・擬態語,テクスチャー,中立,濁音,暗い・重い・大,撥音・長音,ɡjuːŋ,ɡjuːŋ,0,5,4,7,5,5,4,832.9,5.37,2,7400.4,7.31,7,0,4,#9A6B58,49.6,16.3,18.2,濁音による質量感・鼻音の共鳴と持続性を反映し、Weight 5・Time 4・Flow 5のベクトル配置。,,3,7,5,0,LONG(長音ー)
ぎょろっ,「ぎょろ」とする動作や現象が瞬間的・急激に行われる音や様子。,擬音語・擬態語,スピード・テンポ,中立,清音・濁音,暗い・重い・大,促音,ɡjoɾoʔ,ɡjoɾoʔ,0,5,7,7,6,6,4,452.3,3.82,7,6432.7,7.07,7,mc,3,#006400,36.2,-43.4,41.9,濁音による質量感・弾き音/ɾ/による運動変化を反映し、Weight 5・Time 7・Flow 6のベクトル配置。,,3,5,0,0,Q(促音単発)
ぎょろり,「ぎょろ」と一度だけ鮮やかに、あるいは滑らかに行われる動作・状態。,擬態語,テクスチャー・色・光,快,清音・濁音,暗い・重い・大,「り」変化,ɡjoɾoɾi,ɡjoɾoɾi,0,4,6,6,4,7,5,425.9,3.67,5,3133.2,5.85,6,0,4,#006400,36.2,-43.4,41.9,濁音による質量感・弾き音/ɾ/による運動変化を反映し、Weight 4・Time 6・Flow 4のベクトル配置。,,4,6,0,0,RI(り単発)
ぎょろん,「ぎょろ」と響き渡る音、または余韻や弾力を伴う状態。,擬音語・擬態語,テクスチャー,中立,清音・濁音,暗い・重い・大,撥音,ɡjoɾoŋ,ɡjoɾoŋ,0,5,7,7,5,5,5,387.7,3.43,6,3991.1,6.26,7,mc,3,#808080,53.6,-0.0,0.0,濁音による質量感・鼻音の共鳴と持続性を反映し、Weight 5・Time 7・Flow 5のベクトル配置。,,3,6,5,0,N(撥音単発)
ぎらぎらっ,「ぎらぎら」とする動作や現象が瞬間的・急激に行われる音や様子。,擬音語・擬態語,スピード・テンポ,中立,清音・濁音,暗い・重い・大,促音,ɡiɾaɡiɾaʔ,ɡiɾaɡiɾaʔ,0,5,7,7,5,6,2,715.7,4.98,6,9715.8,7.77,7,mh,5,#FFD700,86.9,-1.9,87.1,濁音による質量感・弾き音/ɾ/による運動変化を反映し、Weight 5・Time 7・Flow 5のベクトル配置。,,3,5,0,0,Q(促音単発)
ぎらっ,「ぎら」とする動作や現象が瞬間的・急激に行われる音や様子。,擬音語・擬態語,スピード・テンポ,中立,清音・濁音,暗い・重い・大,促音,ɡiɾaʔ,ɡiɾaʔ,0,5,8,7,6,6,2,663.5,4.79,7,9659.3,7.76,7,0,4,#000000,0.0,0.0,0.0,濁音による質量感・弾き音/ɾ/による運動変化を反映し、Weight 5・Time 8・Flow 6のベクトル配置。,,2,5,0,0,Q(促音単発)
ぎらり,「ぎら」と一度だけ鮮やかに、あるいは滑らかに行われる動作・状態。,擬態語,テクスチャー・色・光,快,清音・濁音,暗い・重い・大,「り」変化,ɡiɾaɾi,ɡiɾaɾi,0,4,6,6,4,7,3,584.1,4.47,5,5198.0,6.71,6,mh,5,#FFFFFF,100.0,-0.0,0.0,濁音による質量感・弾き音/ɾ/による運動変化を反映し、Weight 4・Time 6・Flow 4のベクトル配置。,,4,6,0,0,RI(り単発)
ぎらりぎらり,「ぎらりぎら」と一度だけ鮮やかに、あるいは滑らかに行われる動作・状態。,擬態語,テクスチャー・色・光,快,清音・濁音,暗い・重い・大,畳語・「り」変化,ɡiɾaɾiɡiɾaɾi,ɡiɾaɾiɡiɾaɾi,0,4,6,6,4,7,2,697.0,4.92,5,6348.0,7.05,6,mh,5,#FFD700,86.9,-1.9,87.1,濁音による質量感・弾き音/ɾ/による運動変化を反映し、Weight 4・Time 6・Flow 4のベクトル配置。,,4,5,5,1,REDUP(畳語・同一)
ぎりっ,「ぎり」とする動作や現象が瞬間的・急激に行われる音や様子。,擬音語・擬態語,スピード・テンポ,中立,清音・濁音,暗い・重い・大,促音,ɡiɾiʔ,ɡiɾiʔ,0,5,8,8,8,4,2,872.0,5.48,8,9821.4,7.79,8,0,4,#000000,0.0,0.0,0.0,濁音による質量感・弾き音/ɾ/による運動変化を反映し、Weight 5・Time 8・Flow 8のベクトル配置。,,2,5,0,0,Q(促音単発)
ぎりり,「ぎり」と一度だけ鮮やかに、あるいは滑らかに行われる動作・状態。,擬態語,テクスチャー・色・光,快,清音・濁音,暗い・重い・大,「り」変化,ɡiɾiɾi,ɡiɾiɾi,0,4,6,7,6,6,3,720.1,5.00,6,6318.4,7.04,7,0,4,#FFFFFF,100.0,-0.0,0.0,濁音による質量感・弾き音/ɾ/による運動変化を反映し、Weight 4・Time 6・Flow 6のベクトル配置。,,4,6,0,0,RI(り単発)
ぎんぎらぎん,「ぎんぎらぎ」と響き渡る音、または余韻や弾力を伴う状態。,擬音語・擬態語,テクスチャー,中立,清音・濁音,暗い・重い・大,撥音,ɡiŋɡiɾaɡiŋ,ɡiŋɡiɾaɡiŋ,0,6,6,7,5,4,3,543.5,4.29,5,6568.6,7.11,7,0,4,#FFD700,86.9,-1.9,87.1,濁音による質量感・鼻音の共鳴と持続性を反映し、Weight 6・Time 6・Flow 5のベクトル配置。,,5,5,5,8,COMPOUND(複合・異種)
ぎんぎん,「ぎんぎ」と響き渡る音、または余韻や弾力を伴う状態。,擬音語・擬態語,テクスチャー,中立,濁音,暗い・重い・大,畳語・撥音,ɡiŋɡiŋ,ɡiŋɡiŋ,0,6,6,7,6,3,4,582.0,4.46,4,6766.1,7.16,7,mc,3,#8F502F,40.9,23.3,30.5,濁音による質量感・鼻音の共鳴と持続性を反映し、Weight 6・Time 6・Flow 6のベクトル配置。,,4,5,5,1,REDUP(畳語・同一)
ぎーとん,「ぎーと」と響き渡る音、または余韻や弾力を伴う状態。,擬音語・擬態語,テクスチャー,中立,清音・濁音,暗い・重い・大,撥音・長音,ɡiːtoŋ,ɡiːtoŋ,0,5,5,7,6,5,3,893.4,5.54,3,7303.8,7.29,6,0,4,#556B2F,42.2,-18.8,30.6,濁音による質量感・無声破裂音の領域性を反映し、Weight 5・Time 5・Flow 6のベクトル配置。,,2,7,5,0,LONG(長音ー)
くい,「くい」という感覚・音・状態を表す表現。,擬音語・擬態語,その他,中立,清音,明るい・軽い・小,単発・その他,kui,kui,0,4,5,5,5,6,5,412.8,3.59,5,2491.0,5.46,6,0,4,#000000,0.0,0.0,0.0,無声破裂音の領域性を反映し、Weight 4・Time 5・Flow 5のベクトル配置。,,5,5,0,8,COMPOUND(複合・異種)
くいくい,「くい」という音や状態が繰り返し連続して生じるさま。,擬音語・擬態語,スピード・テンポ,中立,清音,明るい・軽い・小,畳語,kuikui,kuikui,0,3,5,4,5,6,5,642.0,4.71,5,3605.1,6.09,5,0,4,#F5DEB3,89.4,1.5,24.0,無声破裂音の領域性を反映し、Weight 3・Time 5・Flow 5のベクトル配置。,,4,5,5,1,REDUP(畳語・同一)
くいっ,「くい」とする動作や現象が瞬間的・急激に行われる音や様子。,擬音語・擬態語,スピード・テンポ,中立,清音,明るい・軽い・小,促音,kuiʔ,kuiʔ,0,4,8,7,7,5,3,648.4,4.73,8,7377.0,7.31,7,0,4,#000000,0.0,0.0,0.0,無声破裂音の領域性・促音による時間的突発性(Decay high)を反映し、Weight 4・Time 8・Flow 7のベクトル配置。,,2,5,0,0,Q(促音単発)
くおぉん,「くおぉ」と響き渡る音、または余韻や弾力を伴う状態。,擬音語・擬態語,テクスチャー,中立,清音,暗い・重い・大,撥音,kuoぉŋ,kuoぉŋ,0,4,6,6,6,4,5,426.8,3.67,6,3345.3,5.96,6,mc,3,#808080,53.6,-0.0,0.0,無声破裂音の領域性・鼻音の共鳴と持続性を反映し、Weight 4・Time 6・Flow 6のベクトル配置。,,3,6,5,0,N(撥音単発)
くくくっ,「くくく」とする動作や現象が瞬間的・急激に行われる音や様子。,擬音語・擬態語,スピード・テンポ,中立,清音,明るい・軽い・小,促音,kukukuʔ,kukukuʔ,0,4,7,6,7,6,4,428.1,3.68,8,5914.9,6.93,6,0,4,#FFFFFF,100.0,-0.0,0.0,無声破裂音の領域性・促音による時間的突発性(Decay high)を反映し、Weight 4・Time 7・Flow 7のベクトル配置。,,3,5,0,0,Q(促音単発)
くくっ,「くく」とする動作や現象が瞬間的・急激に行われる音や様子。,擬音語・擬態語,スピード・テンポ,中立,清音,明るい・軽い・小,促音,kukuʔ,kukuʔ,0,4,8,6,7,6,4,465.5,3.89,8,6621.6,7.12,7,0,4,#FFFFFF,100.0,-0.0,0.0,無声破裂音の領域性・促音による時間的突発性(Decay high)を反映し、Weight 4・Time 8・Flow 7のベクトル配置。,,2,5,0,0,Q(促音単発)
くしゃくしゃつ,「くしゃくしゃつ」という感覚・音・状態を表す表現。,擬音語・擬態語,その他,中立,清音,明るい・軽い・小,単発・その他,kuɕakuɕatsu,kuɕakuɕatsu,0,4,7,5,5,6,5,781.6,5.20,6,8010.6,7.45,6,0,4,#D2B48C,75.0,5.0,24.4,無声破裂音の領域性・摩擦音による流体・気体性を反映し、Weight 4・Time 7・Flow 5のベクトル配置。,,5,5,0,8,COMPOUND(複合・異種)
くしゃっ,「くしゃ」とする動作や現象が瞬間的・急激に行われる音や様子。,擬音語・擬態語,スピード・テンポ,中立,清音,明るい・軽い・小,促音,kuɕaʔ,kuɕaʔ,0,4,8,7,6,6,4,776.7,5.19,8,10375.1,7.89,7,0,4,#D2B48C,75.0,5.0,24.4,無声破裂音の領域性・摩擦音による流体・気体性を反映し、Weight 4・Time 8・Flow 6のベクトル配置。,,3,5,0,0,Q(促音単発)
くしゃん,「くしゃ」と響き渡る音、または余韻や弾力を伴う状態。,擬音語・擬態語,テクスチャー,中立,清音,明るい・軽い・小,撥音,kuɕaŋ,kuɕaŋ,0,4,7,7,5,5,5,690.2,4.89,7,7912.2,7.42,7,0,4,#D2B48C,75.0,5.0,24.4,無声破裂音の領域性・摩擦音による流体・気体性を反映し、Weight 4・Time 7・Flow 5のベクトル配置。,,3,6,5,0,N(撥音単発)
くしゅん,「くしゅ」と響き渡る音、または余韻や弾力を伴う状態。,擬音語・擬態語,テクスチャー,中立,清音,明るい・軽い・小,撥音,kuɕuŋ,kuɕuŋ,0,4,7,7,6,5,5,695.9,4.91,6,5989.1,6.95,6,0,4,#808080,53.6,-0.0,0.0,無声破裂音の領域性・摩擦音による流体・気体性を反映し、Weight 4・Time 7・Flow 6のベクトル配置。,,3,6,5,0,N(撥音単発)
くすっ,「くす」とする動作や現象が瞬間的・急激に行われる音や様子。,擬音語・擬態語,スピード・テンポ,中立,清音,明るい・軽い・小,促音,kusuʔ,kusuʔ,0,4,8,6,6,6,3,617.2,4.61,8,7474.5,7.33,6,0,4,#000000,0.0,0.0,0.0,無声破裂音の領域性・摩擦音による流体・気体性を反映し、Weight 4・Time 8・Flow 6のベクトル配置。,,2,5,0,0,Q(促音単発)
くすり,「くす」と一度だけ鮮やかに、あるいは滑らかに行われる動作・状態。,擬態語,テクスチャー・色・光,快,清音,明るい・軽い・小,「り」変化,kusuɾi,kusuɾi,0,2,5,5,4,8,4,550.3,4.32,5,3327.9,5.95,5,mh,5,#FFFFFF,100.0,-0.0,0.0,無声破裂音の領域性・摩擦音による流体・気体性を反映し、Weight 2・Time 5・Flow 4のベクトル配置。,,4,6,0,0,RI(り単発)
くすん,「くす」と響き渡る音、または余韻や弾力を伴う状態。,擬音語・擬態語,テクスチャー,中立,清音,明るい・軽い・小,撥音,kusuŋ,kusuŋ,0,4,7,7,5,5,4,556.1,4.34,6,5088.5,6.67,6,0,4,#FFFACD,97.6,-5.4,22.2,無声破裂音の領域性・摩擦音による流体・気体性を反映し、Weight 4・Time 7・Flow 5のベクトル配置。,,3,6,5,0,N(撥音単発)
くたっ,「くた」とする動作や現象が瞬間的・急激に行われる音や様子。,擬音語・擬態語,スピード・テンポ,中立,清音,明るい・軽い・小,促音,kutaʔ,kutaʔ,0,5,7,6,7,6,4,446.5,3.79,8,7413.7,7.31,7,0,4,#000000,0.0,0.0,0.0,無声破裂音の領域性・促音による時間的突発性(Decay high)を反映し、Weight 5・Time 7・Flow 7のベクトル配置。,,2,5,0,0,Q(促音単発)
くたり,「くた」と一度だけ鮮やかに、あるいは滑らかに行われる動作・状態。,擬態語,テクスチャー・色・光,快,清音,明るい・軽い・小,「り」変化,kutaɾi,kutaɾi,0,3,6,5,5,7,5,397.4,3.49,6,2841.5,5.69,5,mh,5,#FFFFFF,100.0,-0.0,0.0,無声破裂音の領域性・弾き音/ɾ/による運動変化を反映し、Weight 3・Time 6・Flow 5のベクトル配置。,,4,6,0,0,RI(り単発)
くちゃり,「くちゃ」と一度だけ鮮やかに、あるいは滑らかに行われる動作・状態。,擬態語,テクスチャー・色・光,快,清音,明るい・軽い・小,「り」変化,kutɕaɾi,kutɕaɾi,0,3,6,6,4,7,5,721.2,5.00,6,4911.3,6.61,6,mh,5,#FFFFFF,100.0,-0.0,0.0,無声破裂音の領域性・摩擦音による流体・気体性を反映し、Weight 3・Time 6・Flow 4のベクトル配置。,,4,6,0,0,RI(り単発)
くっ,「く」とする動作や現象が瞬間的・急激に行われる音や様子。,擬音語・擬態語,スピード・テンポ,中立,清音,明るい・軽い・小,促音,kuʔ,kuʔ,0,4,8,7,7,5,4,515.0,4.15,8,7392.3,7.31,7,0,4,#FFFFFF,100.0,-0.0,0.0,無声破裂音の領域性・促音による時間的突発性(Decay high)を反映し、Weight 4・Time 8・Flow 7のベクトル配置。,,2,5,0,0,Q(促音単発)
くっく,「くっく」という感覚・音・状態を表す表現。,擬音語・擬態語,その他,中立,清音,明るい・軽い・小,促音,kukku,kukku,0,4,6,5,6,6,5,361.5,3.25,6,2691.1,5.59,6,0,4,#FFFFFF,100.0,-0.0,0.0,無声破裂音の領域性・促音による時間的突発性(Decay high)を反映し、Weight 4・Time 6・Flow 6のベクトル配置。,,5,5,0,8,COMPOUND(複合・異種)
くっすぐく,「くっすぐく」という感覚・音・状態を表す表現。,擬音語・擬態語,その他,中立,清音・濁音,暗い・重い・大,促音,kussuɡuku,kussuɡuku,0,4,5,5,5,6,5,351.5,3.18,6,2136.3,5.20,6,0,4,#191970,15.9,31.7,-49.6,濁音による質量感・無声破裂音の領域性を反映し、Weight 4・Time 5・Flow 5のベクトル配置。,,5,5,0,8,COMPOUND(複合・異種)
くつくつ,「くつ」という音や状態が繰り返し連続して生じるさま。,擬音語・擬態語,スピード・テンポ,中立,清音,明るい・軽い・小,畳語,kutsukutsu,kutsukutsu,0,3,5,5,5,6,5,448.9,3.80,5,2319.8,5.34,6,0,4,#FF4500,57.6,67.8,69.0,無声破裂音の領域性・摩擦音による流体・気体性を反映し、Weight 3・Time 5・Flow 5のベクトル配置。,,4,5,5,1,REDUP(畳語・同一)
くにゃり,「くにゃ」と一度だけ鮮やかに、あるいは滑らかに行われる動作・状態。,擬態語,テクスチャー・色・光,快,清音,明るい・軽い・小,「り」変化,kuɲaɾi,kuɲaɾi,0,3,5,5,4,8,6,416.0,3.61,5,2930.6,5.74,6,mh,5,#FFDAB9,89.4,8.1,21.0,無声破裂音の領域性・鼻音の共鳴と持続性を反映し、Weight 3・Time 5・Flow 4のベクトル配置。,,4,6,0,0,RI(り単発)
くらっ,「くら」とする動作や現象が瞬間的・急激に行われる音や様子。,擬音語・擬態語,スピード・テンポ,中立,清音,明るい・軽い・小,促音,kuɾaʔ,kuɾaʔ,0,4,7,6,5,6,3,536.2,4.25,7,7133.9,7.25,6,0,4,#000000,0.0,0.0,0.0,無声破裂音の領域性・弾き音/ɾ/による運動変化を反映し、Weight 4・Time 7・Flow 5のベクトル配置。,,2,5,0,0,Q(促音単発)
くらり,「くら」と一度だけ鮮やかに、あるいは滑らかに行われる動作・状態。,擬態語,テクスチャー・色・光,快,清音,明るい・軽い・小,「り」変化,kuɾaɾi,kuɾaɾi,0,2,5,5,4,8,4,463.0,3.88,5,2722.7,5.61,5,mh,5,#FFFFFF,100.0,-0.0,0.0,無声破裂音の領域性・弾き音/ɾ/による運動変化を反映し、Weight 2・Time 5・Flow 4のベクトル配置。,,4,6,0,0,RI(り単発)
くりくりっ,「くりくり」とする動作や現象が瞬間的・急激に行われる音や様子。,擬音語・擬態語,スピード・テンポ,中立,清音,明るい・軽い・小,促音,kuɾikuɾiʔ,kuɾikuɾiʔ,0,4,7,7,7,5,3,778.5,5.19,8,6486.8,7.09,7,mc,3,#F5DEB3,89.4,1.5,24.0,無声破裂音の領域性・弾き音/ɾ/による運動変化を反映し、Weight 4・Time 7・Flow 7のベクトル配置。,,3,5,0,0,Q(促音単発)
くりっ,「くり」とする動作や現象が瞬間的・急激に行われる音や様子。,擬音語・擬態語,スピード・テンポ,中立,清音,明るい・軽い・小,促音,kuɾiʔ,kuɾiʔ,0,4,7,7,7,5,3,750.7,5.10,8,7172.7,7.26,7,0,4,#000000,0.0,0.0,0.0,無声破裂音の領域性・弾き音/ɾ/による運動変化を反映し、Weight 4・Time 7・Flow 7のベクトル配置。,,2,5,0,0,Q(促音単発)
くるりくるり,「くるりくる」と一度だけ鮮やかに、あるいは滑らかに行われる動作・状態。,擬態語,テクスチャー・色・光,快,清音,明るい・軽い・小,畳語・「り」変化,kuɾuɾikuɾuɾi,kuɾuɾikuɾuɾi,0,3,5,5,4,7,4,510.7,4.13,5,2894.4,5.72,5,mc,3,#F0F8FF,97.2,-1.3,-4.3,無声破裂音の領域性・弾き音/ɾ/による運動変化を反映し、Weight 3・Time 5・Flow 4のベクトル配置。,,4,5,5,1,REDUP(畳語・同一)
くるん,「くる」と響き渡る音、または余韻や弾力を伴う状態。,擬音語・擬態語,テクスチャー,中立,清音,明るい・軽い・小,撥音,kuɾuŋ,kuɾuŋ,0,4,6,7,5,5,5,436.7,3.73,6,3788.9,6.17,6,mc,3,#808080,53.6,-0.0,0.0,無声破裂音の領域性・鼻音の共鳴と持続性を反映し、Weight 4・Time 6・Flow 5のベクトル配置。,,3,6,5,0,N(撥音単発)
くーん,「くー」と響き渡る音、または余韻や弾力を伴う状態。,擬音語・擬態語,テクスチャー,中立,清音,明るい・軽い・小,撥音・長音,kuːŋ,kuːŋ,0,4,4,6,4,5,4,855.2,5.43,2,5408.2,6.78,5,0,4,#FFFF00,97.1,-21.6,94.5,無声破裂音の領域性・鼻音の共鳴と持続性を反映し、Weight 4・Time 4・Flow 4のベクトル配置。,,3,7,5,0,LONG(長音ー)
ぐ,「ぐ」という感覚・音・状態を表す表現。,擬音語・擬態語,その他,中立,濁音,暗い・重い・大,単発・その他,ɡu,ɡu,0,6,4,4,5,6,6,216.0,1.95,5,1814.5,4.92,7,0,4,#000080,13.0,47.5,-64.7,濁音による質量感を反映し、Weight 6・Time 4・Flow 5のベクトル配置。,,5,5,0,8,COMPOUND(複合・異種)
ぐい,「ぐい」という感覚・音・状態を表す表現。,擬音語・擬態語,その他,中立,清音・濁音,暗い・重い・大,単発・その他,ɡui,ɡui,0,5,5,5,5,6,5,307.1,2.84,5,2701.2,5.60,7,mh,5,#FF4500,57.6,67.8,69.0,濁音による質量感を反映し、Weight 5・Time 5・Flow 5のベクトル配置。,,5,5,0,8,COMPOUND(複合・異種)
ぐおんぐおん,「ぐおんぐお」と響き渡る音、または余韻や弾力を伴う状態。,擬音語・擬態語,テクスチャー,中立,清音・濁音,暗い・重い・大,畳語・撥音,ɡuoŋɡuoŋ,ɡuoŋɡuoŋ,0,6,5,5,5,4,6,135.8,0.77,4,2000.6,5.09,7,0,4,#1E90FF,59.4,10.0,-63.4,濁音による質量感・鼻音の共鳴と持続性を反映し、Weight 6・Time 5・Flow 5のベクトル配置。,,4,5,5,1,REDUP(畳語・同一)
ぐがっ,「ぐが」とする動作や現象が瞬間的・急激に行われる音や様子。,擬音語・擬態語,スピード・テンポ,中立,濁音,暗い・重い・大,促音,ɡuɡaʔ,ɡuɡaʔ,0,6,8,7,7,5,4,381.9,3.39,8,7076.9,7.24,8,0,4,#000000,0.0,0.0,0.0,濁音による質量感・促音による時間的突発性(Decay high)を反映し、Weight 6・Time 8・Flow 7のベクトル配置。,,2,5,0,0,Q(促音単発)
ぐぐ,「ぐぐ」という感覚・音・状態を表す表現。,擬音語・擬態語,その他,中立,濁音,暗い・重い・大,単発・その他,ɡuɡu,ɡuɡu,0,6,5,4,5,6,6,148.0,0.99,5,1389.3,4.47,7,0,4,#778899,55.9,-2.2,-11.1,濁音による質量感を反映し、Weight 6・Time 5・Flow 5のベクトル配置。,,5,5,0,8,COMPOUND(複合・異種)
ぐぐっ,「ぐぐ」とする動作や現象が瞬間的・急激に行われる音や様子。,擬音語・擬態語,スピード・テンポ,中立,濁音,暗い・重い・大,促音,ɡuɡuʔ,ɡuɡuʔ,0,6,7,6,6,5,4,370.0,3.31,8,6275.2,7.03,8,0,4,#000000,0.0,0.0,0.0,濁音による質量感・促音による時間的突発性(Decay high)を反映し、Weight 6・Time 7・Flow 6のベクトル配置。,,2,5,0,0,Q(促音単発)
ぐさぐさ,「ぐさ」という音や状態が繰り返し連続して生じるさま。,擬音語・擬態語,スピード・テンポ,中立,清音・濁音,暗い・重い・大,畳語,ɡusaɡusa,ɡusaɡusa,0,5,5,3,3,7,4,457.4,3.85,4,3849.2,6.20,5,mc,3,#556B2F,42.2,-18.8,30.6,濁音による質量感・摩擦音による流体・気体性を反映し、Weight 5・Time 5・Flow 3のベクトル配置。,,4,5,5,1,REDUP(畳語・同一)
ぐさっ,「ぐさ」とする動作や現象が瞬間的・急激に行われる音や様子。,擬音語・擬態語,スピード・テンポ,中立,清音・濁音,暗い・重い・大,促音,ɡusaʔ,ɡusaʔ,0,5,7,6,6,6,3,514.1,4.14,8,7523.0,7.34,7,0,4,#000000,0.0,0.0,0.0,濁音による質量感・摩擦音による流体・気体性を反映し、Weight 5・Time 7・Flow 6のベクトル配置。,,2,5,0,0,Q(促音単発)
ぐさり,「ぐさ」と一度だけ鮮やかに、あるいは滑らかに行われる動作・状態。,擬態語,テクスチャー・色・光,快,清音・濁音,暗い・重い・大,「り」変化,ɡusaɾi,ɡusaɾi,0,4,6,5,4,7,4,473.6,3.94,6,3419.6,6.00,6,0,4,#FFFFFF,100.0,-0.0,0.0,濁音による質量感・摩擦音による流体・気体性を反映し、Weight 4・Time 6・Flow 4のベクトル配置。,,4,6,0,0,RI(り単発)
ぐしゃっ,「ぐしゃ」とする動作や現象が瞬間的・急激に行われる音や様子。,擬音語・擬態語,スピード・テンポ,中立,清音・濁音,暗い・重い・大,促音,ɡuɕaʔ,ɡuɕaʔ,0,5,8,6,6,6,4,616.1,4.60,8,9536.0,7.74,8,0,4,#8B4513,37.5,26.4,41.0,濁音による質量感・摩擦音による流体・気体性を反映し、Weight 5・Time 8・Flow 6のベクトル配置。,,3,5,0,0,Q(促音単発)
ぐしゃり,「ぐしゃ」と一度だけ鮮やかに、あるいは滑らかに行われる動作・状態。,擬態語,テクスチャー・色・光,快,清音・濁音,暗い・重い・大,「り」変化,ɡuɕaɾi,ɡuɕaɾi,0,4,6,5,4,7,5,525.5,4.20,6,5506.9,6.81,6,0,4,#FFFFFF,100.0,-0.0,0.0,濁音による質量感・摩擦音による流体・気体性を反映し、Weight 4・Time 6・Flow 4のベクトル配置。,,4,6,0,0,RI(り単発)
ぐしゃん,「ぐしゃ」と響き渡る音、または余韻や弾力を伴う状態。,擬音語・擬態語,テクスチャー,中立,清音・濁音,暗い・重い・大,撥音,ɡuɕaŋ,ɡuɕaŋ,0,5,7,7,5,5,6,512.9,4.14,7,7037.4,7.23,7,0,4,#8B4513,37.5,26.4,41.0,濁音による質量感・摩擦音による流体・気体性を反映し、Weight 5・Time 7・Flow 5のベクトル配置。,,3,6,5,0,N(撥音単発)
ぐしゅぐしゅ,「ぐしゅ」という音や状態が繰り返し連続して生じるさま。,擬音語・擬態語,スピード・テンポ,中立,清音・濁音,暗い・重い・大,畳語,ɡuɕuɡuɕu,ɡuɕuɡuɕu,0,5,5,5,4,6,6,558.5,4.35,4,4432.2,6.44,7,0,4,#8B4513,37.5,26.4,41.0,濁音による質量感・摩擦音による流体・気体性を反映し、Weight 5・Time 5・Flow 4のベクトル配置。,,4,5,5,1,REDUP(畳語・同一)
ぐしょぐしょ,「ぐしょ」という音や状態が繰り返し連続して生じるさま。,擬音語・擬態語,スピード・テンポ,中立,清音・濁音,暗い・重い・大,畳語,ɡuɕoɡuɕo,ɡuɕoɡuɕo,0,5,5,4,5,6,6,376.4,3.36,5,4409.2,6.43,7,0,4,#000080,13.0,47.5,-64.7,濁音による質量感・摩擦音による流体・気体性を反映し、Weight 5・Time 5・Flow 5のベクトル配置。,,4,5,5,1,REDUP(畳語・同一)
ぐじゃぐじゃ,「ぐじゃ」という音や状態が繰り返し連続して生じるさま。,擬音語・擬態語,スピード・テンポ,中立,濁音,暗い・重い・大,畳語,ɡudʑaɡudʑa,ɡudʑaɡudʑa,0,6,5,4,4,6,7,194.6,1.69,4,5694.1,6.87,7,0,4,#8B4513,37.5,26.4,41.0,濁音による質量感を反映し、Weight 6・Time 5・Flow 4のベクトル配置。,,4,5,5,1,REDUP(畳語・同一)
ぐじゃり,「ぐじゃ」と一度だけ鮮やかに、あるいは滑らかに行われる動作・状態。,擬態語,テクスチャー・色・光,快,清音・濁音,暗い・重い・大,「り」変化,ɡudʑaɾi,ɡudʑaɾi,0,4,6,6,4,7,5,338.7,3.09,5,4656.8,6.52,7,mh,5,#FFFFFF,100.0,-0.0,0.0,濁音による質量感・弾き音/ɾ/による運動変化を反映し、Weight 4・Time 6・Flow 4のベクトル配置。,,4,6,0,0,RI(り単発)
ぐじゅぐじゅ,「ぐじゅ」という音や状態が繰り返し連続して生じるさま。,擬音語・擬態語,スピード・テンポ,中立,濁音,暗い・重い・大,畳語,ɡudʑuɡudʑu,ɡudʑuɡudʑu,0,6,4,4,5,6,7,213.9,1.92,3,2840.2,5.68,8,mc,3,#956D6A,49.9,15.5,7.9,濁音による質量感を反映し、Weight 6・Time 4・Flow 5のベクトル配置。,,4,5,5,1,REDUP(畳語・同一)
ぐじょぐじょ,「ぐじょ」という音や状態が繰り返し連続して生じるさま。,擬音語・擬態語,スピード・テンポ,中立,濁音,暗い・重い・大,畳語,ɡudʑoɡudʑo,ɡudʑoɡudʑo,0,6,4,4,5,5,7,167.2,1.30,4,2487.0,5.46,7,0,4,#708090,52.8,-2.1,-10.6,濁音による質量感を反映し、Weight 6・Time 4・Flow 5のベクトル配置。,,4,5,5,1,REDUP(畳語・同一)
ぐすぐす,鼻をすすってぐずる声・様子。,擬声語・擬態語,その他,中立,清音・濁音,暗い・重い・大,畳語,ɡusuɡusu,ɡusuɡusu,0,5,5,4,5,7,5,331.6,3.03,4,2280.8,5.31,6,0,4,#FF4500,57.6,67.8,69.0,濁音による質量感・摩擦音による流体・気体性を反映し、Weight 5・Time 5・Flow 5のベクトル配置。,,4,5,5,1,REDUP(畳語・同一)
ぐたぐた,「ぐた」という音や状態が繰り返し連続して生じるさま。,擬音語・擬態語,スピード・テンポ,中立,清音・濁音,暗い・重い・大,畳語,ɡutaɡuta,ɡutaɡuta,0,6,5,3,4,6,6,155.4,1.12,5,2113.9,5.18,6,0,4,#4B3621,24.5,6.4,16.8,濁音による質量感・無声破裂音の領域性を反映し、Weight 6・Time 5・Flow 4のベクトル配置。,,4,5,5,1,REDUP(畳語・同一)
ぐたっ,「ぐた」とする動作や現象が瞬間的・急激に行われる音や様子。,擬音語・擬態語,スピード・テンポ,中立,清音・濁音,暗い・重い・大,促音,ɡutaʔ,ɡutaʔ,0,6,8,6,6,5,4,361.8,3.26,8,7300.5,7.29,8,0,4,#000000,0.0,0.0,0.0,濁音による質量感・無声破裂音の領域性を反映し、Weight 6・Time 8・Flow 6のベクトル配置。,,2,5,0,0,Q(促音単発)
ぐたり,「ぐた」と一度だけ鮮やかに、あるいは滑らかに行われる動作・状態。,擬態語,テクスチャー・色・光,快,清音・濁音,暗い・重い・大,「り」変化,ɡutaɾi,ɡutaɾi,0,4,6,5,4,7,5,315.9,2.91,6,2583.3,5.52,6,mh,5,#FFFFFF,100.0,-0.0,0.0,濁音による質量感・無声破裂音の領域性を反映し、Weight 4・Time 6・Flow 4のベクトル配置。,,4,6,0,0,RI(り単発)
ぐだぐだ,「ぐだ」という音や状態が繰り返し連続して生じるさま。,擬音語・擬態語,スピード・テンポ,中立,濁音,暗い・重い・大,畳語,ɡudaɡuda,ɡudaɡuda,0,6,4,3,4,6,7,174.5,1.41,3,1849.4,4.96,7,0,4,#808080,53.6,-0.0,0.0,濁音による質量感を反映し、Weight 6・Time 4・Flow 4のベクトル配置。,,4,5,5,1,REDUP(畳語・同一)
ぐちゃり,「ぐちゃ」と一度だけ鮮やかに、あるいは滑らかに行われる動作・状態。,擬態語,テクスチャー・色・光,快,清音・濁音,暗い・重い・大,「り」変化,ɡutɕaɾi,ɡutɕaɾi,0,4,6,5,4,7,5,634.3,4.68,6,4336.0,6.40,7,mh,5,#FFFFFF,100.0,-0.0,0.0,濁音による質量感・無声破裂音の領域性を反映し、Weight 4・Time 6・Flow 4のベクトル配置。,,4,6,0,0,RI(り単発)
ぐちょぐちょ,「ぐちょ」という音や状態が繰り返し連続して生じるさま。,擬音語・擬態語,スピード・テンポ,中立,清音・濁音,暗い・重い・大,畳語,ɡutɕoɡutɕo,ɡutɕoɡutɕo,0,5,6,4,5,6,6,611.8,4.58,5,2624.1,5.55,7,0,4,#4B3621,24.5,6.4,16.8,濁音による質量感・無声破裂音の領域性を反映し、Weight 5・Time 6・Flow 5のベクトル配置。,,4,5,5,1,REDUP(畳語・同一)
ぐっ,「ぐ」とする動作や現象が瞬間的・急激に行われる音や様子。,擬音語・擬態語,スピード・テンポ,中立,濁音,暗い・重い・大,促音,ɡuʔ,ɡuʔ,0,5,7,6,7,5,4,453.1,3.82,8,7076.5,7.24,8,0,4,#000000,0.0,0.0,0.0,濁音による質量感・促音による時間的突発性(Decay high)を反映し、Weight 5・Time 7・Flow 7のベクトル配置。,,2,5,0,0,Q(促音単発)
ぐっぐっ,「ぐっぐ」とする動作や現象が瞬間的・急激に行われる音や様子。,擬音語・擬態語,スピード・テンポ,中立,濁音,暗い・重い・大,畳語・促音,ɡuɡɡuʔ,ɡuɡɡuʔ,0,6,6,5,6,6,5,274.1,2.55,6,3907.4,6.23,7,0,4,#4682B4,52.5,-4.1,-32.2,濁音による質量感・促音による時間的突発性(Decay high)を反映し、Weight 6・Time 6・Flow 6のベクトル配置。,,4,5,5,1,REDUP(畳語・同一)
ぐっさり,「ぐっさ」と一度だけ鮮やかに、あるいは滑らかに行われる動作・状態。,擬態語,テクスチャー・色・光,快,清音・濁音,暗い・重い・大,促音・「り」変化,ɡussaɾi,ɡussaɾi,0,4,5,5,3,7,4,377.3,3.36,6,2592.2,5.53,6,0,4,#191970,15.9,31.7,-49.6,濁音による質量感・摩擦音による流体・気体性を反映し、Weight 4・Time 5・Flow 3のベクトル配置。,,5,5,5,8,COMPOUND(複合・異種)
ぐっしゃり,「ぐっしゃ」と一度だけ鮮やかに、あるいは滑らかに行われる動作・状態。,擬態語,テクスチャー・色・光,快,清音・濁音,暗い・重い・大,促音・「り」変化,ɡuɕɕaɾi,ɡuɕɕaɾi,0,5,5,5,4,7,6,448.5,3.80,6,4388.7,6.42,7,0,4,#000080,13.0,47.5,-64.7,濁音による質量感・摩擦音による流体・気体性を反映し、Weight 5・Time 5・Flow 4のベクトル配置。,,5,5,5,8,COMPOUND(複合・異種)
ぐでぐで,「ぐで」という音や状態が繰り返し連続して生じるさま。,擬音語・擬態語,スピード・テンポ,中立,濁音,暗い・重い・大,畳語,ɡudeɡude,ɡudeɡude,0,6,4,4,4,6,6,195.9,1.70,4,1585.0,4.69,7,mc,3,#8B4513,37.5,26.4,41.0,濁音による質量感を反映し、Weight 6・Time 4・Flow 4のベクトル配置。,,4,5,5,1,REDUP(畳語・同一)
ぐでんぐでん,泥酔して体を支えられない様子。,擬態語,その他,中立,濁音,暗い・重い・大,畳語・撥音,ɡudeŋɡudeŋ,ɡudeŋɡudeŋ,0,7,4,5,5,5,6,100.0,0.00,4,1139.3,4.13,7,0,4,#000000,0.0,0.0,0.0,濁音による質量感・鼻音の共鳴と持続性を反映し、Weight 7・Time 4・Flow 5のベクトル配置。,,4,5,5,1,REDUP(畳語・同一)
ぐにょ,「ぐにょ」という感覚・音・状態を表す表現。,擬音語・擬態語,その他,中立,清音・濁音,暗い・重い・大,単発・その他,ɡuɲo,ɡuɲo,0,5,4,4,5,7,7,221.6,2.01,5,1306.9,4.37,7,0,4,#ADFF2F,92.0,-52.5,81.9,濁音による質量感・鼻音の共鳴と持続性を反映し、Weight 5・Time 4・Flow 5のベクトル配置。,,5,5,0,8,COMPOUND(複合・異種)
ぐびぐび,「ぐび」という音や状態が繰り返し連続して生じるさま。,擬音語・擬態語,スピード・テンポ,中立,濁音,暗い・重い・大,畳語,ɡubiɡubi,ɡubiɡubi,0,6,5,5,4,6,6,265.2,2.47,5,3520.7,6.05,7,0,4,#4169E1,47.8,26.3,-65.3,濁音による質量感を反映し、Weight 6・Time 5・Flow 4のベクトル配置。,,4,5,5,1,REDUP(畳語・同一)
ぐびり,「ぐび」と一度だけ鮮やかに、あるいは滑らかに行われる動作・状態。,擬態語,テクスチャー・色・光,快,清音・濁音,暗い・重い・大,「り」変化,ɡubiɾi,ɡubiɾi,0,4,6,6,4,7,5,408.0,3.56,6,3621.8,6.10,6,mh,5,#FFFFFF,100.0,-0.0,0.0,濁音による質量感・弾き音/ɾ/による運動変化を反映し、Weight 4・Time 6・Flow 4のベクトル配置。,,4,6,0,0,RI(り単発)
ぐら,「ぐら」という感覚・音・状態を表す表現。,擬音語・擬態語,その他,中立,清音・濁音,暗い・重い・大,単発・その他,ɡuɾa,ɡuɾa,0,5,4,4,3,7,5,207.9,1.85,5,2082.5,5.16,6,0,4,#808080,53.6,-0.0,0.0,濁音による質量感・弾き音/ɾ/による運動変化を反映し、Weight 5・Time 4・Flow 3のベクトル配置。,,5,5,0,8,COMPOUND(複合・異種)
ぐらぐらっ,「ぐらぐら」とする動作や現象が瞬間的・急激に行われる音や様子。,擬音語・擬態語,スピード・テンポ,中立,清音・濁音,暗い・重い・大,促音,ɡuɾaɡuɾaʔ,ɡuɾaɡuɾaʔ,0,5,7,5,4,7,4,374.5,3.34,6,5909.5,6.93,7,0,4,#808080,53.6,-0.0,0.0,濁音による質量感・弾き音/ɾ/による運動変化を反映し、Weight 5・Time 7・Flow 4のベクトル配置。,,3,5,0,0,Q(促音単発)
ぐらっぐらっ,「ぐらっぐら」とする動作や現象が瞬間的・急激に行われる音や様子。,擬音語・擬態語,スピード・テンポ,中立,清音・濁音,暗い・重い・大,畳語・促音,ɡuɾaɡɡuɾaʔ,ɡuɾaɡɡuɾaʔ,0,5,6,4,4,7,4,290.9,2.70,5,4155.6,6.33,6,0,4,#000000,0.0,0.0,0.0,濁音による質量感・弾き音/ɾ/による運動変化を反映し、Weight 5・Time 6・Flow 4のベクトル配置。,,4,5,5,1,REDUP(畳語・同一)
ぐらりくらり,「ぐらりくら」と一度だけ鮮やかに、あるいは滑らかに行われる動作・状態。,擬態語,テクスチャー・色・光,快,清音・濁音,暗い・重い・大,「り」変化,ɡuɾaɾikuɾaɾi,ɡuɾaɾikuɾaɾi,0,3,6,5,3,8,4,467.1,3.90,6,2593.6,5.53,5,0,4,#F0FFFF,98.9,-4.9,-1.7,濁音による質量感・無声破裂音の領域性を反映し、Weight 3・Time 6・Flow 3のベクトル配置。,,4,6,0,0,RI(り単発)
ぐりっ,「ぐり」とする動作や現象が瞬間的・急激に行われる音や様子。,擬音語・擬態語,スピード・テンポ,中立,清音・濁音,暗い・重い・大,促音,ɡuɾiʔ,ɡuɾiʔ,0,5,7,7,7,5,4,652.0,4.75,8,6969.0,7.21,8,0,4,#000000,0.0,0.0,0.0,濁音による質量感・弾き音/ɾ/による運動変化を反映し、Weight 5・Time 7・Flow 7のベクトル配置。,,2,5,0,0,Q(促音単発)
ぐりり,「ぐり」と一度だけ鮮やかに、あるいは滑らかに行われる動作・状態。,擬態語,テクスチャー・色・光,快,清音・濁音,暗い・重い・大,「り」変化,ɡuɾiɾi,ɡuɾiɾi,0,4,6,6,5,7,4,514.9,4.15,6,3626.0,6.10,6,0,4,#FFFFFF,100.0,-0.0,0.0,濁音による質量感・弾き音/ɾ/による運動変化を反映し、Weight 4・Time 6・Flow 5のベクトル配置。,,4,6,0,0,RI(り単発)
ぐるりぐるり,「ぐるりぐる」と一度だけ鮮やかに、あるいは滑らかに行われる動作・状態。,擬態語,テクスチャー・色・光,快,清音・濁音,暗い・重い・大,畳語・「り」変化,ɡuɾuɾiɡuɾuɾi,ɡuɾuɾiɡuɾuɾi,0,4,5,5,4,7,5,352.4,3.19,5,2577.8,5.52,6,mc,3,#708090,52.8,-2.1,-10.6,濁音による質量感・弾き音/ɾ/による運動変化を反映し、Weight 4・Time 5・Flow 4のベクトル配置。,,4,5,5,1,REDUP(畳語・同一)
ぐるん,「ぐる」と響き渡る音、または余韻や弾力を伴う状態。,擬音語・擬態語,テクスチャー,中立,清音・濁音,暗い・重い・大,撥音,ɡuɾuŋ,ɡuɾuŋ,0,5,6,6,5,5,5,334.3,3.06,6,3600.6,6.09,7,mc,3,#4682B4,52.5,-4.1,-32.2,濁音による質量感・鼻音の共鳴と持続性を反映し、Weight 5・Time 6・Flow 5のベクトル配置。,,3,6,5,0,N(撥音単発)
ぐるんぐるん,「ぐるんぐる」と響き渡る音、または余韻や弾力を伴う状態。,擬音語・擬態語,テクスチャー,中立,清音・濁音,暗い・重い・大,畳語・撥音,ɡuɾuŋɡuɾuŋ,ɡuɾuŋɡuɾuŋ,0,5,5,5,4,6,5,243.7,2.25,4,2928.6,5.74,7,0,4,#4682B4,52.5,-4.1,-32.2,濁音による質量感・鼻音の共鳴と持続性を反映し、Weight 5・Time 5・Flow 4のベクトル配置。,,4,5,5,1,REDUP(畳語・同一)
ぐわらり,「ぐわら」と一度だけ鮮やかに、あるいは滑らかに行われる動作・状態。,擬態語,テクスチャー・色・光,快,清音・濁音,暗い・重い・大,「り」変化,ɡuwaɾaɾi,ɡuwaɾaɾi,0,3,5,5,3,8,4,353.2,3.19,5,3427.2,6.00,5,mh,5,#FFFFFF,100.0,-0.0,0.0,濁音による質量感・弾き音/ɾ/による運動変化を反映し、Weight 3・Time 5・Flow 3のベクトル配置。,,4,6,0,0,RI(り単発)
ぐんにゃり,「ぐんにゃ」と一度だけ鮮やかに、あるいは滑らかに行われる動作・状態。,擬態語,テクスチャー・色・光,快,清音・濁音,暗い・重い・大,撥音・「り」変化,ɡunɲaɾi,ɡunɲaɾi,0,4,4,4,4,7,6,288.3,2.68,5,2228.9,5.27,7,mh,5,#696969,44.4,-0.0,0.0,濁音による質量感・鼻音の共鳴と持続性を反映し、Weight 4・Time 4・Flow 4のベクトル配置。,,5,5,5,8,COMPOUND(複合・異種)
ぐーっ,「ぐー」とする動作や現象が瞬間的・急激に行われる音や様子。,擬音語・擬態語,スピード・テンポ,中立,濁音,暗い・重い・大,促音・長音,ɡuːʔ,ɡuːʔ,0,5,4,5,6,6,4,735.6,5.05,4,6181.7,7.01,7,0,4,#F0FFFF,98.9,-4.9,-1.7,濁音による質量感・促音による時間的突発性(Decay high)を反映し、Weight 5・Time 4・Flow 6のベクトル配置。,,2,6,5,0,LONG(長音ー)
ぐーん,「ぐー」と響き渡る音、または余韻や弾力を伴う状態。,擬音語・擬態語,テクスチャー,中立,濁音,暗い・重い・大,撥音・長音,ɡuːŋ,ɡuːŋ,0,5,4,6,4,5,5,723.1,5.01,2,4990.5,6.64,6,0,4,#FFFF00,97.1,-21.6,94.5,濁音による質量感・鼻音の共鳴と持続性を反映し、Weight 5・Time 4・Flow 4のベクトル配置。,,3,7,5,0,LONG(長音ー)
けっきょ,「けっきょ」という感覚・音・状態を表す表現。,擬音語・擬態語,その他,中立,清音,明るい・軽い・小,促音,kekkjo,kekkjo,0,3,6,6,5,6,4,830.0,5.36,6,6375.2,7.06,6,mh,5,#000000,0.0,0.0,0.0,無声破裂音の領域性・促音による時間的突発性(Decay high)を反映し、Weight 3・Time 6・Flow 5のベクトル配置。,,5,5,0,8,COMPOUND(複合・異種)
けろっ,「けろ」とする動作や現象が瞬間的・急激に行われる音や様子。,擬音語・擬態語,スピード・テンポ,中立,清音,明るい・軽い・小,促音,keɾoʔ,keɾoʔ,0,4,8,7,6,6,3,627.9,4.65,7,7225.0,7.27,7,0,4,#000000,0.0,0.0,0.0,無声破裂音の領域性・弾き音/ɾ/による運動変化を反映し、Weight 4・Time 8・Flow 6のベクトル配置。,,2,5,0,0,Q(促音単発)
けろり,「けろ」と一度だけ鮮やかに、あるいは滑らかに行われる動作・状態。,擬態語,テクスチャー・色・光,快,清音,明るい・軽い・小,「り」変化,keɾoɾi,keɾoɾi,0,3,6,6,4,7,4,589.1,4.49,5,3652.4,6.11,6,mh,5,#FFFFFF,100.0,-0.0,0.0,無声破裂音の領域性・弾き音/ɾ/による運動変化を反映し、Weight 3・Time 6・Flow 4のベクトル配置。,,4,6,0,0,RI(り単発)
けんけん,「けんけ」と響き渡る音、または余韻や弾力を伴う状態。,擬音語・擬態語,テクスチャー,中立,清音,明るい・軽い・小,畳語・撥音,keŋkeŋ,keŋkeŋ,0,4,6,6,4,5,4,609.2,4.57,5,5234.6,6.72,6,0,4,#8B0000,28.1,51.0,41.3,無声破裂音の領域性・鼻音の共鳴と持続性を反映し、Weight 4・Time 6・Flow 4のベクトル配置。,,4,5,5,1,REDUP(畳語・同一)
けんけんほろろ,「けんけんほろろ」という感覚・音・状態を表す表現。,擬音語・擬態語,その他,中立,清音,明るい・軽い・小,撥音,keŋkeŋhoɾoɾo,keŋkeŋhoɾoɾo,0,4,5,5,4,7,4,421.3,3.64,4,2280.5,5.31,6,0,4,#00FF00,87.7,-86.2,83.2,無声破裂音の領域性・摩擦音による流体・気体性を反映し、Weight 4・Time 5・Flow 4のベクトル配置。,,5,5,5,8,COMPOUND(複合・異種)
けーんけーん,「けーんけー」と響き渡る音、または余韻や弾力を伴う状態。,擬音語・擬態語,テクスチャー,中立,清音,明るい・軽い・小,畳語・撥音・長音,keːŋkeːŋ,keːŋkeːŋ,0,5,5,7,4,4,4,688.8,4.89,3,4896.9,6.61,6,mh,5,#DAA520,70.8,8.5,68.8,無声破裂音の領域性・鼻音の共鳴と持続性を反映し、Weight 5・Time 5・Flow 4のベクトル配置。,,4,5,5,1,REDUP(畳語・同一)
げぶげぶ,「げぶ」という音や状態が繰り返し連続して生じるさま。,擬音語・擬態語,スピード・テンポ,中立,濁音,暗い・重い・大,畳語,ɡebuɡebu,ɡebuɡebu,0,7,5,4,4,6,7,225.0,2.05,4,3709.9,6.14,7,mc,3,#8B4513,37.5,26.4,41.0,濁音による質量感を反映し、Weight 7・Time 5・Flow 4のベクトル配置。,,4,5,5,1,REDUP(畳語・同一)
げほげほ,「げほ」という音や状態が繰り返し連続して生じるさま。,擬音語・擬態語,スピード・テンポ,中立,清音・濁音,暗い・重い・大,畳語,ɡehoɡeho,ɡehoɡeho,0,5,4,4,4,7,5,393.3,3.47,4,2105.7,5.18,5,0,4,#32CD32,72.6,-67.1,61.4,濁音による質量感・摩擦音による流体・気体性を反映し、Weight 5・Time 4・Flow 4のベクトル配置。,,4,5,5,1,REDUP(畳語・同一)
げほんげほん,「げほんげほ」と響き渡る音、または余韻や弾力を伴う状態。,擬音語・擬態語,テクスチャー,中立,清音・濁音,暗い・重い・大,畳語・撥音,ɡehoŋɡehoŋ,ɡehoŋɡehoŋ,0,5,5,5,4,6,5,380.2,3.38,4,2623.4,5.55,6,0,4,#A52A2A,37.5,49.7,30.5,濁音による質量感・摩擦音による流体・気体性を反映し、Weight 5・Time 5・Flow 4のベクトル配置。,,4,5,5,1,REDUP(畳語・同一)
げー,音が長く尾を引いて持続する音や状態。,擬音語・擬態語,スピード・テンポ,中立,濁音,暗い・重い・大,長音,ɡeː,ɡeː,0,5,3,5,4,7,5,816.2,5.31,1,4837.8,6.59,6,0,4,#556B2F,42.2,-18.8,30.6,濁音による質量感・長音による持続傾向を反映し、Weight 5・Time 3・Flow 4のベクトル配置。,,2,7,5,0,LONG(長音ー)
げーっ,「げー」とする動作や現象が瞬間的・急激に行われる音や様子。,擬音語・擬態語,スピード・テンポ,中立,濁音,暗い・重い・大,促音・長音,ɡeːʔ,ɡeːʔ,0,5,5,5,6,6,4,742.6,5.08,4,6266.9,7.03,6,0,4,#556B2F,42.2,-18.8,30.6,濁音による質量感・促音による時間的突発性(Decay high)を反映し、Weight 5・Time 5・Flow 6のベクトル配置。,,2,6,5,0,LONG(長音ー)
こくこく,「こく」という音や状態が繰り返し連続して生じるさま。,擬音語・擬態語,スピード・テンポ,中立,清音,明るい・軽い・小,畳語,kokukoku,kokukoku,0,3,6,5,4,5,4,429.6,3.69,5,2632.0,5.56,5,0,4,#FF0000,53.2,80.1,67.2,無声破裂音の領域性を反映し、Weight 3・Time 6・Flow 4のベクトル配置。,,4,5,5,1,REDUP(畳語・同一)
こくり,「こく」と一度だけ鮮やかに、あるいは滑らかに行われる動作・状態。,擬態語,テクスチャー・色・光,快,清音,明るい・軽い・小,「り」変化,kokuɾi,kokuɾi,0,3,6,6,5,7,4,441.2,3.76,6,2879.2,5.71,6,mh,5,#FFFFFF,100.0,-0.0,0.0,無声破裂音の領域性・弾き音/ɾ/による運動変化を反映し、Weight 3・Time 6・Flow 5のベクトル配置。,,4,6,0,0,RI(り単発)
こくりこくり,「こくりこく」と一度だけ鮮やかに、あるいは滑らかに行われる動作・状態。,擬態語,テクスチャー・色・光,快,清音,明るい・軽い・小,畳語・「り」変化,kokuɾikokuɾi,kokuɾikokuɾi,0,3,6,5,5,6,4,523.8,4.19,6,2857.0,5.69,5,0,4,#F5DEB3,89.4,1.5,24.0,無声破裂音の領域性・弾き音/ɾ/による運動変化を反映し、Weight 3・Time 6・Flow 5のベクトル配置。,,4,5,5,1,REDUP(畳語・同一)
こくん,「こく」と響き渡る音、または余韻や弾力を伴う状態。,擬音語・擬態語,テクスチャー,中立,清音,明るい・軽い・小,撥音,kokuŋ,kokuŋ,0,4,7,7,6,4,4,414.2,3.60,7,3836.6,6.20,6,0,4,#808080,53.6,-0.0,0.0,無声破裂音の領域性・鼻音の共鳴と持続性を反映し、Weight 4・Time 7・Flow 6のベクトル配置。,,3,6,5,0,N(撥音単発)
こけこっこ,「こけこっこ」という感覚・音・状態を表す表現。,擬音語・擬態語,その他,中立,清音,明るい・軽い・小,促音,kokekokko,kokekokko,0,4,7,6,4,5,3,511.9,4.13,6,4381.9,6.42,6,mh,5,#FF0000,53.2,80.1,67.2,無声破裂音の領域性・促音による時間的突発性(Decay high)を反映し、Weight 4・Time 7・Flow 4のベクトル配置。,,5,5,0,8,COMPOUND(複合・異種)
ここ,「ここ」という感覚・音・状態を表す表現。,擬音語・擬態語,その他,中立,清音,明るい・軽い・小,単発・その他,koko,koko,0,4,6,5,5,5,4,375.7,3.35,6,2322.5,5.34,6,0,4,#708090,52.8,-2.1,-10.6,無声破裂音の領域性を反映し、Weight 4・Time 6・Flow 5のベクトル配置。,,5,5,0,8,COMPOUND(複合・異種)
ここここ,「ここ」という音や状態が繰り返し連続して生じるさま。,擬音語・擬態語,スピード・テンポ,中立,清音,明るい・軽い・小,畳語,kokokoko,kokokoko,0,3,6,5,4,5,4,470.7,3.92,5,3219.7,5.90,5,0,4,#FFFFFF,100.0,-0.0,0.0,無声破裂音の領域性を反映し、Weight 3・Time 6・Flow 4のベクトル配置。,,4,5,5,1,REDUP(畳語・同一)
こざっぱり,「こざっぱ」と一度だけ鮮やかに、あるいは滑らかに行われる動作・状態。,擬態語,テクスチャー・色・光,快,清音・濁音・半濁音,暗い・重い・大,促音・「り」変化,kozappaɾi,kozappaɾi,0,3,6,6,4,6,4,533.8,4.24,6,5430.8,6.79,6,0,4,#FFFFFF,100.0,-0.0,0.0,濁音による質量感・無声破裂音の領域性を反映し、Weight 3・Time 6・Flow 4のベクトル配置。,,5,5,5,8,COMPOUND(複合・異種)
こせこせ,「こせ」という音や状態が繰り返し連続して生じるさま。,擬音語・擬態語,スピード・テンポ,中立,清音,明るい・軽い・小,畳語,kosekose,kosekose,0,3,6,4,5,6,3,620.3,4.62,5,5014.6,6.65,5,0,4,#FF8C00,69.5,36.8,75.5,無声破裂音の領域性・摩擦音による流体・気体性を反映し、Weight 3・Time 6・Flow 5のベクトル配置。,,4,5,5,1,REDUP(畳語・同一)
こそ,「こそ」という感覚・音・状態を表す表現。,擬音語・擬態語,その他,中立,清音,明るい・軽い・小,単発・その他,koso,koso,0,3,5,4,6,6,3,564.0,4.38,5,3208.8,5.89,5,0,4,#2F4F4F,31.3,-11.7,-3.7,無声破裂音の領域性・摩擦音による流体・気体性を反映し、Weight 3・Time 5・Flow 6のベクトル配置。,,5,5,0,8,COMPOUND(複合・異種)
こそっ,「こそ」とする動作や現象が瞬間的・急激に行われる音や様子。,擬音語・擬態語,スピード・テンポ,中立,清音,明るい・軽い・小,促音,kosoʔ,kosoʔ,0,3,8,6,7,6,2,680.4,4.85,8,7476.0,7.33,6,0,4,#000000,0.0,0.0,0.0,無声破裂音の領域性・摩擦音による流体・気体性を反映し、Weight 3・Time 8・Flow 7のベクトル配置。,,2,5,0,0,Q(促音単発)
こそり,「こそ」と一度だけ鮮やかに、あるいは滑らかに行われる動作・状態。,擬態語,テクスチャー・色・光,快,清音,明るい・軽い・小,「り」変化,kosoɾi,kosoɾi,0,2,6,5,5,7,3,672.3,4.82,6,3666.8,6.12,5,0,4,#FFFFFF,100.0,-0.0,0.0,無声破裂音の領域性・摩擦音による流体・気体性を反映し、Weight 2・Time 6・Flow 5のベクトル配置。,,4,6,0,0,RI(り単発)
こちょこちょ,「こちょ」という音や状態が繰り返し連続して生じるさま。,擬音語・擬態語,スピード・テンポ,中立,清音,明るい・軽い・小,畳語,kotɕokotɕo,kotɕokotɕo,0,3,7,5,5,5,4,804.1,5.28,6,4105.5,6.31,6,0,4,#B0E0E6,86.1,-14.1,-8.0,無声破裂音の領域性・摩擦音による流体・気体性を反映し、Weight 3・Time 7・Flow 5のベクトル配置。,,4,5,5,1,REDUP(畳語・同一)
こちり,「こち」と一度だけ鮮やかに、あるいは滑らかに行われる動作・状態。,擬態語,テクスチャー・色・光,快,清音,明るい・軽い・小,「り」変化,kotɕiɾi,kotɕiɾi,0,3,7,6,5,6,3,781.9,5.21,6,4439.8,6.44,6,mh,5,#FFFFFF,100.0,-0.0,0.0,無声破裂音の領域性・摩擦音による流体・気体性を反映し、Weight 3・Time 7・Flow 5のベクトル配置。,,4,6,0,0,RI(り単発)
こちん,「こち」と響き渡る音、または余韻や弾力を伴う状態。,擬音語・擬態語,テクスチャー,中立,清音,明るい・軽い・小,撥音,kotɕiŋ,kotɕiŋ,0,4,7,7,6,3,4,857.5,5.44,7,5024.4,6.65,7,mc,3,#F5F5F5,96.5,-0.0,0.0,無声破裂音の領域性・摩擦音による流体・気体性を反映し、Weight 4・Time 7・Flow 6のベクトル配置。,,3,6,5,0,N(撥音単発)
こちんこちん,「こちんこち」と響き渡る音、または余韻や弾力を伴う状態。,擬音語・擬態語,テクスチャー,中立,清音,明るい・軽い・小,畳語・撥音,kotɕiŋkotɕiŋ,kotɕiŋkotɕiŋ,0,4,7,6,6,3,4,904.2,5.57,6,4906.0,6.61,7,mc,3,#B0E0E6,86.1,-14.1,-8.0,無声破裂音の領域性・摩擦音による流体・気体性を反映し、Weight 4・Time 7・Flow 6のベクトル配置。,,4,5,5,1,REDUP(畳語・同一)
こぢんまり,「こぢんま」と一度だけ鮮やかに、あるいは滑らかに行われる動作・状態。,擬態語,テクスチャー・色・光,快,清音・濁音,暗い・重い・大,撥音・「り」変化,kodʑimmaɾi,kodʑimmaɾi,0,4,4,5,5,6,5,240.3,2.22,5,1126.8,4.11,6,mh,5,#BDB76B,73.4,-8.8,39.3,濁音による質量感・無声破裂音の領域性を反映し、Weight 4・Time 4・Flow 5のベクトル配置。,,5,5,5,8,COMPOUND(複合・異種)
こっくりこっくり,「こっくりこっく」と一度だけ鮮やかに、あるいは滑らかに行われる動作・状態。,擬態語,テクスチャー・色・光,快,清音,明るい・軽い・小,畳語・促音・「り」変化,kokkuɾikokkuɾi,kokkuɾikokkuɾi,0,3,6,5,5,6,4,552.2,4.33,7,3364.8,5.97,6,0,4,#DEB887,77.0,7.0,30.0,無声破裂音の領域性・弾き音/ɾ/による運動変化を反映し、Weight 3・Time 6・Flow 5のベクトル配置。,,4,5,5,1,REDUP(畳語・同一)
こっここっこ,「こっこ」という音や状態が繰り返し連続して生じるさま。,擬音語・擬態語,スピード・テンポ,中立,清音,明るい・軽い・小,畳語・促音,kokkokokko,kokkokokko,0,4,7,5,4,5,3,536.3,4.25,6,4308.9,6.39,6,mh,5,#FF0000,53.2,80.1,67.2,無声破裂音の領域性・促音による時間的突発性(Decay high)を反映し、Weight 4・Time 7・Flow 4のベクトル配置。,,4,5,5,1,REDUP(畳語・同一)
こっとん,「こっと」と響き渡る音、または余韻や弾力を伴う状態。,擬音語・擬態語,テクスチャー,中立,清音,明るい・軽い・小,促音・撥音,kottoŋ,kottoŋ,0,4,7,7,6,4,4,460.9,3.87,7,4502.9,6.47,7,0,4,#696969,44.4,-0.0,0.0,無声破裂音の領域性・鼻音の共鳴と持続性を反映し、Weight 4・Time 7・Flow 6のベクトル配置。,,3,6,5,0,N(撥音単発)
こっとんこっとん,「こっとんこっと」と響き渡る音、または余韻や弾力を伴う状態。,擬音語・擬態語,テクスチャー,中立,清音,明るい・軽い・小,畳語・促音・撥音,kottoŋkottoŋ,kottoŋkottoŋ,0,4,7,6,5,4,4,369.7,3.31,7,4162.6,6.33,7,0,4,#696969,44.4,-0.0,0.0,無声破裂音の領域性・鼻音の共鳴と持続性を反映し、Weight 4・Time 7・Flow 5のベクトル配置。,,4,5,5,1,REDUP(畳語・同一)
こつっ,「こつ」とする動作や現象が瞬間的・急激に行われる音や様子。,擬音語・擬態語,スピード・テンポ,中立,清音,明るい・軽い・小,促音,kotsuʔ,kotsuʔ,0,4,8,7,7,4,3,567.5,4.39,8,7290.4,7.29,7,0,4,#000000,0.0,0.0,0.0,無声破裂音の領域性・摩擦音による流体・気体性を反映し、Weight 4・Time 8・Flow 7のベクトル配置。,,2,5,0,0,Q(促音単発)
こてこて,「こて」という音や状態が繰り返し連続して生じるさま。,擬音語・擬態語,スピード・テンポ,中立,清音,明るい・軽い・小,畳語,kotekote,kotekote,0,4,5,4,4,5,5,448.7,3.80,5,2322.2,5.34,6,0,4,#4B3621,24.5,6.4,16.8,無声破裂音の領域性を反映し、Weight 4・Time 5・Flow 4のベクトル配置。,,4,5,5,1,REDUP(畳語・同一)
こてんこてん,「こてんこて」と響き渡る音、または余韻や弾力を伴う状態。,擬音語・擬態語,テクスチャー,中立,清音,明るい・軽い・小,畳語・撥音,koteŋkoteŋ,koteŋkoteŋ,0,4,6,5,4,5,4,380.6,3.38,5,2151.3,5.21,6,mc,3,#BEBEBE,77.0,-0.0,0.0,無声破裂音の領域性・鼻音の共鳴と持続性を反映し、Weight 4・Time 6・Flow 4のベクトル配置。,,4,5,5,1,REDUP(畳語・同一)
こてんぱあ,「こてんぱあ」という感覚・音・状態を表す表現。,擬音語・擬態語,その他,中立,清音・半濁音,明るい・軽い・小,撥音,kotempaa,kotempaa,0,4,5,5,4,6,4,387.3,3.43,5,3252.1,5.91,6,0,4,#DAA520,70.8,8.5,68.8,無声破裂音の領域性・鼻音の共鳴と持続性を反映し、Weight 4・Time 5・Flow 4のベクトル配置。,,5,5,5,8,COMPOUND(複合・異種)
こてんぱん,「こてんぱ」と響き渡る音、または余韻や弾力を伴う状態。,擬音語・擬態語,テクスチャー,中立,清音・半濁音,明るい・軽い・小,撥音,kotempaŋ,kotempaŋ,0,4,6,6,4,5,5,352.4,3.19,5,3025.7,5.79,6,0,4,#708090,52.8,-2.1,-10.6,無声破裂音の領域性・鼻音の共鳴と持続性を反映し、Weight 4・Time 6・Flow 4のベクトル配置。,,5,5,5,8,COMPOUND(複合・異種)
ことり,「こと」と一度だけ鮮やかに、あるいは滑らかに行われる動作・状態。,擬態語,テクスチャー・色・光,快,清音,明るい・軽い・小,「り」変化,kotoɾi,kotoɾi,0,3,6,5,4,6,4,461.6,3.87,6,2938.1,5.74,6,mh,5,#FFFFFF,100.0,-0.0,0.0,無声破裂音の領域性・弾き音/ɾ/による運動変化を反映し、Weight 3・Time 6・Flow 4のベクトル配置。,,4,6,0,0,RI(り単発)
ことりことり,「ことりこと」と一度だけ鮮やかに、あるいは滑らかに行われる動作・状態。,擬態語,テクスチャー・色・光,快,清音,明るい・軽い・小,畳語・「り」変化,kotoɾikotoɾi,kotoɾikotoɾi,0,3,5,5,4,5,4,555.3,4.34,5,3042.5,5.80,6,0,4,#CD853F,61.8,21.4,47.9,無声破裂音の領域性・弾き音/ɾ/による運動変化を反映し、Weight 3・Time 5・Flow 4のベクトル配置。,,4,5,5,1,REDUP(畳語・同一)
こりこりっ,「こりこり」とする動作や現象が瞬間的・急激に行われる音や様子。,擬音語・擬態語,スピード・テンポ,中立,清音,明るい・軽い・小,促音,koɾikoɾiʔ,koɾikoɾiʔ,0,3,8,7,7,5,2,933.1,5.65,8,7440.8,7.32,7,0,4,#F5DEB3,89.4,1.5,24.0,無声破裂音の領域性・弾き音/ɾ/による運動変化を反映し、Weight 3・Time 8・Flow 7のベクトル配置。,,3,5,0,0,Q(促音単発)
こりっ,「こり」とする動作や現象が瞬間的・急激に行われる音や様子。,擬音語・擬態語,スピード・テンポ,中立,清音,明るい・軽い・小,促音,koɾiʔ,koɾiʔ,0,4,8,7,7,5,3,851.6,5.42,8,7812.6,7.40,7,0,4,#000000,0.0,0.0,0.0,無声破裂音の領域性・弾き音/ɾ/による運動変化を反映し、Weight 4・Time 8・Flow 7のベクトル配置。,,2,5,0,0,Q(促音単発)
ころっ,「ころ」とする動作や現象が瞬間的・急激に行われる音や様子。,擬音語・擬態語,スピード・テンポ,中立,清音,明るい・軽い・小,促音,koɾoʔ,koɾoʔ,0,4,8,6,6,6,3,531.7,4.23,7,6458.0,7.08,7,0,4,#000000,0.0,0.0,0.0,無声破裂音の領域性・弾き音/ɾ/による運動変化を反映し、Weight 4・Time 8・Flow 6のベクトル配置。,,3,5,0,0,Q(促音単発)
ころりからり,「ころりから」と一度だけ鮮やかに、あるいは滑らかに行われる動作・状態。,擬態語,テクスチャー・色・光,快,清音,明るい・軽い・小,「り」変化,koɾoɾikaɾaɾi,koɾoɾikaɾaɾi,0,2,6,5,3,7,3,685.8,4.87,6,3504.9,6.04,5,0,4,#FFFFFF,100.0,-0.0,0.0,無声破裂音の領域性・弾き音/ɾ/による運動変化を反映し、Weight 2・Time 6・Flow 3のベクトル配置。,,4,6,0,0,RI(り単発)
ころりっ,「ころり」とする動作や現象が瞬間的・急激に行われる音や様子。,擬音語・擬態語,スピード・テンポ,中立,清音,明るい・軽い・小,促音,koɾoɾiʔ,koɾoɾiʔ,0,4,7,6,6,5,3,765.2,5.15,7,6712.0,7.15,7,0,4,#FFFFFF,100.0,-0.0,0.0,無声破裂音の領域性・弾き音/ɾ/による運動変化を反映し、Weight 4・Time 7・Flow 6のベクトル配置。,,3,5,0,0,Q(促音単発)
ころりん,「ころり」と響き渡る音、または余韻や弾力を伴う状態。,擬音語・擬態語,テクスチャー,中立,清音,明るい・軽い・小,撥音,koɾoɾiŋ,koɾoɾiŋ,0,3,7,6,5,5,4,815.0,5.31,6,4306.9,6.39,6,mc,3,#FFFFFF,100.0,-0.0,0.0,無声破裂音の領域性・鼻音の共鳴と持続性を反映し、Weight 3・Time 7・Flow 5のベクトル配置。,,3,6,5,0,N(撥音単発)
ころりんしゃん,「ころりんしゃ」と響き渡る音、または余韻や弾力を伴う状態。,擬音語・擬態語,テクスチャー,中立,清音,明るい・軽い・小,撥音,koɾoɾiŋɕaŋ,koɾoɾiŋɕaŋ,0,4,6,6,4,5,5,661.5,4.78,5,5383.6,6.77,6,0,4,#FFFFFF,100.0,-0.0,0.0,無声破裂音の領域性・摩擦音による流体・気体性を反映し、Weight 4・Time 6・Flow 4のベクトル配置。,,5,5,5,8,COMPOUND(複合・異種)
ころん,「ころ」と響き渡る音、または余韻や弾力を伴う状態。,擬音語・擬態語,テクスチャー,中立,清音,明るい・軽い・小,撥音,koɾoŋ,koɾoŋ,0,4,7,7,5,5,4,467.1,3.90,6,3718.0,6.14,6,mc,3,#808080,53.6,-0.0,0.0,無声破裂音の領域性・鼻音の共鳴と持続性を反映し、Weight 4・Time 7・Flow 5のベクトル配置。,,3,6,5,0,N(撥音単発)
こん,「こ」と響き渡る音、または余韻や弾力を伴う状態。,擬音語・擬態語,テクスチャー,中立,清音,明るい・軽い・小,撥音,koŋ,koŋ,0,4,7,7,5,4,4,512.6,4.14,6,4540.2,6.48,7,0,4,#808080,53.6,-0.0,0.0,無声破裂音の領域性・鼻音の共鳴と持続性を反映し、Weight 4・Time 7・Flow 5のベクトル配置。,,3,6,5,0,N(撥音単発)
こーこー,「こー」という音や状態が繰り返し連続して生じるさま。,擬音語・擬態語,スピード・テンポ,中立,清音,明るい・軽い・小,畳語・長音,koːkoː,koːkoː,0,4,4,5,3,6,4,618.5,4.61,3,3743.5,6.15,5,0,4,#FF0000,53.2,80.1,67.2,無声破裂音の領域性・長音による持続傾向を反映し、Weight 4・Time 4・Flow 3のベクトル配置。,,4,5,5,1,REDUP(畳語・同一)
こーん,「こー」と響き渡る音、または余韻や弾力を伴う状態。,擬音語・擬態語,テクスチャー,中立,清音,明るい・軽い・小,撥音・長音,koːŋ,koːŋ,0,4,4,6,4,5,4,837.9,5.38,2,5797.5,6.90,6,0,4,#FF0000,53.2,80.1,67.2,無声破裂音の領域性・鼻音の共鳴と持続性を反映し、Weight 4・Time 4・Flow 4のベクトル配置。,,3,7,5,0,LONG(長音ー)
こーんこーん,「こーんこー」と響き渡る音、または余韻や弾力を伴う状態。,擬音語・擬態語,テクスチャー,中立,清音,明るい・軽い・小,畳語・撥音・長音,koːŋkoːŋ,koːŋkoːŋ,0,4,5,6,4,4,5,523.9,4.19,3,3875.7,6.21,6,0,4,#FF0000,53.2,80.1,67.2,無声破裂音の領域性・鼻音の共鳴と持続性を反映し、Weight 4・Time 5・Flow 4のベクトル配置。,,4,5,5,1,REDUP(畳語・同一)
ごくっ,「ごく」とする動作や現象が瞬間的・急激に行われる音や様子。,擬音語・擬態語,スピード・テンポ,中立,清音・濁音,暗い・重い・大,促音,ɡokuʔ,ɡokuʔ,0,5,8,7,7,5,4,353.6,3.20,8,7012.9,7.22,8,0,4,#000000,0.0,0.0,0.0,濁音による質量感・無声破裂音の領域性を反映し、Weight 5・Time 8・Flow 7のベクトル配置。,,2,5,0,0,Q(促音単発)
ごくっごくっ,「ごくっごく」とする動作や現象が瞬間的・急激に行われる音や様子。,擬音語・擬態語,スピード・テンポ,中立,清音・濁音,暗い・重い・大,畳語・促音,ɡokuɡɡokuʔ,ɡokuɡɡokuʔ,0,6,7,5,7,5,5,162.9,1.24,7,4138.7,6.32,7,0,4,#4169E1,47.8,26.3,-65.3,濁音による質量感・無声破裂音の領域性を反映し、Weight 6・Time 7・Flow 7のベクトル配置。,,4,5,5,1,REDUP(畳語・同一)
ごくり,「ごく」と一度だけ鮮やかに、あるいは滑らかに行われる動作・状態。,擬態語,テクスチャー・色・光,快,清音・濁音,暗い・重い・大,「り」変化,ɡokuɾi,ɡokuɾi,0,4,6,6,5,7,5,313.0,2.89,6,2949.8,5.75,6,0,4,#FFFFFF,100.0,-0.0,0.0,濁音による質量感・無声破裂音の領域性を反映し、Weight 4・Time 6・Flow 5のベクトル配置。,,4,6,0,0,RI(り単発)
ごくりごくり,「ごくりごく」と一度だけ鮮やかに、あるいは滑らかに行われる動作・状態。,擬態語,テクスチャー・色・光,快,清音・濁音,暗い・重い・大,畳語・「り」変化,ɡokuɾiɡokuɾi,ɡokuɾiɡokuɾi,0,5,6,5,5,6,5,292.8,2.72,6,3036.8,5.80,7,0,4,#4169E1,47.8,26.3,-65.3,濁音による質量感・無声破裂音の領域性を反映し、Weight 5・Time 6・Flow 5のベクトル配置。,,4,5,5,1,REDUP(畳語・同一)
ごくんごくん,「ごくんごく」と響き渡る音、または余韻や弾力を伴う状態。,擬音語・擬態語,テクスチャー,中立,清音・濁音,暗い・重い・大,畳語・撥音,ɡokuŋɡokuŋ,ɡokuŋɡokuŋ,0,6,6,6,6,5,6,156.7,1.14,5,3207.7,5.89,7,0,4,#000080,13.0,47.5,-64.7,濁音による質量感・無声破裂音の領域性を反映し、Weight 6・Time 6・Flow 6のベクトル配置。,,4,5,5,1,REDUP(畳語・同一)
ごしゃごしゃ,「ごしゃ」という音や状態が繰り返し連続して生じるさま。,擬音語・擬態語,スピード・テンポ,中立,清音・濁音,暗い・重い・大,畳語,ɡoɕaɡoɕa,ɡoɕaɡoɕa,0,5,6,5,4,6,5,531.8,4.23,5,8810.6,7.61,7,0,4,#708090,52.8,-2.1,-10.6,濁音による質量感・摩擦音による流体・気体性を反映し、Weight 5・Time 6・Flow 4のベクトル配置。,,4,5,5,1,REDUP(畳語・同一)
ごじゃごじゃ,「ごじゃ」という音や状態が繰り返し連続して生じるさま。,擬音語・擬態語,スピード・テンポ,中立,濁音,暗い・重い・大,畳語,ɡodʑaɡodʑa,ɡodʑaɡodʑa,0,6,5,5,5,5,6,213.2,1.92,4,6777.1,7.16,7,0,4,#FF0000,53.2,80.1,67.2,濁音による質量感を反映し、Weight 6・Time 5・Flow 5のベクトル配置。,,4,5,5,1,REDUP(畳語・同一)
ごそ,「ごそ」という感覚・音・状態を表す表現。,擬音語・擬態語,その他,中立,清音・濁音,暗い・重い・大,単発・その他,ɡoso,ɡoso,0,5,5,4,6,6,3,361.8,3.26,5,3757.3,6.16,6,0,4,#556B2F,42.2,-18.8,30.6,濁音による質量感・摩擦音による流体・気体性を反映し、Weight 5・Time 5・Flow 6のベクトル配置。,,5,5,0,8,COMPOUND(複合・異種)
ごそっ,「ごそ」とする動作や現象が瞬間的・急激に行われる音や様子。,擬音語・擬態語,スピード・テンポ,中立,清音・濁音,暗い・重い・大,促音,ɡosoʔ,ɡosoʔ,0,5,8,6,7,5,2,529.3,4.22,8,7819.2,7.40,7,0,4,#000000,0.0,0.0,0.0,濁音による質量感・摩擦音による流体・気体性を反映し、Weight 5・Time 8・Flow 7のベクトル配置。,,2,5,0,0,Q(促音単発)
ごそり,「ごそ」と一度だけ鮮やかに、あるいは滑らかに行われる動作・状態。,擬態語,テクスチャー・色・光,快,清音・濁音,暗い・重い・大,「り」変化,ɡosoɾi,ɡosoɾi,0,4,6,5,5,7,3,531.3,4.23,6,4014.1,6.27,6,0,4,#FFFFFF,100.0,-0.0,0.0,濁音による質量感・摩擦音による流体・気体性を反映し、Weight 4・Time 6・Flow 5のベクトル配置。,,4,6,0,0,RI(り単発)
ごちょごちょ,「ごちょ」という音や状態が繰り返し連続して生じるさま。,擬音語・擬態語,スピード・テンポ,中立,清音・濁音,暗い・重い・大,畳語,ɡotɕoɡotɕo,ɡotɕoɡotɕo,0,5,6,4,6,5,5,604.5,4.55,5,4420.4,6.44,7,mc,3,#696969,44.4,-0.0,0.0,濁音による質量感・無声破裂音の領域性を反映し、Weight 5・Time 6・Flow 6のベクトル配置。,,4,5,5,1,REDUP(畳語・同一)
ごちん,「ごち」と響き渡る音、または余韻や弾力を伴う状態。,擬音語・擬態語,テクスチャー,中立,清音・濁音,暗い・重い・大,撥音,ɡotɕiŋ,ɡotɕiŋ,0,5,7,7,7,3,4,708.1,4.95,7,5286.7,6.74,8,mc,3,#F5F5F5,96.5,-0.0,0.0,濁音による質量感・無声破裂音の領域性を反映し、Weight 5・Time 7・Flow 7のベクトル配置。,,3,6,5,0,N(撥音単発)
ごっくごっく,「ごっく」という音や状態が繰り返し連続して生じるさま。,擬音語・擬態語,スピード・テンポ,中立,清音・濁音,暗い・重い・大,畳語・促音,ɡokkuɡokku,ɡokkuɡokku,0,6,6,5,6,5,5,291.7,2.71,6,3463.7,6.02,7,0,4,#4169E1,47.8,26.3,-65.3,濁音による質量感・無声破裂音の領域性を反映し、Weight 6・Time 6・Flow 6のベクトル配置。,,4,5,5,1,REDUP(畳語・同一)
ごっくり,「ごっく」と一度だけ鮮やかに、あるいは滑らかに行われる動作・状態。,擬態語,テクスチャー・色・光,快,清音・濁音,暗い・重い・大,促音・「り」変化,ɡokkuɾi,ɡokkuɾi,0,5,5,5,5,6,5,230.4,2.11,6,2076.4,5.15,7,mh,5,#8B4513,37.5,26.4,41.0,濁音による質量感・無声破裂音の領域性を反映し、Weight 5・Time 5・Flow 5のベクトル配置。,,5,5,5,8,COMPOUND(複合・異種)
ごっくん,「ごっく」と響き渡る音、または余韻や弾力を伴う状態。,擬音語・擬態語,テクスチャー,中立,清音・濁音,暗い・重い・大,促音・撥音,ɡokkuŋ,ɡokkuŋ,0,6,7,7,6,4,5,302.4,2.80,7,4249.3,6.37,7,0,4,#000080,13.0,47.5,-64.7,濁音による質量感・無声破裂音の領域性を反映し、Weight 6・Time 7・Flow 6のベクトル配置。,,3,6,5,0,N(撥音単発)
ごってり,「ごって」と一度だけ鮮やかに、あるいは滑らかに行われる動作・状態。,擬態語,テクスチャー・色・光,快,清音・濁音,暗い・重い・大,促音・「り」変化,ɡotteɾi,ɡotteɾi,0,5,5,5,5,6,5,260.5,2.42,6,2273.8,5.31,7,0,4,#8B4513,37.5,26.4,41.0,濁音による質量感・無声破裂音の領域性を反映し、Weight 5・Time 5・Flow 5のベクトル配置。,,5,5,5,8,COMPOUND(複合・異種)
ごっとり,「ごっと」と一度だけ鮮やかに、あるいは滑らかに行われる動作・状態。,擬態語,テクスチャー・色・光,快,清音・濁音,暗い・重い・大,促音・「り」変化,ɡottoɾi,ɡottoɾi,0,5,5,5,4,6,5,246.5,2.28,6,2681.3,5.59,7,mh,5,#D8BFD8,80.1,13.2,-9.2,濁音による質量感・無声破裂音の領域性を反映し、Weight 5・Time 5・Flow 4のベクトル配置。,,5,5,5,8,COMPOUND(複合・異種)
ごっとりごっとり,「ごっとりごっと」と一度だけ鮮やかに、あるいは滑らかに行われる動作・状態。,擬態語,テクスチャー・色・光,快,清音・濁音,暗い・重い・大,畳語・促音・「り」変化,ɡottoɾiɡottoɾi,ɡottoɾiɡottoɾi,0,5,5,5,5,5,4,364.3,3.27,6,4415.0,6.43,7,0,4,#556B2F,42.2,-18.8,30.6,濁音による質量感・無声破裂音の領域性を反映し、Weight 5・Time 5・Flow 5のベクトル配置。,,4,5,5,1,REDUP(畳語・同一)
ごっとん,「ごっと」と響き渡る音、または余韻や弾力を伴う状態。,擬音語・擬態語,テクスチャー,中立,清音・濁音,暗い・重い・大,促音・撥音,ɡottoŋ,ɡottoŋ,0,6,7,7,6,4,5,308.8,2.85,7,4791.9,6.57,8,mc,3,#000000,0.0,0.0,0.0,濁音による質量感・無声破裂音の領域性を反映し、Weight 6・Time 7・Flow 6のベクトル配置。,,3,6,5,0,N(撥音単発)
ごっとんごっとん,「ごっとんごっと」と響き渡る音、または余韻や弾力を伴う状態。,擬音語・擬態語,テクスチャー,中立,清音・濁音,暗い・重い・大,畳語・促音・撥音,ɡottoŋɡottoŋ,ɡottoŋɡottoŋ,0,6,6,6,5,4,5,212.6,1.91,6,4476.4,6.46,8,0,4,#8B0000,28.1,51.0,41.3,濁音による質量感・無声破裂音の領域性を反映し、Weight 6・Time 6・Flow 5のベクトル配置。,,4,5,5,1,REDUP(畳語・同一)
ごっぽり,「ごっぽ」と一度だけ鮮やかに、あるいは滑らかに行われる動作・状態。,擬態語,テクスチャー・色・光,快,清音・濁音・半濁音,暗い・重い・大,促音・「り」変化,ɡoppoɾi,ɡoppoɾi,0,5,5,5,4,7,5,256.6,2.39,5,2241.3,5.28,7,mh,5,#FFD700,86.9,-1.9,87.1,濁音による質量感・無声破裂音の領域性を反映し、Weight 5・Time 5・Flow 4のベクトル配置。,,5,5,5,8,COMPOUND(複合・異種)
ごつっ,「ごつ」とする動作や現象が瞬間的・急激に行われる音や様子。,擬音語・擬態語,スピード・テンポ,中立,清音・濁音,暗い・重い・大,促音,ɡotsuʔ,ɡotsuʔ,0,6,8,7,7,4,3,439.4,3.75,8,7826.0,7.41,8,0,4,#000000,0.0,0.0,0.0,濁音による質量感・無声破裂音の領域性を反映し、Weight 6・Time 8・Flow 7のベクトル配置。,,2,5,0,0,Q(促音単発)
ごとり,「ごと」と一度だけ鮮やかに、あるいは滑らかに行われる動作・状態。,擬態語,テクスチャー・色・光,快,清音・濁音,暗い・重い・大,「り」変化,ɡotoɾi,ɡotoɾi,0,4,5,6,5,6,4,358.3,3.23,6,3320.6,5.95,6,mh,5,#FFFFFF,100.0,-0.0,0.0,濁音による質量感・無声破裂音の領域性を反映し、Weight 4・Time 5・Flow 5のベクトル配置。,,4,6,0,0,RI(り単発)
ごとりごとり,「ごとりごと」と一度だけ鮮やかに、あるいは滑らかに行われる動作・状態。,擬態語,テクスチャー・色・光,快,清音・濁音,暗い・重い・大,畳語・「り」変化,ɡotoɾiɡotoɾi,ɡotoɾiɡotoɾi,0,5,5,5,5,5,4,359.7,3.24,5,3592.3,6.08,7,0,4,#2F4F4F,31.3,-11.7,-3.7,濁音による質量感・無声破裂音の領域性を反映し、Weight 5・Time 5・Flow 5のベクトル配置。,,4,5,5,1,REDUP(畳語・同一)
ごとんごとん,「ごとんごと」と響き渡る音、または余韻や弾力を伴う状態。,擬音語・擬態語,テクスチャー,中立,清音・濁音,暗い・重い・大,畳語・撥音,ɡotoŋɡotoŋ,ɡotoŋɡotoŋ,0,6,6,6,5,4,5,216.4,1.95,5,3588.4,6.08,7,0,4,#000000,0.0,0.0,0.0,濁音による質量感・無声破裂音の領域性を反映し、Weight 6・Time 6・Flow 5のベクトル配置。,,4,5,5,1,REDUP(畳語・同一)
ごほごほ,「ごほ」という音や状態が繰り返し連続して生じるさま。,擬音語・擬態語,スピード・テンポ,中立,清音・濁音,暗い・重い・大,畳語,ɡohoɡoho,ɡohoɡoho,0,5,5,4,5,6,5,322.7,2.97,4,2568.9,5.51,6,0,4,#A52A2A,37.5,49.7,30.5,濁音による質量感・摩擦音による流体・気体性を反映し、Weight 5・Time 5・Flow 5のベクトル配置。,,4,5,5,1,REDUP(畳語・同一)
ごほん,「ごほ」と響き渡る音、または余韻や弾力を伴う状態。,擬音語・擬態語,テクスチャー,中立,清音・濁音,暗い・重い・大,撥音,ɡohoŋ,ɡohoŋ,0,5,6,7,6,5,5,398.8,3.50,6,3728.4,6.15,7,0,4,#A52A2A,37.5,49.7,30.5,濁音による質量感・摩擦音による流体・気体性を反映し、Weight 5・Time 6・Flow 6のベクトル配置。,,3,6,5,0,N(撥音単発)
ごぼり,「ごぼ」と一度だけ鮮やかに、あるいは滑らかに行われる動作・状態。,擬態語,テクスチャー・色・光,快,清音・濁音,暗い・重い・大,「り」変化,ɡoboɾi,ɡoboɾi,0,5,6,5,5,7,4,324.2,2.98,6,3986.0,6.26,6,0,4,#FFFFFF,100.0,-0.0,0.0,濁音による質量感・弾き音/ɾ/による運動変化を反映し、Weight 5・Time 6・Flow 5のベクトル配置。,,4,6,0,0,RI(り単発)
ごぼりこぼり,「ごぼりこぼ」と一度だけ鮮やかに、あるいは滑らかに行われる動作・状態。,擬態語,テクスチャー・色・光,快,清音・濁音,暗い・重い・大,「り」変化,ɡoboɾikoboɾi,ɡoboɾikoboɾi,0,5,6,5,5,6,4,429.6,3.69,6,4583.5,6.50,7,0,4,#8B4513,37.5,26.4,41.0,濁音による質量感・無声破裂音の領域性を反映し、Weight 5・Time 6・Flow 5のベクトル配置。,,4,6,0,0,RI(り単発)
ごぽごぼ,「ごぽごぼ」という感覚・音・状態を表す表現。,擬音語・擬態語,その他,中立,濁音・半濁音,暗い・重い・大,単発・その他,ɡopoɡobo,ɡopoɡobo,0,7,4,4,6,6,5,100.0,0.00,5,2486.4,5.46,7,0,4,#DAA520,70.8,8.5,68.8,濁音による質量感・無声破裂音の領域性を反映し、Weight 7・Time 4・Flow 6のベクトル配置。,,5,5,0,8,COMPOUND(複合・異種)
ごぽごぽ,「ごぽ」という音や状態が繰り返し連続して生じるさま。,擬音語・擬態語,スピード・テンポ,中立,濁音・半濁音,暗い・重い・大,畳語,ɡopoɡopo,ɡopoɡopo,0,5,5,4,4,6,5,210.0,1.88,4,2975.2,5.76,7,0,4,#8B4513,37.5,26.4,41.0,濁音による質量感・無声破裂音の領域性を反映し、Weight 5・Time 5・Flow 4のベクトル配置。,,4,5,5,1,REDUP(畳語・同一)
ごぽっ,「ごぽ」とする動作や現象が瞬間的・急激に行われる音や様子。,擬音語・擬態語,スピード・テンポ,中立,濁音・半濁音,暗い・重い・大,促音,ɡopoʔ,ɡopoʔ,0,5,7,6,6,6,4,406.5,3.55,8,7234.6,7.27,8,0,4,#000000,0.0,0.0,0.0,濁音による質量感・無声破裂音の領域性を反映し、Weight 5・Time 7・Flow 6のベクトル配置。,,2,5,0,0,Q(促音単発)
ごぽん,「ごぽ」と響き渡る音、または余韻や弾力を伴う状態。,擬音語・擬態語,テクスチャー,中立,濁音・半濁音,暗い・重い・大,撥音,ɡopoŋ,ɡopoŋ,0,5,7,7,5,5,5,336.4,3.07,6,4327.7,6.40,7,0,4,#808080,53.6,-0.0,0.0,濁音による質量感・無声破裂音の領域性を反映し、Weight 5・Time 7・Flow 5のベクトル配置。,,3,6,5,0,N(撥音単発)
ごろっ,「ごろ」とする動作や現象が瞬間的・急激に行われる音や様子。,擬音語・擬態語,スピード・テンポ,中立,清音・濁音,暗い・重い・大,促音,ɡoɾoʔ,ɡoɾoʔ,0,5,7,6,6,6,4,400.1,3.51,7,6621.0,7.12,8,0,4,#000000,0.0,0.0,0.0,濁音による質量感・弾き音/ɾ/による運動変化を反映し、Weight 5・Time 7・Flow 6のベクトル配置。,,2,5,0,0,Q(促音単発)
ごろり,「ごろ」と一度だけ鮮やかに、あるいは滑らかに行われる動作・状態。,擬態語,テクスチャー・色・光,快,清音・濁音,暗い・重い・大,「り」変化,ɡoɾoɾi,ɡoɾoɾi,0,4,6,5,4,7,4,374.8,3.34,5,3048.8,5.80,6,0,4,#FFFFFF,100.0,-0.0,0.0,濁音による質量感・弾き音/ɾ/による運動変化を反映し、Weight 4・Time 6・Flow 4のベクトル配置。,,4,6,0,0,RI(り単発)
ごろりごろり,「ごろりごろ」と一度だけ鮮やかに、あるいは滑らかに行われる動作・状態。,擬態語,テクスチャー・色・光,快,清音・濁音,暗い・重い・大,畳語・「り」変化,ɡoɾoɾiɡoɾoɾi,ɡoɾoɾiɡoɾoɾi,0,4,5,4,4,7,4,397.2,3.49,4,3236.3,5.91,7,0,4,#8B4513,37.5,26.4,41.0,濁音による質量感・弾き音/ɾ/による運動変化を反映し、Weight 4・Time 5・Flow 4のベクトル配置。,,4,5,5,1,REDUP(畳語・同一)
ごろりん,「ごろり」と響き渡る音、または余韻や弾力を伴う状態。,擬音語・擬態語,テクスチャー,中立,清音・濁音,暗い・重い・大,撥音,ɡoɾoɾiŋ,ɡoɾoɾiŋ,0,5,6,6,5,5,4,687.2,4.88,6,4504.8,6.47,7,mc,3,#C0C0C0,77.7,-0.0,0.0,濁音による質量感・鼻音の共鳴と持続性を反映し、Weight 5・Time 6・Flow 5のベクトル配置。,,3,6,5,0,N(撥音単発)
ごろん,「ごろ」と響き渡る音、または余韻や弾力を伴う状態。,擬音語・擬態語,テクスチャー,中立,清音・濁音,暗い・重い・大,撥音,ɡoɾoŋ,ɡoɾoŋ,0,5,7,6,5,5,5,321.1,2.95,6,3953.6,6.25,7,mc,3,#808080,53.6,-0.0,0.0,濁音による質量感・鼻音の共鳴と持続性を反映し、Weight 5・Time 7・Flow 5のベクトル配置。,,3,6,5,0,N(撥音単発)
ごろんごろん,「ごろんごろ」と響き渡る音、または余韻や弾力を伴う状態。,擬音語・擬態語,テクスチャー,中立,清音・濁音,暗い・重い・大,畳語・撥音,ɡoɾoŋɡoɾoŋ,ɡoɾoŋɡoɾoŋ,0,5,6,5,4,6,5,224.5,2.05,4,3268.3,5.92,7,0,4,#8B4513,37.5,26.4,41.0,濁音による質量感・鼻音の共鳴と持続性を反映し、Weight 5・Time 6・Flow 4のベクトル配置。,,4,5,5,1,REDUP(畳語・同一)
ごん,「ご」と響き渡る音、または余韻や弾力を伴う状態。,擬音語・擬態語,テクスチャー,中立,濁音,暗い・重い・大,撥音,ɡoŋ,ɡoŋ,0,5,7,7,6,4,5,380.1,3.38,6,4714.8,6.55,7,0,4,#8B0000,28.1,51.0,41.3,濁音による質量感・鼻音の共鳴と持続性を反映し、Weight 5・Time 7・Flow 6のベクトル配置。,,3,6,5,0,N(撥音単発)
ごーっ,「ごー」とする動作や現象が瞬間的・急激に行われる音や様子。,擬音語・擬態語,スピード・テンポ,中立,濁音,暗い・重い・大,促音・長音,ɡoːʔ,ɡoːʔ,0,5,5,6,6,6,3,682.2,4.86,4,7203.9,7.27,7,0,4,#4682B4,52.5,-4.1,-32.2,濁音による質量感・促音による時間的突発性(Decay high)を反映し、Weight 5・Time 5・Flow 6のベクトル配置。,,2,6,5,0,LONG(長音ー)
ごーん,「ごー」と響き渡る音、または余韻や弾力を伴う状態。,擬音語・擬態語,テクスチャー,中立,濁音,暗い・重い・大,撥音・長音,ɡoːŋ,ɡoːŋ,0,5,4,6,4,5,4,669.2,4.81,2,6110.8,6.99,6,0,4,#4682B4,52.5,-4.1,-32.2,濁音による質量感・鼻音の共鳴と持続性を反映し、Weight 5・Time 4・Flow 4のベクトル配置。,,3,7,5,0,LONG(長音ー)
さくっ,「さく」とする動作や現象が瞬間的・急激に行われる音や様子。,擬音語・擬態語,スピード・テンポ,中立,清音,明るい・軽い・小,促音,sakuʔ,sakuʔ,0,4,8,7,6,6,3,630.5,4.66,8,8130.2,7.47,6,0,4,#000000,0.0,0.0,0.0,無声破裂音の領域性・摩擦音による流体・気体性を反映し、Weight 4・Time 8・Flow 6のベクトル配置。,,2,5,0,0,Q(促音単発)
さくりさくり,「さくりさく」と一度だけ鮮やかに、あるいは滑らかに行われる動作・状態。,擬態語,テクスチャー・色・光,快,清音,明るい・軽い・小,畳語・「り」変化,sakuɾisakuɾi,sakuɾisakuɾi,0,3,5,5,4,7,3,668.3,4.81,5,4220.3,6.36,5,0,4,#F5DEB3,89.4,1.5,24.0,無声破裂音の領域性・摩擦音による流体・気体性を反映し、Weight 3・Time 5・Flow 4のベクトル配置。,,4,5,5,1,REDUP(畳語・同一)
ささっ,「ささ」とする動作や現象が瞬間的・急激に行われる音や様子。,擬音語・擬態語,スピード・テンポ,中立,清音,明るい・軽い・小,促音,sasaʔ,sasaʔ,0,3,8,6,5,6,2,702.0,4.93,8,9001.3,7.64,6,0,4,#000000,0.0,0.0,0.0,摩擦音による流体・気体性・促音による時間的突発性(Decay high)を反映し、Weight 3・Time 8・Flow 5のベクトル配置。,,2,5,0,0,Q(促音単発)
さっ,「さ」とする動作や現象が瞬間的・急激に行われる音や様子。,擬音語・擬態語,スピード・テンポ,中立,清音,明るい・軽い・小,促音,saʔ,saʔ,0,4,8,7,6,6,3,652.0,4.75,8,8873.7,7.62,6,0,4,#000000,0.0,0.0,0.0,摩擦音による流体・気体性・促音による時間的突発性(Decay high)を反映し、Weight 4・Time 8・Flow 6のベクトル配置。,,2,5,0,0,Q(促音単発)
さっくり,「さっく」と一度だけ鮮やかに、あるいは滑らかに行われる動作・状態。,擬態語,テクスチャー・色・光,快,清音,明るい・軽い・小,促音・「り」変化,sakkuɾi,sakkuɾi,0,3,5,5,4,7,4,442.2,3.76,6,2892.7,5.72,5,mh,5,#000000,0.0,0.0,0.0,無声破裂音の領域性・摩擦音による流体・気体性を反映し、Weight 3・Time 5・Flow 4のベクトル配置。,,5,5,5,8,COMPOUND(複合・異種)
さっさっ,「さっさ」とする動作や現象が瞬間的・急激に行われる音や様子。,擬音語・擬態語,スピード・テンポ,中立,清音,明るい・軽い・小,畳語・促音,sassaʔ,sassaʔ,0,4,7,6,4,7,3,590.7,4.50,6,6756.3,7.16,5,0,4,#FF4500,57.6,67.8,69.0,摩擦音による流体・気体性・促音による時間的突発性(Decay high)を反映し、Weight 4・Time 7・Flow 4のベクトル配置。,,3,5,5,1,REDUP(畳語・同一)
さやさや,「さや」という音や状態が繰り返し連続して生じるさま。,擬音語・擬態語,スピード・テンポ,中立,清音,明るい・軽い・小,畳語,sajasaja,sajasaja,0,3,5,3,2,8,4,632.6,4.67,4,5156.0,6.70,4,0,4,#DAA520,70.8,8.5,68.8,摩擦音による流体・気体性を反映し、Weight 3・Time 5・Flow 2のベクトル配置。,,4,5,5,1,REDUP(畳語・同一)
さらっ,「さら」とする動作や現象が瞬間的・急激に行われる音や様子。,擬音語・擬態語,スピード・テンポ,中立,清音,明るい・軽い・小,促音,saɾaʔ,saɾaʔ,0,3,7,6,4,7,2,660.1,4.78,7,8152.1,7.48,6,0,4,#000000,0.0,0.0,0.0,摩擦音による流体・気体性・弾き音/ɾ/による運動変化を反映し、Weight 3・Time 7・Flow 4のベクトル配置。,,2,5,0,0,Q(促音単発)
さわさわ,「さわ」という音や状態が繰り返し連続して生じるさま。,擬音語・擬態語,スピード・テンポ,中立,清音,明るい・軽い・小,畳語,sawasawa,sawasawa,0,3,5,3,2,8,3,543.8,4.29,4,7586.6,7.35,4,0,4,#556B2F,42.2,-18.8,30.6,摩擦音による流体・気体性を反映し、Weight 3・Time 5・Flow 2のベクトル配置。,,4,5,5,1,REDUP(畳語・同一)
さんざん,「さんざ」と響き渡る音、または余韻や弾力を伴う状態。,擬音語・擬態語,テクスチャー,中立,清音・濁音,暗い・重い・大,撥音,saŋzaŋ,saŋzaŋ,0,5,6,8,5,5,5,512.2,4.14,6,8235.4,7.49,6,mc,3,#000080,13.0,47.5,-64.7,濁音による質量感・摩擦音による流体・気体性を反映し、Weight 5・Time 6・Flow 5のベクトル配置。,,3,6,5,0,N(撥音単発)
さーさ,音が長く尾を引いて持続する音や状態。,擬音語・擬態語,スピード・テンポ,中立,清音,明るい・軽い・小,長音,saːsa,saːsa,0,3,3,5,3,8,3,1038.8,5.93,2,6810.7,7.17,4,0,4,#FFD700,86.9,-1.9,87.1,摩擦音による流体・気体性・長音による持続傾向を反映し、Weight 3・Time 3・Flow 3のベクトル配置。,,2,7,5,0,LONG(長音ー)
ざくっ,「ざく」とする動作や現象が瞬間的・急激に行われる音や様子。,擬音語・擬態語,スピード・テンポ,中立,清音・濁音,暗い・重い・大,促音,zakuʔ,zakuʔ,0,5,8,7,7,5,3,444.0,3.77,8,9610.1,7.76,7,0,4,#000000,0.0,0.0,0.0,濁音による質量感・無声破裂音の領域性を反映し、Weight 5・Time 8・Flow 7のベクトル配置。,,2,5,0,0,Q(促音単発)
ざくり,「ざく」と一度だけ鮮やかに、あるいは滑らかに行われる動作・状態。,擬態語,テクスチャー・色・光,快,清音・濁音,暗い・重い・大,「り」変化,zakuɾi,zakuɾi,0,3,6,6,4,7,4,398.7,3.50,6,5415.8,6.78,6,0,4,#FFFFFF,100.0,-0.0,0.0,濁音による質量感・無声破裂音の領域性を反映し、Weight 3・Time 6・Flow 4のベクトル配置。,,4,6,0,0,RI(り単発)
ざぐり,「ざぐ」と一度だけ鮮やかに、あるいは滑らかに行われる動作・状態。,擬態語,テクスチャー・色・光,快,清音・濁音,暗い・重い・大,「り」変化,zaɡuɾi,zaɡuɾi,0,4,6,6,4,7,5,353.5,3.20,5,5218.5,6.72,6,0,4,#FFFFFF,100.0,-0.0,0.0,濁音による質量感・弾き音/ɾ/による運動変化を反映し、Weight 4・Time 6・Flow 4のベクトル配置。,,4,6,0,0,RI(り単発)
ざざっ,「ざざ」とする動作や現象が瞬間的・急激に行われる音や様子。,擬音語・擬態語,スピード・テンポ,中立,濁音,暗い・重い・大,促音,zazaʔ,zazaʔ,0,5,7,7,6,5,3,488.3,4.01,7,12256.3,8.17,7,0,4,#000000,0.0,0.0,0.0,濁音による質量感・促音による時間的突発性(Decay high)を反映し、Weight 5・Time 7・Flow 6のベクトル配置。,,2,5,0,0,Q(促音単発)
ざっ,「ざ」とする動作や現象が瞬間的・急激に行われる音や様子。,擬音語・擬態語,スピード・テンポ,中立,濁音,暗い・重い・大,促音,zaʔ,zaʔ,0,5,7,7,6,5,3,537.2,4.26,7,10720.0,7.94,7,0,4,#000000,0.0,0.0,0.0,濁音による質量感・促音による時間的突発性(Decay high)を反映し、Weight 5・Time 7・Flow 6のベクトル配置。,,2,5,0,0,Q(促音単発)
ざっく,「ざっく」という感覚・音・状態を表す表現。,擬音語・擬態語,その他,中立,清音・濁音,暗い・重い・大,促音,zakku,zakku,0,5,5,5,5,6,5,374.8,3.34,6,6128.6,6.99,7,0,4,#DEB887,77.0,7.0,30.0,濁音による質量感・無声破裂音の領域性を反映し、Weight 5・Time 5・Flow 5のベクトル配置。,,5,5,0,8,COMPOUND(複合・異種)
ざっくざく,「ざっくざく」という感覚・音・状態を表す表現。,擬音語・擬態語,その他,中立,清音・濁音,暗い・重い・大,促音,zakkuzaku,zakkuzaku,0,5,5,5,5,5,4,323.2,2.97,6,7207.7,7.27,7,0,4,#DAA520,70.8,8.5,68.8,濁音による質量感・無声破裂音の領域性を反映し、Weight 5・Time 5・Flow 5のベクトル配置。,,5,5,0,8,COMPOUND(複合・異種)
ざっくざっく,「ざっく」という音や状態が繰り返し連続して生じるさま。,擬音語・擬態語,スピード・テンポ,中立,清音・濁音,暗い・重い・大,畳語・促音,zakkuzakku,zakkuzakku,0,5,6,5,5,5,4,458.9,3.86,5,7521.6,7.34,6,0,4,#FF8C00,69.5,36.8,75.5,濁音による質量感・無声破裂音の領域性を反映し、Weight 5・Time 6・Flow 5のベクトル配置。,,4,5,5,1,REDUP(畳語・同一)
ざっくり,「ざっく」と一度だけ鮮やかに、あるいは滑らかに行われる動作・状態。,擬態語,テクスチャー・色・光,快,清音・濁音,暗い・重い・大,促音・「り」変化,zakkuɾi,zakkuɾi,0,4,5,5,5,6,4,332.0,3.04,6,4439.6,6.44,6,mh,5,#8B4513,37.5,26.4,41.0,濁音による質量感・無声破裂音の領域性を反映し、Weight 4・Time 5・Flow 5のベクトル配置。,,5,5,5,8,COMPOUND(複合・異種)
ざぶ,「ざぶ」という感覚・音・状態を表す表現。,擬音語・擬態語,その他,中立,濁音,暗い・重い・大,単発・その他,zabu,zabu,0,6,4,4,5,7,7,199.5,1.75,5,8439.7,7.53,7,mc,3,#0000FF,32.3,79.2,-107.9,濁音による質量感を反映し、Weight 6・Time 4・Flow 5のベクトル配置。,,5,5,0,8,COMPOUND(複合・異種)
ざぶっ,「ざぶ」とする動作や現象が瞬間的・急激に行われる音や様子。,擬音語・擬態語,スピード・テンポ,中立,濁音,暗い・重い・大,促音,zabuʔ,zabuʔ,0,5,7,6,6,6,5,401.4,3.52,7,11125.5,8.00,8,0,4,#000000,0.0,0.0,0.0,濁音による質量感・促音による時間的突発性(Decay high)を反映し、Weight 5・Time 7・Flow 6のベクトル配置。,,2,5,0,0,Q(促音単発)
ざぶり,「ざぶ」と一度だけ鮮やかに、あるいは滑らかに行われる動作・状態。,擬態語,テクスチャー・色・光,快,清音・濁音,暗い・重い・大,「り」変化,zabuɾi,zabuɾi,0,4,6,6,4,7,5,335.8,3.07,5,7417.0,7.32,6,0,4,#FFFFFF,100.0,-0.0,0.0,濁音による質量感・弾き音/ɾ/による運動変化を反映し、Weight 4・Time 6・Flow 4のベクトル配置。,,4,6,0,0,RI(り単発)
ざぶりざぶり,「ざぶりざぶ」と一度だけ鮮やかに、あるいは滑らかに行われる動作・状態。,擬態語,テクスチャー・色・光,快,清音・濁音,暗い・重い・大,畳語・「り」変化,zabuɾizabuɾi,zabuɾizabuɾi,0,5,5,5,4,7,6,320.1,2.95,4,9271.2,7.69,7,mc,3,#0000FF,32.3,79.2,-107.9,濁音による質量感・弾き音/ɾ/による運動変化を反映し、Weight 5・Time 5・Flow 4のベクトル配置。,,4,5,5,1,REDUP(畳語・同一)
ざぶーん,「ざぶー」と響き渡る音、または余韻や弾力を伴う状態。,擬音語・擬態語,テクスチャー,中立,濁音,暗い・重い・大,撥音・長音,zabuːŋ,zabuːŋ,0,5,4,6,4,6,6,643.0,4.71,2,9301.9,7.70,7,mc,3,#0000FF,32.3,79.2,-107.9,濁音による質量感・鼻音の共鳴と持続性を反映し、Weight 5・Time 4・Flow 4のベクトル配置。,,3,7,5,0,LONG(長音ー)
ざらっ,「ざら」とする動作や現象が瞬間的・急激に行われる音や様子。,擬音語・擬態語,スピード・テンポ,中立,清音・濁音,暗い・重い・大,促音,zaɾaʔ,zaɾaʔ,0,4,7,6,5,6,3,531.3,4.23,7,10350.9,7.88,7,0,4,#000000,0.0,0.0,0.0,濁音による質量感・弾き音/ɾ/による運動変化を反映し、Weight 4・Time 7・Flow 5のベクトル配置。,,2,5,0,0,Q(促音単発)
ざらり,「ざら」と一度だけ鮮やかに、あるいは滑らかに行われる動作・状態。,擬態語,テクスチャー・色・光,快,清音・濁音,暗い・重い・大,「り」変化,zaɾaɾi,zaɾaɾi,0,3,5,5,4,8,3,460.4,3.87,5,5841.9,6.91,5,0,4,#FFFFFF,100.0,-0.0,0.0,濁音による質量感・弾き音/ɾ/による運動変化を反映し、Weight 3・Time 5・Flow 4のベクトル配置。,,4,6,0,0,RI(り単発)
ざんぶ,「ざんぶ」という感覚・音・状態を表す表現。,擬音語・擬態語,その他,中立,濁音,暗い・重い・大,撥音,zambu,zambu,0,6,5,5,5,6,6,216.2,1.95,5,8565.6,7.56,7,0,4,#0000CD,25.0,67.2,-91.5,濁音による質量感・鼻音の共鳴と持続性を反映し、Weight 6・Time 5・Flow 5のベクトル配置。,,5,5,5,8,COMPOUND(複合・異種)
ざーざ,音が長く尾を引いて持続する音や状態。,擬音語・擬態語,スピード・テンポ,中立,濁音,暗い・重い・大,長音,zaːza,zaːza,0,4,3,5,4,7,4,821.0,5.33,2,9371.5,7.71,5,0,4,#FFD700,86.9,-1.9,87.1,濁音による質量感・長音による持続傾向を反映し、Weight 4・Time 3・Flow 4のベクトル配置。,,2,7,5,0,LONG(長音ー)
ざーっ,「ざー」とする動作や現象が瞬間的・急激に行われる音や様子。,擬音語・擬態語,スピード・テンポ,中立,濁音,暗い・重い・大,促音・長音,zaːʔ,zaːʔ,0,4,4,6,6,6,4,791.0,5.24,4,9334.3,7.71,6,0,4,#FF0000,53.2,80.1,67.2,濁音による質量感・促音による時間的突発性(Decay high)を反映し、Weight 4・Time 4・Flow 6のベクトル配置。,,2,6,5,0,LONG(長音ー)
しおしお,「しお」という音や状態が繰り返し連続して生じるさま。,擬音語・擬態語,スピード・テンポ,中立,清音,暗い・重い・大,畳語,ɕioɕio,ɕioɕio,0,4,4,4,5,6,5,591.5,4.50,4,3172.8,5.87,5,mc,3,#708090,52.8,-2.1,-10.6,摩擦音による流体・気体性を反映し、Weight 4・Time 4・Flow 5のベクトル配置。,,4,5,5,1,REDUP(畳語・同一)
しげしげ,「しげ」という音や状態が繰り返し連続して生じるさま。,擬音語・擬態語,スピード・テンポ,中立,清音・濁音,暗い・重い・大,畳語,ɕiɡeɕiɡe,ɕiɡeɕiɡe,0,5,5,5,5,6,5,634.5,4.68,5,3976.6,6.26,6,mc,3,#556B2F,42.2,-18.8,30.6,濁音による質量感・摩擦音による流体・気体性を反映し、Weight 5・Time 5・Flow 5のベクトル配置。,,4,5,5,1,REDUP(畳語・同一)
しこしこっ,「しこしこ」とする動作や現象が瞬間的・急激に行われる音や様子。,擬音語・擬態語,スピード・テンポ,中立,清音,明るい・軽い・小,促音,ɕikoɕikoʔ,ɕikoɕikoʔ,0,4,8,7,7,5,3,809.4,5.29,8,7271.9,7.28,7,0,4,#F5DEB3,89.4,1.5,24.0,無声破裂音の領域性・摩擦音による流体・気体性を反映し、Weight 4・Time 8・Flow 7のベクトル配置。,,3,5,0,0,Q(促音単発)
しこっ,「しこ」とする動作や現象が瞬間的・急激に行われる音や様子。,擬音語・擬態語,スピード・テンポ,中立,清音,明るい・軽い・小,促音,ɕikoʔ,ɕikoʔ,0,4,8,7,7,5,3,781.7,5.21,8,7382.4,7.31,7,0,4,#000000,0.0,0.0,0.0,無声破裂音の領域性・摩擦音による流体・気体性を反映し、Weight 4・Time 8・Flow 7のベクトル配置。,,2,5,0,0,Q(促音単発)
しずしず,「しず」という音や状態が繰り返し連続して生じるさま。,擬音語・擬態語,スピード・テンポ,中立,清音・濁音,暗い・重い・大,畳語,ɕizuɕizu,ɕizuɕizu,0,5,4,5,6,5,5,562.1,4.37,4,4540.8,6.48,7,0,4,#FF0000,53.2,80.1,67.2,濁音による質量感・摩擦音による流体・気体性を反映し、Weight 5・Time 4・Flow 6のベクトル配置。,,4,5,5,1,REDUP(畳語・同一)
しっこり,「しっこ」と一度だけ鮮やかに、あるいは滑らかに行われる動作・状態。,擬態語,テクスチャー・色・光,快,清音,明るい・軽い・小,促音・「り」変化,ɕikkoɾi,ɕikkoɾi,0,3,5,5,5,6,4,618.3,4.61,6,3338.3,5.96,6,mh,5,#FFFFFF,100.0,-0.0,0.0,無声破裂音の領域性・摩擦音による流体・気体性を反映し、Weight 3・Time 5・Flow 5のベクトル配置。,,5,5,5,8,COMPOUND(複合・異種)
しどろもどろ,「しどろもどろ」という感覚・音・状態を表す表現。,擬音語・擬態語,その他,中立,清音・濁音,暗い・重い・大,単発・その他,ɕidoɾomodoɾo,ɕidoɾomodoɾo,0,5,4,4,5,7,6,218.0,1.97,5,2597.3,5.53,7,0,4,#4B3621,24.5,6.4,16.8,濁音による質量感・摩擦音による流体・気体性を反映し、Weight 5・Time 4・Flow 5のベクトル配置。,,5,5,0,8,COMPOUND(複合・異種)
しなしな,「しな」という音や状態が繰り返し連続して生じるさま。,擬音語・擬態語,スピード・テンポ,中立,清音,明るい・軽い・小,畳語,ɕinaɕina,ɕinaɕina,0,4,4,4,5,6,5,652.4,4.75,4,4152.1,6.33,5,0,4,#F5DEB3,89.4,1.5,24.0,摩擦音による流体・気体性・鼻音の共鳴と持続性を反映し、Weight 4・Time 4・Flow 5のベクトル配置。,,4,5,5,1,REDUP(畳語・同一)
しみじみ,「しみじみ」という感覚・音・状態を表す表現。,擬音語・擬態語,その他,中立,清音・濁音,暗い・重い・大,単発・その他,ɕimidʑimi,ɕimidʑimi,0,5,4,5,7,5,6,390.4,3.45,5,1877.6,4.98,7,0,4,#4B0082,20.5,51.7,-53.3,濁音による質量感・摩擦音による流体・気体性を反映し、Weight 5・Time 4・Flow 7のベクトル配置。,,5,5,0,8,COMPOUND(複合・異種)
しゃかしゃか,「しゃか」という音や状態が繰り返し連続して生じるさま。,擬音語・擬態語,スピード・テンポ,中立,清音,明るい・軽い・小,畳語,ɕakaɕaka,ɕakaɕaka,0,3,6,5,2,6,3,913.9,5.60,5,8244.2,7.49,5,0,4,#DAA520,70.8,8.5,68.8,無声破裂音の領域性・摩擦音による流体・気体性を反映し、Weight 3・Time 6・Flow 2のベクトル配置。,,4,5,5,1,REDUP(畳語・同一)
しゃきっ,「しゃき」とする動作や現象が瞬間的・急激に行われる音や様子。,擬音語・擬態語,スピード・テンポ,中立,清音,明るい・軽い・小,促音,ɕakiʔ,ɕakiʔ,0,4,8,7,6,5,3,973.3,5.76,8,9916.9,7.81,7,0,4,#90EE90,86.5,-46.3,36.9,無声破裂音の領域性・摩擦音による流体・気体性を反映し、Weight 4・Time 8・Flow 6のベクトル配置。,,3,5,0,0,Q(促音単発)
しゃっきり,「しゃっき」と一度だけ鮮やかに、あるいは滑らかに行われる動作・状態。,擬態語,テクスチャー・色・光,快,清音,明るい・軽い・小,促音・「り」変化,ɕakkiɾi,ɕakkiɾi,0,3,6,6,4,6,3,861.9,5.45,7,7281.0,7.28,6,mh,5,#000000,0.0,0.0,0.0,無声破裂音の領域性・摩擦音による流体・気体性を反映し、Weight 3・Time 6・Flow 4のベクトル配置。,,5,5,5,8,COMPOUND(複合・異種)
しゃっしゃっ,「しゃっしゃ」とする動作や現象が瞬間的・急激に行われる音や様子。,擬音語・擬態語,スピード・テンポ,中立,清音,明るい・軽い・小,畳語・促音,ɕaɕɕaʔ,ɕaɕɕaʔ,0,5,6,6,5,6,4,802.8,5.27,6,9538.5,7.74,7,0,4,#778899,55.9,-2.2,-11.1,摩擦音による流体・気体性・促音による時間的突発性(Decay high)を反映し、Weight 5・Time 6・Flow 5のベクトル配置。,,4,5,5,1,REDUP(畳語・同一)
しゃぶしゃぶ,「しゃぶ」という音や状態が繰り返し連続して生じるさま。,擬音語・擬態語,スピード・テンポ,中立,清音・濁音,暗い・重い・大,畳語,ɕabuɕabu,ɕabuɕabu,0,5,5,4,3,7,7,558.8,4.36,4,9487.4,7.73,7,mc,3,#0000CD,25.0,67.2,-91.5,濁音による質量感・摩擦音による流体・気体性を反映し、Weight 5・Time 5・Flow 3のベクトル配置。,,4,5,5,1,REDUP(畳語・同一)
しゃらしゃら,「しゃら」という音や状態が繰り返し連続して生じるさま。,擬音語・擬態語,スピード・テンポ,中立,清音,明るい・軽い・小,畳語,ɕaɾaɕaɾa,ɕaɾaɕaɾa,0,3,5,4,2,7,4,857.0,5.44,4,8059.8,7.46,5,0,4,#FF69B4,65.5,64.2,-10.6,摩擦音による流体・気体性・弾き音/ɾ/による運動変化を反映し、Weight 3・Time 5・Flow 2のベクトル配置。,,4,5,5,1,REDUP(畳語・同一)
しゃりしゃり,「しゃりしゃ」と一度だけ鮮やかに、あるいは滑らかに行われる動作・状態。,擬態語,テクスチャー・色・光,快,清音,明るい・軽い・小,畳語・「り」変化,ɕaɾiɕaɾi,ɕaɾiɕaɾi,0,3,6,5,4,7,5,782.8,5.21,5,7737.1,7.39,6,0,4,#FFFFFF,100.0,-0.0,0.0,摩擦音による流体・気体性・弾き音/ɾ/による運動変化を反映し、Weight 3・Time 6・Flow 4のベクトル配置。,,4,5,5,1,REDUP(畳語・同一)
しゃりっ,「しゃり」とする動作や現象が瞬間的・急激に行われる音や様子。,擬音語・擬態語,スピード・テンポ,中立,清音,明るい・軽い・小,促音,ɕaɾiʔ,ɕaɾiʔ,0,4,8,7,6,5,4,933.1,5.65,8,9679.0,7.77,7,0,4,#000000,0.0,0.0,0.0,摩擦音による流体・気体性・弾き音/ɾ/による運動変化を反映し、Weight 4・Time 8・Flow 6のベクトル配置。,,3,5,0,0,Q(促音単発)
しゃんしゃん,「しゃんしゃ」と響き渡る音、または余韻や弾力を伴う状態。,擬音語・擬態語,テクスチャー,中立,清音,明るい・軽い・小,畳語・撥音,ɕaŋɕaŋ,ɕaŋɕaŋ,0,4,6,6,4,6,5,660.1,4.78,5,8796.2,7.60,7,0,4,#FFFFFF,100.0,-0.0,0.0,摩擦音による流体・気体性・鼻音の共鳴と持続性を反映し、Weight 4・Time 6・Flow 4のベクトル配置。,,4,5,5,1,REDUP(畳語・同一)
しゃー,音が長く尾を引いて持続する音や状態。,擬音語・擬態語,スピード・テンポ,中立,清音,明るい・軽い・小,長音,ɕaː,ɕaː,0,3,3,5,4,7,4,1167.3,6.22,1,7652.0,7.37,5,0,4,#FFD700,86.9,-1.9,87.1,摩擦音による流体・気体性・長音による持続傾向を反映し、Weight 3・Time 3・Flow 4のベクトル配置。,,2,7,5,0,LONG(長音ー)
しゃーしゃー,「しゃー」という音や状態が繰り返し連続して生じるさま。,擬音語・擬態語,スピード・テンポ,中立,清音,明るい・軽い・小,畳語・長音,ɕaːɕaː,ɕaːɕaː,0,4,4,5,2,7,5,1039.9,5.93,3,9163.7,7.67,6,mh,5,#FF4500,57.6,67.8,69.0,摩擦音による流体・気体性・長音による持続傾向を反映し、Weight 4・Time 4・Flow 2のベクトル配置。,,4,5,5,1,REDUP(畳語・同一)
しゅっ,「しゅ」とする動作や現象が瞬間的・急激に行われる音や様子。,擬音語・擬態語,スピード・テンポ,中立,清音,明るい・軽い・小,促音,ɕuʔ,ɕuʔ,0,4,7,7,7,6,4,737.9,5.06,7,8411.4,7.53,7,0,4,#000000,0.0,0.0,0.0,摩擦音による流体・気体性・促音による時間的突発性(Decay high)を反映し、Weight 4・Time 7・Flow 7のベクトル配置。,,2,5,0,0,Q(促音単発)
しゅっしゅっ,「しゅっしゅ」とする動作や現象が瞬間的・急激に行われる音や様子。,擬音語・擬態語,スピード・テンポ,中立,清音,明るい・軽い・小,畳語・促音,ɕuɕɕuʔ,ɕuɕɕuʔ,0,5,6,6,6,6,5,737.3,5.06,6,6711.7,7.15,7,0,4,#696969,44.4,-0.0,0.0,摩擦音による流体・気体性・促音による時間的突発性(Decay high)を反映し、Weight 5・Time 6・Flow 6のベクトル配置。,,4,5,5,1,REDUP(畳語・同一)
しゅん,「しゅ」と響き渡る音、または余韻や弾力を伴う状態。,擬音語・擬態語,テクスチャー,中立,清音,明るい・軽い・小,撥音,ɕuŋ,ɕuŋ,0,4,6,7,5,6,5,704.8,4.94,6,5860.4,6.91,7,0,4,#808080,53.6,-0.0,0.0,摩擦音による流体・気体性・鼻音の共鳴と持続性を反映し、Weight 4・Time 6・Flow 5のベクトル配置。,,3,6,5,0,N(撥音単発)
しゅんしゅん,「しゅんしゅ」と響き渡る音、または余韻や弾力を伴う状態。,擬音語・擬態語,テクスチャー,中立,清音,明るい・軽い・小,畳語・撥音,ɕuŋɕuŋ,ɕuŋɕuŋ,0,4,5,6,5,6,5,727.1,5.02,4,6379.6,7.06,6,0,4,#FFFACD,97.6,-5.4,22.2,摩擦音による流体・気体性・鼻音の共鳴と持続性を反映し、Weight 4・Time 5・Flow 5のベクトル配置。,,4,5,5,1,REDUP(畳語・同一)
しゅーじゅー,音が長く尾を引いて持続する音や状態。,擬音語・擬態語,スピード・テンポ,中立,清音・濁音,暗い・重い・大,長音,ɕuːdʑuː,ɕuːdʑuː,0,4,2,6,4,8,5,1037.3,5.92,1,6205.3,7.01,6,0,4,#FF4500,57.6,67.8,69.0,濁音による質量感・摩擦音による流体・気体性を反映し、Weight 4・Time 2・Flow 4のベクトル配置。,,2,7,5,0,LONG(長音ー)
しゅーん,「しゅー」と響き渡る音、または余韻や弾力を伴う状態。,擬音語・擬態語,テクスチャー,中立,清音,明るい・軽い・小,撥音・長音,ɕuːŋ,ɕuːŋ,0,4,4,7,4,6,5,1005.3,5.84,2,6425.7,7.07,6,0,4,#FFFFFF,100.0,-0.0,0.0,摩擦音による流体・気体性・鼻音の共鳴と持続性を反映し、Weight 4・Time 4・Flow 4のベクトル配置。,,3,7,5,0,LONG(長音ー)
しょぼん,「しょぼ」と響き渡る音、または余韻や弾力を伴う状態。,擬音語・擬態語,テクスチャー,中立,清音・濁音,暗い・重い・大,撥音,ɕoboŋ,ɕoboŋ,0,5,6,6,6,6,6,439.6,3.75,6,4978.6,6.64,7,mc,3,#708090,52.8,-2.1,-10.6,濁音による質量感・摩擦音による流体・気体性を反映し、Weight 5・Time 6・Flow 6のベクトル配置。,,3,6,5,0,N(撥音単発)
しょりしょり,「しょりしょ」と一度だけ鮮やかに、あるいは滑らかに行われる動作・状態。,擬態語,テクスチャー・色・光,快,清音,明るい・軽い・小,畳語・「り」変化,ɕoɾiɕoɾi,ɕoɾiɕoɾi,0,3,5,4,4,7,5,609.8,4.58,5,4540.4,6.48,6,0,4,#000080,13.0,47.5,-64.7,摩擦音による流体・気体性・弾き音/ɾ/による運動変化を反映し、Weight 3・Time 5・Flow 4のベクトル配置。,,4,5,5,1,REDUP(畳語・同一)
しょんぼりしょんぼり,「しょんぼりしょんぼ」と一度だけ鮮やかに、あるいは滑らかに行われる動作・状態。,擬態語,テクスチャー・色・光,快,清音・濁音,暗い・重い・大,畳語・撥音・「り」変化,ɕomboɾiɕomboɾi,ɕomboɾiɕomboɾi,0,4,5,4,5,7,5,454.8,3.83,5,5413.5,6.78,7,0,4,#483D8B,30.8,26.1,-42.1,濁音による質量感・摩擦音による流体・気体性を反映し、Weight 4・Time 5・Flow 5のベクトル配置。,,4,5,5,1,REDUP(畳語・同一)
しわくちゃ,「しわくちゃ」という感覚・音・状態を表す表現。,擬音語・擬態語,その他,中立,清音,明るい・軽い・小,単発・その他,ɕiwakutɕa,ɕiwakutɕa,0,3,5,4,4,7,5,710.6,4.96,5,5661.1,6.86,6,0,4,#FF69B4,65.5,64.2,-10.6,無声破裂音の領域性・摩擦音による流体・気体性を反映し、Weight 3・Time 5・Flow 4のベクトル配置。,,5,5,0,8,COMPOUND(複合・異種)
しんねり,「しんね」と一度だけ鮮やかに、あるいは滑らかに行われる動作・状態。,擬態語,テクスチャー・色・光・静寂表現,快,清音,明るい・軽い・小,撥音・「り」変化,ɕinneɾi,ɕinneɾi,0,4,4,4,5,6,5,433.6,3.71,5,2261.1,5.30,6,mh,5,#F5F5DC,95.9,-4.2,12.0,摩擦音による流体・気体性・鼻音の共鳴と持続性を反映し、Weight 4・Time 4・Flow 5のベクトル配置。,,5,5,5,8,COMPOUND(複合・異種)
しんねりむっつり,「しんねりむっつ」と一度だけ鮮やかに、あるいは滑らかに行われる動作・状態。,擬態語,テクスチャー・色・光・静寂表現,快,清音,明るい・軽い・小,促音・撥音・「り」変化,ɕinneɾimuttsuɾi,ɕinneɾimuttsuɾi,0,4,4,5,6,6,5,436.0,3.73,5,2120.4,5.19,7,0,4,#000000,0.0,0.0,0.0,無声破裂音の領域性・摩擦音による流体・気体性を反映し、Weight 4・Time 4・Flow 6のベクトル配置。,,5,5,5,8,COMPOUND(複合・異種)
しーん,「しー」と響き渡る音、または余韻や弾力を伴う状態。,擬音語・擬態語,テクスチャー,中立,清音,明るい・軽い・小,撥音・長音,ɕiːŋ,ɕiːŋ,0,3,4,6,5,6,4,1181.6,6.25,3,6542.8,7.10,6,0,4,#F0FFFF,98.9,-4.9,-1.7,摩擦音による流体・気体性・鼻音の共鳴と持続性を反映し、Weight 3・Time 4・Flow 5のベクトル配置。,,3,7,5,0,LONG(長音ー)
じっ,「じ」とする動作や現象が瞬間的・急激に行われる音や様子。,擬音語・擬態語,スピード・テンポ,中立,濁音,暗い・重い・大,促音,dʑiʔ,dʑiʔ,0,5,7,7,8,5,4,503.8,4.09,7,7502.1,7.33,8,0,4,#000000,0.0,0.0,0.0,濁音による質量感・促音による時間的突発性(Decay high)を反映し、Weight 5・Time 7・Flow 8のベクトル配置。,,2,5,0,0,Q(促音単発)
じっとり,「じっと」と一度だけ鮮やかに、あるいは滑らかに行われる動作・状態。,擬態語,テクスチャー・色・光,快,清音・濁音,暗い・重い・大,促音・「り」変化,dʑittoɾi,dʑittoɾi,0,4,4,5,5,6,5,260.1,2.42,6,2170.1,5.23,7,mh,5,#D8BFD8,80.1,13.2,-9.2,濁音による質量感・無声破裂音の領域性を反映し、Weight 4・Time 4・Flow 5のベクトル配置。,,5,5,5,8,COMPOUND(複合・異種)
じぶじぶ,「じぶ」という音や状態が繰り返し連続して生じるさま。,擬音語・擬態語,スピード・テンポ,中立,濁音,暗い・重い・大,畳語,dʑibudʑibu,dʑibudʑibu,0,6,3,4,6,6,7,100.0,0.00,3,4146.8,6.33,7,mc,3,#556B2F,42.2,-18.8,30.6,濁音による質量感を反映し、Weight 6・Time 3・Flow 6のベクトル配置。,,4,5,5,1,REDUP(畳語・同一)
じゃかすか,「じゃかすか」という感覚・音・状態を表す表現。,擬音語・擬態語,その他,中立,清音・濁音,暗い・重い・大,単発・その他,dʑakasuka,dʑakasuka,0,4,5,5,3,7,3,624.6,4.64,5,7637.6,7.36,5,mh,5,#F5F5F5,96.5,-0.0,0.0,濁音による質量感・無声破裂音の領域性を反映し、Weight 4・Time 5・Flow 3のベクトル配置。,,5,5,0,8,COMPOUND(複合・異種)
じゃばじゃば,「じゃば」という音や状態が繰り返し連続して生じるさま。,擬音語・擬態語,スピード・テンポ,中立,濁音,暗い・重い・大,畳語,dʑabadʑaba,dʑabadʑaba,0,6,5,5,3,6,7,266.2,2.48,4,9437.8,7.72,7,mh,5,#0000CD,25.0,67.2,-91.5,濁音による質量感を反映し、Weight 6・Time 5・Flow 3のベクトル配置。,,4,5,5,1,REDUP(畳語・同一)
じゃぼーん,「じゃぼー」と響き渡る音、または余韻や弾力を伴う状態。,擬音語・擬態語,テクスチャー,中立,濁音,暗い・重い・大,撥音・長音,dʑaboːŋ,dʑaboːŋ,0,5,4,6,4,6,5,608.4,4.57,2,8462.5,7.54,7,0,4,#0000CD,25.0,67.2,-91.5,濁音による質量感・鼻音の共鳴と持続性を反映し、Weight 5・Time 4・Flow 4のベクトル配置。,,3,7,5,0,LONG(長音ー)
じゃぽん,「じゃぽ」と響き渡る音、または余韻や弾力を伴う状態。,擬音語・擬態語,テクスチャー,中立,濁音・半濁音,暗い・重い・大,撥音,dʑapoŋ,dʑapoŋ,0,5,6,7,4,5,6,369.8,3.31,6,6819.6,7.17,7,0,4,#808080,53.6,-0.0,0.0,濁音による質量感・無声破裂音の領域性を反映し、Weight 5・Time 6・Flow 4のベクトル配置。,,3,6,5,0,N(撥音単発)
じゃらり,「じゃら」と一度だけ鮮やかに、あるいは滑らかに行われる動作・状態。,擬態語,テクスチャー・色・光,快,清音・濁音,暗い・重い・大,「り」変化,dʑaɾaɾi,dʑaɾaɾi,0,3,6,6,3,7,4,452.8,3.82,5,5692.6,6.87,6,mh,5,#FFFFFF,100.0,-0.0,0.0,濁音による質量感・弾き音/ɾ/による運動変化を反映し、Weight 3・Time 6・Flow 3のベクトル配置。,,4,6,0,0,RI(り単発)
じゃらんじゃらん,「じゃらんじゃら」と響き渡る音、または余韻や弾力を伴う状態。,擬音語・擬態語,テクスチャー,中立,清音・濁音,暗い・重い・大,畳語・撥音,dʑaɾaŋdʑaɾaŋ,dʑaɾaŋdʑaɾaŋ,0,4,5,5,2,6,5,379.1,3.37,4,7253.5,7.28,6,0,4,#FFD700,86.9,-1.9,87.1,濁音による質量感・鼻音の共鳴と持続性を反映し、Weight 4・Time 5・Flow 2のベクトル配置。,,4,5,5,1,REDUP(畳語・同一)
じゃりじゃり,「じゃりじゃ」と一度だけ鮮やかに、あるいは滑らかに行われる動作・状態。,擬態語,テクスチャー・色・光,快,清音・濁音,暗い・重い・大,畳語・「り」変化,dʑaɾidʑaɾi,dʑaɾidʑaɾi,0,4,5,5,4,6,5,468.7,3.91,5,7270.1,7.28,7,mh,5,#FFD700,86.9,-1.9,87.1,濁音による質量感・弾き音/ɾ/による運動変化を反映し、Weight 4・Time 5・Flow 4のベクトル配置。,,4,5,5,1,REDUP(畳語・同一)
じゃりっ,「じゃり」とする動作や現象が瞬間的・急激に行われる音や様子。,擬音語・擬態語,スピード・テンポ,中立,清音・濁音,暗い・重い・大,促音,dʑaɾiʔ,dʑaɾiʔ,0,5,7,7,7,5,4,705.0,4.94,7,9974.5,7.82,8,0,4,#000000,0.0,0.0,0.0,濁音による質量感・弾き音/ɾ/による運動変化を反映し、Weight 5・Time 7・Flow 7のベクトル配置。,,3,5,0,0,Q(促音単発)
じゃん,「じゃ」と響き渡る音、または余韻や弾力を伴う状態。,擬音語・擬態語,テクスチャー,中立,濁音,暗い・重い・大,撥音,dʑaŋ,dʑaŋ,0,5,7,7,5,5,6,394.3,3.47,6,8144.8,7.47,8,0,4,#FF0000,53.2,80.1,67.2,濁音による質量感・鼻音の共鳴と持続性を反映し、Weight 5・Time 7・Flow 5のベクトル配置。,,3,6,5,0,N(撥音単発)
じゃーじゃー,「じゃー」という音や状態が繰り返し連続して生じるさま。,擬音語・擬態語,スピード・テンポ,中立,濁音,暗い・重い・大,畳語・長音,dʑaːdʑaː,dʑaːdʑaː,0,5,4,5,3,6,6,632.0,4.67,2,9218.0,7.68,7,mh,5,#FF0000,53.2,80.1,67.2,濁音による質量感・長音による持続傾向を反映し、Weight 5・Time 4・Flow 3のベクトル配置。,,4,5,5,1,REDUP(畳語・同一)
じゅくじゅく,「じゅく」という音や状態が繰り返し連続して生じるさま。,擬音語・擬態語,スピード・テンポ,中立,清音・濁音,暗い・重い・大,畳語,dʑukudʑuku,dʑukudʑuku,0,5,4,5,5,6,7,294.6,2.74,3,3309.0,5.94,7,0,4,#556B2F,42.2,-18.8,30.6,濁音による質量感・無声破裂音の領域性を反映し、Weight 5・Time 4・Flow 5のベクトル配置。,,4,5,5,1,REDUP(畳語・同一)
じゅっ,「じゅ」とする動作や現象が瞬間的・急激に行われる音や様子。,擬音語・擬態語,スピード・テンポ,中立,濁音,暗い・重い・大,促音,dʑuʔ,dʑuʔ,0,5,7,7,7,5,5,506.1,4.10,7,8408.9,7.53,8,0,4,#000000,0.0,0.0,0.0,濁音による質量感・促音による時間的突発性(Decay high)を反映し、Weight 5・Time 7・Flow 7のベクトル配置。,,2,5,0,0,Q(促音単発)
じゅぽっ,「じゅぽ」とする動作や現象が瞬間的・急激に行われる音や様子。,擬音語・擬態語,スピード・テンポ,中立,濁音・半濁音,暗い・重い・大,促音,dʑupoʔ,dʑupoʔ,0,5,7,7,7,6,5,435.5,3.72,7,7678.5,7.37,8,0,4,#000000,0.0,0.0,0.0,濁音による質量感・無声破裂音の領域性を反映し、Weight 5・Time 7・Flow 7のベクトル配置。,,2,5,0,0,Q(促音単発)
じゅるっ,「じゅる」とする動作や現象が瞬間的・急激に行われる音や様子。,擬音語・擬態語,スピード・テンポ,中立,清音・濁音,暗い・重い・大,促音,dʑuɾuʔ,dʑuɾuʔ,0,5,7,7,7,6,5,470.2,3.92,7,7609.9,7.36,8,0,4,#FFFFFF,100.0,-0.0,0.0,濁音による質量感・弾き音/ɾ/による運動変化を反映し、Weight 5・Time 7・Flow 7のベクトル配置。,,2,5,0,0,Q(促音単発)
じゅわじゅわ,「じゅわ」という音や状態が繰り返し連続して生じるさま。,擬音語・擬態語,スピード・テンポ,中立,清音・濁音,暗い・重い・大,畳語,dʑuwadʑuwa,dʑuwadʑuwa,0,5,4,4,4,7,6,295.4,2.74,3,5502.2,6.81,7,mh,5,#800000,25.5,48.0,38.1,濁音による質量感を反映し、Weight 5・Time 4・Flow 4のベクトル配置。,,4,5,5,1,REDUP(畳語・同一)
じゅわっ,「じゅわ」とする動作や現象が瞬間的・急激に行われる音や様子。,擬音語・擬態語,スピード・テンポ,中立,清音・濁音,暗い・重い・大,促音,dʑuwaʔ,dʑuwaʔ,0,5,7,7,6,6,5,450.6,3.81,7,8923.6,7.63,8,mh,5,#000000,0.0,0.0,0.0,濁音による質量感・促音による時間的突発性(Decay high)を反映し、Weight 5・Time 7・Flow 6のベクトル配置。,,2,5,0,0,Q(促音単発)
じゅわーっ,「じゅわー」とする動作や現象が瞬間的・急激に行われる音や様子。,擬音語・擬態語,スピード・テンポ,中立,清音・濁音,暗い・重い・大,促音・長音,dʑuwaːʔ,dʑuwaːʔ,0,5,4,6,6,7,5,670.0,4.81,4,8103.8,7.47,7,mh,5,#FF4500,57.6,67.8,69.0,濁音による質量感・促音による時間的突発性(Decay high)を反映し、Weight 5・Time 4・Flow 6のベクトル配置。,,2,6,5,0,LONG(長音ー)
じゅーっ,「じゅー」とする動作や現象が瞬間的・急激に行われる音や様子。,擬音語・擬態語,スピード・テンポ,中立,濁音,暗い・重い・大,促音・長音,dʑuːʔ,dʑuːʔ,0,5,4,6,6,6,5,755.8,5.12,4,7451.5,7.32,7,mh,5,#FF4500,57.6,67.8,69.0,濁音による質量感・促音による時間的突発性(Decay high)を反映し、Weight 5・Time 4・Flow 6のベクトル配置。,,2,6,5,0,LONG(長音ー)
じょりじょり,「じょりじょ」と一度だけ鮮やかに、あるいは滑らかに行われる動作・状態。,擬態語,テクスチャー・色・光,快,清音・濁音,暗い・重い・大,畳語・「り」変化,dʑoɾidʑoɾi,dʑoɾidʑoɾi,0,4,5,5,5,6,5,416.9,3.61,5,4068.3,6.29,7,0,4,#708090,52.8,-2.1,-10.6,濁音による質量感・弾き音/ɾ/による運動変化を反映し、Weight 4・Time 5・Flow 5のベクトル配置。,,4,5,5,1,REDUP(畳語・同一)
じょりっ,「じょり」とする動作や現象が瞬間的・急激に行われる音や様子。,擬音語・擬態語,スピード・テンポ,中立,清音・濁音,暗い・重い・大,促音,dʑoɾiʔ,dʑoɾiʔ,0,5,7,7,7,5,4,659.3,4.77,7,7752.2,7.39,8,0,4,#000000,0.0,0.0,0.0,濁音による質量感・弾き音/ɾ/による運動変化を反映し、Weight 5・Time 7・Flow 7のベクトル配置。,,3,5,0,0,Q(促音単発)
じりじりっ,「じりじり」とする動作や現象が瞬間的・急激に行われる音や様子。,擬音語・擬態語,スピード・テンポ,中立,清音・濁音,暗い・重い・大,促音,dʑiɾidʑiɾiʔ,dʑiɾidʑiɾiʔ,0,5,6,7,8,4,4,637.3,4.69,7,8058.6,7.46,8,mh,5,#000000,0.0,0.0,0.0,濁音による質量感・弾き音/ɾ/による運動変化を反映し、Weight 5・Time 6・Flow 8のベクトル配置。,,3,5,0,0,Q(促音単発)
じりっ,「じり」とする動作や現象が瞬間的・急激に行われる音や様子。,擬音語・擬態語,スピード・テンポ,中立,清音・濁音,暗い・重い・大,促音,dʑiɾiʔ,dʑiɾiʔ,0,5,7,7,8,4,4,685.6,4.87,7,8367.1,7.52,8,mh,5,#000000,0.0,0.0,0.0,濁音による質量感・弾き音/ɾ/による運動変化を反映し、Weight 5・Time 7・Flow 8のベクトル配置。,,2,5,0,0,Q(促音単発)
じろり,「じろ」と一度だけ鮮やかに、あるいは滑らかに行われる動作・状態。,擬態語,テクスチャー・色・光,快,清音・濁音,暗い・重い・大,「り」変化,dʑiɾoɾi,dʑiɾoɾi,0,4,5,6,5,7,5,387.1,3.43,5,2792.8,5.66,6,mh,5,#FFFFFF,100.0,-0.0,0.0,濁音による質量感・弾き音/ɾ/による運動変化を反映し、Weight 4・Time 5・Flow 5のベクトル配置。,,4,6,0,0,RI(り単発)
じろりじろり,「じろりじろ」と一度だけ鮮やかに、あるいは滑らかに行われる動作・状態。,擬態語,テクスチャー・色・光,快,清音・濁音,暗い・重い・大,畳語・「り」変化,dʑiɾoɾidʑiɾoɾi,dʑiɾoɾidʑiɾoɾi,0,4,4,5,5,7,5,418.5,3.62,4,2593.9,5.53,6,0,4,#000000,0.0,0.0,0.0,濁音による質量感・弾き音/ɾ/による運動変化を反映し、Weight 4・Time 4・Flow 5のベクトル配置。,,4,5,5,1,REDUP(畳語・同一)
じろりっ,「じろり」とする動作や現象が瞬間的・急激に行われる音や様子。,擬音語・擬態語,スピード・テンポ,中立,清音・濁音,暗い・重い・大,促音,dʑiɾoɾiʔ,dʑiɾoɾiʔ,0,5,7,7,7,5,4,660.9,4.78,7,6681.8,7.14,7,0,4,#000000,0.0,0.0,0.0,濁音による質量感・弾き音/ɾ/による運動変化を反映し、Weight 5・Time 7・Flow 7のベクトル配置。,,3,5,0,0,Q(促音単発)
じろーっ,「じろー」とする動作や現象が瞬間的・急激に行われる音や様子。,擬音語・擬態語,スピード・テンポ,中立,清音・濁音,暗い・重い・大,促音・長音,dʑiɾoːʔ,dʑiɾoːʔ,0,5,4,6,6,6,4,658.2,4.77,4,5976.2,6.95,7,0,4,#000000,0.0,0.0,0.0,濁音による質量感・弾き音/ɾ/による運動変化を反映し、Weight 5・Time 4・Flow 6のベクトル配置。,,2,6,5,0,LONG(長音ー)
じわじわっ,「じわじわ」とする動作や現象が瞬間的・急激に行われる音や様子。,擬音語・擬態語,スピード・テンポ,中立,清音・濁音,暗い・重い・大,促音,dʑiwadʑiwaʔ,dʑiwadʑiwaʔ,0,5,6,6,7,6,5,296.1,2.75,6,6742.5,7.15,8,mh,5,#800000,25.5,48.0,38.1,濁音による質量感・促音による時間的突発性(Decay high)を反映し、Weight 5・Time 6・Flow 7のベクトル配置。,,3,5,0,0,Q(促音単発)
じわっ,「じわ」とする動作や現象が瞬間的・急激に行われる音や様子。,擬音語・擬態語,スピード・テンポ,中立,清音・濁音,暗い・重い・大,促音,dʑiwaʔ,dʑiwaʔ,0,5,6,6,7,6,4,388.5,3.44,7,8005.3,7.44,8,mh,5,#000000,0.0,0.0,0.0,濁音による質量感・促音による時間的突発性(Decay high)を反映し、Weight 5・Time 6・Flow 7のベクトル配置。,,2,5,0,0,Q(促音単発)
じわーっ,「じわー」とする動作や現象が瞬間的・急激に行われる音や様子。,擬音語・擬態語,スピード・テンポ,中立,清音・濁音,暗い・重い・大,促音・長音,dʑiwaːʔ,dʑiwaːʔ,0,5,4,6,6,6,4,613.2,4.59,4,7269.2,7.28,7,mh,5,#800000,25.5,48.0,38.1,濁音による質量感・促音による時間的突発性(Decay high)を反映し、Weight 5・Time 4・Flow 6のベクトル配置。,,3,6,5,0,LONG(長音ー)
じん,「じ」と響き渡る音、または余韻や弾力を伴う状態。,擬音語・擬態語,テクスチャー,中立,濁音,暗い・重い・大,撥音,dʑiŋ,dʑiŋ,0,5,6,7,7,4,5,474.0,3.94,6,5000.8,6.65,7,0,4,#FF0000,53.2,80.1,67.2,濁音による質量感・鼻音の共鳴と持続性を反映し、Weight 5・Time 6・Flow 7のベクトル配置。,,3,6,5,0,N(撥音単発)
じんわり,「じんわ」と一度だけ鮮やかに、あるいは滑らかに行われる動作・状態。,擬態語,テクスチャー・色・光,快,清音・濁音,暗い・重い・大,撥音・「り」変化,dʑiŋwaɾi,dʑiŋwaɾi,0,4,4,5,4,7,5,260.2,2.42,4,3345.7,5.96,6,mh,5,#FFFACD,97.6,-5.4,22.2,濁音による質量感・鼻音の共鳴と持続性を反映し、Weight 4・Time 4・Flow 4のベクトル配置。,,5,5,5,8,COMPOUND(複合・異種)
じー,音が長く尾を引いて持続する音や状態。,擬音語・擬態語,スピード・テンポ,中立,濁音,暗い・重い・大,長音,dʑiː,dʑiː,0,4,2,5,6,6,4,943.7,5.68,1,6640.1,7.13,6,0,4,#FFFF00,97.1,-21.6,94.5,濁音による質量感・長音による持続傾向を反映し、Weight 4・Time 2・Flow 6のベクトル配置。,,2,7,5,0,LONG(長音ー)
じーっ,「じー」とする動作や現象が瞬間的・急激に行われる音や様子。,擬音語・擬態語,スピード・テンポ,中立,濁音,暗い・重い・大,促音・長音,dʑiːʔ,dʑiːʔ,0,4,4,6,7,6,4,818.8,5.32,4,7714.3,7.38,7,0,4,#F0FFFF,98.9,-4.9,-1.7,濁音による質量感・促音による時間的突発性(Decay high)を反映し、Weight 4・Time 4・Flow 7のベクトル配置。,,2,6,5,0,LONG(長音ー)
じーん,「じー」と響き渡る音、または余韻や弾力を伴う状態。,擬音語・擬態語,テクスチャー,中立,濁音,暗い・重い・大,撥音・長音,dʑiːŋ,dʑiːŋ,0,5,3,7,6,5,5,814.0,5.31,2,6850.4,7.18,6,0,4,#556B2F,42.2,-18.8,30.6,濁音による質量感・鼻音の共鳴と持続性を反映し、Weight 5・Time 3・Flow 6のベクトル配置。,,3,7,5,0,LONG(長音ー)
すい,「すい」という感覚・音・状態を表す表現。,擬音語・擬態語,その他,中立,清音,明るい・軽い・小,単発・その他,sui,sui,0,3,5,5,4,7,4,495.1,4.05,5,4209.5,6.35,5,mh,5,#E0FFFF,97.9,-9.9,-3.4,摩擦音による流体・気体性を反映し、Weight 3・Time 5・Flow 4のベクトル配置。,,5,5,0,8,COMPOUND(複合・異種)
すいずい,「すいずい」という感覚・音・状態を表す表現。,擬音語・擬態語,その他,中立,清音・濁音,暗い・重い・大,単発・その他,suizui,suizui,0,4,5,5,5,6,4,425.4,3.67,5,4426.5,6.44,6,mh,5,#E0FFFF,97.9,-9.9,-3.4,濁音による質量感・摩擦音による流体・気体性を反映し、Weight 4・Time 5・Flow 5のベクトル配置。,,5,5,0,8,COMPOUND(複合・異種)
すいーっ,「すいー」とする動作や現象が瞬間的・急激に行われる音や様子。,擬音語・擬態語,スピード・テンポ,中立,清音,明るい・軽い・小,促音・長音,suiːʔ,suiːʔ,0,3,5,6,5,7,3,953.0,5.71,5,7661.2,7.37,5,mh,5,#F0FFFF,98.9,-4.9,-1.7,摩擦音による流体・気体性・促音による時間的突発性(Decay high)を反映し、Weight 3・Time 5・Flow 5のベクトル配置。,,2,6,5,0,LONG(長音ー)
すがすが,「すが」という音や状態が繰り返し連続して生じるさま。,擬音語・擬態語,スピード・テンポ,中立,清音・濁音,暗い・重い・大,畳語,suɡasuɡa,suɡasuɡa,0,4,5,5,4,6,3,443.5,3.77,5,4448.0,6.45,5,0,4,#B22222,39.1,55.9,37.6,濁音による質量感・摩擦音による流体・気体性を反映し、Weight 4・Time 5・Flow 4のベクトル配置。,,4,5,5,1,REDUP(畳語・同一)
すきっ,「すき」とする動作や現象が瞬間的・急激に行われる音や様子。,擬音語・擬態語,スピード・テンポ,中立,清音,明るい・軽い・小,促音,sukiʔ,sukiʔ,0,3,8,7,6,6,2,860.7,5.45,8,9256.0,7.69,6,mh,5,#000000,0.0,0.0,0.0,無声破裂音の領域性・摩擦音による流体・気体性を反映し、Weight 3・Time 8・Flow 6のベクトル配置。,,2,5,0,0,Q(促音単発)
すけすけ,「すけ」という音や状態が繰り返し連続して生じるさま。,擬音語・擬態語,スピード・テンポ,中立,清音,明るい・軽い・小,畳語,sukesuke,sukesuke,0,2,5,5,3,7,3,712.8,4.97,4,5639.0,6.85,4,mh,5,#FF4500,57.6,67.8,69.0,無声破裂音の領域性・摩擦音による流体・気体性を反映し、Weight 2・Time 5・Flow 3のベクトル配置。,,4,5,5,1,REDUP(畳語・同一)
すこん,「すこ」と響き渡る音、または余韻や弾力を伴う状態。,擬音語・擬態語,テクスチャー,中立,清音,明るい・軽い・小,撥音,sukoŋ,sukoŋ,0,3,7,7,5,5,4,545.8,4.30,6,5023.5,6.65,6,0,4,#808080,53.6,-0.0,0.0,無声破裂音の領域性・摩擦音による流体・気体性を反映し、Weight 3・Time 7・Flow 5のベクトル配置。,,3,6,5,0,N(撥音単発)
すこーん,「すこー」と響き渡る音、または余韻や弾力を伴う状態。,擬音語・擬態語,テクスチャー,中立,清音,明るい・軽い・小,撥音・長音,sukoːŋ,sukoːŋ,0,3,4,7,3,6,3,851.7,5.42,2,6136.5,6.99,5,0,4,#FF0000,53.2,80.1,67.2,無声破裂音の領域性・摩擦音による流体・気体性を反映し、Weight 3・Time 4・Flow 3のベクトル配置。,,3,7,5,0,LONG(長音ー)
すごすご,「すご」という音や状態が繰り返し連続して生じるさま。,擬音語・擬態語,スピード・テンポ,中立,清音・濁音,暗い・重い・大,畳語,suɡosuɡo,suɡosuɡo,0,4,5,4,4,6,4,371.5,3.32,4,4519.3,6.47,6,0,4,#8B4513,37.5,26.4,41.0,濁音による質量感・摩擦音による流体・気体性を反映し、Weight 4・Time 5・Flow 4のベクトル配置。,,4,5,5,1,REDUP(畳語・同一)
すっ,「す」とする動作や現象が瞬間的・急激に行われる音や様子。,擬音語・擬態語,スピード・テンポ,中立,清音,明るい・軽い・小,促音,suʔ,suʔ,0,4,8,7,6,6,3,601.0,4.54,8,8402.3,7.53,7,0,4,#000000,0.0,0.0,0.0,摩擦音による流体・気体性・促音による時間的突発性(Decay high)を反映し、Weight 4・Time 8・Flow 6のベクトル配置。,,2,5,0,0,Q(促音単発)
すっくら,「すっくら」という感覚・音・状態を表す表現。,擬音語・擬態語,その他,中立,清音,明るい・軽い・小,促音,sukkuɾa,sukkuɾa,0,3,5,5,3,8,3,436.9,3.73,6,3596.5,6.09,5,mh,5,#FFFFFF,100.0,-0.0,0.0,無声破裂音の領域性・摩擦音による流体・気体性を反映し、Weight 3・Time 5・Flow 3のベクトル配置。,,5,5,0,8,COMPOUND(複合・異種)
すっしり,「すっし」と一度だけ鮮やかに、あるいは滑らかに行われる動作・状態。,擬態語,テクスチャー・色・光,快,清音,明るい・軽い・小,促音・「り」変化,suɕɕiɾi,suɕɕiɾi,0,4,5,6,4,7,4,580.8,4.45,6,3846.8,6.20,6,mh,5,#2F4F4F,31.3,-11.7,-3.7,摩擦音による流体・気体性・弾き音/ɾ/による運動変化を反映し、Weight 4・Time 5・Flow 4のベクトル配置。,,5,5,5,8,COMPOUND(複合・異種)
すっすっ,「すっす」とする動作や現象が瞬間的・急激に行われる音や様子。,擬音語・擬態語,スピード・テンポ,中立,清音,明るい・軽い・小,畳語・促音,sussuʔ,sussuʔ,0,3,6,5,5,7,3,568.2,4.40,6,6127.0,6.99,6,0,4,#000000,0.0,0.0,0.0,摩擦音による流体・気体性・促音による時間的突発性(Decay high)を反映し、Weight 3・Time 6・Flow 5のベクトル配置。,,4,5,5,1,REDUP(畳語・同一)
すってん,「すって」と響き渡る音、または余韻や弾力を伴う状態。,擬音語・擬態語,テクスチャー,中立,清音,明るい・軽い・小,促音・撥音,sutteŋ,sutteŋ,0,4,7,7,5,6,4,501.5,4.08,6,3709.3,6.14,6,mc,3,#808080,53.6,-0.0,0.0,無声破裂音の領域性・摩擦音による流体・気体性を反映し、Weight 4・Time 7・Flow 5のベクトル配置。,,3,6,5,0,N(撥音単発)
すってんころりん,「すってんころり」と響き渡る音、または余韻や弾力を伴う状態。,擬音語・擬態語,テクスチャー,中立,清音,明るい・軽い・小,促音・撥音,sutteŋkoɾoɾiŋ,sutteŋkoɾoɾiŋ,0,3,6,6,4,7,4,551.0,4.32,6,2411.7,5.41,6,mc,3,#FFFFFF,100.0,-0.0,0.0,無声破裂音の領域性・摩擦音による流体・気体性を反映し、Weight 3・Time 6・Flow 4のベクトル配置。,,5,5,5,8,COMPOUND(複合・異種)
すってんど,「すってんど」という感覚・音・状態を表す表現。,擬音語・擬態語,その他,中立,清音・濁音,暗い・重い・大,促音・撥音,suttendo,suttendo,0,4,5,5,4,7,4,292.0,2.71,6,4186.9,6.34,6,0,4,#FFFFFF,100.0,-0.0,0.0,濁音による質量感・無声破裂音の領域性を反映し、Weight 4・Time 5・Flow 4のベクトル配置。,,5,5,5,8,COMPOUND(複合・異種)
すっぱすっぱ,「すっぱ」という音や状態が繰り返し連続して生じるさま。,擬音語・擬態語,スピード・テンポ,中立,清音・半濁音,明るい・軽い・小,畳語・促音,suppasuppa,suppasuppa,0,3,6,5,3,8,3,718.4,4.99,5,7029.1,7.22,5,0,4,#FFFFFF,100.0,-0.0,0.0,無声破裂音の領域性・摩擦音による流体・気体性を反映し、Weight 3・Time 6・Flow 3のベクトル配置。,,4,5,5,1,REDUP(畳語・同一)
すっぺらぽー,音が長く尾を引いて持続する音や状態。,擬音語・擬態語,スピード・テンポ,中立,清音・半濁音,明るい・軽い・小,促音・長音,suppeɾapoː,suppeɾapoː,0,2,3,5,2,9,4,877.0,5.50,2,6433.8,7.07,5,mh,5,#FFD700,86.9,-1.9,87.1,無声破裂音の領域性・摩擦音による流体・気体性を反映し、Weight 2・Time 3・Flow 2のベクトル配置。,,2,7,5,0,LONG(長音ー)
すっぽり,「すっぽ」と一度だけ鮮やかに、あるいは滑らかに行われる動作・状態。,擬態語,テクスチャー・色・光,快,清音・半濁音,明るい・軽い・小,促音・「り」変化,suppoɾi,suppoɾi,0,3,5,5,3,8,5,388.9,3.44,5,2675.7,5.58,6,mh,5,#FFFFFF,100.0,-0.0,0.0,無声破裂音の領域性・摩擦音による流体・気体性を反映し、Weight 3・Time 5・Flow 3のベクトル配置。,,5,5,5,8,COMPOUND(複合・異種)
すつく,「すつく」という感覚・音・状態を表す表現。,擬音語・擬態語,その他,中立,清音,明るい・軽い・小,単発・その他,sutsuku,sutsuku,0,3,5,5,5,7,5,402.3,3.52,5,2316.6,5.34,6,mh,5,#4B0082,20.5,51.7,-53.3,無声破裂音の領域性・摩擦音による流体・気体性を反映し、Weight 3・Time 5・Flow 5のベクトル配置。,,5,5,0,8,COMPOUND(複合・異種)
すば,「すば」という感覚・音・状態を表す表現。,擬音語・擬態語,その他,中立,清音・濁音,暗い・重い・大,単発・その他,suba,suba,0,4,5,5,3,7,5,351.6,3.18,5,4817.6,6.58,6,mh,5,#FFFFFF,100.0,-0.0,0.0,濁音による質量感・摩擦音による流体・気体性を反映し、Weight 4・Time 5・Flow 3のベクトル配置。,,5,5,0,8,COMPOUND(複合・異種)
すぱすば,「すぱすば」という感覚・音・状態を表す表現。,擬音語・擬態語,その他,中立,清音・濁音・半濁音,暗い・重い・大,単発・その他,supasuba,supasuba,0,3,6,5,3,7,4,585.7,4.47,6,6395.0,7.06,5,mh,5,#FFFFFF,100.0,-0.0,0.0,濁音による質量感・無声破裂音の領域性を反映し、Weight 3・Time 6・Flow 3のベクトル配置。,,5,5,0,8,COMPOUND(複合・異種)
すぱっ,「すぱ」とする動作や現象が瞬間的・急激に行われる音や様子。,擬音語・擬態語,スピード・テンポ,中立,清音・半濁音,明るい・軽い・小,促音,supaʔ,supaʔ,0,3,8,7,6,6,3,749.2,5.10,8,9404.7,7.72,7,mh,5,#FFFFFF,100.0,-0.0,0.0,無声破裂音の領域性・摩擦音による流体・気体性を反映し、Weight 3・Time 8・Flow 6のベクトル配置。,,2,5,0,0,Q(促音単発)
すぽすば,「すぽすば」という感覚・音・状態を表す表現。,擬音語・擬態語,その他,中立,清音・濁音・半濁音,暗い・重い・大,単発・その他,suposuba,suposuba,0,3,5,5,3,8,5,367.1,3.29,5,5324.9,6.75,5,mh,5,#FFFFFF,100.0,-0.0,0.0,濁音による質量感・無声破裂音の領域性を反映し、Weight 3・Time 5・Flow 3のベクトル配置。,,5,5,0,8,COMPOUND(複合・異種)
すぽっすぽっ,「すぽっすぽ」とする動作や現象が瞬間的・急激に行われる音や様子。,擬音語・擬態語,スピード・テンポ,中立,清音・半濁音,明るい・軽い・小,畳語・促音,supossupoʔ,supossupoʔ,0,3,6,5,5,8,4,478.0,3.96,6,5610.9,6.84,6,0,4,#FFFFFF,100.0,-0.0,0.0,無声破裂音の領域性・摩擦音による流体・気体性を反映し、Weight 3・Time 6・Flow 5のベクトル配置。,,4,5,5,1,REDUP(畳語・同一)
すぽり,「すぽ」と一度だけ鮮やかに、あるいは滑らかに行われる動作・状態。,擬態語,テクスチャー・色・光,快,清音・半濁音,明るい・軽い・小,「り」変化,supoɾi,supoɾi,0,2,6,6,4,8,4,512.2,4.14,5,3993.3,6.26,5,mh,5,#FFFFFF,100.0,-0.0,0.0,無声破裂音の領域性・摩擦音による流体・気体性を反映し、Weight 2・Time 6・Flow 4のベクトル配置。,,4,6,0,0,RI(り単発)
すぽん,「すぽ」と響き渡る音、または余韻や弾力を伴う状態。,擬音語・擬態語,テクスチャー,中立,清音・半濁音,明るい・軽い・小,撥音,supoŋ,supoŋ,0,3,6,7,4,6,5,496.6,4.06,6,5041.1,6.66,6,0,4,#FFDAB9,89.4,8.1,21.0,無声破裂音の領域性・摩擦音による流体・気体性を反映し、Weight 3・Time 6・Flow 4のベクトル配置。,,3,6,5,0,N(撥音単発)
すらっ,「すら」とする動作や現象が瞬間的・急激に行われる音や様子。,擬音語・擬態語,スピード・テンポ,中立,清音,明るい・軽い・小,促音,suɾaʔ,suɾaʔ,0,3,7,6,4,7,3,586.6,4.48,7,7859.3,7.41,6,0,4,#000000,0.0,0.0,0.0,摩擦音による流体・気体性・弾き音/ɾ/による運動変化を反映し、Weight 3・Time 7・Flow 4のベクトル配置。,,2,5,0,0,Q(促音単発)
すらりすらり,「すらりすら」と一度だけ鮮やかに、あるいは滑らかに行われる動作・状態。,擬態語,テクスチャー・色・光,快,清音,明るい・軽い・小,畳語・「り」変化,suɾaɾisuɾaɾi,suɾaɾisuɾaɾi,0,2,5,4,2,9,3,583.5,4.47,4,3454.1,6.02,4,0,4,#F0FFFF,98.9,-4.9,-1.7,摩擦音による流体・気体性・弾き音/ɾ/による運動変化を反映し、Weight 2・Time 5・Flow 2のベクトル配置。,,4,5,5,1,REDUP(畳語・同一)
するするするっ,「するするする」とする動作や現象が瞬間的・急激に行われる音や様子。,擬音語・擬態語,スピード・テンポ,中立,清音,明るい・軽い・小,促音,suɾusuɾusuɾuʔ,suɾusuɾusuɾuʔ,0,3,6,5,4,7,4,548.9,4.31,6,5665.6,6.86,6,0,4,#FFFFFF,100.0,-0.0,0.0,摩擦音による流体・気体性・弾き音/ɾ/による運動変化を反映し、Weight 3・Time 6・Flow 4のベクトル配置。,,3,5,0,0,Q(促音単発)
するするっ,「するする」とする動作や現象が瞬間的・急激に行われる音や様子。,擬音語・擬態語,スピード・テンポ,中立,清音,明るい・軽い・小,促音,suɾusuɾuʔ,suɾusuɾuʔ,0,3,7,6,5,7,3,551.6,4.32,6,6296.2,7.04,6,0,4,#FFFFFF,100.0,-0.0,0.0,摩擦音による流体・気体性・弾き音/ɾ/による運動変化を反映し、Weight 3・Time 7・Flow 5のベクトル配置。,,3,5,0,0,Q(促音単発)
するっ,「する」とする動作や現象が瞬間的・急激に行われる音や様子。,擬音語・擬態語,スピード・テンポ,中立,清音,明るい・軽い・小,促音,suɾuʔ,suɾuʔ,0,3,7,6,6,7,3,561.6,4.37,7,7291.2,7.29,6,0,4,#FFFFFF,100.0,-0.0,0.0,摩擦音による流体・気体性・弾き音/ɾ/による運動変化を反映し、Weight 3・Time 7・Flow 6のベクトル配置。,,3,5,0,0,Q(促音単発)
するり,「する」と一度だけ鮮やかに、あるいは滑らかに行われる動作・状態。,擬態語,テクスチャー・色・光,快,清音,明るい・軽い・小,「り」変化,suɾuɾi,suɾuɾi,0,2,5,6,3,8,4,484.2,3.99,5,3200.7,5.89,5,mh,5,#FFFFFF,100.0,-0.0,0.0,摩擦音による流体・気体性・弾き音/ɾ/による運動変化を反映し、Weight 2・Time 5・Flow 3のベクトル配置。,,4,6,0,0,RI(り単発)
すんすん,「すんす」と響き渡る音、または余韻や弾力を伴う状態。,擬音語・擬態語,テクスチャー,中立,清音,明るい・軽い・小,畳語・撥音,suŋsuŋ,suŋsuŋ,0,4,6,6,4,6,4,467.4,3.90,4,6398.8,7.06,6,0,4,#2F4F4F,31.3,-11.7,-3.7,摩擦音による流体・気体性・鼻音の共鳴と持続性を反映し、Weight 4・Time 6・Flow 4のベクトル配置。,,4,5,5,1,REDUP(畳語・同一)
すトン,「すトン」という感覚・音・状態を表す表現。,擬音語・擬態語,その他,中立,清音,明るい・軽い・小,撥音,suトŋ,suトŋ,0,3,5,5,4,7,4,434.3,3.72,5,3726.6,6.15,6,mh,5,#FFFFFF,100.0,-0.0,0.0,摩擦音による流体・気体性・鼻音の共鳴と持続性を反映し、Weight 3・Time 5・Flow 4のベクトル配置。,,5,5,0,8,COMPOUND(複合・異種)
すトンすとん,「すトンすと」と響き渡る音、または余韻や弾力を伴う状態。,擬音語・擬態語,テクスチャー,中立,清音,明るい・軽い・小,撥音,suトŋsutoŋ,suトŋsutoŋ,0,3,5,6,4,6,5,323.4,2.97,5,2959.0,5.75,6,0,4,#696969,44.4,-0.0,0.0,無声破裂音の領域性・摩擦音による流体・気体性を反映し、Weight 3・Time 5・Flow 4のベクトル配置。,,5,5,5,8,COMPOUND(複合・異種)
すーすー,「すー」という音や状態が繰り返し連続して生じるさま。,擬音語・擬態語,スピード・テンポ,中立,清音,明るい・軽い・小,畳語・長音,suːsuː,suːsuː,0,3,3,4,3,7,4,711.7,4.97,2,4701.1,6.54,5,mh,5,#9F7C63,54.7,10.0,18.9,摩擦音による流体・気体性・長音による持続傾向を反映し、Weight 3・Time 3・Flow 3のベクトル配置。,,4,5,5,1,REDUP(畳語・同一)
すーっ,「すー」とする動作や現象が瞬間的・急激に行われる音や様子。,擬音語・擬態語,スピード・テンポ,中立,清音,明るい・軽い・小,促音・長音,suːʔ,suːʔ,0,3,5,6,5,7,3,875.8,5.49,4,7404.1,7.31,6,mh,5,#F0FFFF,98.9,-4.9,-1.7,摩擦音による流体・気体性・促音による時間的突発性(Decay high)を反映し、Weight 3・Time 5・Flow 5のベクトル配置。,,2,6,5,0,LONG(長音ー)
すーはー,音が長く尾を引いて持続する音や状態。,擬音語・擬態語,スピード・テンポ,中立,清音,明るい・軽い・小,長音,suːhaː,suːhaː,0,3,3,5,3,8,4,1050.8,5.95,1,6518.7,7.10,5,mh,5,#FFD700,86.9,-1.9,87.1,摩擦音による流体・気体性・長音による持続傾向を反映し、Weight 3・Time 3・Flow 3のベクトル配置。,,2,7,5,0,LONG(長音ー)
ずきっ,「ずき」とする動作や現象が瞬間的・急激に行われる音や様子。,擬音語・擬態語,スピード・テンポ,中立,清音・濁音,暗い・重い・大,促音,zukiʔ,zukiʔ,0,5,8,7,7,5,3,704.9,4.94,8,8999.0,7.64,8,mh,5,#FF0000,53.2,80.1,67.2,濁音による質量感・無声破裂音の領域性を反映し、Weight 5・Time 8・Flow 7のベクトル配置。,,2,5,0,0,Q(促音単発)
ずきん,「ずき」と響き渡る音、または余韻や弾力を伴う状態。,擬音語・擬態語,テクスチャー,中立,清音・濁音,暗い・重い・大,撥音,zukiŋ,zukiŋ,0,5,6,8,6,4,4,670.6,4.82,6,6371.8,7.06,7,0,4,#FF0000,53.2,80.1,67.2,濁音による質量感・無声破裂音の領域性を反映し、Weight 5・Time 6・Flow 6のベクトル配置。,,3,6,5,0,N(撥音単発)
ずきんずきん,「ずきんずき」と響き渡る音、または余韻や弾力を伴う状態。,擬音語・擬態語,テクスチャー,中立,清音・濁音,暗い・重い・大,畳語・撥音,zukiŋzukiŋ,zukiŋzukiŋ,0,5,6,7,5,4,4,657.0,4.77,4,6824.8,7.17,7,mh,5,#FF0000,53.2,80.1,67.2,濁音による質量感・無声破裂音の領域性を反映し、Weight 5・Time 6・Flow 5のベクトル配置。,,4,5,5,1,REDUP(畳語・同一)
ずしずし,「ずし」という音や状態が繰り返し連続して生じるさま。,擬音語・擬態語,スピード・テンポ,中立,清音・濁音,暗い・重い・大,畳語,zuɕizuɕi,zuɕizuɕi,0,5,5,5,6,5,5,515.0,4.15,4,5454.6,6.79,7,0,4,#000000,0.0,0.0,0.0,濁音による質量感・摩擦音による流体・気体性を反映し、Weight 5・Time 5・Flow 6のベクトル配置。,,4,5,5,1,REDUP(畳語・同一)
ずしり,「ずし」と一度だけ鮮やかに、あるいは滑らかに行われる動作・状態。,擬態語,テクスチャー・色・光,快,清音・濁音,暗い・重い・大,「り」変化,zuɕiɾi,zuɕiɾi,0,4,6,6,5,6,4,546.4,4.30,5,4623.5,6.51,6,mh,5,#FFFFFF,100.0,-0.0,0.0,濁音による質量感・摩擦音による流体・気体性を反映し、Weight 4・Time 6・Flow 5のベクトル配置。,,4,6,0,0,RI(り単発)
ずしん,「ずし」と響き渡る音、または余韻や弾力を伴う状態。,擬音語・擬態語,テクスチャー,中立,清音・濁音,暗い・重い・大,撥音,zuɕiŋ,zuɕiŋ,0,5,6,7,6,4,5,545.6,4.30,6,5385.2,6.77,7,mc,3,#808080,53.6,-0.0,0.0,濁音による質量感・摩擦音による流体・気体性を反映し、Weight 5・Time 6・Flow 6のベクトル配置。,,3,6,5,0,N(撥音単発)
ずしんずしん,「ずしんずし」と響き渡る音、または余韻や弾力を伴う状態。,擬音語・擬態語,テクスチャー・静寂表現,中立,清音・濁音,暗い・重い・大,畳語・撥音,zuɕiŋzuɕiŋ,zuɕiŋzuɕiŋ,0,5,5,6,6,4,5,478.9,3.96,4,5454.7,6.79,7,mc,3,#000000,0.0,0.0,0.0,濁音による質量感・摩擦音による流体・気体性を反映し、Weight 5・Time 5・Flow 6のベクトル配置。,,4,5,5,1,REDUP(畳語・同一)
ずずーん,「ずずー」と響き渡る音、または余韻や弾力を伴う状態。,擬音語・擬態語,テクスチャー,中立,濁音,暗い・重い・大,撥音・長音,zuzuːŋ,zuzuːŋ,0,5,3,6,5,5,5,623.9,4.63,2,5908.3,6.93,7,0,4,#000000,0.0,0.0,0.0,濁音による質量感・鼻音の共鳴と持続性を反映し、Weight 5・Time 3・Flow 5のベクトル配置。,,3,7,5,0,LONG(長音ー)
ずだずだ,「ずだ」という音や状態が繰り返し連続して生じるさま。,擬音語・擬態語,スピード・テンポ,中立,濁音,暗い・重い・大,畳語,zudazuda,zudazuda,0,6,4,4,5,6,6,226.1,2.07,3,4035.8,6.28,7,0,4,#808080,53.6,-0.0,0.0,濁音による質量感を反映し、Weight 6・Time 4・Flow 5のベクトル配置。,,4,5,5,1,REDUP(畳語・同一)
ずっぷり,「ずっぷ」と一度だけ鮮やかに、あるいは滑らかに行われる動作・状態。,擬態語,テクスチャー・色・光,快,清音・濁音・半濁音,暗い・重い・大,促音・「り」変化,zuppuɾi,zuppuɾi,0,5,4,5,5,7,6,256.8,2.39,5,2398.3,5.40,7,mh,5,#4B3621,24.5,6.4,16.8,濁音による質量感・無声破裂音の領域性を反映し、Weight 5・Time 4・Flow 5のベクトル配置。,,5,5,5,8,COMPOUND(複合・異種)
ずでん,「ずで」と響き渡る音、または余韻や弾力を伴う状態。,擬音語・擬態語,テクスチャー,中立,濁音,暗い・重い・大,撥音,zudeŋ,zudeŋ,0,6,6,7,6,4,5,350.9,3.18,6,4301.9,6.39,7,mc,3,#000000,0.0,0.0,0.0,濁音による質量感・鼻音の共鳴と持続性を反映し、Weight 6・Time 6・Flow 6のベクトル配置。,,3,6,5,0,N(撥音単発)
ずでんど,「ずでんど」という感覚・音・状態を表す表現。,擬音語・擬態語,その他,中立,濁音,暗い・重い・大,撥音,zudendo,zudendo,0,7,4,5,6,5,6,100.0,0.00,5,4869.8,6.60,8,0,4,#BDB76B,73.4,-8.8,39.3,濁音による質量感・鼻音の共鳴と持続性を反映し、Weight 7・Time 4・Flow 6のベクトル配置。,,5,5,5,8,COMPOUND(複合・異種)
ずどん,「ずど」と響き渡る音、または余韻や弾力を伴う状態。,擬音語・擬態語,テクスチャー,中立,濁音,暗い・重い・大,撥音,zudoŋ,zudoŋ,0,6,6,7,6,4,5,286.5,2.66,6,6093.8,6.98,8,0,4,#808080,53.6,-0.0,0.0,濁音による質量感・鼻音の共鳴と持続性を反映し、Weight 6・Time 6・Flow 6のベクトル配置。,,3,6,5,0,N(撥音単発)
ずどーん,「ずどー」と響き渡る音、または余韻や弾力を伴う状態。,擬音語・擬態語,テクスチャー,中立,濁音,暗い・重い・大,撥音・長音,zudoːŋ,zudoːŋ,0,5,4,6,5,5,5,621.2,4.62,2,6980.4,7.21,6,0,4,#956D6A,49.9,15.5,7.9,濁音による質量感・鼻音の共鳴と持続性を反映し、Weight 5・Time 4・Flow 5のベクトル配置。,,3,7,5,0,LONG(長音ー)
ずばっ,「ずば」とする動作や現象が瞬間的・急激に行われる音や様子。,擬音語・擬態語,スピード・テンポ,中立,濁音,暗い・重い・大,促音,zubaʔ,zubaʔ,0,6,8,7,6,5,4,440.7,3.75,8,9302.8,7.70,8,mh,5,#FF0000,53.2,80.1,67.2,濁音による質量感・促音による時間的突発性(Decay high)を反映し、Weight 6・Time 8・Flow 6のベクトル配置。,,2,5,0,0,Q(促音単発)
ずばり,「ずば」と一度だけ鮮やかに、あるいは滑らかに行われる動作・状態。,擬態語,テクスチャー・色・光,快,清音・濁音,暗い・重い・大,「り」変化,zubaɾi,zubaɾi,0,4,6,6,4,7,5,394.1,3.47,6,5106.4,6.68,7,mh,5,#FFFFFF,100.0,-0.0,0.0,濁音による質量感・弾き音/ɾ/による運動変化を反映し、Weight 4・Time 6・Flow 4のベクトル配置。,,4,6,0,0,RI(り単発)
ずぶずぶ,「ずぶ」という音や状態が繰り返し連続して生じるさま。,擬音語・擬態語,スピード・テンポ,中立,濁音,暗い・重い・大,畳語,zubuzubu,zubuzubu,0,6,4,4,5,6,7,149.4,1.02,4,5371.8,6.77,8,mc,3,#FF0000,53.2,80.1,67.2,濁音による質量感を反映し、Weight 6・Time 4・Flow 5のベクトル配置。,,4,5,5,1,REDUP(畳語・同一)
ずぶり,「ずぶ」と一度だけ鮮やかに、あるいは滑らかに行われる動作・状態。,擬態語,テクスチャー・色・光,快,清音・濁音,暗い・重い・大,「り」変化,zubuɾi,zubuɾi,0,4,6,6,5,7,5,307.4,2.84,5,4487.5,6.46,7,0,4,#FFFFFF,100.0,-0.0,0.0,濁音による質量感・弾き音/ɾ/による運動変化を反映し、Weight 4・Time 6・Flow 5のベクトル配置。,,4,6,0,0,RI(り単発)
ずぼずぼ,「ずぼ」という音や状態が繰り返し連続して生じるさま。,擬音語・擬態語,スピード・テンポ,中立,濁音,暗い・重い・大,畳語,zubozubo,zubozubo,0,6,4,4,5,5,6,142.9,0.90,4,4159.7,6.33,7,mc,3,#FF0000,53.2,80.1,67.2,濁音による質量感を反映し、Weight 6・Time 4・Flow 5のベクトル配置。,,4,5,5,1,REDUP(畳語・同一)
ずぼっ,「ずぼ」とする動作や現象が瞬間的・急激に行われる音や様子。,擬音語・擬態語,スピード・テンポ,中立,濁音,暗い・重い・大,促音,zuboʔ,zuboʔ,0,5,7,7,7,5,4,395.8,3.48,7,7901.3,7.42,8,0,4,#000000,0.0,0.0,0.0,濁音による質量感・促音による時間的突発性(Decay high)を反映し、Weight 5・Time 7・Flow 7のベクトル配置。,,2,5,0,0,Q(促音単発)
ずぼり,「ずぼ」と一度だけ鮮やかに、あるいは滑らかに行われる動作・状態。,擬態語,テクスチャー・色・光,快,清音・濁音,暗い・重い・大,「り」変化,zuboɾi,zuboɾi,0,4,5,6,5,7,4,353.0,3.19,5,4242.6,6.37,6,mh,5,#FFFFFF,100.0,-0.0,0.0,濁音による質量感・弾き音/ɾ/による運動変化を反映し、Weight 4・Time 5・Flow 5のベクトル配置。,,4,6,0,0,RI(り単発)
ずぼん,「ずぼ」と響き渡る音、または余韻や弾力を伴う状態。,擬音語・擬態語,テクスチャー,中立,濁音,暗い・重い・大,撥音,zuboŋ,zuboŋ,0,6,6,7,6,5,5,302.8,2.80,6,5583.6,6.83,7,mc,3,#808080,53.6,-0.0,0.0,濁音による質量感・鼻音の共鳴と持続性を反映し、Weight 6・Time 6・Flow 6のベクトル配置。,,3,6,5,0,N(撥音単発)
ずらずら,「ずら」という音や状態が繰り返し連続して生じるさま。,擬音語・擬態語,スピード・テンポ,中立,清音・濁音,暗い・重い・大,畳語,zuɾazuɾa,zuɾazuɾa,0,5,4,3,3,7,4,282.1,2.63,3,4159.4,6.33,5,0,4,#556B2F,42.2,-18.8,30.6,濁音による質量感・弾き音/ɾ/による運動変化を反映し、Weight 5・Time 4・Flow 3のベクトル配置。,,4,5,5,1,REDUP(畳語・同一)
ずらり,「ずら」と一度だけ鮮やかに、あるいは滑らかに行われる動作・状態。,擬態語,テクスチャー・色・光,快,清音・濁音,暗い・重い・大,「り」変化,zuɾaɾi,zuɾaɾi,0,3,5,5,4,8,4,398.6,3.50,5,3395.5,5.99,5,mh,5,#FFFFFF,100.0,-0.0,0.0,濁音による質量感・弾き音/ɾ/による運動変化を反映し、Weight 3・Time 5・Flow 4のベクトル配置。,,4,6,0,0,RI(り単発)
ずるずるべったり,「ずるずるべった」と一度だけ鮮やかに、あるいは滑らかに行われる動作・状態。,擬態語,テクスチャー・色・光,快,清音・濁音,暗い・重い・大,促音・「り」変化,zuɾuzuɾubettaɾi,zuɾuzuɾubettaɾi,0,5,4,4,5,6,6,177.4,1.45,5,2276.4,5.31,7,0,4,#556B2F,42.2,-18.8,30.6,濁音による質量感・無声破裂音の領域性を反映し、Weight 5・Time 4・Flow 5のベクトル配置。,,5,5,5,8,COMPOUND(複合・異種)
ずるっ,「ずる」とする動作や現象が瞬間的・急激に行われる音や様子。,擬音語・擬態語,スピード・テンポ,中立,清音・濁音,暗い・重い・大,促音,zuɾuʔ,zuɾuʔ,0,5,7,6,7,6,4,442.6,3.77,7,7180.6,7.26,8,0,4,#556B2F,42.2,-18.8,30.6,濁音による質量感・弾き音/ɾ/による運動変化を反映し、Weight 5・Time 7・Flow 7のベクトル配置。,,3,5,0,0,Q(促音単発)
ずるり,「ずる」と一度だけ鮮やかに、あるいは滑らかに行われる動作・状態。,擬態語,テクスチャー・色・光,快,清音・濁音,暗い・重い・大,「り」変化,zuɾuɾi,zuɾuɾi,0,4,5,5,5,7,5,378.5,3.37,5,3180.1,5.88,6,0,4,#556B2F,42.2,-18.8,30.6,濁音による質量感・弾き音/ɾ/による運動変化を反映し、Weight 4・Time 5・Flow 5のベクトル配置。,,4,6,0,0,RI(り単発)
ずるりずるり,「ずるりずる」と一度だけ鮮やかに、あるいは滑らかに行われる動作・状態。,擬態語,テクスチャー・色・光,快,清音・濁音,暗い・重い・大,畳語・「り」変化,zuɾuɾizuɾuɾi,zuɾuɾizuɾuɾi,0,4,4,5,5,7,5,381.4,3.39,4,3202.0,5.89,6,0,4,#556B2F,42.2,-18.8,30.6,濁音による質量感・弾き音/ɾ/による運動変化を反映し、Weight 4・Time 4・Flow 5のベクトル配置。,,4,5,5,1,REDUP(畳語・同一)
ずん,「ず」と響き渡る音、または余韻や弾力を伴う状態。,擬音語・擬態語,テクスチャー,中立,濁音,暗い・重い・大,撥音,zuŋ,zuŋ,0,5,6,7,6,4,5,377.9,3.37,6,5015.2,6.65,7,0,4,#000000,0.0,0.0,0.0,濁音による質量感・鼻音の共鳴と持続性を反映し、Weight 5・Time 6・Flow 6のベクトル配置。,,3,6,5,0,N(撥音単発)
ずんぐりむっくり,「ずんぐりむっく」と一度だけ鮮やかに、あるいは滑らかに行われる動作・状態。,擬態語,テクスチャー・色・光,快,清音・濁音,暗い・重い・大,促音・撥音・「り」変化,zuŋɡuɾimukkuɾi,zuŋɡuɾimukkuɾi,0,5,5,6,5,6,5,196.6,1.71,6,1908.6,5.01,7,mh,5,#4B3621,24.5,6.4,16.8,濁音による質量感・無声破裂音の領域性を反映し、Weight 5・Time 5・Flow 5のベクトル配置。,,5,5,5,8,COMPOUND(複合・異種)
ずーずー,「ずー」という音や状態が繰り返し連続して生じるさま。,擬音語・擬態語,スピード・テンポ,中立,濁音,暗い・重い・大,畳語・長音,zuːzuː,zuːzuː,0,5,3,5,4,6,5,503.1,4.09,1,4624.8,6.51,6,0,4,#8B0000,28.1,51.0,41.3,濁音による質量感・長音による持続傾向を反映し、Weight 5・Time 3・Flow 4のベクトル配置。,,4,5,5,1,REDUP(畳語・同一)
ずーっ,「ずー」とする動作や現象が瞬間的・急激に行われる音や様子。,擬音語・擬態語,スピード・テンポ,中立,濁音,暗い・重い・大,促音・長音,zuːʔ,zuːʔ,0,5,4,6,6,6,4,780.2,5.20,4,7397.3,7.31,7,0,4,#F0FFFF,98.9,-4.9,-1.7,濁音による質量感・促音による時間的突発性(Decay high)を反映し、Weight 5・Time 4・Flow 6のベクトル配置。,,2,7,5,0,LONG(長音ー)
せっせ,「せっせ」という感覚・音・状態を表す表現。,擬音語・擬態語,その他,中立,清音,明るい・軽い・小,促音,sesse,sesse,0,4,6,6,6,6,4,600.5,4.54,6,5496.3,6.81,6,0,4,#DAA520,70.8,8.5,68.8,摩擦音による流体・気体性・促音による時間的突発性(Decay high)を反映し、Weight 4・Time 6・Flow 6のベクトル配置。,,5,5,0,8,COMPOUND(複合・異種)
せーせー,「せー」という音や状態が繰り返し連続して生じるさま。,擬音語・擬態語,スピード・テンポ,中立,清音,明るい・軽い・小,畳語・長音,seːseː,seːseː,0,4,4,4,5,7,4,713.6,4.97,2,4803.8,6.58,5,0,4,#FF8C00,69.5,36.8,75.5,摩擦音による流体・気体性・長音による持続傾向を反映し、Weight 4・Time 4・Flow 5のベクトル配置。,,4,5,5,1,REDUP(畳語・同一)
ぜーぜー,「ぜー」という音や状態が繰り返し連続して生じるさま。,擬音語・擬態語,スピード・テンポ,中立,濁音,暗い・重い・大,畳語・長音,zeːzeː,zeːzeː,0,5,3,4,4,6,5,485.6,4.00,2,5083.5,6.67,6,0,4,#97744C,51.4,8.5,27.3,濁音による質量感・長音による持続傾向を反映し、Weight 5・Time 3・Flow 4のベクトル配置。,,4,5,5,1,REDUP(畳語・同一)
そっ,「そ」とする動作や現象が瞬間的・急激に行われる音や様子。,擬音語・擬態語,スピード・テンポ,中立,清音,明るい・軽い・小,促音,soʔ,soʔ,0,4,8,7,7,6,3,649.3,4.74,8,7631.8,7.36,7,0,4,#000000,0.0,0.0,0.0,摩擦音による流体・気体性・促音による時間的突発性(Decay high)を反映し、Weight 4・Time 8・Flow 7のベクトル配置。,,2,5,0,0,Q(促音単発)
そよ,「そよ」という感覚・音・状態を表す表現。,擬音語・擬態語,その他,中立,清音,明るい・軽い・小,単発・その他,sojo,sojo,0,3,4,4,4,7,5,412.0,3.58,4,1884.9,4.99,5,0,4,#F0FFF0,98.6,-7.6,5.5,摩擦音による流体・気体性を反映し、Weight 3・Time 4・Flow 4のベクトル配置。,,5,5,0,8,COMPOUND(複合・異種)
そより,「そよ」と一度だけ鮮やかに、あるいは滑らかに行われる動作・状態。,擬態語,テクスチャー・色・光,快,清音,明るい・軽い・小,「り」変化,sojoɾi,sojoɾi,0,2,5,5,4,8,4,518.4,4.17,5,2883.9,5.71,5,mh,5,#FFFFFF,100.0,-0.0,0.0,摩擦音による流体・気体性・弾き音/ɾ/による運動変化を反映し、Weight 2・Time 5・Flow 4のベクトル配置。,,4,6,0,0,RI(り単発)
そよりそより,「そよりそよ」と一度だけ鮮やかに、あるいは滑らかに行われる動作・状態。,擬態語,テクスチャー・色・光,快,清音,明るい・軽い・小,畳語・「り」変化,sojoɾisojoɾi,sojoɾisojoɾi,0,2,4,4,4,8,4,612.6,4.59,4,2721.7,5.61,5,0,4,#F0FFF0,98.6,-7.6,5.5,摩擦音による流体・気体性・弾き音/ɾ/による運動変化を反映し、Weight 2・Time 4・Flow 4のベクトル配置。,,4,5,5,1,REDUP(畳語・同一)
そろっ,「そろ」とする動作や現象が瞬間的・急激に行われる音や様子。,擬音語・擬態語,スピード・テンポ,中立,清音,明るい・軽い・小,促音,soɾoʔ,soɾoʔ,0,4,7,6,6,7,3,577.6,4.44,7,6242.4,7.02,6,0,4,#000000,0.0,0.0,0.0,摩擦音による流体・気体性・弾き音/ɾ/による運動変化を反映し、Weight 4・Time 7・Flow 6のベクトル配置。,,2,5,0,0,Q(促音単発)
そろりそろり,「そろりそろ」と一度だけ鮮やかに、あるいは滑らかに行われる動作・状態。,擬態語,テクスチャー・色・光,快,清音,明るい・軽い・小,畳語・「り」変化,soɾoɾisoɾoɾi,soɾoɾisoɾoɾi,0,2,5,4,4,8,4,648.9,4.73,4,2448.2,5.43,5,0,4,#FFFFFF,100.0,-0.0,0.0,摩擦音による流体・気体性・弾き音/ɾ/による運動変化を反映し、Weight 2・Time 5・Flow 4のベクトル配置。,,4,5,5,1,REDUP(畳語・同一)
そろーり,「そろー」と一度だけ鮮やかに、あるいは滑らかに行われる動作・状態。,擬態語,テクスチャー・色・光,快,清音,明るい・軽い・小,「り」変化・長音,soɾoːɾi,soɾoːɾi,0,2,5,5,4,8,4,563.1,4.37,5,2687.2,5.59,5,mh,5,#FFFFFF,100.0,-0.0,0.0,摩擦音による流体・気体性・弾き音/ɾ/による運動変化を反映し、Weight 2・Time 5・Flow 4のベクトル配置。,,4,6,0,0,RI(り単発)
ぞくぞくっ,「ぞくぞく」とする動作や現象が瞬間的・急激に行われる音や様子。,擬音語・擬態語,スピード・テンポ,中立,清音・濁音,暗い・重い・大,促音,zokuzokuʔ,zokuzokuʔ,0,5,7,6,8,5,3,377.7,3.36,7,8363.2,7.52,7,mc,3,#000000,0.0,0.0,0.0,濁音による質量感・無声破裂音の領域性を反映し、Weight 5・Time 7・Flow 8のベクトル配置。,,3,5,0,0,Q(促音単発)
ぞくっ,「ぞく」とする動作や現象が瞬間的・急激に行われる音や様子。,擬音語・擬態語,スピード・テンポ,中立,清音・濁音,暗い・重い・大,促音,zokuʔ,zokuʔ,0,5,8,7,7,5,3,428.7,3.68,8,8554.2,7.56,7,0,4,#000000,0.0,0.0,0.0,濁音による質量感・無声破裂音の領域性を反映し、Weight 5・Time 8・Flow 7のベクトル配置。,,2,5,0,0,Q(促音単発)
ぞろり,「ぞろ」と一度だけ鮮やかに、あるいは滑らかに行われる動作・状態。,擬態語,テクスチャー・色・光,快,清音・濁音,暗い・重い・大,「り」変化,zoɾoɾi,zoɾoɾi,0,3,5,5,4,8,4,422.8,3.65,5,3817.5,6.19,6,0,4,#FFFFFF,100.0,-0.0,0.0,濁音による質量感・弾き音/ɾ/による運動変化を反映し、Weight 3・Time 5・Flow 4のベクトル配置。,,4,6,0,0,RI(り単発)
ぞわり,「ぞわ」と一度だけ鮮やかに、あるいは滑らかに行われる動作・状態。,擬態語,テクスチャー・色・光,快,清音・濁音,暗い・重い・大,「り」変化,zowaɾi,zowaɾi,0,3,6,5,4,7,4,393.8,3.47,5,5274.7,6.74,6,mh,5,#FFFFFF,100.0,-0.0,0.0,濁音による質量感・弾き音/ɾ/による運動変化を反映し、Weight 3・Time 6・Flow 4のベクトル配置。,,4,6,0,0,RI(り単発)
ぞーっ,「ぞー」とする動作や現象が瞬間的・急激に行われる音や様子。,擬音語・擬態語,スピード・テンポ,中立,濁音,暗い・重い・大,促音・長音,zoːʔ,zoːʔ,0,4,4,6,6,6,3,731.6,5.04,5,7759.9,7.39,6,0,4,#F0FFFF,98.9,-4.9,-1.7,濁音による質量感・促音による時間的突発性(Decay high)を反映し、Weight 4・Time 4・Flow 6のベクトル配置。,,2,6,5,0,LONG(長音ー)
たたっ,「たた」とする動作や現象が瞬間的・急激に行われる音や様子。,擬音語・擬態語,スピード・テンポ,中立,清音,明るい・軽い・小,促音,tataʔ,tataʔ,0,5,8,6,6,5,4,485.8,4.00,8,8357.3,7.52,7,0,4,#000000,0.0,0.0,0.0,無声破裂音の領域性・促音による時間的突発性(Decay high)を反映し、Weight 5・Time 8・Flow 6のベクトル配置。,,2,5,0,0,Q(促音単発)
たたーっ,「たたー」とする動作や現象が瞬間的・急激に行われる音や様子。,擬音語・擬態語,スピード・テンポ,中立,清音,明るい・軽い・小,促音・長音,tataːʔ,tataːʔ,0,4,5,6,6,6,4,781.7,5.21,5,7218.2,7.27,6,0,4,#FF0000,53.2,80.1,67.2,無声破裂音の領域性・促音による時間的突発性(Decay high)を反映し、Weight 4・Time 5・Flow 6のベクトル配置。,,2,6,5,0,LONG(長音ー)
たったっ,「たった」とする動作や現象が瞬間的・急激に行われる音や様子。,擬音語・擬態語,スピード・テンポ,中立,清音,明るい・軽い・小,畳語・促音,tattaʔ,tattaʔ,0,5,7,5,6,5,5,372.0,3.33,7,6579.9,7.11,7,0,4,#000000,0.0,0.0,0.0,無声破裂音の領域性・促音による時間的突発性(Decay high)を反映し、Weight 5・Time 7・Flow 6のベクトル配置。,,4,5,5,1,REDUP(畳語・同一)
たぷたぷ,「たぷ」という音や状態が繰り返し連続して生じるさま。,擬音語・擬態語,スピード・テンポ,中立,清音・半濁音,明るい・軽い・小,畳語,taputapu,taputapu,0,4,5,4,5,7,6,366.2,3.29,5,3449.1,6.01,6,0,4,#FFD700,86.9,-1.9,87.1,無声破裂音の領域性を反映し、Weight 4・Time 5・Flow 5のベクトル配置。,,4,5,5,1,REDUP(畳語・同一)
たぽたぽ,「たぽ」という音や状態が繰り返し連続して生じるさま。,擬音語・擬態語,スピード・テンポ,中立,清音・半濁音,明るい・軽い・小,畳語,tapotapo,tapotapo,0,4,5,4,4,7,6,391.4,3.45,5,2864.8,5.70,6,0,4,#4169E1,47.8,26.3,-65.3,無声破裂音の領域性を反映し、Weight 4・Time 5・Flow 4のベクトル配置。,,4,5,5,1,REDUP(畳語・同一)
たらっ,「たら」とする動作や現象が瞬間的・急激に行われる音や様子。,擬音語・擬態語,スピード・テンポ,中立,清音,明るい・軽い・小,促音,taɾaʔ,taɾaʔ,0,4,7,6,5,7,3,536.5,4.25,7,7543.8,7.34,7,0,4,#000000,0.0,0.0,0.0,無声破裂音の領域性・弾き音/ɾ/による運動変化を反映し、Weight 4・Time 7・Flow 5のベクトル配置。,,2,5,0,0,Q(促音単発)
たらり,「たら」と一度だけ鮮やかに、あるいは滑らかに行われる動作・状態。,擬態語,テクスチャー・色・光,快,清音,明るい・軽い・小,「り」変化,taɾaɾi,taɾaɾi,0,3,6,5,3,8,4,465.1,3.89,5,3201.2,5.89,5,mh,5,#FFFFFF,100.0,-0.0,0.0,無声破裂音の領域性・弾き音/ɾ/による運動変化を反映し、Weight 3・Time 6・Flow 3のベクトル配置。,,4,6,0,0,RI(り単発)
たらりたらり,「たらりたら」と一度だけ鮮やかに、あるいは滑らかに行われる動作・状態。,擬態語,テクスチャー・色・光,快,清音,明るい・軽い・小,畳語・「り」変化,taɾaɾitaɾaɾi,taɾaɾitaɾaɾi,0,3,5,4,3,8,4,483.5,3.99,5,3050.2,5.81,5,mh,5,#FFFFFF,100.0,-0.0,0.0,無声破裂音の領域性・弾き音/ɾ/による運動変化を反映し、Weight 3・Time 5・Flow 3のベクトル配置。,,4,5,5,1,REDUP(畳語・同一)
たらん,「たら」と響き渡る音、または余韻や弾力を伴う状態。,擬音語・擬態語,テクスチャー,中立,清音,明るい・軽い・小,撥音,taɾaŋ,taɾaŋ,0,4,6,6,4,6,5,441.4,3.76,6,4138.3,6.32,6,0,4,#4169E1,47.8,26.3,-65.3,無声破裂音の領域性・鼻音の共鳴と持続性を反映し、Weight 4・Time 6・Flow 4のベクトル配置。,,3,6,5,0,N(撥音単発)
たらーっ,「たらー」とする動作や現象が瞬間的・急激に行われる音や様子。,擬音語・擬態語,スピード・テンポ,中立,清音,明るい・軽い・小,促音・長音,taɾaːʔ,taɾaːʔ,0,4,5,5,5,7,4,784.4,5.21,5,6652.3,7.13,6,mh,5,#FF0000,53.2,80.1,67.2,無声破裂音の領域性・弾き音/ɾ/による運動変化を反映し、Weight 4・Time 5・Flow 5のベクトル配置。,,2,6,5,0,LONG(長音ー)
たをたを,「たを」という音や状態が繰り返し連続して生じるさま。,擬音語・擬態語,スピード・テンポ,中立,清音,明るい・軽い・小,畳語,taotao,taotao,0,4,5,3,4,6,6,391.3,3.45,4,2646.7,5.56,6,0,4,#BDB76B,73.4,-8.8,39.3,無声破裂音の領域性を反映し、Weight 4・Time 5・Flow 4のベクトル配置。,,4,5,5,1,REDUP(畳語・同一)
たんたん,「たんた」と響き渡る音、または余韻や弾力を伴う状態。,擬音語・擬態語,テクスチャー,中立,清音,明るい・軽い・小,畳語・撥音,tantaŋ,tantaŋ,0,5,6,5,4,5,6,373.7,3.34,5,4669.9,6.53,7,0,4,#FFFFFF,100.0,-0.0,0.0,無声破裂音の領域性・鼻音の共鳴と持続性を反映し、Weight 5・Time 6・Flow 4のベクトル配置。,,4,5,5,1,REDUP(畳語・同一)
たんぽぽ,「たんぽぽ」という感覚・音・状態を表す表現。,擬音語・擬態語,その他,中立,清音・半濁音,明るい・軽い・小,撥音,tampopo,tampopo,0,4,5,4,4,7,6,248.7,2.31,5,2663.9,5.58,6,mh,5,#FF0000,53.2,80.1,67.2,無声破裂音の領域性・鼻音の共鳴と持続性を反映し、Weight 4・Time 5・Flow 4のベクトル配置。,,5,5,5,8,COMPOUND(複合・異種)
たんまり,「たんま」と一度だけ鮮やかに、あるいは滑らかに行われる動作・状態。,擬態語,テクスチャー・色・光,快,清音,明るい・軽い・小,撥音・「り」変化,tammaɾi,tammaɾi,0,4,4,5,4,7,6,248.2,2.30,5,1893.8,5.00,6,mh,5,#FFFFFF,100.0,-0.0,0.0,無声破裂音の領域性・鼻音の共鳴と持続性を反映し、Weight 4・Time 4・Flow 4のベクトル配置。,,5,5,5,8,COMPOUND(複合・異種)
たーっ,「たー」とする動作や現象が瞬間的・急激に行われる音や様子。,擬音語・擬態語,スピード・テンポ,中立,清音,明るい・軽い・小,促音・長音,taːʔ,taːʔ,0,4,5,6,6,6,4,832.1,5.36,5,7242.9,7.27,6,mh,5,#FF0000,53.2,80.1,67.2,無声破裂音の領域性・促音による時間的突発性(Decay high)を反映し、Weight 4・Time 5・Flow 6のベクトル配置。,,2,7,5,0,LONG(長音ー)
たーっぷり,「たーっぷ」と一度だけ鮮やかに、あるいは滑らかに行われる動作・状態。,擬態語,テクスチャー・色・光,快,清音・半濁音,明るい・軽い・小,促音・「り」変化・長音,taːppuɾi,taːppuɾi,0,4,4,5,4,7,6,413.0,3.59,5,2617.5,5.55,7,mh,5,#4B3621,24.5,6.4,16.8,無声破裂音の領域性・弾き音/ɾ/による運動変化を反映し、Weight 4・Time 4・Flow 4のベクトル配置。,,5,5,5,8,COMPOUND(複合・異種)
だだだっ,「だだだ」とする動作や現象が瞬間的・急激に行われる音や様子。,擬音語・擬態語,スピード・テンポ,中立,濁音,暗い・重い・大,促音,dadadaʔ,dadadaʔ,0,6,7,6,6,6,5,407.9,3.56,6,7265.4,7.28,8,0,4,#556B2F,42.2,-18.8,30.6,濁音による質量感・促音による時間的突発性(Decay high)を反映し、Weight 6・Time 7・Flow 6のベクトル配置。,,3,5,0,0,Q(促音単発)
だだーっ,「だだー」とする動作や現象が瞬間的・急激に行われる音や様子。,擬音語・擬態語,スピード・テンポ,中立,濁音,暗い・重い・大,促音・長音,dadaːʔ,dadaːʔ,0,5,4,5,5,6,4,672.2,4.82,4,6950.8,7.20,7,mh,5,#A5663E,49.3,21.4,32.9,濁音による質量感・促音による時間的突発性(Decay high)を反映し、Weight 5・Time 4・Flow 5のベクトル配置。,,3,6,5,0,LONG(長音ー)
だった,「だった」という感覚・音・状態を表す表現。,擬音語・擬態語,その他,中立,清音・濁音,暗い・重い・大,促音,datta,datta,0,6,5,5,5,6,6,228.4,2.09,6,4358.9,6.41,7,mh,5,#000000,0.0,0.0,0.0,濁音による質量感・無声破裂音の領域性を反映し、Weight 6・Time 5・Flow 5のベクトル配置。,,5,5,0,8,COMPOUND(複合・異種)
だったっ,「だった」とする動作や現象が瞬間的・急激に行われる音や様子。,擬音語・擬態語,スピード・テンポ,中立,清音・濁音,暗い・重い・大,促音,dattaʔ,dattaʔ,0,6,8,7,7,5,4,421.3,3.64,8,8924.7,7.63,8,0,4,#000000,0.0,0.0,0.0,濁音による質量感・無声破裂音の領域性を反映し、Weight 6・Time 8・Flow 7のベクトル配置。,,2,5,0,0,Q(促音単発)
だぼだぼ,「だぼ」という音や状態が繰り返し連続して生じるさま。,擬音語・擬態語,スピード・テンポ,中立,濁音,暗い・重い・大,畳語,dabodabo,dabodabo,0,6,4,3,4,7,7,187.0,1.58,3,3549.6,6.06,7,0,4,#191970,15.9,31.7,-49.6,濁音による質量感を反映し、Weight 6・Time 4・Flow 4のベクトル配置。,,4,5,5,1,REDUP(畳語・同一)
だらっ,「だら」とする動作や現象が瞬間的・急激に行われる音や様子。,擬音語・擬態語,スピード・テンポ,中立,清音・濁音,暗い・重い・大,促音,daɾaʔ,daɾaʔ,0,5,7,6,5,7,4,489.2,4.02,7,7567.7,7.35,7,mh,5,#000000,0.0,0.0,0.0,濁音による質量感・弾き音/ɾ/による運動変化を反映し、Weight 5・Time 7・Flow 5のベクトル配置。,,3,5,0,0,Q(促音単発)
だらり,「だら」と一度だけ鮮やかに、あるいは滑らかに行われる動作・状態。,擬態語,テクスチャー・色・光,快,清音・濁音,暗い・重い・大,「り」変化,daɾaɾi,daɾaɾi,0,3,5,5,4,8,5,424.7,3.66,5,3333.5,5.96,6,mh,5,#FFFFFF,100.0,-0.0,0.0,濁音による質量感・弾き音/ɾ/による運動変化を反映し、Weight 3・Time 5・Flow 4のベクトル配置。,,4,6,0,0,RI(り単発)
だらん,「だら」と響き渡る音、または余韻や弾力を伴う状態。,擬音語・擬態語,テクスチャー,中立,清音・濁音,暗い・重い・大,撥音,daɾaŋ,daɾaŋ,0,5,6,6,4,6,5,388.8,3.44,5,4220.3,6.36,7,0,4,#556B2F,42.2,-18.8,30.6,濁音による質量感・鼻音の共鳴と持続性を反映し、Weight 5・Time 6・Flow 4のベクトル配置。,,3,6,5,0,N(撥音単発)
だらーん,「だらー」と響き渡る音、または余韻や弾力を伴う状態。,擬音語・擬態語,テクスチャー,中立,清音・濁音,暗い・重い・大,撥音・長音,daɾaːŋ,daɾaːŋ,0,5,3,6,3,6,5,730.5,5.03,2,5628.8,6.85,6,mh,5,#556B2F,42.2,-18.8,30.6,濁音による質量感・鼻音の共鳴と持続性を反映し、Weight 5・Time 3・Flow 3のベクトル配置。,,3,7,5,0,LONG(長音ー)
だーっ,「だー」とする動作や現象が瞬間的・急激に行われる音や様子。,擬音語・擬態語,スピード・テンポ,中立,濁音,暗い・重い・大,促音・長音,daːʔ,daːʔ,0,5,5,6,6,6,4,737.4,5.06,4,7270.6,7.28,7,mh,5,#FF0000,53.2,80.1,67.2,濁音による質量感・促音による時間的突発性(Decay high)を反映し、Weight 5・Time 5・Flow 6のベクトル配置。,,2,6,5,0,LONG(長音ー)
ちかちかっ,「ちかちか」とする動作や現象が瞬間的・急激に行われる音や様子。,擬音語・擬態語,スピード・テンポ,中立,清音,明るい・軽い・小,促音,tɕikatɕikaʔ,tɕikatɕikaʔ,0,4,8,7,7,4,2,1549.3,6.94,9,11597.1,8.07,7,0,4,#FFFF00,97.1,-21.6,94.5,無声破裂音の領域性・摩擦音による流体・気体性を反映し、Weight 4・Time 8・Flow 7のベクトル配置。,,3,5,0,0,Q(促音単発)
ちかっ,「ちか」とする動作や現象が瞬間的・急激に行われる音や様子。,擬音語・擬態語,スピード・テンポ,中立,清音,明るい・軽い・小,促音,tɕikaʔ,tɕikaʔ,0,4,8,7,7,5,2,1194.9,6.28,8,10519.3,7.91,7,0,4,#000000,0.0,0.0,0.0,無声破裂音の領域性・摩擦音による流体・気体性を反映し、Weight 4・Time 8・Flow 7のベクトル配置。,,2,5,0,0,Q(促音単発)
ちくたく,「ちくたく」という感覚・音・状態を表す表現。,擬音語・擬態語,その他,中立,清音,明るい・軽い・小,単発・その他,tɕikutaku,tɕikutaku,0,4,6,5,6,5,4,866.1,5.46,6,4100.1,6.31,6,0,4,#D3D3D3,84.6,-0.0,0.0,無声破裂音の領域性・摩擦音による流体・気体性を反映し、Weight 4・Time 6・Flow 6のベクトル配置。,,5,5,0,8,COMPOUND(複合・異種)
ちくっ,「ちく」とする動作や現象が瞬間的・急激に行われる音や様子。,擬音語・擬態語,スピード・テンポ,中立,清音,明るい・軽い・小,促音,tɕikuʔ,tɕikuʔ,0,4,8,7,8,5,3,1046.8,5.94,8,8916.7,7.63,7,0,4,#000000,0.0,0.0,0.0,無声破裂音の領域性・摩擦音による流体・気体性を反映し、Weight 4・Time 8・Flow 8のベクトル配置。,,2,5,0,0,Q(促音単発)
ちくり,「ちく」と一度だけ鮮やかに、あるいは滑らかに行われる動作・状態。,擬態語,テクスチャー・色・光,快,清音,明るい・軽い・小,「り」変化,tɕikuɾi,tɕikuɾi,0,2,6,6,5,7,4,969.9,5.75,6,4722.4,6.55,5,0,4,#FFFFFF,100.0,-0.0,0.0,無声破裂音の領域性・摩擦音による流体・気体性を反映し、Weight 2・Time 6・Flow 5のベクトル配置。,,4,6,0,0,RI(り単発)
ちくん,「ちく」と響き渡る音、または余韻や弾力を伴う状態。,擬音語・擬態語,テクスチャー,中立,清音,明るい・軽い・小,撥音,tɕikuŋ,tɕikuŋ,0,4,7,7,7,4,4,1047.8,5.95,7,5999.8,6.95,6,mc,3,#808080,53.6,-0.0,0.0,無声破裂音の領域性・摩擦音による流体・気体性を反映し、Weight 4・Time 7・Flow 7のベクトル配置。,,3,6,5,0,N(撥音単発)
ちちちち,「ちち」という音や状態が繰り返し連続して生じるさま。,擬音語・擬態語,スピード・テンポ,中立,清音,明るい・軽い・小,畳語,tɕitɕitɕitɕi,tɕitɕitɕitɕi,0,3,6,5,7,4,5,1550.7,6.94,6,5582.5,6.83,6,0,4,#FFEBB1,93.4,-1.6,30.7,無声破裂音の領域性・摩擦音による流体・気体性を反映し、Weight 3・Time 6・Flow 7のベクトル配置。,,4,5,5,1,REDUP(畳語・同一)
ちちっかい,「ちちっかい」という感覚・音・状態を表す表現。,擬音語・擬態語,その他,中立,清音,明るい・軽い・小,促音,tɕitɕikkai,tɕitɕikkai,0,3,6,6,6,5,4,1380.9,6.65,7,5599.7,6.84,6,0,4,#FFD700,86.9,-1.9,87.1,無声破裂音の領域性・摩擦音による流体・気体性を反映し、Weight 3・Time 6・Flow 6のベクトル配置。,,5,5,0,8,COMPOUND(複合・異種)
ちちん,「ちち」と響き渡る音、または余韻や弾力を伴う状態。,擬音語・擬態語,テクスチャー,中立,清音,明るい・軽い・小,撥音,tɕitɕiŋ,tɕitɕiŋ,0,3,7,7,7,4,4,1373.2,6.63,7,5673.1,6.86,7,mc,3,#F5F5F5,96.5,-0.0,0.0,無声破裂音の領域性・摩擦音による流体・気体性を反映し、Weight 3・Time 7・Flow 7のベクトル配置。,,3,6,5,0,N(撥音単発)
ちっ,「ち」とする動作や現象が瞬間的・急激に行われる音や様子。,擬音語・擬態語,スピード・テンポ,中立,清音,明るい・軽い・小,促音,tɕiʔ,tɕiʔ,0,4,8,7,8,5,3,1061.7,5.98,8,8604.7,7.57,7,0,4,#FFFFFF,100.0,-0.0,0.0,無声破裂音の領域性・摩擦音による流体・気体性を反映し、Weight 4・Time 8・Flow 8のベクトル配置。,,2,5,0,0,Q(促音単発)
ちっくたっく,「ちっくたっく」という感覚・音・状態を表す表現。,擬音語・擬態語,その他,中立,清音,明るい・軽い・小,促音,tɕikkutakku,tɕikkutakku,0,4,6,5,7,5,4,779.3,5.20,7,4314.6,6.39,6,0,4,#D3D3D3,84.6,-0.0,0.0,無声破裂音の領域性・摩擦音による流体・気体性を反映し、Weight 4・Time 6・Flow 7のベクトル配置。,,5,5,0,8,COMPOUND(複合・異種)
ちっちっ,「ちっち」とする動作や現象が瞬間的・急激に行われる音や様子。,擬音語・擬態語,スピード・テンポ,中立,清音,明るい・軽い・小,畳語・促音,tɕittɕiʔ,tɕittɕiʔ,0,4,6,6,7,4,4,1133.6,6.15,6,5914.0,6.93,7,0,4,#FFFFFF,100.0,-0.0,0.0,無声破裂音の領域性・摩擦音による流体・気体性を反映し、Weight 4・Time 6・Flow 7のベクトル配置。,,4,5,5,1,REDUP(畳語・同一)
ちっちびーつつ,音が長く尾を引いて持続する音や状態。,擬音語・擬態語,スピード・テンポ,中立,清音・濁音,暗い・重い・大,促音・長音,tɕittɕibiːtsutsu,tɕittɕibiːtsutsu,0,3,4,6,7,6,4,1410.8,6.70,4,5817.7,6.90,6,0,4,#F5F5DC,95.9,-4.2,12.0,濁音による質量感・無声破裂音の領域性を反映し、Weight 3・Time 4・Flow 7のベクトル配置。,,3,6,5,0,LONG(長音ー)
ちびりちびり,「ちびりちび」と一度だけ鮮やかに、あるいは滑らかに行われる動作・状態。,擬態語,テクスチャー・色・光,快,清音・濁音,暗い・重い・大,畳語・「り」変化,tɕibiɾitɕibiɾi,tɕibiɾitɕibiɾi,0,3,5,6,6,6,5,976.1,5.77,5,5104.3,6.68,6,0,4,#F5F5DC,95.9,-4.2,12.0,濁音による質量感・無声破裂音の領域性を反映し、Weight 3・Time 5・Flow 6のベクトル配置。,,4,5,5,1,REDUP(畳語・同一)
ちゃかちゃか,「ちゃか」という音や状態が繰り返し連続して生じるさま。,擬音語・擬態語,スピード・テンポ,中立,清音,明るい・軽い・小,畳語,tɕakatɕaka,tɕakatɕaka,0,3,7,5,3,5,4,1413.7,6.71,6,8430.9,7.53,6,0,4,#D3D3D3,84.6,-0.0,0.0,無声破裂音の領域性・摩擦音による流体・気体性を反映し、Weight 3・Time 7・Flow 3のベクトル配置。,,4,5,5,1,REDUP(畳語・同一)
ちゃきちゃき,「ちゃき」という音や状態が繰り返し連続して生じるさま。,擬音語・擬態語,スピード・テンポ,中立,清音,明るい・軽い・小,畳語,tɕakitɕaki,tɕakitɕaki,0,3,7,6,4,4,4,1551.2,6.94,6,8849.4,7.61,6,0,4,#90EE90,86.5,-46.3,36.9,無声破裂音の領域性・摩擦音による流体・気体性を反映し、Weight 3・Time 7・Flow 4のベクトル配置。,,4,5,5,1,REDUP(畳語・同一)
ちゃっぷちゃっぷ,「ちゃっぷ」という音や状態が繰り返し連続して生じるさま。,擬音語・擬態語,スピード・テンポ,中立,清音・半濁音,明るい・軽い・小,畳語・促音,tɕapputɕappu,tɕapputɕappu,0,4,6,5,5,6,7,1005.7,5.84,5,6850.5,7.18,7,mh,5,#FFD700,86.9,-1.9,87.1,無声破裂音の領域性・摩擦音による流体・気体性を反映し、Weight 4・Time 6・Flow 5のベクトル配置。,,4,5,5,1,REDUP(畳語・同一)
ちゃぶちゃぶ,「ちゃぶ」という音や状態が繰り返し連続して生じるさま。,擬音語・擬態語,スピード・テンポ,中立,清音・濁音,暗い・重い・大,畳語,tɕabutɕabu,tɕabutɕabu,0,4,6,4,4,7,7,889.8,5.53,5,9149.5,7.67,7,0,4,#0000CD,25.0,67.2,-91.5,濁音による質量感・無声破裂音の領域性を反映し、Weight 4・Time 6・Flow 4のベクトル配置。,,4,5,5,1,REDUP(畳語・同一)
ちゃぶん,「ちゃぶ」と響き渡る音、または余韻や弾力を伴う状態。,擬音語・擬態語,テクスチャー,中立,清音・濁音,暗い・重い・大,撥音,tɕabuŋ,tɕabuŋ,0,5,7,7,5,5,6,824.5,5.34,6,9186.9,7.68,7,0,4,#808080,53.6,-0.0,0.0,濁音による質量感・無声破裂音の領域性を反映し、Weight 5・Time 7・Flow 5のベクトル配置。,,3,6,5,0,N(撥音単発)
ちゃぷちゃぷ,「ちゃぷ」という音や状態が繰り返し連続して生じるさま。,擬音語・擬態語,スピード・テンポ,中立,清音・半濁音,明るい・軽い・小,畳語,tɕaputɕapu,tɕaputɕapu,0,3,6,4,4,6,6,1070.0,6.00,5,6765.2,7.16,7,mh,5,#FF69B4,65.5,64.2,-10.6,無声破裂音の領域性・摩擦音による流体・気体性を反映し、Weight 3・Time 6・Flow 4のベクトル配置。,,4,5,5,1,REDUP(畳語・同一)
ちゃぼん,「ちゃぼ」と響き渡る音、または余韻や弾力を伴う状態。,擬音語・擬態語,テクスチャー,中立,清音・濁音,暗い・重い・大,撥音,tɕaboŋ,tɕaboŋ,0,4,7,6,5,5,6,863.5,5.46,6,7557.1,7.35,7,0,4,#808080,53.6,-0.0,0.0,濁音による質量感・無声破裂音の領域性を反映し、Weight 4・Time 7・Flow 5のベクトル配置。,,3,6,5,0,N(撥音単発)
ちゃぽちゃぽ,「ちゃぽ」という音や状態が繰り返し連続して生じるさま。,擬音語・擬態語,スピード・テンポ,中立,清音・半濁音,明るい・軽い・小,畳語,tɕapotɕapo,tɕapotɕapo,0,3,6,4,3,6,6,1092.9,6.05,5,6478.3,7.09,6,mh,5,#FF69B4,65.5,64.2,-10.6,無声破裂音の領域性・摩擦音による流体・気体性を反映し、Weight 3・Time 6・Flow 3のベクトル配置。,,4,5,5,1,REDUP(畳語・同一)
ちゃりーん,「ちゃりー」と響き渡る音、または余韻や弾力を伴う状態。,擬音語・擬態語,テクスチャー,中立,清音,明るい・軽い・小,撥音・長音,tɕaɾiːŋ,tɕaɾiːŋ,0,3,5,7,5,5,4,1486.9,6.83,3,8564.5,7.56,6,0,4,#C0C0C0,77.7,-0.0,0.0,無声破裂音の領域性・摩擦音による流体・気体性を反映し、Weight 3・Time 5・Flow 5のベクトル配置。,,3,7,5,0,LONG(長音ー)
ちゅちゅ,「ちゅ」という音や状態が繰り返し連続して生じるさま。,擬音語・擬態語,スピード・テンポ,中立,清音,明るい・軽い・小,畳語,tɕutɕu,tɕutɕu,0,3,5,5,6,7,6,1562.4,6.96,5,6122.5,6.99,6,0,4,#FFB6C1,81.1,28.0,5.0,無声破裂音の領域性・摩擦音による流体・気体性を反映し、Weight 3・Time 5・Flow 6のベクトル配置。,,4,5,5,1,REDUP(畳語・同一)
ちゅっちゅっ,「ちゅっちゅ」とする動作や現象が瞬間的・急激に行われる音や様子。,擬音語・擬態語,スピード・テンポ,中立,清音,明るい・軽い・小,畳語・促音,tɕuttɕuʔ,tɕuttɕuʔ,0,4,6,6,7,6,5,1319.2,6.53,6,7040.5,7.23,7,mh,5,#FFB6C1,81.1,28.0,5.0,無声破裂音の領域性・摩擦音による流体・気体性を反映し、Weight 4・Time 6・Flow 7のベクトル配置。,,4,5,5,1,REDUP(畳語・同一)
ちゅんちゅく,「ちゅんちゅく」という感覚・音・状態を表す表現。,擬音語・擬態語,その他,中立,清音,明るい・軽い・小,撥音,tɕuntɕuku,tɕuntɕuku,0,3,5,5,6,7,5,1472.4,6.81,6,6372.3,7.06,6,mh,5,#FFFACD,97.6,-5.4,22.2,無声破裂音の領域性・摩擦音による流体・気体性を反映し、Weight 3・Time 5・Flow 6のベクトル配置。,,5,5,5,8,COMPOUND(複合・異種)
ちゅー,音が長く尾を引いて持続する音や状態。,擬音語・擬態語,スピード・テンポ,中立,清音,明るい・軽い・小,長音,tɕuː,tɕuː,0,3,2,5,5,8,5,1582.7,6.99,1,6905.3,7.19,5,mh,5,#FFB6C1,81.1,28.0,5.0,無声破裂音の領域性・摩擦音による流体・気体性を反映し、Weight 3・Time 2・Flow 5のベクトル配置。,,2,7,5,0,LONG(長音ー)
ちょい,「ちょい」という感覚・音・状態を表す表現。,擬音語・擬態語,その他,中立,清音,明るい・軽い・小,単発・その他,tɕoi,tɕoi,0,3,6,5,5,7,5,931.3,5.65,6,3644.4,6.11,6,mh,5,#FFFFFF,100.0,-0.0,0.0,無声破裂音の領域性・摩擦音による流体・気体性を反映し、Weight 3・Time 6・Flow 5のベクトル配置。,,5,5,0,8,COMPOUND(複合・異種)
ちょこちょこ,歩幅が狭く忙しなく歩くさま。,擬態語,その他,中立,清音,明るい・軽い・小,畳語,tɕokotɕoko,tɕokotɕoko,0,3,7,5,6,6,4,838.5,5.38,6,4090.0,6.30,6,0,4,#FFFFFF,100.0,-0.0,0.0,無声破裂音の領域性・摩擦音による流体・気体性を反映し、Weight 3・Time 7・Flow 6のベクトル配置。,,4,5,5,1,REDUP(畳語・同一)
ちょこちょこっ,「ちょこちょこ」とする動作や現象が瞬間的・急激に行われる音や様子。,擬音語・擬態語,スピード・テンポ,中立,清音,明るい・軽い・小,促音,tɕokotɕokoʔ,tɕokotɕokoʔ,0,3,8,6,7,6,4,907.0,5.58,8,6290.1,7.04,7,0,4,#FFFFFF,100.0,-0.0,0.0,無声破裂音の領域性・摩擦音による流体・気体性を反映し、Weight 3・Time 8・Flow 7のベクトル配置。,,3,5,0,0,Q(促音単発)
ちょこなん,「ちょこな」と響き渡る音、または余韻や弾力を伴う状態。,擬音語・擬態語,テクスチャー,中立,清音,明るい・軽い・小,撥音,tɕokonaŋ,tɕokonaŋ,0,3,6,5,5,5,5,667.0,4.80,6,3158.8,5.87,6,mh,5,#FFFFFF,100.0,-0.0,0.0,無声破裂音の領域性・摩擦音による流体・気体性を反映し、Weight 3・Time 6・Flow 5のベクトル配置。,,5,5,5,8,COMPOUND(複合・異種)
ちょこまか,「ちょこまか」という感覚・音・状態を表す表現。,擬音語・擬態語,その他,中立,清音,明るい・軽い・小,単発・その他,tɕokomaka,tɕokomaka,0,3,6,5,5,6,4,798.5,5.26,6,3175.6,5.87,5,mh,5,#FFFFFF,100.0,-0.0,0.0,無声破裂音の領域性・摩擦音による流体・気体性を反映し、Weight 3・Time 6・Flow 5のベクトル配置。,,5,5,0,8,COMPOUND(複合・異種)
ちょこん,「ちょこ」と響き渡る音、または余韻や弾力を伴う状態。,擬音語・擬態語,テクスチャー,中立,清音,明るい・軽い・小,撥音,tɕokoŋ,tɕokoŋ,0,3,7,7,6,5,4,849.1,5.41,7,4658.0,6.52,7,0,4,#FFFFFF,100.0,-0.0,0.0,無声破裂音の領域性・摩擦音による流体・気体性を反映し、Weight 3・Time 7・Flow 6のベクトル配置。,,3,6,5,0,N(撥音単発)
ちょっきん,「ちょっき」と響き渡る音、または余韻や弾力を伴う状態。,擬音語・擬態語,テクスチャー,中立,清音,明るい・軽い・小,促音・撥音,tɕokkiŋ,tɕokkiŋ,0,4,7,6,5,5,4,965.6,5.74,6,5582.0,6.83,7,mh,5,#000000,0.0,0.0,0.0,無声破裂音の領域性・摩擦音による流体・気体性を反映し、Weight 4・Time 7・Flow 5のベクトル配置。,,5,5,5,8,COMPOUND(複合・異種)
ちょっくらちょいと,「ちょっくらちょいと」という感覚・音・状態を表す表現。,擬音語・擬態語,その他,中立,清音,明るい・軽い・小,促音,tɕokkuɾatɕoito,tɕokkuɾatɕoito,0,3,6,5,5,7,4,940.7,5.67,7,3822.4,6.19,6,mh,5,#FFFFFF,100.0,-0.0,0.0,無声破裂音の領域性・摩擦音による流体・気体性を反映し、Weight 3・Time 6・Flow 5のベクトル配置。,,5,5,0,8,COMPOUND(複合・異種)
ちょっこり,「ちょっこ」と一度だけ鮮やかに、あるいは滑らかに行われる動作・状態。,擬態語,テクスチャー・色・光,快,清音,明るい・軽い・小,促音・「り」変化,tɕokkoɾi,tɕokkoɾi,0,3,6,5,5,7,4,762.7,5.14,6,3544.8,6.06,6,mh,5,#FFFFFF,100.0,-0.0,0.0,無声破裂音の領域性・摩擦音による流体・気体性を反映し、Weight 3・Time 6・Flow 5のベクトル配置。,,5,5,5,8,COMPOUND(複合・異種)
ちょっぴり,「ちょっぴ」と一度だけ鮮やかに、あるいは滑らかに行われる動作・状態。,擬態語,テクスチャー・色・光,快,清音・半濁音,明るい・軽い・小,促音・「り」変化,tɕoppiɾi,tɕoppiɾi,0,3,6,5,5,7,4,1016.4,5.87,6,4848.2,6.59,6,h,6,#FFFFFF,100.0,-0.0,0.0,無声破裂音の領域性・摩擦音による流体・気体性を反映し、Weight 3・Time 6・Flow 5のベクトル配置。,,5,5,5,8,COMPOUND(複合・異種)
ちょびりちょびり,「ちょびりちょび」と一度だけ鮮やかに、あるいは滑らかに行われる動作・状態。,擬態語,テクスチャー・色・光,快,清音・濁音,暗い・重い・大,畳語・「り」変化,tɕobiɾitɕobiɾi,tɕobiɾitɕobiɾi,0,3,6,5,5,7,5,1036.0,5.92,6,5130.6,6.69,6,0,4,#F5F5DC,95.9,-4.2,12.0,濁音による質量感・無声破裂音の領域性を反映し、Weight 3・Time 6・Flow 5のベクトル配置。,,4,5,5,1,REDUP(畳語・同一)
ちょぼちょぼ,「ちょぼ」という音や状態が繰り返し連続して生じるさま。,擬音語・擬態語,スピード・テンポ,中立,清音・濁音,暗い・重い・大,畳語,tɕobotɕobo,tɕobotɕobo,0,4,5,3,6,7,6,782.5,5.21,5,3947.1,6.24,7,mc,3,#708090,52.8,-2.1,-10.6,濁音による質量感・無声破裂音の領域性を反映し、Weight 4・Time 5・Flow 6のベクトル配置。,,4,5,5,1,REDUP(畳語・同一)
ちょぼっ,「ちょぼ」とする動作や現象が瞬間的・急激に行われる音や様子。,擬音語・擬態語,スピード・テンポ,中立,清音・濁音,暗い・重い・大,促音,tɕoboʔ,tɕoboʔ,0,4,7,6,7,6,4,811.9,5.30,8,7387.8,7.31,7,0,4,#000000,0.0,0.0,0.0,濁音による質量感・無声破裂音の領域性を反映し、Weight 4・Time 7・Flow 7のベクトル配置。,,3,5,0,0,Q(促音単発)
ちょろっ,「ちょろ」とする動作や現象が瞬間的・急激に行われる音や様子。,擬音語・擬態語,スピード・テンポ,中立,清音,明るい・軽い・小,促音,tɕoɾoʔ,tɕoɾoʔ,0,3,8,6,6,6,4,847.3,5.41,8,6486.5,7.09,7,0,4,#000000,0.0,0.0,0.0,無声破裂音の領域性・摩擦音による流体・気体性を反映し、Weight 3・Time 8・Flow 6のベクトル配置。,,3,5,0,0,Q(促音単発)
ちょろりっ,「ちょろり」とする動作や現象が瞬間的・急激に行われる音や様子。,擬音語・擬態語,スピード・テンポ,中立,清音,明るい・軽い・小,促音,tɕoɾoɾiʔ,tɕoɾoɾiʔ,0,3,8,6,6,6,4,1048.1,5.95,8,6743.1,7.15,7,0,4,#F0F8FF,97.2,-1.3,-4.3,無声破裂音の領域性・摩擦音による流体・気体性を反映し、Weight 3・Time 8・Flow 6のベクトル配置。,,3,5,0,0,Q(促音単発)
ちょん,「ちょ」と響き渡る音、または余韻や弾力を伴う状態。,擬音語・擬態語,テクスチャー,中立,清音,明るい・軽い・小,撥音,tɕoŋ,tɕoŋ,0,4,7,7,6,5,5,890.6,5.54,7,5363.1,6.76,7,0,4,#808080,53.6,-0.0,0.0,無声破裂音の領域性・摩擦音による流体・気体性を反映し、Weight 4・Time 7・Flow 6のベクトル配置。,,3,6,5,0,N(撥音単発)
ちょんちょん,「ちょんちょ」と響き渡る音、または余韻や弾力を伴う状態。,擬音語・擬態語,テクスチャー,中立,清音,明るい・軽い・小,畳語・撥音,tɕontɕoŋ,tɕontɕoŋ,0,3,7,6,5,5,5,984.8,5.79,6,5878.7,6.92,7,0,4,#8B0000,28.1,51.0,41.3,無声破裂音の領域性・摩擦音による流体・気体性を反映し、Weight 3・Time 7・Flow 5のベクトル配置。,,4,5,5,1,REDUP(畳語・同一)
ちよちよ,「ちよ」という音や状態が繰り返し連続して生じるさま。,擬音語・擬態語,スピード・テンポ,中立,清音,明るい・軽い・小,畳語,tɕijotɕijo,tɕijotɕijo,0,3,5,4,5,6,6,999.4,5.83,4,3299.6,5.94,5,0,4,#FFFACD,97.6,-5.4,22.2,無声破裂音の領域性・摩擦音による流体・気体性を反映し、Weight 3・Time 5・Flow 5のベクトル配置。,,4,5,5,1,REDUP(畳語・同一)
ちらちらっ,「ちらちら」とする動作や現象が瞬間的・急激に行われる音や様子。,擬音語・擬態語,スピード・テンポ,中立,清音,明るい・軽い・小,促音,tɕiɾatɕiɾaʔ,tɕiɾatɕiɾaʔ,0,3,7,6,5,6,2,1250.7,6.40,7,9439.9,7.72,6,0,4,#FFFFFF,100.0,-0.0,0.0,無声破裂音の領域性・摩擦音による流体・気体性を反映し、Weight 3・Time 7・Flow 5のベクトル配置。,,3,5,0,0,Q(促音単発)
ちらっ,「ちら」とする動作や現象が瞬間的・急激に行われる音や様子。,擬音語・擬態語,スピード・テンポ,中立,清音,明るい・軽い・小,促音,tɕiɾaʔ,tɕiɾaʔ,0,3,8,6,6,6,3,1020.4,5.88,7,9027.3,7.65,6,0,4,#000000,0.0,0.0,0.0,無声破裂音の領域性・摩擦音による流体・気体性を反映し、Weight 3・Time 8・Flow 6のベクトル配置。,,2,5,0,0,Q(促音単発)
ちらり,「ちら」と一度だけ鮮やかに、あるいは滑らかに行われる動作・状態。,擬態語,テクスチャー・色・光,快,清音,明るい・軽い・小,「り」変化,tɕiɾaɾi,tɕiɾaɾi,0,2,6,5,4,8,4,916.8,5.61,5,4536.3,6.48,5,mh,5,#FFFFFF,100.0,-0.0,0.0,無声破裂音の領域性・摩擦音による流体・気体性を反映し、Weight 2・Time 6・Flow 4のベクトル配置。,,4,6,0,0,RI(り単発)
ちらりほらり,「ちらりほら」と一度だけ鮮やかに、あるいは滑らかに行われる動作・状態。,擬態語,テクスチャー・色・光,快,清音,明るい・軽い・小,「り」変化,tɕiɾaɾihoɾaɾi,tɕiɾaɾihoɾaɾi,0,2,6,5,3,8,3,933.7,5.66,5,4231.8,6.36,4,mh,5,#F5F5F5,96.5,-0.0,0.0,無声破裂音の領域性・摩擦音による流体・気体性を反映し、Weight 2・Time 6・Flow 3のベクトル配置。,,4,6,0,0,RI(り単発)
ちりちり,「ちりち」と一度だけ鮮やかに、あるいは滑らかに行われる動作・状態。,擬態語,テクスチャー・色・光,快,清音,明るい・軽い・小,畳語・「り」変化,tɕiɾitɕiɾi,tɕiɾitɕiɾi,0,3,6,6,6,5,4,1271.5,6.44,6,5466.8,6.80,6,0,4,#FFFFFF,100.0,-0.0,0.0,無声破裂音の領域性・摩擦音による流体・気体性を反映し、Weight 3・Time 6・Flow 6のベクトル配置。,,4,5,5,1,REDUP(畳語・同一)
ちりっ,「ちり」とする動作や現象が瞬間的・急激に行われる音や様子。,擬音語・擬態語,スピード・テンポ,中立,清音,明るい・軽い・小,促音,tɕiɾiʔ,tɕiɾiʔ,0,4,8,7,8,4,3,1244.0,6.38,8,8999.5,7.64,7,0,4,#000000,0.0,0.0,0.0,無声破裂音の領域性・摩擦音による流体・気体性を反映し、Weight 4・Time 8・Flow 8のベクトル配置。,,2,5,0,0,Q(促音単発)
ちりりん,「ちりり」と響き渡る音、または余韻や弾力を伴う状態。,擬音語・擬態語,テクスチャー,中立,清音,明るい・軽い・小,撥音,tɕiɾiɾiŋ,tɕiɾiɾiŋ,0,3,7,8,7,4,3,1429.2,6.73,7,7177.3,7.26,7,mc,3,#C0C0C0,77.7,-0.0,0.0,無声破裂音の領域性・摩擦音による流体・気体性を反映し、Weight 3・Time 7・Flow 7のベクトル配置。,,3,6,5,0,N(撥音単発)
ちりん,「ちり」と響き渡る音、または余韻や弾力を伴う状態。,擬音語・擬態語,テクスチャー,中立,清音,明るい・軽い・小,撥音,tɕiɾiŋ,tɕiɾiŋ,0,3,7,8,7,4,4,1355.7,6.60,7,6489.0,7.09,7,mc,3,#C0C0C0,77.7,-0.0,0.0,無声破裂音の領域性・摩擦音による流体・気体性を反映し、Weight 3・Time 7・Flow 7のベクトル配置。,,3,6,5,0,N(撥音単発)
ちりんちりん,「ちりんちり」と響き渡る音、または余韻や弾力を伴う状態。,擬音語・擬態語,テクスチャー,中立,清音,明るい・軽い・小,畳語・撥音,tɕiɾintɕiɾiŋ,tɕiɾintɕiɾiŋ,0,3,6,7,6,4,4,1616.8,7.04,5,7570.6,7.35,7,0,4,#C0C0C0,77.7,-0.0,0.0,無声破裂音の領域性・摩擦音による流体・気体性を反映し、Weight 3・Time 6・Flow 6のベクトル配置。,,4,5,5,1,REDUP(畳語・同一)
ちろちろ,「ちろ」という音や状態が繰り返し連続して生じるさま。,擬音語・擬態語,スピード・テンポ,中立,清音,明るい・軽い・小,畳語,tɕiɾotɕiɾo,tɕiɾotɕiɾo,0,3,5,5,5,6,5,1158.4,6.20,4,4015.9,6.27,6,mc,3,#C0C0C0,77.7,-0.0,0.0,無声破裂音の領域性・摩擦音による流体・気体性を反映し、Weight 3・Time 5・Flow 5のベクトル配置。,,4,5,5,1,REDUP(畳語・同一)
ちろり,「ちろ」と一度だけ鮮やかに、あるいは滑らかに行われる動作・状態。,擬態語,テクスチャー・色・光,快,清音,明るい・軽い・小,「り」変化,tɕiɾoɾi,tɕiɾoɾi,0,2,6,6,4,7,4,926.3,5.63,5,3955.2,6.25,6,mh,5,#FFFFFF,100.0,-0.0,0.0,無声破裂音の領域性・摩擦音による流体・気体性を反映し、Weight 2・Time 6・Flow 4のベクトル配置。,,4,6,0,0,RI(り単発)
ちろりっ,「ちろり」とする動作や現象が瞬間的・急激に行われる音や様子。,擬音語・擬態語,スピード・テンポ,中立,清音,明るい・軽い・小,促音,tɕiɾoɾiʔ,tɕiɾoɾiʔ,0,4,7,7,7,5,3,1207.1,6.31,7,7879.3,7.42,7,0,4,#000000,0.0,0.0,0.0,無声破裂音の領域性・摩擦音による流体・気体性を反映し、Weight 4・Time 7・Flow 7のベクトル配置。,,3,5,0,0,Q(促音単発)
ちろりん,「ちろり」と響き渡る音、または余韻や弾力を伴う状態。,擬音語・擬態語,テクスチャー,中立,清音,明るい・軽い・小,撥音,tɕiɾoɾiŋ,tɕiɾoɾiŋ,0,3,6,7,6,5,4,1300.2,6.49,6,5590.2,6.83,6,mc,3,#C0C0C0,77.7,-0.0,0.0,無声破裂音の領域性・摩擦音による流体・気体性を反映し、Weight 3・Time 6・Flow 6のベクトル配置。,,3,6,5,0,N(撥音単発)
ちんちん,「ちんち」と響き渡る音、または余韻や弾力を伴う状態。,擬音語・擬態語,テクスチャー,中立,清音,明るい・軽い・小,畳語・撥音,tɕintɕiŋ,tɕintɕiŋ,0,4,6,6,6,4,4,1307.4,6.51,5,6480.1,7.09,6,0,4,#C0C0C0,77.7,-0.0,0.0,無声破裂音の領域性・摩擦音による流体・気体性を反映し、Weight 4・Time 6・Flow 6のベクトル配置。,,4,5,5,1,REDUP(畳語・同一)
ちんとんしゃん,「ちんとんしゃ」と響き渡る音、または余韻や弾力を伴う状態。,擬音語・擬態語,テクスチャー,中立,清音,明るい・軽い・小,撥音,tɕintoŋɕaŋ,tɕintoŋɕaŋ,0,4,6,6,5,5,5,739.0,5.06,6,6085.2,6.98,7,0,4,#FF0000,53.2,80.1,67.2,無声破裂音の領域性・摩擦音による流体・気体性を反映し、Weight 4・Time 6・Flow 5のベクトル配置。,,5,5,5,8,COMPOUND(複合・異種)
ちーちー,「ちー」という音や状態が繰り返し連続して生じるさま。,擬音語・擬態語,スピード・テンポ,中立,清音,明るい・軽い・小,畳語・長音,tɕiːtɕiː,tɕiːtɕiː,0,3,4,5,6,5,4,1617.0,7.05,3,6124.3,6.99,5,0,4,#FFB6C1,81.1,28.0,5.0,無声破裂音の領域性・摩擦音による流体・気体性を反映し、Weight 3・Time 4・Flow 6のベクトル配置。,,4,5,5,1,REDUP(畳語・同一)
ちーちーぱっぱ,音が長く尾を引いて持続する音や状態。,擬音語・擬態語,スピード・テンポ,中立,清音・半濁音,明るい・軽い・小,促音・長音,tɕiːtɕiːpappa,tɕiːtɕiːpappa,0,2,4,6,5,6,4,1755.1,7.25,3,8234.3,7.49,5,0,4,#FFD700,86.9,-1.9,87.1,無声破裂音の領域性・摩擦音による流体・気体性を反映し、Weight 2・Time 4・Flow 5のベクトル配置。,,3,7,5,0,LONG(長音ー)
ちーん,「ちー」と響き渡る音、または余韻や弾力を伴う状態。,擬音語・擬態語,テクスチャー,中立,清音,明るい・軽い・小,撥音・長音,tɕiːŋ,tɕiːŋ,0,3,4,6,5,5,4,1365.7,6.62,3,7001.8,7.22,6,0,4,#FFFF00,97.1,-21.6,94.5,無声破裂音の領域性・摩擦音による流体・気体性を反映し、Weight 3・Time 4・Flow 5のベクトル配置。,,3,7,5,0,LONG(長音ー)
つか,「つか」という感覚・音・状態を表す表現。,擬音語・擬態語,その他,中立,清音,明るい・軽い・小,単発・その他,tsuka,tsuka,0,4,5,5,4,6,4,525.6,4.20,5,3921.8,6.23,6,mh,5,#8B0000,28.1,51.0,41.3,無声破裂音の領域性・摩擦音による流体・気体性を反映し、Weight 4・Time 5・Flow 4のベクトル配置。,,5,5,0,8,COMPOUND(複合・異種)
つくつくほーし,音が長く尾を引いて持続する音や状態。,擬音語・擬態語,スピード・テンポ,中立,清音,明るい・軽い・小,長音,tsukutsukuhoːɕi,tsukutsukuhoːɕi,0,3,3,5,5,7,4,838.8,5.38,3,4298.3,6.39,5,mh,5,#4B0082,20.5,51.7,-53.3,無声破裂音の領域性・摩擦音による流体・気体性を反映し、Weight 3・Time 3・Flow 5のベクトル配置。,,3,6,5,0,LONG(長音ー)
つけつけ,「つけ」という音や状態が繰り返し連続して生じるさま。,擬音語・擬態語,スピード・テンポ,中立,清音,明るい・軽い・小,畳語,tsuketsuke,tsuketsuke,0,3,5,6,4,6,4,661.7,4.78,5,4946.5,6.63,5,mh,5,#FF4500,57.6,67.8,69.0,無声破裂音の領域性・摩擦音による流体・気体性を反映し、Weight 3・Time 5・Flow 4のベクトル配置。,,4,5,5,1,REDUP(畳語・同一)
つっ,「つ」とする動作や現象が瞬間的・急激に行われる音や様子。,擬音語・擬態語,スピード・テンポ,中立,清音,明るい・軽い・小,促音,tsuʔ,tsuʔ,0,4,8,7,7,5,3,608.8,4.57,8,8068.0,7.46,7,0,4,#FF0000,53.2,80.1,67.2,無声破裂音の領域性・摩擦音による流体・気体性を反映し、Weight 4・Time 8・Flow 7のベクトル配置。,,2,5,0,0,Q(促音単発)
つつ,「つつ」という感覚・音・状態を表す表現。,擬音語・擬態語,その他,中立,清音,明るい・軽い・小,単発・その他,tsutsu,tsutsu,0,4,5,5,6,6,5,465.7,3.89,5,2908.9,5.73,7,mh,5,#708090,52.8,-2.1,-10.6,無声破裂音の領域性・摩擦音による流体・気体性を反映し、Weight 4・Time 5・Flow 6のベクトル配置。,,5,5,0,8,COMPOUND(複合・異種)
つつっ,「つつ」とする動作や現象が瞬間的・急激に行われる音や様子。,擬音語・擬態語,スピード・テンポ,中立,清音,明るい・軽い・小,促音,tsutsuʔ,tsutsuʔ,0,4,8,7,7,5,4,590.0,4.49,8,7324.9,7.29,7,0,4,#000000,0.0,0.0,0.0,無声破裂音の領域性・摩擦音による流体・気体性を反映し、Weight 4・Time 8・Flow 7のベクトル配置。,,3,5,0,0,Q(促音単発)
つつーっ,「つつー」とする動作や現象が瞬間的・急激に行われる音や様子。,擬音語・擬態語,スピード・テンポ,中立,清音,明るい・軽い・小,促音・長音,tsutsuːʔ,tsutsuːʔ,0,4,5,6,6,6,4,844.1,5.40,5,6512.6,7.09,6,mh,5,#F0FFFF,98.9,-4.9,-1.7,無声破裂音の領域性・摩擦音による流体・気体性を反映し、Weight 4・Time 5・Flow 6のベクトル配置。,,3,6,5,0,LONG(長音ー)
つづりさせ,「つづりさせ」という感覚・音・状態を表す表現。,擬音語・擬態語,その他,中立,清音・濁音,暗い・重い・大,単発・その他,tsuzuɾisase,tsuzuɾisase,0,4,5,5,6,6,4,582.7,4.46,5,4313.8,6.39,6,0,4,#4B0082,20.5,51.7,-53.3,濁音による質量感・無声破裂音の領域性を反映し、Weight 4・Time 5・Flow 6のベクトル配置。,,5,5,5,8,COMPOUND(複合・異種)
つべつべ,「つべ」という音や状態が繰り返し連続して生じるさま。,擬音語・擬態語,スピード・テンポ,中立,清音・濁音,暗い・重い・大,畳語,tsubetsube,tsubetsube,0,4,4,5,5,6,6,495.3,4.05,4,3985.4,6.26,6,mh,5,#DAA520,70.8,8.5,68.8,濁音による質量感・無声破裂音の領域性を反映し、Weight 4・Time 4・Flow 5のベクトル配置。,,4,5,5,1,REDUP(畳語・同一)
つべらこべら,「つべらこべら」という感覚・音・状態を表す表現。,擬音語・擬態語,その他,中立,清音・濁音,暗い・重い・大,単発・その他,tsubeɾakobeɾa,tsubeɾakobeɾa,0,4,5,5,4,7,4,464.2,3.89,5,5476.2,6.80,6,mh,5,#FF8C00,69.5,36.8,75.5,濁音による質量感・無声破裂音の領域性を反映し、Weight 4・Time 5・Flow 4のベクトル配置。,,5,5,0,8,COMPOUND(複合・異種)
つるっ,「つる」とする動作や現象が瞬間的・急激に行われる音や様子。,擬音語・擬態語,スピード・テンポ,中立,清音,明るい・軽い・小,促音,tsuɾuʔ,tsuɾuʔ,0,4,7,6,6,6,4,565.0,4.38,7,7014.0,7.22,7,0,4,#000000,0.0,0.0,0.0,無声破裂音の領域性・摩擦音による流体・気体性を反映し、Weight 4・Time 7・Flow 6のベクトル配置。,,3,5,0,0,Q(促音単発)
つるつるっ,「つるつる」とする動作や現象が瞬間的・急激に行われる音や様子。,擬音語・擬態語,スピード・テンポ,中立,清音,明るい・軽い・小,促音,tsuɾutsuɾuʔ,tsuɾutsuɾuʔ,0,3,6,6,5,7,4,528.7,4.22,6,5619.1,6.84,7,0,4,#F0FFFF,98.9,-4.9,-1.7,無声破裂音の領域性・摩擦音による流体・気体性を反映し、Weight 3・Time 6・Flow 5のベクトル配置。,,3,5,0,0,Q(促音単発)
つるてん,「つるて」と響き渡る音、または余韻や弾力を伴う状態。,擬音語・擬態語,テクスチャー,中立,清音,明るい・軽い・小,撥音,tsuɾuteŋ,tsuɾuteŋ,0,4,6,6,5,6,5,473.1,3.93,5,2730.2,5.62,6,mc,3,#808080,53.6,-0.0,0.0,無声破裂音の領域性・摩擦音による流体・気体性を反映し、Weight 4・Time 6・Flow 5のベクトル配置。,,3,6,5,0,N(撥音単発)
つるり,「つる」と一度だけ鮮やかに、あるいは滑らかに行われる動作・状態。,擬態語,テクスチャー・色・光,快,清音,明るい・軽い・小,「り」変化,tsuɾuɾi,tsuɾuɾi,0,3,5,6,4,8,5,493.6,4.04,5,3051.3,5.81,6,mh,5,#F0FFFF,98.9,-4.9,-1.7,無声破裂音の領域性・摩擦音による流体・気体性を反映し、Weight 3・Time 5・Flow 4のベクトル配置。,,4,6,0,0,RI(り単発)
つるりっ,「つるり」とする動作や現象が瞬間的・急激に行われる音や様子。,擬音語・擬態語,スピード・テンポ,中立,清音,明るい・軽い・小,促音,tsuɾuɾiʔ,tsuɾuɾiʔ,0,4,7,7,6,6,4,752.6,5.11,7,6843.3,7.18,7,0,4,#F0FFFF,98.9,-4.9,-1.7,無声破裂音の領域性・摩擦音による流体・気体性を反映し、Weight 4・Time 7・Flow 6のベクトル配置。,,3,5,0,0,Q(促音単発)
つるりん,「つるり」と響き渡る音、または余韻や弾力を伴う状態。,擬音語・擬態語,テクスチャー,中立,清音,明るい・軽い・小,撥音,tsuɾuɾiŋ,tsuɾuɾiŋ,0,3,6,7,5,5,5,787.3,5.22,6,4369.1,6.42,6,mc,3,#F0FFFF,98.9,-4.9,-1.7,無声破裂音の領域性・摩擦音による流体・気体性を反映し、Weight 3・Time 6・Flow 5のベクトル配置。,,3,6,5,0,N(撥音単発)
つるん,「つる」と響き渡る音、または余韻や弾力を伴う状態。,擬音語・擬態語,テクスチャー,中立,清音,明るい・軽い・小,撥音,tsuɾuŋ,tsuɾuŋ,0,4,6,7,5,5,5,509.2,4.12,6,4145.6,6.33,6,0,4,#F0FFFF,98.9,-4.9,-1.7,無声破裂音の領域性・摩擦音による流体・気体性を反映し、Weight 4・Time 6・Flow 5のベクトル配置。,,3,6,5,0,N(撥音単発)
つんけん,「つんけ」と響き渡る音、または余韻や弾力を伴う状態。,擬音語・擬態語,テクスチャー,中立,清音,明るい・軽い・小,撥音,tsuŋkeŋ,tsuŋkeŋ,0,4,7,8,6,4,4,573.8,4.42,6,5500.0,6.81,7,0,4,#FFFFFF,100.0,-0.0,0.0,無声破裂音の領域性・摩擦音による流体・気体性を反映し、Weight 4・Time 7・Flow 6のベクトル配置。,,3,6,5,0,N(撥音単発)
つんつるてん,「つんつるて」と響き渡る音、または余韻や弾力を伴う状態。,擬音語・擬態語,テクスチャー,中立,清音,明るい・軽い・小,撥音,tsuntsuɾuteŋ,tsuntsuɾuteŋ,0,4,5,6,5,6,5,368.1,3.30,5,2602.3,5.54,6,0,4,#FFFFFF,100.0,-0.0,0.0,無声破裂音の領域性・摩擦音による流体・気体性を反映し、Weight 4・Time 5・Flow 5のベクトル配置。,,5,5,5,8,COMPOUND(複合・異種)
つーっ,「つー」とする動作や現象が瞬間的・急激に行われる音や様子。,擬音語・擬態語,スピード・テンポ,中立,清音,明るい・軽い・小,促音・長音,tsuːʔ,tsuːʔ,0,4,4,6,6,6,4,880.2,5.51,4,7079.6,7.24,6,mh,5,#F0FFFF,98.9,-4.9,-1.7,無声破裂音の領域性・摩擦音による流体・気体性を反映し、Weight 4・Time 4・Flow 6のベクトル配置。,,2,6,5,0,LONG(長音ー)
つーつー,「つー」という音や状態が繰り返し連続して生じるさま。,擬音語・擬態語,スピード・テンポ,中立,清音,明るい・軽い・小,畳語・長音,tsuːtsuː,tsuːtsuː,0,4,3,5,4,6,5,769.8,5.17,2,4352.7,6.41,6,mh,5,#F5F5F5,96.5,-0.0,0.0,無声破裂音の領域性・摩擦音による流体・気体性を反映し、Weight 4・Time 3・Flow 4のベクトル配置。,,4,5,5,1,REDUP(畳語・同一)
つーん,「つー」と響き渡る音、または余韻や弾力を伴う状態。,擬音語・擬態語,テクスチャー,中立,清音,明るい・軽い・小,撥音・長音,tsuːŋ,tsuːŋ,0,4,4,6,5,5,4,887.5,5.53,2,6017.1,6.96,6,0,4,#E3C894,81.7,2.1,29.5,無声破裂音の領域性・摩擦音による流体・気体性を反映し、Weight 4・Time 4・Flow 5のベクトル配置。,,3,7,5,0,LONG(長音ー)
てっぺんかけたか,「てっぺんかけたか」という感覚・音・状態を表す表現。,擬音語・擬態語,その他,中立,清音・半濁音,明るい・軽い・小,促音・撥音,teppeŋkaketaka,teppeŋkaketaka,0,4,6,5,4,6,3,515.1,4.15,6,4631.1,6.51,6,mh,5,#FFD700,86.9,-1.9,87.1,無声破裂音の領域性・鼻音の共鳴と持続性を反映し、Weight 4・Time 6・Flow 4のベクトル配置。,,5,5,5,8,COMPOUND(複合・異種)
てふてふ,「てふ」という音や状態が繰り返し連続して生じるさま。,擬音語・擬態語,スピード・テンポ,中立,清音,明るい・軽い・小,畳語,teɸuteɸu,teɸuteɸu,0,3,4,3,4,7,5,433.3,3.71,4,2587.0,5.53,6,0,4,#708090,52.8,-2.1,-10.6,無声破裂音の領域性・摩擦音による流体・気体性を反映し、Weight 3・Time 4・Flow 4のベクトル配置。,,4,5,5,1,REDUP(畳語・同一)
てれっ,「てれ」とする動作や現象が瞬間的・急激に行われる音や様子。,擬音語・擬態語,スピード・テンポ,中立,清音,明るい・軽い・小,促音,teɾeʔ,teɾeʔ,0,4,7,6,6,6,4,565.1,4.38,7,7264.5,7.28,7,0,4,#000000,0.0,0.0,0.0,無声破裂音の領域性・弾き音/ɾ/による運動変化を反映し、Weight 4・Time 7・Flow 6のベクトル配置。,,2,5,0,0,Q(促音単発)
てれつく,「てれつく」という感覚・音・状態を表す表現。,擬音語・擬態語,その他,中立,清音,明るい・軽い・小,単発・その他,teɾetsuku,teɾetsuku,0,4,4,5,5,6,6,359.6,3.24,5,1761.9,4.87,7,mh,5,#4B0082,20.5,51.7,-53.3,無声破裂音の領域性・摩擦音による流体・気体性を反映し、Weight 4・Time 4・Flow 5のベクトル配置。,,5,5,0,8,COMPOUND(複合・異種)
てんてん,「てんて」と響き渡る音、または余韻や弾力を伴う状態。,擬音語・擬態語,テクスチャー,中立,清音,明るい・軽い・小,畳語・撥音,tenteŋ,tenteŋ,0,4,5,5,4,6,5,459.6,3.86,4,2667.7,5.58,6,0,4,#BEBEBE,77.0,-0.0,0.0,無声破裂音の領域性・鼻音の共鳴と持続性を反映し、Weight 4・Time 5・Flow 4のベクトル配置。,,4,5,5,1,REDUP(畳語・同一)
でくでく,「でく」という音や状態が繰り返し連続して生じるさま。,擬音語・擬態語,スピード・テンポ,中立,清音・濁音,暗い・重い・大,畳語,dekudeku,dekudeku,0,5,4,5,4,6,6,364.4,3.27,4,3184.0,5.88,7,0,4,#708090,52.8,-2.1,-10.6,濁音による質量感・無声破裂音の領域性を反映し、Weight 5・Time 4・Flow 4のベクトル配置。,,4,5,5,1,REDUP(畳語・同一)
でこでこ,「でこ」という音や状態が繰り返し連続して生じるさま。,擬音語・擬態語,スピード・テンポ,中立,清音・濁音,暗い・重い・大,畳語,dekodeko,dekodeko,0,5,5,5,4,5,5,387.6,3.43,4,3420.4,6.00,6,0,4,#000000,0.0,0.0,0.0,濁音による質量感・無声破裂音の領域性を反映し、Weight 5・Time 5・Flow 4のベクトル配置。,,4,5,5,1,REDUP(畳語・同一)
でれり,「でれ」と一度だけ鮮やかに、あるいは滑らかに行われる動作・状態。,擬態語,テクスチャー・色・光,快,清音・濁音,暗い・重い・大,「り」変化,deɾeɾi,deɾeɾi,0,4,5,5,4,7,5,451.5,3.82,5,3699.8,6.13,6,mh,5,#FFFFFF,100.0,-0.0,0.0,濁音による質量感・弾き音/ɾ/による運動変化を反映し、Weight 4・Time 5・Flow 4のベクトル配置。,,4,6,0,0,RI(り単発)
でれーっ,「でれー」とする動作や現象が瞬間的・急激に行われる音や様子。,擬音語・擬態語,スピード・テンポ,中立,清音・濁音,暗い・重い・大,促音・長音,deɾeːʔ,deɾeːʔ,0,4,4,5,6,6,4,742.8,5.08,4,6417.2,7.07,7,mh,5,#FFC0CB,83.6,24.1,3.3,濁音による質量感・弾き音/ɾ/による運動変化を反映し、Weight 4・Time 4・Flow 6のベクトル配置。,,2,6,5,0,LONG(長音ー)
でんでん,「でんで」と響き渡る音、または余韻や弾力を伴う状態。,擬音語・擬態語,テクスチャー,中立,濁音,暗い・重い・大,畳語・撥音,dendeŋ,dendeŋ,0,5,4,6,4,5,5,336.1,3.07,4,3727.2,6.15,7,0,4,#000000,0.0,0.0,0.0,濁音による質量感・鼻音の共鳴と持続性を反映し、Weight 5・Time 4・Flow 4のベクトル配置。,,4,5,5,1,REDUP(畳語・同一)
でーん,「でー」と響き渡る音、または余韻や弾力を伴う状態。,擬音語・擬態語,テクスチャー,中立,濁音,暗い・重い・大,撥音・長音,deːŋ,deːŋ,0,5,3,6,5,5,5,762.7,5.14,2,5648.3,6.85,6,0,4,#77321E,30.2,28.8,27.1,濁音による質量感・鼻音の共鳴と持続性を反映し、Weight 5・Time 3・Flow 5のベクトル配置。,,3,7,5,0,LONG(長音ー)
とうてんこう,「とうてんこう」という感覚・音・状態を表す表現。,擬音語・擬態語,その他,中立,清音,暗い・重い・大,撥音,touteŋkou,touteŋkou,0,4,4,4,4,6,5,304.5,2.82,5,1296.0,4.35,6,0,4,#708090,52.8,-2.1,-10.6,無声破裂音の領域性・鼻音の共鳴と持続性を反映し、Weight 4・Time 4・Flow 4のベクトル配置。,,5,5,5,8,COMPOUND(複合・異種)
とくとく,「とく」という音や状態が繰り返し連続して生じるさま。,擬音語・擬態語,スピード・テンポ,中立,清音,明るい・軽い・小,畳語,tokutoku,tokutoku,0,4,5,4,5,6,5,344.0,3.13,5,2576.4,5.52,6,0,4,#FFFFFF,100.0,-0.0,0.0,無声破裂音の領域性を反映し、Weight 4・Time 5・Flow 5のベクトル配置。,,4,5,5,1,REDUP(畳語・同一)
とげとげ,「とげ」という音や状態が繰り返し連続して生じるさま。,擬音語・擬態語,スピード・テンポ,中立,清音・濁音,暗い・重い・大,畳語,toɡetoɡe,toɡetoɡe,0,5,4,4,4,6,6,329.9,3.02,4,2640.4,5.56,6,0,4,#DAA520,70.8,8.5,68.8,濁音による質量感・無声破裂音の領域性を反映し、Weight 5・Time 4・Flow 4のベクトル配置。,,4,5,5,1,REDUP(畳語・同一)
とってこう,「とってこう」という感覚・音・状態を表す表現。,擬音語・擬態語,その他,中立,清音,暗い・重い・大,促音,tottekou,tottekou,0,4,5,5,4,6,5,354.4,3.20,6,2259.5,5.30,6,mh,5,#8B4513,37.5,26.4,41.0,無声破裂音の領域性・促音による時間的突発性(Decay high)を反映し、Weight 4・Time 5・Flow 4のベクトル配置。,,5,5,0,8,COMPOUND(複合・異種)
とっぷり,「とっぷ」と一度だけ鮮やかに、あるいは滑らかに行われる動作・状態。,擬態語,テクスチャー・色・光,快,清音・半濁音,明るい・軽い・小,促音・「り」変化,toppuɾi,toppuɾi,0,4,4,5,5,7,6,332.9,3.04,5,2246.5,5.29,7,mh,5,#000080,13.0,47.5,-64.7,無声破裂音の領域性・弾き音/ɾ/による運動変化を反映し、Weight 4・Time 4・Flow 5のベクトル配置。,,5,5,5,8,COMPOUND(複合・異種)
ととと,「ととと」という感覚・音・状態を表す表現。,擬音語・擬態語,その他,中立,清音,明るい・軽い・小,単発・その他,tototo,tototo,0,5,4,4,5,6,5,316.7,2.92,6,2753.0,5.63,7,0,4,#FFFFFF,100.0,-0.0,0.0,無声破裂音の領域性を反映し、Weight 5・Time 4・Flow 5のベクトル配置。,,5,5,0,8,COMPOUND(複合・異種)
ととんとんとん,「ととんとんと」と響き渡る音、または余韻や弾力を伴う状態。,擬音語・擬態語,テクスチャー,中立,清音,明るい・軽い・小,撥音,totontontoŋ,totontontoŋ,0,5,5,5,5,5,5,319.2,2.94,5,3349.7,5.96,7,0,4,#A0522D,43.8,29.3,35.6,無声破裂音の領域性・鼻音の共鳴と持続性を反映し、Weight 5・Time 5・Flow 5のベクトル配置。,,4,5,5,8,COMPOUND(複合・異種)
とろっ,「とろ」とする動作や現象が瞬間的・急激に行われる音や様子。,擬音語・擬態語,スピード・テンポ,中立,清音,明るい・軽い・小,促音,toɾoʔ,toɾoʔ,0,4,7,6,6,6,4,490.1,4.02,7,6229.8,7.02,7,0,4,#000000,0.0,0.0,0.0,無声破裂音の領域性・弾き音/ɾ/による運動変化を反映し、Weight 4・Time 7・Flow 6のベクトル配置。,,2,5,0,0,Q(促音単発)
とろり,「とろ」と一度だけ鮮やかに、あるいは滑らかに行われる動作・状態。,擬態語,テクスチャー・色・光,快,清音,明るい・軽い・小,「り」変化,toɾoɾi,toɾoɾi,0,3,5,5,4,8,5,459.2,3.86,5,2646.5,5.56,6,mh,5,#FFFFFF,100.0,-0.0,0.0,無声破裂音の領域性・弾き音/ɾ/による運動変化を反映し、Weight 3・Time 5・Flow 4のベクトル配置。,,4,6,0,0,RI(り単発)
とろん,「とろ」と響き渡る音、または余韻や弾力を伴う状態。,擬音語・擬態語,テクスチャー,中立,清音,明るい・軽い・小,撥音,toɾoŋ,toɾoŋ,0,4,6,6,5,6,6,420.8,3.64,6,3478.7,6.03,7,0,4,#808080,53.6,-0.0,0.0,無声破裂音の領域性・鼻音の共鳴と持続性を反映し、Weight 4・Time 6・Flow 5のベクトル配置。,,3,6,5,0,N(撥音単発)
とろーり,「とろー」と一度だけ鮮やかに、あるいは滑らかに行われる動作・状態。,擬態語,テクスチャー・色・光,快,清音,明るい・軽い・小,「り」変化・長音,toɾoːɾi,toɾoːɾi,0,3,4,5,4,8,5,479.6,3.97,4,2648.3,5.57,6,mh,5,#FFFFFF,100.0,-0.0,0.0,無声破裂音の領域性・弾き音/ɾ/による運動変化を反映し、Weight 3・Time 4・Flow 4のベクトル配置。,,4,6,0,0,RI(り単発)
とをてくう,「とをてくう」という感覚・音・状態を表す表現。,擬音語・擬態語,その他,中立,清音,暗い・重い・大,単発・その他,tootekuu,tootekuu,0,4,4,4,5,6,6,294.9,2.74,4,1340.3,4.41,6,0,4,#F5F5DC,95.9,-4.2,12.0,無声破裂音の領域性を反映し、Weight 4・Time 4・Flow 5のベクトル配置。,,5,5,0,8,COMPOUND(複合・異種)
とをるもう,「とをるもう」という感覚・音・状態を表す表現。,擬音語・擬態語,その他,中立,清音,暗い・重い・大,単発・その他,tooɾumou,tooɾumou,0,4,3,3,4,7,6,264.8,2.47,4,898.2,3.73,6,0,4,#8B4513,37.5,26.4,41.0,無声破裂音の領域性・鼻音の共鳴と持続性を反映し、Weight 4・Time 3・Flow 4のベクトル配置。,,5,5,0,8,COMPOUND(複合・異種)
どうどう,「どう」という音や状態が繰り返し連続して生じるさま。,擬音語・擬態語,スピード・テンポ,中立,清音・濁音,暗い・重い・大,畳語,doudou,doudou,0,6,4,4,5,6,6,257.9,2.40,4,5964.4,6.94,6,0,4,#A9A9A9,69.2,-0.0,0.0,濁音による質量感を反映し、Weight 6・Time 4・Flow 5のベクトル配置。,,4,5,5,1,REDUP(畳語・同一)
どおかああん,「どおかああ」と響き渡る音、または余韻や弾力を伴う状態。,擬音語・擬態語,テクスチャー,中立,清音・濁音,暗い・重い・大,撥音,dookaaaŋ,dookaaaŋ,0,6,5,5,4,5,5,138.6,0.83,5,4626.3,6.51,6,mh,5,#000000,0.0,0.0,0.0,濁音による質量感・無声破裂音の領域性を反映し、Weight 6・Time 5・Flow 4のベクトル配置。,,5,5,5,8,COMPOUND(複合・異種)
どかーん,「どかー」と響き渡る音、または余韻や弾力を伴う状態。,擬音語・擬態語,テクスチャー,中立,清音・濁音,暗い・重い・大,撥音・長音,dokaːŋ,dokaːŋ,0,5,4,7,4,5,4,668.7,4.81,3,8501.9,7.55,6,mh,5,#DAA520,70.8,8.5,68.8,濁音による質量感・無声破裂音の領域性を反映し、Weight 5・Time 4・Flow 4のベクトル配置。,,3,7,5,0,LONG(長音ー)
どがん,「どが」と響き渡る音、または余韻や弾力を伴う状態。,擬音語・擬態語,テクスチャー,中立,濁音,暗い・重い・大,撥音,doɡaŋ,doɡaŋ,0,6,7,7,6,4,5,268.0,2.50,6,6768.2,7.16,7,0,4,#808080,53.6,-0.0,0.0,濁音による質量感・鼻音の共鳴と持続性を反映し、Weight 6・Time 7・Flow 6のベクトル配置。,,3,6,5,0,N(撥音単発)
どきり,「どき」と一度だけ鮮やかに、あるいは滑らかに行われる動作・状態。,擬態語,テクスチャー・色・光,快,清音・濁音,暗い・重い・大,「り」変化,dokiɾi,dokiɾi,0,4,7,7,5,6,4,592.6,4.50,7,7744.1,7.39,7,mh,5,#FFFFFF,100.0,-0.0,0.0,濁音による質量感・無声破裂音の領域性を反映し、Weight 4・Time 7・Flow 5のベクトル配置。,,4,6,0,0,RI(り単発)
どきん,「どき」と響き渡る音、または余韻や弾力を伴う状態。,擬音語・擬態語,テクスチャー,中立,清音・濁音,暗い・重い・大,撥音,dokiŋ,dokiŋ,0,5,7,8,6,4,5,586.7,4.48,7,8303.2,7.51,7,0,4,#FFD700,86.9,-1.9,87.1,濁音による質量感・無声破裂音の領域性を反映し、Weight 5・Time 7・Flow 6のベクトル配置。,,3,6,5,0,N(撥音単発)
どきんどきん,「どきんどき」と響き渡る音、または余韻や弾力を伴う状態。,擬音語・擬態語,テクスチャー,中立,清音・濁音,暗い・重い・大,畳語・撥音,dokindokiŋ,dokindokiŋ,0,6,6,7,6,4,5,549.6,4.31,5,9601.9,7.75,7,mh,5,#FF4500,57.6,67.8,69.0,濁音による質量感・無声破裂音の領域性を反映し、Weight 6・Time 6・Flow 6のベクトル配置。,,4,5,5,1,REDUP(畳語・同一)
どくどく,「どく」という音や状態が繰り返し連続して生じるさま。,擬音語・擬態語,スピード・テンポ,中立,清音・濁音,暗い・重い・大,畳語,dokudoku,dokudoku,0,6,5,4,6,5,6,174.2,1.41,5,5643.2,6.85,7,0,4,#4B0082,20.5,51.7,-53.3,濁音による質量感・無声破裂音の領域性を反映し、Weight 6・Time 5・Flow 6のベクトル配置。,,4,5,5,1,REDUP(畳語・同一)
どさっ,「どさ」とする動作や現象が瞬間的・急激に行われる音や様子。,擬音語・擬態語,スピード・テンポ,中立,清音・濁音,暗い・重い・大,促音,dosaʔ,dosaʔ,0,6,8,7,6,6,3,462.2,3.88,8,10731.3,7.94,7,0,4,#000000,0.0,0.0,0.0,濁音による質量感・摩擦音による流体・気体性を反映し、Weight 6・Time 8・Flow 6のベクトル配置。,,2,5,0,0,Q(促音単発)
どさどさ,「どさ」という音や状態が繰り返し連続して生じるさま。,擬音語・擬態語,スピード・テンポ,中立,清音・濁音,暗い・重い・大,畳語,dosadosa,dosadosa,0,6,5,4,4,6,4,350.4,3.17,5,9136.7,7.67,5,0,4,#8B4513,37.5,26.4,41.0,濁音による質量感・摩擦音による流体・気体性を反映し、Weight 6・Time 5・Flow 4のベクトル配置。,,4,5,5,1,REDUP(畳語・同一)
どさどさっ,「どさどさ」とする動作や現象が瞬間的・急激に行われる音や様子。,擬音語・擬態語,スピード・テンポ,中立,清音・濁音,暗い・重い・大,促音,dosadosaʔ,dosadosaʔ,0,6,8,6,6,6,3,423.2,3.65,8,11533.3,8.06,7,0,4,#000000,0.0,0.0,0.0,濁音による質量感・摩擦音による流体・気体性を反映し、Weight 6・Time 8・Flow 6のベクトル配置。,,3,5,0,0,Q(促音単発)
どさり,「どさ」と一度だけ鮮やかに、あるいは滑らかに行われる動作・状態。,擬態語,テクスチャー・色・光,快,清音・濁音,暗い・重い・大,「り」変化,dosaɾi,dosaɾi,0,4,6,6,4,7,4,423.3,3.65,6,6255.4,7.03,6,mh,5,#FFFFFF,100.0,-0.0,0.0,濁音による質量感・摩擦音による流体・気体性を反映し、Weight 4・Time 6・Flow 4のベクトル配置。,,4,6,0,0,RI(り単発)
どさん,「どさ」と響き渡る音、または余韻や弾力を伴う状態。,擬音語・擬態語,テクスチャー,中立,清音・濁音,暗い・重い・大,撥音,dosaŋ,dosaŋ,0,6,7,7,5,5,4,393.4,3.47,7,8161.9,7.48,7,0,4,#808080,53.6,-0.0,0.0,濁音による質量感・摩擦音による流体・気体性を反映し、Weight 6・Time 7・Flow 5のベクトル配置。,,3,6,5,0,N(撥音単発)
どしっ,「どし」とする動作や現象が瞬間的・急激に行われる音や様子。,擬音語・擬態語,スピード・テンポ,中立,清音・濁音,暗い・重い・大,促音,doɕiʔ,doɕiʔ,0,6,8,7,7,5,4,517.4,4.16,8,11064.4,7.99,8,0,4,#000000,0.0,0.0,0.0,濁音による質量感・摩擦音による流体・気体性を反映し、Weight 6・Time 8・Flow 7のベクトル配置。,,2,5,0,0,Q(促音単発)
どしん,「どし」と響き渡る音、または余韻や弾力を伴う状態。,擬音語・擬態語,テクスチャー,中立,清音・濁音,暗い・重い・大,撥音,doɕiŋ,doɕiŋ,0,6,7,8,6,4,5,452.7,3.82,7,8700.7,7.59,7,mc,3,#000000,0.0,0.0,0.0,濁音による質量感・摩擦音による流体・気体性を反映し、Weight 6・Time 7・Flow 6のベクトル配置。,,3,6,5,0,N(撥音単発)
どしーん,「どしー」と響き渡る音、または余韻や弾力を伴う状態。,擬音語・擬態語,テクスチャー,中立,清音・濁音,暗い・重い・大,撥音・長音,doɕiːŋ,doɕiːŋ,0,5,5,7,5,5,4,878.9,5.50,3,9905.7,7.81,6,0,4,#000000,0.0,0.0,0.0,濁音による質量感・摩擦音による流体・気体性を反映し、Weight 5・Time 5・Flow 5のベクトル配置。,,3,7,5,0,LONG(長音ー)
どすどす,「どす」という音や状態が繰り返し連続して生じるさま。,擬音語・擬態語,スピード・テンポ,中立,清音・濁音,暗い・重い・大,畳語,dosudosu,dosudosu,0,6,5,5,5,6,4,343.3,3.12,5,9016.3,7.65,6,0,4,#2F4F4F,31.3,-11.7,-3.7,濁音による質量感・摩擦音による流体・気体性を反映し、Weight 6・Time 5・Flow 5のベクトル配置。,,4,5,5,1,REDUP(畳語・同一)
どすん,「どす」と響き渡る音、または余韻や弾力を伴う状態。,擬音語・擬態語,テクスチャー,中立,清音・濁音,暗い・重い・大,撥音,dosuŋ,dosuŋ,0,6,7,7,6,5,4,341.7,3.11,7,9133.1,7.67,7,0,4,#2F4F4F,31.3,-11.7,-3.7,濁音による質量感・摩擦音による流体・気体性を反映し、Weight 6・Time 7・Flow 6のベクトル配置。,,3,6,5,0,N(撥音単発)
どすんどしん,「どすんどし」と響き渡る音、または余韻や弾力を伴う状態。,擬音語・擬態語,テクスチャー,中立,清音・濁音,暗い・重い・大,撥音,dosundoɕiŋ,dosundoɕiŋ,0,7,6,7,6,4,5,218.1,1.97,6,9764.5,7.78,7,0,4,#2F4F4F,31.3,-11.7,-3.7,濁音による質量感・摩擦音による流体・気体性を反映し、Weight 7・Time 6・Flow 6のベクトル配置。,,5,5,5,8,COMPOUND(複合・異種)
どすーん,「どすー」と響き渡る音、または余韻や弾力を伴う状態。,擬音語・擬態語,テクスチャー,中立,清音・濁音,暗い・重い・大,撥音・長音,dosuːŋ,dosuːŋ,0,5,4,6,5,5,4,681.8,4.86,3,9060.7,7.66,6,0,4,#2F4F4F,31.3,-11.7,-3.7,濁音による質量感・摩擦音による流体・気体性を反映し、Weight 5・Time 4・Flow 5のベクトル配置。,,3,7,5,0,LONG(長音ー)
どたっ,「どた」とする動作や現象が瞬間的・急激に行われる音や様子。,擬音語・擬態語,スピード・テンポ,中立,清音・濁音,暗い・重い・大,促音,dotaʔ,dotaʔ,0,6,8,7,7,5,4,365.1,3.28,8,9978.3,7.82,8,0,4,#000000,0.0,0.0,0.0,濁音による質量感・無声破裂音の領域性を反映し、Weight 6・Time 8・Flow 7のベクトル配置。,,2,5,0,0,Q(促音単発)
どたどた,「どた」という音や状態が繰り返し連続して生じるさま。,擬音語・擬態語,スピード・テンポ,中立,清音・濁音,暗い・重い・大,畳語,dotadota,dotadota,0,6,6,4,4,6,6,202.8,1.79,5,6877.2,7.19,7,0,4,#8B4513,37.5,26.4,41.0,濁音による質量感・無声破裂音の領域性を反映し、Weight 6・Time 6・Flow 4のベクトル配置。,,4,5,5,1,REDUP(畳語・同一)
どたり,「どた」と一度だけ鮮やかに、あるいは滑らかに行われる動作・状態。,擬態語,テクスチャー・色・光,快,清音・濁音,暗い・重い・大,「り」変化,dotaɾi,dotaɾi,0,4,6,6,5,7,5,320.4,2.95,6,5315.9,6.75,6,mh,5,#FFFFFF,100.0,-0.0,0.0,濁音による質量感・無声破裂音の領域性を反映し、Weight 4・Time 6・Flow 5のベクトル配置。,,4,6,0,0,RI(り単発)
どたりばたり,「どたりばた」と一度だけ鮮やかに、あるいは滑らかに行われる動作・状態。,擬態語,テクスチャー・色・光,快,清音・濁音,暗い・重い・大,「り」変化,dotaɾibataɾi,dotaɾibataɾi,0,5,7,6,5,6,5,320.2,2.95,7,6244.4,7.02,6,mh,5,#8B4513,37.5,26.4,41.0,濁音による質量感・無声破裂音の領域性を反映し、Weight 5・Time 7・Flow 5のベクトル配置。,,4,6,0,0,RI(り単発)
どたん,「どた」と響き渡る音、または余韻や弾力を伴う状態。,擬音語・擬態語,テクスチャー,中立,清音・濁音,暗い・重い・大,撥音,dotaŋ,dotaŋ,0,6,7,7,6,5,5,301.3,2.79,7,6957.6,7.21,7,0,4,#808080,53.6,-0.0,0.0,濁音による質量感・無声破裂音の領域性を反映し、Weight 6・Time 7・Flow 6のベクトル配置。,,3,6,5,0,N(撥音単発)
どたんばたん,「どたんばた」と響き渡る音、または余韻や弾力を伴う状態。,擬音語・擬態語,テクスチャー,中立,清音・濁音,暗い・重い・大,撥音,dotambataŋ,dotambataŋ,0,7,6,6,5,5,6,100.0,0.00,6,6921.5,7.20,7,mh,5,#8B4513,37.5,26.4,41.0,濁音による質量感・無声破裂音の領域性を反映し、Weight 7・Time 6・Flow 5のベクトル配置。,,5,5,5,8,COMPOUND(複合・異種)
どたーっ,「どたー」とする動作や現象が瞬間的・急激に行われる音や様子。,擬音語・擬態語,スピード・テンポ,中立,清音・濁音,暗い・重い・大,促音・長音,dotaːʔ,dotaːʔ,0,5,5,6,6,6,4,660.8,4.78,5,8787.6,7.60,7,mh,5,#FF0000,53.2,80.1,67.2,濁音による質量感・無声破裂音の領域性を反映し、Weight 5・Time 5・Flow 6のベクトル配置。,,2,6,5,0,LONG(長音ー)
どたーん,「どたー」と響き渡る音、または余韻や弾力を伴う状態。,擬音語・擬態語,テクスチャー,中立,清音・濁音,暗い・重い・大,撥音・長音,dotaːŋ,dotaːŋ,0,6,4,6,4,5,5,645.0,4.72,3,7987.6,7.44,6,0,4,#FFD700,86.9,-1.9,87.1,濁音による質量感・無声破裂音の領域性を反映し、Weight 6・Time 4・Flow 4のベクトル配置。,,3,7,5,0,LONG(長音ー)
どっ,「ど」とする動作や現象が瞬間的・急激に行われる音や様子。,擬音語・擬態語,スピード・テンポ,中立,濁音,暗い・重い・大,促音,doʔ,doʔ,0,6,8,7,7,5,4,416.7,3.61,8,9557.9,7.75,8,0,4,#000000,0.0,0.0,0.0,濁音による質量感・促音による時間的突発性(Decay high)を反映し、Weight 6・Time 8・Flow 7のベクトル配置。,,2,5,0,0,Q(促音単発)
どっか,「どっか」という感覚・音・状態を表す表現。,擬音語・擬態語,その他,中立,清音・濁音,暗い・重い・大,促音,dokka,dokka,0,6,6,6,5,6,4,283.1,2.63,7,5908.9,6.93,7,mh,5,#000000,0.0,0.0,0.0,濁音による質量感・無声破裂音の領域性を反映し、Weight 6・Time 6・Flow 5のベクトル配置。,,5,5,0,8,COMPOUND(複合・異種)
どッキリ,「どッキリ」という感覚・音・状態を表す表現。,擬音語・擬態語,その他,中立,清音・濁音,暗い・重い・大,促音・「り」変化,doʔキリ,doʔキリ,0,6,5,5,6,6,5,276.2,2.57,6,6432.6,7.07,7,0,4,#000000,0.0,0.0,0.0,濁音による質量感・促音による時間的突発性(Decay high)を反映し、Weight 6・Time 5・Flow 6のベクトル配置。,,5,5,0,8,COMPOUND(複合・異種)
どっきん,「どっき」と響き渡る音、または余韻や弾力を伴う状態。,擬音語・擬態語,テクスチャー,中立,清音・濁音,暗い・重い・大,促音・撥音,dokkiŋ,dokkiŋ,0,6,7,8,6,4,4,622.0,4.63,7,8520.6,7.55,8,0,4,#FFD700,86.9,-1.9,87.1,濁音による質量感・無声破裂音の領域性を反映し、Weight 6・Time 7・Flow 6のベクトル配置。,,3,6,5,0,N(撥音単発)
どっきんどっきん,「どっきんどっき」と響き渡る音、または余韻や弾力を伴う状態。,擬音語・擬態語,テクスチャー,中立,清音・濁音,暗い・重い・大,畳語・促音・撥音,dokkindokkiŋ,dokkindokkiŋ,0,6,7,7,5,4,4,600.0,4.54,6,9808.2,7.79,8,mh,5,#FFD700,86.9,-1.9,87.1,濁音による質量感・無声破裂音の領域性を反映し、Weight 6・Time 7・Flow 5のベクトル配置。,,4,5,5,1,REDUP(畳語・同一)
どてっ,「どて」とする動作や現象が瞬間的・急激に行われる音や様子。,擬音語・擬態語,スピード・テンポ,中立,清音・濁音,暗い・重い・大,促音,doteʔ,doteʔ,0,6,7,6,7,5,4,398.3,3.50,8,9081.2,7.66,8,0,4,#000000,0.0,0.0,0.0,濁音による質量感・無声破裂音の領域性を反映し、Weight 6・Time 7・Flow 7のベクトル配置。,,2,5,0,0,Q(促音単発)
どてん,「どて」と響き渡る音、または余韻や弾力を伴う状態。,擬音語・擬態語,テクスチャー,中立,清音・濁音,暗い・重い・大,撥音,doteŋ,doteŋ,0,6,6,7,6,5,5,312.8,2.89,6,5563.8,6.83,7,mc,3,#808080,53.6,-0.0,0.0,濁音による質量感・無声破裂音の領域性を反映し、Weight 6・Time 6・Flow 6のベクトル配置。,,3,6,5,0,N(撥音単発)
どでっ,「どで」とする動作や現象が瞬間的・急激に行われる音や様子。,擬音語・擬態語,スピード・テンポ,中立,濁音,暗い・重い・大,促音,dodeʔ,dodeʔ,0,6,7,6,7,5,4,419.4,3.63,8,9680.5,7.77,8,0,4,#000000,0.0,0.0,0.0,濁音による質量感・促音による時間的突発性(Decay high)を反映し、Weight 6・Time 7・Flow 7のベクトル配置。,,2,5,0,0,Q(促音単発)
どどっ,「どど」とする動作や現象が瞬間的・急激に行われる音や様子。,擬音語・擬態語,スピード・テンポ,中立,濁音,暗い・重い・大,促音,dodoʔ,dodoʔ,0,6,8,7,7,5,4,344.9,3.13,8,10207.1,7.86,8,0,4,#000000,0.0,0.0,0.0,濁音による質量感・促音による時間的突発性(Decay high)を反映し、Weight 6・Time 8・Flow 7のベクトル配置。,,2,5,0,0,Q(促音単発)
どどん,「どど」と響き渡る音、または余韻や弾力を伴う状態。,擬音語・擬態語,テクスチャー,中立,濁音,暗い・重い・大,撥音,dodoŋ,dodoŋ,0,6,7,7,6,4,5,256.6,2.39,7,8059.4,7.46,8,0,4,#808080,53.6,-0.0,0.0,濁音による質量感・鼻音の共鳴と持続性を反映し、Weight 6・Time 7・Flow 6のベクトル配置。,,3,6,5,0,N(撥音単発)
どばっ,「どば」とする動作や現象が瞬間的・急激に行われる音や様子。,擬音語・擬態語,スピード・テンポ,中立,濁音,暗い・重い・大,促音,dobaʔ,dobaʔ,0,6,8,7,6,5,4,383.7,3.40,8,11267.0,8.03,8,mh,5,#FF8C00,69.5,36.8,75.5,濁音による質量感・促音による時間的突発性(Decay high)を反映し、Weight 6・Time 8・Flow 6のベクトル配置。,,2,5,0,0,Q(促音単発)
どばーっ,「どばー」とする動作や現象が瞬間的・急激に行われる音や様子。,擬音語・擬態語,スピード・テンポ,中立,濁音,暗い・重い・大,促音・長音,dobaːʔ,dobaːʔ,0,6,5,6,6,6,4,659.7,4.78,5,10165.5,7.85,7,mh,5,#FF0000,53.2,80.1,67.2,濁音による質量感・促音による時間的突発性(Decay high)を反映し、Weight 6・Time 5・Flow 6のベクトル配置。,,2,6,5,0,LONG(長音ー)
どぶどぶ,「どぶ」という音や状態が繰り返し連続して生じるさま。,擬音語・擬態語,スピード・テンポ,中立,濁音,暗い・重い・大,畳語,dobudobu,dobudobu,0,7,5,4,5,7,7,152.9,1.07,4,8859.5,7.62,7,0,4,#191970,15.9,31.7,-49.6,濁音による質量感を反映し、Weight 7・Time 5・Flow 5のベクトル配置。,,4,5,5,1,REDUP(畳語・同一)
どぶり,「どぶ」と一度だけ鮮やかに、あるいは滑らかに行われる動作・状態。,擬態語,テクスチャー・色・光,快,清音・濁音,暗い・重い・大,「り」変化,dobuɾi,dobuɾi,0,5,6,6,5,7,6,280.3,2.61,6,6848.1,7.18,7,mh,5,#FFFFFF,100.0,-0.0,0.0,濁音による質量感・弾き音/ɾ/による運動変化を反映し、Weight 5・Time 6・Flow 5のベクトル配置。,,4,6,0,0,RI(り単発)
どろっ,「どろ」とする動作や現象が瞬間的・急激に行われる音や様子。,擬音語・擬態語,スピード・テンポ,中立,清音・濁音,暗い・重い・大,促音,doɾoʔ,doɾoʔ,0,5,7,7,6,6,4,365.8,3.28,8,8083.5,7.46,8,0,4,#000000,0.0,0.0,0.0,濁音による質量感・弾き音/ɾ/による運動変化を反映し、Weight 5・Time 7・Flow 6のベクトル配置。,,2,5,0,0,Q(促音単発)
どろり,「どろ」と一度だけ鮮やかに、あるいは滑らかに行われる動作・状態。,擬態語,テクスチャー・色・光,快,清音・濁音,暗い・重い・大,「り」変化,doɾoɾi,doɾoɾi,0,4,5,5,4,8,5,342.5,3.12,6,4383.2,6.42,6,mh,5,#FFFFFF,100.0,-0.0,0.0,濁音による質量感・弾き音/ɾ/による運動変化を反映し、Weight 4・Time 5・Flow 4のベクトル配置。,,4,6,0,0,RI(り単発)
どろーり,「どろー」と一度だけ鮮やかに、あるいは滑らかに行われる動作・状態。,擬態語,テクスチャー・色・光,快,清音・濁音,暗い・重い・大,「り」変化・長音,doɾoːɾi,doɾoːɾi,0,4,5,6,4,8,5,360.9,3.25,5,4413.6,6.43,6,mh,5,#FFFFFF,100.0,-0.0,0.0,濁音による質量感・弾き音/ɾ/による運動変化を反映し、Weight 4・Time 5・Flow 4のベクトル配置。,,4,6,0,0,RI(り単発)
どん,「ど」と響き渡る音、または余韻や弾力を伴う状態。,擬音語・擬態語,テクスチャー,中立,濁音,暗い・重い・大,撥音,doŋ,doŋ,0,6,7,7,6,4,5,327.2,3.00,7,7312.8,7.29,7,0,4,#808080,53.6,-0.0,0.0,濁音による質量感・鼻音の共鳴と持続性を反映し、Weight 6・Time 7・Flow 6のベクトル配置。,,3,6,5,0,N(撥音単発)
どんどどん,「どんどど」と響き渡る音、または余韻や弾力を伴う状態。,擬音語・擬態語,テクスチャー,中立,濁音,暗い・重い・大,撥音,dondodoŋ,dondodoŋ,0,7,6,6,6,4,6,100.0,0.00,6,7897.4,7.42,8,mh,5,#8B0000,28.1,51.0,41.3,濁音による質量感・鼻音の共鳴と持続性を反映し、Weight 7・Time 6・Flow 6のベクトル配置。,,5,5,5,8,COMPOUND(複合・異種)
どんぴしゃり,「どんぴしゃ」と一度だけ鮮やかに、あるいは滑らかに行われる動作・状態。,擬態語,テクスチャー・色・光,快,清音・濁音・半濁音,暗い・重い・大,撥音・「り」変化,dompiɕaɾi,dompiɕaɾi,0,5,6,6,5,6,5,549.8,4.31,6,7868.0,7.42,7,mh,5,#FFFFFF,100.0,-0.0,0.0,濁音による質量感・無声破裂音の領域性を反映し、Weight 5・Time 6・Flow 5のベクトル配置。,,5,5,5,8,COMPOUND(複合・異種)
どーっ,「どー」とする動作や現象が瞬間的・急激に行われる音や様子。,擬音語・擬態語,スピード・テンポ,中立,濁音,暗い・重い・大,促音・長音,doːʔ,doːʔ,0,5,5,6,6,6,4,695.3,4.91,5,9061.0,7.66,7,mh,5,#F0FFFF,98.9,-4.9,-1.7,濁音による質量感・促音による時間的突発性(Decay high)を反映し、Weight 5・Time 5・Flow 6のベクトル配置。,,2,7,5,0,LONG(長音ー)
どーど,音が長く尾を引いて持続する音や状態。,擬音語・擬態語,スピード・テンポ,中立,濁音,暗い・重い・大,長音,doːdo,doːdo,0,5,3,5,5,7,5,661.3,4.78,2,8063.4,7.46,6,0,4,#FFD700,86.9,-1.9,87.1,濁音による質量感・長音による持続傾向を反映し、Weight 5・Time 3・Flow 5のベクトル配置。,,2,7,5,0,LONG(長音ー)
どーん,「どー」と響き渡る音、または余韻や弾力を伴う状態。,擬音語・擬態語,テクスチャー,中立,濁音,暗い・重い・大,撥音・長音,doːŋ,doːŋ,0,5,4,6,5,5,5,684.5,4.87,3,8199.4,7.49,6,0,4,#FFFF00,97.1,-21.6,94.5,濁音による質量感・鼻音の共鳴と持続性を反映し、Weight 5・Time 4・Flow 5のベクトル配置。,,3,7,5,0,LONG(長音ー)
にこ,「にこ」という感覚・音・状態を表す表現。,擬音語・擬態語,その他,中立,清音,明るい・軽い・小,単発・その他,niko,niko,0,3,5,5,5,6,5,757.0,5.12,5,2141.8,5.21,6,mh,5,#FFFF00,97.1,-21.6,94.5,無声破裂音の領域性・鼻音の共鳴と持続性を反映し、Weight 3・Time 5・Flow 5のベクトル配置。,,5,5,0,8,COMPOUND(複合・異種)
にこー,音が長く尾を引いて持続する音や状態。,擬音語・擬態語,スピード・テンポ,中立,清音,明るい・軽い・小,長音,nikoː,nikoː,0,3,3,5,4,7,4,1162.7,6.21,2,4981.5,6.64,5,mh,5,#FF0000,53.2,80.1,67.2,無声破裂音の領域性・鼻音の共鳴と持続性を反映し、Weight 3・Time 3・Flow 4のベクトル配置。,,2,7,5,0,LONG(長音ー)
にたりにたり,「にたりにた」と一度だけ鮮やかに、あるいは滑らかに行われる動作・状態。,擬態語,テクスチャー・色・光,快,清音,明るい・軽い・小,畳語・「り」変化,nitaɾinitaɾi,nitaɾinitaɾi,0,3,5,4,5,6,5,554.5,4.34,5,2371.2,5.38,6,0,4,#9ACD32,76.5,-38.0,66.6,無声破裂音の領域性・鼻音の共鳴と持続性を反映し、Weight 3・Time 5・Flow 5のベクトル配置。,,4,5,5,1,REDUP(畳語・同一)
にちゃにちゃ,「にちゃ」という音や状態が繰り返し連続して生じるさま。,擬音語・擬態語,スピード・テンポ,中立,清音,明るい・軽い・小,畳語,nitɕanitɕa,nitɕanitɕa,0,3,5,4,4,5,6,1175.1,6.24,5,5930.2,6.93,7,0,4,#FFC0CB,83.6,24.1,3.3,無声破裂音の領域性・摩擦音による流体・気体性を反映し、Weight 3・Time 5・Flow 4のベクトル配置。,,4,5,5,1,REDUP(畳語・同一)
にっこ,「にっこ」という感覚・音・状態を表す表現。,擬音語・擬態語,その他,中立,清音,明るい・軽い・小,促音,nikko,nikko,0,4,6,5,5,6,4,708.9,4.96,6,3064.5,5.81,7,mh,5,#FF0000,53.2,80.1,67.2,無声破裂音の領域性・鼻音の共鳴と持続性を反映し、Weight 4・Time 6・Flow 5のベクトル配置。,,5,5,0,8,COMPOUND(複合・異種)
にっこにこ,「にっこにこ」という感覚・音・状態を表す表現。,擬音語・擬態語,その他,中立,清音,明るい・軽い・小,促音,nikkoniko,nikkoniko,0,3,6,5,5,6,4,900.0,5.56,6,3279.6,5.93,6,mh,5,#FFFF00,97.1,-21.6,94.5,無声破裂音の領域性・鼻音の共鳴と持続性を反映し、Weight 3・Time 6・Flow 5のベクトル配置。,,5,5,0,8,COMPOUND(複合・異種)
にっこり,「にっこ」と一度だけ鮮やかに、あるいは滑らかに行われる動作・状態。,擬態語,テクスチャー・色・光,快,清音,明るい・軽い・小,促音・「り」変化,nikkoɾi,nikkoɾi,0,3,5,5,5,6,4,665.0,4.80,6,2774.3,5.64,6,mh,5,#FFFFFF,100.0,-0.0,0.0,無声破裂音の領域性・鼻音の共鳴と持続性を反映し、Weight 3・Time 5・Flow 5のベクトル配置。,,5,5,5,8,COMPOUND(複合・異種)
にゃごにゃご,「にゃご」という音や状態が繰り返し連続して生じるさま。,擬音語・擬態語,スピード・テンポ,中立,清音・濁音,暗い・重い・大,畳語,ɲaɡoɲaɡo,ɲaɡoɲaɡo,0,4,4,3,4,6,6,369.0,3.31,3,3822.6,6.19,7,0,4,#ADFF2F,92.0,-52.5,81.9,濁音による質量感・鼻音の共鳴と持続性を反映し、Weight 4・Time 4・Flow 4のベクトル配置。,,4,5,5,1,REDUP(畳語・同一)
にゃごーにゃごー,「にゃごー」という音や状態が繰り返し連続して生じるさま。,擬音語・擬態語,スピード・テンポ,中立,清音・濁音,暗い・重い・大,畳語・長音,ɲaɡoːɲaɡoː,ɲaɡoːɲaɡoː,0,5,4,4,3,7,6,437.6,3.74,2,4218.6,6.36,7,0,4,#4682B4,52.5,-4.1,-32.2,濁音による質量感・鼻音の共鳴と持続性を反映し、Weight 5・Time 4・Flow 3のベクトル配置。,,4,5,5,1,REDUP(畳語・同一)
にゃん,「にゃ」と響き渡る音、または余韻や弾力を伴う状態。,擬音語・擬態語,テクスチャー,中立,清音,明るい・軽い・小,撥音,ɲaŋ,ɲaŋ,0,4,6,6,5,5,6,546.5,4.30,5,5423.5,6.78,7,0,4,#808080,53.6,-0.0,0.0,鼻音の共鳴と持続性を反映し、Weight 4・Time 6・Flow 5のベクトル配置。,,3,6,5,0,N(撥音単発)
にゃんにゃん,「にゃんにゃ」と響き渡る音、または余韻や弾力を伴う状態。,擬音語・擬態語,テクスチャー,中立,清音,明るい・軽い・小,畳語・撥音,ɲanɲaŋ,ɲanɲaŋ,0,4,5,5,3,6,7,489.6,4.02,4,5479.7,6.80,7,mh,5,#FFB6C1,81.1,28.0,5.0,鼻音の共鳴と持続性を反映し、Weight 4・Time 5・Flow 3のベクトル配置。,,4,5,5,1,REDUP(畳語・同一)
にゃーごにゃーご,「にゃーご」という音や状態が繰り返し連続して生じるさま。,擬音語・擬態語,スピード・テンポ,中立,清音・濁音,暗い・重い・大,畳語・長音,ɲaːɡoɲaːɡo,ɲaːɡoɲaːɡo,0,5,4,4,3,7,6,544.0,4.29,2,4541.1,6.48,7,0,4,#FFB6C1,81.1,28.0,5.0,濁音による質量感・鼻音の共鳴と持続性を反映し、Weight 5・Time 4・Flow 3のベクトル配置。,,4,5,5,1,REDUP(畳語・同一)
にやっ,「にや」とする動作や現象が瞬間的・急激に行われる音や様子。,擬音語・擬態語,スピード・テンポ,中立,清音,明るい・軽い・小,促音,nijaʔ,nijaʔ,0,4,7,6,6,6,4,659.8,4.78,7,7009.8,7.22,7,0,4,#F0E68C,90.3,-9.0,45.0,鼻音の共鳴と持続性・促音による時間的突発性(Decay high)を反映し、Weight 4・Time 7・Flow 6のベクトル配置。,,3,5,0,0,Q(促音単発)
にやりにやり,「にやりにや」と一度だけ鮮やかに、あるいは滑らかに行われる動作・状態。,擬態語,テクスチャー・色・光,快,清音,明るい・軽い・小,畳語・「り」変化,nijaɾinijaɾi,nijaɾinijaɾi,0,3,4,4,4,7,5,653.0,4.75,4,2593.7,5.53,6,0,4,#FFFFFF,100.0,-0.0,0.0,鼻音の共鳴と持続性・弾き音/ɾ/による運動変化を反映し、Weight 3・Time 4・Flow 4のベクトル配置。,,4,5,5,1,REDUP(畳語・同一)
にやーっ,「にやー」とする動作や現象が瞬間的・急激に行われる音や様子。,擬音語・擬態語,スピード・テンポ,中立,清音,明るい・軽い・小,促音・長音,nijaːʔ,nijaːʔ,0,3,4,5,5,7,4,912.4,5.60,4,6332.4,7.05,6,mh,5,#F0E68C,90.3,-9.0,45.0,鼻音の共鳴と持続性・促音による時間的突発性(Decay high)を反映し、Weight 3・Time 4・Flow 5のベクトル配置。,,3,6,5,0,LONG(長音ー)
にゅっ,「にゅ」とする動作や現象が瞬間的・急激に行われる音や様子。,擬音語・擬態語,スピード・テンポ,中立,清音,明るい・軽い・小,促音,ɲuʔ,ɲuʔ,0,4,7,6,7,6,4,636.2,4.68,7,7561.6,7.35,8,0,4,#000000,0.0,0.0,0.0,鼻音の共鳴と持続性・促音による時間的突発性(Decay high)を反映し、Weight 4・Time 7・Flow 7のベクトル配置。,,2,5,0,0,Q(促音単発)
にゅるっ,「にゅる」とする動作や現象が瞬間的・急激に行われる音や様子。,擬音語・擬態語,スピード・テンポ,中立,清音,明るい・軽い・小,促音,ɲuɾuʔ,ɲuɾuʔ,0,4,7,6,7,6,4,575.2,4.43,7,6693.8,7.14,7,0,4,#556B2F,42.2,-18.8,30.6,鼻音の共鳴と持続性・弾き音/ɾ/による運動変化を反映し、Weight 4・Time 7・Flow 7のベクトル配置。,,3,5,0,0,Q(促音単発)
にゅるり,「にゅる」と一度だけ鮮やかに、あるいは滑らかに行われる動作・状態。,擬態語,テクスチャー・色・光,快,清音,明るい・軽い・小,「り」変化,ɲuɾuɾi,ɲuɾuɾi,0,3,5,5,5,8,5,508.9,4.12,5,3068.9,5.82,6,0,4,#556B2F,42.2,-18.8,30.6,鼻音の共鳴と持続性・弾き音/ɾ/による運動変化を反映し、Weight 3・Time 5・Flow 5のベクトル配置。,,4,6,0,0,RI(り単発)
にゅー,音が長く尾を引いて持続する音や状態。,擬音語・擬態語,スピード・テンポ,中立,清音,明るい・軽い・小,長音,ɲuː,ɲuː,0,3,2,5,5,7,5,978.6,5.77,1,5521.2,6.81,6,0,4,#FF4500,57.6,67.8,69.0,鼻音の共鳴と持続性・長音による持続傾向を反映し、Weight 3・Time 2・Flow 5のベクトル配置。,,2,7,5,0,LONG(長音ー)
にゅーっ,「にゅー」とする動作や現象が瞬間的・急激に行われる音や様子。,擬音語・擬態語,スピード・テンポ,中立,清音,明るい・軽い・小,促音・長音,ɲuːʔ,ɲuːʔ,0,4,4,5,6,7,4,891.3,5.54,4,6734.4,7.15,7,0,4,#F0FFFF,98.9,-4.9,-1.7,鼻音の共鳴と持続性・促音による時間的突発性(Decay high)を反映し、Weight 4・Time 4・Flow 6のベクトル配置。,,2,6,5,0,LONG(長音ー)
にょきっ,「にょき」とする動作や現象が瞬間的・急激に行われる音や様子。,擬音語・擬態語,スピード・テンポ,中立,清音,明るい・軽い・小,促音,ɲokiʔ,ɲokiʔ,0,4,7,7,7,5,4,760.7,5.14,7,7697.5,7.38,7,0,4,#32CD32,72.6,-67.1,61.4,無声破裂音の領域性・鼻音の共鳴と持続性を反映し、Weight 4・Time 7・Flow 7のベクトル配置。,,3,5,0,0,Q(促音単発)
にょっき,「にょっき」という感覚・音・状態を表す表現。,擬音語・擬態語,その他,中立,清音,明るい・軽い・小,促音,ɲokki,ɲokki,0,4,6,6,5,6,4,671.3,4.82,6,4963.4,6.63,7,mh,5,#000000,0.0,0.0,0.0,無声破裂音の領域性・鼻音の共鳴と持続性を反映し、Weight 4・Time 6・Flow 5のベクトル配置。,,5,5,0,8,COMPOUND(複合・異種)
にょっきり,「にょっき」と一度だけ鮮やかに、あるいは滑らかに行われる動作・状態。,擬態語,テクスチャー・色・光,快,清音,明るい・軽い・小,促音・「り」変化,ɲokkiɾi,ɲokkiɾi,0,3,6,6,5,6,4,651.4,4.74,6,4751.0,6.56,7,mh,5,#000000,0.0,0.0,0.0,無声破裂音の領域性・鼻音の共鳴と持続性を反映し、Weight 3・Time 6・Flow 5のベクトル配置。,,5,5,5,8,COMPOUND(複合・異種)
にょろっ,「にょろ」とする動作や現象が瞬間的・急激に行われる音や様子。,擬音語・擬態語,スピード・テンポ,中立,清音,明るい・軽い・小,促音,ɲoɾoʔ,ɲoɾoʔ,0,4,7,6,5,7,5,502.7,4.09,7,5576.3,6.83,7,0,4,#000000,0.0,0.0,0.0,鼻音の共鳴と持続性・弾き音/ɾ/による運動変化を反映し、Weight 4・Time 7・Flow 5のベクトル配置。,,3,5,0,0,Q(促音単発)
にょろり,「にょろ」と一度だけ鮮やかに、あるいは滑らかに行われる動作・状態。,擬態語,テクスチャー・色・光,快,清音,明るい・軽い・小,「り」変化,ɲoɾoɾi,ɲoɾoɾi,0,3,5,5,4,8,5,473.9,3.94,5,2341.7,5.36,6,mh,5,#006400,36.2,-43.4,41.9,鼻音の共鳴と持続性・弾き音/ɾ/による運動変化を反映し、Weight 3・Time 5・Flow 4のベクトル配置。,,4,6,0,0,RI(り単発)
にんまり,「にんま」と一度だけ鮮やかに、あるいは滑らかに行われる動作・状態。,擬態語,テクスチャー・色・光,快,清音,明るい・軽い・小,撥音・「り」変化,nimmaɾi,nimmaɾi,0,3,4,4,4,7,5,344.8,3.13,4,1089.6,4.06,6,mh,5,#BDB76B,73.4,-8.8,39.3,鼻音の共鳴と持続性・弾き音/ɾ/による運動変化を反映し、Weight 3・Time 4・Flow 4のベクトル配置。,,5,5,5,8,COMPOUND(複合・異種)
にーっ,「にー」とする動作や現象が瞬間的・急激に行われる音や様子。,擬音語・擬態語,スピード・テンポ,中立,清音,明るい・軽い・小,促音・長音,niːʔ,niːʔ,0,3,4,5,6,6,4,1037.2,5.92,4,6495.0,7.09,6,0,4,#F0FFFF,98.9,-4.9,-1.7,鼻音の共鳴と持続性・促音による時間的突発性(Decay high)を反映し、Weight 3・Time 4・Flow 6のベクトル配置。,,2,7,5,0,LONG(長音ー)
ぬっく,「ぬっく」という感覚・音・状態を表す表現。,擬音語・擬態語,その他,中立,清音,明るい・軽い・小,促音,nukku,nukku,0,4,5,5,5,6,5,351.8,3.18,6,2510.5,5.47,7,mh,5,#FFE4E1,92.7,8.7,4.8,無声破裂音の領域性・鼻音の共鳴と持続性を反映し、Weight 4・Time 5・Flow 5のベクトル配置。,,5,5,0,8,COMPOUND(複合・異種)
ぬっぺり,「ぬっぺ」と一度だけ鮮やかに、あるいは滑らかに行われる動作・状態。,擬態語,テクスチャー・色・光,快,清音・半濁音,明るい・軽い・小,促音・「り」変化,nuppeɾi,nuppeɾi,0,4,5,5,4,7,5,407.5,3.56,6,3487.8,6.03,6,mh,5,#FFFFFF,100.0,-0.0,0.0,無声破裂音の領域性・鼻音の共鳴と持続性を反映し、Weight 4・Time 5・Flow 4のベクトル配置。,,5,5,5,8,COMPOUND(複合・異種)
ぬめ,「ぬめ」という感覚・音・状態を表す表現。,擬音語・擬態語,その他,中立,清音,明るい・軽い・小,単発・その他,nume,nume,0,5,4,4,5,6,6,307.8,2.85,4,2151.9,5.21,7,0,4,#2F4F4F,31.3,-11.7,-3.7,鼻音の共鳴と持続性を反映し、Weight 5・Time 4・Flow 5のベクトル配置。,,5,5,0,8,COMPOUND(複合・異種)
ぬめっ,「ぬめ」とする動作や現象が瞬間的・急激に行われる音や様子。,擬音語・擬態語,スピード・テンポ,中立,清音,明るい・軽い・小,促音,numeʔ,numeʔ,0,5,7,6,6,6,4,496.0,4.05,7,6836.5,7.18,8,0,4,#2F4F4F,31.3,-11.7,-3.7,鼻音の共鳴と持続性・促音による時間的突発性(Decay high)を反映し、Weight 5・Time 7・Flow 6のベクトル配置。,,3,5,0,0,Q(促音単発)
ぬらっ,「ぬら」とする動作や現象が瞬間的・急激に行われる音や様子。,擬音語・擬態語,スピード・テンポ,中立,清音,明るい・軽い・小,促音,nuɾaʔ,nuɾaʔ,0,4,7,6,5,7,4,502.7,4.09,7,6756.0,7.16,7,0,4,#000000,0.0,0.0,0.0,鼻音の共鳴と持続性・弾き音/ɾ/による運動変化を反映し、Weight 4・Time 7・Flow 5のベクトル配置。,,2,5,0,0,Q(促音単発)
ぬらり,「ぬら」と一度だけ鮮やかに、あるいは滑らかに行われる動作・状態。,擬態語,テクスチャー・色・光,快,清音,明るい・軽い・小,「り」変化,nuɾaɾi,nuɾaɾi,0,3,5,5,3,8,5,434.1,3.72,5,2533.1,5.49,6,mh,5,#FFFFFF,100.0,-0.0,0.0,鼻音の共鳴と持続性・弾き音/ɾ/による運動変化を反映し、Weight 3・Time 5・Flow 3のベクトル配置。,,4,6,0,0,RI(り単発)
ぬらりくらり,「ぬらりくら」と一度だけ鮮やかに、あるいは滑らかに行われる動作・状態。,擬態語,テクスチャー・色・光,快,清音,明るい・軽い・小,「り」変化,nuɾaɾikuɾaɾi,nuɾaɾikuɾaɾi,0,2,5,5,3,8,4,518.3,4.17,5,2496.9,5.47,5,0,4,#4B3621,24.5,6.4,16.8,無声破裂音の領域性・鼻音の共鳴と持続性を反映し、Weight 2・Time 5・Flow 3のベクトル配置。,,4,6,0,0,RI(り単発)
ぬらりぬらり,「ぬらりぬら」と一度だけ鮮やかに、あるいは滑らかに行われる動作・状態。,擬態語,テクスチャー・色・光,快,清音,明るい・軽い・小,畳語・「り」変化,nuɾaɾinuɾaɾi,nuɾaɾinuɾaɾi,0,3,4,4,3,8,5,475.6,3.95,4,2307.5,5.33,5,mh,5,#4B3621,24.5,6.4,16.8,鼻音の共鳴と持続性・弾き音/ɾ/による運動変化を反映し、Weight 3・Time 4・Flow 3のベクトル配置。,,4,5,5,1,REDUP(畳語・同一)
ぬるっ,「ぬる」とする動作や現象が瞬間的・急激に行われる音や様子。,擬音語・擬態語,スピード・テンポ,中立,清音,明るい・軽い・小,促音,nuɾuʔ,nuɾuʔ,0,4,7,6,6,6,4,474.2,3.94,7,6384.6,7.06,7,0,4,#000000,0.0,0.0,0.0,鼻音の共鳴と持続性・弾き音/ɾ/による運動変化を反映し、Weight 4・Time 7・Flow 6のベクトル配置。,,2,5,0,0,Q(促音単発)
ぬるり,「ぬる」と一度だけ鮮やかに、あるいは滑らかに行われる動作・状態。,擬態語,テクスチャー・色・光,快,清音,明るい・軽い・小,「り」変化,nuɾuɾi,nuɾuɾi,0,3,5,5,4,8,5,409.2,3.57,5,2502.4,5.47,6,mh,5,#000080,13.0,47.5,-64.7,鼻音の共鳴と持続性・弾き音/ɾ/による運動変化を反映し、Weight 3・Time 5・Flow 4のベクトル配置。,,4,6,0,0,RI(り単発)
ぬるりぬるり,「ぬるりぬる」と一度だけ鮮やかに、あるいは滑らかに行われる動作・状態。,擬態語,テクスチャー・色・光,快,清音,明るい・軽い・小,畳語・「り」変化,nuɾuɾinuɾuɾi,nuɾuɾinuɾuɾi,0,3,4,4,4,7,5,438.6,3.74,4,2285.5,5.32,6,0,4,#000080,13.0,47.5,-64.7,鼻音の共鳴と持続性・弾き音/ɾ/による運動変化を反映し、Weight 3・Time 4・Flow 4のベクトル配置。,,4,5,5,1,REDUP(畳語・同一)
ねちゃねちゃ,「ねちゃ」という音や状態が繰り返し連続して生じるさま。,擬音語・擬態語,スピード・テンポ,中立,清音,明るい・軽い・小,畳語,netɕanetɕa,netɕanetɕa,0,5,5,3,5,5,8,758.6,5.13,4,5772.9,6.89,8,0,4,#4B0082,20.5,51.7,-53.3,無声破裂音の領域性・摩擦音による流体・気体性を反映し、Weight 5・Time 5・Flow 5のベクトル配置。,,4,5,5,1,REDUP(畳語・同一)
ねっちり,「ねっち」と一度だけ鮮やかに、あるいは滑らかに行われる動作・状態。,擬態語,テクスチャー・色・光,快,清音,明るい・軽い・小,促音・「り」変化,nettɕiɾi,nettɕiɾi,0,4,5,5,6,5,5,593.8,4.51,6,2579.5,5.52,7,mh,5,#708090,52.8,-2.1,-10.6,無声破裂音の領域性・摩擦音による流体・気体性を反映し、Weight 4・Time 5・Flow 6のベクトル配置。,,5,5,5,8,COMPOUND(複合・異種)
ねーねー,「ねー」という音や状態が繰り返し連続して生じるさま。,擬音語・擬態語,スピード・テンポ,中立,清音,明るい・軽い・小,畳語・長音,neːneː,neːneː,0,5,2,3,4,6,6,540.8,4.27,1,2356.8,5.37,6,0,4,#4B0082,20.5,51.7,-53.3,鼻音の共鳴と持続性・長音による持続傾向を反映し、Weight 5・Time 2・Flow 4のベクトル配置。,,4,5,5,1,REDUP(畳語・同一)
のそり,「のそ」と一度だけ鮮やかに、あるいは滑らかに行われる動作・状態。,擬態語,テクスチャー・色・光,快,清音,明るい・軽い・小,「り」変化,nosoɾi,nosoɾi,0,3,5,5,5,8,4,595.2,4.52,5,3356.3,5.97,5,0,4,#FFFFFF,100.0,-0.0,0.0,摩擦音による流体・気体性・鼻音の共鳴と持続性を反映し、Weight 3・Time 5・Flow 5のベクトル配置。,,4,6,0,0,RI(り単発)
のそりのそり,「のそりのそ」と一度だけ鮮やかに、あるいは滑らかに行われる動作・状態。,擬態語,テクスチャー・色・光,快,清音,明るい・軽い・小,畳語・「り」変化,nosoɾinosoɾi,nosoɾinosoɾi,0,3,4,4,5,7,3,730.5,5.03,5,3605.5,6.09,5,0,4,#708090,52.8,-2.1,-10.6,摩擦音による流体・気体性・鼻音の共鳴と持続性を反映し、Weight 3・Time 4・Flow 5のベクトル配置。,,4,5,5,1,REDUP(畳語・同一)
のたり,「のた」と一度だけ鮮やかに、あるいは滑らかに行われる動作・状態。,擬態語,テクスチャー・色・光,快,清音,明るい・軽い・小,「り」変化,notaɾi,notaɾi,0,3,5,5,4,7,5,408.3,3.56,6,3009.5,5.78,6,mh,5,#FFFFFF,100.0,-0.0,0.0,無声破裂音の領域性・鼻音の共鳴と持続性を反映し、Weight 3・Time 5・Flow 4のベクトル配置。,,4,6,0,0,RI(り単発)
のたりのたり,「のたりのた」と一度だけ鮮やかに、あるいは滑らかに行われる動作・状態。,擬態語,テクスチャー・色・光,快,清音,明るい・軽い・小,畳語・「り」変化,notaɾinotaɾi,notaɾinotaɾi,0,4,5,4,5,7,5,434.1,3.72,5,2814.6,5.67,6,0,4,#FFFFFF,100.0,-0.0,0.0,無声破裂音の領域性・鼻音の共鳴と持続性を反映し、Weight 4・Time 5・Flow 5のベクトル配置。,,4,5,5,1,REDUP(畳語・同一)
のっ,「の」とする動作や現象が瞬間的・急激に行われる音や様子。,擬音語・擬態語,スピード・テンポ,中立,清音,明るい・軽い・小,促音,noʔ,noʔ,0,5,7,6,6,6,3,530.0,4.22,7,7777.5,7.40,7,0,4,#000000,0.0,0.0,0.0,鼻音の共鳴と持続性・促音による時間的突発性(Decay high)を反映し、Weight 5・Time 7・Flow 6のベクトル配置。,,2,5,0,0,Q(促音単発)
のっそり,「のっそ」と一度だけ鮮やかに、あるいは滑らかに行われる動作・状態。,擬態語,テクスチャー・色・光,快,清音,明るい・軽い・小,促音・「り」変化,nossoɾi,nossoɾi,0,3,4,4,5,7,4,578.2,4.44,6,2866.4,5.70,6,0,4,#000000,0.0,0.0,0.0,摩擦音による流体・気体性・鼻音の共鳴と持続性を反映し、Weight 3・Time 4・Flow 5のベクトル配置。,,5,5,5,8,COMPOUND(複合・異種)
のったり,「のった」と一度だけ鮮やかに、あるいは滑らかに行われる動作・状態。,擬態語,テクスチャー・色・光,快,清音,明るい・軽い・小,促音・「り」変化,nottaɾi,nottaɾi,0,4,4,5,4,6,5,254.2,2.36,6,2800.9,5.66,6,mh,5,#FFFFFF,100.0,-0.0,0.0,無声破裂音の領域性・鼻音の共鳴と持続性を反映し、Weight 4・Time 4・Flow 4のベクトル配置。,,5,5,5,8,COMPOUND(複合・異種)
のっぺら,「のっぺら」という感覚・音・状態を表す表現。,擬音語・擬態語,その他,中立,清音・半濁音,明るい・軽い・小,促音,noppeɾa,noppeɾa,0,4,4,4,3,7,4,388.9,3.44,5,5053.2,6.66,6,mh,5,#D3D3D3,84.6,-0.0,0.0,無声破裂音の領域性・鼻音の共鳴と持続性を反映し、Weight 4・Time 4・Flow 3のベクトル配置。,,5,5,0,8,COMPOUND(複合・異種)
のびのび,「のび」という音や状態が繰り返し連続して生じるさま。,擬音語・擬態語,スピード・テンポ,中立,清音・濁音,暗い・重い・大,畳語,nobinobi,nobinobi,0,4,4,4,4,7,6,440.3,3.75,4,4732.5,6.55,6,0,4,#F5F5DC,95.9,-4.2,12.0,濁音による質量感・鼻音の共鳴と持続性を反映し、Weight 4・Time 4・Flow 4のベクトル配置。,,4,5,5,1,REDUP(畳語・同一)
のぺっ,「のぺ」とする動作や現象が瞬間的・急激に行われる音や様子。,擬音語・擬態語,スピード・テンポ,中立,清音・半濁音,明るい・軽い・小,促音,nopeʔ,nopeʔ,0,4,7,6,6,6,4,547.3,4.30,7,8029.4,7.45,7,0,4,#000000,0.0,0.0,0.0,無声破裂音の領域性・鼻音の共鳴と持続性を反映し、Weight 4・Time 7・Flow 6のベクトル配置。,,2,5,0,0,Q(促音単発)
のらり,「のら」と一度だけ鮮やかに、あるいは滑らかに行われる動作・状態。,擬態語,テクスチャー・色・光,快,清音,明るい・軽い・小,「り」変化,noɾaɾi,noɾaɾi,0,3,5,5,3,8,4,489.8,4.02,5,3334.3,5.96,5,mh,5,#FFFFFF,100.0,-0.0,0.0,鼻音の共鳴と持続性・弾き音/ɾ/による運動変化を反映し、Weight 3・Time 5・Flow 3のベクトル配置。,,4,6,0,0,RI(り単発)
のらりくらり,「のらりくら」と一度だけ鮮やかに、あるいは滑らかに行われる動作・状態。,擬態語,テクスチャー・色・光,快,清音,明るい・軽い・小,「り」変化,noɾaɾikuɾaɾi,noɾaɾikuɾaɾi,0,2,5,5,3,8,3,565.4,4.39,5,3141.0,5.86,5,0,4,#FFFFFF,100.0,-0.0,0.0,無声破裂音の領域性・鼻音の共鳴と持続性を反映し、Weight 2・Time 5・Flow 3のベクトル配置。,,4,6,0,0,RI(り単発)
のらりのらり,「のらりのら」と一度だけ鮮やかに、あるいは滑らかに行われる動作・状態。,擬態語,テクスチャー・色・光,快,清音,明るい・軽い・小,畳語・「り」変化,noɾaɾinoɾaɾi,noɾaɾinoɾaɾi,0,3,4,4,3,8,3,563.9,4.38,4,3512.7,6.05,5,0,4,#FFFFFF,100.0,-0.0,0.0,鼻音の共鳴と持続性・弾き音/ɾ/による運動変化を反映し、Weight 3・Time 4・Flow 3のベクトル配置。,,4,5,5,1,REDUP(畳語・同一)
のろくさ,「のろくさ」という感覚・音・状態を表す表現。,擬音語・擬態語,その他,中立,清音,明るい・軽い・小,単発・その他,noɾokusa,noɾokusa,0,4,4,3,4,7,4,360.4,3.25,5,2039.3,5.12,5,0,4,#2F4F4F,31.3,-11.7,-3.7,無声破裂音の領域性・摩擦音による流体・気体性を反映し、Weight 4・Time 4・Flow 4のベクトル配置。,,5,5,0,8,COMPOUND(複合・異種)
のろっ,「のろ」とする動作や現象が瞬間的・急激に行われる音や様子。,擬音語・擬態語,スピード・テンポ,中立,清音,明るい・軽い・小,促音,noɾoʔ,noɾoʔ,0,4,7,6,6,6,4,474.8,3.94,7,6237.1,7.02,7,0,4,#000000,0.0,0.0,0.0,鼻音の共鳴と持続性・弾き音/ɾ/による運動変化を反映し、Weight 4・Time 7・Flow 6のベクトル配置。,,3,5,0,0,Q(促音単発)
のろり,「のろ」と一度だけ鮮やかに、あるいは滑らかに行われる動作・状態。,擬態語,テクスチャー・色・光,快,清音,明るい・軽い・小,「り」変化,noɾoɾi,noɾoɾi,0,3,5,5,4,8,5,444.8,3.78,5,2659.4,5.57,6,0,4,#FFFFFF,100.0,-0.0,0.0,鼻音の共鳴と持続性・弾き音/ɾ/による運動変化を反映し、Weight 3・Time 5・Flow 4のベクトル配置。,,4,6,0,0,RI(り単発)
のろりのろり,「のろりのろ」と一度だけ鮮やかに、あるいは滑らかに行われる動作・状態。,擬態語,テクスチャー・色・光,快,清音,明るい・軽い・小,畳語・「り」変化,noɾoɾinoɾoɾi,noɾoɾinoɾoɾi,0,3,4,4,4,8,5,506.2,4.11,4,2545.3,5.50,6,0,4,#2F4F4F,31.3,-11.7,-3.7,鼻音の共鳴と持続性・弾き音/ɾ/による運動変化を反映し、Weight 3・Time 4・Flow 4のベクトル配置。,,4,5,5,1,REDUP(畳語・同一)
のーびのび,音が長く尾を引いて持続する音や状態。,擬音語・擬態語,スピード・テンポ,中立,清音・濁音,暗い・重い・大,長音,noːbinobi,noːbinobi,0,4,3,4,4,7,5,733.3,5.04,2,5543.6,6.82,6,0,4,#F5F5F5,96.5,-0.0,0.0,濁音による質量感・鼻音の共鳴と持続性を反映し、Weight 4・Time 3・Flow 4のベクトル配置。,,3,7,5,0,LONG(長音ー)
はいはい,「はい」という音や状態が繰り返し連続して生じるさま。,擬音語・擬態語,スピード・テンポ,中立,清音,明るい・軽い・小,畳語,haihai,haihai,0,4,6,5,4,6,4,688.0,4.88,4,5833.5,6.91,5,mh,5,#FFFFFF,100.0,-0.0,0.0,摩擦音による流体・気体性を反映し、Weight 4・Time 6・Flow 4のベクトル配置。,,4,5,5,1,REDUP(畳語・同一)
はた,「はた」という感覚・音・状態を表す表現。,擬音語・擬態語,その他,中立,清音,明るい・軽い・小,単発・その他,hata,hata,0,5,6,5,5,6,5,381.4,3.39,6,4356.1,6.41,6,0,4,#000000,0.0,0.0,0.0,無声破裂音の領域性・摩擦音による流体・気体性を反映し、Weight 5・Time 6・Flow 5のベクトル配置。,,5,5,0,8,COMPOUND(複合・異種)
はたり,「はた」と一度だけ鮮やかに、あるいは滑らかに行われる動作・状態。,擬態語,テクスチャー・色・光,快,清音,明るい・軽い・小,「り」変化,hataɾi,hataɾi,0,3,6,6,4,7,4,489.1,4.02,6,4412.7,6.43,6,mh,5,#FFFFFF,100.0,-0.0,0.0,無声破裂音の領域性・摩擦音による流体・気体性を反映し、Weight 3・Time 6・Flow 4のベクトル配置。,,4,6,0,0,RI(り単発)
はたりはたり,「はたりはた」と一度だけ鮮やかに、あるいは滑らかに行われる動作・状態。,擬態語,テクスチャー・色・光,快,清音,明るい・軽い・小,畳語・「り」変化,hataɾihataɾi,hataɾihataɾi,0,4,6,5,4,6,4,546.8,4.30,6,4778.7,6.57,6,0,4,#FFFFFF,100.0,-0.0,0.0,無声破裂音の領域性・摩擦音による流体・気体性を反映し、Weight 4・Time 6・Flow 4のベクトル配置。,,4,5,5,1,REDUP(畳語・同一)
はっ,「は」とする動作や現象が瞬間的・急激に行われる音や様子。,擬音語・擬態語,スピード・テンポ,中立,清音,明るい・軽い・小,促音,haʔ,haʔ,0,5,8,7,6,5,3,640.5,4.70,8,9223.7,7.69,7,0,4,#000000,0.0,0.0,0.0,摩擦音による流体・気体性・促音による時間的突発性(Decay high)を反映し、Weight 5・Time 8・Flow 6のベクトル配置。,,2,5,0,0,Q(促音単発)
はった,「はった」という感覚・音・状態を表す表現。,擬音語・擬態語,その他,中立,清音,明るい・軽い・小,促音,hatta,hatta,0,5,6,5,5,5,5,423.2,3.65,7,5770.4,6.89,7,mh,5,#000000,0.0,0.0,0.0,無声破裂音の領域性・摩擦音による流体・気体性を反映し、Weight 5・Time 6・Flow 5のベクトル配置。,,5,5,0,8,COMPOUND(複合・異種)
はっはっ,「はっは」とする動作や現象が瞬間的・急激に行われる音や様子。,擬音語・擬態語,スピード・テンポ,中立,清音,明るい・軽い・小,畳語・促音,hahhaʔ,hahhaʔ,0,4,6,5,5,6,4,566.8,4.39,6,6828.7,7.17,6,0,4,#FFFFFF,100.0,-0.0,0.0,摩擦音による流体・気体性・促音による時間的突発性(Decay high)を反映し、Weight 4・Time 6・Flow 5のベクトル配置。,,4,5,5,1,REDUP(畳語・同一)
はっはっは,「はっはっは」という感覚・音・状態を表す表現。,擬音語・擬態語,その他,中立,清音,明るい・軽い・小,促音,hahhahha,hahhahha,0,4,6,5,4,6,5,557.4,4.35,6,5686.0,6.86,6,mh,5,#000000,0.0,0.0,0.0,摩擦音による流体・気体性・促音による時間的突発性(Decay high)を反映し、Weight 4・Time 6・Flow 4のベクトル配置。,,5,5,0,8,COMPOUND(複合・異種)
ははは,「ははは」という感覚・音・状態を表す表現。,擬音語・擬態語,その他,中立,清音,明るい・軽い・小,単発・その他,hahaha,hahaha,0,4,5,4,3,7,5,527.6,4.21,5,4674.6,6.53,5,mh,5,#FFFF00,97.1,-21.6,94.5,摩擦音による流体・気体性を反映し、Weight 4・Time 5・Flow 3のベクトル配置。,,5,5,0,8,COMPOUND(複合・異種)
はらっ,「はら」とする動作や現象が瞬間的・急激に行われる音や様子。,擬音語・擬態語,スピード・テンポ,中立,清音,明るい・軽い・小,促音,haɾaʔ,haɾaʔ,0,4,7,6,5,6,3,613.5,4.59,7,8511.9,7.55,6,0,4,#000000,0.0,0.0,0.0,摩擦音による流体・気体性・弾き音/ɾ/による運動変化を反映し、Weight 4・Time 7・Flow 5のベクトル配置。,,2,5,0,0,Q(促音単発)
はらり,「はら」と一度だけ鮮やかに、あるいは滑らかに行われる動作・状態。,擬態語,テクスチャー・色・光,快,清音,明るい・軽い・小,「り」変化,haɾaɾi,haɾaɾi,0,2,6,5,3,8,4,538.1,4.26,5,4153.1,6.33,5,mh,5,#FFFFFF,100.0,-0.0,0.0,摩擦音による流体・気体性・弾き音/ɾ/による運動変化を反映し、Weight 2・Time 6・Flow 3のベクトル配置。,,4,6,0,0,RI(り単発)
はらりはらり,「はらりはら」と一度だけ鮮やかに、あるいは滑らかに行われる動作・状態。,擬態語,テクスチャー・色・光,快,清音,明るい・軽い・小,畳語・「り」変化,haɾaɾihaɾaɾi,haɾaɾihaɾaɾi,0,2,5,4,3,8,3,618.1,4.61,5,4423.1,6.44,5,0,4,#FFFFFF,100.0,-0.0,0.0,摩擦音による流体・気体性・弾き音/ɾ/による運動変化を反映し、Weight 2・Time 5・Flow 3のベクトル配置。,,4,5,5,1,REDUP(畳語・同一)
はーは,音が長く尾を引いて持続する音や状態。,擬音語・擬態語,スピード・テンポ,中立,清音,明るい・軽い・小,長音,haːha,haːha,0,3,3,5,4,7,4,965.3,5.74,2,6658.0,7.13,5,mh,5,#FFD700,86.9,-1.9,87.1,摩擦音による流体・気体性・長音による持続傾向を反映し、Weight 3・Time 3・Flow 4のベクトル配置。,,2,7,5,0,LONG(長音ー)
ばかすか,「ばかすか」という感覚・音・状態を表す表現。,擬音語・擬態語,その他,中立,清音・濁音,暗い・重い・大,単発・その他,bakasuka,bakasuka,0,4,5,5,3,7,2,636.4,4.68,5,7580.3,7.35,4,mh,5,#F5F5F5,96.5,-0.0,0.0,濁音による質量感・無声破裂音の領域性を反映し、Weight 4・Time 5・Flow 3のベクトル配置。,,5,5,0,8,COMPOUND(複合・異種)
ばかばか,「ばか」という音や状態が繰り返し連続して生じるさま。,擬音語・擬態語,スピード・テンポ,中立,清音・濁音,暗い・重い・大,畳語,bakabaka,bakabaka,0,5,6,5,3,6,4,465.1,3.89,5,7816.6,7.40,6,mh,5,#FF0000,53.2,80.1,67.2,濁音による質量感・無声破裂音の領域性を反映し、Weight 5・Time 6・Flow 3のベクトル配置。,,4,5,5,1,REDUP(畳語・同一)
ばきっ,「ばき」とする動作や現象が瞬間的・急激に行われる音や様子。,擬音語・擬態語,スピード・テンポ,中立,清音・濁音,暗い・重い・大,促音,bakiʔ,bakiʔ,0,5,8,8,7,5,3,764.1,5.15,8,10771.7,7.95,7,mh,5,#000000,0.0,0.0,0.0,濁音による質量感・無声破裂音の領域性を反映し、Weight 5・Time 8・Flow 7のベクトル配置。,,2,5,0,0,Q(促音単発)
ばきばき,「ばき」という音や状態が繰り返し連続して生じるさま。,擬音語・擬態語,スピード・テンポ,中立,清音・濁音,暗い・重い・大,畳語,bakibaki,bakibaki,0,5,6,6,4,5,4,793.4,5.24,6,9350.6,7.71,6,mh,5,#FFFFFF,100.0,-0.0,0.0,濁音による質量感・無声破裂音の領域性を反映し、Weight 5・Time 6・Flow 4のベクトル配置。,,4,5,5,1,REDUP(畳語・同一)
ばさっ,「ばさ」とする動作や現象が瞬間的・急激に行われる音や様子。,擬音語・擬態語,スピード・テンポ,中立,清音・濁音,暗い・重い・大,促音,basaʔ,basaʔ,0,5,8,7,6,6,3,541.4,4.28,8,9991.9,7.82,7,0,4,#000000,0.0,0.0,0.0,濁音による質量感・摩擦音による流体・気体性を反映し、Weight 5・Time 8・Flow 6のベクトル配置。,,2,5,0,0,Q(促音単発)
ばさばさ,「ばさ」という音や状態が繰り返し連続して生じるさま。,擬音語・擬態語,スピード・テンポ,中立,清音・濁音,暗い・重い・大,畳語,basabasa,basabasa,0,4,6,4,3,7,4,496.7,4.06,5,7632.5,7.36,5,0,4,#D2B48C,75.0,5.0,24.4,濁音による質量感・摩擦音による流体・気体性を反映し、Weight 4・Time 6・Flow 3のベクトル配置。,,4,5,5,1,REDUP(畳語・同一)
ばさり,「ばさ」と一度だけ鮮やかに、あるいは滑らかに行われる動作・状態。,擬態語,テクスチャー・色・光,快,清音・濁音,暗い・重い・大,「り」変化,basaɾi,basaɾi,0,3,6,6,4,8,4,499.5,4.07,6,5775.2,6.89,5,mh,5,#FFFFFF,100.0,-0.0,0.0,濁音による質量感・摩擦音による流体・気体性を反映し、Weight 3・Time 6・Flow 4のベクトル配置。,,4,6,0,0,RI(り単発)
ばさりばさり,「ばさりばさ」と一度だけ鮮やかに、あるいは滑らかに行われる動作・状態。,擬態語,テクスチャー・色・光,快,清音・濁音,暗い・重い・大,畳語・「り」変化,basaɾibasaɾi,basaɾibasaɾi,0,4,6,5,3,7,3,576.8,4.44,5,6575.7,7.11,5,0,4,#FFFFFF,100.0,-0.0,0.0,濁音による質量感・摩擦音による流体・気体性を反映し、Weight 4・Time 6・Flow 3のベクトル配置。,,4,5,5,1,REDUP(畳語・同一)
ばしばし,「ばし」という音や状態が繰り返し連続して生じるさま。,擬音語・擬態語,スピード・テンポ,中立,清音・濁音,暗い・重い・大,畳語,baɕibaɕi,baɕibaɕi,0,6,6,5,5,5,5,547.8,4.31,5,8361.5,7.52,6,0,4,#4682B4,52.5,-4.1,-32.2,濁音による質量感・摩擦音による流体・気体性を反映し、Weight 6・Time 6・Flow 5のベクトル配置。,,4,5,5,1,REDUP(畳語・同一)
ばしゃん,「ばしゃ」と響き渡る音、または余韻や弾力を伴う状態。,擬音語・擬態語,テクスチャー,中立,清音・濁音,暗い・重い・大,撥音,baɕaŋ,baɕaŋ,0,5,7,7,5,5,5,545.4,4.29,7,10446.0,7.90,7,0,4,#4682B4,52.5,-4.1,-32.2,濁音による質量感・摩擦音による流体・気体性を反映し、Weight 5・Time 7・Flow 5のベクトル配置。,,3,6,5,0,N(撥音単発)
ばたばた,「ばた」という音や状態が繰り返し連続して生じるさま。,擬音語・擬態語,スピード・テンポ,中立,清音・濁音,暗い・重い・大,畳語,batabata,batabata,0,6,6,5,4,5,5,321.2,2.95,5,8354.9,7.52,6,mh,5,#8B4513,37.5,26.4,41.0,濁音による質量感・無声破裂音の領域性を反映し、Weight 6・Time 6・Flow 4のベクトル配置。,,4,5,5,1,REDUP(畳語・同一)
ばたばたっ,「ばたばた」とする動作や現象が瞬間的・急激に行われる音や様子。,擬音語・擬態語,スピード・テンポ,中立,清音・濁音,暗い・重い・大,促音,batabataʔ,batabataʔ,0,6,8,7,6,5,4,388.1,3.43,8,10800.7,7.95,7,mh,5,#000000,0.0,0.0,0.0,濁音による質量感・無声破裂音の領域性を反映し、Weight 6・Time 8・Flow 6のベクトル配置。,,3,5,0,0,Q(促音単発)
ばたり,「ばた」と一度だけ鮮やかに、あるいは滑らかに行われる動作・状態。,擬態語,テクスチャー・色・光,快,清音・濁音,暗い・重い・大,「り」変化,bataɾi,bataɾi,0,4,6,6,4,7,5,380.6,3.38,6,5827.2,6.91,6,mh,5,#FFFFFF,100.0,-0.0,0.0,濁音による質量感・無声破裂音の領域性を反映し、Weight 4・Time 6・Flow 4のベクトル配置。,,4,6,0,0,RI(り単発)
ばたりばたり,「ばたりばた」と一度だけ鮮やかに、あるいは滑らかに行われる動作・状態。,擬態語,テクスチャー・色・光,快,清音・濁音,暗い・重い・大,畳語・「り」変化,bataɾibataɾi,bataɾibataɾi,0,5,6,5,4,6,5,392.8,3.46,6,6596.3,7.12,6,mh,5,#000000,0.0,0.0,0.0,濁音による質量感・無声破裂音の領域性を反映し、Weight 5・Time 6・Flow 4のベクトル配置。,,4,5,5,1,REDUP(畳語・同一)
ばたん,「ばた」と響き渡る音、または余韻や弾力を伴う状態。,擬音語・擬態語,テクスチャー,中立,清音・濁音,暗い・重い・大,撥音,bataŋ,bataŋ,0,6,7,7,5,4,5,372.3,3.33,7,7557.5,7.35,7,0,4,#808080,53.6,-0.0,0.0,濁音による質量感・無声破裂音の領域性を反映し、Weight 6・Time 7・Flow 5のベクトル配置。,,3,6,5,0,N(撥音単発)
ばたんばたん,「ばたんばた」と響き渡る音、または余韻や弾力を伴う状態。,擬音語・擬態語,テクスチャー,中立,清音・濁音,暗い・重い・大,畳語・撥音,batambataŋ,batambataŋ,0,6,7,6,4,5,5,283.7,2.64,5,8287.9,7.50,7,mh,5,#FF0000,53.2,80.1,67.2,濁音による質量感・無声破裂音の領域性を反映し、Weight 6・Time 7・Flow 4のベクトル配置。,,4,5,5,1,REDUP(畳語・同一)
ばちばち,「ばち」という音や状態が繰り返し連続して生じるさま。,擬音語・擬態語,スピード・テンポ,中立,清音・濁音,暗い・重い・大,畳語,batɕibatɕi,batɕibatɕi,0,5,7,6,6,4,4,1026.3,5.89,6,9302.3,7.70,7,0,4,#8B4513,37.5,26.4,41.0,濁音による質量感・無声破裂音の領域性を反映し、Weight 5・Time 7・Flow 6のベクトル配置。,,4,5,5,1,REDUP(畳語・同一)
ばちゃばちゃ,「ばちゃ」という音や状態が繰り返し連続して生じるさま。,擬音語・擬態語,スピード・テンポ,中立,清音・濁音,暗い・重い・大,畳語,batɕabatɕa,batɕabatɕa,0,5,7,5,3,5,6,1002.7,5.84,6,11829.9,8.11,7,mh,5,#D3D3D3,84.6,-0.0,0.0,濁音による質量感・無声破裂音の領域性を反映し、Weight 5・Time 7・Flow 3のベクトル配置。,,4,5,5,1,REDUP(畳語・同一)
ばちゃん,「ばちゃ」と響き渡る音、または余韻や弾力を伴う状態。,擬音語・擬態語,テクスチャー,中立,清音・濁音,暗い・重い・大,撥音,batɕaŋ,batɕaŋ,0,5,8,8,5,4,5,796.4,5.25,7,10029.5,7.83,8,0,4,#4682B4,52.5,-4.1,-32.2,濁音による質量感・無声破裂音の領域性を反映し、Weight 5・Time 8・Flow 5のベクトル配置。,,3,6,5,0,N(撥音単発)
ばっ,「ば」とする動作や現象が瞬間的・急激に行われる音や様子。,擬音語・擬態語,スピード・テンポ,中立,濁音,暗い・重い・大,促音,baʔ,baʔ,0,5,8,7,6,5,4,492.6,4.04,8,10166.1,7.85,8,mh,5,#000000,0.0,0.0,0.0,濁音による質量感・促音による時間的突発性(Decay high)を反映し、Weight 5・Time 8・Flow 6のベクトル配置。,,2,5,0,0,Q(促音単発)
ばっさばっさ,「ばっさ」という音や状態が繰り返し連続して生じるさま。,擬音語・擬態語,スピード・テンポ,中立,清音・濁音,暗い・重い・大,畳語・促音,bassabassa,bassabassa,0,5,6,6,3,7,4,515.7,4.15,6,8559.0,7.56,5,0,4,#FFFFFF,100.0,-0.0,0.0,濁音による質量感・摩擦音による流体・気体性を反映し、Weight 5・Time 6・Flow 3のベクトル配置。,,4,5,5,1,REDUP(畳語・同一)
ばったん,「ばった」と響き渡る音、または余韻や弾力を伴う状態。,擬音語・擬態語,テクスチャー,中立,清音・濁音,暗い・重い・大,促音・撥音,battaŋ,battaŋ,0,6,8,8,5,4,5,356.3,3.22,7,8457.8,7.54,8,0,4,#8B4513,37.5,26.4,41.0,濁音による質量感・無声破裂音の領域性を反映し、Weight 6・Time 8・Flow 5のベクトル配置。,,3,6,5,0,N(撥音単発)
ばてばて,「ばて」という音や状態が繰り返し連続して生じるさま。,擬音語・擬態語,スピード・テンポ,中立,清音・濁音,暗い・重い・大,畳語,batebate,batebate,0,6,5,5,4,5,6,392.5,3.46,4,6539.6,7.10,6,mh,5,#8B4513,37.5,26.4,41.0,濁音による質量感・無声破裂音の領域性を反映し、Weight 6・Time 5・Flow 4のベクトル配置。,,4,5,5,1,REDUP(畳語・同一)
ばばばばば,「ばばばばば」という感覚・音・状態を表す表現。,擬音語・擬態語,その他,中立,濁音,暗い・重い・大,単発・その他,bababababa,bababababa,0,6,6,5,4,7,6,228.6,2.09,5,8371.7,7.52,7,mh,5,#4169E1,47.8,26.3,-65.3,濁音による質量感を反映し、Weight 6・Time 6・Flow 4のベクトル配置。,,5,5,0,8,COMPOUND(複合・異種)
ばらっ,「ばら」とする動作や現象が瞬間的・急激に行われる音や様子。,擬音語・擬態語,スピード・テンポ,中立,清音・濁音,暗い・重い・大,促音,baɾaʔ,baɾaʔ,0,5,8,6,5,6,3,505.0,4.10,7,9569.8,7.75,7,mh,5,#000000,0.0,0.0,0.0,濁音による質量感・弾き音/ɾ/による運動変化を反映し、Weight 5・Time 8・Flow 5のベクトル配置。,,2,5,0,0,Q(促音単発)
ばらばら,散乱してまとまりがないさま。,擬態語,その他,中立,清音・濁音,暗い・重い・大,畳語,baɾabaɾa,baɾabaɾa,0,4,6,4,2,8,4,384.2,3.41,4,8028.2,7.45,5,mh,5,#8B4513,37.5,26.4,41.0,濁音による質量感・弾き音/ɾ/による運動変化を反映し、Weight 4・Time 6・Flow 2のベクトル配置。,,4,5,5,1,REDUP(畳語・同一)
ばらばらっ,「ばらばら」とする動作や現象が瞬間的・急激に行われる音や様子。,擬音語・擬態語,スピード・テンポ,中立,清音・濁音,暗い・重い・大,促音,baɾabaɾaʔ,baɾabaɾaʔ,0,5,7,6,4,7,3,461.5,3.87,7,9366.1,7.71,7,mh,5,#000000,0.0,0.0,0.0,濁音による質量感・弾き音/ɾ/による運動変化を反映し、Weight 5・Time 7・Flow 4のベクトル配置。,,3,5,0,0,Q(促音単発)
ばらり,「ばら」と一度だけ鮮やかに、あるいは滑らかに行われる動作・状態。,擬態語,テクスチャー・色・光,快,清音・濁音,暗い・重い・大,「り」変化,baɾaɾi,baɾaɾi,0,3,6,6,3,8,4,435.7,3.73,5,5105.2,6.68,5,mh,5,#FFFFFF,100.0,-0.0,0.0,濁音による質量感・弾き音/ɾ/による運動変化を反映し、Weight 3・Time 6・Flow 3のベクトル配置。,,4,6,0,0,RI(り単発)
ばらんばらん,「ばらんばら」と響き渡る音、または余韻や弾力を伴う状態。,擬音語・擬態語,テクスチャー,中立,清音・濁音,暗い・重い・大,畳語・撥音,baɾambaɾaŋ,baɾambaɾaŋ,0,5,5,5,2,6,5,345.9,3.14,4,6625.3,7.12,6,mh,5,#B8860B,59.2,9.9,62.7,濁音による質量感・鼻音の共鳴と持続性を反映し、Weight 5・Time 5・Flow 2のベクトル配置。,,4,5,5,1,REDUP(畳語・同一)
ばりっ,「ばり」とする動作や現象が瞬間的・急激に行われる音や様子。,擬音語・擬態語,スピード・テンポ,中立,清音・濁音,暗い・重い・大,促音,baɾiʔ,baɾiʔ,0,5,8,7,7,5,3,732.3,5.04,8,9776.2,7.78,7,0,4,#000000,0.0,0.0,0.0,濁音による質量感・弾き音/ɾ/による運動変化を反映し、Weight 5・Time 8・Flow 7のベクトル配置。,,2,5,0,0,Q(促音単発)
ばりばり,「ばりば」と一度だけ鮮やかに、あるいは滑らかに行われる動作・状態。,擬態語,テクスチャー・色・光,快,清音・濁音,暗い・重い・大,畳語・「り」変化,baɾibaɾi,baɾibaɾi,0,4,5,5,4,7,4,485.1,4.00,5,6247.4,7.02,6,mh,5,#FFFFFF,100.0,-0.0,0.0,濁音による質量感・弾き音/ɾ/による運動変化を反映し、Weight 4・Time 5・Flow 4のベクトル配置。,,4,5,5,1,REDUP(畳語・同一)
ばりばりっ,「ばりばり」とする動作や現象が瞬間的・急激に行われる音や様子。,擬音語・擬態語,スピード・テンポ,中立,清音・濁音,暗い・重い・大,促音,baɾibaɾiʔ,baɾibaɾiʔ,0,5,8,7,6,5,3,729.8,5.03,8,9997.7,7.82,7,0,4,#000000,0.0,0.0,0.0,濁音による質量感・弾き音/ɾ/による運動変化を反映し、Weight 5・Time 8・Flow 6のベクトル配置。,,3,5,0,0,Q(促音単発)
ばりぼり,「ばりぼ」と一度だけ鮮やかに、あるいは滑らかに行われる動作・状態。,擬態語,テクスチャー・色・光,快,清音・濁音,暗い・重い・大,「り」変化,baɾiboɾi,baɾiboɾi,0,4,6,6,5,7,4,442.5,3.76,6,5871.9,6.92,6,mh,5,#FFFFFF,100.0,-0.0,0.0,濁音による質量感・弾き音/ɾ/による運動変化を反映し、Weight 4・Time 6・Flow 5のベクトル配置。,,4,6,0,0,RI(り単発)
ばりん,「ばり」と響き渡る音、または余韻や弾力を伴う状態。,擬音語・擬態語,テクスチャー,中立,清音・濁音,暗い・重い・大,撥音,baɾiŋ,baɾiŋ,0,5,7,8,5,4,4,771.9,5.17,7,7343.5,7.30,7,mc,3,#808080,53.6,-0.0,0.0,濁音による質量感・鼻音の共鳴と持続性を反映し、Weight 5・Time 7・Flow 5のベクトル配置。,,3,6,5,0,N(撥音単発)
ばん,「ば」と響き渡る音、または余韻や弾力を伴う状態。,擬音語・擬態語,テクスチャー,中立,濁音,暗い・重い・大,撥音,baŋ,baŋ,0,5,7,7,5,4,5,416.6,3.61,6,7456.1,7.32,7,0,4,#808080,53.6,-0.0,0.0,濁音による質量感・鼻音の共鳴と持続性を反映し、Weight 5・Time 7・Flow 5のベクトル配置。,,3,6,5,0,N(撥音単発)
ばーっ,「ばー」とする動作や現象が瞬間的・急激に行われる音や様子。,擬音語・擬態語,スピード・テンポ,中立,濁音,暗い・重い・大,促音・長音,baːʔ,baːʔ,0,5,5,6,6,6,4,772.5,5.18,5,9009.2,7.65,6,mh,5,#FF0000,53.2,80.1,67.2,濁音による質量感・促音による時間的突発性(Decay high)を反映し、Weight 5・Time 5・Flow 6のベクトル配置。,,2,6,5,0,LONG(長音ー)
ばーん,「ばー」と響き渡る音、または余韻や弾力を伴う状態。,擬音語・擬態語,テクスチャー,中立,濁音,暗い・重い・大,撥音・長音,baːŋ,baːŋ,0,5,4,7,4,5,5,776.0,5.19,2,8236.2,7.49,6,mh,5,#FFD700,86.9,-1.9,87.1,濁音による質量感・鼻音の共鳴と持続性を反映し、Weight 5・Time 4・Flow 4のベクトル配置。,,3,7,5,0,LONG(長音ー)
ぱかっ,「ぱか」とする動作や現象が瞬間的・急激に行われる音や様子。,擬音語・擬態語,スピード・テンポ,中立,清音・半濁音,明るい・軽い・小,促音,pakaʔ,pakaʔ,0,4,8,7,6,5,2,896.8,5.55,8,10194.8,7.86,7,mh,5,#000000,0.0,0.0,0.0,無声破裂音の領域性・促音による時間的突発性(Decay high)を反映し、Weight 4・Time 8・Flow 6のベクトル配置。,,2,5,0,0,Q(促音単発)
ぱかぱか,「ぱか」という音や状態が繰り返し連続して生じるさま。,擬音語・擬態語,スピード・テンポ,中立,清音・半濁音,明るい・軽い・小,畳語,pakapaka,pakapaka,0,3,6,5,3,6,2,1018.4,5.87,5,6960.4,7.21,4,mh,5,#FFFFFF,100.0,-0.0,0.0,無声破裂音の領域性を反映し、Weight 3・Time 6・Flow 3のベクトル配置。,,4,5,5,1,REDUP(畳語・同一)
ぱくっ,「ぱく」とする動作や現象が瞬間的・急激に行われる音や様子。,擬音語・擬態語,スピード・テンポ,中立,清音・半濁音,明るい・軽い・小,促音,pakuʔ,pakuʔ,0,4,8,7,7,5,3,696.8,4.91,8,8473.5,7.54,7,0,4,#000000,0.0,0.0,0.0,無声破裂音の領域性・促音による時間的突発性(Decay high)を反映し、Weight 4・Time 8・Flow 7のベクトル配置。,,2,5,0,0,Q(促音単発)
ぱさっ,「ぱさ」とする動作や現象が瞬間的・急激に行われる音や様子。,擬音語・擬態語,スピード・テンポ,中立,清音・半濁音,明るい・軽い・小,促音,pasaʔ,pasaʔ,0,3,8,6,6,6,2,846.2,5.41,8,9867.5,7.80,6,0,4,#D2B48C,75.0,5.0,24.4,無声破裂音の領域性・摩擦音による流体・気体性を反映し、Weight 3・Time 8・Flow 6のベクトル配置。,,2,5,0,0,Q(促音単発)
ぱさり,「ぱさ」と一度だけ鮮やかに、あるいは滑らかに行われる動作・状態。,擬態語,テクスチャー・色・光,快,清音・半濁音,明るい・軽い・小,「り」変化,pasaɾi,pasaɾi,0,2,6,6,4,8,3,787.7,5.22,6,5681.9,6.86,5,mh,5,#FFFFFF,100.0,-0.0,0.0,無声破裂音の領域性・摩擦音による流体・気体性を反映し、Weight 2・Time 6・Flow 4のベクトル配置。,,4,6,0,0,RI(り単発)
ぱしっ,「ぱし」とする動作や現象が瞬間的・急激に行われる音や様子。,擬音語・擬態語,スピード・テンポ,中立,清音・半濁音,明るい・軽い・小,促音,paɕiʔ,paɕiʔ,0,4,8,7,7,5,3,923.7,5.63,8,9626.6,7.76,7,0,4,#000000,0.0,0.0,0.0,無声破裂音の領域性・摩擦音による流体・気体性を反映し、Weight 4・Time 8・Flow 7のベクトル配置。,,2,5,0,0,Q(促音単発)
ぱしゃぱしゃ,「ぱしゃ」という音や状態が繰り返し連続して生じるさま。,擬音語・擬態語,スピード・テンポ,中立,清音・半濁音,明るい・軽い・小,畳語,paɕapaɕa,paɕapaɕa,0,3,6,5,3,6,4,1068.8,6.00,5,11371.9,8.04,6,0,4,#4682B4,52.5,-4.1,-32.2,無声破裂音の領域性・摩擦音による流体・気体性を反映し、Weight 3・Time 6・Flow 3のベクトル配置。,,4,5,5,1,REDUP(畳語・同一)
ぱしゃん,「ぱしゃ」と響き渡る音、または余韻や弾力を伴う状態。,擬音語・擬態語,テクスチャー,中立,清音・半濁音,明るい・軽い・小,撥音,paɕaŋ,paɕaŋ,0,4,8,7,5,5,4,886.6,5.52,7,9663.1,7.76,7,0,4,#4682B4,52.5,-4.1,-32.2,無声破裂音の領域性・摩擦音による流体・気体性を反映し、Weight 4・Time 8・Flow 5のベクトル配置。,,3,6,5,0,N(撥音単発)
ぱたり,「ぱた」と一度だけ鮮やかに、あるいは滑らかに行われる動作・状態。,擬態語,テクスチャー・色・光,快,清音・半濁音,明るい・軽い・小,「り」変化,pataɾi,pataɾi,0,3,6,6,4,7,4,672.5,4.82,6,5014.3,6.65,6,mh,5,#FFFFFF,100.0,-0.0,0.0,無声破裂音の領域性・弾き音/ɾ/による運動変化を反映し、Weight 3・Time 6・Flow 4のベクトル配置。,,4,6,0,0,RI(り単発)
ぱたん,「ぱた」と響き渡る音、または余韻や弾力を伴う状態。,擬音語・擬態語,テクスチャー,中立,清音・半濁音,明るい・軽い・小,撥音,pataŋ,pataŋ,0,4,7,7,5,4,4,719.9,5.00,7,6684.6,7.14,7,0,4,#2F4F4F,31.3,-11.7,-3.7,無声破裂音の領域性・鼻音の共鳴と持続性を反映し、Weight 4・Time 7・Flow 5のベクトル配置。,,3,6,5,0,N(撥音単発)
ぱちっ,「ぱち」とする動作や現象が瞬間的・急激に行われる音や様子。,擬音語・擬態語,スピード・テンポ,中立,清音・半濁音,明るい・軽い・小,促音,patɕiʔ,patɕiʔ,0,4,8,7,7,4,2,1221.7,6.34,8,10079.4,7.84,7,mh,5,#000000,0.0,0.0,0.0,無声破裂音の領域性・摩擦音による流体・気体性を反映し、Weight 4・Time 8・Flow 7のベクトル配置。,,2,5,0,0,Q(促音単発)
ぱちゃぱちゃ,「ぱちゃ」という音や状態が繰り返し連続して生じるさま。,擬音語・擬態語,スピード・テンポ,中立,清音・半濁音,明るい・軽い・小,畳語,patɕapatɕa,patɕapatɕa,0,3,7,5,4,5,4,1472.7,6.81,6,10578.6,7.92,6,mh,5,#FF4500,57.6,67.8,69.0,無声破裂音の領域性・摩擦音による流体・気体性を反映し、Weight 3・Time 7・Flow 4のベクトル配置。,,4,5,5,1,REDUP(畳語・同一)
ぱちゃん,「ぱちゃ」と響き渡る音、または余韻や弾力を伴う状態。,擬音語・擬態語,テクスチャー,中立,清音・半濁音,明るい・軽い・小,撥音,patɕaŋ,patɕaŋ,0,4,8,7,5,4,4,1150.9,6.18,7,9398.1,7.72,7,0,4,#4682B4,52.5,-4.1,-32.2,無声破裂音の領域性・摩擦音による流体・気体性を反映し、Weight 4・Time 8・Flow 5のベクトル配置。,,3,6,5,0,N(撥音単発)
ぱちり,「ぱち」と一度だけ鮮やかに、あるいは滑らかに行われる動作・状態。,擬態語,テクスチャー・色・光,快,清音・半濁音,明るい・軽い・小,「り」変化,patɕiɾi,patɕiɾi,0,2,7,7,5,6,3,1112.0,6.10,6,6464.5,7.08,6,mh,5,#FFFFFF,100.0,-0.0,0.0,無声破裂音の領域性・摩擦音による流体・気体性を反映し、Weight 2・Time 7・Flow 5のベクトル配置。,,4,6,0,0,RI(り単発)
ぱちん,「ぱち」と響き渡る音、または余韻や弾力を伴う状態。,擬音語・擬態語,テクスチャー,中立,清音・半濁音,明るい・軽い・小,撥音,patɕiŋ,patɕiŋ,0,4,7,7,6,4,3,1251.9,6.40,7,7447.5,7.32,7,0,4,#FF4500,57.6,67.8,69.0,無声破裂音の領域性・摩擦音による流体・気体性を反映し、Weight 4・Time 7・Flow 6のベクトル配置。,,3,6,5,0,N(撥音単発)
ぱっかり,「ぱっか」と一度だけ鮮やかに、あるいは滑らかに行われる動作・状態。,擬態語,テクスチャー・色・光,快,清音・半濁音,明るい・軽い・小,促音・「り」変化,pakkaɾi,pakkaɾi,0,3,6,6,4,7,3,707.3,4.95,7,4380.7,6.42,6,mh,5,#000000,0.0,0.0,0.0,無声破裂音の領域性・弾き音/ɾ/による運動変化を反映し、Weight 3・Time 6・Flow 4のベクトル配置。,,5,5,5,8,COMPOUND(複合・異種)
ぱっくり,「ぱっく」と一度だけ鮮やかに、あるいは滑らかに行われる動作・状態。,擬態語,テクスチャー・色・光,快,清音・半濁音,明るい・軽い・小,促音・「り」変化,pakkuɾi,pakkuɾi,0,3,6,5,5,6,4,595.8,4.52,7,3655.1,6.11,6,mh,5,#8B4513,37.5,26.4,41.0,無声破裂音の領域性・弾き音/ɾ/による運動変化を反映し、Weight 3・Time 6・Flow 5のベクトル配置。,,5,5,5,8,COMPOUND(複合・異種)
ぱったり,「ぱった」と一度だけ鮮やかに、あるいは滑らかに行われる動作・状態。,擬態語,テクスチャー・色・光,快,清音・半濁音,明るい・軽い・小,促音・「り」変化,pattaɾi,pattaɾi,0,4,6,5,5,6,4,577.9,4.44,6,4680.2,6.53,6,mh,5,#FFFFFF,100.0,-0.0,0.0,無声破裂音の領域性・弾き音/ɾ/による運動変化を反映し、Weight 4・Time 6・Flow 5のベクトル配置。,,5,5,5,8,COMPOUND(複合・異種)
ぱっぱ,「ぱっぱ」という感覚・音・状態を表す表現。,擬音語・擬態語,その他,中立,半濁音,明るい・軽い・小,促音,pappa,pappa,0,3,6,6,5,6,4,821.8,5.33,6,6775.1,7.16,6,mh,5,#FFFFFF,100.0,-0.0,0.0,無声破裂音の領域性・促音による時間的突発性(Decay high)を反映し、Weight 3・Time 6・Flow 5のベクトル配置。,,5,5,0,8,COMPOUND(複合・異種)
ぱっぱか,「ぱっぱか」という感覚・音・状態を表す表現。,擬音語・擬態語,その他,中立,清音・半濁音,明るい・軽い・小,促音,pappaka,pappaka,0,3,6,6,4,6,3,894.5,5.55,6,6918.0,7.20,6,mh,5,#FFFFFF,100.0,-0.0,0.0,無声破裂音の領域性・促音による時間的突発性(Decay high)を反映し、Weight 3・Time 6・Flow 4のベクトル配置。,,5,5,0,8,COMPOUND(複合・異種)
ぱっぱっ,「ぱっぱ」とする動作や現象が瞬間的・急激に行われる音や様子。,擬音語・擬態語,スピード・テンポ,中立,半濁音,明るい・軽い・小,畳語・促音,pappaʔ,pappaʔ,0,4,7,6,5,6,3,810.8,5.30,6,7918.7,7.43,7,mh,5,#FFFFFF,100.0,-0.0,0.0,無声破裂音の領域性・促音による時間的突発性(Decay high)を反映し、Weight 4・Time 7・Flow 5のベクトル配置。,,4,5,5,1,REDUP(畳語・同一)
ぱぱっ,「ぱぱ」とする動作や現象が瞬間的・急激に行われる音や様子。,擬音語・擬態語,スピード・テンポ,中立,半濁音,明るい・軽い・小,促音,papaʔ,papaʔ,0,4,8,7,6,6,2,910.4,5.59,8,10145.0,7.85,7,mh,5,#000000,0.0,0.0,0.0,無声破裂音の領域性・促音による時間的突発性(Decay high)を反映し、Weight 4・Time 8・Flow 6のベクトル配置。,,2,5,0,0,Q(促音単発)
ぱらっ,「ぱら」とする動作や現象が瞬間的・急激に行われる音や様子。,擬音語・擬態語,スピード・テンポ,中立,清音・半濁音,明るい・軽い・小,促音,paɾaʔ,paɾaʔ,0,3,8,6,5,6,2,810.8,5.30,8,9484.5,7.73,7,0,4,#000000,0.0,0.0,0.0,無声破裂音の領域性・弾き音/ɾ/による運動変化を反映し、Weight 3・Time 8・Flow 5のベクトル配置。,,2,5,0,0,Q(促音単発)
ぱらり,「ぱら」と一度だけ鮮やかに、あるいは滑らかに行われる動作・状態。,擬態語,テクスチャー・色・光,快,清音・半濁音,明るい・軽い・小,「り」変化,paɾaɾi,paɾaɾi,0,2,6,5,3,8,3,721.9,5.00,6,5037.4,6.66,5,mh,5,#FFFFFF,100.0,-0.0,0.0,無声破裂音の領域性・弾き音/ɾ/による運動変化を反映し、Weight 2・Time 6・Flow 3のベクトル配置。,,4,6,0,0,RI(り単発)
ぱらん,「ぱら」と響き渡る音、または余韻や弾力を伴う状態。,擬音語・擬態語,テクスチャー,中立,清音・半濁音,明るい・軽い・小,撥音,paɾaŋ,paɾaŋ,0,3,7,7,4,5,3,751.5,5.11,6,6344.6,7.05,6,0,4,#FFFFFF,100.0,-0.0,0.0,無声破裂音の領域性・鼻音の共鳴と持続性を反映し、Weight 3・Time 7・Flow 4のベクトル配置。,,3,6,5,0,N(撥音単発)
ぱりぽり,「ぱりぽ」と一度だけ鮮やかに、あるいは滑らかに行われる動作・状態。,擬態語,テクスチャー・色・光,快,清音・半濁音,明るい・軽い・小,「り」変化,paɾipoɾi,paɾipoɾi,0,2,6,6,4,7,3,929.4,5.64,6,5642.4,6.85,6,mh,5,#FFFFFF,100.0,-0.0,0.0,無声破裂音の領域性・弾き音/ɾ/による運動変化を反映し、Weight 2・Time 6・Flow 4のベクトル配置。,,4,6,0,0,RI(り単発)
ぱん,「ぱ」と響き渡る音、または余韻や弾力を伴う状態。,擬音語・擬態語,テクスチャー,中立,半濁音,明るい・軽い・小,撥音,paŋ,paŋ,0,4,7,7,5,5,4,777.0,5.19,6,6675.3,7.14,7,0,4,#808080,53.6,-0.0,0.0,無声破裂音の領域性・鼻音の共鳴と持続性を反映し、Weight 4・Time 7・Flow 5のベクトル配置。,,3,6,5,0,N(撥音単発)
ぱんぱん,「ぱんぱ」と響き渡る音、または余韻や弾力を伴う状態。,擬音語・擬態語,テクスチャー,中立,半濁音,明るい・軽い・小,畳語・撥音,pampaŋ,pampaŋ,0,4,6,6,4,5,4,774.1,5.18,5,7040.7,7.23,6,mh,5,#FF4500,57.6,67.8,69.0,無声破裂音の領域性・鼻音の共鳴と持続性を反映し、Weight 4・Time 6・Flow 4のベクトル配置。,,4,5,5,1,REDUP(畳語・同一)
ぱーっ,「ぱー」とする動作や現象が瞬間的・急激に行われる音や様子。,擬音語・擬態語,スピード・テンポ,中立,半濁音,明るい・軽い・小,促音・長音,paːʔ,paːʔ,0,4,5,6,5,6,3,1001.1,5.83,5,8083.3,7.46,6,mh,5,#FFD700,86.9,-1.9,87.1,無声破裂音の領域性・促音による時間的突発性(Decay high)を反映し、Weight 4・Time 5・Flow 5のベクトル配置。,,2,6,5,0,LONG(長音ー)
ぱーぱー,「ぱー」という音や状態が繰り返し連続して生じるさま。,擬音語・擬態語,スピード・テンポ,中立,半濁音,明るい・軽い・小,畳語・長音,paːpaː,paːpaː,0,3,4,4,3,6,4,934.4,5.66,3,6030.8,6.96,5,mh,5,#FFD700,86.9,-1.9,87.1,無声破裂音の領域性・長音による持続傾向を反映し、Weight 3・Time 4・Flow 3のベクトル配置。,,4,5,5,1,REDUP(畳語・同一)
ぱーん,「ぱー」と響き渡る音、または余韻や弾力を伴う状態。,擬音語・擬態語,テクスチャー,中立,半濁音,明るい・軽い・小,撥音・長音,paːŋ,paːŋ,0,4,4,6,4,5,4,1036.4,5.92,3,7195.2,7.26,6,mh,5,#FFD700,86.9,-1.9,87.1,無声破裂音の領域性・鼻音の共鳴と持続性を反映し、Weight 4・Time 4・Flow 4のベクトル配置。,,3,7,5,0,LONG(長音ー)
ひいひいひ,「ひいひいひ」という感覚・音・状態を表す表現。,擬音語・擬態語,その他,中立,清音,明るい・軽い・小,単発・その他,çiiçiiçi,çiiçiiçi,0,3,5,5,6,7,4,1337.1,6.56,5,5637.5,6.85,5,0,4,#FFFFFF,100.0,-0.0,0.0,摩擦音による流体・気体性を反映し、Weight 3・Time 5・Flow 6のベクトル配置。,,5,5,0,8,COMPOUND(複合・異種)
ひいよろよろ,「ひいよろよろ」という感覚・音・状態を表す表現。,擬音語・擬態語,その他,中立,清音,明るい・軽い・小,単発・その他,çiijoɾojoɾo,çiijoɾojoɾo,0,4,4,4,4,8,5,591.4,4.50,4,1983.1,5.07,6,0,4,#A9A9A9,69.2,-0.0,0.0,摩擦音による流体・気体性・弾き音/ɾ/による運動変化を反映し、Weight 4・Time 4・Flow 4のベクトル配置。,,5,5,0,8,COMPOUND(複合・異種)
ひかひか,「ひか」という音や状態が繰り返し連続して生じるさま。,擬音語・擬態語,スピード・テンポ,中立,清音,明るい・軽い・小,畳語,çikaçika,çikaçika,0,2,6,5,4,7,2,1572.4,6.97,5,7578.2,7.35,5,0,4,#FFD700,86.9,-1.9,87.1,無声破裂音の領域性・摩擦音による流体・気体性を反映し、Weight 2・Time 6・Flow 4のベクトル配置。,,4,5,5,1,REDUP(畳語・同一)
ひかる,「ひかる」という感覚・音・状態を表す表現。,擬音語・擬態語,その他,中立,清音,明るい・軽い・小,単発・その他,çikaɾu,çikaɾu,0,3,5,5,5,7,4,1108.4,6.09,5,4522.2,6.47,5,0,4,#FFFFFF,100.0,-0.0,0.0,無声破裂音の領域性・摩擦音による流体・気体性を反映し、Weight 3・Time 5・Flow 5のベクトル配置。,,5,5,0,8,COMPOUND(複合・異種)
ひきひき,「ひき」という音や状態が繰り返し連続して生じるさま。,擬音語・擬態語,スピード・テンポ,中立,清音,明るい・軽い・小,畳語,çikiçiki,çikiçiki,0,2,6,6,6,6,3,1774.7,7.28,5,8646.3,7.58,5,0,4,#708090,52.8,-2.1,-10.6,無声破裂音の領域性・摩擦音による流体・気体性を反映し、Weight 2・Time 6・Flow 6のベクトル配置。,,4,5,5,1,REDUP(畳語・同一)
ひくっ,「ひく」とする動作や現象が瞬間的・急激に行われる音や様子。,擬音語・擬態語,スピード・テンポ,中立,清音,明るい・軽い・小,促音,çikuʔ,çikuʔ,0,4,8,7,7,6,3,954.9,5.71,8,8493.1,7.55,7,0,4,#000000,0.0,0.0,0.0,無声破裂音の領域性・摩擦音による流体・気体性を反映し、Weight 4・Time 8・Flow 7のベクトル配置。,,2,5,0,0,Q(促音単発)
ひくひく,「ひく」という音や状態が繰り返し連続して生じるさま。,擬音語・擬態語,スピード・テンポ,中立,清音,明るい・軽い・小,畳語,çikuçiku,çikuçiku,0,3,6,4,5,7,4,1362.7,6.61,5,5401.2,6.78,5,mc,3,#708090,52.8,-2.1,-10.6,無声破裂音の領域性・摩擦音による流体・気体性を反映し、Weight 3・Time 6・Flow 5のベクトル配置。,,4,5,5,1,REDUP(畳語・同一)
ひくひくっ,「ひくひく」とする動作や現象が瞬間的・急激に行われる音や様子。,擬音語・擬態語,スピード・テンポ,中立,清音,明るい・軽い・小,促音,çikuçikuʔ,çikuçikuʔ,0,3,8,6,7,6,3,1174.6,6.24,8,8389.4,7.52,7,0,4,#000000,0.0,0.0,0.0,無声破裂音の領域性・摩擦音による流体・気体性を反映し、Weight 3・Time 8・Flow 7のベクトル配置。,,3,5,0,0,Q(促音単発)
ひげひげ,「ひげ」という音や状態が繰り返し連続して生じるさま。,擬音語・擬態語,スピード・テンポ,中立,清音・濁音,暗い・重い・大,畳語,çiɡeçiɡe,çiɡeçiɡe,0,4,5,5,5,7,4,1088.1,6.04,4,4842.1,6.59,6,mc,3,#708090,52.8,-2.1,-10.6,濁音による質量感・摩擦音による流体・気体性を反映し、Weight 4・Time 5・Flow 5のベクトル配置。,,4,5,5,1,REDUP(畳語・同一)
ひさひさ,「ひさ」という音や状態が繰り返し連続して生じるさま。,擬音語・擬態語,スピード・テンポ,中立,清音,明るい・軽い・小,畳語,çisaçisa,çisaçisa,0,2,5,4,4,8,3,1350.1,6.59,4,6051.0,6.97,4,mc,3,#FFFFFF,100.0,-0.0,0.0,摩擦音による流体・気体性を反映し、Weight 2・Time 5・Flow 4のベクトル配置。,,4,5,5,1,REDUP(畳語・同一)
ひたひた,「ひた」という音や状態が繰り返し連続して生じるさま。,擬音語・擬態語,スピード・テンポ,中立,清音,明るい・軽い・小,畳語,çitaçita,çitaçita,0,3,5,4,5,7,5,984.0,5.79,5,5049.3,6.66,6,0,4,#FFFFFF,100.0,-0.0,0.0,無声破裂音の領域性・摩擦音による流体・気体性を反映し、Weight 3・Time 5・Flow 5のベクトル配置。,,4,5,5,1,REDUP(畳語・同一)
ひちびち,「ひちびち」という感覚・音・状態を表す表現。,擬音語・擬態語,その他,中立,清音・濁音,暗い・重い・大,単発・その他,çitɕibitɕi,çitɕibitɕi,0,3,5,6,7,6,5,1256.4,6.41,6,4825.1,6.58,6,0,4,#F5F5DC,95.9,-4.2,12.0,濁音による質量感・無声破裂音の領域性を反映し、Weight 3・Time 5・Flow 7のベクトル配置。,,5,5,0,8,COMPOUND(複合・異種)
ひっそりかん,「ひっそりか」と響き渡る音、または余韻や弾力を伴う状態。,擬音語・擬態語,テクスチャー・静寂表現,中立,清音,明るい・軽い・小,促音・撥音,çissoɾikaŋ,çissoɾikaŋ,0,3,6,6,5,6,3,1271.8,6.44,6,5235.0,6.72,6,mc,3,#F0F8FF,97.2,-1.3,-4.3,無声破裂音の領域性・摩擦音による流体・気体性を反映し、Weight 3・Time 6・Flow 5のベクトル配置。,,5,5,5,8,COMPOUND(複合・異種)
ひひ,「ひひ」という感覚・音・状態を表す表現。,擬音語・擬態語,その他,中立,清音,明るい・軽い・小,単発・その他,çiçi,çiçi,0,3,5,5,6,7,4,1173.1,6.23,5,5187.6,6.71,6,0,4,#FFFFFF,100.0,-0.0,0.0,摩擦音による流体・気体性を反映し、Weight 3・Time 5・Flow 6のベクトル配置。,,5,5,0,8,COMPOUND(複合・異種)
ひひひ,「ひひひ」という感覚・音・状態を表す表現。,擬音語・擬態語,その他,中立,清音,明るい・軽い・小,単発・その他,çiçiçi,çiçiçi,0,3,5,5,6,7,4,1247.5,6.39,5,5735.4,6.88,6,0,4,#FFFFFF,100.0,-0.0,0.0,摩擦音による流体・気体性を反映し、Weight 3・Time 5・Flow 6のベクトル配置。,,5,5,0,8,COMPOUND(複合・異種)
ひゃひゃ,「ひゃ」という音や状態が繰り返し連続して生じるさま。,擬音語・擬態語,スピード・テンポ,中立,清音,明るい・軽い・小,畳語,çjaçja,çjaçja,0,3,5,3,3,8,5,1203.7,6.30,3,7469.2,7.33,5,0,4,#FFFFFF,100.0,-0.0,0.0,摩擦音による流体・気体性を反映し、Weight 3・Time 5・Flow 3のベクトル配置。,,4,5,5,1,REDUP(畳語・同一)
ひゃら,「ひゃら」という感覚・音・状態を表す表現。,擬音語・擬態語,その他,中立,清音,明るい・軽い・小,単発・その他,çjaɾa,çjaɾa,0,3,5,4,3,8,4,933.6,5.65,4,5772.5,6.89,5,0,4,#F5F5F5,96.5,-0.0,0.0,摩擦音による流体・気体性・弾き音/ɾ/による運動変化を反映し、Weight 3・Time 5・Flow 3のベクトル配置。,,5,5,0,8,COMPOUND(複合・異種)
ひゃらら,「ひゃらら」という感覚・音・状態を表す表現。,擬音語・擬態語,その他,中立,清音,明るい・軽い・小,単発・その他,çjaɾaɾa,çjaɾaɾa,0,3,5,3,2,9,3,874.5,5.49,4,5342.2,6.76,5,mh,5,#FF69B4,65.5,64.2,-10.6,摩擦音による流体・気体性・弾き音/ɾ/による運動変化を反映し、Weight 3・Time 5・Flow 2のベクトル配置。,,5,5,0,8,COMPOUND(複合・異種)
ひやーっ,「ひやー」とする動作や現象が瞬間的・急激に行われる音や様子。,擬音語・擬態語,スピード・テンポ,中立,清音,明るい・軽い・小,促音・長音,çijaːʔ,çijaːʔ,0,3,5,5,5,7,4,1201.7,6.29,4,7900.4,7.42,6,0,4,#FF0000,53.2,80.1,67.2,摩擦音による流体・気体性・促音による時間的突発性(Decay high)を反映し、Weight 3・Time 5・Flow 5のベクトル配置。,,3,6,5,0,LONG(長音ー)
ひゅっ,「ひゅ」とする動作や現象が瞬間的・急激に行われる音や様子。,擬音語・擬態語,スピード・テンポ,中立,清音,明るい・軽い・小,促音,çjuʔ,çjuʔ,0,4,7,7,7,6,3,1013.3,5.86,7,9251.8,7.69,7,0,4,#000000,0.0,0.0,0.0,摩擦音による流体・気体性・促音による時間的突発性(Decay high)を反映し、Weight 4・Time 7・Flow 7のベクトル配置。,,2,5,0,0,Q(促音単発)
ひゅん,「ひゅ」と響き渡る音、または余韻や弾力を伴う状態。,擬音語・擬態語,テクスチャー,中立,清音,明るい・軽い・小,撥音,çjuŋ,çjuŋ,0,4,6,7,5,6,5,995.8,5.82,6,6884.0,7.19,7,mc,3,#808080,53.6,-0.0,0.0,摩擦音による流体・気体性・鼻音の共鳴と持続性を反映し、Weight 4・Time 6・Flow 5のベクトル配置。,,3,6,5,0,N(撥音単発)
ひゅんひゅん,「ひゅんひゅ」と響き渡る音、または余韻や弾力を伴う状態。,擬音語・擬態語,テクスチャー,中立,清音,明るい・軽い・小,畳語・撥音,çjuŋçjuŋ,çjuŋçjuŋ,0,4,5,6,4,7,5,1101.8,6.07,4,7479.4,7.33,6,0,4,#FFFFFF,100.0,-0.0,0.0,摩擦音による流体・気体性・鼻音の共鳴と持続性を反映し、Weight 4・Time 5・Flow 4のベクトル配置。,,4,5,5,1,REDUP(畳語・同一)
ひゅー,音が長く尾を引いて持続する音や状態。,擬音語・擬態語,スピード・テンポ,中立,清音,明るい・軽い・小,長音,çjuː,çjuː,0,3,2,5,4,8,4,1310.8,6.51,1,7042.7,7.23,5,0,4,#FF4500,57.6,67.8,69.0,摩擦音による流体・気体性・長音による持続傾向を反映し、Weight 3・Time 2・Flow 4のベクトル配置。,,2,7,5,0,LONG(長音ー)
ひゅーひゅー,「ひゅー」という音や状態が繰り返し連続して生じるさま。,擬音語・擬態語,スピード・テンポ,中立,清音,明るい・軽い・小,畳語・長音,çjuːçjuː,çjuːçjuː,0,3,3,5,4,8,5,1310.6,6.51,2,6612.3,7.12,6,0,4,#FFFFFF,100.0,-0.0,0.0,摩擦音による流体・気体性・長音による持続傾向を反映し、Weight 3・Time 3・Flow 4のベクトル配置。,,4,5,5,1,REDUP(畳語・同一)
ひゅーん,「ひゅー」と響き渡る音、または余韻や弾力を伴う状態。,擬音語・擬態語,テクスチャー,中立,清音,明るい・軽い・小,撥音・長音,çjuːŋ,çjuːŋ,0,3,4,6,4,6,5,1285.8,6.47,2,7415.7,7.31,6,0,4,#9A6B58,49.6,16.3,18.2,摩擦音による流体・気体性・鼻音の共鳴と持続性を反映し、Weight 3・Time 4・Flow 4のベクトル配置。,,3,7,5,0,LONG(長音ー)
ひょうよろよろ,「ひょうよろよろ」という感覚・音・状態を表す表現。,擬音語・擬態語,その他,中立,清音,暗い・重い・大,単発・その他,çjoujoɾojoɾo,çjoujoɾojoɾo,0,4,4,3,4,8,6,444.9,3.78,4,1289.5,4.34,6,0,4,#A9A9A9,69.2,-0.0,0.0,摩擦音による流体・気体性・弾き音/ɾ/による運動変化を反映し、Weight 4・Time 4・Flow 4のベクトル配置。,,5,5,0,8,COMPOUND(複合・異種)
ひょこっ,「ひょこ」とする動作や現象が瞬間的・急激に行われる音や様子。,擬音語・擬態語,スピード・テンポ,中立,清音,明るい・軽い・小,促音,çjokoʔ,çjokoʔ,0,3,8,6,6,6,3,834.1,5.37,7,7144.3,7.25,7,0,4,#FFFFFF,100.0,-0.0,0.0,無声破裂音の領域性・摩擦音による流体・気体性を反映し、Weight 3・Time 8・Flow 6のベクトル配置。,,3,5,0,0,Q(促音単発)
ひょこひょこ,「ひょこ」という音や状態が繰り返し連続して生じるさま。,擬音語・擬態語,スピード・テンポ,中立,清音,明るい・軽い・小,畳語,çjokoçjoko,çjokoçjoko,0,3,6,4,4,7,4,863.7,5.46,5,3715.4,6.14,5,0,4,#FFFFFF,100.0,-0.0,0.0,無声破裂音の領域性・摩擦音による流体・気体性を反映し、Weight 3・Time 6・Flow 4のベクトル配置。,,4,5,5,1,REDUP(畳語・同一)
ひょこり,「ひょこ」と一度だけ鮮やかに、あるいは滑らかに行われる動作・状態。,擬態語,テクスチャー・色・光,快,清音,明るい・軽い・小,「り」変化,çjokoɾi,çjokoɾi,0,2,6,5,4,8,4,784.3,5.21,6,3881.7,6.22,5,mh,5,#FFFFFF,100.0,-0.0,0.0,無声破裂音の領域性・摩擦音による流体・気体性を反映し、Weight 2・Time 6・Flow 4のベクトル配置。,,4,6,0,0,RI(り単発)
ひょこりひょこり,「ひょこりひょこ」と一度だけ鮮やかに、あるいは滑らかに行われる動作・状態。,擬態語,テクスチャー・色・光,快,清音,明るい・軽い・小,畳語・「り」変化,çjokoɾiçjokoɾi,çjokoɾiçjokoɾi,0,2,6,5,4,7,4,936.1,5.66,5,4273.6,6.38,5,mh,5,#FFFFFF,100.0,-0.0,0.0,無声破裂音の領域性・摩擦音による流体・気体性を反映し、Weight 2・Time 6・Flow 4のベクトル配置。,,4,5,5,1,REDUP(畳語・同一)
ひょこん,「ひょこ」と響き渡る音、または余韻や弾力を伴う状態。,擬音語・擬態語,テクスチャー,中立,清音,明るい・軽い・小,撥音,çjokoŋ,çjokoŋ,0,3,7,6,5,6,4,780.7,5.20,6,4774.9,6.57,6,0,4,#808080,53.6,-0.0,0.0,無声破裂音の領域性・摩擦音による流体・気体性を反映し、Weight 3・Time 7・Flow 5のベクトル配置。,,3,6,5,0,N(撥音単発)
ひょこんひょこん,「ひょこんひょこ」と響き渡る音、または余韻や弾力を伴う状態。,擬音語・擬態語,テクスチャー,中立,清音,明るい・軽い・小,畳語・撥音,çjokoŋçjokoŋ,çjokoŋçjokoŋ,0,3,6,5,4,6,4,774.0,5.18,5,4474.9,6.46,6,0,4,#FFFFFF,100.0,-0.0,0.0,無声破裂音の領域性・摩擦音による流体・気体性を反映し、Weight 3・Time 6・Flow 4のベクトル配置。,,4,5,5,1,REDUP(畳語・同一)
ひょっくり,「ひょっく」と一度だけ鮮やかに、あるいは滑らかに行われる動作・状態。,擬態語,テクスチャー・色・光,快,清音,明るい・軽い・小,促音・「り」変化,çjokkuɾi,çjokkuɾi,0,3,5,5,5,7,4,604.8,4.56,6,2775.5,5.65,6,mh,5,#FFFFFF,100.0,-0.0,0.0,無声破裂音の領域性・摩擦音による流体・気体性を反映し、Weight 3・Time 5・Flow 5のベクトル配置。,,5,5,5,8,COMPOUND(複合・異種)
ひょろっ,「ひょろ」とする動作や現象が瞬間的・急激に行われる音や様子。,擬音語・擬態語,スピード・テンポ,中立,清音,明るい・軽い・小,促音,çjoɾoʔ,çjoɾoʔ,0,3,7,6,6,7,4,768.4,5.16,7,6549.3,7.10,7,0,4,#000000,0.0,0.0,0.0,摩擦音による流体・気体性・弾き音/ɾ/による運動変化を反映し、Weight 3・Time 7・Flow 6のベクトル配置。,,3,5,0,0,Q(促音単発)
ひょろひょろ,「ひょろ」という音や状態が繰り返し連続して生じるさま。,擬音語・擬態語,スピード・テンポ,中立,清音,明るい・軽い・小,畳語,çjoɾoçjoɾo,çjoɾoçjoɾo,0,3,5,3,3,9,5,778.8,5.20,3,2282.4,5.31,6,0,4,#006400,36.2,-43.4,41.9,摩擦音による流体・気体性・弾き音/ɾ/による運動変化を反映し、Weight 3・Time 5・Flow 3のベクトル配置。,,4,5,5,1,REDUP(畳語・同一)
ひょろり,「ひょろ」と一度だけ鮮やかに、あるいは滑らかに行われる動作・状態。,擬態語,テクスチャー・色・光,快,清音,明るい・軽い・小,「り」変化,çjoɾoɾi,çjoɾoɾi,0,2,6,5,4,9,5,721.0,5.00,5,3100.3,5.83,6,mh,5,#FFFFFF,100.0,-0.0,0.0,摩擦音による流体・気体性・弾き音/ɾ/による運動変化を反映し、Weight 2・Time 6・Flow 4のベクトル配置。,,4,6,0,0,RI(り単発)
ひょろりひょろり,「ひょろりひょろ」と一度だけ鮮やかに、あるいは滑らかに行われる動作・状態。,擬態語,テクスチャー・色・光,快,清音,明るい・軽い・小,畳語・「り」変化,çjoɾoɾiçjoɾoɾi,çjoɾoɾiçjoɾoɾi,0,2,5,4,4,9,5,848.3,5.41,4,3225.7,5.90,6,0,4,#006400,36.2,-43.4,41.9,摩擦音による流体・気体性・弾き音/ɾ/による運動変化を反映し、Weight 2・Time 5・Flow 4のベクトル配置。,,4,5,5,1,REDUP(畳語・同一)
ひょんひょん,「ひょんひょ」と響き渡る音、または余韻や弾力を伴う状態。,擬音語・擬態語,テクスチャー,中立,清音,明るい・軽い・小,畳語・撥音,çjoŋçjoŋ,çjoŋçjoŋ,0,3,6,5,4,7,5,861.2,5.45,5,5256.0,6.73,6,0,4,#FFFFFF,100.0,-0.0,0.0,摩擦音による流体・気体性・鼻音の共鳴と持続性を反映し、Weight 3・Time 6・Flow 4のベクトル配置。,,4,5,5,1,REDUP(畳語・同一)
ひらり,「ひら」と一度だけ鮮やかに、あるいは滑らかに行われる動作・状態。,擬態語,テクスチャー・色・光,快,清音,明るい・軽い・小,「り」変化,çiɾaɾi,çiɾaɾi,0,2,6,5,4,8,3,883.5,5.52,5,4671.6,6.53,5,mh,5,#FFFFFF,100.0,-0.0,0.0,摩擦音による流体・気体性・弾き音/ɾ/による運動変化を反映し、Weight 2・Time 6・Flow 4のベクトル配置。,,4,6,0,0,RI(り単発)
ひらりひらり,「ひらりひら」と一度だけ鮮やかに、あるいは滑らかに行われる動作・状態。,擬態語,テクスチャー・色・光,快,清音,明るい・軽い・小,畳語・「り」変化,çiɾaɾiçiɾaɾi,çiɾaɾiçiɾaɾi,0,2,5,5,3,8,3,1096.0,6.06,5,5448.5,6.79,5,mh,5,#FFFFFF,100.0,-0.0,0.0,摩擦音による流体・気体性・弾き音/ɾ/による運動変化を反映し、Weight 2・Time 5・Flow 3のベクトル配置。,,4,5,5,1,REDUP(畳語・同一)
ひん,「ひ」と響き渡る音、または余韻や弾力を伴う状態。,擬音語・擬態語,テクスチャー,中立,清音,明るい・軽い・小,撥音,çiŋ,çiŋ,0,4,6,7,6,5,4,1064.8,5.99,6,5738.9,6.88,7,mc,3,#808080,53.6,-0.0,0.0,摩擦音による流体・気体性・鼻音の共鳴と持続性を反映し、Weight 4・Time 6・Flow 6のベクトル配置。,,3,6,5,0,N(撥音単発)
ひんひん,「ひんひ」と響き渡る音、または余韻や弾力を伴う状態。,擬音語・擬態語,テクスチャー,中立,清音,明るい・軽い・小,畳語・撥音,çiŋçiŋ,çiŋçiŋ,0,3,6,6,5,6,4,1184.5,6.26,4,5877.7,6.92,6,mc,3,#AFEEEE,90.1,-19.6,-6.4,摩擦音による流体・気体性・鼻音の共鳴と持続性を反映し、Weight 3・Time 6・Flow 5のベクトル配置。,,4,5,5,1,REDUP(畳語・同一)
ひーひーふ,音が長く尾を引いて持続する音や状態。,擬音語・擬態語,スピード・テンポ,中立,清音,明るい・軽い・小,長音,çiːçiːɸu,çiːçiːɸu,0,3,3,5,5,8,4,1619.8,7.05,2,7258.7,7.28,5,0,4,#FFFFFF,100.0,-0.0,0.0,摩擦音による流体・気体性・長音による持続傾向を反映し、Weight 3・Time 3・Flow 5のベクトル配置。,,3,7,5,0,LONG(長音ー)
びくっ,「びく」とする動作や現象が瞬間的・急激に行われる音や様子。,擬音語・擬態語,スピード・テンポ,中立,清音・濁音,暗い・重い・大,促音,bikuʔ,bikuʔ,0,5,8,7,7,6,4,523.0,4.19,8,9060.5,7.65,7,0,4,#000000,0.0,0.0,0.0,濁音による質量感・無声破裂音の領域性を反映し、Weight 5・Time 8・Flow 7のベクトル配置。,,3,5,0,0,Q(促音単発)
びくん,「びく」と響き渡る音、または余韻や弾力を伴う状態。,擬音語・擬態語,テクスチャー,中立,清音・濁音,暗い・重い・大,撥音,bikuŋ,bikuŋ,0,5,7,7,6,5,5,456.2,3.84,7,6225.9,7.02,7,mc,3,#808080,53.6,-0.0,0.0,濁音による質量感・無声破裂音の領域性を反映し、Weight 5・Time 7・Flow 6のベクトル配置。,,3,6,5,0,N(撥音単発)
びしっ,「びし」とする動作や現象が瞬間的・急激に行われる音や様子。,擬音語・擬態語,スピード・テンポ,中立,清音・濁音,暗い・重い・大,促音,biɕiʔ,biɕiʔ,0,5,8,7,7,5,4,709.7,4.96,8,10862.9,7.96,8,0,4,#000000,0.0,0.0,0.0,濁音による質量感・摩擦音による流体・気体性を反映し、Weight 5・Time 8・Flow 7のベクトル配置。,,2,5,0,0,Q(促音単発)
びしゃり,「びしゃ」と一度だけ鮮やかに、あるいは滑らかに行われる動作・状態。,擬態語,テクスチャー・色・光,快,清音・濁音,暗い・重い・大,「り」変化,biɕaɾi,biɕaɾi,0,4,6,6,4,7,5,598.5,4.53,6,8912.2,7.63,6,0,4,#0000CD,25.0,67.2,-91.5,濁音による質量感・摩擦音による流体・気体性を反映し、Weight 4・Time 6・Flow 4のベクトル配置。,,4,6,0,0,RI(り単発)
びしゃん,「びしゃ」と響き渡る音、または余韻や弾力を伴う状態。,擬音語・擬態語,テクスチャー,中立,清音・濁音,暗い・重い・大,撥音,biɕaŋ,biɕaŋ,0,5,7,7,5,5,5,598.3,4.53,6,11033.8,7.99,7,0,4,#0000CD,25.0,67.2,-91.5,濁音による質量感・摩擦音による流体・気体性を反映し、Weight 5・Time 7・Flow 5のベクトル配置。,,3,6,5,0,N(撥音単発)
びたびた,「びた」という音や状態が繰り返し連続して生じるさま。,擬音語・擬態語,スピード・テンポ,中立,清音・濁音,暗い・重い・大,畳語,bitabita,bitabita,0,5,5,4,4,7,6,323.4,2.97,5,5659.4,6.86,6,0,4,#0000CD,25.0,67.2,-91.5,濁音による質量感・無声破裂音の領域性を反映し、Weight 5・Time 5・Flow 4のベクトル配置。,,4,5,5,1,REDUP(畳語・同一)
びちゃびちゃ,「びちゃ」という音や状態が繰り返し連続して生じるさま。,擬音語・擬態語,スピード・テンポ,中立,清音・濁音,暗い・重い・大,畳語,bitɕabitɕa,bitɕabitɕa,0,4,6,5,4,6,7,941.1,5.68,5,8719.6,7.59,7,0,4,#F5F5DC,95.9,-4.2,12.0,濁音による質量感・無声破裂音の領域性を反映し、Weight 4・Time 6・Flow 4のベクトル配置。,,4,5,5,1,REDUP(畳語・同一)
びちゃり,「びちゃ」と一度だけ鮮やかに、あるいは滑らかに行われる動作・状態。,擬態語,テクスチャー・色・光,快,清音・濁音,暗い・重い・大,「り」変化,bitɕaɾi,bitɕaɾi,0,3,6,6,4,7,5,784.9,5.22,6,6327.8,7.05,6,mh,5,#FFFFFF,100.0,-0.0,0.0,濁音による質量感・無声破裂音の領域性を反映し、Weight 3・Time 6・Flow 4のベクトル配置。,,4,6,0,0,RI(り単発)
びちょびちょ,「びちょ」という音や状態が繰り返し連続して生じるさま。,擬音語・擬態語,スピード・テンポ,中立,清音・濁音,暗い・重い・大,畳語,bitɕobitɕo,bitɕobitɕo,0,4,6,5,6,7,6,885.5,5.52,5,5312.5,6.75,6,0,4,#F5F5DC,95.9,-4.2,12.0,濁音による質量感・無声破裂音の領域性を反映し、Weight 4・Time 6・Flow 6のベクトル配置。,,4,5,5,1,REDUP(畳語・同一)
びっ,「び」とする動作や現象が瞬間的・急激に行われる音や様子。,擬音語・擬態語,スピード・テンポ,中立,濁音,暗い・重い・大,促音,biʔ,biʔ,0,5,7,7,7,5,4,628.6,4.65,8,9075.9,7.66,7,0,4,#000000,0.0,0.0,0.0,濁音による質量感・促音による時間的突発性(Decay high)を反映し、Weight 5・Time 7・Flow 7のベクトル配置。,,2,5,0,0,Q(促音単発)
びっくり,「びっく」と一度だけ鮮やかに、あるいは滑らかに行われる動作・状態。,擬態語,テクスチャー・色・光,快,清音・濁音,暗い・重い・大,促音・「り」変化,bikkuɾi,bikkuɾi,0,4,5,5,5,7,5,380.4,3.38,6,3578.6,6.08,6,mh,5,#8B4513,37.5,26.4,41.0,濁音による質量感・無声破裂音の領域性を反映し、Weight 4・Time 5・Flow 5のベクトル配置。,,5,5,5,8,COMPOUND(複合・異種)
びっちり,「びっち」と一度だけ鮮やかに、あるいは滑らかに行われる動作・状態。,擬態語,テクスチャー・色・光,快,清音・濁音,暗い・重い・大,促音・「り」変化,bittɕiɾi,bittɕiɾi,0,4,5,6,6,6,5,664.9,4.80,6,4244.7,6.37,7,mh,5,#708090,52.8,-2.1,-10.6,濁音による質量感・無声破裂音の領域性を反映し、Weight 4・Time 5・Flow 6のベクトル配置。,,5,5,5,8,COMPOUND(複合・異種)
びびびっ,「びびび」とする動作や現象が瞬間的・急激に行われる音や様子。,擬音語・擬態語,スピード・テンポ,中立,濁音,暗い・重い・大,促音,bibibiʔ,bibibiʔ,0,5,7,7,6,6,4,547.6,4.30,7,8767.5,7.60,7,0,4,#FFFFFF,100.0,-0.0,0.0,濁音による質量感・促音による時間的突発性(Decay high)を反映し、Weight 5・Time 7・Flow 6のベクトル配置。,,3,5,0,0,Q(促音単発)
びゅっ,「びゅ」とする動作や現象が瞬間的・急激に行われる音や様子。,擬音語・擬態語,スピード・テンポ,中立,濁音,暗い・重い・大,促音,bjuʔ,bjuʔ,0,5,7,7,6,6,4,612.7,4.59,7,9819.1,7.79,7,0,4,#000000,0.0,0.0,0.0,濁音による質量感・促音による時間的突発性(Decay high)を反映し、Weight 5・Time 7・Flow 6のベクトル配置。,,2,5,0,0,Q(促音単発)
びゅん,「びゅ」と響き渡る音、または余韻や弾力を伴う状態。,擬音語・擬態語,テクスチャー,中立,濁音,暗い・重い・大,撥音,bjuŋ,bjuŋ,0,5,6,7,5,6,5,543.4,4.28,6,7713.1,7.38,7,0,4,#1E90FF,59.4,10.0,-63.4,濁音による質量感・鼻音の共鳴と持続性を反映し、Weight 5・Time 6・Flow 5のベクトル配置。,,3,6,5,0,N(撥音単発)
びゅー,音が長く尾を引いて持続する音や状態。,擬音語・擬態語,スピード・テンポ,中立,濁音,暗い・重い・大,長音,bjuː,bjuː,0,4,3,5,4,8,5,929.8,5.64,1,7795.0,7.40,6,0,4,#FF4500,57.6,67.8,69.0,濁音による質量感・長音による持続傾向を反映し、Weight 4・Time 3・Flow 4のベクトル配置。,,2,7,5,0,LONG(長音ー)
びゅーん,「びゅー」と響き渡る音、または余韻や弾力を伴う状態。,擬音語・擬態語,テクスチャー,中立,濁音,暗い・重い・大,撥音・長音,bjuːŋ,bjuːŋ,0,4,4,6,4,6,5,856.0,5.44,2,8066.4,7.46,6,0,4,#1E90FF,59.4,10.0,-63.4,濁音による質量感・鼻音の共鳴と持続性を反映し、Weight 4・Time 4・Flow 4のベクトル配置。,,3,7,5,0,LONG(長音ー)
びよ,「びよ」という感覚・音・状態を表す表現。,擬音語・擬態語,その他,中立,清音・濁音,暗い・重い・大,単発・その他,bijo,bijo,0,5,4,4,5,7,6,296.7,2.75,5,3649.0,6.11,6,0,4,#708090,52.8,-2.1,-10.6,濁音による質量感を反映し、Weight 5・Time 4・Flow 5のベクトル配置。,,5,5,0,8,COMPOUND(複合・異種)
びりっ,「びり」とする動作や現象が瞬間的・急激に行われる音や様子。,擬音語・擬態語,スピード・テンポ,中立,清音・濁音,暗い・重い・大,促音,biɾiʔ,biɾiʔ,0,5,8,7,7,5,3,807.3,5.29,8,9395.4,7.72,7,0,4,#000000,0.0,0.0,0.0,濁音による質量感・弾き音/ɾ/による運動変化を反映し、Weight 5・Time 8・Flow 7のベクトル配置。,,2,5,0,0,Q(促音単発)
びりびり,「びりび」と一度だけ鮮やかに、あるいは滑らかに行われる動作・状態。,擬態語,テクスチャー・色・光,快,清音・濁音,暗い・重い・大,畳語・「り」変化,biɾibiɾi,biɾibiɾi,0,4,5,6,4,7,4,604.8,4.56,5,5793.1,6.90,6,mh,5,#4169E1,47.8,26.3,-65.3,濁音による質量感・弾き音/ɾ/による運動変化を反映し、Weight 4・Time 5・Flow 4のベクトル配置。,,4,5,5,1,REDUP(畳語・同一)
びんびん,「びんび」と響き渡る音、または余韻や弾力を伴う状態。,擬音語・擬態語,テクスチャー,中立,濁音,暗い・重い・大,畳語・撥音,bimbiŋ,bimbiŋ,0,5,5,6,4,6,6,459.9,3.86,4,6696.6,7.14,7,0,4,#808080,53.6,-0.0,0.0,濁音による質量感・鼻音の共鳴と持続性を反映し、Weight 5・Time 5・Flow 4のベクトル配置。,,4,5,5,1,REDUP(畳語・同一)
びー,音が長く尾を引いて持続する音や状態。,擬音語・擬態語,スピード・テンポ,中立,濁音,暗い・重い・大,長音,biː,biː,0,4,3,5,5,7,4,1053.1,5.96,1,7772.9,7.39,6,0,4,#FFFF00,97.1,-21.6,94.5,濁音による質量感・長音による持続傾向を反映し、Weight 4・Time 3・Flow 5のベクトル配置。,,2,7,5,0,LONG(長音ー)
びーっ,「びー」とする動作や現象が瞬間的・急激に行われる音や様子。,擬音語・擬態語,スピード・テンポ,中立,濁音,暗い・重い・大,促音・長音,biːʔ,biːʔ,0,4,5,6,6,6,4,918.0,5.61,5,8753.8,7.60,6,0,4,#F0FFFF,98.9,-4.9,-1.7,濁音による質量感・促音による時間的突発性(Decay high)を反映し、Weight 4・Time 5・Flow 6のベクトル配置。,,2,7,5,0,LONG(長音ー)
びーびー,「びー」という音や状態が繰り返し連続して生じるさま。,擬音語・擬態語,スピード・テンポ,中立,濁音,暗い・重い・大,畳語・長音,biːbiː,biːbiː,0,4,4,5,4,6,5,828.5,5.35,2,7169.3,7.26,6,0,4,#000000,0.0,0.0,0.0,濁音による質量感・長音による持続傾向を反映し、Weight 4・Time 4・Flow 4のベクトル配置。,,4,5,5,1,REDUP(畳語・同一)
びーん,「びー」と響き渡る音、または余韻や弾力を伴う状態。,擬音語・擬態語,テクスチャー,中立,濁音,暗い・重い・大,撥音・長音,biːŋ,biːŋ,0,4,4,7,5,5,4,931.7,5.65,2,8029.7,7.45,6,0,4,#FFFF00,97.1,-21.6,94.5,濁音による質量感・鼻音の共鳴と持続性を反映し、Weight 4・Time 4・Flow 5のベクトル配置。,,3,7,5,0,LONG(長音ー)
ぴきっ,「ぴき」とする動作や現象が瞬間的・急激に行われる音や様子。,擬音語・擬態語,スピード・テンポ,中立,清音・半濁音,明るい・軽い・小,促音,pikiʔ,pikiʔ,0,4,8,8,7,5,2,1311.9,6.52,8,11520.4,8.06,7,mh,5,#000000,0.0,0.0,0.0,無声破裂音の領域性・促音による時間的突発性(Decay high)を反映し、Weight 4・Time 8・Flow 7のベクトル配置。,,2,5,0,0,Q(促音単発)
ぴくっ,「ぴく」とする動作や現象が瞬間的・急激に行われる音や様子。,擬音語・擬態語,スピード・テンポ,中立,清音・半濁音,明るい・軽い・小,促音,pikuʔ,pikuʔ,0,4,8,7,7,6,3,997.3,5.82,8,10034.6,7.83,7,mh,5,#000000,0.0,0.0,0.0,無声破裂音の領域性・促音による時間的突発性(Decay high)を反映し、Weight 4・Time 8・Flow 7のベクトル配置。,,2,5,0,0,Q(促音単発)
ぴくぴく,「ぴく」という音や状態が繰り返し連続して生じるさま。,擬音語・擬態語,スピード・テンポ,中立,清音・半濁音,明るい・軽い・小,畳語,pikupiku,pikupiku,0,3,6,5,5,6,4,1390.9,6.66,5,7961.5,7.44,6,mh,5,#FFD700,86.9,-1.9,87.1,無声破裂音の領域性を反映し、Weight 3・Time 6・Flow 5のベクトル配置。,,4,5,5,1,REDUP(畳語・同一)
ぴくり,「ぴく」と一度だけ鮮やかに、あるいは滑らかに行われる動作・状態。,擬態語,テクスチャー・色・光,快,清音・半濁音,明るい・軽い・小,「り」変化,pikuɾi,pikuɾi,0,3,6,6,4,7,4,917.9,5.61,6,5635.0,6.85,6,mh,5,#FFFFFF,100.0,-0.0,0.0,無声破裂音の領域性・弾き音/ɾ/による運動変化を反映し、Weight 3・Time 6・Flow 4のベクトル配置。,,4,6,0,0,RI(り単発)
ぴくん,「ぴく」と響き渡る音、または余韻や弾力を伴う状態。,擬音語・擬態語,テクスチャー,中立,清音・半濁音,明るい・軽い・小,撥音,pikuŋ,pikuŋ,0,4,7,8,6,5,4,993.4,5.81,7,7177.8,7.26,7,0,4,#808080,53.6,-0.0,0.0,無声破裂音の領域性・鼻音の共鳴と持続性を反映し、Weight 4・Time 7・Flow 6のベクトル配置。,,3,6,5,0,N(撥音単発)
ぴしっ,「ぴし」とする動作や現象が瞬間的・急激に行われる音や様子。,擬音語・擬態語,スピード・テンポ,中立,清音・半濁音,明るい・軽い・小,促音,piɕiʔ,piɕiʔ,0,4,8,7,7,5,3,1078.2,6.02,8,10536.5,7.91,7,mh,5,#000000,0.0,0.0,0.0,無声破裂音の領域性・摩擦音による流体・気体性を反映し、Weight 4・Time 8・Flow 7のベクトル配置。,,2,5,0,0,Q(促音単発)
ぴしゃっ,「ぴしゃ」とする動作や現象が瞬間的・急激に行われる音や様子。,擬音語・擬態語,スピード・テンポ,中立,清音・半濁音,明るい・軽い・小,促音,piɕaʔ,piɕaʔ,0,4,8,7,6,6,3,1050.2,5.95,8,12549.6,8.21,7,mh,5,#778899,55.9,-2.2,-11.1,無声破裂音の領域性・摩擦音による流体・気体性を反映し、Weight 4・Time 8・Flow 6のベクトル配置。,,3,5,0,0,Q(促音単発)
ぴしゃり,「ぴしゃ」と一度だけ鮮やかに、あるいは滑らかに行われる動作・状態。,擬態語,テクスチャー・色・光,快,清音・半濁音,明るい・軽い・小,「り」変化,piɕaɾi,piɕaɾi,0,3,7,6,4,7,4,938.4,5.67,6,8343.2,7.51,6,mh,5,#FFFFFF,100.0,-0.0,0.0,無声破裂音の領域性・摩擦音による流体・気体性を反映し、Weight 3・Time 7・Flow 4のベクトル配置。,,4,6,0,0,RI(り単発)
ぴしゃん,「ぴしゃ」と響き渡る音、または余韻や弾力を伴う状態。,擬音語・擬態語,テクスチャー,中立,清音・半濁音,明るい・軽い・小,撥音,piɕaŋ,piɕaŋ,0,4,8,8,5,5,4,997.6,5.82,7,10386.0,7.89,7,0,4,#808080,53.6,-0.0,0.0,無声破裂音の領域性・摩擦音による流体・気体性を反映し、Weight 4・Time 8・Flow 5のベクトル配置。,,3,6,5,0,N(撥音単発)
ぴたぴた,「ぴた」という音や状態が繰り返し連続して生じるさま。,擬音語・擬態語,スピード・テンポ,中立,清音・半濁音,明るい・軽い・小,畳語,pitapita,pitapita,0,3,6,5,5,6,6,868.7,5.47,5,7468.4,7.33,6,mh,5,#FFFFFF,100.0,-0.0,0.0,無声破裂音の領域性を反映し、Weight 3・Time 6・Flow 5のベクトル配置。,,4,5,5,1,REDUP(畳語・同一)
ぴたん,「ぴた」と響き渡る音、または余韻や弾力を伴う状態。,擬音語・擬態語,テクスチャー,中立,清音・半濁音,明るい・軽い・小,撥音,pitaŋ,pitaŋ,0,4,7,7,5,5,5,771.6,5.17,6,7299.9,7.29,7,0,4,#FFFFFF,100.0,-0.0,0.0,無声破裂音の領域性・鼻音の共鳴と持続性を反映し、Weight 4・Time 7・Flow 5のベクトル配置。,,3,6,5,0,N(撥音単発)
ぴちっ,「ぴち」とする動作や現象が瞬間的・急激に行われる音や様子。,擬音語・擬態語,スピード・テンポ,中立,清音・半濁音,明るい・軽い・小,促音,pitɕiʔ,pitɕiʔ,0,4,8,7,7,5,4,1273.3,6.44,8,10243.7,7.86,7,mh,5,#87CEEB,79.2,-14.8,-21.3,無声破裂音の領域性・摩擦音による流体・気体性を反映し、Weight 4・Time 8・Flow 7のベクトル配置。,,2,5,0,0,Q(促音単発)
ぴちゃっ,「ぴちゃ」とする動作や現象が瞬間的・急激に行われる音や様子。,擬音語・擬態語,スピード・テンポ,中立,清音・半濁音,明るい・軽い・小,促音,pitɕaʔ,pitɕaʔ,0,4,8,7,6,5,4,1242.3,6.38,8,11734.8,8.09,8,mh,5,#87CEEB,79.2,-14.8,-21.3,無声破裂音の領域性・摩擦音による流体・気体性を反映し、Weight 4・Time 8・Flow 6のベクトル配置。,,3,5,0,0,Q(促音単発)
ぴちゃん,「ぴちゃ」と響き渡る音、または余韻や弾力を伴う状態。,擬音語・擬態語,テクスチャー,中立,清音・半濁音,明るい・軽い・小,撥音,pitɕaŋ,pitɕaŋ,0,4,8,8,5,4,5,1208.4,6.31,7,9587.3,7.75,7,0,4,#87CEEB,79.2,-14.8,-21.3,無声破裂音の領域性・摩擦音による流体・気体性を反映し、Weight 4・Time 8・Flow 5のベクトル配置。,,3,6,5,0,N(撥音単発)
ぴちり,「ぴち」と一度だけ鮮やかに、あるいは滑らかに行われる動作・状態。,擬態語,テクスチャー・色・光,快,清音・半濁音,明るい・軽い・小,「り」変化,pitɕiɾi,pitɕiɾi,0,2,6,7,5,6,4,1161.1,6.21,6,6646.5,7.13,6,mh,5,#FFFFFF,100.0,-0.0,0.0,無声破裂音の領域性・摩擦音による流体・気体性を反映し、Weight 2・Time 6・Flow 5のベクトル配置。,,4,6,0,0,RI(り単発)
ぴちん,「ぴち」と響き渡る音、または余韻や弾力を伴う状態。,擬音語・擬態語,テクスチャー,中立,清音・半濁音,明るい・軽い・小,撥音,pitɕiŋ,pitɕiŋ,0,4,7,8,6,4,5,1309.3,6.51,7,7655.2,7.37,7,0,4,#87CEEB,79.2,-14.8,-21.3,無声破裂音の領域性・摩擦音による流体・気体性を反映し、Weight 4・Time 7・Flow 6のベクトル配置。,,3,6,5,0,N(撥音単発)
ぴっ,「ぴ」とする動作や現象が瞬間的・急激に行われる音や様子。,擬音語・擬態語,スピード・テンポ,中立,半濁音,明るい・軽い・小,促音,piʔ,piʔ,0,4,8,7,7,5,3,1032.9,5.91,8,10147.2,7.85,7,mh,5,#000000,0.0,0.0,0.0,無声破裂音の領域性・促音による時間的突発性(Decay high)を反映し、Weight 4・Time 8・Flow 7のベクトル配置。,,2,5,0,0,Q(促音単発)
ぴっかぴか,「ぴっかぴか」という感覚・音・状態を表す表現。,擬音語・擬態語,その他,中立,清音・半濁音,明るい・軽い・小,促音,pikkapika,pikkapika,0,3,6,6,4,7,2,1486.4,6.83,6,9873.0,7.80,6,h,6,#FFD700,86.9,-1.9,87.1,無声破裂音の領域性・促音による時間的突発性(Decay high)を反映し、Weight 3・Time 6・Flow 4のベクトル配置。,,5,5,0,8,COMPOUND(複合・異種)
ぴっかぴっか,「ぴっか」という音や状態が繰り返し連続して生じるさま。,擬音語・擬態語,スピード・テンポ,中立,清音・半濁音,明るい・軽い・小,畳語・促音,pikkapikka,pikkapikka,0,3,7,6,4,6,2,1339.9,6.57,6,9157.4,7.67,6,mh,5,#FFD700,86.9,-1.9,87.1,無声破裂音の領域性・促音による時間的突発性(Decay high)を反映し、Weight 3・Time 7・Flow 4のベクトル配置。,,4,5,5,1,REDUP(畳語・同一)
ぴったりこん,「ぴったりこ」と響き渡る音、または余韻や弾力を伴う状態。,擬音語・擬態語,テクスチャー,中立,清音・半濁音,明るい・軽い・小,促音・撥音,pittaɾikoŋ,pittaɾikoŋ,0,4,6,7,5,4,5,731.7,5.04,7,5926.0,6.93,7,mh,5,#FFFFFF,100.0,-0.0,0.0,無声破裂音の領域性・鼻音の共鳴と持続性を反映し、Weight 4・Time 6・Flow 5のベクトル配置。,,5,5,5,8,COMPOUND(複合・異種)
ぴっちぴち,「ぴっちぴち」という感覚・音・状態を表す表現。,擬音語・擬態語,その他,中立,清音・半濁音,明るい・軽い・小,促音,pittɕipitɕi,pittɕipitɕi,0,3,6,7,7,4,5,1465.8,6.80,7,8218.6,7.49,7,mh,5,#87CEEB,79.2,-14.8,-21.3,無声破裂音の領域性・摩擦音による流体・気体性を反映し、Weight 3・Time 6・Flow 7のベクトル配置。,,5,5,0,8,COMPOUND(複合・異種)
ぴっちり,「ぴっち」と一度だけ鮮やかに、あるいは滑らかに行われる動作・状態。,擬態語,テクスチャー・色・光,快,清音・半濁音,明るい・軽い・小,促音・「り」変化,pittɕiɾi,pittɕiɾi,0,3,6,6,6,6,4,991.2,5.81,6,5319.0,6.75,7,mh,5,#708090,52.8,-2.1,-10.6,無声破裂音の領域性・摩擦音による流体・気体性を反映し、Weight 3・Time 6・Flow 6のベクトル配置。,,5,5,5,8,COMPOUND(複合・異種)
ぴっぴっ,「ぴっぴ」とする動作や現象が瞬間的・急激に行われる音や様子。,擬音語・擬態語,スピード・テンポ,中立,半濁音,明るい・軽い・小,畳語・促音,pippiʔ,pippiʔ,0,4,6,6,6,6,4,1105.6,6.08,6,8626.3,7.57,7,mh,5,#FFFFFF,100.0,-0.0,0.0,無声破裂音の領域性・促音による時間的突発性(Decay high)を反映し、Weight 4・Time 6・Flow 6のベクトル配置。,,4,5,5,1,REDUP(畳語・同一)
ぴぴっ,「ぴぴ」とする動作や現象が瞬間的・急激に行われる音や様子。,擬音語・擬態語,スピード・テンポ,中立,半濁音,明るい・軽い・小,促音,pipiʔ,pipiʔ,0,4,8,7,7,5,3,1266.3,6.43,8,11087.6,8.00,7,mh,5,#000000,0.0,0.0,0.0,無声破裂音の領域性・促音による時間的突発性(Decay high)を反映し、Weight 4・Time 8・Flow 7のベクトル配置。,,2,5,0,0,Q(促音単発)
ぴゅっ,「ぴゅ」とする動作や現象が瞬間的・急激に行われる音や様子。,擬音語・擬態語,スピード・テンポ,中立,半濁音,明るい・軽い・小,促音,pjuʔ,pjuʔ,0,4,8,7,7,6,3,920.0,5.62,8,9777.8,7.78,7,mh,5,#000000,0.0,0.0,0.0,無声破裂音の領域性・促音による時間的突発性(Decay high)を反映し、Weight 4・Time 8・Flow 7のベクトル配置。,,2,5,0,0,Q(促音単発)
ぴゅん,「ぴゅ」と響き渡る音、または余韻や弾力を伴う状態。,擬音語・擬態語,テクスチャー,中立,半濁音,明るい・軽い・小,撥音,pjuŋ,pjuŋ,0,4,7,7,5,5,5,890.8,5.54,6,7396.5,7.31,7,0,4,#808080,53.6,-0.0,0.0,無声破裂音の領域性・鼻音の共鳴と持続性を反映し、Weight 4・Time 7・Flow 5のベクトル配置。,,3,6,5,0,N(撥音単発)
ぴゅんぴゅん,「ぴゅんぴゅ」と響き渡る音、または余韻や弾力を伴う状態。,擬音語・擬態語,テクスチャー,中立,半濁音,明るい・軽い・小,畳語・撥音,pjumpjuŋ,pjumpjuŋ,0,4,6,6,4,6,5,961.6,5.73,4,8052.0,7.45,7,mh,5,#1E90FF,59.4,10.0,-63.4,無声破裂音の領域性・鼻音の共鳴と持続性を反映し、Weight 4・Time 6・Flow 4のベクトル配置。,,4,5,5,1,REDUP(畳語・同一)
ぴゅー,音が長く尾を引いて持続する音や状態。,擬音語・擬態語,スピード・テンポ,中立,半濁音,明るい・軽い・小,長音,pjuː,pjuː,0,3,2,5,4,8,5,1218.5,6.33,1,7426.3,7.32,6,mh,5,#FF4500,57.6,67.8,69.0,無声破裂音の領域性・長音による持続傾向を反映し、Weight 3・Time 2・Flow 4のベクトル配置。,,2,7,5,0,LONG(長音ー)
ぴゅーぴゅー,「ぴゅー」という音や状態が繰り返し連続して生じるさま。,擬音語・擬態語,スピード・テンポ,中立,半濁音,明るい・軽い・小,畳語・長音,pjuːpjuː,pjuːpjuː,0,3,3,5,3,7,5,1182.5,6.25,2,7095.5,7.24,6,mh,5,#FFB6C1,81.1,28.0,5.0,無声破裂音の領域性・長音による持続傾向を反映し、Weight 3・Time 3・Flow 3のベクトル配置。,,4,5,5,1,REDUP(畳語・同一)
ぴゅーん,「ぴゅー」と響き渡る音、または余韻や弾力を伴う状態。,擬音語・擬態語,テクスチャー,中立,半濁音,明るい・軽い・小,撥音・長音,pjuːŋ,pjuːŋ,0,3,4,7,4,6,5,1198.6,6.29,2,7907.2,7.42,6,mh,5,#9A6B58,49.6,16.3,18.2,無声破裂音の領域性・鼻音の共鳴と持続性を反映し、Weight 3・Time 4・Flow 4のベクトル配置。,,3,7,5,0,LONG(長音ー)
ぴょい,「ぴょい」という感覚・音・状態を表す表現。,擬音語・擬態語,その他,中立,清音・半濁音,明るい・軽い・小,単発・その他,pjoi,pjoi,0,3,5,5,4,7,5,811.2,5.30,6,4814.8,6.58,6,mh,5,#FFFFFF,100.0,-0.0,0.0,無声破裂音の領域性を反映し、Weight 3・Time 5・Flow 4のベクトル配置。,,5,5,0,8,COMPOUND(複合・異種)
ぴょいっ,「ぴょい」とする動作や現象が瞬間的・急激に行われる音や様子。,擬音語・擬態語,スピード・テンポ,中立,清音・半濁音,明るい・軽い・小,促音,pjoiʔ,pjoiʔ,0,4,8,7,6,6,3,913.6,5.60,8,8468.7,7.54,7,mh,5,#FFFFFF,100.0,-0.0,0.0,無声破裂音の領域性・促音による時間的突発性(Decay high)を反映し、Weight 4・Time 8・Flow 6のベクトル配置。,,2,5,0,0,Q(促音単発)
ぴょいぴょい,「ぴょい」という音や状態が繰り返し連続して生じるさま。,擬音語・擬態語,スピード・テンポ,中立,清音・半濁音,明るい・軽い・小,畳語,pjoipjoi,pjoipjoi,0,3,6,5,4,7,5,966.5,5.74,5,5617.5,6.84,6,mh,5,#FFFFFF,100.0,-0.0,0.0,無声破裂音の領域性を反映し、Weight 3・Time 6・Flow 4のベクトル配置。,,4,5,5,1,REDUP(畳語・同一)
ぴょこっ,「ぴょこ」とする動作や現象が瞬間的・急激に行われる音や様子。,擬音語・擬態語,スピード・テンポ,中立,清音・半濁音,明るい・軽い・小,促音,pjokoʔ,pjokoʔ,0,3,8,7,6,6,3,804.9,5.28,8,7845.1,7.41,7,mh,5,#FFFFFF,100.0,-0.0,0.0,無声破裂音の領域性・促音による時間的突発性(Decay high)を反映し、Weight 3・Time 8・Flow 6のベクトル配置。,,3,5,0,0,Q(促音単発)
ぴょこぴょこ,「ぴょこ」という音や状態が繰り返し連続して生じるさま。,擬音語・擬態語,スピード・テンポ,中立,清音・半濁音,明るい・軽い・小,畳語,pjokopjoko,pjokopjoko,0,3,6,5,4,7,4,773.4,5.18,5,4665.1,6.53,6,mh,5,#FFFFFF,100.0,-0.0,0.0,無声破裂音の領域性を反映し、Weight 3・Time 6・Flow 4のベクトル配置。,,4,5,5,1,REDUP(畳語・同一)
ぴょこり,「ぴょこ」と一度だけ鮮やかに、あるいは滑らかに行われる動作・状態。,擬態語,テクスチャー・色・光,快,清音・半濁音,明るい・軽い・小,「り」変化,pjokoɾi,pjokoɾi,0,2,6,6,4,8,4,757.4,5.13,6,4615.6,6.51,6,mh,5,#FFFFFF,100.0,-0.0,0.0,無声破裂音の領域性・弾き音/ɾ/による運動変化を反映し、Weight 2・Time 6・Flow 4のベクトル配置。,,4,6,0,0,RI(り単発)
ぴょこん,「ぴょこ」と響き渡る音、または余韻や弾力を伴う状態。,擬音語・擬態語,テクスチャー,中立,清音・半濁音,明るい・軽い・小,撥音,pjokoŋ,pjokoŋ,0,3,7,7,5,5,4,748.7,5.10,6,5613.7,6.84,7,0,4,#FFFFFF,100.0,-0.0,0.0,無声破裂音の領域性・鼻音の共鳴と持続性を反映し、Weight 3・Time 7・Flow 5のベクトル配置。,,3,6,5,0,N(撥音単発)
ぴょこんぴょこん,「ぴょこんぴょこ」と響き渡る音、または余韻や弾力を伴う状態。,擬音語・擬態語,テクスチャー,中立,清音・半濁音,明るい・軽い・小,畳語・撥音,pjokompjokoŋ,pjokompjokoŋ,0,3,6,6,4,6,4,724.9,5.01,5,5338.5,6.76,6,mh,5,#FFFFFF,100.0,-0.0,0.0,無声破裂音の領域性・鼻音の共鳴と持続性を反映し、Weight 3・Time 6・Flow 4のベクトル配置。,,4,5,5,1,REDUP(畳語・同一)
ぴょっ,「ぴょ」とする動作や現象が瞬間的・急激に行われる音や様子。,擬音語・擬態語,スピード・テンポ,中立,半濁音,明るい・軽い・小,促音,pjoʔ,pjoʔ,0,4,8,7,6,6,3,815.8,5.31,8,8541.1,7.55,7,mh,5,#FFFFFF,100.0,-0.0,0.0,無声破裂音の領域性・促音による時間的突発性(Decay high)を反映し、Weight 4・Time 8・Flow 6のベクトル配置。,,2,5,0,0,Q(促音単発)
ぴょっこり,「ぴょっこ」と一度だけ鮮やかに、あるいは滑らかに行われる動作・状態。,擬態語,テクスチャー・色・光,快,清音・半濁音,明るい・軽い・小,促音・「り」変化,pjokkoɾi,pjokkoɾi,0,3,6,5,4,7,4,675.0,4.83,6,4191.8,6.35,6,mh,5,#FFFFFF,100.0,-0.0,0.0,無声破裂音の領域性・弾き音/ɾ/による運動変化を反映し、Weight 3・Time 6・Flow 4のベクトル配置。,,5,5,5,8,COMPOUND(複合・異種)
ぴょっこん,「ぴょっこ」と響き渡る音、または余韻や弾力を伴う状態。,擬音語・擬態語,テクスチャー,中立,清音・半濁音,明るい・軽い・小,促音・撥音,pjokkoŋ,pjokkoŋ,0,4,7,6,4,6,5,612.0,4.59,6,4892.5,6.61,7,mh,5,#FFFFFF,100.0,-0.0,0.0,無声破裂音の領域性・鼻音の共鳴と持続性を反映し、Weight 4・Time 7・Flow 4のベクトル配置。,,5,5,5,8,COMPOUND(複合・異種)
ぴょーん,「ぴょー」と響き渡る音、または余韻や弾力を伴う状態。,擬音語・擬態語,テクスチャー,中立,半濁音,明るい・軽い・小,撥音・長音,pjoːŋ,pjoːŋ,0,3,4,6,4,6,4,1078.3,6.02,3,7030.6,7.22,6,mh,5,#FFFFFF,100.0,-0.0,0.0,無声破裂音の領域性・鼻音の共鳴と持続性を反映し、Weight 3・Time 4・Flow 4のベクトル配置。,,3,7,5,0,LONG(長音ー)
ぴよぴよ,「ぴよ」という音や状態が繰り返し連続して生じるさま。,擬音語・擬態語,スピード・テンポ,中立,清音・半濁音,明るい・軽い・小,畳語,pijopijo,pijopijo,0,3,4,4,4,7,5,1053.7,5.96,3,5459.2,6.79,5,mh,5,#FFFACD,97.6,-5.4,22.2,無声破裂音の領域性を反映し、Weight 3・Time 4・Flow 4のベクトル配置。,,4,5,5,1,REDUP(畳語・同一)
ぴりり,「ぴり」と一度だけ鮮やかに、あるいは滑らかに行われる動作・状態。,擬態語,テクスチャー・色・光,快,清音・半濁音,明るい・軽い・小,「り」変化,piɾiɾi,piɾiɾi,0,3,6,7,5,7,3,1127.1,6.13,6,7297.1,7.29,6,h,6,#FFFFFF,100.0,-0.0,0.0,無声破裂音の領域性・弾き音/ɾ/による運動変化を反映し、Weight 3・Time 6・Flow 5のベクトル配置。,,4,6,0,0,RI(り単発)
ぴろぴろぴー,音が長く尾を引いて持続する音や状態。,擬音語・擬態語,スピード・テンポ,中立,清音・半濁音,明るい・軽い・小,長音,piɾopiɾopiː,piɾopiɾopiː,0,3,4,6,4,8,4,1674.5,7.13,2,8613.7,7.57,6,mh,5,#FFFFFF,100.0,-0.0,0.0,無声破裂音の領域性・弾き音/ɾ/による運動変化を反映し、Weight 3・Time 4・Flow 4のベクトル配置。,,3,7,5,0,LONG(長音ー)
ぴろろん,「ぴろろ」と響き渡る音、または余韻や弾力を伴う状態。,擬音語・擬態語,テクスチャー,中立,清音・半濁音,明るい・軽い・小,撥音,piɾoɾoŋ,piɾoɾoŋ,0,4,7,7,4,6,5,872.1,5.48,6,5547.3,6.82,7,0,4,#808080,53.6,-0.0,0.0,無声破裂音の領域性・鼻音の共鳴と持続性を反映し、Weight 4・Time 7・Flow 4のベクトル配置。,,3,6,5,0,N(撥音単発)
ぴんしゃん,「ぴんしゃ」と響き渡る音、または余韻や弾力を伴う状態。,擬音語・擬態語,テクスチャー,中立,清音・半濁音,明るい・軽い・小,撥音,piŋɕaŋ,piŋɕaŋ,0,4,6,7,4,5,5,794.7,5.25,5,7643.7,7.37,7,mh,5,#ADFF2F,92.0,-52.5,81.9,無声破裂音の領域性・摩擦音による流体・気体性を反映し、Weight 4・Time 6・Flow 4のベクトル配置。,,5,5,5,8,COMPOUND(複合・異種)
ぴんひょろ,「ぴんひょろ」という感覚・音・状態を表す表現。,擬音語・擬態語,その他,中立,清音・半濁音,明るい・軽い・小,撥音,piŋçjoɾo,piŋçjoɾo,0,3,5,5,4,8,5,943.3,5.68,5,4020.1,6.27,6,mh,5,#ADFF2F,92.0,-52.5,81.9,無声破裂音の領域性・摩擦音による流体・気体性を反映し、Weight 3・Time 5・Flow 4のベクトル配置。,,5,5,5,8,COMPOUND(複合・異種)
ぴんぼーん,「ぴんぼー」と響き渡る音、または余韻や弾力を伴う状態。,擬音語・擬態語,テクスチャー,中立,濁音・半濁音,暗い・重い・大,撥音・長音,pimboːŋ,pimboːŋ,0,4,4,6,4,6,4,1021.1,5.88,2,7673.7,7.37,6,mh,5,#ADFF2F,92.0,-52.5,81.9,濁音による質量感・無声破裂音の領域性を反映し、Weight 4・Time 4・Flow 4のベクトル配置。,,3,7,5,0,LONG(長音ー)
ぴんぽん,「ぴんぽ」と響き渡る音、または余韻や弾力を伴う状態。,擬音語・擬態語,テクスチャー,中立,半濁音,明るい・軽い・小,撥音,pimpoŋ,pimpoŋ,0,3,6,7,4,5,5,779.9,5.20,6,6057.4,6.97,7,mh,5,#ADFF2F,92.0,-52.5,81.9,無声破裂音の領域性・鼻音の共鳴と持続性を反映し、Weight 3・Time 6・Flow 4のベクトル配置。,,3,6,5,0,N(撥音単発)
ぴんよろ,「ぴんよろ」という感覚・音・状態を表す表現。,擬音語・擬態語,その他,中立,清音・半濁音,明るい・軽い・小,撥音,piŋjoɾo,piŋjoɾo,0,4,4,5,4,7,5,669.2,4.81,4,3406.0,5.99,7,0,4,#A9A9A9,69.2,-0.0,0.0,無声破裂音の領域性・鼻音の共鳴と持続性を反映し、Weight 4・Time 4・Flow 4のベクトル配置。,,5,5,5,8,COMPOUND(複合・異種)
ぴー,音が長く尾を引いて持続する音や状態。,擬音語・擬態語,スピード・テンポ,中立,半濁音,明るい・軽い・小,長音,piː,piː,0,3,3,5,5,7,4,1603.6,7.02,1,8650.7,7.58,5,mh,5,#FFFF00,97.1,-21.6,94.5,無声破裂音の領域性・長音による持続傾向を反映し、Weight 3・Time 3・Flow 5のベクトル配置。,,2,7,5,0,LONG(長音ー)
ぴーちくぱーちく,音が長く尾を引いて持続する音や状態。,擬音語・擬態語,スピード・テンポ,中立,清音・半濁音,明るい・軽い・小,長音,piːtɕikupaːtɕiku,piːtɕikupaːtɕiku,0,2,5,6,5,6,3,2032.7,7.62,3,9294.9,7.70,5,0,4,#FFFFE0,99.3,-5.1,14.8,無声破裂音の領域性・摩擦音による流体・気体性を反映し、Weight 2・Time 5・Flow 5のベクトル配置。,,3,6,5,0,LONG(長音ー)
ぴーちょほい,音が長く尾を引いて持続する音や状態。,擬音語・擬態語,スピード・テンポ,中立,清音・半濁音,明るい・軽い・小,長音,piːtɕohoi,piːtɕohoi,0,2,4,5,4,8,4,1721.4,7.20,3,7768.3,7.39,5,mh,5,#FFFFE0,99.3,-5.1,14.8,無声破裂音の領域性・摩擦音による流体・気体性を反映し、Weight 2・Time 4・Flow 4のベクトル配置。,,3,7,5,0,LONG(長音ー)
ぴーひゃら,音が長く尾を引いて持続する音や状態。,擬音語・擬態語,スピード・テンポ,中立,清音・半濁音,明るい・軽い・小,長音,piːçjaɾa,piːçjaɾa,0,2,3,5,3,8,3,1677.7,7.14,1,9200.0,7.68,5,mh,5,#FFD700,86.9,-1.9,87.1,無声破裂音の領域性・摩擦音による流体・気体性を反映し、Weight 2・Time 3・Flow 3のベクトル配置。,,2,7,5,0,LONG(長音ー)
ぴーひょろ,音が長く尾を引いて持続する音や状態。,擬音語・擬態語,スピード・テンポ,中立,清音・半濁音,明るい・軽い・小,長音,piːçjoɾo,piːçjoɾo,0,2,3,5,4,8,4,1474.7,6.81,1,6631.1,7.12,5,0,4,#FFD700,86.9,-1.9,87.1,無声破裂音の領域性・摩擦音による流体・気体性を反映し、Weight 2・Time 3・Flow 4のベクトル配置。,,2,7,5,0,LONG(長音ー)
ふあっ,「ふあ」とする動作や現象が瞬間的・急激に行われる音や様子。,擬音語・擬態語,スピード・テンポ,中立,清音,明るい・軽い・小,促音,ɸuaʔ,ɸuaʔ,0,4,7,6,6,6,4,499.0,4.07,7,7493.1,7.33,7,mh,5,#000000,0.0,0.0,0.0,摩擦音による流体・気体性・促音による時間的突発性(Decay high)を反映し、Weight 4・Time 7・Flow 6のベクトル配置。,,2,5,0,0,Q(促音単発)
ふあーっ,「ふあー」とする動作や現象が瞬間的・急激に行われる音や様子。,擬音語・擬態語,スピード・テンポ,中立,清音,明るい・軽い・小,促音・長音,ɸuaːʔ,ɸuaːʔ,0,3,4,5,5,7,4,752.6,5.11,4,6477.4,7.08,6,mh,5,#FF0000,53.2,80.1,67.2,摩擦音による流体・気体性・促音による時間的突発性(Decay high)を反映し、Weight 3・Time 4・Flow 5のベクトル配置。,,2,6,5,0,LONG(長音ー)
ふいっ,「ふい」とする動作や現象が瞬間的・急激に行われる音や様子。,擬音語・擬態語,スピード・テンポ,中立,清音,明るい・軽い・小,促音,ɸuiʔ,ɸuiʔ,0,4,7,6,6,6,3,620.6,4.62,7,7417.1,7.32,7,mh,5,#000000,0.0,0.0,0.0,摩擦音による流体・気体性・促音による時間的突発性(Decay high)を反映し、Weight 4・Time 7・Flow 6のベクトル配置。,,2,5,0,0,Q(促音単発)
ふかーり,「ふかー」と一度だけ鮮やかに、あるいは滑らかに行われる動作・状態。,擬態語,テクスチャー・色・光,快,清音,明るい・軽い・小,「り」変化・長音,ɸukaːɾi,ɸukaːɾi,0,2,5,5,3,8,3,580.3,4.45,5,3318.4,5.95,5,mh,5,#FFFFFF,100.0,-0.0,0.0,無声破裂音の領域性・摩擦音による流体・気体性を反映し、Weight 2・Time 5・Flow 3のベクトル配置。,,4,6,0,0,RI(り単発)
ふがふか,「ふがふか」という感覚・音・状態を表す表現。,擬音語・擬態語,その他,中立,清音・濁音,暗い・重い・大,単発・その他,ɸuɡaɸuka,ɸuɡaɸuka,0,3,4,4,4,7,4,308.0,2.85,5,2162.1,5.22,5,mh,5,#FFF5EE,97.1,2.2,4.6,濁音による質量感・無声破裂音の領域性を反映し、Weight 3・Time 4・Flow 4のベクトル配置。,,5,5,0,8,COMPOUND(複合・異種)
ふぎゃああ,「ふぎゃああ」という感覚・音・状態を表す表現。,擬音語・擬態語,その他,中立,清音・濁音,暗い・重い・大,単発・その他,ɸuɡjaaa,ɸuɡjaaa,0,4,4,4,3,7,5,363.2,3.26,4,5493.3,6.80,6,mh,5,#8F502F,40.9,23.3,30.5,濁音による質量感・摩擦音による流体・気体性を反映し、Weight 4・Time 4・Flow 3のベクトル配置。,,5,5,0,8,COMPOUND(複合・異種)
ふくふく,「ふく」という音や状態が繰り返し連続して生じるさま。,擬音語・擬態語,スピード・テンポ,中立,清音,明るい・軽い・小,畳語,ɸukuɸuku,ɸukuɸuku,0,3,4,3,4,7,5,351.9,3.18,4,1667.6,4.78,5,mh,5,#FFF5EE,97.1,2.2,4.6,無声破裂音の領域性・摩擦音による流体・気体性を反映し、Weight 3・Time 4・Flow 4のベクトル配置。,,4,5,5,1,REDUP(畳語・同一)
ふっ,「ふ」とする動作や現象が瞬間的・急激に行われる音や様子。,擬音語・擬態語,スピード・テンポ,中立,清音,明るい・軽い・小,促音,ɸuʔ,ɸuʔ,0,4,7,6,7,6,3,529.3,4.22,8,7573.4,7.35,7,mh,5,#000000,0.0,0.0,0.0,摩擦音による流体・気体性・促音による時間的突発性(Decay high)を反映し、Weight 4・Time 7・Flow 7のベクトル配置。,,2,5,0,0,Q(促音単発)
ふっくり,「ふっく」と一度だけ鮮やかに、あるいは滑らかに行われる動作・状態。,擬態語,テクスチャー・色・光,快,清音,明るい・軽い・小,促音・「り」変化,ɸukkuɾi,ɸukkuɾi,0,3,5,5,5,7,4,335.8,3.07,6,2032.8,5.12,6,mh,5,#FFE4E1,92.7,8.7,4.8,無声破裂音の領域性・摩擦音による流体・気体性を反映し、Weight 3・Time 5・Flow 5のベクトル配置。,,5,5,5,8,COMPOUND(複合・異種)
ふっつり,「ふっつ」と一度だけ鮮やかに、あるいは滑らかに行われる動作・状態。,擬態語,テクスチャー・色・光,快,清音,明るい・軽い・小,促音・「り」変化,ɸuttsuɾi,ɸuttsuɾi,0,3,5,5,5,7,4,371.1,3.32,6,2265.6,5.30,6,mh,5,#000000,0.0,0.0,0.0,無声破裂音の領域性・摩擦音による流体・気体性を反映し、Weight 3・Time 5・Flow 5のベクトル配置。,,5,5,5,8,COMPOUND(複合・異種)
ふっふっふ,「ふっふっふ」という感覚・音・状態を表す表現。,擬音語・擬態語,その他,中立,清音,明るい・軽い・小,促音,ɸupɸupɸu,ɸupɸupɸu,0,3,5,4,5,7,5,413.9,3.60,6,4129.6,6.32,7,mh,5,#FFFFFF,100.0,-0.0,0.0,無声破裂音の領域性・摩擦音による流体・気体性を反映し、Weight 3・Time 5・Flow 5のベクトル配置。,,5,5,0,8,COMPOUND(複合・異種)
ふにゃっ,「ふにゃ」とする動作や現象が瞬間的・急激に行われる音や様子。,擬音語・擬態語,スピード・テンポ,中立,清音,明るい・軽い・小,促音,ɸuɲaʔ,ɸuɲaʔ,0,3,7,5,5,7,5,527.3,4.21,7,7182.3,7.26,8,mh,5,#F5DEB3,89.4,1.5,24.0,摩擦音による流体・気体性・鼻音の共鳴と持続性を反映し、Weight 3・Time 7・Flow 5のベクトル配置。,,3,5,0,0,Q(促音単発)
ふにゃり,「ふにゃ」と一度だけ鮮やかに、あるいは滑らかに行われる動作・状態。,擬態語,テクスチャー・色・光,快,清音,明るい・軽い・小,「り」変化,ɸuɲaɾi,ɸuɲaɾi,0,2,5,5,3,8,5,439.0,3.74,5,3261.9,5.92,6,mh,5,#F5DEB3,89.4,1.5,24.0,摩擦音による流体・気体性・鼻音の共鳴と持続性を反映し、Weight 2・Time 5・Flow 3のベクトル配置。,,4,6,0,0,RI(り単発)
ふにゃん,「ふにゃ」と響き渡る音、または余韻や弾力を伴う状態。,擬音語・擬態語,テクスチャー,中立,清音,明るい・軽い・小,撥音,ɸuɲaŋ,ɸuɲaŋ,0,3,6,6,4,6,6,427.3,3.68,5,4530.5,6.48,7,0,4,#F5DEB3,89.4,1.5,24.0,摩擦音による流体・気体性・鼻音の共鳴と持続性を反映し、Weight 3・Time 6・Flow 4のベクトル配置。,,3,6,5,0,N(撥音単発)
ふはり,「ふは」と一度だけ鮮やかに、あるいは滑らかに行われる動作・状態。,擬態語,テクスチャー・色・光,快,清音,明るい・軽い・小,「り」変化,ɸuhaɾi,ɸuhaɾi,0,2,6,5,4,8,4,504.7,4.10,6,3637.1,6.10,5,mh,5,#FFFFFF,100.0,-0.0,0.0,摩擦音による流体・気体性・弾き音/ɾ/による運動変化を反映し、Weight 2・Time 6・Flow 4のベクトル配置。,,4,6,0,0,RI(り単発)
ふふふ,「ふふふ」という感覚・音・状態を表す表現。,擬音語・擬態語,その他,中立,清音,明るい・軽い・小,単発・その他,ɸuɸuɸu,ɸuɸuɸu,0,3,4,4,5,7,5,366.2,3.29,5,2883.8,5.71,6,mh,5,#FFF0F5,96.1,5.9,-0.6,摩擦音による流体・気体性を反映し、Weight 3・Time 4・Flow 5のベクトル配置。,,5,5,0,8,COMPOUND(複合・異種)
ふふん,「ふふ」と響き渡る音、または余韻や弾力を伴う状態。,擬音語・擬態語,テクスチャー,中立,清音,明るい・軽い・小,撥音,ɸuɸuŋ,ɸuɸuŋ,0,3,6,6,5,6,5,399.8,3.51,6,3748.3,6.16,6,0,4,#8B0000,28.1,51.0,41.3,摩擦音による流体・気体性・鼻音の共鳴と持続性を反映し、Weight 3・Time 6・Flow 5のベクトル配置。,,3,6,5,0,N(撥音単発)
ふらりふらり,「ふらりふら」と一度だけ鮮やかに、あるいは滑らかに行われる動作・状態。,擬態語,テクスチャー・色・光,快,清音,明るい・軽い・小,畳語・「り」変化,ɸuɾaɾiɸuɾaɾi,ɸuɾaɾiɸuɾaɾi,0,2,4,4,3,8,4,475.8,3.95,4,2906.2,5.72,5,mh,5,#FFFFFF,100.0,-0.0,0.0,摩擦音による流体・気体性・弾き音/ɾ/による運動変化を反映し、Weight 2・Time 4・Flow 3のベクトル配置。,,4,5,5,1,REDUP(畳語・同一)
ふわ,「ふわ」という感覚・音・状態を表す表現。,擬音語・擬態語,その他,中立,清音,明るい・軽い・小,単発・その他,ɸuwa,ɸuwa,0,3,4,3,4,7,5,288.0,2.68,4,3152.7,5.86,5,mh,5,#F5F5F5,96.5,-0.0,0.0,摩擦音による流体・気体性を反映し、Weight 3・Time 4・Flow 4のベクトル配置。,,5,5,0,8,COMPOUND(複合・異種)
ふわっ,「ふわ」とする動作や現象が瞬間的・急激に行われる音や様子。,擬音語・擬態語,スピード・テンポ,中立,清音,明るい・軽い・小,促音,ɸuwaʔ,ɸuwaʔ,0,4,7,6,5,7,3,490.3,4.02,7,7741.5,7.39,7,mh,5,#F5F5F5,96.5,-0.0,0.0,摩擦音による流体・気体性・促音による時間的突発性(Decay high)を反映し、Weight 4・Time 7・Flow 5のベクトル配置。,,3,5,0,0,Q(促音単発)
ふわーっ,「ふわー」とする動作や現象が瞬間的・急激に行われる音や様子。,擬音語・擬態語,スピード・テンポ,中立,清音,明るい・軽い・小,促音・長音,ɸuwaːʔ,ɸuwaːʔ,0,3,4,5,5,7,4,704.0,4.94,4,7036.5,7.23,6,mh,5,#F5F5F5,96.5,-0.0,0.0,摩擦音による流体・気体性・促音による時間的突発性(Decay high)を反映し、Weight 3・Time 4・Flow 5のベクトル配置。,,3,6,5,0,LONG(長音ー)
ふんふん,「ふんふ」と響き渡る音、または余韻や弾力を伴う状態。,擬音語・擬態語,テクスチャー,中立,清音,明るい・軽い・小,畳語・撥音,ɸuŋɸuŋ,ɸuŋɸuŋ,0,4,5,5,4,6,5,310.5,2.87,4,3320.3,5.95,6,mh,5,#8B0000,28.1,51.0,41.3,摩擦音による流体・気体性・鼻音の共鳴と持続性を反映し、Weight 4・Time 5・Flow 4のベクトル配置。,,4,5,5,1,REDUP(畳語・同一)
ぶくっ,「ぶく」とする動作や現象が瞬間的・急激に行われる音や様子。,擬音語・擬態語,スピード・テンポ,中立,清音・濁音,暗い・重い・大,促音,bukuʔ,bukuʔ,0,5,7,6,7,6,4,366.9,3.29,8,7494.9,7.33,7,0,4,#000000,0.0,0.0,0.0,濁音による質量感・無声破裂音の領域性を反映し、Weight 5・Time 7・Flow 7のベクトル配置。,,2,5,0,0,Q(促音単発)
ぶすぶす,「ぶす」という音や状態が繰り返し連続して生じるさま。,擬音語・擬態語,スピード・テンポ,中立,清音・濁音,暗い・重い・大,畳語,busubusu,busubusu,0,5,5,4,4,7,5,387.5,3.43,4,5831.2,6.91,6,mc,3,#9F7C63,54.7,10.0,18.9,濁音による質量感・摩擦音による流体・気体性を反映し、Weight 5・Time 5・Flow 4のベクトル配置。,,4,5,5,1,REDUP(畳語・同一)
ぶすり,「ぶす」と一度だけ鮮やかに、あるいは滑らかに行われる動作・状態。,擬態語,テクスチャー・色・光,快,清音・濁音,暗い・重い・大,「り」変化,busuɾi,busuɾi,0,3,6,5,4,8,5,402.1,3.52,5,4636.1,6.52,6,0,4,#FFFFFF,100.0,-0.0,0.0,濁音による質量感・摩擦音による流体・気体性を反映し、Weight 3・Time 6・Flow 4のベクトル配置。,,4,6,0,0,RI(り単発)
ぶすりぶすり,「ぶすりぶす」と一度だけ鮮やかに、あるいは滑らかに行われる動作・状態。,擬態語,テクスチャー・色・光,快,清音・濁音,暗い・重い・大,畳語・「り」変化,busuɾibusuɾi,busuɾibusuɾi,0,4,5,4,4,7,5,429.9,3.69,5,5132.9,6.69,6,0,4,#9F7C63,54.7,10.0,18.9,濁音による質量感・摩擦音による流体・気体性を反映し、Weight 4・Time 5・Flow 4のベクトル配置。,,4,5,5,1,REDUP(畳語・同一)
ぶっつり,「ぶっつ」と一度だけ鮮やかに、あるいは滑らかに行われる動作・状態。,擬態語,テクスチャー・色・光,快,清音・濁音,暗い・重い・大,促音・「り」変化,buttsuɾi,buttsuɾi,0,4,5,5,5,7,5,295.0,2.74,6,2959.6,5.75,7,0,4,#000000,0.0,0.0,0.0,濁音による質量感・無声破裂音の領域性を反映し、Weight 4・Time 5・Flow 5のベクトル配置。,,5,5,5,8,COMPOUND(複合・異種)
ぶっぶっ,「ぶっぶ」とする動作や現象が瞬間的・急激に行われる音や様子。,擬音語・擬態語,スピード・テンポ,中立,濁音,暗い・重い・大,畳語・促音,bubbuʔ,bubbuʔ,0,6,6,5,6,6,6,248.3,2.30,6,6348.0,7.05,7,0,4,#FF4500,57.6,67.8,69.0,濁音による質量感・促音による時間的突発性(Decay high)を反映し、Weight 6・Time 6・Flow 6のベクトル配置。,,4,5,5,1,REDUP(畳語・同一)
ぶつぶつ,「ぶつ」という音や状態が繰り返し連続して生じるさま。,擬音語・擬態語,スピード・テンポ,中立,清音・濁音,暗い・重い・大,畳語,butsubutsu,butsubutsu,0,5,5,5,5,6,6,328.6,3.01,5,4489.2,6.46,7,0,4,#FF4500,57.6,67.8,69.0,濁音による質量感・無声破裂音の領域性を反映し、Weight 5・Time 5・Flow 5のベクトル配置。,,4,5,5,1,REDUP(畳語・同一)
ぶつり,「ぶつ」と一度だけ鮮やかに、あるいは滑らかに行われる動作・状態。,擬態語,テクスチャー・色・光,快,清音・濁音,暗い・重い・大,「り」変化,butsuɾi,butsuɾi,0,4,6,6,5,7,5,387.6,3.43,6,3953.3,6.25,6,0,4,#FFFFFF,100.0,-0.0,0.0,濁音による質量感・無声破裂音の領域性を反映し、Weight 4・Time 6・Flow 5のベクトル配置。,,4,6,0,0,RI(り単発)
ぶよぶよ,「ぶよ」という音や状態が繰り返し連続して生じるさま。,擬音語・擬態語,スピード・テンポ,中立,清音・濁音,暗い・重い・大,畳語,bujobujo,bujobujo,0,5,3,3,4,7,7,154.5,1.10,3,3456.1,6.02,6,mc,3,#4682B4,52.5,-4.1,-32.2,濁音による質量感を反映し、Weight 5・Time 3・Flow 4のベクトル配置。,,4,5,5,1,REDUP(畳語・同一)
ぶらりぶらり,「ぶらりぶら」と一度だけ鮮やかに、あるいは滑らかに行われる動作・状態。,擬態語,テクスチャー・色・光,快,清音・濁音,暗い・重い・大,畳語・「り」変化,buɾaɾibuɾaɾi,buɾaɾibuɾaɾi,0,4,5,4,3,8,4,367.9,3.30,4,4154.2,6.33,5,0,4,#8B4513,37.5,26.4,41.0,濁音による質量感・弾き音/ɾ/による運動変化を反映し、Weight 4・Time 5・Flow 3のベクトル配置。,,4,5,5,1,REDUP(畳語・同一)
ぶらん,「ぶら」と響き渡る音、または余韻や弾力を伴う状態。,擬音語・擬態語,テクスチャー,中立,清音・濁音,暗い・重い・大,撥音,buɾaŋ,buɾaŋ,0,5,6,6,4,6,5,318.0,2.93,5,5052.7,6.66,6,mc,3,#8B4513,37.5,26.4,41.0,濁音による質量感・鼻音の共鳴と持続性を反映し、Weight 5・Time 6・Flow 4のベクトル配置。,,3,6,5,0,N(撥音単発)
ぶりぶり,「ぶりぶ」と一度だけ鮮やかに、あるいは滑らかに行われる動作・状態。,擬態語,テクスチャー・色・光,快,清音・濁音,暗い・重い・大,畳語・「り」変化,buɾibuɾi,buɾibuɾi,0,5,5,5,5,7,5,348.9,3.16,5,5293.2,6.74,6,0,4,#8B4513,37.5,26.4,41.0,濁音による質量感・弾き音/ɾ/による運動変化を反映し、Weight 5・Time 5・Flow 5のベクトル配置。,,4,5,5,1,REDUP(畳語・同一)
ぶるっ,「ぶる」とする動作や現象が瞬間的・急激に行われる音や様子。,擬音語・擬態語,スピード・テンポ,中立,清音・濁音,暗い・重い・大,促音,buɾuʔ,buɾuʔ,0,5,7,6,6,6,4,410.1,3.57,7,8200.3,7.49,7,0,4,#000000,0.0,0.0,0.0,濁音による質量感・弾き音/ɾ/による運動変化を反映し、Weight 5・Time 7・Flow 6のベクトル配置。,,2,5,0,0,Q(促音単発)
ぶるるっ,「ぶるる」とする動作や現象が瞬間的・急激に行われる音や様子。,擬音語・擬態語,スピード・テンポ,中立,清音・濁音,暗い・重い・大,促音,buɾuɾuʔ,buɾuɾuʔ,0,5,7,6,6,6,4,387.6,3.43,7,7454.1,7.32,7,mc,3,#0000FF,32.3,79.2,-107.9,濁音による質量感・弾き音/ɾ/による運動変化を反映し、Weight 5・Time 7・Flow 6のベクトル配置。,,3,5,0,0,Q(促音単発)
ぶるん,「ぶる」と響き渡る音、または余韻や弾力を伴う状態。,擬音語・擬態語,テクスチャー,中立,清音・濁音,暗い・重い・大,撥音,buɾuŋ,buɾuŋ,0,5,7,6,5,5,5,333.7,3.05,6,5454.9,6.79,7,mc,3,#0000FF,32.3,79.2,-107.9,濁音による質量感・鼻音の共鳴と持続性を反映し、Weight 5・Time 7・Flow 5のベクトル配置。,,3,6,5,0,N(撥音単発)
ぶるんぶるん,「ぶるんぶる」と響き渡る音、または余韻や弾力を伴う状態。,擬音語・擬態語,テクスチャー,中立,清音・濁音,暗い・重い・大,畳語・撥音,buɾumbuɾuŋ,buɾumbuɾuŋ,0,5,6,5,4,6,6,240.7,2.22,4,5863.4,6.92,7,mc,3,#0000FF,32.3,79.2,-107.9,濁音による質量感・鼻音の共鳴と持続性を反映し、Weight 5・Time 6・Flow 4のベクトル配置。,,4,5,5,1,REDUP(畳語・同一)
ぶろろろ,「ぶろろろ」という感覚・音・状態を表す表現。,擬音語・擬態語,その他,中立,清音・濁音,暗い・重い・大,単発・その他,buɾoɾoɾo,buɾoɾoɾo,0,5,4,4,4,8,7,123.4,0.53,4,1451.4,4.54,7,mc,3,#9ACD32,76.5,-38.0,66.6,濁音による質量感・弾き音/ɾ/による運動変化を反映し、Weight 5・Time 4・Flow 4のベクトル配置。,,5,5,0,8,COMPOUND(複合・異種)
ぶーズー,音が長く尾を引いて持続する音や状態。,擬音語・擬態語,スピード・テンポ,中立,濁音,暗い・重い・大,長音,buːズː,buːズː,0,4,2,5,4,7,5,840.3,5.39,1,6092.1,6.98,6,0,4,#FFD700,86.9,-1.9,87.1,濁音による質量感・長音による持続傾向を反映し、Weight 4・Time 2・Flow 4のベクトル配置。,,2,7,5,0,LONG(長音ー)
ぷいっ,「ぷい」とする動作や現象が瞬間的・急激に行われる音や様子。,擬音語・擬態語,スピード・テンポ,中立,清音・半濁音,明るい・軽い・小,促音,puiʔ,puiʔ,0,4,8,7,7,6,4,644.0,4.71,8,8034.7,7.45,7,mh,5,#000000,0.0,0.0,0.0,無声破裂音の領域性・促音による時間的突発性(Decay high)を反映し、Weight 4・Time 8・Flow 7のベクトル配置。,,2,5,0,0,Q(促音単発)
ぷかり,「ぷか」と一度だけ鮮やかに、あるいは滑らかに行われる動作・状態。,擬態語,テクスチャー・色・光,快,清音・半濁音,明るい・軽い・小,「り」変化,pukaɾi,pukaɾi,0,3,6,6,4,7,4,535.8,4.25,6,3789.8,6.17,6,mh,5,#FFFFFF,100.0,-0.0,0.0,無声破裂音の領域性・弾き音/ɾ/による運動変化を反映し、Weight 3・Time 6・Flow 4のベクトル配置。,,4,6,0,0,RI(り単発)
ぷかりぷかり,「ぷかりぷか」と一度だけ鮮やかに、あるいは滑らかに行われる動作・状態。,擬態語,テクスチャー・色・光,快,清音・半濁音,明るい・軽い・小,畳語・「り」変化,pukaɾipukaɾi,pukaɾipukaɾi,0,3,6,5,4,7,3,640.4,4.70,5,4102.2,6.31,5,mh,5,#F0FFFF,98.9,-4.9,-1.7,無声破裂音の領域性・弾き音/ɾ/による運動変化を反映し、Weight 3・Time 6・Flow 4のベクトル配置。,,4,5,5,1,REDUP(畳語・同一)
ぷかーり,「ぷかー」と一度だけ鮮やかに、あるいは滑らかに行われる動作・状態。,擬態語,テクスチャー・色・光,快,清音・半濁音,明るい・軽い・小,「り」変化・長音,pukaːɾi,pukaːɾi,0,3,5,6,4,7,4,591.9,4.50,5,3763.7,6.16,5,h,6,#FFFFFF,100.0,-0.0,0.0,無声破裂音の領域性・弾き音/ɾ/による運動変化を反映し、Weight 3・Time 5・Flow 4のベクトル配置。,,4,6,0,0,RI(り単発)
ぷくぷく,「ぷく」という音や状態が繰り返し連続して生じるさま。,擬音語・擬態語,スピード・テンポ,中立,清音・半濁音,明るい・軽い・小,畳語,pukupuku,pukupuku,0,4,5,5,5,7,6,376.7,3.36,4,3169.3,5.87,6,mh,5,#FFB6C1,81.1,28.0,5.0,無声破裂音の領域性を反映し、Weight 4・Time 5・Flow 5のベクトル配置。,,4,5,5,1,REDUP(畳語・同一)
ぷすぷす,「ぷす」という音や状態が繰り返し連続して生じるさま。,擬音語・擬態語,スピード・テンポ,中立,清音・半濁音,明るい・軽い・小,畳語,pusupusu,pusupusu,0,3,5,4,4,7,5,586.4,4.48,4,4666.4,6.53,5,0,4,#FFFACD,97.6,-5.4,22.2,無声破裂音の領域性・摩擦音による流体・気体性を反映し、Weight 3・Time 5・Flow 4のベクトル配置。,,4,5,5,1,REDUP(畳語・同一)
ぷすり,「ぷす」と一度だけ鮮やかに、あるいは滑らかに行われる動作・状態。,擬態語,テクスチャー・色・光,快,清音・半濁音,明るい・軽い・小,「り」変化,pusuɾi,pusuɾi,0,3,6,6,4,8,4,517.6,4.16,6,3955.1,6.25,6,mh,5,#FFFFFF,100.0,-0.0,0.0,無声破裂音の領域性・摩擦音による流体・気体性を反映し、Weight 3・Time 6・Flow 4のベクトル配置。,,4,6,0,0,RI(り単発)
ぷすん,「ぷす」と響き渡る音、または余韻や弾力を伴う状態。,擬音語・擬態語,テクスチャー,中立,清音・半濁音,明るい・軽い・小,撥音,pusuŋ,pusuŋ,0,4,7,7,6,5,5,516.2,4.15,6,5906.1,6.93,7,0,4,#808080,53.6,-0.0,0.0,無声破裂音の領域性・摩擦音による流体・気体性を反映し、Weight 4・Time 7・Flow 6のベクトル配置。,,3,6,5,0,N(撥音単発)
ぷちぷち,「ぷち」という音や状態が繰り返し連続して生じるさま。,擬音語・擬態語,スピード・テンポ,中立,清音・半濁音,明るい・軽い・小,畳語,putɕiputɕi,putɕiputɕi,0,4,6,5,6,5,6,967.7,5.75,6,5001.6,6.65,7,0,4,#FF1493,56.0,84.5,-5.7,無声破裂音の領域性・摩擦音による流体・気体性を反映し、Weight 4・Time 6・Flow 6のベクトル配置。,,4,5,5,1,REDUP(畳語・同一)
ぷっ,「ぷ」とする動作や現象が瞬間的・急激に行われる音や様子。,擬音語・擬態語,スピード・テンポ,中立,半濁音,明るい・軽い・小,促音,puʔ,puʔ,0,4,8,7,7,6,4,558.4,4.35,8,8183.2,7.48,8,mh,5,#000000,0.0,0.0,0.0,無声破裂音の領域性・促音による時間的突発性(Decay high)を反映し、Weight 4・Time 8・Flow 7のベクトル配置。,,2,5,0,0,Q(促音単発)
ぷっくり,「ぷっく」と一度だけ鮮やかに、あるいは滑らかに行われる動作・状態。,擬態語,テクスチャー・色・光,快,清音・半濁音,明るい・軽い・小,促音・「り」変化,pukkuɾi,pukkuɾi,0,4,5,5,5,7,5,330.3,3.02,6,2292.7,5.32,6,mh,5,#8B4513,37.5,26.4,41.0,無声破裂音の領域性・弾き音/ɾ/による運動変化を反映し、Weight 4・Time 5・Flow 5のベクトル配置。,,5,5,5,8,COMPOUND(複合・異種)
ぷっつり,「ぷっつ」と一度だけ鮮やかに、あるいは滑らかに行われる動作・状態。,擬態語,テクスチャー・色・光,快,清音・半濁音,明るい・軽い・小,促音・「り」変化,puttsuɾi,puttsuɾi,0,4,5,5,5,7,5,386.4,3.42,6,2510.0,5.47,7,mh,5,#000000,0.0,0.0,0.0,無声破裂音の領域性・摩擦音による流体・気体性を反映し、Weight 4・Time 5・Flow 5のベクトル配置。,,5,5,5,8,COMPOUND(複合・異種)
ぷっつん,「ぷっつ」と響き渡る音、または余韻や弾力を伴う状態。,擬音語・擬態語,テクスチャー,中立,清音・半濁音,明るい・軽い・小,促音・撥音,puttsuŋ,puttsuŋ,0,4,7,7,6,5,5,497.9,4.06,7,5395.2,6.77,7,0,4,#8B0000,28.1,51.0,41.3,無声破裂音の領域性・摩擦音による流体・気体性を反映し、Weight 4・Time 7・Flow 6のベクトル配置。,,3,6,5,0,N(撥音単発)
ぷつっ,「ぷつ」とする動作や現象が瞬間的・急激に行われる音や様子。,擬音語・擬態語,スピード・テンポ,中立,清音・半濁音,明るい・軽い・小,促音,putsuʔ,putsuʔ,0,4,8,7,7,6,4,543.1,4.28,8,7688.2,7.38,8,mh,5,#000000,0.0,0.0,0.0,無声破裂音の領域性・摩擦音による流体・気体性を反映し、Weight 4・Time 8・Flow 7のベクトル配置。,,2,5,0,0,Q(促音単発)
ぷつぷつ,「ぷつ」という音や状態が繰り返し連続して生じるさま。,擬音語・擬態語,スピード・テンポ,中立,清音・半濁音,明るい・軽い・小,畳語,putsuputsu,putsuputsu,0,4,5,5,6,6,6,466.4,3.90,5,3488.0,6.03,7,mh,5,#FF4500,57.6,67.8,69.0,無声破裂音の領域性・摩擦音による流体・気体性を反映し、Weight 4・Time 5・Flow 6のベクトル配置。,,4,5,5,1,REDUP(畳語・同一)
ぷつん,「ぷつ」と響き渡る音、または余韻や弾力を伴う状態。,擬音語・擬態語,テクスチャー,中立,清音・半濁音,明るい・軽い・小,撥音,putsuŋ,putsuŋ,0,4,7,7,6,5,5,480.5,3.97,6,5172.0,6.70,7,0,4,#8B0000,28.1,51.0,41.3,無声破裂音の領域性・摩擦音による流体・気体性を反映し、Weight 4・Time 7・Flow 6のベクトル配置。,,3,6,5,0,N(撥音単発)
ぷらぷら,「ぷら」という音や状態が繰り返し連続して生じるさま。,擬音語・擬態語,スピード・テンポ,中立,清音・半濁音,明るい・軽い・小,畳語,puɾapuɾa,puɾapuɾa,0,3,4,3,3,8,5,419.0,3.63,3,3577.0,6.08,5,mh,5,#FF1493,56.0,84.5,-5.7,無声破裂音の領域性・弾き音/ɾ/による運動変化を反映し、Weight 3・Time 4・Flow 3のベクトル配置。,,4,5,5,1,REDUP(畳語・同一)
ぷらん,「ぷら」と響き渡る音、または余韻や弾力を伴う状態。,擬音語・擬態語,テクスチャー,中立,清音・半濁音,明るい・軽い・小,撥音,puɾaŋ,puɾaŋ,0,4,6,7,4,6,5,445.6,3.78,6,4415.5,6.43,6,0,4,#808080,53.6,-0.0,0.0,無声破裂音の領域性・鼻音の共鳴と持続性を反映し、Weight 4・Time 6・Flow 4のベクトル配置。,,3,6,5,0,N(撥音単発)
ぷりんぷりん,「ぷりんぷり」と響き渡る音、または余韻や弾力を伴う状態。,擬音語・擬態語,テクスチャー,中立,清音・半濁音,明るい・軽い・小,畳語・撥音,puɾimpuɾiŋ,puɾimpuɾiŋ,0,4,6,6,5,5,6,760.8,5.14,5,5006.1,6.65,7,0,4,#FF1493,56.0,84.5,-5.7,無声破裂音の領域性・鼻音の共鳴と持続性を反映し、Weight 4・Time 6・Flow 5のベクトル配置。,,4,5,5,1,REDUP(畳語・同一)
ぷるんぷるん,「ぷるんぷる」と響き渡る音、または余韻や弾力を伴う状態。,擬音語・擬態語,テクスチャー,中立,清音・半濁音,明るい・軽い・小,畳語・撥音,puɾumpuɾuŋ,puɾumpuɾuŋ,0,4,5,6,5,6,6,349.7,3.17,4,3825.5,6.19,7,mh,5,#FF0000,53.2,80.1,67.2,無声破裂音の領域性・鼻音の共鳴と持続性を反映し、Weight 4・Time 5・Flow 5のベクトル配置。,,4,5,5,1,REDUP(畳語・同一)
ぷーん,「ぷー」と響き渡る音、または余韻や弾力を伴う状態。,擬音語・擬態語,テクスチャー,中立,半濁音,明るい・軽い・小,撥音・長音,puːŋ,puːŋ,0,4,4,6,5,6,5,855.2,5.43,2,6256.5,7.03,6,mh,5,#FFD700,86.9,-1.9,87.1,無声破裂音の領域性・鼻音の共鳴と持続性を反映し、Weight 4・Time 4・Flow 5のベクトル配置。,,3,7,5,0,LONG(長音ー)
へこへこ,「へこ」という音や状態が繰り返し連続して生じるさま。,擬音語・擬態語,スピード・テンポ,中立,清音,明るい・軽い・小,畳語,hekoheko,hekoheko,0,3,5,4,4,6,5,454.7,3.83,5,2813.5,5.67,5,0,4,#FFD700,86.9,-1.9,87.1,無声破裂音の領域性・摩擦音による流体・気体性を反映し、Weight 3・Time 5・Flow 4のベクトル配置。,,4,5,5,1,REDUP(畳語・同一)
へっくしょん,「へっくしょ」と響き渡る音、または余韻や弾力を伴う状態。,擬音語・擬態語,テクスチャー,中立,清音,明るい・軽い・小,促音・撥音,hekkuɕoŋ,hekkuɕoŋ,0,5,6,6,5,6,6,348.3,3.16,7,4495.9,6.46,7,0,4,#FFFFFF,100.0,-0.0,0.0,無声破裂音の領域性・摩擦音による流体・気体性を反映し、Weight 5・Time 6・Flow 5のベクトル配置。,,5,5,5,8,COMPOUND(複合・異種)
へっへっ,「へっへ」とする動作や現象が瞬間的・急激に行われる音や様子。,擬音語・擬態語,スピード・テンポ,中立,清音,明るい・軽い・小,畳語・促音,hehheʔ,hehheʔ,0,4,6,5,5,6,5,434.5,3.72,6,4670.2,6.53,6,0,4,#2F4F4F,31.3,-11.7,-3.7,摩擦音による流体・気体性・促音による時間的突発性(Decay high)を反映し、Weight 4・Time 6・Flow 5のベクトル配置。,,4,5,5,1,REDUP(畳語・同一)
へろへろ,「へろ」という音や状態が繰り返し連続して生じるさま。,擬音語・擬態語,スピード・テンポ,中立,清音,明るい・軽い・小,畳語,heɾoheɾo,heɾoheɾo,0,4,4,3,3,8,6,375.0,3.35,3,1602.4,4.71,6,0,4,#FFFFE0,99.3,-5.1,14.8,摩擦音による流体・気体性・弾き音/ɾ/による運動変化を反映し、Weight 4・Time 4・Flow 3のベクトル配置。,,4,5,5,1,REDUP(畳語・同一)
べこべこ,「べこ」という音や状態が繰り返し連続して生じるさま。,擬音語・擬態語,スピード・テンポ,中立,清音・濁音,暗い・重い・大,畳語,bekobeko,bekobeko,0,5,5,5,5,6,5,477.0,3.95,5,4753.9,6.56,6,0,4,#DAA520,70.8,8.5,68.8,濁音による質量感・無声破裂音の領域性を反映し、Weight 5・Time 5・Flow 5のベクトル配置。,,4,5,5,1,REDUP(畳語・同一)
べこり,「べこ」と一度だけ鮮やかに、あるいは滑らかに行われる動作・状態。,擬態語,テクスチャー・色・光,快,清音・濁音,暗い・重い・大,「り」変化,bekoɾi,bekoɾi,0,3,6,6,4,7,4,526.7,4.21,6,4288.8,6.38,6,mh,5,#FFFFFF,100.0,-0.0,0.0,濁音による質量感・無声破裂音の領域性を反映し、Weight 3・Time 6・Flow 4のベクトル配置。,,4,6,0,0,RI(り単発)
べたっ,「べた」とする動作や現象が瞬間的・急激に行われる音や様子。,擬音語・擬態語,スピード・テンポ,中立,清音・濁音,暗い・重い・大,促音,betaʔ,betaʔ,0,5,7,6,7,5,5,443.7,3.77,7,7928.5,7.43,8,0,4,#000000,0.0,0.0,0.0,濁音による質量感・無声破裂音の領域性を反映し、Weight 5・Time 7・Flow 7のベクトル配置。,,3,5,0,0,Q(促音単発)
べたり,「べた」と一度だけ鮮やかに、あるいは滑らかに行われる動作・状態。,擬態語,テクスチャー・色・光,快,清音・濁音,暗い・重い・大,「り」変化,betaɾi,betaɾi,0,4,5,5,5,7,5,396.1,3.48,6,3483.8,6.03,6,mh,5,#FFFFFF,100.0,-0.0,0.0,濁音による質量感・無声破裂音の領域性を反映し、Weight 4・Time 5・Flow 5のベクトル配置。,,4,6,0,0,RI(り単発)
べちゃくちゃ,「べちゃくちゃ」という感覚・音・状態を表す表現。,擬音語・擬態語,その他,中立,清音・濁音,暗い・重い・大,単発・その他,betɕakutɕa,betɕakutɕa,0,4,6,5,5,5,7,792.6,5.24,6,7283.5,7.28,7,0,4,#FF69B4,65.5,64.2,-10.6,濁音による質量感・無声破裂音の領域性を反映し、Weight 4・Time 6・Flow 5のベクトル配置。,,5,5,0,8,COMPOUND(複合・異種)
べちゃべちゃ,「べちゃ」という音や状態が繰り返し連続して生じるさま。,擬音語・擬態語,スピード・テンポ,中立,清音・濁音,暗い・重い・大,畳語,betɕabetɕa,betɕabetɕa,0,5,5,4,4,5,7,843.6,5.40,5,7940.7,7.43,7,0,4,#8B4513,37.5,26.4,41.0,濁音による質量感・無声破裂音の領域性を反映し、Weight 5・Time 5・Flow 4のベクトル配置。,,4,5,5,1,REDUP(畳語・同一)
べっちゃんこ,「べっちゃんこ」という感覚・音・状態を表す表現。,擬音語・擬態語,その他,中立,清音・濁音,暗い・重い・大,促音・撥音,bettɕaŋko,bettɕaŋko,0,5,6,6,6,4,6,541.6,4.28,6,5162.6,6.70,8,0,4,#708090,52.8,-2.1,-10.6,濁音による質量感・無声破裂音の領域性を反映し、Weight 5・Time 6・Flow 6のベクトル配置。,,5,5,5,8,COMPOUND(複合・異種)
べらべらっ,「べらべら」とする動作や現象が瞬間的・急激に行われる音や様子。,擬音語・擬態語,スピード・テンポ,中立,清音・濁音,暗い・重い・大,促音,beɾabeɾaʔ,beɾabeɾaʔ,0,5,7,6,5,7,4,523.0,4.19,6,9140.4,7.67,7,mh,5,#FF8C00,69.5,36.8,75.5,濁音による質量感・弾き音/ɾ/による運動変化を反映し、Weight 5・Time 7・Flow 5のベクトル配置。,,3,5,0,0,Q(促音単発)
べりべり,「べりべ」と一度だけ鮮やかに、あるいは滑らかに行われる動作・状態。,擬態語,テクスチャー・色・光,快,清音・濁音,暗い・重い・大,畳語・「り」変化,beɾibeɾi,beɾibeɾi,0,4,5,5,5,6,5,556.0,4.34,5,5227.1,6.72,6,mh,5,#FF8C00,69.5,36.8,75.5,濁音による質量感・弾き音/ɾ/による運動変化を反映し、Weight 4・Time 5・Flow 5のベクトル配置。,,4,5,5,1,REDUP(畳語・同一)
べりべりっ,「べりべり」とする動作や現象が瞬間的・急激に行われる音や様子。,擬音語・擬態語,スピード・テンポ,中立,清音・濁音,暗い・重い・大,促音,beɾibeɾiʔ,beɾibeɾiʔ,0,5,7,7,7,5,4,787.7,5.22,7,8793.4,7.60,8,0,4,#FF8C00,69.5,36.8,75.5,濁音による質量感・弾き音/ɾ/による運動変化を反映し、Weight 5・Time 7・Flow 7のベクトル配置。,,3,5,0,0,Q(促音単発)
べろっ,「べろ」とする動作や現象が瞬間的・急激に行われる音や様子。,擬音語・擬態語,スピード・テンポ,中立,清音・濁音,暗い・重い・大,促音,beɾoʔ,beɾoʔ,0,5,7,6,6,6,4,496.1,4.05,7,7346.0,7.30,7,0,4,#000000,0.0,0.0,0.0,濁音による質量感・弾き音/ɾ/による運動変化を反映し、Weight 5・Time 7・Flow 6のベクトル配置。,,2,5,0,0,Q(促音単発)
べろべろ,「べろ」という音や状態が繰り返し連続して生じるさま。,擬音語・擬態語,スピード・テンポ,中立,清音・濁音,暗い・重い・大,畳語,beɾobeɾo,beɾobeɾo,0,5,4,4,4,7,6,362.2,3.26,3,3562.5,6.07,7,0,4,#FF8C00,69.5,36.8,75.5,濁音による質量感・弾き音/ɾ/による運動変化を反映し、Weight 5・Time 4・Flow 4のベクトル配置。,,4,5,5,1,REDUP(畳語・同一)
べろべろっ,「べろべろ」とする動作や現象が瞬間的・急激に行われる音や様子。,擬音語・擬態語,スピード・テンポ,中立,清音・濁音,暗い・重い・大,促音,beɾobeɾoʔ,beɾobeɾoʔ,0,5,7,6,6,6,5,457.0,3.85,7,6626.3,7.12,8,0,4,#FFB6C1,81.1,28.0,5.0,濁音による質量感・弾き音/ɾ/による運動変化を反映し、Weight 5・Time 7・Flow 6のベクトル配置。,,3,5,0,0,Q(促音単発)
べろりべろり,「べろりべろ」と一度だけ鮮やかに、あるいは滑らかに行われる動作・状態。,擬態語,テクスチャー・色・光,快,清音・濁音,暗い・重い・大,畳語・「り」変化,beɾoɾibeɾoɾi,beɾoɾibeɾoɾi,0,4,5,4,4,7,5,519.3,4.17,4,3638.2,6.11,6,0,4,#FFC0CB,83.6,24.1,3.3,濁音による質量感・弾き音/ɾ/による運動変化を反映し、Weight 4・Time 5・Flow 4のベクトル配置。,,4,5,5,1,REDUP(畳語・同一)
べろんべろん,「べろんべろ」と響き渡る音、または余韻や弾力を伴う状態。,擬音語・擬態語,テクスチャー,中立,清音・濁音,暗い・重い・大,畳語・撥音,beɾombeɾoŋ,beɾombeɾoŋ,0,5,5,5,4,6,6,353.0,3.19,4,4294.4,6.39,7,0,4,#FF8C00,69.5,36.8,75.5,濁音による質量感・鼻音の共鳴と持続性を反映し、Weight 5・Time 5・Flow 4のベクトル配置。,,4,5,5,1,REDUP(畳語・同一)
ぺかぺか,「ぺか」という音や状態が繰り返し連続して生じるさま。,擬音語・擬態語,スピード・テンポ,中立,清音・半濁音,明るい・軽い・小,畳語,pekapeka,pekapeka,0,3,6,5,3,6,4,727.8,5.02,5,6663.0,7.13,5,mh,5,#FFD700,86.9,-1.9,87.1,無声破裂音の領域性を反映し、Weight 3・Time 6・Flow 3のベクトル配置。,,4,5,5,1,REDUP(畳語・同一)
ぺこん,「ぺこ」と響き渡る音、または余韻や弾力を伴う状態。,擬音語・擬態語,テクスチャー,中立,清音・半濁音,明るい・軽い・小,撥音,pekoŋ,pekoŋ,0,4,7,7,5,5,5,554.2,4.33,7,5894.4,6.92,7,0,4,#FFD700,86.9,-1.9,87.1,無声破裂音の領域性・鼻音の共鳴と持続性を反映し、Weight 4・Time 7・Flow 5のベクトル配置。,,3,6,5,0,N(撥音単発)
ぺしゃっ,「ぺしゃ」とする動作や現象が瞬間的・急激に行われる音や様子。,擬音語・擬態語,スピード・テンポ,中立,清音・半濁音,明るい・軽い・小,促音,peɕaʔ,peɕaʔ,0,4,8,7,6,6,4,729.9,5.03,8,11053.6,7.99,7,0,4,#808080,53.6,-0.0,0.0,無声破裂音の領域性・摩擦音による流体・気体性を反映し、Weight 4・Time 8・Flow 6のベクトル配置。,,3,5,0,0,Q(促音単発)
ぺしゃんこ,「ぺしゃんこ」という感覚・音・状態を表す表現。,擬音語・擬態語,その他,中立,清音・半濁音,明るい・軽い・小,撥音,peɕaŋko,peɕaŋko,0,4,6,6,4,6,6,491.7,4.03,6,6671.6,7.14,7,0,4,#708090,52.8,-2.1,-10.6,無声破裂音の領域性・摩擦音による流体・気体性を反映し、Weight 4・Time 6・Flow 4のベクトル配置。,,5,5,5,8,COMPOUND(複合・異種)
ぺたっ,「ぺた」とする動作や現象が瞬間的・急激に行われる音や様子。,擬音語・擬態語,スピード・テンポ,中立,清音・半濁音,明るい・軽い・小,促音,petaʔ,petaʔ,0,4,8,7,6,6,4,524.6,4.20,8,9324.4,7.70,7,0,4,#000000,0.0,0.0,0.0,無声破裂音の領域性・促音による時間的突発性(Decay high)を反映し、Weight 4・Time 8・Flow 6のベクトル配置。,,2,5,0,0,Q(促音単発)
ぺたべた,「ぺたべた」という感覚・音・状態を表す表現。,擬音語・擬態語,その他,中立,清音・濁音・半濁音,暗い・重い・大,単発・その他,petabeta,petabeta,0,5,5,4,5,6,7,312.5,2.88,6,4207.1,6.35,7,mh,5,#8B4513,37.5,26.4,41.0,濁音による質量感・無声破裂音の領域性を反映し、Weight 5・Time 5・Flow 5のベクトル配置。,,5,5,0,8,COMPOUND(複合・異種)
ぺたり,「ぺた」と一度だけ鮮やかに、あるいは滑らかに行われる動作・状態。,擬態語,テクスチャー・色・光,快,清音・半濁音,明るい・軽い・小,「り」変化,petaɾi,petaɾi,0,3,6,6,4,7,5,470.5,3.92,6,4568.2,6.49,6,mh,5,#FFFFFF,100.0,-0.0,0.0,無声破裂音の領域性・弾き音/ɾ/による運動変化を反映し、Weight 3・Time 6・Flow 4のベクトル配置。,,4,6,0,0,RI(り単発)
ぺたん,「ぺた」と響き渡る音、または余韻や弾力を伴う状態。,擬音語・擬態語,テクスチャー,中立,清音・半濁音,明るい・軽い・小,撥音,petaŋ,petaŋ,0,4,7,7,5,5,6,478.0,3.96,7,6125.2,6.99,7,0,4,#808080,53.6,-0.0,0.0,無声破裂音の領域性・鼻音の共鳴と持続性を反映し、Weight 4・Time 7・Flow 5のベクトル配置。,,3,6,5,0,N(撥音単発)
ぺちゃぺちゃ,「ぺちゃ」という音や状態が繰り返し連続して生じるさま。,擬音語・擬態語,スピード・テンポ,中立,清音・半濁音,明るい・軽い・小,畳語,petɕapetɕa,petɕapetɕa,0,4,6,5,4,6,7,885.9,5.52,5,9105.9,7.66,7,0,4,#FF69B4,65.5,64.2,-10.6,無声破裂音の領域性・摩擦音による流体・気体性を反映し、Weight 4・Time 6・Flow 4のベクトル配置。,,4,5,5,1,REDUP(畳語・同一)
ぺちゃん,「ぺちゃ」と響き渡る音、または余韻や弾力を伴う状態。,擬音語・擬態語,テクスチャー,中立,清音・半濁音,明るい・軽い・小,撥音,petɕaŋ,petɕaŋ,0,4,8,7,5,5,6,765.0,5.15,7,8671.5,7.58,8,0,4,#708090,52.8,-2.1,-10.6,無声破裂音の領域性・摩擦音による流体・気体性を反映し、Weight 4・Time 8・Flow 5のベクトル配置。,,3,6,5,0,N(撥音単発)
ぺっ,「ぺ」とする動作や現象が瞬間的・急激に行われる音や様子。,擬音語・擬態語,スピード・テンポ,中立,半濁音,明るい・軽い・小,促音,peʔ,peʔ,0,4,8,7,6,6,4,626.6,4.65,8,9112.4,7.66,7,0,4,#000000,0.0,0.0,0.0,無声破裂音の領域性・促音による時間的突発性(Decay high)を反映し、Weight 4・Time 8・Flow 6のベクトル配置。,,2,5,0,0,Q(促音単発)
ぺったん,「ぺった」と響き渡る音、または余韻や弾力を伴う状態。,擬音語・擬態語,テクスチャー,中立,清音・半濁音,明るい・軽い・小,促音・撥音,pettaŋ,pettaŋ,0,5,7,7,5,4,6,450.8,3.81,7,7067.9,7.23,8,0,4,#FFFFFF,100.0,-0.0,0.0,無声破裂音の領域性・鼻音の共鳴と持続性を反映し、Weight 5・Time 7・Flow 5のベクトル配置。,,3,6,5,0,N(撥音単発)
ぺったんこ,「ぺったんこ」という感覚・音・状態を表す表現。,擬音語・擬態語,その他,中立,清音・半濁音,明るい・軽い・小,促音・撥音,pettaŋko,pettaŋko,0,5,6,6,5,5,6,309.4,2.86,6,5340.1,6.76,7,mh,5,#FFFFFF,100.0,-0.0,0.0,無声破裂音の領域性・鼻音の共鳴と持続性を反映し、Weight 5・Time 6・Flow 5のベクトル配置。,,5,5,5,8,COMPOUND(複合・異種)
ぺっとり,「ぺっと」と一度だけ鮮やかに、あるいは滑らかに行われる動作・状態。,擬態語,テクスチャー・色・光,快,清音・半濁音,明るい・軽い・小,促音・「り」変化,pettoɾi,pettoɾi,0,4,5,5,4,7,5,393.3,3.47,6,4116.2,6.31,7,mh,5,#D8BFD8,80.1,13.2,-9.2,無声破裂音の領域性・弾き音/ɾ/による運動変化を反映し、Weight 4・Time 5・Flow 4のベクトル配置。,,5,5,5,8,COMPOUND(複合・異種)
ぺっぺっ,「ぺっぺ」とする動作や現象が瞬間的・急激に行われる音や様子。,擬音語・擬態語,スピード・テンポ,中立,半濁音,明るい・軽い・小,畳語・促音,peppeʔ,peppeʔ,0,4,6,5,5,6,5,527.7,4.21,6,7023.9,7.22,7,0,4,#FFFFFF,100.0,-0.0,0.0,無声破裂音の領域性・促音による時間的突発性(Decay high)を反映し、Weight 4・Time 6・Flow 5のベクトル配置。,,4,5,5,1,REDUP(畳語・同一)
ぺらぺら,薄いさま、あるいは流暢に話すさま。,擬態語,その他,中立,清音・半濁音,明るい・軽い・小,畳語,peɾapeɾa,peɾapeɾa,0,2,6,4,2,8,4,697.8,4.92,4,6976.9,7.21,5,mh,5,#FFFFFF,100.0,-0.0,0.0,無声破裂音の領域性・弾き音/ɾ/による運動変化を反映し、Weight 2・Time 6・Flow 2のベクトル配置。,,4,5,5,1,REDUP(畳語・同一)
ぺろぺろっ,「ぺろぺろ」とする動作や現象が瞬間的・急激に行われる音や様子。,擬音語・擬態語,スピード・テンポ,中立,清音・半濁音,明るい・軽い・小,促音,peɾopeɾoʔ,peɾopeɾoʔ,0,3,7,6,5,7,5,590.7,4.50,7,6897.1,7.19,7,0,4,#FFC0CB,83.6,24.1,3.3,無声破裂音の領域性・弾き音/ɾ/による運動変化を反映し、Weight 3・Time 7・Flow 5のベクトル配置。,,3,5,0,0,Q(促音単発)
ぺろり,「ぺろ」と一度だけ鮮やかに、あるいは滑らかに行われる動作・状態。,擬態語,テクスチャー・色・光,快,清音・半濁音,明るい・軽い・小,「り」変化,peɾoɾi,peɾoɾi,0,2,6,6,4,8,5,572.3,4.42,6,4244.0,6.37,6,mh,5,#FFC0CB,83.6,24.1,3.3,無声破裂音の領域性・弾き音/ɾ/による運動変化を反映し、Weight 2・Time 6・Flow 4のベクトル配置。,,4,6,0,0,RI(り単発)
ぺろりぺろり,「ぺろりぺろ」と一度だけ鮮やかに、あるいは滑らかに行われる動作・状態。,擬態語,テクスチャー・色・光,快,清音・半濁音,明るい・軽い・小,畳語・「り」変化,peɾoɾipeɾoɾi,peɾoɾipeɾoɾi,0,3,5,5,3,7,5,706.5,4.95,5,4713.1,6.54,6,0,4,#FFC0CB,83.6,24.1,3.3,無声破裂音の領域性・弾き音/ɾ/による運動変化を反映し、Weight 3・Time 5・Flow 3のベクトル配置。,,4,5,5,1,REDUP(畳語・同一)
ぺんぺん,「ぺんぺ」と響き渡る音、または余韻や弾力を伴う状態。,擬音語・擬態語,テクスチャー,中立,半濁音,明るい・軽い・小,畳語・撥音,pempeŋ,pempeŋ,0,4,6,6,4,5,6,492.1,4.03,5,6221.4,7.02,7,0,4,#FFFFFF,100.0,-0.0,0.0,無声破裂音の領域性・鼻音の共鳴と持続性を反映し、Weight 4・Time 6・Flow 4のベクトル配置。,,4,5,5,1,REDUP(畳語・同一)
ほぎゃー,音が長く尾を引いて持続する音や状態。,擬音語・擬態語,スピード・テンポ,中立,清音・濁音,暗い・重い・大,長音,hoɡjaː,hoɡjaː,0,4,3,5,3,7,4,1067.6,5.99,1,7897.1,7.42,5,mh,5,#C08955,61.4,15.2,36.0,濁音による質量感・摩擦音による流体・気体性を反映し、Weight 4・Time 3・Flow 3のベクトル配置。,,2,7,5,0,LONG(長音ー)
ほぎゃーほぎゃー,「ほぎゃー」という音や状態が繰り返し連続して生じるさま。,擬音語・擬態語,スピード・テンポ,中立,清音・濁音,暗い・重い・大,畳語・長音,hoɡjaːhoɡjaː,hoɡjaːhoɡjaː,0,5,4,5,2,7,5,845.0,5.40,2,8459.9,7.54,6,mh,5,#FF4500,57.6,67.8,69.0,濁音による質量感・摩擦音による流体・気体性を反映し、Weight 5・Time 4・Flow 2のベクトル配置。,,4,5,5,1,REDUP(畳語・同一)
ほぞんかけたか,「ほぞんかけたか」という感覚・音・状態を表す表現。,擬音語・擬態語,その他,中立,清音・濁音,暗い・重い・大,撥音,hozoŋkaketaka,hozoŋkaketaka,0,4,5,5,4,6,3,454.3,3.83,6,4195.7,6.35,6,mh,5,#FFD700,86.9,-1.9,87.1,濁音による質量感・無声破裂音の領域性を反映し、Weight 4・Time 5・Flow 4のベクトル配置。,,5,5,5,8,COMPOUND(複合・異種)
ほっかほか,「ほっかほか」という感覚・音・状態を表す表現。,擬音語・擬態語,その他,中立,清音,明るい・軽い・小,促音,hokkahoka,hokkahoka,0,3,5,5,3,7,3,555.9,4.34,5,3269.4,5.92,5,mh,5,#FF4500,57.6,67.8,69.0,無声破裂音の領域性・摩擦音による流体・気体性を反映し、Weight 3・Time 5・Flow 3のベクトル配置。,,5,5,0,8,COMPOUND(複合・異種)
ほっかほっか,「ほっか」という音や状態が繰り返し連続して生じるさま。,擬音語・擬態語,スピード・テンポ,中立,清音,明るい・軽い・小,畳語・促音,hokkahokka,hokkahokka,0,3,5,5,3,7,3,662.7,4.79,5,4311.1,6.39,5,mh,5,#FF4500,57.6,67.8,69.0,無声破裂音の領域性・摩擦音による流体・気体性を反映し、Weight 3・Time 5・Flow 3のベクトル配置。,,4,5,5,1,REDUP(畳語・同一)
ほっかり,「ほっか」と一度だけ鮮やかに、あるいは滑らかに行われる動作・状態。,擬態語,テクスチャー・色・光,快,清音,明るい・軽い・小,促音・「り」変化,hokkaɾi,hokkaɾi,0,3,5,5,4,7,4,497.1,4.06,6,2748.4,5.63,6,mh,5,#FFFFFF,100.0,-0.0,0.0,無声破裂音の領域性・摩擦音による流体・気体性を反映し、Weight 3・Time 5・Flow 4のベクトル配置。,,5,5,5,8,COMPOUND(複合・異種)
ほっちり,「ほっち」と一度だけ鮮やかに、あるいは滑らかに行われる動作・状態。,擬態語,テクスチャー・色・光,快,清音,明るい・軽い・小,促音・「り」変化,hottɕiɾi,hottɕiɾi,0,3,5,6,5,6,4,702.2,4.93,6,3047.1,5.80,6,mh,5,#708090,52.8,-2.1,-10.6,無声破裂音の領域性・摩擦音による流体・気体性を反映し、Weight 3・Time 5・Flow 5のベクトル配置。,,5,5,5,8,COMPOUND(複合・異種)
ほっほー,音が長く尾を引いて持続する音や状態。,擬音語・擬態語,スピード・テンポ,中立,清音,明るい・軽い・小,促音・長音,hohhoː,hohhoː,0,3,2,5,4,8,4,855.5,5.43,1,4600.7,6.50,5,mh,5,#F5F5F5,96.5,-0.0,0.0,摩擦音による流体・気体性・促音による時間的突発性(Decay high)を反映し、Weight 3・Time 2・Flow 4のベクトル配置。,,2,7,5,0,LONG(長音ー)
ほととぎす,「ほととぎす」という感覚・音・状態を表す表現。,擬音語・擬態語,その他,中立,清音・濁音,暗い・重い・大,単発・その他,hototoɡisu,hototoɡisu,0,4,4,5,5,7,4,487.4,4.01,5,3675.8,6.12,6,0,4,#483D8B,30.8,26.1,-42.1,濁音による質量感・無声破裂音の領域性を反映し、Weight 4・Time 4・Flow 5のベクトル配置。,,5,5,0,8,COMPOUND(複合・異種)
ほのぼの,温かみが心に伝わるさま。,擬態語・擬情語,感情,中立,清音・濁音,暗い・重い・大,単発・その他,honobono,honobono,0,5,3,3,4,7,6,168.5,1.32,4,1621.9,4.73,6,mh,5,#FFF0F5,96.1,5.9,-0.6,濁音による質量感・摩擦音による流体・気体性を反映し、Weight 5・Time 3・Flow 4のベクトル配置。,,5,5,0,8,COMPOUND(複合・異種)
ほほ,「ほほ」という感覚・音・状態を表す表現。,擬音語・擬態語,その他,中立,清音,明るい・軽い・小,単発・その他,hoho,hoho,0,3,4,4,4,8,5,454.6,3.83,4,2194.6,5.25,5,mh,5,#F5F5DC,95.9,-4.2,12.0,摩擦音による流体・気体性を反映し、Weight 3・Time 4・Flow 4のベクトル配置。,,5,5,0,8,COMPOUND(複合・異種)
ほほう,「ほほう」という感覚・音・状態を表す表現。,擬音語・擬態語,その他,中立,清音,暗い・重い・大,単発・その他,hohou,hohou,0,3,4,4,4,7,5,521.5,4.18,4,2314.7,5.34,5,mh,5,#F5F5DC,95.9,-4.2,12.0,摩擦音による流体・気体性を反映し、Weight 3・Time 4・Flow 4のベクトル配置。,,5,5,0,8,COMPOUND(複合・異種)
ほほほ,「ほほほ」という感覚・音・状態を表す表現。,擬音語・擬態語,その他,中立,清音,明るい・軽い・小,単発・その他,hohoho,hohoho,0,3,4,5,4,8,5,491.1,4.03,4,2446.4,5.43,5,mh,5,#F5F5DC,95.9,-4.2,12.0,摩擦音による流体・気体性を反映し、Weight 3・Time 4・Flow 4のベクトル配置。,,5,5,0,8,COMPOUND(複合・異種)
ほろほろ,「ほろ」という音や状態が繰り返し連続して生じるさま。,擬音語・擬態語,スピード・テンポ,中立,清音,明るい・軽い・小,畳語,hoɾohoɾo,hoɾohoɾo,0,3,4,3,3,8,5,416.1,3.61,3,1556.3,4.66,5,0,4,#FFFFFF,100.0,-0.0,0.0,摩擦音による流体・気体性・弾き音/ɾ/による運動変化を反映し、Weight 3・Time 4・Flow 3のベクトル配置。,,4,5,5,1,REDUP(畳語・同一)
ほろり,「ほろ」と一度だけ鮮やかに、あるいは滑らかに行われる動作・状態。,擬態語,テクスチャー・色・光,快,清音,明るい・軽い・小,「り」変化,hoɾoɾi,hoɾoɾi,0,2,5,5,4,8,5,504.0,4.09,5,2778.6,5.65,6,mh,5,#FFFFFF,100.0,-0.0,0.0,摩擦音による流体・気体性・弾き音/ɾ/による運動変化を反映し、Weight 2・Time 5・Flow 4のベクトル配置。,,4,6,0,0,RI(り単発)
ほろろ,「ほろろ」という感覚・音・状態を表す表現。,擬音語・擬態語,その他,中立,清音,明るい・軽い・小,単発・その他,hoɾoɾo,hoɾoɾo,0,4,4,4,3,8,6,309.2,2.86,4,875.7,3.69,6,0,4,#FFFFFF,100.0,-0.0,0.0,摩擦音による流体・気体性・弾き音/ɾ/による運動変化を反映し、Weight 4・Time 4・Flow 3のベクトル配置。,,5,5,0,8,COMPOUND(複合・異種)
ほんぼこりん,「ほんぼこり」と響き渡る音、または余韻や弾力を伴う状態。,擬音語・擬態語,テクスチャー,中立,清音・濁音,暗い・重い・大,撥音,hombokoɾiŋ,hombokoɾiŋ,0,4,5,5,4,6,5,563.7,4.38,5,3151.5,5.86,6,0,4,#8B4513,37.5,26.4,41.0,濁音による質量感・無声破裂音の領域性を反映し、Weight 4・Time 5・Flow 4のベクトル配置。,,5,5,5,8,COMPOUND(複合・異種)
ほんわり,「ほんわ」と一度だけ鮮やかに、あるいは滑らかに行われる動作・状態。,擬態語,テクスチャー・色・光,快,清音,明るい・軽い・小,撥音・「り」変化,hoŋwaɾi,hoŋwaɾi,0,3,4,4,3,8,5,345.0,3.13,4,2562.1,5.51,5,mh,5,#FFFACD,97.6,-5.4,22.2,摩擦音による流体・気体性・鼻音の共鳴と持続性を反映し、Weight 3・Time 4・Flow 3のベクトル配置。,,5,5,5,8,COMPOUND(複合・異種)
ほーほ,音が長く尾を引いて持続する音や状態。,擬音語・擬態語,スピード・テンポ,中立,清音,明るい・軽い・小,長音,hoːho,hoːho,0,3,2,4,4,8,4,781.5,5.20,2,4269.6,6.38,5,mh,5,#F5F5F5,96.5,-0.0,0.0,摩擦音による流体・気体性・長音による持続傾向を反映し、Weight 3・Time 2・Flow 4のベクトル配置。,,2,7,5,0,LONG(長音ー)
ほーほけきょ,音が長く尾を引いて持続する音や状態。,擬音語・擬態語,スピード・テンポ,中立,清音,明るい・軽い・小,長音,hoːhokekjo,hoːhokekjo,0,3,3,5,3,8,4,1029.7,5.90,2,5789.6,6.89,5,mh,5,#ADFF2F,92.0,-52.5,81.9,無声破裂音の領域性・摩擦音による流体・気体性を反映し、Weight 3・Time 3・Flow 3のベクトル配置。,,3,6,5,0,LONG(長音ー)
ぼいん,「ぼい」と響き渡る音、または余韻や弾力を伴う状態。,擬音語・擬態語,テクスチャー,中立,清音・濁音,暗い・重い・大,撥音,boiŋ,boiŋ,0,5,6,6,6,5,5,567.0,4.39,6,5276.7,6.74,7,mc,3,#808080,53.6,-0.0,0.0,濁音による質量感・鼻音の共鳴と持続性を反映し、Weight 5・Time 6・Flow 6のベクトル配置。,,3,6,5,0,N(撥音単発)
ぼかすか,「ぼかすか」という感覚・音・状態を表す表現。,擬音語・擬態語,その他,中立,清音・濁音,暗い・重い・大,単発・その他,bokasuka,bokasuka,0,4,5,4,4,7,2,602.3,4.55,5,6159.6,7.00,4,0,4,#F5F5F5,96.5,-0.0,0.0,濁音による質量感・無声破裂音の領域性を反映し、Weight 4・Time 5・Flow 4のベクトル配置。,,5,5,0,8,COMPOUND(複合・異種)
ぼかぼか,「ぼか」という音や状態が繰り返し連続して生じるさま。,擬音語・擬態語,スピード・テンポ,中立,清音・濁音,暗い・重い・大,畳語,bokaboka,bokaboka,0,5,5,3,4,6,4,354.0,3.20,4,5542.0,6.82,6,0,4,#8B4513,37.5,26.4,41.0,濁音による質量感・無声破裂音の領域性を反映し、Weight 5・Time 5・Flow 4のベクトル配置。,,4,5,5,1,REDUP(畳語・同一)
ぼきっ,「ぼき」とする動作や現象が瞬間的・急激に行われる音や様子。,擬音語・擬態語,スピード・テンポ,中立,清音・濁音,暗い・重い・大,促音,bokiʔ,bokiʔ,0,5,8,7,7,5,3,709.2,4.96,8,9475.3,7.73,7,0,4,#000000,0.0,0.0,0.0,濁音による質量感・無声破裂音の領域性を反映し、Weight 5・Time 8・Flow 7のベクトル配置。,,2,5,0,0,Q(促音単発)
ぼきぱき,「ぼきぱき」という感覚・音・状態を表す表現。,擬音語・擬態語,その他,中立,清音・濁音・半濁音,暗い・重い・大,単発・その他,bokipaki,bokipaki,0,4,7,6,6,4,3,1070.3,6.00,7,8359.6,7.52,6,0,4,#FFFFFF,100.0,-0.0,0.0,濁音による質量感・無声破裂音の領域性を反映し、Weight 4・Time 7・Flow 6のベクトル配置。,,5,5,0,8,COMPOUND(複合・異種)
ぼきぼき,「ぼき」という音や状態が繰り返し連続して生じるさま。,擬音語・擬態語,スピード・テンポ,中立,清音・濁音,暗い・重い・大,畳語,bokiboki,bokiboki,0,5,6,5,6,5,4,659.0,4.77,5,7097.7,7.24,6,0,4,#8B4513,37.5,26.4,41.0,濁音による質量感・無声破裂音の領域性を反映し、Weight 5・Time 6・Flow 6のベクトル配置。,,4,5,5,1,REDUP(畳語・同一)
ぼけーっ,「ぼけー」とする動作や現象が瞬間的・急激に行われる音や様子。,擬音語・擬態語,スピード・テンポ,中立,清音・濁音,暗い・重い・大,促音・長音,bokeːʔ,bokeːʔ,0,5,5,5,6,6,3,758.1,5.13,5,8047.7,7.45,6,0,4,#F0FFFF,98.9,-4.9,-1.7,濁音による質量感・無声破裂音の領域性を反映し、Weight 5・Time 5・Flow 6のベクトル配置。,,2,6,5,0,LONG(長音ー)
ぼこり,「ぼこ」と一度だけ鮮やかに、あるいは滑らかに行われる動作・状態。,擬態語,テクスチャー・色・光,快,清音・濁音,暗い・重い・大,「り」変化,bokoɾi,bokoɾi,0,4,6,5,5,7,4,443.9,3.77,6,4023.6,6.28,6,mh,5,#8B4513,37.5,26.4,41.0,濁音による質量感・無声破裂音の領域性を反映し、Weight 4・Time 6・Flow 5のベクトル配置。,,4,6,0,0,RI(り単発)
ぼそっ,「ぼそ」とする動作や現象が瞬間的・急激に行われる音や様子。,擬音語・擬態語,スピード・テンポ,中立,清音・濁音,暗い・重い・大,促音,bosoʔ,bosoʔ,0,5,7,6,7,6,3,546.4,4.30,7,8223.7,7.49,7,0,4,#000000,0.0,0.0,0.0,濁音による質量感・摩擦音による流体・気体性を反映し、Weight 5・Time 7・Flow 7のベクトル配置。,,2,5,0,0,Q(促音単発)
ぼそり,「ぼそ」と一度だけ鮮やかに、あるいは滑らかに行われる動作・状態。,擬態語,テクスチャー・色・光,快,清音・濁音,暗い・重い・大,「り」変化,bosoɾi,bosoɾi,0,3,5,5,5,8,3,547.3,4.30,6,4399.5,6.43,6,0,4,#FFFFFF,100.0,-0.0,0.0,濁音による質量感・摩擦音による流体・気体性を反映し、Weight 3・Time 5・Flow 5のベクトル配置。,,4,6,0,0,RI(り単発)
ぼそりぼそり,「ぼそりぼそ」と一度だけ鮮やかに、あるいは滑らかに行われる動作・状態。,擬態語,テクスチャー・色・光,快,清音・濁音,暗い・重い・大,畳語・「り」変化,bosoɾibosoɾi,bosoɾibosoɾi,0,4,5,4,5,7,3,637.4,4.69,5,4837.9,6.59,5,mc,3,#708090,52.8,-2.1,-10.6,濁音による質量感・摩擦音による流体・気体性を反映し、Weight 4・Time 5・Flow 5のベクトル配置。,,4,5,5,1,REDUP(畳語・同一)
ぼたりぽたり,「ぼたりぽた」と一度だけ鮮やかに、あるいは滑らかに行われる動作・状態。,擬態語,テクスチャー・色・光,快,清音・濁音・半濁音,暗い・重い・大,「り」変化,botaɾipotaɾi,botaɾipotaɾi,0,4,6,5,5,7,5,416.6,3.61,6,3360.6,5.97,6,0,4,#556B2F,42.2,-18.8,30.6,濁音による質量感・無声破裂音の領域性を反映し、Weight 4・Time 6・Flow 5のベクトル配置。,,4,6,0,0,RI(り単発)
ぼっ,「ぼ」とする動作や現象が瞬間的・急激に行われる音や様子。,擬音語・擬態語,スピード・テンポ,中立,濁音,暗い・重い・大,促音,boʔ,boʔ,0,5,7,6,7,6,4,469.6,3.92,8,8171.7,7.48,7,0,4,#000000,0.0,0.0,0.0,濁音による質量感・促音による時間的突発性(Decay high)を反映し、Weight 5・Time 7・Flow 7のベクトル配置。,,2,5,0,0,Q(促音単発)
ぼとぼと,「ぼと」という音や状態が繰り返し連続して生じるさま。,擬音語・擬態語,スピード・テンポ,中立,清音・濁音,暗い・重い・大,畳語,botoboto,botoboto,0,6,4,3,5,6,6,217.7,1.97,4,3368.0,5.97,7,mc,3,#708090,52.8,-2.1,-10.6,濁音による質量感・無声破裂音の領域性を反映し、Weight 6・Time 4・Flow 5のベクトル配置。,,4,5,5,1,REDUP(畳語・同一)
ぼとり,「ぼと」と一度だけ鮮やかに、あるいは滑らかに行われる動作・状態。,擬態語,テクスチャー・色・光,快,清音・濁音,暗い・重い・大,「り」変化,botoɾi,botoɾi,0,4,5,5,5,7,5,372.3,3.33,5,3586.0,6.08,6,mh,5,#FFFFFF,100.0,-0.0,0.0,濁音による質量感・無声破裂音の領域性を反映し、Weight 4・Time 5・Flow 5のベクトル配置。,,4,6,0,0,RI(り単発)
ぼとん,「ぼと」と響き渡る音、または余韻や弾力を伴う状態。,擬音語・擬態語,テクスチャー,中立,清音・濁音,暗い・重い・大,撥音,botoŋ,botoŋ,0,5,6,6,6,5,5,325.9,2.99,6,4484.1,6.46,7,mc,3,#000000,0.0,0.0,0.0,濁音による質量感・無声破裂音の領域性を反映し、Weight 5・Time 6・Flow 6のベクトル配置。,,3,6,5,0,N(撥音単発)
ぼやっ,「ぼや」とする動作や現象が瞬間的・急激に行われる音や様子。,擬音語・擬態語,スピード・テンポ,中立,清音・濁音,暗い・重い・大,促音,bojaʔ,bojaʔ,0,5,7,6,6,6,4,502.8,4.09,7,8095.4,7.46,7,0,4,#BDB76B,73.4,-8.8,39.3,濁音による質量感・促音による時間的突発性(Decay high)を反映し、Weight 5・Time 7・Flow 6のベクトル配置。,,2,5,0,0,Q(促音単発)
ぼやーっ,「ぼやー」とする動作や現象が瞬間的・急激に行われる音や様子。,擬音語・擬態語,スピード・テンポ,中立,清音・濁音,暗い・重い・大,促音・長音,bojaːʔ,bojaːʔ,0,5,4,5,5,7,4,761.3,5.14,4,7373.8,7.31,6,mh,5,#BDB76B,73.4,-8.8,39.3,濁音による質量感・促音による時間的突発性(Decay high)を反映し、Weight 5・Time 4・Flow 5のベクトル配置。,,2,6,5,0,LONG(長音ー)
ぼろぼろ,「ぼろ」という音や状態が繰り返し連続して生じるさま。,擬音語・擬態語,スピード・テンポ,中立,清音・濁音,暗い・重い・大,畳語,boɾoboɾo,boɾoboɾo,0,5,4,3,4,7,6,165.4,1.27,3,2650.2,5.57,6,mc,3,#8B4513,37.5,26.4,41.0,濁音による質量感・弾き音/ɾ/による運動変化を反映し、Weight 5・Time 4・Flow 4のベクトル配置。,,4,5,5,1,REDUP(畳語・同一)
ぼろり,「ぼろ」と一度だけ鮮やかに、あるいは滑らかに行われる動作・状態。,擬態語,テクスチャー・色・光,快,清音・濁音,暗い・重い・大,「り」変化,boɾoɾi,boɾoɾi,0,4,5,5,4,8,5,382.9,3.40,5,3385.9,5.98,6,0,4,#FFFFFF,100.0,-0.0,0.0,濁音による質量感・弾き音/ɾ/による運動変化を反映し、Weight 4・Time 5・Flow 4のベクトル配置。,,4,6,0,0,RI(り単発)
ぼん,「ぼ」と響き渡る音、または余韻や弾力を伴う状態。,擬音語・擬態語,テクスチャー,中立,濁音,暗い・重い・大,撥音,boŋ,boŋ,0,5,6,6,6,5,5,379.8,3.38,6,5824.1,6.90,7,mc,3,#808080,53.6,-0.0,0.0,濁音による質量感・鼻音の共鳴と持続性を反映し、Weight 5・Time 6・Flow 6のベクトル配置。,,3,6,5,0,N(撥音単発)
ぼんぼん,「ぼんぼ」と響き渡る音、または余韻や弾力を伴う状態。,擬音語・擬態語,テクスチャー,中立,濁音,暗い・重い・大,畳語・撥音,bomboŋ,bomboŋ,0,6,5,5,5,6,6,258.4,2.40,4,5688.3,6.86,7,0,4,#0000CD,25.0,67.2,-91.5,濁音による質量感・鼻音の共鳴と持続性を反映し、Weight 6・Time 5・Flow 5のベクトル配置。,,4,5,5,1,REDUP(畳語・同一)
ぼーっ,「ぼー」とする動作や現象が瞬間的・急激に行われる音や様子。,擬音語・擬態語,スピード・テンポ,中立,濁音,暗い・重い・大,促音・長音,boːʔ,boːʔ,0,5,4,5,6,6,4,729.4,5.03,4,7633.4,7.36,6,0,4,#F0FFFF,98.9,-4.9,-1.7,濁音による質量感・促音による時間的突発性(Decay high)を反映し、Weight 5・Time 4・Flow 6のベクトル配置。,,2,7,5,0,LONG(長音ー)
ぼーぼー,「ぼー」という音や状態が繰り返し連続して生じるさま。,擬音語・擬態語,スピード・テンポ,中立,濁音,暗い・重い・大,畳語・長音,boːboː,boːboː,0,6,3,3,4,7,5,389.5,3.44,2,4402.2,6.43,6,0,4,#8B4513,37.5,26.4,41.0,濁音による質量感・長音による持続傾向を反映し、Weight 6・Time 3・Flow 4のベクトル配置。,,4,5,5,1,REDUP(畳語・同一)
ぽい,「ぽい」という感覚・音・状態を表す表現。,擬音語・擬態語,その他,中立,清音・半濁音,明るい・軽い・小,単発・その他,poi,poi,0,4,5,5,4,7,5,534.5,4.24,6,4006.4,6.27,6,mh,5,#FFFFFF,100.0,-0.0,0.0,無声破裂音の領域性を反映し、Weight 4・Time 5・Flow 4のベクトル配置。,,5,5,0,8,COMPOUND(複合・異種)
ぽいっ,「ぽい」とする動作や現象が瞬間的・急激に行われる音や様子。,擬音語・擬態語,スピード・テンポ,中立,清音・半濁音,明るい・軽い・小,促音,poiʔ,poiʔ,0,4,8,6,6,6,3,705.9,4.95,8,8029.5,7.45,7,mh,5,#000000,0.0,0.0,0.0,無声破裂音の領域性・促音による時間的突発性(Decay high)を反映し、Weight 4・Time 8・Flow 6のベクトル配置。,,2,5,0,0,Q(促音単発)
ぽいん,「ぽい」と響き渡る音、または余韻や弾力を伴う状態。,擬音語・擬態語,テクスチャー,中立,清音・半濁音,明るい・軽い・小,撥音,poiŋ,poiŋ,0,4,6,6,5,5,4,719.1,4.99,6,5104.3,6.68,7,0,4,#FFFFFF,100.0,-0.0,0.0,無声破裂音の領域性・鼻音の共鳴と持続性を反映し、Weight 4・Time 6・Flow 5のベクトル配置。,,3,6,5,0,N(撥音単発)
ぽかっ,「ぽか」とする動作や現象が瞬間的・急激に行われる音や様子。,擬音語・擬態語,スピード・テンポ,中立,清音・半濁音,明るい・軽い・小,促音,pokaʔ,pokaʔ,0,4,7,7,5,6,3,641.6,4.71,8,8562.7,7.56,7,mh,5,#000000,0.0,0.0,0.0,無声破裂音の領域性・促音による時間的突発性(Decay high)を反映し、Weight 4・Time 7・Flow 5のベクトル配置。,,2,5,0,0,Q(促音単発)
ぽかりぽかり,「ぽかりぽか」と一度だけ鮮やかに、あるいは滑らかに行われる動作・状態。,擬態語,テクスチャー・色・光,快,清音・半濁音,明るい・軽い・小,畳語・「り」変化,pokaɾipokaɾi,pokaɾipokaɾi,0,3,5,5,4,7,3,655.9,4.76,5,4273.4,6.38,5,mh,5,#FF4500,57.6,67.8,69.0,無声破裂音の領域性・弾き音/ɾ/による運動変化を反映し、Weight 3・Time 5・Flow 4のベクトル配置。,,4,5,5,1,REDUP(畳語・同一)
ぽかん,「ぽか」と響き渡る音、または余韻や弾力を伴う状態。,擬音語・擬態語,テクスチャー,中立,清音・半濁音,明るい・軽い・小,撥音,pokaŋ,pokaŋ,0,4,6,7,4,5,4,540.2,4.27,6,5448.3,6.79,6,0,4,#FF4500,57.6,67.8,69.0,無声破裂音の領域性・鼻音の共鳴と持続性を反映し、Weight 4・Time 6・Flow 4のベクトル配置。,,3,6,5,0,N(撥音単発)
ぽかーん,「ぽかー」と響き渡る音、または余韻や弾力を伴う状態。,擬音語・擬態語,テクスチャー,中立,清音・半濁音,明るい・軽い・小,撥音・長音,pokaːŋ,pokaːŋ,0,3,4,6,3,6,4,867.8,5.47,2,5730.2,6.88,6,mh,5,#DAA520,70.8,8.5,68.8,無声破裂音の領域性・鼻音の共鳴と持続性を反映し、Weight 3・Time 4・Flow 3のベクトル配置。,,3,7,5,0,LONG(長音ー)
ぽきりぽきり,「ぽきりぽき」と一度だけ鮮やかに、あるいは滑らかに行われる動作・状態。,擬態語,テクスチャー・色・光,快,清音・半濁音,明るい・軽い・小,畳語・「り」変化,pokiɾipokiɾi,pokiɾipokiɾi,0,3,6,6,5,5,2,1070.2,6.00,6,8059.2,7.46,6,0,4,#CD853F,61.8,21.4,47.9,無声破裂音の領域性・弾き音/ɾ/による運動変化を反映し、Weight 3・Time 6・Flow 5のベクトル配置。,,4,5,5,1,REDUP(畳語・同一)
ぽくぽく,「ぽく」という音や状態が繰り返し連続して生じるさま。,擬音語・擬態語,スピード・テンポ,中立,清音・半濁音,明るい・軽い・小,畳語,pokupoku,pokupoku,0,4,5,4,4,7,5,443.2,3.77,5,3159.8,5.87,6,0,4,#CD853F,61.8,21.4,47.9,無声破裂音の領域性を反映し、Weight 4・Time 5・Flow 4のベクトル配置。,,4,5,5,1,REDUP(畳語・同一)
ぽけっ,「ぽけ」とする動作や現象が瞬間的・急激に行われる音や様子。,擬音語・擬態語,スピード・テンポ,中立,清音・半濁音,明るい・軽い・小,促音,pokeʔ,pokeʔ,0,4,8,6,6,6,3,627.6,4.65,8,8533.7,7.55,7,mh,5,#FFFFFF,100.0,-0.0,0.0,無声破裂音の領域性・促音による時間的突発性(Decay high)を反映し、Weight 4・Time 8・Flow 6のベクトル配置。,,2,5,0,0,Q(促音単発)
ぽけーっ,「ぽけー」とする動作や現象が瞬間的・急激に行われる音や様子。,擬音語・擬態語,スピード・テンポ,中立,清音・半濁音,明るい・軽い・小,促音・長音,pokeːʔ,pokeːʔ,0,4,5,6,5,7,3,901.6,5.57,5,7507.8,7.34,6,mh,5,#F0FFFF,98.9,-4.9,-1.7,無声破裂音の領域性・促音による時間的突発性(Decay high)を反映し、Weight 4・Time 5・Flow 5のベクトル配置。,,2,6,5,0,LONG(長音ー)
ぽこっ,「ぽこ」とする動作や現象が瞬間的・急激に行われる音や様子。,擬音語・擬態語,スピード・テンポ,中立,清音・半濁音,明るい・軽い・小,促音,pokoʔ,pokoʔ,0,4,8,7,6,6,3,601.7,4.54,8,7298.4,7.29,7,mh,5,#000000,0.0,0.0,0.0,無声破裂音の領域性・促音による時間的突発性(Decay high)を反映し、Weight 4・Time 8・Flow 6のベクトル配置。,,2,5,0,0,Q(促音単発)
ぽこぽこ,「ぽこ」という音や状態が繰り返し連続して生じるさま。,擬音語・擬態語,スピード・テンポ,中立,清音・半濁音,明るい・軽い・小,畳語,pokopoko,pokopoko,0,3,5,4,3,7,4,470.3,3.92,5,3044.9,5.80,5,mh,5,#FFFFFF,100.0,-0.0,0.0,無声破裂音の領域性を反映し、Weight 3・Time 5・Flow 3のベクトル配置。,,4,5,5,1,REDUP(畳語・同一)
ぽこり,「ぽこ」と一度だけ鮮やかに、あるいは滑らかに行われる動作・状態。,擬態語,テクスチャー・色・光,快,清音・半濁音,明るい・軽い・小,「り」変化,pokoɾi,pokoɾi,0,2,6,6,4,7,4,557.5,4.35,6,3656.0,6.11,6,mh,5,#FFFFFF,100.0,-0.0,0.0,無声破裂音の領域性・弾き音/ɾ/による運動変化を反映し、Weight 2・Time 6・Flow 4のベクトル配置。,,4,6,0,0,RI(り単発)
ぽこん,「ぽこ」と響き渡る音、または余韻や弾力を伴う状態。,擬音語・擬態語,テクスチャー,中立,清音・半濁音,明るい・軽い・小,撥音,pokoŋ,pokoŋ,0,4,7,7,5,5,4,508.4,4.12,6,4582.5,6.50,7,0,4,#808080,53.6,-0.0,0.0,無声破裂音の領域性・鼻音の共鳴と持続性を反映し、Weight 4・Time 7・Flow 5のベクトル配置。,,3,6,5,0,N(撥音単発)
ぽこんぽこん,「ぽこんぽこ」と響き渡る音、または余韻や弾力を伴う状態。,擬音語・擬態語,テクスチャー,中立,清音・半濁音,明るい・軽い・小,畳語・撥音,pokompokoŋ,pokompokoŋ,0,3,6,5,4,6,5,394.9,3.48,5,3728.2,6.15,6,mh,5,#A9A9A9,69.2,-0.0,0.0,無声破裂音の領域性・鼻音の共鳴と持続性を反映し、Weight 3・Time 6・Flow 4のベクトル配置。,,4,5,5,1,REDUP(畳語・同一)
ぽさーっ,「ぽさー」とする動作や現象が瞬間的・急激に行われる音や様子。,擬音語・擬態語,スピード・テンポ,中立,清音・半濁音,明るい・軽い・小,促音・長音,posaːʔ,posaːʔ,0,3,5,5,5,7,3,897.4,5.55,5,7637.1,7.36,6,mh,5,#FF0000,53.2,80.1,67.2,無声破裂音の領域性・摩擦音による流体・気体性を反映し、Weight 3・Time 5・Flow 5のベクトル配置。,,2,6,5,0,LONG(長音ー)
ぽしゃっ,「ぽしゃ」とする動作や現象が瞬間的・急激に行われる音や様子。,擬音語・擬態語,スピード・テンポ,中立,清音・半濁音,明るい・軽い・小,促音,poɕaʔ,poɕaʔ,0,4,8,7,5,6,4,718.0,4.99,8,10667.1,7.93,7,0,4,#778899,55.9,-2.2,-11.1,無声破裂音の領域性・摩擦音による流体・気体性を反映し、Weight 4・Time 8・Flow 5のベクトル配置。,,3,5,0,0,Q(促音単発)
ぽしゃり,「ぽしゃ」と一度だけ鮮やかに、あるいは滑らかに行われる動作・状態。,擬態語,テクスチャー・色・光,快,清音・半濁音,明るい・軽い・小,「り」変化,poɕaɾi,poɕaɾi,0,3,6,6,4,8,5,619.2,4.62,6,6429.9,7.07,6,mh,5,#FFFFFF,100.0,-0.0,0.0,無声破裂音の領域性・摩擦音による流体・気体性を反映し、Weight 3・Time 6・Flow 4のベクトル配置。,,4,6,0,0,RI(り単発)
ぽしゃん,「ぽしゃ」と響き渡る音、または余韻や弾力を伴う状態。,擬音語・擬態語,テクスチャー,中立,清音・半濁音,明るい・軽い・小,撥音,poɕaŋ,poɕaŋ,0,4,7,7,4,5,5,622.9,4.63,6,8208.0,7.49,7,0,4,#4682B4,52.5,-4.1,-32.2,無声破裂音の領域性・摩擦音による流体・気体性を反映し、Weight 4・Time 7・Flow 4のベクトル配置。,,3,6,5,0,N(撥音単発)
ぽじゃぽじゃ,「ぽじゃ」という音や状態が繰り返し連続して生じるさま。,擬音語・擬態語,スピード・テンポ,中立,濁音・半濁音,暗い・重い・大,畳語,podʑapodʑa,podʑapodʑa,0,4,5,4,3,7,6,391.0,3.45,4,6732.0,7.15,7,mh,5,#FF0000,53.2,80.1,67.2,濁音による質量感・無声破裂音の領域性を反映し、Weight 4・Time 5・Flow 3のベクトル配置。,,4,5,5,1,REDUP(畳語・同一)
ぽたっ,「ぽた」とする動作や現象が瞬間的・急激に行われる音や様子。,擬音語・擬態語,スピード・テンポ,中立,清音・半濁音,明るい・軽い・小,促音,potaʔ,potaʔ,0,4,8,6,6,6,4,504.8,4.10,8,7666.5,7.37,7,0,4,#000000,0.0,0.0,0.0,無声破裂音の領域性・促音による時間的突発性(Decay high)を反映し、Weight 4・Time 8・Flow 6のベクトル配置。,,2,5,0,0,Q(促音単発)
ぽたっぽたっ,「ぽたっぽた」とする動作や現象が瞬間的・急激に行われる音や様子。,擬音語・擬態語,スピード・テンポ,中立,清音・半濁音,明るい・軽い・小,畳語・促音,potappotaʔ,potappotaʔ,0,4,6,5,5,7,6,342.6,3.12,6,4654.8,6.52,7,mh,5,#4169E1,47.8,26.3,-65.3,無声破裂音の領域性・促音による時間的突発性(Decay high)を反映し、Weight 4・Time 6・Flow 5のベクトル配置。,,4,5,5,1,REDUP(畳語・同一)
ぽたり,「ぽた」と一度だけ鮮やかに、あるいは滑らかに行われる動作・状態。,擬態語,テクスチャー・色・光,快,清音・半濁音,明るい・軽い・小,「り」変化,potaɾi,potaɾi,0,3,6,5,4,8,5,453.3,3.83,6,3144.9,5.86,6,mh,5,#FFFFFF,100.0,-0.0,0.0,無声破裂音の領域性・弾き音/ɾ/による運動変化を反映し、Weight 3・Time 6・Flow 4のベクトル配置。,,4,6,0,0,RI(り単発)
ぽちっ,「ぽち」とする動作や現象が瞬間的・急激に行われる音や様子。,擬音語・擬態語,スピード・テンポ,中立,清音・半濁音,明るい・軽い・小,促音,potɕiʔ,potɕiʔ,0,4,8,7,7,5,4,905.8,5.58,8,8114.7,7.47,7,0,4,#000000,0.0,0.0,0.0,無声破裂音の領域性・摩擦音による流体・気体性を反映し、Weight 4・Time 8・Flow 7のベクトル配置。,,2,5,0,0,Q(促音単発)
ぽちぽち,「ぽち」という音や状態が繰り返し連続して生じるさま。,擬音語・擬態語,スピード・テンポ,中立,清音・半濁音,明るい・軽い・小,畳語,potɕipotɕi,potɕipotɕi,0,3,5,5,5,6,5,1023.6,5.89,6,4856.9,6.60,6,0,4,#708090,52.8,-2.1,-10.6,無声破裂音の領域性・摩擦音による流体・気体性を反映し、Weight 3・Time 5・Flow 5のベクトル配置。,,4,5,5,1,REDUP(畳語・同一)
ぽちゃっ,「ぽちゃ」とする動作や現象が瞬間的・急激に行われる音や様子。,擬音語・擬態語,スピード・テンポ,中立,清音・半濁音,明るい・軽い・小,促音,potɕaʔ,potɕaʔ,0,4,8,6,6,6,4,886.8,5.52,8,9758.7,7.78,8,mh,5,#000000,0.0,0.0,0.0,無声破裂音の領域性・摩擦音による流体・気体性を反映し、Weight 4・Time 8・Flow 6のベクトル配置。,,2,5,0,0,Q(促音単発)
ぽちゃぽちゃ,「ぽちゃ」という音や状態が繰り返し連続して生じるさま。,擬音語・擬態語,スピード・テンポ,中立,清音・半濁音,明るい・軽い・小,畳語,potɕapotɕa,potɕapotɕa,0,3,6,4,3,7,6,974.3,5.76,5,7057.8,7.23,7,0,4,#4B3621,24.5,6.4,16.8,無声破裂音の領域性・摩擦音による流体・気体性を反映し、Weight 3・Time 6・Flow 3のベクトル配置。,,4,5,5,1,REDUP(畳語・同一)
ぽちゃり,「ぽちゃ」と一度だけ鮮やかに、あるいは滑らかに行われる動作・状態。,擬態語,テクスチャー・色・光,快,清音・半濁音,明るい・軽い・小,「り」変化,potɕaɾi,potɕaɾi,0,3,6,6,4,7,5,796.5,5.25,6,5413.6,6.78,6,mh,5,#FFFFFF,100.0,-0.0,0.0,無声破裂音の領域性・摩擦音による流体・気体性を反映し、Weight 3・Time 6・Flow 4のベクトル配置。,,4,6,0,0,RI(り単発)
ぽちゃん,「ぽちゃ」と響き渡る音、または余韻や弾力を伴う状態。,擬音語・擬態語,テクスチャー,中立,清音・半濁音,明るい・軽い・小,撥音,potɕaŋ,potɕaŋ,0,4,7,7,5,5,6,804.2,5.28,7,7230.0,7.27,7,0,4,#4682B4,52.5,-4.1,-32.2,無声破裂音の領域性・摩擦音による流体・気体性を反映し、Weight 4・Time 7・Flow 5のベクトル配置。,,3,6,5,0,N(撥音単発)
ぽっ,「ぽ」とする動作や現象が瞬間的・急激に行われる音や様子。,擬音語・擬態語,スピード・テンポ,中立,半濁音,明るい・軽い・小,促音,poʔ,poʔ,0,4,7,6,6,6,4,561.6,4.37,8,7685.6,7.38,7,mh,5,#000000,0.0,0.0,0.0,無声破裂音の領域性・促音による時間的突発性(Decay high)を反映し、Weight 4・Time 7・Flow 6のベクトル配置。,,2,5,0,0,Q(促音単発)
ぽっきり,「ぽっき」と一度だけ鮮やかに、あるいは滑らかに行われる動作・状態。,擬態語,テクスチャー・色・光,快,清音・半濁音,明るい・軽い・小,促音・「り」変化,pokkiɾi,pokkiɾi,0,3,6,6,4,7,3,649.7,4.74,6,5188.4,6.71,7,mh,5,#FFFFFF,100.0,-0.0,0.0,無声破裂音の領域性・弾き音/ɾ/による運動変化を反映し、Weight 3・Time 6・Flow 4のベクトル配置。,,5,5,5,8,COMPOUND(複合・異種)
ぽっくりぽっくり,「ぽっくりぽっく」と一度だけ鮮やかに、あるいは滑らかに行われる動作・状態。,擬態語,テクスチャー・色・光,快,清音・半濁音,明るい・軽い・小,畳語・促音・「り」変化,pokkuɾipokkuɾi,pokkuɾipokkuɾi,0,3,6,5,5,7,4,493.1,4.04,6,3348.1,5.96,6,mh,5,#DEB887,77.0,7.0,30.0,無声破裂音の領域性・弾き音/ɾ/による運動変化を反映し、Weight 3・Time 6・Flow 5のベクトル配置。,,4,5,5,1,REDUP(畳語・同一)
ぽっこり,「ぽっこ」と一度だけ鮮やかに、あるいは滑らかに行われる動作・状態。,擬態語,テクスチャー・色・光,快,清音・半濁音,明るい・軽い・小,促音・「り」変化,pokkoɾi,pokkoɾi,0,3,5,5,4,7,4,444.5,3.78,6,2924.4,5.73,6,mh,5,#FFFFFF,100.0,-0.0,0.0,無声破裂音の領域性・弾き音/ɾ/による運動変化を反映し、Weight 3・Time 5・Flow 4のベクトル配置。,,5,5,5,8,COMPOUND(複合・異種)
ぽったり,「ぽった」と一度だけ鮮やかに、あるいは滑らかに行われる動作・状態。,擬態語,テクスチャー・色・光,快,清音・半濁音,明るい・軽い・小,促音・「り」変化,pottaɾi,pottaɾi,0,4,5,5,4,7,5,288.4,2.68,6,2471.0,5.45,6,mh,5,#FFB6C1,81.1,28.0,5.0,無声破裂音の領域性・弾き音/ɾ/による運動変化を反映し、Weight 4・Time 5・Flow 4のベクトル配置。,,5,5,5,8,COMPOUND(複合・異種)
ぽっちゃん,「ぽっちゃ」と響き渡る音、または余韻や弾力を伴う状態。,擬音語・擬態語,テクスチャー,中立,清音・半濁音,明るい・軽い・小,促音・撥音,pottɕaŋ,pottɕaŋ,0,4,6,6,4,6,6,559.5,4.36,6,5032.8,6.66,7,mh,5,#FFB6C1,81.1,28.0,5.0,無声破裂音の領域性・摩擦音による流体・気体性を反映し、Weight 4・Time 6・Flow 4のベクトル配置。,,5,5,5,8,COMPOUND(複合・異種)
ぽっちり,「ぽっち」と一度だけ鮮やかに、あるいは滑らかに行われる動作・状態。,擬態語,テクスチャー・色・光,快,清音・半濁音,明るい・軽い・小,促音・「り」変化,pottɕiɾi,pottɕiɾi,0,3,5,5,5,6,5,641.1,4.70,6,3003.3,5.78,7,mh,5,#FFB6C1,81.1,28.0,5.0,無声破裂音の領域性・摩擦音による流体・気体性を反映し、Weight 3・Time 5・Flow 5のベクトル配置。,,5,5,5,8,COMPOUND(複合・異種)
ぽっつり,「ぽっつ」と一度だけ鮮やかに、あるいは滑らかに行われる動作・状態。,擬態語,テクスチャー・色・光,快,清音・半濁音,明るい・軽い・小,促音・「り」変化,pottsuɾi,pottsuɾi,0,3,4,5,4,7,5,381.0,3.39,6,2162.3,5.22,6,mh,5,#000000,0.0,0.0,0.0,無声破裂音の領域性・摩擦音による流体・気体性を反映し、Weight 3・Time 4・Flow 4のベクトル配置。,,5,5,5,8,COMPOUND(複合・異種)
ぽつり,「ぽつ」と一度だけ鮮やかに、あるいは滑らかに行われる動作・状態。,擬態語,テクスチャー・色・光,快,清音・半濁音,明るい・軽い・小,「り」変化,potsuɾi,potsuɾi,0,3,6,6,4,8,5,525.9,4.20,6,3363.8,5.97,6,mh,5,#FFFFFF,100.0,-0.0,0.0,無声破裂音の領域性・摩擦音による流体・気体性を反映し、Weight 3・Time 6・Flow 4のベクトル配置。,,4,6,0,0,RI(り単発)
ぽつりぽつり,「ぽつりぽつ」と一度だけ鮮やかに、あるいは滑らかに行われる動作・状態。,擬態語,テクスチャー・色・光,快,清音・半濁音,明るい・軽い・小,畳語・「り」変化,potsuɾipotsuɾi,potsuɾipotsuɾi,0,3,5,5,5,7,5,618.7,4.61,5,3533.2,6.06,6,0,4,#808080,53.6,-0.0,0.0,無声破裂音の領域性・摩擦音による流体・気体性を反映し、Weight 3・Time 5・Flow 5のベクトル配置。,,4,5,5,1,REDUP(畳語・同一)
ぽつん,「ぽつ」と響き渡る音、または余韻や弾力を伴う状態。,擬音語・擬態語,テクスチャー,中立,清音・半濁音,明るい・軽い・小,撥音,potsuŋ,potsuŋ,0,4,7,7,6,5,5,538.1,4.26,6,5027.0,6.65,7,0,4,#808080,53.6,-0.0,0.0,無声破裂音の領域性・摩擦音による流体・気体性を反映し、Weight 4・Time 7・Flow 6のベクトル配置。,,3,6,5,0,N(撥音単発)
ぽてぽて,「ぽて」という音や状態が繰り返し連続して生じるさま。,擬音語・擬態語,スピード・テンポ,中立,清音・半濁音,明るい・軽い・小,畳語,potepote,potepote,0,4,4,3,4,7,6,445.4,3.78,4,2196.5,5.25,6,0,4,#4B3621,24.5,6.4,16.8,無声破裂音の領域性を反映し、Weight 4・Time 4・Flow 4のベクトル配置。,,4,5,5,1,REDUP(畳語・同一)
ぽてり,「ぽて」と一度だけ鮮やかに、あるいは滑らかに行われる動作・状態。,擬態語,テクスチャー・色・光,快,清音・半濁音,明るい・軽い・小,「り」変化,poteɾi,poteɾi,0,3,5,5,4,8,5,503.6,4.09,6,3277.2,5.93,6,mh,5,#FFFFFF,100.0,-0.0,0.0,無声破裂音の領域性・弾き音/ɾ/による運動変化を反映し、Weight 3・Time 5・Flow 4のベクトル配置。,,4,6,0,0,RI(り単発)
ぽとっ,「ぽと」とする動作や現象が瞬間的・急激に行われる音や様子。,擬音語・擬態語,スピード・テンポ,中立,清音・半濁音,明るい・軽い・小,促音,potoʔ,potoʔ,0,4,7,6,6,6,4,536.0,4.25,8,7193.1,7.26,7,0,4,#000000,0.0,0.0,0.0,無声破裂音の領域性・促音による時間的突発性(Decay high)を反映し、Weight 4・Time 7・Flow 6のベクトル配置。,,2,5,0,0,Q(促音単発)
ぽとり,「ぽと」と一度だけ鮮やかに、あるいは滑らかに行われる動作・状態。,擬態語,テクスチャー・色・光,快,清音・半濁音,明るい・軽い・小,「り」変化,potoɾi,potoɾi,0,3,5,5,4,8,5,480.7,3.97,6,3134.6,5.85,6,mh,5,#FFFFFF,100.0,-0.0,0.0,無声破裂音の領域性・弾き音/ɾ/による運動変化を反映し、Weight 3・Time 5・Flow 4のベクトル配置。,,4,6,0,0,RI(り単発)
ぽとん,「ぽと」と響き渡る音、または余韻や弾力を伴う状態。,擬音語・擬態語,テクスチャー,中立,清音・半濁音,明るい・軽い・小,撥音,potoŋ,potoŋ,0,4,7,7,5,5,5,454.3,3.83,6,3959.6,6.25,7,0,4,#000000,0.0,0.0,0.0,無声破裂音の領域性・鼻音の共鳴と持続性を反映し、Weight 4・Time 7・Flow 5のベクトル配置。,,3,6,5,0,N(撥音単発)
ぽやぽや,「ぽや」という音や状態が繰り返し連続して生じるさま。,擬音語・擬態語,スピード・テンポ,中立,清音・半濁音,明るい・軽い・小,畳語,pojapoja,pojapoja,0,3,4,3,2,8,6,499.0,4.07,3,3505.6,6.04,5,mh,5,#D3D3D3,84.6,-0.0,0.0,無声破裂音の領域性を反映し、Weight 3・Time 4・Flow 2のベクトル配置。,,4,5,5,1,REDUP(畳語・同一)
ぽよよん,「ぽよよ」と響き渡る音、または余韻や弾力を伴う状態。,擬音語・擬態語,テクスチャー,中立,清音・半濁音,明るい・軽い・小,撥音,pojojoŋ,pojojoŋ,0,4,6,6,4,6,5,428.2,3.68,5,3481.5,6.03,6,0,4,#808080,53.6,-0.0,0.0,無声破裂音の領域性・鼻音の共鳴と持続性を反映し、Weight 4・Time 6・Flow 4のベクトル配置。,,3,6,5,0,N(撥音単発)
ぽりぽり,「ぽりぽ」と一度だけ鮮やかに、あるいは滑らかに行われる動作・状態。,擬態語,テクスチャー・色・光,快,清音・半濁音,明るい・軽い・小,畳語・「り」変化,poɾipoɾi,poɾipoɾi,0,3,5,5,4,7,4,653.7,4.75,5,4083.2,6.30,6,mh,5,#FFFFFF,100.0,-0.0,0.0,無声破裂音の領域性・弾き音/ɾ/による運動変化を反映し、Weight 3・Time 5・Flow 4のベクトル配置。,,4,5,5,1,REDUP(畳語・同一)
ぽろっ,「ぽろ」とする動作や現象が瞬間的・急激に行われる音や様子。,擬音語・擬態語,スピード・テンポ,中立,清音・半濁音,明るい・軽い・小,促音,poɾoʔ,poɾoʔ,0,4,7,6,5,7,4,535.4,4.25,7,6597.1,7.12,7,0,4,#000000,0.0,0.0,0.0,無声破裂音の領域性・弾き音/ɾ/による運動変化を反映し、Weight 4・Time 7・Flow 5のベクトル配置。,,2,5,0,0,Q(促音単発)
ぽろり,「ぽろ」と一度だけ鮮やかに、あるいは滑らかに行われる動作・状態。,擬態語,テクスチャー・色・光,快,清音・半濁音,明るい・軽い・小,「り」変化,poɾoɾi,poɾoɾi,0,3,5,5,3,8,5,501.9,4.08,5,3022.5,5.79,6,mh,5,#FFFFFF,100.0,-0.0,0.0,無声破裂音の領域性・弾き音/ɾ/による運動変化を反映し、Weight 3・Time 5・Flow 3のベクトル配置。,,4,6,0,0,RI(り単発)
ぽんっ,「ぽん」とする動作や現象が瞬間的・急激に行われる音や様子。,擬音語・擬態語,スピード・テンポ,中立,半濁音,明るい・軽い・小,促音・撥音,poŋʔ,poŋʔ,0,4,7,7,6,6,4,550.1,4.32,7,7701.6,7.38,7,mh,5,#000000,0.0,0.0,0.0,無声破裂音の領域性・鼻音の共鳴と持続性を反映し、Weight 4・Time 7・Flow 6のベクトル配置。,,2,5,0,0,Q(促音単発)
ぽんぽこ,「ぽんぽこ」という感覚・音・状態を表す表現。,擬音語・擬態語,その他,中立,清音・半濁音,明るい・軽い・小,撥音,pompoko,pompoko,0,3,5,5,3,7,5,325.9,2.99,5,2653.8,5.57,6,mh,5,#FFFFFF,100.0,-0.0,0.0,無声破裂音の領域性・鼻音の共鳴と持続性を反映し、Weight 3・Time 5・Flow 3のベクトル配置。,,5,5,5,8,COMPOUND(複合・異種)
ぽんぽこぽん,「ぽんぽこぽ」と響き渡る音、または余韻や弾力を伴う状態。,擬音語・擬態語,テクスチャー,中立,清音・半濁音,明るい・軽い・小,撥音,pompokopoŋ,pompokopoŋ,0,4,5,5,3,6,5,285.1,2.65,5,2754.5,5.63,6,mh,5,#FFFFFF,100.0,-0.0,0.0,無声破裂音の領域性・鼻音の共鳴と持続性を反映し、Weight 4・Time 5・Flow 3のベクトル配置。,,5,5,5,8,COMPOUND(複合・異種)
ぽんぽこりん,「ぽんぽこり」と響き渡る音、または余韻や弾力を伴う状態。,擬音語・擬態語,テクスチャー,中立,清音・半濁音,明るい・軽い・小,撥音,pompokoɾiŋ,pompokoɾiŋ,0,3,5,6,4,6,5,584.3,4.47,5,3306.1,5.94,6,mh,5,#FFFFFF,100.0,-0.0,0.0,無声破裂音の領域性・鼻音の共鳴と持続性を反映し、Weight 3・Time 5・Flow 4のベクトル配置。,,5,5,5,8,COMPOUND(複合・異種)
まざまざ,「まざ」という音や状態が繰り返し連続して生じるさま。,擬音語・擬態語,スピード・テンポ,中立,清音・濁音,暗い・重い・大,畳語,mazamaza,mazamaza,0,5,4,4,4,6,5,322.3,2.96,3,7638.8,7.37,6,0,4,#8B4513,37.5,26.4,41.0,濁音による質量感・鼻音の共鳴と持続性を反映し、Weight 5・Time 4・Flow 4のベクトル配置。,,4,5,5,1,REDUP(畳語・同一)
まったり,まろやかでゆったりしたさま。,擬態語,その他,中立,清音,明るい・軽い・小,促音・「り」変化,mattaɾi,mattaɾi,0,5,5,5,4,6,6,264.7,2.46,6,2690.0,5.59,6,0,4,#FFFFFF,100.0,-0.0,0.0,無声破裂音の領域性・鼻音の共鳴と持続性を反映し、Weight 5・Time 5・Flow 4のベクトル配置。,,5,5,5,8,COMPOUND(複合・異種)
みすみす,「みす」という音や状態が繰り返し連続して生じるさま。,擬音語・擬態語,スピード・テンポ,中立,清音,明るい・軽い・小,畳語,misumisu,misumisu,0,3,4,4,5,7,5,644.7,4.72,4,3985.3,6.26,5,0,4,#808080,53.6,-0.0,0.0,摩擦音による流体・気体性・鼻音の共鳴と持続性を反映し、Weight 3・Time 4・Flow 5のベクトル配置。,,4,5,5,1,REDUP(畳語・同一)
みっしり,「みっし」と一度だけ鮮やかに、あるいは滑らかに行われる動作・状態。,擬態語,テクスチャー・色・光,快,清音,明るい・軽い・小,促音・「り」変化,miɕɕiɾi,miɕɕiɾi,0,5,5,6,5,6,5,552.9,4.33,6,3603.4,6.09,7,0,4,#708090,52.8,-2.1,-10.6,摩擦音による流体・気体性・鼻音の共鳴と持続性を反映し、Weight 5・Time 5・Flow 5のベクトル配置。,,5,5,5,8,COMPOUND(複合・異種)
みりみり,「みりみ」と一度だけ鮮やかに、あるいは滑らかに行われる動作・状態。,擬態語,テクスチャー・色・光,快,清音,明るい・軽い・小,畳語・「り」変化,miɾimiɾi,miɾimiɾi,0,4,5,5,5,6,5,671.7,4.82,4,3966.2,6.25,7,mh,5,#FFFFFF,100.0,-0.0,0.0,鼻音の共鳴と持続性・弾き音/ɾ/による運動変化を反映し、Weight 4・Time 5・Flow 5のベクトル配置。,,4,5,5,1,REDUP(畳語・同一)
みんみん,「みんみ」と響き渡る音、または余韻や弾力を伴う状態。,擬音語・擬態語,テクスチャー,中立,清音,明るい・軽い・小,畳語・撥音,mimmiŋ,mimmiŋ,0,5,5,5,5,5,6,458.2,3.85,4,3484.7,6.03,7,0,4,#556B2F,42.2,-18.8,30.6,鼻音の共鳴と持続性を反映し、Weight 5・Time 5・Flow 5のベクトル配置。,,4,5,5,1,REDUP(畳語・同一)
むかっ,「むか」とする動作や現象が瞬間的・急激に行われる音や様子。,擬音語・擬態語,スピード・テンポ,中立,清音,明るい・軽い・小,促音,mukaʔ,mukaʔ,0,5,7,7,6,6,3,561.3,4.37,7,8130.6,7.47,8,mh,5,#000000,0.0,0.0,0.0,無声破裂音の領域性・鼻音の共鳴と持続性を反映し、Weight 5・Time 7・Flow 6のベクトル配置。,,2,5,0,0,Q(促音単発)
むくっ,「むく」とする動作や現象が瞬間的・急激に行われる音や様子。,擬音語・擬態語,スピード・テンポ,中立,清音,明るい・軽い・小,促音,mukuʔ,mukuʔ,0,4,7,6,7,6,4,409.3,3.57,7,6652.2,7.13,8,mh,5,#000000,0.0,0.0,0.0,無声破裂音の領域性・鼻音の共鳴と持続性を反映し、Weight 4・Time 7・Flow 7のベクトル配置。,,2,5,0,0,Q(促音単発)
むくり,「むく」と一度だけ鮮やかに、あるいは滑らかに行われる動作・状態。,擬態語,テクスチャー・色・光,快,清音,明るい・軽い・小,「り」変化,mukuɾi,mukuɾi,0,3,5,6,5,7,5,366.0,3.28,5,2637.0,5.56,6,mh,5,#FFFFFF,100.0,-0.0,0.0,無声破裂音の領域性・鼻音の共鳴と持続性を反映し、Weight 3・Time 5・Flow 5のベクトル配置。,,4,6,0,0,RI(り単発)
むざむざ,「むざ」という音や状態が繰り返し連続して生じるさま。,擬音語・擬態語,スピード・テンポ,中立,清音・濁音,暗い・重い・大,畳語,muzamuza,muzamuza,0,5,4,4,5,6,6,260.5,2.42,4,7201.9,7.27,7,0,4,#DAA520,70.8,8.5,68.8,濁音による質量感・鼻音の共鳴と持続性を反映し、Weight 5・Time 4・Flow 5のベクトル配置。,,4,5,5,1,REDUP(畳語・同一)
むしゃくしゃ,「むしゃくしゃ」という感覚・音・状態を表す表現。,擬音語・擬態語,その他,中立,清音,明るい・軽い・小,単発・その他,muɕakuɕa,muɕakuɕa,0,4,6,5,4,6,6,675.1,4.83,6,8176.1,7.48,7,mh,5,#D2B48C,75.0,5.0,24.4,無声破裂音の領域性・摩擦音による流体・気体性を反映し、Weight 4・Time 6・Flow 4のベクトル配置。,,5,5,0,8,COMPOUND(複合・異種)
むちゃくちゃ,「むちゃくちゃ」という感覚・音・状態を表す表現。,擬音語・擬態語,その他,中立,清音,明るい・軽い・小,単発・その他,mutɕakutɕa,mutɕakutɕa,0,4,6,5,5,6,7,727.5,5.02,6,6332.3,7.05,7,mh,5,#FF69B4,65.5,64.2,-10.6,無声破裂音の領域性・摩擦音による流体・気体性を反映し、Weight 4・Time 6・Flow 5のベクトル配置。,,5,5,0,8,COMPOUND(複合・異種)
むっく,「むっく」という感覚・音・状態を表す表現。,擬音語・擬態語,その他,中立,清音,明るい・軽い・小,促音,mukku,mukku,0,5,5,5,6,6,5,297.9,2.76,6,3224.2,5.90,7,mh,5,#FFFFFF,100.0,-0.0,0.0,無声破裂音の領域性・鼻音の共鳴と持続性を反映し、Weight 5・Time 5・Flow 6のベクトル配置。,,5,5,0,8,COMPOUND(複合・異種)
むっちり,「むっち」と一度だけ鮮やかに、あるいは滑らかに行われる動作・状態。,擬態語,テクスチャー・色・光,快,清音,明るい・軽い・小,促音・「り」変化,muttɕiɾi,muttɕiɾi,0,4,5,5,6,6,5,580.9,4.45,6,3058.8,5.81,7,mh,5,#708090,52.8,-2.1,-10.6,無声破裂音の領域性・摩擦音による流体・気体性を反映し、Weight 4・Time 5・Flow 6のベクトル配置。,,5,5,5,8,COMPOUND(複合・異種)
むつっ,「むつ」とする動作や現象が瞬間的・急激に行われる音や様子。,擬音語・擬態語,スピード・テンポ,中立,清音,明るい・軽い・小,促音,mutsuʔ,mutsuʔ,0,5,7,7,7,5,4,466.5,3.90,8,7075.5,7.23,8,mh,5,#000000,0.0,0.0,0.0,無声破裂音の領域性・摩擦音による流体・気体性を反映し、Weight 5・Time 7・Flow 7のベクトル配置。,,2,5,0,0,Q(促音単発)
むらむらっ,「むらむら」とする動作や現象が瞬間的・急激に行われる音や様子。,擬音語・擬態語,スピード・テンポ,中立,清音,明るい・軽い・小,促音,muɾamuɾaʔ,muɾamuɾaʔ,0,4,7,6,5,7,4,428.2,3.68,6,6548.3,7.10,7,mh,5,#FF00FF,60.3,98.2,-60.8,鼻音の共鳴と持続性・弾き音/ɾ/による運動変化を反映し、Weight 4・Time 7・Flow 5のベクトル配置。,,3,5,0,0,Q(促音単発)
むん,「む」と響き渡る音、または余韻や弾力を伴う状態。,擬音語・擬態語,テクスチャー,中立,清音,明るい・軽い・小,撥音,muŋ,muŋ,0,5,6,7,6,5,6,403.8,3.53,6,4443.5,6.44,7,0,4,#808080,53.6,-0.0,0.0,鼻音の共鳴と持続性を反映し、Weight 5・Time 6・Flow 6のベクトル配置。,,3,6,5,0,N(撥音単発)
むんず,「むんず」という感覚・音・状態を表す表現。,擬音語・擬態語,その他,中立,清音・濁音,暗い・重い・大,撥音,muŋzu,muŋzu,0,6,4,5,6,5,6,178.9,1.47,4,3054.6,5.81,8,mh,5,#FF8C00,69.5,36.8,75.5,濁音による質量感・鼻音の共鳴と持続性を反映し、Weight 6・Time 4・Flow 6のベクトル配置。,,5,5,5,8,COMPOUND(複合・異種)
むーっ,「むー」とする動作や現象が瞬間的・急激に行われる音や様子。,擬音語・擬態語,スピード・テンポ,中立,清音,明るい・軽い・小,促音・長音,muːʔ,muːʔ,0,4,4,5,6,6,4,767.0,5.16,4,6769.2,7.16,7,mh,5,#F0FFFF,98.9,-4.9,-1.7,鼻音の共鳴と持続性・促音による時間的突発性(Decay high)を反映し、Weight 4・Time 4・Flow 6のベクトル配置。,,2,6,5,0,LONG(長音ー)
めちゃくちゃ,「めちゃくちゃ」という感覚・音・状態を表す表現。,擬音語・擬態語,その他,中立,清音,明るい・軽い・小,単発・その他,metɕakutɕa,metɕakutɕa,0,4,6,5,4,6,6,803.0,5.27,6,7520.0,7.34,7,mh,5,#FF69B4,65.5,64.2,-10.6,無声破裂音の領域性・摩擦音による流体・気体性を反映し、Weight 4・Time 6・Flow 4のベクトル配置。,,5,5,0,8,COMPOUND(複合・異種)
めちゃめちゃ,「めちゃ」という音や状態が繰り返し連続して生じるさま。,擬音語・擬態語,スピード・テンポ,中立,清音,明るい・軽い・小,畳語,metɕametɕa,metɕametɕa,0,4,6,4,4,5,7,869.9,5.48,5,8269.2,7.50,7,0,4,#8B0000,28.1,51.0,41.3,無声破裂音の領域性・摩擦音による流体・気体性を反映し、Weight 4・Time 6・Flow 4のベクトル配置。,,4,5,5,1,REDUP(畳語・同一)
めりっ,「めり」とする動作や現象が瞬間的・急激に行われる音や様子。,擬音語・擬態語,スピード・テンポ,中立,清音,明るい・軽い・小,促音,meɾiʔ,meɾiʔ,0,4,7,7,7,5,3,760.3,5.14,7,8994.3,7.64,8,0,4,#000000,0.0,0.0,0.0,鼻音の共鳴と持続性・弾き音/ɾ/による運動変化を反映し、Weight 4・Time 7・Flow 7のベクトル配置。,,3,5,0,0,Q(促音単発)
もうもう,「もう」という音や状態が繰り返し連続して生じるさま。,擬音語・擬態語,スピード・テンポ,中立,清音,暗い・重い・大,畳語,moumou,moumou,0,4,3,3,4,7,6,315.9,2.91,3,1837.4,4.94,6,0,4,#BEBEBE,77.0,-0.0,0.0,鼻音の共鳴と持続性を反映し、Weight 4・Time 3・Flow 4のベクトル配置。,,4,5,5,1,REDUP(畳語・同一)
もがもが,「もが」という音や状態が繰り返し連続して生じるさま。,擬音語・擬態語,スピード・テンポ,中立,清音・濁音,暗い・重い・大,畳語,moɡamoɡa,moɡamoɡa,0,5,4,4,5,6,6,225.8,2.06,4,2745.0,5.63,7,0,4,#708090,52.8,-2.1,-10.6,濁音による質量感・鼻音の共鳴と持続性を反映し、Weight 5・Time 4・Flow 5のベクトル配置。,,4,5,5,1,REDUP(畳語・同一)
もこもこ,「もこ」という音や状態が繰り返し連続して生じるさま。,擬音語・擬態語,スピード・テンポ,中立,清音,明るい・軽い・小,畳語,mokomoko,mokomoko,0,4,5,4,4,6,5,314.1,2.90,4,2133.1,5.20,6,mh,5,#FFFFFF,100.0,-0.0,0.0,無声破裂音の領域性・鼻音の共鳴と持続性を反映し、Weight 4・Time 5・Flow 4のベクトル配置。,,4,5,5,1,REDUP(畳語・同一)
もさっ,「もさ」とする動作や現象が瞬間的・急激に行われる音や様子。,擬音語・擬態語,スピード・テンポ,中立,清音,明るい・軽い・小,促音,mosaʔ,mosaʔ,0,4,7,6,6,6,3,532.3,4.23,7,8141.9,7.47,7,0,4,#000000,0.0,0.0,0.0,摩擦音による流体・気体性・鼻音の共鳴と持続性を反映し、Weight 4・Time 7・Flow 6のベクトル配置。,,2,5,0,0,Q(促音単発)
もさもさ,「もさ」という音や状態が繰り返し連続して生じるさま。,擬音語・擬態語,スピード・テンポ,中立,清音,明るい・軽い・小,畳語,mosamosa,mosamosa,0,4,4,3,4,7,4,444.2,3.77,4,4420.6,6.44,5,0,4,#8B4513,37.5,26.4,41.0,摩擦音による流体・気体性・鼻音の共鳴と持続性を反映し、Weight 4・Time 4・Flow 4のベクトル配置。,,4,5,5,1,REDUP(畳語・同一)
もしゃもしゃ,「もしゃ」という音や状態が繰り返し連続して生じるさま。,擬音語・擬態語,スピード・テンポ,中立,清音,明るい・軽い・小,畳語,moɕamoɕa,moɕamoɕa,0,4,5,4,3,7,6,552.2,4.33,4,8404.0,7.53,7,0,4,#4682B4,52.5,-4.1,-32.2,摩擦音による流体・気体性・鼻音の共鳴と持続性を反映し、Weight 4・Time 5・Flow 3のベクトル配置。,,4,5,5,1,REDUP(畳語・同一)
もじゃもじゃ,「もじゃ」という音や状態が繰り返し連続して生じるさま。,擬音語・擬態語,スピード・テンポ,中立,清音・濁音,暗い・重い・大,畳語,modʑamodʑa,modʑamodʑa,0,5,4,4,4,6,6,294.0,2.73,4,5883.6,6.92,7,mh,5,#FFFACD,97.6,-5.4,22.2,濁音による質量感・鼻音の共鳴と持続性を反映し、Weight 5・Time 4・Flow 4のベクトル配置。,,4,5,5,1,REDUP(畳語・同一)
もそもそ,「もそ」という音や状態が繰り返し連続して生じるさま。,擬音語・擬態語,スピード・テンポ,中立,清音,明るい・軽い・小,畳語,mosomoso,mosomoso,0,3,4,2,5,7,4,503.7,4.09,4,2878.5,5.71,5,0,4,#708090,52.8,-2.1,-10.6,摩擦音による流体・気体性・鼻音の共鳴と持続性を反映し、Weight 3・Time 4・Flow 5のベクトル配置。,,4,5,5,1,REDUP(畳語・同一)
もちもち,柔らかく粘り強い弾力があるさま。,擬態語,テクスチャー,中立,清音,明るい・軽い・小,畳語,motɕimotɕi,motɕimotɕi,0,4,4,4,5,6,5,628.6,4.65,4,2458.3,5.44,6,0,4,#FFF5EE,97.1,2.2,4.6,無声破裂音の領域性・摩擦音による流体・気体性を反映し、Weight 4・Time 4・Flow 5のベクトル配置。,,4,5,5,1,REDUP(畳語・同一)
もっさり,「もっさ」と一度だけ鮮やかに、あるいは滑らかに行われる動作・状態。,擬態語,テクスチャー・色・光,快,清音,明るい・軽い・小,促音・「り」変化,mossaɾi,mossaɾi,0,4,5,5,4,7,4,401.0,3.52,6,3015.7,5.79,6,mh,5,#FFFFFF,100.0,-0.0,0.0,摩擦音による流体・気体性・鼻音の共鳴と持続性を反映し、Weight 4・Time 5・Flow 4のベクトル配置。,,5,5,5,8,COMPOUND(複合・異種)
もやっ,「もや」とする動作や現象が瞬間的・急激に行われる音や様子。,擬音語・擬態語,スピード・テンポ,中立,清音,明るい・軽い・小,促音,mojaʔ,mojaʔ,0,4,7,6,6,6,4,513.1,4.14,7,7387.3,7.31,7,0,4,#D3D3D3,84.6,-0.0,0.0,鼻音の共鳴と持続性・促音による時間的突発性(Decay high)を反映し、Weight 4・Time 7・Flow 6のベクトル配置。,,3,5,0,0,Q(促音単発)
もやーっ,「もやー」とする動作や現象が瞬間的・急激に行われる音や様子。,擬音語・擬態語,スピード・テンポ,中立,清音,明るい・軽い・小,促音・長音,mojaːʔ,mojaːʔ,0,4,4,5,5,7,4,771.0,5.17,4,6697.5,7.14,6,mh,5,#D3D3D3,84.6,-0.0,0.0,鼻音の共鳴と持続性・促音による時間的突発性(Decay high)を反映し、Weight 4・Time 4・Flow 5のベクトル配置。,,3,6,5,0,LONG(長音ー)
もわっ,「もわ」とする動作や現象が瞬間的・急激に行われる音や様子。,擬音語・擬態語,スピード・テンポ,中立,清音,明るい・軽い・小,促音,mowaʔ,mowaʔ,0,5,7,6,6,6,4,445.0,3.78,7,8372.0,7.52,7,mh,5,#000000,0.0,0.0,0.0,鼻音の共鳴と持続性・促音による時間的突発性(Decay high)を反映し、Weight 5・Time 7・Flow 6のベクトル配置。,,3,5,0,0,Q(促音単発)
もー,音が長く尾を引いて持続する音や状態。,擬音語・擬態語,スピード・テンポ,中立,清音,明るい・軽い・小,長音,moː,moː,0,4,2,4,4,7,5,791.0,5.24,1,4775.1,6.57,6,mh,5,#000000,0.0,0.0,0.0,鼻音の共鳴と持続性・長音による持続傾向を反映し、Weight 4・Time 2・Flow 4のベクトル配置。,,2,7,5,0,LONG(長音ー)
もーも,音が長く尾を引いて持続する音や状態。,擬音語・擬態語,スピード・テンポ,中立,清音,明るい・軽い・小,長音,moːmo,moːmo,0,4,2,4,4,7,5,666.6,4.80,1,4092.5,6.30,6,mh,5,#000000,0.0,0.0,0.0,鼻音の共鳴と持続性・長音による持続傾向を反映し、Weight 4・Time 2・Flow 4のベクトル配置。,,2,7,5,0,LONG(長音ー)
やきやき,「やき」という音や状態が繰り返し連続して生じるさま。,擬音語・擬態語,スピード・テンポ,中立,清音,明るい・軽い・小,畳語,jakijaki,jakijaki,0,3,6,5,4,6,4,937.4,5.67,5,6281.4,7.03,5,mh,5,#FF4500,57.6,67.8,69.0,無声破裂音の領域性を反映し、Weight 3・Time 6・Flow 4のベクトル配置。,,4,5,5,1,REDUP(畳語・同一)
やすやす,「やす」という音や状態が繰り返し連続して生じるさま。,擬音語・擬態語,スピード・テンポ,中立,清音,明るい・軽い・小,畳語,jasujasu,jasujasu,0,3,4,3,3,8,5,610.2,4.58,3,4192.0,6.35,4,0,4,#E6E6FA,91.8,3.7,-9.7,摩擦音による流体・気体性を反映し、Weight 3・Time 4・Flow 3のベクトル配置。,,4,5,5,1,REDUP(畳語・同一)
やっさもっさ,「やっさもっさ」という感覚・音・状態を表す表現。,擬音語・擬態語,その他,中立,清音,明るい・軽い・小,促音,jassamossa,jassamossa,0,3,7,6,4,7,3,723.7,5.01,7,8690.3,7.58,5,0,4,#FF4500,57.6,67.8,69.0,摩擦音による流体・気体性・鼻音の共鳴と持続性を反映し、Weight 3・Time 7・Flow 4のベクトル配置。,,3,5,0,0,Q(促音単発)
やはやは,「やは」という音や状態が繰り返し連続して生じるさま。,擬音語・擬態語,スピード・テンポ,中立,清音,明るい・軽い・小,畳語,jahajaha,jahajaha,0,3,5,3,2,7,5,563.6,4.38,3,4337.9,6.40,4,mh,5,#FFFF00,97.1,-21.6,94.5,摩擦音による流体・気体性を反映し、Weight 3・Time 5・Flow 2のベクトル配置。,,4,5,5,1,REDUP(畳語・同一)
やわやわ,「やわ」という音や状態が繰り返し連続して生じるさま。,擬音語・擬態語,スピード・テンポ,中立,清音,明るい・軽い・小,畳語,jawajawa,jawajawa,0,4,4,3,3,8,5,427.5,3.68,3,6412.8,7.07,5,mh,5,#DAA520,70.8,8.5,68.8,表現特有の音韻構造を反映し、Weight 4・Time 4・Flow 3のベクトル配置。,,4,5,5,1,REDUP(畳語・同一)
ゆっくり,「ゆっく」と一度だけ鮮やかに、あるいは滑らかに行われる動作・状態。,擬態語,テクスチャー・色・光,快,清音,明るい・軽い・小,促音・「り」変化,jukkuɾi,jukkuɾi,0,4,5,5,4,7,5,313.6,2.89,6,1810.1,4.92,6,mh,5,#8B4513,37.5,26.4,41.0,無声破裂音の領域性・弾き音/ɾ/による運動変化を反映し、Weight 4・Time 5・Flow 4のベクトル配置。,,5,5,5,8,COMPOUND(複合・異種)
ゆっさゆっさ,「ゆっさ」という音や状態が繰り返し連続して生じるさま。,擬音語・擬態語,スピード・テンポ,中立,清音,明るい・軽い・小,畳語・促音,jussajussa,jussajussa,0,4,5,4,2,7,4,567.4,4.39,4,5123.1,6.69,5,0,4,#8B4513,37.5,26.4,41.0,摩擦音による流体・気体性・促音による時間的突発性(Decay high)を反映し、Weight 4・Time 5・Flow 2のベクトル配置。,,4,5,5,1,REDUP(畳語・同一)
ゆっさり,「ゆっさ」と一度だけ鮮やかに、あるいは滑らかに行われる動作・状態。,擬態語,テクスチャー・色・光,快,清音,明るい・軽い・小,促音・「り」変化,jussaɾi,jussaɾi,0,3,5,5,3,8,4,427.6,3.68,5,2965.8,5.76,5,0,4,#DAA520,70.8,8.5,68.8,摩擦音による流体・気体性・弾き音/ɾ/による運動変化を反映し、Weight 3・Time 5・Flow 3のベクトル配置。,,5,5,5,8,COMPOUND(複合・異種)
ゆぶゆぶ,「ゆぶ」という音や状態が繰り返し連続して生じるさま。,擬音語・擬態語,スピード・テンポ,中立,清音・濁音,暗い・重い・大,畳語,jubujubu,jubujubu,0,5,4,3,3,7,7,228.5,2.09,3,3945.7,6.24,6,mc,3,#87CEEB,79.2,-14.8,-21.3,濁音による質量感を反映し、Weight 5・Time 4・Flow 3のベクトル配置。,,4,5,5,1,REDUP(畳語・同一)
ゆらっ,「ゆら」とする動作や現象が瞬間的・急激に行われる音や様子。,擬音語・擬態語,スピード・テンポ,中立,清音,明るい・軽い・小,促音,juɾaʔ,juɾaʔ,0,4,7,6,5,7,3,494.6,4.05,7,7342.2,7.30,6,0,4,#000000,0.0,0.0,0.0,弾き音/ɾ/による運動変化・促音による時間的突発性(Decay high)を反映し、Weight 4・Time 7・Flow 5のベクトル配置。,,3,5,0,0,Q(促音単発)
ゆらゆらっ,「ゆらゆら」とする動作や現象が瞬間的・急激に行われる音や様子。,擬音語・擬態語,スピード・テンポ,中立,清音,明るい・軽い・小,促音,juɾajuɾaʔ,juɾajuɾaʔ,0,4,6,5,4,7,4,449.4,3.80,6,6566.9,7.11,6,0,4,#FFFFFF,100.0,-0.0,0.0,弾き音/ɾ/による運動変化・促音による時間的突発性(Decay high)を反映し、Weight 4・Time 6・Flow 4のベクトル配置。,,3,5,0,0,Q(促音単発)
ゆらりゆらり,「ゆらりゆら」と一度だけ鮮やかに、あるいは滑らかに行われる動作・状態。,擬態語,テクスチャー・色・光,快,清音,明るい・軽い・小,畳語・「り」変化,juɾaɾijuɾaɾi,juɾaɾijuɾaɾi,0,2,4,4,2,8,4,470.9,3.92,4,2956.6,5.75,4,0,4,#FFFFFF,100.0,-0.0,0.0,弾き音/ɾ/による運動変化を反映し、Weight 2・Time 4・Flow 2のベクトル配置。,,4,5,5,1,REDUP(畳語・同一)
ゆるり,「ゆる」と一度だけ鮮やかに、あるいは滑らかに行われる動作・状態。,擬態語,テクスチャー・色・光,快,清音,明るい・軽い・小,「り」変化,juɾuɾi,juɾuɾi,0,3,5,5,4,8,5,400.7,3.51,5,2736.8,5.62,6,0,4,#F5F5DC,95.9,-4.2,12.0,弾き音/ɾ/による運動変化を反映し、Weight 3・Time 5・Flow 4のベクトル配置。,,4,6,0,0,RI(り単発)
ゆーらり,「ゆーら」と一度だけ鮮やかに、あるいは滑らかに行われる動作・状態。,擬態語,テクスチャー・色・光,快,清音,明るい・軽い・小,「り」変化・長音,juːɾaɾi,juːɾaɾi,0,2,5,5,3,8,4,528.1,4.21,4,3255.8,5.92,5,mh,5,#FFFFFF,100.0,-0.0,0.0,弾き音/ɾ/による運動変化・長音による持続傾向を反映し、Weight 2・Time 5・Flow 3のベクトル配置。,,4,6,0,0,RI(り単発)
よろり,「よろ」と一度だけ鮮やかに、あるいは滑らかに行われる動作・状態。,擬態語,テクスチャー・色・光,快,清音,明るい・軽い・小,「り」変化,joɾoɾi,joɾoɾi,0,3,5,5,4,8,5,417.1,3.62,5,2315.8,5.34,6,0,4,#FFFFFF,100.0,-0.0,0.0,弾き音/ɾ/による運動変化を反映し、Weight 3・Time 5・Flow 4のベクトル配置。,,4,6,0,0,RI(り単発)
よろりよろり,「よろりよろ」と一度だけ鮮やかに、あるいは滑らかに行われる動作・状態。,擬態語,テクスチャー・色・光,快,清音,明るい・軽い・小,畳語・「り」変化,joɾoɾijoɾoɾi,joɾoɾijoɾoɾi,0,3,4,3,3,8,5,461.4,3.87,4,1820.0,4.93,5,0,4,#A9A9A9,69.2,-0.0,0.0,弾き音/ɾ/による運動変化を反映し、Weight 3・Time 4・Flow 3のベクトル配置。,,4,5,5,1,REDUP(畳語・同一)
りりーん,「りりー」と響き渡る音、または余韻や弾力を伴う状態。,擬音語・擬態語,テクスチャー,中立,清音,明るい・軽い・小,撥音・長音,ɾiɾiːŋ,ɾiɾiːŋ,0,3,4,7,5,5,4,1286.5,6.47,3,7804.4,7.40,6,0,4,#F8D1A5,86.1,7.6,26.9,鼻音の共鳴と持続性・弾き音/ɾ/による運動変化を反映し、Weight 3・Time 4・Flow 5のベクトル配置。,,3,7,5,0,LONG(長音ー)
りん,「り」と響き渡る音、または余韻や弾力を伴う状態。,擬音語・擬態語,テクスチャー,中立,清音,明るい・軽い・小,撥音,ɾiŋ,ɾiŋ,0,4,7,7,5,4,4,1007.9,5.85,6,5805.3,6.90,7,mc,3,#808080,53.6,-0.0,0.0,鼻音の共鳴と持続性・弾き音/ɾ/による運動変化を反映し、Weight 4・Time 7・Flow 5のベクトル配置。,,3,6,5,0,N(撥音単発)
りーん,「りー」と響き渡る音、または余韻や弾力を伴う状態。,擬音語・擬態語,テクスチャー,中立,清音,明るい・軽い・小,撥音・長音,ɾiːŋ,ɾiːŋ,0,3,4,7,5,5,4,1186.5,6.26,2,7129.5,7.25,6,0,4,#FFFF00,97.1,-21.6,94.5,鼻音の共鳴と持続性・弾き音/ɾ/による運動変化を反映し、Weight 3・Time 4・Flow 5のベクトル配置。,,3,7,5,0,LONG(長音ー)
わさわさ,「わさ」という音や状態が繰り返し連続して生じるさま。,擬音語・擬態語,スピード・テンポ,中立,清音,明るい・軽い・小,畳語,wasawasa,wasawasa,0,3,5,3,2,8,3,545.3,4.29,4,8163.6,7.48,4,0,4,#D2B48C,75.0,5.0,24.4,摩擦音による流体・気体性を反映し、Weight 3・Time 5・Flow 2のベクトル配置。,,4,5,5,1,REDUP(畳語・同一)
わしわし,「わし」という音や状態が繰り返し連続して生じるさま。,擬音語・擬態語,スピード・テンポ,中立,清音,明るい・軽い・小,畳語,waɕiwaɕi,waɕiwaɕi,0,4,5,4,5,6,4,628.8,4.65,4,6880.3,7.19,6,0,4,#D2B48C,75.0,5.0,24.4,摩擦音による流体・気体性を反映し、Weight 4・Time 5・Flow 5のベクトル配置。,,4,5,5,1,REDUP(畳語・同一)
わっ,「わ」とする動作や現象が瞬間的・急激に行われる音や様子。,擬音語・擬態語,スピード・テンポ,中立,清音,明るい・軽い・小,促音,waʔ,waʔ,0,5,8,6,6,6,4,543.9,4.29,7,9936.0,7.81,7,mh,5,#000000,0.0,0.0,0.0,促音による時間的突発性(Decay high)を反映し、Weight 5・Time 8・Flow 6のベクトル配置。,,2,5,0,0,Q(促音単発)
わっさわっさ,「わっさ」という音や状態が繰り返し連続して生じるさま。,擬音語・擬態語,スピード・テンポ,中立,清音,明るい・軽い・小,畳語・促音,wassawassa,wassawassa,0,4,6,5,3,7,3,569.9,4.41,5,8311.7,7.51,5,0,4,#228B22,50.6,-49.6,45.0,摩擦音による流体・気体性・促音による時間的突発性(Decay high)を反映し、Weight 4・Time 6・Flow 3のベクトル配置。,,4,5,5,1,REDUP(畳語・同一)
わはは,「わはは」という感覚・音・状態を表す表現。,擬音語・擬態語,その他,中立,清音,明るい・軽い・小,単発・その他,wahaha,wahaha,0,4,5,4,3,7,5,428.5,3.68,4,5513.7,6.81,5,mh,5,#FFFF00,97.1,-21.6,94.5,摩擦音による流体・気体性を反映し、Weight 4・Time 5・Flow 3のベクトル配置。,,5,5,0,8,COMPOUND(複合・異種)
わはははは,「わはははは」という感覚・音・状態を表す表現。,擬音語・擬態語,その他,中立,清音,明るい・軽い・小,単発・その他,wahahahaha,wahahahaha,0,4,5,4,3,7,5,513.3,4.14,4,5540.4,6.82,5,mh,5,#FFFF00,97.1,-21.6,94.5,摩擦音による流体・気体性を反映し、Weight 4・Time 5・Flow 3のベクトル配置。,,4,5,0,8,COMPOUND(複合・異種)
わわーっ,「わわー」とする動作や現象が瞬間的・急激に行われる音や様子。,擬音語・擬態語,スピード・テンポ,中立,清音,明るい・軽い・小,促音・長音,wawaːʔ,wawaːʔ,0,4,5,5,5,7,4,706.8,4.95,4,9584.0,7.75,6,mh,5,#FF0000,53.2,80.1,67.2,促音による時間的突発性(Decay high)・長音による持続傾向を反映し、Weight 4・Time 5・Flow 5のベクトル配置。,,3,6,5,0,LONG(長音ー)
わん,「わ」と響き渡る音、または余韻や弾力を伴う状態。,擬音語・擬態語,テクスチャー,中立,清音,明るい・軽い・小,撥音,waŋ,waŋ,0,5,6,7,5,5,5,462.2,3.88,5,7546.0,7.34,7,0,4,#808080,53.6,-0.0,0.0,鼻音の共鳴と持続性を反映し、Weight 5・Time 6・Flow 5のベクトル配置。,,3,6,5,0,N(撥音単発)
わんさか,「わんさか」という感覚・音・状態を表す表現。,擬音語・擬態語,その他,中立,清音,明るい・軽い・小,撥音,waŋsaka,waŋsaka,0,4,5,5,3,7,4,475.9,3.95,5,7167.5,7.26,6,mh,5,#FFD700,86.9,-1.9,87.1,無声破裂音の領域性・摩擦音による流体・気体性を反映し、Weight 4・Time 5・Flow 3のベクトル配置。,,5,5,5,8,COMPOUND(複合・異種)
わんさわんさ,「わんさ」という音や状態が繰り返し連続して生じるさま。,擬音語・擬態語,スピード・テンポ,中立,清音,明るい・軽い・小,畳語・撥音,waŋsawaŋsa,waŋsawaŋsa,0,4,5,5,3,7,4,470.4,3.92,4,8585.7,7.56,6,mh,5,#FFD700,86.9,-1.9,87.1,摩擦音による流体・気体性・鼻音の共鳴と持続性を反映し、Weight 4・Time 5・Flow 3のベクトル配置。,,4,5,5,1,REDUP(畳語・同一)
わーっ,「わー」とする動作や現象が瞬間的・急激に行われる音や様子。,擬音語・擬態語,スピード・テンポ,中立,清音,明るい・軽い・小,促音・長音,waːʔ,waːʔ,0,4,5,5,5,7,4,765.6,5.15,4,8930.4,7.63,6,mh,5,#FF0000,53.2,80.1,67.2,促音による時間的突発性(Decay high)・長音による持続傾向を反映し、Weight 4・Time 5・Flow 5のベクトル配置。,,2,6,5,0,LONG(長音ー)
わーわー,「わー」という音や状態が繰り返し連続して生じるさま。,擬音語・擬態語,スピード・テンポ,中立,清音,明るい・軽い・小,畳語・長音,waːwaː,waːwaː,0,4,4,4,2,7,5,557.2,4.35,2,7598.2,7.36,6,mh,5,#1E90FF,59.4,10.0,-63.4,長音による持続傾向を反映し、Weight 4・Time 4・Flow 2のベクトル配置。,,4,5,5,1,REDUP(畳語・同一)
